ISO-10303-21;
HEADER;
FILE_DESCRIPTION (( 'STEP AP214' ),
    '1' );
FILE_NAME ('ThermallerBodyPart2.STEP',
    '2026-05-27T09:44:59',
    ( '' ),
    ( '' ),
    'SwSTEP 2.0',
    'SolidWorks 2025',
    '' );
FILE_SCHEMA (( 'AUTOMOTIVE_DESIGN' ));
ENDSEC;

DATA;
#1 = EDGE_CURVE ( 'NONE', #5339, #6358, #7652, .T. ) ;
#2 = EDGE_LOOP ( 'NONE', ( #987, #3183, #330, #6344, #44, #3154, #2774 ) ) ;
#3 = ORIENTED_EDGE ( 'NONE', *, *, #730, .F. ) ;
#4 = PLANE ( 'NONE',  #8357 ) ;
#5 = CARTESIAN_POINT ( 'NONE',  ( -17.71886704315976502, 21.86989190517742543, -45.29634816116374196 ) ) ;
#6 = ORIENTED_EDGE ( 'NONE', *, *, #5842, .T. ) ;
#7 = CARTESIAN_POINT ( 'NONE',  ( -14.73275594171942871, -13.29924981990973087, -21.47874372191179404 ) ) ;
#8 = B_SPLINE_SURFACE_WITH_KNOTS ( 'NONE', 1, 3, ( 
 ( #4150, #3508, #825, #5626, #5000, #7752, #4541, #1625, #4367, #3102, #5215, #7918, #7794, #455, #4491, #7089, #3018, #1795, #7875, #2429, #3689, #7261, #6498, #6419, #2385, #955, #8457, #3185, #2339, #5090, #5795, #5924, #7128, #8549, #7213, #1081, #8630, #1750 ),
 ( #8585, #3774, #5755, #2515, #285, #1121, #3822, #4449, #6586, #1664, #4411, #3865, #994, #3730, #6455, #5176, #417, #328, #3059, #7165, #1708, #8505, #5134, #7837, #371, #1033, #6545, #5845, #3143, #5886, #2468, #1353, #636, #2696, #4004, #6820, #3407, #685 ) ),
 .UNSPECIFIED., .F., .F., .F.,
 ( 2, 2 ),
 ( 4, 2, 2, 2, 2, 2, 2, 2, 2, 2, 2, 2, 2, 2, 2, 2, 2, 2, 4 ),
 ( 0.000000000000000000, 1.000000000000000000 ),
 ( 0.000000000000000000, 0.0002683331606091759634, 0.0004024997409137639451, 0.0005366663212183519268, 0.0006708329015229399627, 0.0008049994818275278902, 0.0009391660621321158177, 0.001073332642436703854, 0.001207499222741291890, 0.001341665803045879925, 0.001475832383350467961, 0.001609998963655055780, 0.001677082253807349582, 0.001744165543959643599, 0.001811248834111937617, 0.001878332124264231635, 0.001945415414416525653, 0.002012498704568819671, 0.002146665284873407707 ),
 .UNSPECIFIED. ) ;
#9 = CARTESIAN_POINT ( 'NONE',  ( -0.9999999999999991118, -136.9394358138791858, 22.44088499817747362 ) ) ;
#10 = ADVANCED_FACE ( 'NONE', ( #5737 ), #5022, .F. ) ;
#11 = CARTESIAN_POINT ( 'NONE',  ( -14.52318719154395410, -13.27550467409925439, -21.29634839370066146 ) ) ;
#12 = CARTESIAN_POINT ( 'NONE',  ( -3.154227438236711922, -99.94765143485837200, 10.12081695477789367 ) ) ;
#13 = DIRECTION ( 'NONE',  ( 0.6612218396123027420, 0.01470930497426036626, 0.7500462086877691670 ) ) ;
#14 = LINE ( 'NONE', #3366, #2367 ) ;
#15 = ORIENTED_EDGE ( 'NONE', *, *, #2637, .T. ) ;
#16 = VERTEX_POINT ( 'NONE', #4343 ) ;
#17 = ADVANCED_FACE ( 'NONE', ( #7064 ), #2552, .F. ) ;
#18 = CARTESIAN_POINT ( 'NONE',  ( -14.99999999999946887, -105.5743881820171595, 45.64472730334704664 ) ) ;
#19 = CARTESIAN_POINT ( 'NONE',  ( -9.099999999999999645, -48.80464589757340832, -3.203441189273091627 ) ) ;
#20 = ORIENTED_EDGE ( 'NONE', *, *, #6020, .T. ) ;
#21 = EDGE_CURVE ( 'NONE', #6942, #5624, #492, .T. ) ;
#22 = CARTESIAN_POINT ( 'NONE',  ( -10.89758854288269774, -15.63319521157902692, -44.29634816116370644 ) ) ;
#23 = CARTESIAN_POINT ( 'NONE',  ( 1.416871022632772133E-14, -117.2592027255993514, 42.67885948590387812 ) ) ;
#24 = EDGE_CURVE ( 'NONE', #8494, #7670, #5546, .T. ) ;
#25 = DIRECTION ( 'NONE',  ( 0.000000000000000000, -0.3420201433256735979, -0.9396926207859065405 ) ) ;
#26 = B_SPLINE_CURVE_WITH_KNOTS ( 'NONE', 3,
 ( #8443, #3882, #7736, #2574, #6603, #5315, #434, #1608, #7370, #1813 ),
 .UNSPECIFIED., .F., .F.,
 ( 4, 2, 2, 2, 4 ),
 ( 0.000000000000000000, 0.2500000000000000000, 0.5000000000000000000, 0.7500000000000000000, 1.000000000000000000 ),
 .UNSPECIFIED. ) ;
#27 = DIRECTION ( 'NONE',  ( 1.000000000000000000, 0.000000000000000000, 0.000000000000000000 ) ) ;
#28 = DIRECTION ( 'NONE',  ( -1.000000000000000000, -0.000000000000000000, -0.000000000000000000 ) ) ;
#29 = ORIENTED_EDGE ( 'NONE', *, *, #5180, .T. ) ;
#30 = CARTESIAN_POINT ( 'NONE',  ( 0.000000000000000000, -42.11065726885905747, 1.738856025306405817 ) ) ;
#31 = EDGE_CURVE ( 'NONE', #4070, #7312, #8490, .T. ) ;
#32 = CARTESIAN_POINT ( 'NONE',  ( -16.13301656481101176, -79.56730169770409589, 13.42871031883971078 ) ) ;
#33 = CARTESIAN_POINT ( 'NONE',  ( -14.86769199762497706, -39.74182205604856222, -20.37394827230435368 ) ) ;
#34 = B_SPLINE_CURVE_WITH_KNOTS ( 'NONE', 3,
 ( #6476, #1771, #7021, #4340, #6349, #349, #5693, #7768, #8396, #5818, #4467, #7060, #8524, #4386, #930, #7856 ),
 .UNSPECIFIED., .F., .F.,
 ( 4, 2, 2, 2, 2, 2, 2, 4 ),
 ( 0.000000000000000000, 0.06249999999999988898, 0.1250000000000000000, 0.2500000000000000000, 0.5000000000000000000, 0.7500000000000000000, 0.8750000000000000000, 1.000000000000000000 ),
 .UNSPECIFIED. ) ;
#35 = APPLICATION_PROTOCOL_DEFINITION ( 'draft international standard', 'automotive_design', 1998, #8376 ) ;
#36 = CARTESIAN_POINT ( 'NONE',  ( -11.89834508296779347, -14.91172566402991784, -43.94828448608327420 ) ) ;
#37 = EDGE_LOOP ( 'NONE', ( #7536, #7760, #4286, #4101 ) ) ;
#38 = ORIENTED_EDGE ( 'NONE', *, *, #2750, .T. ) ;
#39 = CARTESIAN_POINT ( 'NONE',  ( -15.00000000000000000, -128.2173125147739938, 36.94855746452621048 ) ) ;
#40 = CARTESIAN_POINT ( 'NONE',  ( -19.76657000559823274, -12.46246350426197580, -21.29634816116374907 ) ) ;
#41 = CARTESIAN_POINT ( 'NONE',  ( -5.999999999999998224, -50.75421148065240828, -11.74973828434730194 ) ) ;
#42 = LINE ( 'NONE', #2772, #3344 ) ;
#43 = DIRECTION ( 'NONE',  ( 0.000000000000000000, 0.9848077530122092416, -0.1736481776669233645 ) ) ;
#44 = ORIENTED_EDGE ( 'NONE', *, *, #8141, .T. ) ;
#45 = CARTESIAN_POINT ( 'NONE',  ( -5.999999999999998224, -48.42838073599382653, -12.48934260663897966 ) ) ;
#46 = LINE ( 'NONE', #4848, #6507 ) ;
#47 = ORIENTED_EDGE ( 'NONE', *, *, #714, .T. ) ;
#48 = ORIENTED_EDGE ( 'NONE', *, *, #3581, .F. ) ;
#49 = VECTOR ( 'NONE', #3181, 1000.000000000000000 ) ;
#50 = CARTESIAN_POINT ( 'NONE',  ( -10.11934043446934162, -68.73457365230237315, 30.15044965656466047 ) ) ;
#51 = CARTESIAN_POINT ( 'NONE',  ( -12.13420490080192238, -14.72716720648485911, -43.60163055454967918 ) ) ;
#52 = EDGE_LOOP ( 'NONE', ( #5479, #5557, #4298, #2084 ) ) ;
#53 = CARTESIAN_POINT ( 'NONE',  ( -14.64198691435714217, -12.34174494771268016, -20.34380995379473589 ) ) ;
#54 = ADVANCED_FACE ( 'NONE', ( #6846 ), #4366, .F. ) ;
#55 = CARTESIAN_POINT ( 'NONE',  ( -22.11783532216682246, -37.92025116928894590, 8.811065295818428567 ) ) ;
#56 = CARTESIAN_POINT ( 'NONE',  ( -15.00000000000000000, -120.1554226140695363, 31.84896853206123524 ) ) ;
#57 = CARTESIAN_POINT ( 'NONE',  ( -12.26537268658037760, 15.69705246787808939, -22.68138828553306396 ) ) ;
#58 = CARTESIAN_POINT ( 'NONE',  ( -22.45545788497047113, -47.58346557286798628, 11.70500561551367724 ) ) ;
#59 = CARTESIAN_POINT ( 'NONE',  ( -10.55000000000000071, 4.342918429551588133, -8.483015944477603654 ) ) ;
#60 = ORIENTED_EDGE ( 'NONE', *, *, #5503, .F. ) ;
#61 = CIRCLE ( 'NONE', #6488, 3.000000000000002665 ) ;
#62 = EDGE_LOOP ( 'NONE', ( #6244, #5241, #3586, #5509, #7905, #7349, #6284, #8216, #6847, #2608, #4788, #7435, #6065, #3867 ) ) ;
#63 = CARTESIAN_POINT ( 'NONE',  ( -15.02266812263367690, 14.17016959785902763, -21.39877966153461841 ) ) ;
#64 = LINE ( 'NONE', #19, #2354 ) ;
#65 = ORIENTED_EDGE ( 'NONE', *, *, #2173, .T. ) ;
#66 = PLANE ( 'NONE',  #2985 ) ;
#67 = CARTESIAN_POINT ( 'NONE',  ( -14.36816476452923474, -25.46246350426178751, -38.78094102822789324 ) ) ;
#68 = DIRECTION ( 'NONE',  ( 0.000000000000000000, 0.000000000000000000, -1.000000000000000000 ) ) ;
#69 = VECTOR ( 'NONE', #1543, 1000.000000000000000 ) ;
#70 = LINE ( 'NONE', #1548, #7814 ) ;
#71 = CARTESIAN_POINT ( 'NONE',  ( -5.302615664173624843, -88.51459565383586892, 39.54594837198466450 ) ) ;
#72 = AXIS2_PLACEMENT_3D ( 'NONE', #296, #3876, #7272 ) ;
#73 = ORIENTED_EDGE ( 'NONE', *, *, #8336, .F. ) ;
#74 = DIRECTION ( 'NONE',  ( 0.000000000000000000, -1.000000000000000000, -0.000000000000000000 ) ) ;
#75 = CARTESIAN_POINT ( 'NONE',  ( -15.00574950826100817, -53.62474686503443166, 21.96750807276138673 ) ) ;
#76 = ADVANCED_FACE ( 'NONE', ( #6929 ), #2273, .T. ) ;
#77 = CARTESIAN_POINT ( 'NONE',  ( -11.46379603209693698, -64.79892567709481455, -2.847914249785081786 ) ) ;
#78 = FACE_OUTER_BOUND ( 'NONE', #2, .T. ) ;
#79 = AXIS2_PLACEMENT_3D ( 'NONE', #6661, #532, #4931 ) ;
#80 = CARTESIAN_POINT ( 'NONE',  ( -22.92062076136672744, -50.42476109002995344, -3.202395112366214658 ) ) ;
#81 = AXIS2_PLACEMENT_3D ( 'NONE', #2048, #2280, #3532 ) ;
#82 = ORIENTED_EDGE ( 'NONE', *, *, #1, .T. ) ;
#83 = ORIENTED_EDGE ( 'NONE', *, *, #8153, .T. ) ;
#84 = LINE ( 'NONE', #1513, #8677 ) ;
#85 = CARTESIAN_POINT ( 'NONE',  ( -19.63921500495454353, -13.46476424399469707, -21.56068455648368243 ) ) ;
#86 = AXIS2_PLACEMENT_3D ( 'NONE', #1358, #4147, #5348 ) ;
#87 = CARTESIAN_POINT ( 'NONE',  ( -14.09999999999999964, -49.46863626127934310, -10.21764939810934791 ) ) ;
#88 = DIRECTION ( 'NONE',  ( -1.000000000000000000, -0.000000000000000000, -0.000000000000000000 ) ) ;
#89 = ORIENTED_EDGE ( 'NONE', *, *, #2818, .T. ) ;
#90 = DIRECTION ( 'NONE',  ( 0.000000000000000000, -0.7071067811865474617, -0.7071067811865474617 ) ) ;
#91 = CARTESIAN_POINT ( 'NONE',  ( -19.76755949805727397, -12.41798322288965295, -21.29634816116374907 ) ) ;
#92 = ORIENTED_EDGE ( 'NONE', *, *, #5666, .F. ) ;
#93 = ADVANCED_FACE ( 'NONE', ( #257 ), #3814, .F. ) ;
#94 = ORIENTED_EDGE ( 'NONE', *, *, #6753, .F. ) ;
#95 = CARTESIAN_POINT ( 'NONE',  ( -22.57685159709052058, 16.27876847833387686, -19.94554102552554653 ) ) ;
#96 = CARTESIAN_POINT ( 'NONE',  ( -11.85612506036301461, -14.94418030569702438, -43.98662737592994887 ) ) ;
#97 = ORIENTED_EDGE ( 'NONE', *, *, #3086, .F. ) ;
#98 = CARTESIAN_POINT ( 'NONE',  ( -15.00000000000000000, -95.29068009492405622, 21.31775069623687102 ) ) ;
#99 = CARTESIAN_POINT ( 'NONE',  ( -16.34755134989976710, -49.65129586987991672, 18.65458057740836750 ) ) ;
#100 = ORIENTED_EDGE ( 'NONE', *, *, #1243, .T. ) ;
#101 = CARTESIAN_POINT ( 'NONE',  ( -15.96288389736912805, -24.97051890061164059, -43.40582975763559404 ) ) ;
#102 = CARTESIAN_POINT ( 'NONE',  ( -12.63676831002820045, 15.38906052249568113, -21.81857015739235095 ) ) ;
#103 = CARTESIAN_POINT ( 'NONE',  ( -20.49776045245195277, -40.94676029316498500, 11.35060798541745619 ) ) ;
#104 = VECTOR ( 'NONE', #3706, 1000.000000000000000 ) ;
#105 = DIRECTION ( 'NONE',  ( 0.000000000000000000, 0.9848077530122093526, -0.1736481776669233090 ) ) ;
#106 = ORIENTED_EDGE ( 'NONE', *, *, #1585, .F. ) ;
#107 = VERTEX_POINT ( 'NONE', #5106 ) ;
#108 = CARTESIAN_POINT ( 'NONE',  ( -15.85086760509275550, 13.53753649573836704, -21.29634816116374907 ) ) ;
#109 = CARTESIAN_POINT ( 'NONE',  ( 23.44999999999999929, -59.22789547348781980, 26.69030177272813020 ) ) ;
#110 = EDGE_CURVE ( 'NONE', #7168, #1096, #4381, .T. ) ;
#111 = VERTEX_POINT ( 'NONE', #1048 ) ;
#112 = CARTESIAN_POINT ( 'NONE',  ( -7.624229428410303377, -74.24309977661310711, 1.583558352481951648 ) ) ;
#113 = CARTESIAN_POINT ( 'NONE',  ( 23.44999999999999929, -61.71939882608335637, -5.159668205671061436 ) ) ;
#114 = CARTESIAN_POINT ( 'NONE',  ( -14.09999999999999964, -49.46863626127934310, -10.21764939810934791 ) ) ;
#115 = CARTESIAN_POINT ( 'NONE',  ( -12.37589395306692097, -14.53190152362846632, -22.33447360710345109 ) ) ;
#116 = PLANE ( 'NONE',  #4984 ) ;
#117 = ORIENTED_EDGE ( 'NONE', *, *, #4625, .T. ) ;
#118 = CIRCLE ( 'NONE', #1257, 1.699999999999998401 ) ;
#119 = DIRECTION ( 'NONE',  ( 0.000000000000000000, 0.7660444431189817882, -0.6427876096865348110 ) ) ;
#120 = VECTOR ( 'NONE', #4463, 1000.000000000000000 ) ;
#121 = DIRECTION ( 'NONE',  ( -1.000000000000000000, 0.000000000000000000, 0.000000000000000000 ) ) ;
#122 = DIRECTION ( 'NONE',  ( 0.000000000000000000, 0.000000000000000000, -1.000000000000000000 ) ) ;
#123 = CARTESIAN_POINT ( 'NONE',  ( -12.81600561797618987, -14.46246350426196869, -43.29634816116376328 ) ) ;
#124 = ORIENTED_EDGE ( 'NONE', *, *, #1984, .T. ) ;
#125 = FACE_OUTER_BOUND ( 'NONE', #2792, .T. ) ;
#126 = VECTOR ( 'NONE', #2178, 1000.000000000000114 ) ;
#127 = EDGE_CURVE ( 'NONE', #6903, #3723, #6600, .T. ) ;
#128 = CARTESIAN_POINT ( 'NONE',  ( -12.75000000000000000, -116.1242084823501983, 39.94962174011556044 ) ) ;
#129 = CYLINDRICAL_SURFACE ( 'NONE', #1360, 1.699999999999994849 ) ;
#130 = CARTESIAN_POINT ( 'NONE',  ( -3.188798608406862911, -99.68960827893432963, 9.958714539438515700 ) ) ;
#131 = CARTESIAN_POINT ( 'NONE',  ( -20.06360471343078444, -53.08782734422462113, -9.441618583700174483 ) ) ;
#132 = EDGE_LOOP ( 'NONE', ( #6402, #38, #4740, #970 ) ) ;
#133 = LINE ( 'NONE', #2867, #1511 ) ;
#134 = EDGE_CURVE ( 'NONE', #7379, #5763, #3838, .T. ) ;
#135 = CARTESIAN_POINT ( 'NONE',  ( -12.22758573455973163, 15.72754252864999991, -22.86167427311793077 ) ) ;
#136 = ORIENTED_EDGE ( 'NONE', *, *, #595, .F. ) ;
#137 = ADVANCED_FACE ( 'NONE', ( #8563 ), #8603, .T. ) ;
#138 = EDGE_CURVE ( 'NONE', #4901, #1994, #385, .T. ) ;
#139 = CARTESIAN_POINT ( 'NONE',  ( -9.932741254112062990, -69.39972495225534033, 30.39254493103101140 ) ) ;
#140 = CARTESIAN_POINT ( 'NONE',  ( -12.14169325103823383, -14.72121049215024868, -43.58139259625534834 ) ) ;
#141 = VERTEX_POINT ( 'NONE', #1810 ) ;
#142 = CARTESIAN_POINT ( 'NONE',  ( -20.05017266217424066, 15.43538898500738377, -22.65191752063503827 ) ) ;
#143 = CARTESIAN_POINT ( 'NONE',  ( -15.02266812263365559, -13.09509660638263462, -21.39877966153462197 ) ) ;
#144 = EDGE_CURVE ( 'NONE', #7751, #912, #4555, .T. ) ;
#145 = CARTESIAN_POINT ( 'NONE',  ( -18.27856375581120218, -45.33072870743707483, 15.02919426492596244 ) ) ;
#146 = ORIENTED_EDGE ( 'NONE', *, *, #8754, .F. ) ;
#147 = CARTESIAN_POINT ( 'NONE',  ( -13.77268894321032988, -25.46246350426179816, -43.29634816116374907 ) ) ;
#148 = CARTESIAN_POINT ( 'NONE',  ( -12.94697864744254190, 15.46701794690598497, -22.76839199854702755 ) ) ;
#149 = CARTESIAN_POINT ( 'NONE',  ( -17.58521687315919735, -46.77252683224593710, 16.23900653968515329 ) ) ;
#150 = CARTESIAN_POINT ( 'NONE',  ( -1.300011015784769519, -124.4758996252395917, 18.76861490077999761 ) ) ;
#151 = VERTEX_POINT ( 'NONE', #3879 ) ;
#152 = ORIENTED_EDGE ( 'NONE', *, *, #4751, .T. ) ;
#153 = CARTESIAN_POINT ( 'NONE',  ( -15.65424499803761549, 13.69553330685066506, -21.30107458577697344 ) ) ;
#154 = CARTESIAN_POINT ( 'NONE',  ( -19.65137614678849332, -64.06520621715453956, 7.305742657561991038 ) ) ;
#155 = VERTEX_POINT ( 'NONE', #468 ) ;
#156 = CARTESIAN_POINT ( 'NONE',  ( -6.268209039612823830, -78.84451084266640919, 2.614600949103436545 ) ) ;
#157 = CARTESIAN_POINT ( 'NONE',  ( 0.000000000000000000, -34.71447329368038481, 6.121098262759037567 ) ) ;
#158 = LINE ( 'NONE', #7047, #7700 ) ;
#159 = CARTESIAN_POINT ( 'NONE',  ( -12.69799621922728150, -14.26172182574727998, -21.72577222148834508 ) ) ;
#160 = CARTESIAN_POINT ( 'NONE',  ( -15.33161286588522998, -32.97973345877191775, -23.95158913523130551 ) ) ;
#161 = ORIENTED_EDGE ( 'NONE', *, *, #8678, .F. ) ;
#162 = LINE ( 'NONE', #8386, #2932 ) ;
#163 = CARTESIAN_POINT ( 'NONE',  ( -19.39012495312962514, -14.19812710893264018, -22.29404742141695905 ) ) ;
#164 = CARTESIAN_POINT ( 'NONE',  ( 23.44999999999999929, -108.5812047599589505, 97.86232593933300450 ) ) ;
#165 = CARTESIAN_POINT ( 'NONE',  ( -12.55150489205134967, -14.87912871774864598, -44.51875604998687663 ) ) ;
#166 = ORIENTED_EDGE ( 'NONE', *, *, #8284, .T. ) ;
#167 = CARTESIAN_POINT ( 'NONE',  ( -1.042066753586174066, -122.5751048948816759, 49.85824699986882536 ) ) ;
#168 = CARTESIAN_POINT ( 'NONE',  ( -15.00000000000014921, -91.29339742901136390, 40.91484470063105761 ) ) ;
#169 = CARTESIAN_POINT ( 'NONE',  ( -6.000000000000000000, -121.0492985462398252, 26.41804800079848192 ) ) ;
#170 = ORIENTED_EDGE ( 'NONE', *, *, #1325, .F. ) ;
#171 = PLANE ( 'NONE',  #1072 ) ;
#172 = ADVANCED_FACE ( 'NONE', ( #3201 ), #1638, .F. ) ;
#173 = CARTESIAN_POINT ( 'NONE',  ( -12.46895110751318647, 15.53016839124775927, -22.11845563975744255 ) ) ;
#174 = VERTEX_POINT ( 'NONE', #969 ) ;
#175 = CARTESIAN_POINT ( 'NONE',  ( -22.40301463149664229, 17.60089995828667497, -21.55656289514453050 ) ) ;
#176 = DIRECTION ( 'NONE',  ( 1.000000000000000000, -0.000000000000000000, -0.000000000000000000 ) ) ;
#177 = ORIENTED_EDGE ( 'NONE', *, *, #6106, .F. ) ;
#178 = CARTESIAN_POINT ( 'NONE',  ( -15.15446435519397106, -13.00926178964012259, -21.38001435980581277 ) ) ;
#179 = AXIS2_PLACEMENT_3D ( 'NONE', #4662, #582, #6047 ) ;
#180 = ADVANCED_FACE ( 'NONE', ( #4423 ), #1007, .T. ) ;
#181 = EDGE_CURVE ( 'NONE', #1733, #5989, #5356, .T. ) ;
#182 = CARTESIAN_POINT ( 'NONE',  ( -11.65000000000000036, 0.5375364957381989495, -7.812024437645774810 ) ) ;
#183 = ORIENTED_EDGE ( 'NONE', *, *, #5408, .T. ) ;
#184 = CARTESIAN_POINT ( 'NONE',  ( -13.56071820946892181, -13.72750117371128553, -21.29633184644274735 ) ) ;
#185 = VECTOR ( 'NONE', #7148, 1000.000000000000000 ) ;
#186 = CARTESIAN_POINT ( 'NONE',  ( -12.52170085779511588, 15.48620423231834842, -22.01585102147872419 ) ) ;
#187 = DIRECTION ( 'NONE',  ( 0.000000000000000000, -0.7660444431189821213, 0.6427876096865343669 ) ) ;
#188 = FACE_OUTER_BOUND ( 'NONE', #62, .T. ) ;
#189 = ORIENTED_EDGE ( 'NONE', *, *, #4090, .T. ) ;
#190 = ORIENTED_EDGE ( 'NONE', *, *, #1984, .F. ) ;
#191 = DIRECTION ( 'NONE',  ( 1.000000000000000000, 0.000000000000000000, 0.000000000000000000 ) ) ;
#192 = CARTESIAN_POINT ( 'NONE',  ( -14.09999999999999964, -51.37579633631954579, -6.267618961749016115 ) ) ;
#193 = ORIENTED_EDGE ( 'NONE', *, *, #5568, .T. ) ;
#194 = CARTESIAN_POINT ( 'NONE',  ( -8.150000000000000355, -22.82182225824879751, -14.25357600088131171 ) ) ;
#195 = DIRECTION ( 'NONE',  ( 1.000000000000000000, -0.000000000000000000, -0.000000000000000000 ) ) ;
#196 = CYLINDRICAL_SURFACE ( 'NONE', #5849, 50.00000000000000000 ) ;
#197 = CARTESIAN_POINT ( 'NONE',  ( -4.439367970825990106, -93.24079248732583380, 41.78421159597368018 ) ) ;
#198 = CARTESIAN_POINT ( 'NONE',  ( -5.643570862251523934, -86.68158438632700324, 38.64296838367599207 ) ) ;
#199 = ORIENTED_EDGE ( 'NONE', *, *, #2107, .T. ) ;
#200 = VECTOR ( 'NONE', #5404, 1000.000000000000000 ) ;
#201 = VECTOR ( 'NONE', #6777, 1000.000000000000000 ) ;
#202 = PLANE ( 'NONE',  #5369 ) ;
#203 = EDGE_CURVE ( 'NONE', #6270, #6229, #8065, .T. ) ;
#204 = DIRECTION ( 'NONE',  ( 1.000000000000000000, 0.000000000000000000, 0.000000000000000000 ) ) ;
#205 = CARTESIAN_POINT ( 'NONE',  ( -14.09999999999999964, -60.98807338632791186, 24.90374818686796843 ) ) ;
#206 = VECTOR ( 'NONE', #8497, 1000.000000000000114 ) ;
#207 = CARTESIAN_POINT ( 'NONE',  ( -12.73931962740383739, -14.58472097525701550, -43.98616618133959122 ) ) ;
#208 = ORIENTED_EDGE ( 'NONE', *, *, #2489, .F. ) ;
#209 = DIRECTION ( 'NONE',  ( -1.000000000000000000, 0.000000000000000000, 0.000000000000000000 ) ) ;
#210 = AXIS2_PLACEMENT_3D ( 'NONE', #8788, #2676, #5423 ) ;
#211 = UNCERTAINTY_MEASURE_WITH_UNIT (LENGTH_MEASURE( 1.000000000000000082E-05 ), #465, 'distance_accuracy_value', 'NONE');
#212 = CARTESIAN_POINT ( 'NONE',  ( -5.473081414669242584, -87.60846477582181535, 39.09956920119689272 ) ) ;
#213 = DIRECTION ( 'NONE',  ( -1.000000000000000000, 0.000000000000000000, 0.000000000000000000 ) ) ;
#214 = LINE ( 'NONE', #3079, #4203 ) ;
#215 = ORIENTED_EDGE ( 'NONE', *, *, #1711, .T. ) ;
#216 = VECTOR ( 'NONE', #8747, 1000.000000000000000 ) ;
#217 = CARTESIAN_POINT ( 'NONE',  ( -1.300011015784769519, -124.4758996252395917, 18.76861490077999761 ) ) ;
#218 = CIRCLE ( 'NONE', #6091, 19.99999999999999645 ) ;
#219 = VERTEX_POINT ( 'NONE', #2572 ) ;
#220 = ORIENTED_EDGE ( 'NONE', *, *, #7167, .F. ) ;
#221 = EDGE_CURVE ( 'NONE', #1350, #6831, #8373, .T. ) ;
#222 = AXIS2_PLACEMENT_3D ( 'NONE', #5116, #1019, #5203 ) ;
#223 = VECTOR ( 'NONE', #7075, 1000.000000000000000 ) ;
#224 = CARTESIAN_POINT ( 'NONE',  ( -12.18351334678224873, -14.68783784563660788, -43.40945392336966790 ) ) ;
#225 = ORIENTED_EDGE ( 'NONE', *, *, #953, .T. ) ;
#226 = CARTESIAN_POINT ( 'NONE',  ( -20.35456303171942949, 13.79933192890375260, -21.30924019412722004 ) ) ;
#227 = CARTESIAN_POINT ( 'NONE',  ( -13.78035882360850373, -13.91845614629196781, -21.93031856948318747 ) ) ;
#228 = DIRECTION ( 'NONE',  ( -0.1251691050984282405, -3.582205033769464345E-16, 0.9921354217690540045 ) ) ;
#229 = VERTEX_POINT ( 'NONE', #7364 ) ;
#230 = VERTEX_POINT ( 'NONE', #1855 ) ;
#231 = CARTESIAN_POINT ( 'NONE',  ( -15.00000000000000178, -101.2175559630125861, 44.58371239902779593 ) ) ;
#232 = CARTESIAN_POINT ( 'NONE',  ( -12.20038454931439809, 15.74941200851223044, -23.04485031415797280 ) ) ;
#233 = EDGE_CURVE ( 'NONE', #7106, #4729, #484, .T. ) ;
#234 = LINE ( 'NONE', #5583, #7671 ) ;
#235 = AXIS2_PLACEMENT_3D ( 'NONE', #7843, #6552, #2476 ) ;
#236 = DIRECTION ( 'NONE',  ( 0.1251691050984282683, -1.376864485992742040E-15, -0.9921354217690540045 ) ) ;
#237 = ORIENTED_EDGE ( 'NONE', *, *, #2914, .F. ) ;
#238 = AXIS2_PLACEMENT_3D ( 'NONE', #4855, #2146, #5526 ) ;
#239 = ORIENTED_EDGE ( 'NONE', *, *, #6745, .F. ) ;
#240 = CARTESIAN_POINT ( 'NONE',  ( 41.21423633095623984, -48.42838073599382653, -8.489342606638979660 ) ) ;
#241 = DIRECTION ( 'NONE',  ( 0.000000000000000000, -0.6427876096865348110, -0.7660444431189818992 ) ) ;
#242 = ORIENTED_EDGE ( 'NONE', *, *, #444, .F. ) ;
#243 = EDGE_CURVE ( 'NONE', #797, #2387, #6161, .T. ) ;
#244 = CARTESIAN_POINT ( 'NONE',  ( -15.36421421055057124, -31.74791632362289207, -25.01916795971795082 ) ) ;
#245 = EDGE_CURVE ( 'NONE', #780, #7026, #1947, .T. ) ;
#246 = DIRECTION ( 'NONE',  ( -0.000000000000000000, 0.000000000000000000, -1.000000000000000000 ) ) ;
#247 = CARTESIAN_POINT ( 'NONE',  ( -4.579830425604016320, -92.44944968829911147, 41.43786031475899989 ) ) ;
#248 = CYLINDRICAL_SURFACE ( 'NONE', #8812, 3.000000000000001332 ) ;
#249 = ORIENTED_EDGE ( 'NONE', *, *, #6708, .T. ) ;
#250 = ADVANCED_FACE ( 'NONE', ( #3285 ), #2614, .T. ) ;
#251 = VECTOR ( 'NONE', #1514, 1000.000000000000000 ) ;
#252 = CARTESIAN_POINT ( 'NONE',  ( -10.07690565352383949, -52.47418028630455922, 21.02326185008634596 ) ) ;
#253 = AXIS2_PLACEMENT_3D ( 'NONE', #3242, #8688, #1366 ) ;
#254 = CARTESIAN_POINT ( 'NONE',  ( -7.560032480126914756, -77.55291381601071521, 34.14599283804264473 ) ) ;
#255 = CARTESIAN_POINT ( 'NONE',  ( -14.00000000000000000, 0.5375364957381987274, 53.36789795213030629 ) ) ;
#256 = ADVANCED_FACE ( 'NONE', ( #3968 ), #699, .T. ) ;
#257 = FACE_OUTER_BOUND ( 'NONE', #1605, .T. ) ;
#258 = ORIENTED_EDGE ( 'NONE', *, *, #1125, .T. ) ;
#259 = CARTESIAN_POINT ( 'NONE',  ( -1.055002252645400374, -122.1238203087441008, 49.72927226694071123 ) ) ;
#260 = CARTESIAN_POINT ( 'NONE',  ( -5.245833619642161771, -88.81139071693864651, 39.69215587619429186 ) ) ;
#261 = CIRCLE ( 'NONE', #6691, 1.000000000000000888 ) ;
#262 = DIRECTION ( 'NONE',  ( 0.000000000000000000, 0.3232551092554114547, 0.9463118589240399059 ) ) ;
#263 = CARTESIAN_POINT ( 'NONE',  ( 2.499999999999999781E-05, -14.46246350426196869, -45.29634816116375617 ) ) ;
#264 = CARTESIAN_POINT ( 'NONE',  ( -22.32446130952683561, -41.63219346573381330, -11.73481230405660369 ) ) ;
#265 = EDGE_LOOP ( 'NONE', ( #5322, #6143, #6954, #5746, #1540, #7833, #8399, #2263 ) ) ;
#266 = ORIENTED_EDGE ( 'NONE', *, *, #8141, .F. ) ;
#267 = CIRCLE ( 'NONE', #4857, 6.000000000000000000 ) ;
#268 = CARTESIAN_POINT ( 'NONE',  ( -16.61330088573947705, -14.68602359429067761, -44.24058853306512873 ) ) ;
#269 = CARTESIAN_POINT ( 'NONE',  ( -4.874736054602599289, -57.10528308197181246, 21.64570027454408674 ) ) ;
#270 = DIRECTION ( 'NONE',  ( 0.000000000000000000, -0.6427876096865405842, -0.7660444431189770143 ) ) ;
#271 = VERTEX_POINT ( 'NONE', #7412 ) ;
#272 = CARTESIAN_POINT ( 'NONE',  ( -12.81601314994191121, -14.46245756396695015, -23.21165421821664410 ) ) ;
#273 = CARTESIAN_POINT ( 'NONE',  ( -14.09999999999999964, -58.35475180145950702, -2.761313125745556096 ) ) ;
#274 = ORIENTED_EDGE ( 'NONE', *, *, #6435, .T. ) ;
#275 = ORIENTED_EDGE ( 'NONE', *, *, #1876, .F. ) ;
#276 = CARTESIAN_POINT ( 'NONE',  ( -15.00000000000073719, -99.40879584653981738, 44.06609979517247666 ) ) ;
#277 = CARTESIAN_POINT ( 'NONE',  ( 23.44999999999999929, -142.3727122354948165, 24.84663618706120047 ) ) ;
#278 = LINE ( 'NONE', #3816, #8619 ) ;
#279 = CARTESIAN_POINT ( 'NONE',  ( -23.45000000000000284, 29.59942153318570135, -6.336145902737857938 ) ) ;
#280 = CARTESIAN_POINT ( 'NONE',  ( -37.07224088444629473, -55.88670924954958963, -7.443061299447535362 ) ) ;
#281 = CARTESIAN_POINT ( 'NONE',  ( -12.81600530728580445, -14.46246394167478755, -43.34207902199230489 ) ) ;
#282 = EDGE_LOOP ( 'NONE', ( #4849, #5537, #225, #6012 ) ) ;
#283 = ORIENTED_EDGE ( 'NONE', *, *, #6056, .F. ) ;
#284 = PRODUCT_DEFINITION ( 'UNKNOWN', '', #1079, #6757 ) ;
#285 = CARTESIAN_POINT ( 'NONE',  ( -11.75109491692350971, 17.13299614947885274, -45.25570519745544118 ) ) ;
#286 = CARTESIAN_POINT ( 'NONE',  ( -20.22638469272323292, -66.13478374961526640, -1.925150763722896174 ) ) ;
#287 = ADVANCED_FACE ( 'NONE', ( #8730 ), #3915, .F. ) ;
#288 = ORIENTED_EDGE ( 'NONE', *, *, #7131, .F. ) ;
#289 = CARTESIAN_POINT ( 'NONE',  ( -21.33877923252559228, -26.99947691537427019, -22.12782628761063819 ) ) ;
#290 = LINE ( 'NONE', #3022, #2837 ) ;
#291 = CARTESIAN_POINT ( 'NONE',  ( -2.999999999999999556, -123.6640270959618277, 25.08174915276007155 ) ) ;
#292 = CARTESIAN_POINT ( 'NONE',  ( -13.00000000000000000, 0.5375364957381987274, -19.19634816116375831 ) ) ;
#293 = DIRECTION ( 'NONE',  ( 0.000000000000000000, -0.8419636576019617902, 0.5395342429146887664 ) ) ;
#294 = ORIENTED_EDGE ( 'NONE', *, *, #1928, .T. ) ;
#295 = ADVANCED_FACE ( 'NONE', ( #6694 ), #3423, .T. ) ;
#296 = CARTESIAN_POINT ( 'NONE',  ( -14.09999999999999964, -60.96200874009102222, 17.04943361583019623 ) ) ;
#297 = EDGE_CURVE ( 'NONE', #6327, #8208, #5312, .T. ) ;
#298 = DIRECTION ( 'NONE',  ( 0.000000000000000000, -1.000000000000000000, 0.000000000000000000 ) ) ;
#299 = CARTESIAN_POINT ( 'NONE',  ( -15.00000000000000178, -124.4758996252391086, 18.76861490077991945 ) ) ;
#300 = EDGE_CURVE ( 'NONE', #2144, #3658, #8017, .T. ) ;
#301 = CARTESIAN_POINT ( 'NONE',  ( -22.12634495711710869, -59.02940135076845252, -7.416844095075836307 ) ) ;
#302 = ORIENTED_EDGE ( 'NONE', *, *, #5617, .F. ) ;
#303 = CARTESIAN_POINT ( 'NONE',  ( -12.81600561797623428, 15.53753649573837059, -43.29634816116374196 ) ) ;
#304 = UNCERTAINTY_MEASURE_WITH_UNIT (LENGTH_MEASURE( 1.000000000000000082E-05 ), #3383, 'distance_accuracy_value', 'NONE');
#305 = DIRECTION ( 'NONE',  ( 0.3312945782245160786, -0.9435273723846276939, 0.000000000000000000 ) ) ;
#306 = EDGE_CURVE ( 'NONE', #3127, #2933, #8773, .T. ) ;
#307 = CARTESIAN_POINT ( 'NONE',  ( -15.00000000000000000, -85.69425140655457085, 39.10505939090129601 ) ) ;
#308 = CARTESIAN_POINT ( 'NONE',  ( -14.09999999999999964, -71.59936963466061854, 10.70197393397544872 ) ) ;
#309 = CARTESIAN_POINT ( 'NONE',  ( -22.57832631232297516, -44.98629952913750429, -9.131167436640712509 ) ) ;
#310 = CARTESIAN_POINT ( 'NONE',  ( -22.13301231538912361, -38.47424592615409011, -13.80913735994169578 ) ) ;
#311 = ORIENTED_EDGE ( 'NONE', *, *, #2459, .T. ) ;
#312 = B_SPLINE_CURVE_WITH_KNOTS ( 'NONE', 3,
 ( #2422, #1116, #3138, #3011, #3859, #448, #5877, #948, #3178, #7914, #2294, #1744, #1788, #3681 ),
 .UNSPECIFIED., .F., .F.,
 ( 4, 2, 2, 2, 2, 2, 4 ),
 ( 0.000000000000000000, 0.06250000000000022204, 0.1250000000000004441, 0.2500000000000001665, 0.3749999999999998890, 0.5000000000000003331, 1.000000000000000000 ),
 .UNSPECIFIED. ) ;
#313 = DIRECTION ( 'NONE',  ( -1.000000000000000000, -0.000000000000000000, -0.000000000000000000 ) ) ;
#314 = CARTESIAN_POINT ( 'NONE',  ( -14.99999999999999822, -98.78539539716099682, 32.35135956918998801 ) ) ;
#315 = ORIENTED_EDGE ( 'NONE', *, *, #7855, .F. ) ;
#316 = CARTESIAN_POINT ( 'NONE',  ( -20.20069504307910435, 15.12775134026966839, -22.07636796881983798 ) ) ;
#317 = CARTESIAN_POINT ( 'NONE',  ( -14.00655723923283524, -13.77509126195849021, -21.78701892038228749 ) ) ;
#318 = EDGE_CURVE ( 'NONE', #3322, #5785, #2664, .T. ) ;
#319 = CARTESIAN_POINT ( 'NONE',  ( -15.00000000000000000, -123.2101929245627048, 32.49341676896711562 ) ) ;
#320 = VERTEX_POINT ( 'NONE', #5406 ) ;
#321 = CARTESIAN_POINT ( 'NONE',  ( -15.74761452953088181, -22.74243160378317086, -45.29634816116374907 ) ) ;
#322 = CARTESIAN_POINT ( 'NONE',  ( -20.51267131955437861, 26.49090186258152002, -38.10765221481950249 ) ) ;
#323 = CARTESIAN_POINT ( 'NONE',  ( -1.924699869968417687, -110.1970676463216563, 46.77795688886038050 ) ) ;
#324 = DIRECTION ( 'NONE',  ( 1.000000000000000000, 0.000000000000000000, -0.000000000000000000 ) ) ;
#325 = ORIENTED_EDGE ( 'NONE', *, *, #1450, .F. ) ;
#326 = ADVANCED_FACE ( 'NONE', ( #4735 ), #7453, .T. ) ;
#327 = CARTESIAN_POINT ( 'NONE',  ( -21.58233437016577128, -29.18262992278107859, -19.81237174267825196 ) ) ;
#328 = CARTESIAN_POINT ( 'NONE',  ( -12.43553216281913443, 16.13257180562439785, -44.72122049299019153 ) ) ;
#329 = DIRECTION ( 'NONE',  ( -0.000000000000000000, 0.6427876096865340338, 0.7660444431189825654 ) ) ;
#330 = ORIENTED_EDGE ( 'NONE', *, *, #5178, .F. ) ;
#331 = CARTESIAN_POINT ( 'NONE',  ( -15.13042609943869365, -36.57326481955922759, -21.68199394706076788 ) ) ;
#332 = VECTOR ( 'NONE', #4212, 1000.000000000000114 ) ;
#333 = CARTESIAN_POINT ( 'NONE',  ( -17.25026958235656949, -24.48802737124515971, -39.97902487426551943 ) ) ;
#334 = LINE ( 'NONE', #1715, #5127 ) ;
#335 = CARTESIAN_POINT ( 'NONE',  ( -22.15604006939100401, -55.12860898311316049, -10.68999753207475045 ) ) ;
#336 = CARTESIAN_POINT ( 'NONE',  ( 23.44999999999999929, -79.63623670357654305, 2.727723340683080089 ) ) ;
#337 = ORIENTED_EDGE ( 'NONE', *, *, #2264, .T. ) ;
#338 = DIRECTION ( 'NONE',  ( 0.000000000000000000, 0.7660444431189789016, -0.6427876096865382527 ) ) ;
#339 = LINE ( 'NONE', #3115, #3507 ) ;
#340 = CARTESIAN_POINT ( 'NONE',  ( -13.71272609123246333, 14.73402840947025894, -21.29634270672593388 ) ) ;
#341 = DIRECTION ( 'NONE',  ( 0.000000000000000000, 0.6427876096865358102, 0.7660444431189809000 ) ) ;
#342 = B_SPLINE_CURVE_WITH_KNOTS ( 'NONE', 3,
 ( #6356, #5654, #6947, #764, #224, #2958, #3494, #8235, #5700, #140, #51, #6232, #2286, #5028, #6278, #938, #7738, #8312, #7657, #854, #1610, #7069, #3669, #96, #2827, #5870, #1110, #1830, #5164, #4475, #3090, #2370, #6442, #1149, #7952, #2501, #3851, #5741, #4436, #7904 ),
 .UNSPECIFIED., .F., .F.,
 ( 4, 2, 2, 2, 2, 2, 2, 2, 2, 2, 2, 2, 2, 2, 2, 2, 2, 2, 2, 4 ),
 ( 0.000000000000000000, 0.03125000000000000000, 0.06250000000000000000, 0.09375000000000000000, 0.1250000000000000000, 0.1562500000000000278, 0.1875000000000000000, 0.2187500000000000000, 0.2500000000000000000, 0.3125000000000000555, 0.3437500000000000555, 0.3750000000000000000, 0.4375000000000000000, 0.5000000000000000000, 0.5625000000000001110, 0.6250000000000001110, 0.6875000000000001110, 0.7500000000000000000, 0.8750000000000000000, 1.000000000000000000 ),
 .UNSPECIFIED. ) ;
#343 = ORIENTED_EDGE ( 'NONE', *, *, #8320, .T. ) ;
#344 = CARTESIAN_POINT ( 'NONE',  ( -19.24282796144103713, 23.68289027652415513, -43.52308096153043238 ) ) ;
#345 = LINE ( 'NONE', #5195, #5969 ) ;
#346 = EDGE_CURVE ( 'NONE', #3687, #5827, #4777, .T. ) ;
#347 = EDGE_CURVE ( 'NONE', #6397, #8264, #870, .T. ) ;
#348 = CARTESIAN_POINT ( 'NONE',  ( -16.54097315476971986, -14.46246350426197047, -43.47914183906084418 ) ) ;
#349 = CARTESIAN_POINT ( 'NONE',  ( -2.760315498218502750, -103.9113647349663978, 12.38677906987108202 ) ) ;
#350 = FACE_OUTER_BOUND ( 'NONE', #875, .T. ) ;
#351 = CARTESIAN_POINT ( 'NONE',  ( -21.33988387402061804, -41.73679847836159240, -19.52048308620652151 ) ) ;
#352 = VERTEX_POINT ( 'NONE', #6380 ) ;
#353 = LINE ( 'NONE', #7990, #1921 ) ;
#354 = CARTESIAN_POINT ( 'NONE',  ( -13.77268894321033166, -25.46246350426179816, -43.29634816116374907 ) ) ;
#355 = DIRECTION ( 'NONE',  ( 1.000000000000000000, 0.000000000000000000, 0.000000000000000000 ) ) ;
#356 = AXIS2_PLACEMENT_3D ( 'NONE', #3087, #5824, #4524 ) ;
#357 = ORIENTED_EDGE ( 'NONE', *, *, #1498, .F. ) ;
#358 = CARTESIAN_POINT ( 'NONE',  ( -16.28062958404298399, -70.30391459216485828, 30.72164304608996943 ) ) ;
#359 = CARTESIAN_POINT ( 'NONE',  ( -15.00000000000000000, -119.0806427352312653, 31.63023623260057704 ) ) ;
#360 = EDGE_CURVE ( 'NONE', #7852, #2514, #3232, .T. ) ;
#361 = VECTOR ( 'NONE', #6441, 999.9999999999998863 ) ;
#362 = ORIENTED_EDGE ( 'NONE', *, *, #4961, .T. ) ;
#363 = VECTOR ( 'NONE', #932, 999.9999999999998863 ) ;
#364 = CARTESIAN_POINT ( 'NONE',  ( -18.49577177231520864, -22.15605887579661371, -43.53244159541137748 ) ) ;
#365 = CARTESIAN_POINT ( 'NONE',  ( -14.09999999999999964, -64.84915466134815176, 21.62000213482803446 ) ) ;
#366 = DIRECTION ( 'NONE',  ( 0.000000000000000000, 0.000000000000000000, -1.000000000000000000 ) ) ;
#367 = DIRECTION ( 'NONE',  ( 0.000000000000000000, 0.000000000000000000, -1.000000000000000000 ) ) ;
#368 = CARTESIAN_POINT ( 'NONE',  ( -12.76434418698922890, -14.54495717110405373, -43.86643703134499361 ) ) ;
#369 = VERTEX_POINT ( 'NONE', #1455 ) ;
#370 = CARTESIAN_POINT ( 'NONE',  ( -20.54053491643164620, -22.64876700402871990, -29.22214586360158961 ) ) ;
#371 = CARTESIAN_POINT ( 'NONE',  ( -12.67944235142580034, 15.75442255173291706, -44.20303445517082963 ) ) ;
#372 = CARTESIAN_POINT ( 'NONE',  ( -12.67335791100572351, -61.71939882608343453, -5.159668205671016139 ) ) ;
#373 = ORIENTED_EDGE ( 'NONE', *, *, #3802, .F. ) ;
#374 = VECTOR ( 'NONE', #3997, 1000.000000000000000 ) ;
#375 = LINE ( 'NONE', #5800, #5982 ) ;
#376 = DIRECTION ( 'NONE',  ( 0.000000000000000000, 0.9848077530122094636, -0.1736481776669225319 ) ) ;
#377 = CARTESIAN_POINT ( 'NONE',  ( 0.000000000000000000, -12.01246350426180243, -16.46418557693210616 ) ) ;
#378 = CARTESIAN_POINT ( 'NONE',  ( -3.184081677783118191E-15, 0.5375364957382012809, -44.29634816116370644 ) ) ;
#379 = ORIENTED_EDGE ( 'NONE', *, *, #1254, .F. ) ;
#380 = VERTEX_POINT ( 'NONE', #4872 ) ;
#381 = LINE ( 'NONE', #4553, #490 ) ;
#382 = EDGE_CURVE ( 'NONE', #7056, #4729, #7542, .T. ) ;
#383 =( NAMED_UNIT ( * ) SI_UNIT ( $, .STERADIAN. ) SOLID_ANGLE_UNIT ( ) );
#384 = CARTESIAN_POINT ( 'NONE',  ( -14.41635655749376710, 14.40356482092989943, -21.29634954430681759 ) ) ;
#385 = LINE ( 'NONE', #5273, #2537 ) ;
#386 = ORIENTED_EDGE ( 'NONE', *, *, #8678, .T. ) ;
#387 = DIRECTION ( 'NONE',  ( 0.000000000000000000, 0.000000000000000000, -1.000000000000000000 ) ) ;
#388 = CARTESIAN_POINT ( 'NONE',  ( -5.999999999999998224, -49.46863626127934310, -10.21764939810934791 ) ) ;
#389 = FACE_OUTER_BOUND ( 'NONE', #6811, .T. ) ;
#390 = CARTESIAN_POINT ( 'NONE',  ( 0.000000000000000000, 0.000000000000000000, 0.000000000000000000 ) ) ;
#391 = VECTOR ( 'NONE', #6923, 1000.000000000000000 ) ;
#392 = CARTESIAN_POINT ( 'NONE',  ( -19.07373439495209411, -60.30780908359682968, 20.17558124092684224 ) ) ;
#393 = CARTESIAN_POINT ( 'NONE',  ( -21.58126821999131906, -47.15073728594647662, -16.65256031266149961 ) ) ;
#394 = VECTOR ( 'NONE', #2111, 1000.000000000000114 ) ;
#395 = VERTEX_POINT ( 'NONE', #2167 ) ;
#396 = B_SPLINE_CURVE_WITH_KNOTS ( 'NONE', 3,
 ( #4443, #1742, #3766, #4483, #7204, #5917, #7081, #3677 ),
 .UNSPECIFIED., .F., .F.,
 ( 4, 2, 2, 4 ),
 ( 0.000000000000000000, 0.2500000000000007772, 0.5000000000000000000, 1.000000000000000000 ),
 .UNSPECIFIED. ) ;
#397 = EDGE_CURVE ( 'NONE', #8186, #6970, #7107, .T. ) ;
#398 = AXIS2_PLACEMENT_3D ( 'NONE', #7268, #4499, #423 ) ;
#399 = DIRECTION ( 'NONE',  ( 0.000000000000000000, -0.9848077530122093526, 0.1736481776669229204 ) ) ;
#400 = DIRECTION ( 'NONE',  ( 1.000000000000000000, 0.000000000000000000, 0.000000000000000000 ) ) ;
#401 = LINE ( 'NONE', #7864, #7528 ) ;
#402 = VERTEX_POINT ( 'NONE', #8202 ) ;
#403 = EDGE_CURVE ( 'NONE', #3187, #7522, #830, .T. ) ;
#404 = FACE_BOUND ( 'NONE', #5114, .T. ) ;
#405 = DIRECTION ( 'NONE',  ( 0.000000000000000000, 0.9396926207859083169, -0.3420201433256687684 ) ) ;
#406 = VECTOR ( 'NONE', #3149, 1000.000000000000000 ) ;
#407 = EDGE_CURVE ( 'NONE', #5542, #3069, #7811, .T. ) ;
#408 = ADVANCED_FACE ( 'NONE', ( #6333 ), #4240, .T. ) ;
#409 = ORIENTED_EDGE ( 'NONE', *, *, #4293, .F. ) ;
#410 = CARTESIAN_POINT ( 'NONE',  ( -15.00000000000000000, -94.83578902281078626, 31.43931079701623688 ) ) ;
#411 = CARTESIAN_POINT ( 'NONE',  ( 0.000000000000000000, 0.000000000000000000, 0.000000000000000000 ) ) ;
#412 = CARTESIAN_POINT ( 'NONE',  ( -14.09999999999999964, -48.31161856384360931, -8.838769400495159800 ) ) ;
#413 = DIRECTION ( 'NONE',  ( 1.000000000000000000, -0.000000000000000000, 0.000000000000000000 ) ) ;
#414 = EDGE_CURVE ( 'NONE', #174, #2624, #8293, .T. ) ;
#415 = DIRECTION ( 'NONE',  ( -0.000000000000000000, -0.9848077530122092416, 0.1736481776669234756 ) ) ;
#416 = ORIENTED_EDGE ( 'NONE', *, *, #4905, .T. ) ;
#417 = CARTESIAN_POINT ( 'NONE',  ( -12.37319905831013145, 16.22731887565705833, -44.80878497588665965 ) ) ;
#418 = CARTESIAN_POINT ( 'NONE',  ( 23.44999999999999929, -67.51255360434782915, 29.70567073343264752 ) ) ;
#419 = ORIENTED_EDGE ( 'NONE', *, *, #2637, .F. ) ;
#420 = CARTESIAN_POINT ( 'NONE',  ( -21.10043669718260873, -34.86465142700241415, -22.63017261620133169 ) ) ;
#421 = CARTESIAN_POINT ( 'NONE',  ( -5.999999999999998224, -118.1062604575492401, 37.98143622131650687 ) ) ;
#422 = LINE ( 'NONE', #459, #3679 ) ;
#423 = DIRECTION ( 'NONE',  ( 3.523657060577907160E-15, -0.1736481776669230592, -0.9848077530122093526 ) ) ;
#424 = DIRECTION ( 'NONE',  ( 0.000000000000000000, 0.000000000000000000, -1.000000000000000000 ) ) ;
#425 = VERTEX_POINT ( 'NONE', #157 ) ;
#426 = ORIENTED_EDGE ( 'NONE', *, *, #3628, .F. ) ;
#427 = LINE ( 'NONE', #464, #5656 ) ;
#428 = CARTESIAN_POINT ( 'NONE',  ( -19.63921500495454353, -13.46476424399469707, -21.56068455648368243 ) ) ;
#429 = LINE ( 'NONE', #8516, #6935 ) ;
#430 = CARTESIAN_POINT ( 'NONE',  ( -22.93057108745913197, -54.36809388361213990, -11.32814547156903551 ) ) ;
#431 = ORIENTED_EDGE ( 'NONE', *, *, #4515, .F. ) ;
#432 = DIRECTION ( 'NONE',  ( 0.000000000000000000, 0.000000000000000000, 1.000000000000000000 ) ) ;
#433 = CARTESIAN_POINT ( 'NONE',  ( 0.000000000000000000, -40.09888980737421349, -18.18315442884076916 ) ) ;
#434 = CARTESIAN_POINT ( 'NONE',  ( -13.35365064939539437, -58.27056421687057508, 25.23737463463897512 ) ) ;
#435 = CARTESIAN_POINT ( 'NONE',  ( -14.08671972516099302, -56.15953520032756785, 23.85448877209421781 ) ) ;
#436 = CARTESIAN_POINT ( 'NONE',  ( -17.07877917401465240, -68.33085804966084709, 23.68869979721970154 ) ) ;
#437 =( BOUNDED_CURVE ( )  B_SPLINE_CURVE ( 2, ( #2726, #667, #5287 ),
 .UNSPECIFIED., .F., .F. ) 
 B_SPLINE_CURVE_WITH_KNOTS ( ( 3, 3 ),
 ( 0.000000000000000000, 1.000000000000000000 ),
 .UNSPECIFIED. ) 
 CURVE ( )  GEOMETRIC_REPRESENTATION_ITEM ( )  RATIONAL_B_SPLINE_CURVE ( ( 1.000000000000000000, 0.7118475365548615486, 1.000000000000000000 ) ) 
 REPRESENTATION_ITEM ( '' )  );
#438 = CARTESIAN_POINT ( 'NONE',  ( -14.10104408196431258, -52.34882212678864732, -13.00640099160777119 ) ) ;
#439 = ORIENTED_EDGE ( 'NONE', *, *, #569, .F. ) ;
#440 = CARTESIAN_POINT ( 'NONE',  ( -23.27571853493772025, 29.28424445235364715, -15.37238470648538602 ) ) ;
#441 = CARTESIAN_POINT ( 'NONE',  ( -15.06159595092400494, -96.00076880040548133, 7.844526438988566497 ) ) ;
#442 = LINE ( 'NONE', #6484, #7944 ) ;
#443 = ORIENTED_EDGE ( 'NONE', *, *, #7683, .F. ) ;
#444 = EDGE_CURVE ( 'NONE', #2193, #3620, #8378, .T. ) ;
#445 = CARTESIAN_POINT ( 'NONE',  ( 0.000000000000000000, -8.012463504261802427, -16.46418557693210616 ) ) ;
#446 = FACE_OUTER_BOUND ( 'NONE', #5625, .T. ) ;
#447 = CARTESIAN_POINT ( 'NONE',  ( -15.00000000000000000, -120.1554226140695363, 31.84896853206123524 ) ) ;
#448 = CARTESIAN_POINT ( 'NONE',  ( -16.44014904393909049, -77.47142042513961258, 12.96655332154484164 ) ) ;
#449 = PLANE ( 'NONE',  #1754 ) ;
#450 = DIRECTION ( 'NONE',  ( -1.000000000000000000, 0.000000000000000000, 0.000000000000000000 ) ) ;
#451 = LINE ( 'NONE', #8500, #506 ) ;
#452 = ORIENTED_EDGE ( 'NONE', *, *, #4434, .T. ) ;
#453 = ADVANCED_FACE ( 'NONE', ( #2259 ), #2212, .F. ) ;
#454 = CARTESIAN_POINT ( 'NONE',  ( -1.000000000064322769, -124.8107845826508253, 50.56052128564458314 ) ) ;
#455 = CARTESIAN_POINT ( 'NONE',  ( -11.64616886942903129, 16.17781561293961801, -44.12694149554782541 ) ) ;
#456 = LINE ( 'NONE', #5925, #3418 ) ;
#457 = ORIENTED_EDGE ( 'NONE', *, *, #1569, .T. ) ;
#458 = CARTESIAN_POINT ( 'NONE',  ( 0.000000000000000000, -73.09233890138293077, 52.29764770570957211 ) ) ;
#459 = CARTESIAN_POINT ( 'NONE',  ( 0.000000000000000000, 8.887536495738197928, -24.49634816116376257 ) ) ;
#460 = CARTESIAN_POINT ( 'NONE',  ( -16.35000000000000142, 0.5375364957381987274, -18.29634816116374907 ) ) ;
#461 = DIRECTION ( 'NONE',  ( 0.000000000000000000, 0.7330462071883311337, -0.6801788427515240709 ) ) ;
#462 = VERTEX_POINT ( 'NONE', #2890 ) ;
#463 = ORIENTED_EDGE ( 'NONE', *, *, #1153, .F. ) ;
#464 = CARTESIAN_POINT ( 'NONE',  ( -6.550000000000000711, 6.922105406916706727, 6.144280269648580095 ) ) ;
#465 =( LENGTH_UNIT ( ) NAMED_UNIT ( * ) SI_UNIT ( .MILLI., .METRE. ) );
#466 = CARTESIAN_POINT ( 'NONE',  ( -14.36992407391680260, 14.42632821719183234, -21.29634971092368900 ) ) ;
#467 = AXIS2_PLACEMENT_3D ( 'NONE', #2008, #6180, #4710 ) ;
#468 = CARTESIAN_POINT ( 'NONE',  ( -20.04495921916269552, 21.42720991145444742, -40.92204131283278201 ) ) ;
#469 = LINE ( 'NONE', #1097, #120 ) ;
#470 = PLANE ( 'NONE',  #2966 ) ;
#471 = CYLINDRICAL_SURFACE ( 'NONE', #7543, 6.149999999999993250 ) ;
#472 = AXIS2_PLACEMENT_3D ( 'NONE', #6620, #8838, #3946 ) ;
#473 = EDGE_CURVE ( 'NONE', #6744, #6228, #5630, .T. ) ;
#474 = CARTESIAN_POINT ( 'NONE',  ( -17.74275521260374688, -65.21668813167661938, 22.63342426952093689 ) ) ;
#475 = LINE ( 'NONE', #3207, #7215 ) ;
#476 = ADVANCED_FACE ( 'NONE', ( #4915 ), #5079, .F. ) ;
#477 = CARTESIAN_POINT ( 'NONE',  ( -9.099999999999999645, -46.25982028992389417, -5.338803418062269657 ) ) ;
#478 = CARTESIAN_POINT ( 'NONE',  ( -21.96536483574855936, -52.84824844704488811, -12.60344721684034042 ) ) ;
#479 = ORIENTED_EDGE ( 'NONE', *, *, #2278, .F. ) ;
#480 = CARTESIAN_POINT ( 'NONE',  ( -14.24999999999999822, 30.63728543497760270, -13.11942228818445599 ) ) ;
#481 = DIRECTION ( 'NONE',  ( -1.000000000000000000, 0.000000000000000000, 0.000000000000000000 ) ) ;
#482 = CARTESIAN_POINT ( 'NONE',  ( -12.19083461222122722, -14.68197569938395297, -23.29634816116374907 ) ) ;
#483 = ORIENTED_EDGE ( 'NONE', *, *, #4405, .T. ) ;
#484 =( BOUNDED_CURVE ( )  B_SPLINE_CURVE ( 2, ( #650, #6644, #517 ),
 .UNSPECIFIED., .F., .F. ) 
 B_SPLINE_CURVE_WITH_KNOTS ( ( 3, 3 ),
 ( 0.000000000000000000, 1.000000000000000000 ),
 .UNSPECIFIED. ) 
 CURVE ( )  GEOMETRIC_REPRESENTATION_ITEM ( )  RATIONAL_B_SPLINE_CURVE ( ( 1.000000000000000000, 0.7245165831765564279, 1.000000000000000000 ) ) 
 REPRESENTATION_ITEM ( '' )  );
#485 = DIRECTION ( 'NONE',  ( 0.000000000000000000, 0.000000000000000000, -1.000000000000000000 ) ) ;
#486 = CARTESIAN_POINT ( 'NONE',  ( -1.406703337988063351, -122.2705011474578640, 18.42123019163082631 ) ) ;
#487 = EDGE_CURVE ( 'NONE', #3665, #5218, #7282, .T. ) ;
#488 = VECTOR ( 'NONE', #6342, 1000.000000000000000 ) ;
#489 = VECTOR ( 'NONE', #3283, 1000.000000000000114 ) ;
#490 = VECTOR ( 'NONE', #3114, 1000.000000000000000 ) ;
#491 = CARTESIAN_POINT ( 'NONE',  ( 2.499999999999999781E-05, 17.53753649573836881, -43.29634816116374196 ) ) ;
#492 = B_SPLINE_CURVE_WITH_KNOTS ( 'NONE', 3,
 ( #1956, #8785, #3253, #2038, #6131, #1376, #2083, #5420, #4745, #3336, #2623, #6704, #1423, #8214, #2764, #4118, #5997, #4700 ),
 .UNSPECIFIED., .F., .F.,
 ( 4, 2, 2, 2, 2, 2, 2, 2, 4 ),
 ( 0.000000000000000000, 0.1250000000000001388, 0.2500000000000002776, 0.3749999999999998335, 0.5000000000000000000, 0.6250000000000001110, 0.7499999999999996669, 0.8749999999999998890, 1.000000000000000000 ),
 .UNSPECIFIED. ) ;
#493 = LINE ( 'NONE', #2511, #4346 ) ;
#494 = CARTESIAN_POINT ( 'NONE',  ( -19.65500521348566920, 18.78251068777593602, -43.54662542183139351 ) ) ;
#495 = LINE ( 'NONE', #6772, #6227 ) ;
#496 = ORIENTED_EDGE ( 'NONE', *, *, #4731, .T. ) ;
#497 = VECTOR ( 'NONE', #8641, 1000.000000000000114 ) ;
#498 = CARTESIAN_POINT ( 'NONE',  ( -14.89802290457634371, -13.18379333188623725, -21.43069403968375397 ) ) ;
#499 = LINE ( 'NONE', #6059, #4571 ) ;
#500 = AXIS2_PLACEMENT_3D ( 'NONE', #7771, #977, #4264 ) ;
#501 = ORIENTED_EDGE ( 'NONE', *, *, #3926, .T. ) ;
#502 = ORIENTED_EDGE ( 'NONE', *, *, #4023, .F. ) ;
#503 = B_SPLINE_CURVE_WITH_KNOTS ( 'NONE', 3,
 ( #2136, #4883, #882, #167, #259, #1597, #7017, #8303 ),
 .UNSPECIFIED., .F., .F.,
 ( 4, 2, 2, 4 ),
 ( 0.000000000000000000, 0.5000000000000009992, 0.7500000000000005551, 1.000000000000000000 ),
 .UNSPECIFIED. ) ;
#504 = EDGE_CURVE ( 'NONE', #3415, #5508, #1397, .T. ) ;
#505 = DIRECTION ( 'NONE',  ( -1.000000000000000000, 2.130626907000494790E-16, 2.115721018819838060E-16 ) ) ;
#506 = VECTOR ( 'NONE', #7162, 1000.000000000000000 ) ;
#507 = DIRECTION ( 'NONE',  ( -1.000000000000000000, -0.000000000000000000, -0.000000000000000000 ) ) ;
#508 = CARTESIAN_POINT ( 'NONE',  ( -15.23483103324572419, -34.97253510036847501, -22.56607999320911873 ) ) ;
#509 = DIRECTION ( 'NONE',  ( 0.000000000000000000, 0.9463118589240399059, -0.3232551092554114547 ) ) ;
#510 = ORIENTED_EDGE ( 'NONE', *, *, #3241, .T. ) ;
#511 = ORIENTED_EDGE ( 'NONE', *, *, #8571, .F. ) ;
#512 = CARTESIAN_POINT ( 'NONE',  ( -14.94898996956266402, -11.98576258088601598, -20.29496525183268218 ) ) ;
#513 = EDGE_CURVE ( 'NONE', #1942, #4225, #4846, .T. ) ;
#514 = CARTESIAN_POINT ( 'NONE',  ( -15.00000000000000000, -116.9644244636316728, 34.60436465446020549 ) ) ;
#515 = CARTESIAN_POINT ( 'NONE',  ( -23.12512302394080521, 27.48561279896629728, -17.57581319251599794 ) ) ;
#516 = ADVANCED_FACE ( 'NONE', ( #2999 ), #471, .F. ) ;
#517 = CARTESIAN_POINT ( 'NONE',  ( -12.67335791100572351, -61.71939882608335637, -5.159668205671061436 ) ) ;
#518 = FACE_BOUND ( 'NONE', #8471, .T. ) ;
#519 = DIRECTION ( 'NONE',  ( 0.000000000000000000, 0.1736481776669233368, 0.9848077530122093526 ) ) ;
#520 = CARTESIAN_POINT ( 'NONE',  ( -16.65989699118005518, -14.93058895767526728, -44.60045283763226109 ) ) ;
#521 = ORIENTED_EDGE ( 'NONE', *, *, #3256, .F. ) ;
#522 = DIRECTION ( 'NONE',  ( 0.000000000000000000, -0.000000000000000000, 1.000000000000000000 ) ) ;
#523 = CARTESIAN_POINT ( 'NONE',  ( -15.00000000000000000, -124.8077875786816406, 36.03959259557475292 ) ) ;
#524 = EDGE_CURVE ( 'NONE', #2820, #4070, #2803, .T. ) ;
#525 = CARTESIAN_POINT ( 'NONE',  ( -14.24999999999999822, 2.874200784847787737, -8.224041396673744231 ) ) ;
#526 = CARTESIAN_POINT ( 'NONE',  ( -14.66215633203754898, -42.05125991564100474, -19.37448778017641615 ) ) ;
#527 = CARTESIAN_POINT ( 'NONE',  ( -23.44999999999999929, -39.17011093630957674, -3.247518723442636812 ) ) ;
#528 = CARTESIAN_POINT ( 'NONE',  ( -12.04867804548370103, -14.79476802153760673, -43.76905446313162429 ) ) ;
#529 = VERTEX_POINT ( 'NONE', #3204 ) ;
#530 = CARTESIAN_POINT ( 'NONE',  ( -19.10247750561970292, 32.89468629325763516, -15.92299662170506380 ) ) ;
#531 = VECTOR ( 'NONE', #7010, 1000.000000000000000 ) ;
#532 = DIRECTION ( 'NONE',  ( 0.000000000000000000, 0.7071067811865524577, 0.7071067811865425767 ) ) ;
#533 = CARTESIAN_POINT ( 'NONE',  ( -15.00000000000000178, 0.5375364957381987274, -21.29634816116374907 ) ) ;
#534 = ORIENTED_EDGE ( 'NONE', *, *, #8435, .F. ) ;
#535 = CARTESIAN_POINT ( 'NONE',  ( -0.6364822827077688538, -36.03949254247616807, -21.95794015141694189 ) ) ;
#537 = VECTOR ( 'NONE', #1767, 1000.000000000000000 ) ;
#536 = CARTESIAN_POINT ( 'NONE',  ( -15.00000000000000000, -108.8134291148864179, 28.54255760778363893 ) ) ;
#538 = CARTESIAN_POINT ( 'NONE',  ( 0.000000000000000000, -61.22867425097130933, 3.148022431374176477 ) ) ;
#539 = CARTESIAN_POINT ( 'NONE',  ( -16.95537561911858049, 26.01762565713068298, -43.40873774572895627 ) ) ;
#540 = AXIS2_PLACEMENT_3D ( 'NONE', #7043, #1665, #7919 ) ;
#541 = CARTESIAN_POINT ( 'NONE',  ( -23.44999999999999929, -151.2816621467982827, 16.52077260404446690 ) ) ;
#542 = CARTESIAN_POINT ( 'NONE',  ( -20.03109244379698950, -53.10429720904697604, -9.465395826940611101 ) ) ;
#543 = CARTESIAN_POINT ( 'NONE',  ( -13.77268894321033521, -23.46246350426182303, -45.29634816116374907 ) ) ;
#544 = VERTEX_POINT ( 'NONE', #2488 ) ;
#545 = VECTOR ( 'NONE', #5094, 1000.000000000000114 ) ;
#546 = CARTESIAN_POINT ( 'NONE',  ( -13.92816563989168976, -13.82373730093683761, -21.83074034756345583 ) ) ;
#547 = LINE ( 'NONE', #3359, #6655 ) ;
#548 = CARTESIAN_POINT ( 'NONE',  ( -16.35000000000000142, 0.5375364957381987274, 53.36789795213029919 ) ) ;
#549 = AXIS2_PLACEMENT_3D ( 'NONE', #2901, #7645, #3481 ) ;
#550 = CARTESIAN_POINT ( 'NONE',  ( -0.9999999999999991118, -125.6822119262423740, 50.87769490003755379 ) ) ;
#551 = CARTESIAN_POINT ( 'NONE',  ( -12.19084177677407510, 15.75704021507349317, -23.16930724674310937 ) ) ;
#552 = CARTESIAN_POINT ( 'NONE',  ( -21.58334415447101051, -57.47830971295915248, 2.547588195108353215 ) ) ;
#553 = CARTESIAN_POINT ( 'NONE',  ( -6.550000000000000711, 6.922105406916706727, 6.144280269648580095 ) ) ;
#554 = ORIENTED_EDGE ( 'NONE', *, *, #7834, .T. ) ;
#555 = ORIENTED_EDGE ( 'NONE', *, *, #959, .F. ) ;
#556 = CARTESIAN_POINT ( 'NONE',  ( -14.25022771029945368, -12.77352434181591789, -20.46530208977118903 ) ) ;
#557 = EDGE_CURVE ( 'NONE', #2514, #3789, #26, .T. ) ;
#558 = CARTESIAN_POINT ( 'NONE',  ( -2.355553012885716502, -106.6350427107998371, 45.90474210673626487 ) ) ;
#559 = CARTESIAN_POINT ( 'NONE',  ( -20.04987738210151704, -57.40214594540177018, 18.16627184655438043 ) ) ;
#560 = ORIENTED_EDGE ( 'NONE', *, *, #8134, .F. ) ;
#561 = DIRECTION ( 'NONE',  ( -0.000000000000000000, 0.3232551092554115102, 0.9463118589240397949 ) ) ;
#562 = DIRECTION ( 'NONE',  ( -1.000000000000000000, 9.292156304918831372E-17, 2.552998962580734451E-16 ) ) ;
#563 = DIRECTION ( 'NONE',  ( 0.000000000000000000, -0.6427876096865184907, -0.7660444431189954440 ) ) ;
#564 = CARTESIAN_POINT ( 'NONE',  ( -12.81600561797623250, 15.53753649573836881, -23.29634816116374907 ) ) ;
#565 = CARTESIAN_POINT ( 'NONE',  ( -15.69456627889509548, 24.38000882927738289, -45.29634816116374196 ) ) ;
#566 = ORIENTED_EDGE ( 'NONE', *, *, #6435, .F. ) ;
#567 = EDGE_CURVE ( 'NONE', #4208, #320, #1059, .T. ) ;
#568 = FACE_OUTER_BOUND ( 'NONE', #1288, .T. ) ;
#569 = EDGE_CURVE ( 'NONE', #2820, #5483, #1085, .T. ) ;
#570 = CARTESIAN_POINT ( 'NONE',  ( -7.624229428410303377, -74.24309977661310711, 1.583558352481951648 ) ) ;
#571 = CARTESIAN_POINT ( 'NONE',  ( -14.79850822416574729, -40.56625607262336786, -20.03115030082838643 ) ) ;
#572 = DIRECTION ( 'NONE',  ( 1.000000000000000000, 0.000000000000000000, 0.000000000000000000 ) ) ;
#573 = CARTESIAN_POINT ( 'NONE',  ( -12.18624261015730426, -14.68565293906564584, -43.38705810466107238 ) ) ;
#574 = ORIENTED_EDGE ( 'NONE', *, *, #1711, .F. ) ;
#575 = VERTEX_POINT ( 'NONE', #3163 ) ;
#576 = CARTESIAN_POINT ( 'NONE',  ( -15.00000000000000000, -130.4704939328017872, 37.72199820903487932 ) ) ;
#577 = EDGE_CURVE ( 'NONE', #7751, #6899, #5051, .T. ) ;
#578 = CARTESIAN_POINT ( 'NONE',  ( -4.579830425604016320, -92.44944968829911147, 41.43786031475899989 ) ) ;
#579 = CARTESIAN_POINT ( 'NONE',  ( -16.07112645077709345, -84.21588693112404655, 3.427932704673028130 ) ) ;
#580 = CARTESIAN_POINT ( 'NONE',  ( -14.99999999999999822, -102.6120857302048108, 32.91477050087850387 ) ) ;
#581 = ORIENTED_EDGE ( 'NONE', *, *, #8581, .F. ) ;
#582 = DIRECTION ( 'NONE',  ( 0.000000000000000000, 0.1736481776669232813, 0.9848077530122092416 ) ) ;
#583 = CARTESIAN_POINT ( 'NONE',  ( -5.999999999999998224, -71.97364255504820107, 6.055478503969699666 ) ) ;
#584 = ORIENTED_EDGE ( 'NONE', *, *, #6366, .F. ) ;
#585 = CARTESIAN_POINT ( 'NONE',  ( -15.69456627889509548, 24.38000882927738289, -45.29634816116374196 ) ) ;
#586 = FACE_OUTER_BOUND ( 'NONE', #737, .T. ) ;
#587 = DIRECTION ( 'NONE',  ( -0.000000000000000000, 0.7617614198329730746, 0.6478576535428541838 ) ) ;
#588 = VERTEX_POINT ( 'NONE', #5069 ) ;
#589 = EDGE_CURVE ( 'NONE', #2820, #5349, #8115, .T. ) ;
#590 = CARTESIAN_POINT ( 'NONE',  ( -0.9999999999999991118, -142.3727122354947880, 24.84663618706118982 ) ) ;
#591 = DIRECTION ( 'NONE',  ( -0.000000000000000000, 0.6427876096865343669, 0.7660444431189822323 ) ) ;
#592 = ORIENTED_EDGE ( 'NONE', *, *, #589, .F. ) ;
#593 = CARTESIAN_POINT ( 'NONE',  ( -5.999999999999998224, -55.88670924954958252, -7.443061299447526480 ) ) ;
#594 = FACE_OUTER_BOUND ( 'NONE', #3112, .T. ) ;
#595 = EDGE_CURVE ( 'NONE', #3434, #8180, #785, .T. ) ;
#596 = DIRECTION ( 'NONE',  ( 0.000000000000000000, -0.9848077530122093526, 0.1736481776669229482 ) ) ;
#597 = CARTESIAN_POINT ( 'NONE',  ( -22.83101906800076364, -47.76978312703381135, -6.637430358678487963 ) ) ;
#598 = VERTEX_POINT ( 'NONE', #8257 ) ;
#599 = ORIENTED_EDGE ( 'NONE', *, *, #2453, .F. ) ;
#600 = CARTESIAN_POINT ( 'NONE',  ( -15.00000000000000000, -109.6456304575714569, 33.62392775959657598 ) ) ;
#601 = CARTESIAN_POINT ( 'NONE',  ( -5.999999999999998224, -6.012463504261799763, -11.42958778986839263 ) ) ;
#602 = EDGE_CURVE ( 'NONE', #2824, #2739, #6790, .T. ) ;
#603 = ORIENTED_EDGE ( 'NONE', *, *, #6209, .T. ) ;
#604 = DIRECTION ( 'NONE',  ( 0.000000000000000000, 0.9396926207859083169, -0.3420201433256693235 ) ) ;
#605 = CARTESIAN_POINT ( 'NONE',  ( -4.591666953301575482, 33.14500906015693715, -14.95384873433305550 ) ) ;
#606 = DIRECTION ( 'NONE',  ( 1.000000000000000000, 0.000000000000000000, -0.000000000000000000 ) ) ;
#607 = CARTESIAN_POINT ( 'NONE',  ( -3.265221404279694095, -98.79555518469611286, 9.397071408471980192 ) ) ;
#608 = ORIENTED_EDGE ( 'NONE', *, *, #4679, .F. ) ;
#609 = CARTESIAN_POINT ( 'NONE',  ( -12.17627295980915036, 16.52178260809836630, -45.02021160427765523 ) ) ;
#610 = CARTESIAN_POINT ( 'NONE',  ( -16.55023710294779704, -76.77903558517472504, 12.80496781111449067 ) ) ;
#611 = DIRECTION ( 'NONE',  ( -0.000000000000000000, -0.000000000000000000, -1.000000000000000000 ) ) ;
#612 = CARTESIAN_POINT ( 'NONE',  ( -1.000000000033595793, -135.9566462336888719, 22.00572451350948811 ) ) ;
#613 = CARTESIAN_POINT ( 'NONE',  ( -12.15520824362251240, -14.71044655678843505, -43.54011812569572015 ) ) ;
#614 = ORIENTED_EDGE ( 'NONE', *, *, #3967, .F. ) ;
#615 = VERTEX_POINT ( 'NONE', #4739 ) ;
#616 = CARTESIAN_POINT ( 'NONE',  ( -15.00000000000000000, -123.7899015295618028, 35.82288474055284411 ) ) ;
#617 = AXIS2_PLACEMENT_3D ( 'NONE', #4618, #7256, #1158 ) ;
#618 = EDGE_CURVE ( 'NONE', #7044, #4771, #2126, .T. ) ;
#619 = CARTESIAN_POINT ( 'NONE',  ( -3.234268097176418166, -100.4185535600890233, 44.33799359835592924 ) ) ;
#620 = DIRECTION ( 'NONE',  ( 0.000000000000000000, 0.1736481776669252519, 0.9848077530122090195 ) ) ;
#621 = CARTESIAN_POINT ( 'NONE',  ( 0.000000000000000000, -50.75421148065240828, -11.74973828434730194 ) ) ;
#622 = VERTEX_POINT ( 'NONE', #4199 ) ;
#623 = CARTESIAN_POINT ( 'NONE',  ( -14.70700594834913844, 24.53753649573820184, -45.29634816116374196 ) ) ;
#624 = CARTESIAN_POINT ( 'NONE',  ( 2.499999999999999781E-05, -14.46246350426197758, -23.29634816116374907 ) ) ;
#625 = EDGE_CURVE ( 'NONE', #4398, #3187, #966, .T. ) ;
#626 = ORIENTED_EDGE ( 'NONE', *, *, #1637, .F. ) ;
#627 = DIRECTION ( 'NONE',  ( 0.000000000000000000, -1.334402673828313339E-16, 1.000000000000000000 ) ) ;
#628 = CARTESIAN_POINT ( 'NONE',  ( -19.24282796144103713, 23.68289027652415513, -43.52308096153043238 ) ) ;
#629 = EDGE_CURVE ( 'NONE', #2719, #8798, #4406, .T. ) ;
#630 = VECTOR ( 'NONE', #7032, 1000.000000000000114 ) ;
#631 = DIRECTION ( 'NONE',  ( 0.000000000000000000, -0.9848077530122094636, 0.1736481776669225041 ) ) ;
#632 = CARTESIAN_POINT ( 'NONE',  ( -16.46912014385423007, -21.83383129951906554, -45.29634816116374907 ) ) ;
#633 = EDGE_LOOP ( 'NONE', ( #3007, #6596, #823, #3754 ) ) ;
#634 = EDGE_CURVE ( 'NONE', #2436, #6510, #8825, .T. ) ;
#635 = VECTOR ( 'NONE', #1384, 1000.000000000000114 ) ;
#636 = CARTESIAN_POINT ( 'NONE',  ( -12.78560622601699492, 15.58614471869439555, -43.73678952898141858 ) ) ;
#637 = CARTESIAN_POINT ( 'NONE',  ( -15.59936844847731585, -78.35241203225825757, 26.41712687293035344 ) ) ;
#638 = VECTOR ( 'NONE', #3965, 1000.000000000000000 ) ;
#639 = AXIS2_PLACEMENT_3D ( 'NONE', #5325, #2722, #6802 ) ;
#640 = CARTESIAN_POINT ( 'NONE',  ( -14.09999999999999964, -74.66354740713653371, 13.27312437272159151 ) ) ;
#641 = DIRECTION ( 'NONE',  ( -1.000000000000000000, -0.000000000000000000, -0.000000000000000000 ) ) ;
#642 = FACE_OUTER_BOUND ( 'NONE', #8046, .T. ) ;
#643 = CARTESIAN_POINT ( 'NONE',  ( -6.000000000000000000, -121.2461817701687323, 37.29111202456549279 ) ) ;
#644 = ORIENTED_EDGE ( 'NONE', *, *, #6020, .F. ) ;
#645 = ORIENTED_EDGE ( 'NONE', *, *, #4824, .T. ) ;
#646 = PRESENTATION_LAYER_ASSIGNMENT (  '', '', ( #5804 ) ) ;
#647 = CARTESIAN_POINT ( 'NONE',  ( -1.924683975967909744, -110.1970663609765921, 46.77795657377369309 ) ) ;
#648 = CARTESIAN_POINT ( 'NONE',  ( -3.341122348901145678, -57.69250488698833834, 22.08504400278873447 ) ) ;
#649 = EDGE_LOOP ( 'NONE', ( #8030, #750, #7363, #1737, #1071, #2410, #2941 ) ) ;
#650 = CARTESIAN_POINT ( 'NONE',  ( -21.58334415447101051, -57.47830971295915248, 2.547588195108353215 ) ) ;
#651 = B_SPLINE_SURFACE_WITH_KNOTS ( 'NONE', 1, 3, ( 
 ( #4223, #8684, #512, #6189, #53, #4012, #2525, #5977, #556, #725, #2783, #5528, #2831, #1225, #6904, #2568, #1173, #8726, #8280, #2150, #5269, #2106, #4858, #5351, #767, #2609, #7574, #3910, #4899, #8062, #5308, #3496, #6950, #1439, #8013, #1892, #813, #3544 ),
 ( #4637, #7359, #3962, #6686, #6025, #3049, #6282, #143, #1613, #3720, #6444, #6319, #7822, #3005, #5616, #1529, #317, #6404, #941, #2195, #5783, #5031, #4942, #897, #2875, #6994, #1697, #857, #3588, #4311, #4439, #5659, #7073, #5743, #8447, #7157, #272, #8406 ),
 ( #2289, #4274, #1023, #7660, #7781, #8316, #178, #7112, #2916, #8362, #8491, #2244, #4989, #7704, #3672, #1654, #5120, #2374, #2960, #227, #1574, #7033, #3627, #7741, #6360, #2325, #5705, #4353, #5073, #4395, #985, #7996, #3893, #6006, #4613, #7867, #7198, #6616 ) ),
 .UNSPECIFIED., .F., .F., .F.,
 ( 2, 1, 2 ),
 ( 4, 2, 2, 2, 2, 2, 2, 2, 2, 2, 2, 2, 2, 2, 2, 2, 2, 2, 4 ),
 ( 0.000000000000000000, 1.000000000000000000, 1.010000000000000009 ),
 ( 0.000000000000000000, 0.0007472589336809077557, 0.001120888400521361742, 0.001494517867361815511, 0.001681332600782042396, 0.001868147334202269498, 0.002241776801042723484, 0.002989035734723631023, 0.003175850468143857908, 0.003362665201564084792, 0.003736294668404538995, 0.004109924135244993199, 0.004483553602085446968, 0.004857183068925900737, 0.005043997802346127622, 0.005230812535766354507, 0.005417627269186581392, 0.005604442002606808276, 0.005978071469447262046 ),
 .UNSPECIFIED. ) ;
#652 = LINE ( 'NONE', #1231, #4852 ) ;
#653 = CARTESIAN_POINT ( 'NONE',  ( -11.99999999999999645, -119.4571793330561178, 36.63996838842680859 ) ) ;
#654 = CARTESIAN_POINT ( 'NONE',  ( -5.999999999999998224, -48.22832050784651869, -13.36834101309136891 ) ) ;
#655 = ORIENTED_EDGE ( 'NONE', *, *, #1522, .T. ) ;
#656 = EDGE_CURVE ( 'NONE', #1568, #4413, #6074, .T. ) ;
#657 = CARTESIAN_POINT ( 'NONE',  ( -11.75109491692350971, 17.13299614947885274, -45.25570519745544118 ) ) ;
#658 = CARTESIAN_POINT ( 'NONE',  ( -6.092390563098081024, -79.43774856569402232, 2.701520232530514765 ) ) ;
#659 = LINE ( 'NONE', #2763, #8346 ) ;
#660 = CARTESIAN_POINT ( 'NONE',  ( -14.99999999999860734, -125.0994654432774382, 18.86683625882076143 ) ) ;
#661 = CARTESIAN_POINT ( 'NONE',  ( -11.57808816850905664, -15.15320853066307016, -44.16020662755028070 ) ) ;
#662 = ORIENTED_EDGE ( 'NONE', *, *, #4468, .F. ) ;
#663 = ORIENTED_EDGE ( 'NONE', *, *, #487, .T. ) ;
#664 = CARTESIAN_POINT ( 'NONE',  ( -15.00000000000000000, -109.3281655742330116, 33.58559679586905133 ) ) ;
#665 = AXIS2_PLACEMENT_3D ( 'NONE', #1877, #4085, #8041 ) ;
#666 = PLANE ( 'NONE',  #1070 ) ;
#667 = CARTESIAN_POINT ( 'NONE',  ( -16.28062958404292360, -70.30391459216498617, 30.72164304609000851 ) ) ;
#668 = VERTEX_POINT ( 'NONE', #7416 ) ;
#669 = CYLINDRICAL_SURFACE ( 'NONE', #7756, 5.000000000000000888 ) ;
#670 = FACE_OUTER_BOUND ( 'NONE', #5589, .T. ) ;
#671 = EDGE_CURVE ( 'NONE', #6821, #2162, #1323, .T. ) ;
#672 = ORIENTED_EDGE ( 'NONE', *, *, #8552, .T. ) ;
#673 = ORIENTED_EDGE ( 'NONE', *, *, #4347, .F. ) ;
#674 =( BOUNDED_SURFACE ( )  B_SPLINE_SURFACE ( 2, 3, ( 
 ( #6137, #8305, #1515, #3438 ),
 ( #5469, #8836, #2725, #2138 ),
 ( #6427, #6981, #4169, #1428 ) ),
 .UNSPECIFIED., .F., .F., .F. ) 
 B_SPLINE_SURFACE_WITH_KNOTS ( ( 3, 3 ),
 ( 4, 4 ),
 ( 0.000000000000000000, 1.000000000000000000 ),
 ( 0.4308715094693860159, 0.4427366434403791629 ),
 .UNSPECIFIED. ) 
 GEOMETRIC_REPRESENTATION_ITEM ( )  RATIONAL_B_SPLINE_SURFACE ( (
 ( 1.000000000000000000, 1.000000000000000000, 1.000000000000000000, 1.000000000000000000),
 ( 0.7071067811865477948, 0.7072224849945694114, 0.7073497542356620427, 0.7074824807718570474),
 ( 1.000000000000000000, 1.000000000000000000, 1.000000000000000000, 1.000000000000000000) ) ) 
 REPRESENTATION_ITEM ( '' )  SURFACE ( )  );
#675 = CARTESIAN_POINT ( 'NONE',  ( -21.78518621768172281, -31.65364188932921863, -17.76878883833738598 ) ) ;
#676 = CARTESIAN_POINT ( 'NONE',  ( 0.000000000000000000, -4.921752535625713243, -7.255575130684863261 ) ) ;
#677 = EDGE_CURVE ( 'NONE', #8384, #894, #5548, .T. ) ;
#678 = CARTESIAN_POINT ( 'NONE',  ( -16.82593711089249311, 15.53753649573837059, -47.41913359310120768 ) ) ;
#679 = AXIS2_PLACEMENT_3D ( 'NONE', #8366, #4277, #860 ) ;
#680 = ORIENTED_EDGE ( 'NONE', *, *, #1713, .F. ) ;
#681 = EDGE_CURVE ( 'NONE', #5175, #6570, #6743, .T. ) ;
#682 = VECTOR ( 'NONE', #4288, 1000.000000000000000 ) ;
#683 = CARTESIAN_POINT ( 'NONE',  ( -12.89436615768721417, -14.42041486935124439, -22.88637491074265640 ) ) ;
#684 = EDGE_CURVE ( 'NONE', #2926, #6872, #3436, .T. ) ;
#685 = CARTESIAN_POINT ( 'NONE',  ( -12.81600561797623428, 15.53753649573837237, -43.29634816116374196 ) ) ;
#686 = VECTOR ( 'NONE', #6007, 1000.000000000000000 ) ;
#687 = ORIENTED_EDGE ( 'NONE', *, *, #7782, .T. ) ;
#688 = CARTESIAN_POINT ( 'NONE',  ( -13.91927589205811344, -13.56455779747703971, -21.29633484634592477 ) ) ;
#689 = EDGE_CURVE ( 'NONE', #151, #8417, #8160, .T. ) ;
#690 = CARTESIAN_POINT ( 'NONE',  ( -3.188798608406862911, -99.68960827893432963, 9.958714539438515700 ) ) ;
#691 = DIRECTION ( 'NONE',  ( 0.000000000000000000, -0.7660444431189812331, 0.6427876096865354771 ) ) ;
#692 = CARTESIAN_POINT ( 'NONE',  ( -6.550000000000000711, 4.342918429551586357, -8.483015944477601877 ) ) ;
#693 = ORIENTED_EDGE ( 'NONE', *, *, #7675, .T. ) ;
#694 = ORIENTED_EDGE ( 'NONE', *, *, #846, .F. ) ;
#695 = CARTESIAN_POINT ( 'NONE',  ( -14.99999999999973888, -108.3533491677275151, 46.32597739441337126 ) ) ;
#696 = DIRECTION ( 'NONE',  ( 1.000000000000000000, -0.000000000000000000, -0.000000000000000000 ) ) ;
#697 = VECTOR ( 'NONE', #6381, 1000.000000000000000 ) ;
#698 = ORIENTED_EDGE ( 'NONE', *, *, #414, .F. ) ;
#699 = PLANE ( 'NONE',  #7957 ) ;
#700 = CARTESIAN_POINT ( 'NONE',  ( -15.05359001427611965, -91.37188114468487754, 18.42777760891077321 ) ) ;
#701 = B_SPLINE_CURVE_WITH_KNOTS ( 'NONE', 1,
 ( #6975, #2897 ),
 .UNSPECIFIED., .F., .F.,
 ( 2, 2 ),
 ( 0.000000000000000000, 1.000000000000000000 ),
 .UNSPECIFIED. ) ;
#702 = CARTESIAN_POINT ( 'NONE',  ( -3.171510059732967068, -100.8392910601042729, 44.45673191537909474 ) ) ;
#703 = DIRECTION ( 'NONE',  ( 1.000000000000000000, 0.000000000000000000, 0.000000000000000000 ) ) ;
#704 = ORIENTED_EDGE ( 'NONE', *, *, #7027, .F. ) ;
#705 = CARTESIAN_POINT ( 'NONE',  ( -11.71469472019617797, 17.18380874983438034, -45.26548647669029179 ) ) ;
#706 = CARTESIAN_POINT ( 'NONE',  ( -17.49990361160889663, -76.07065567200618261, 2.125663406208967654 ) ) ;
#707 = CARTESIAN_POINT ( 'NONE',  ( -12.19083461222125031, -14.68197569938393521, -43.29634816116375617 ) ) ;
#708 = ORIENTED_EDGE ( 'NONE', *, *, #2634, .F. ) ;
#709 = ORIENTED_EDGE ( 'NONE', *, *, #7241, .T. ) ;
#710 = CARTESIAN_POINT ( 'NONE',  ( -4.934465383814631956, -90.38772566153639332, 40.46869169737222194 ) ) ;
#711 = CYLINDRICAL_SURFACE ( 'NONE', #7253, 19.50000000000007816 ) ;
#712 = DIRECTION ( 'NONE',  ( 1.000000000000000000, -0.000000000000000000, -0.000000000000000000 ) ) ;
#713 = CARTESIAN_POINT ( 'NONE',  ( -5.999999999999998224, -119.4571793330561462, 36.63996838842681569 ) ) ;
#714 = EDGE_CURVE ( 'NONE', #8456, #4256, #3330, .T. ) ;
#715 = LINE ( 'NONE', #6178, #7052 ) ;
#716 = ORIENTED_EDGE ( 'NONE', *, *, #181, .T. ) ;
#717 = CARTESIAN_POINT ( 'NONE',  ( -15.00455547365310593, -93.49724588894035548, 20.00814953026694454 ) ) ;
#718 = LINE ( 'NONE', #2633, #2649 ) ;
#719 = ORIENTED_EDGE ( 'NONE', *, *, #5180, .F. ) ;
#720 = EDGE_LOOP ( 'NONE', ( #4283, #1181, #1726, #3345 ) ) ;
#721 = CARTESIAN_POINT ( 'NONE',  ( -22.64099267454290754, 14.67346237518273355, -19.15407695920674769 ) ) ;
#722 = EDGE_CURVE ( 'NONE', #7259, #8587, #2575, .T. ) ;
#723 = CARTESIAN_POINT ( 'NONE',  ( -15.03938884086461414, 26.53755980622370458, -43.31296303357196109 ) ) ;
#724 = ORIENTED_EDGE ( 'NONE', *, *, #2882, .F. ) ;
#725 = CARTESIAN_POINT ( 'NONE',  ( -14.17129007996160439, -12.85753167294679322, -20.49786697894400689 ) ) ;
#726 = LINE ( 'NONE', #6995, #4095 ) ;
#727 =( BOUNDED_CURVE ( )  B_SPLINE_CURVE ( 2, ( #8291, #4958, #5540 ),
 .UNSPECIFIED., .F., .F. ) 
 B_SPLINE_CURVE_WITH_KNOTS ( ( 3, 3 ),
 ( 0.000000000000000000, 1.000000000000000000 ),
 .UNSPECIFIED. ) 
 CURVE ( )  GEOMETRIC_REPRESENTATION_ITEM ( )  RATIONAL_B_SPLINE_CURVE ( ( 1.000000000000000000, 0.6947465906068648334, 1.000000000000000000 ) ) 
 REPRESENTATION_ITEM ( '' )  );
#728 = CARTESIAN_POINT ( 'NONE',  ( -8.657851095430727284, -73.39533097835840181, 32.09787989477761272 ) ) ;
#729 = CARTESIAN_POINT ( 'NONE',  ( -12.89256779264292696, 15.16765008446191310, -21.46765821339138824 ) ) ;
#730 = EDGE_CURVE ( 'NONE', #4654, #8297, #6279, .T. ) ;
#731 = CARTESIAN_POINT ( 'NONE',  ( -23.44999999999999929, -34.75827009701470871, 6.157848144283614822 ) ) ;
#732 = CARTESIAN_POINT ( 'NONE',  ( -14.09999999999999964, -62.04926373077444168, 10.25984587044788832 ) ) ;
#733 = ORIENTED_EDGE ( 'NONE', *, *, #5385, .T. ) ;
#734 = EDGE_LOOP ( 'NONE', ( #7636, #3764, #4661, #2571, #5586, #4882 ) ) ;
#735 = CARTESIAN_POINT ( 'NONE',  ( -14.98100861851864884, 14.19998939043530406, -21.40898411356889497 ) ) ;
#736 = CARTESIAN_POINT ( 'NONE',  ( -19.42708428922152564, -68.61108235353641760, -0.5440815568259785850 ) ) ;
#737 = EDGE_LOOP ( 'NONE', ( #7022, #1240, #756, #6877 ) ) ;
#738 = CARTESIAN_POINT ( 'NONE',  ( -6.092390563098081024, -79.43774856569402232, 2.701520232530514765 ) ) ;
#739 = CARTESIAN_POINT ( 'NONE',  ( -15.25437167126521842, -34.63265638870343111, -22.78015583989601467 ) ) ;
#740 = DIRECTION ( 'NONE',  ( 1.000000000000000000, 0.000000000000000000, -0.000000000000000000 ) ) ;
#741 = DIRECTION ( 'NONE',  ( -1.000000000000000000, 0.000000000000000000, 0.000000000000000000 ) ) ;
#742 = CARTESIAN_POINT ( 'NONE',  ( -5.132418417384804421, -89.39506521167852782, 39.97968623554257306 ) ) ;
#743 = VERTEX_POINT ( 'NONE', #2893 ) ;
#744 = CARTESIAN_POINT ( 'NONE',  ( -15.00000000000000000, -124.8107845826848035, 50.56052128555943170 ) ) ;
#745 = ADVANCED_FACE ( 'NONE', ( #4291 ), #5679, .T. ) ;
#746 = DIRECTION ( 'NONE',  ( 0.000000000000000000, -0.6427876096865348110, -0.7660444431189817882 ) ) ;
#747 = CARTESIAN_POINT ( 'NONE',  ( -16.19703357281185063, -79.10750761599348380, 13.33069376250072757 ) ) ;
#748 = LINE ( 'NONE', #7179, #4648 ) ;
#749 = CARTESIAN_POINT ( 'NONE',  ( -12.76434418698922890, -14.54495717110405373, -43.86643703134499361 ) ) ;
#750 = ORIENTED_EDGE ( 'NONE', *, *, #1567, .T. ) ;
#751 = ORIENTED_EDGE ( 'NONE', *, *, #6609, .T. ) ;
#752 = CARTESIAN_POINT ( 'NONE',  ( -8.090224135996349375, -75.48598723738501803, 33.12778123679112952 ) ) ;
#753 = CARTESIAN_POINT ( 'NONE',  ( -3.620702289461849244, -97.96310903532499026, 43.58411663190101848 ) ) ;
#754 = DIRECTION ( 'NONE',  ( 0.000000000000000000, -0.3420201433256697676, -0.9396926207859080948 ) ) ;
#755 = CARTESIAN_POINT ( 'NONE',  ( -11.27015567255390138, -16.18604074003433624, -44.96301482783040626 ) ) ;
#756 = ORIENTED_EDGE ( 'NONE', *, *, #5373, .F. ) ;
#757 = EDGE_CURVE ( 'NONE', #797, #8804, #1503, .T. ) ;
#758 = DIRECTION ( 'NONE',  ( -0.000000000000000000, 0.7330462071883311337, -0.6801788427515240709 ) ) ;
#759 = DIRECTION ( 'NONE',  ( 0.000000000000000000, 0.6427876096865352551, 0.7660444431189813441 ) ) ;
#760 = ORIENTED_EDGE ( 'NONE', *, *, #382, .T. ) ;
#761 = ORIENTED_EDGE ( 'NONE', *, *, #8218, .F. ) ;
#762 = VECTOR ( 'NONE', #3574, 1000.000000000000114 ) ;
#763 = CARTESIAN_POINT ( 'NONE',  ( -20.33165866602503158, 14.42383958470099437, -21.49868252040045391 ) ) ;
#764 = CARTESIAN_POINT ( 'NONE',  ( -12.18624261015730426, -14.68565293906564584, -43.38705810466107238 ) ) ;
#765 = EDGE_LOOP ( 'NONE', ( #3146, #984, #7517, #4441 ) ) ;
#766 = EDGE_CURVE ( 'NONE', #1504, #1024, #2346, .T. ) ;
#767 = CARTESIAN_POINT ( 'NONE',  ( -12.63676831002814183, -14.31398753101933430, -21.81857015739233319 ) ) ;
#768 = B_SPLINE_CURVE_WITH_KNOTS ( 'NONE', 3,
 ( #4726, #4680, #8722, #6824, #7446, #1312, #6780, #8814, #2702, #7484, #5445, #1357 ),
 .UNSPECIFIED., .F., .F.,
 ( 4, 2, 2, 2, 2, 4 ),
 ( 0.000000000000000000, 0.2499999154192633910, 0.4999999436128419461, 0.6249999577096312375, 0.7499999718064205290, 1.000000000000000000 ),
 .UNSPECIFIED. ) ;
#769 = DIRECTION ( 'NONE',  ( 0.000000000000000000, 0.3420201433256638834, 0.9396926207859100932 ) ) ;
#770 = ORIENTED_EDGE ( 'NONE', *, *, #2219, .F. ) ;
#771 = CARTESIAN_POINT ( 'NONE',  ( -14.72842455062473555, -13.17085471132542018, -21.29635697380911807 ) ) ;
#772 = CARTESIAN_POINT ( 'NONE',  ( -13.21159737362355102, 14.87999703080879144, -21.13197385271875817 ) ) ;
#773 = CARTESIAN_POINT ( 'NONE',  ( -22.59940931223089677, -45.03218402211091842, 14.77868552958157977 ) ) ;
#774 = PLANE ( 'NONE',  #2073 ) ;
#775 = CIRCLE ( 'NONE', #6354, 1.700000000000010614 ) ;
#776 = ORIENTED_EDGE ( 'NONE', *, *, #6972, .F. ) ;
#777 = CARTESIAN_POINT ( 'NONE',  ( -12.96710253951966862, 15.45608048858731642, -22.73001493960334685 ) ) ;
#778 = FACE_OUTER_BOUND ( 'NONE', #993, .T. ) ;
#779 = EDGE_CURVE ( 'NONE', #622, #7743, #3753, .T. ) ;
#780 = VERTEX_POINT ( 'NONE', #6383 ) ;
#781 = DIRECTION ( 'NONE',  ( 1.000000000000000000, 0.000000000000000000, -0.000000000000000000 ) ) ;
#782 = DIRECTION ( 'NONE',  ( 0.000000000000000000, 0.000000000000000000, -1.000000000000000000 ) ) ;
#783 = LINE ( 'NONE', #2980, #974 ) ;
#784 = CARTESIAN_POINT ( 'NONE',  ( -12.52170085779504660, -14.41113124084198738, -22.01585102147870643 ) ) ;
#785 = LINE ( 'NONE', #6838, #3684 ) ;
#786 = VECTOR ( 'NONE', #7391, 1000.000000000000114 ) ;
#787 = ORIENTED_EDGE ( 'NONE', *, *, #790, .F. ) ;
#788 = ADVANCED_FACE ( 'NONE', ( #8383 ), #6298, .T. ) ;
#789 = CARTESIAN_POINT ( 'NONE',  ( -22.00980253202574843, -13.70019007887383644, -19.15407695920615794 ) ) ;
#790 = EDGE_CURVE ( 'NONE', #2093, #1982, #8464, .T. ) ;
#791 = CARTESIAN_POINT ( 'NONE',  ( -21.78209280789293700, -15.96187295069484158, -20.56019055771220749 ) ) ;
#792 = DIRECTION ( 'NONE',  ( 0.000000000000000000, -0.9053451461276553758, 0.4246765432456733325 ) ) ;
#793 = VECTOR ( 'NONE', #5805, 1000.000000000000000 ) ;
#794 = ADVANCED_FACE ( 'NONE', ( #874 ), #116, .F. ) ;
#795 = CARTESIAN_POINT ( 'NONE',  ( -12.60569813073960788, -14.79495682354934871, -44.40294485532663771 ) ) ;
#796 = VECTOR ( 'NONE', #5474, 1000.000000000000000 ) ;
#797 = VERTEX_POINT ( 'NONE', #7095 ) ;
#798 = ORIENTED_EDGE ( 'NONE', *, *, #7177, .T. ) ;
#799 = DIRECTION ( 'NONE',  ( 0.000000000000000000, 0.000000000000000000, -1.000000000000000000 ) ) ;
#800 = CARTESIAN_POINT ( 'NONE',  ( -14.99999999999999467, -92.09851064108653418, 41.31146043983191873 ) ) ;
#801 = ADVANCED_FACE ( 'NONE', ( #7720 ), #248, .T. ) ;
#802 = CIRCLE ( 'NONE', #8502, 5.000000000000000888 ) ;
#803 = CARTESIAN_POINT ( 'NONE',  ( -15.87556669045135571, -151.1131640076220606, -43.54662542183137930 ) ) ;
#804 = FACE_OUTER_BOUND ( 'NONE', #3591, .T. ) ;
#805 = DIRECTION ( 'NONE',  ( 1.000000000000000000, 0.000000000000000000, -0.000000000000000000 ) ) ;
#806 = VERTEX_POINT ( 'NONE', #2306 ) ;
#807 = CARTESIAN_POINT ( 'NONE',  ( -22.02567167066570875, -36.17823496505037895, -15.06480666215174757 ) ) ;
#808 = CARTESIAN_POINT ( 'NONE',  ( -14.31231975690802294, -46.79372036731466977, -16.86844890199033742 ) ) ;
#809 = ORIENTED_EDGE ( 'NONE', *, *, #7074, .T. ) ;
#810 = CARTESIAN_POINT ( 'NONE',  ( -21.37536498706619881, -17.09070428359130034, -23.58501837703584769 ) ) ;
#811 = CARTESIAN_POINT ( 'NONE',  ( -18.44999999999999929, 32.94301637382660175, -15.89135599806355792 ) ) ;
#812 = ORIENTED_EDGE ( 'NONE', *, *, #684, .F. ) ;
#813 = CARTESIAN_POINT ( 'NONE',  ( -12.19084177677400405, -14.68196722359714101, -23.16930724674310227 ) ) ;
#814 = CARTESIAN_POINT ( 'NONE',  ( 0.000000000000000000, -38.85406476150464528, -13.76214029363365476 ) ) ;
#815 = AXIS2_PLACEMENT_3D ( 'NONE', #5321, #8028, #4835 ) ;
#816 = CARTESIAN_POINT ( 'NONE',  ( -22.09323435693330140, 24.22545763616625081, -25.18008120995402876 ) ) ;
#817 = ORIENTED_EDGE ( 'NONE', *, *, #403, .T. ) ;
#818 = FACE_OUTER_BOUND ( 'NONE', #5260, .T. ) ;
#819 = CARTESIAN_POINT ( 'NONE',  ( -14.94898996956265513, 13.06083557236241433, -20.29496525183271416 ) ) ;
#820 = FACE_OUTER_BOUND ( 'NONE', #6526, .T. ) ;
#821 = VECTOR ( 'NONE', #1989, 1000.000000000000114 ) ;
#822 = DIRECTION ( 'NONE',  ( 0.000000000000000000, 0.000000000000000000, -1.000000000000000000 ) ) ;
#823 = ORIENTED_EDGE ( 'NONE', *, *, #5324, .T. ) ;
#824 = EDGE_LOOP ( 'NONE', ( #7077, #3831, #5806, #8151, #603 ) ) ;
#825 = CARTESIAN_POINT ( 'NONE',  ( -11.03885129950063337, 16.61239052852473463, -44.29257821190413580 ) ) ;
#826 = VECTOR ( 'NONE', #8605, 1000.000000000000114 ) ;
#827 = CARTESIAN_POINT ( 'NONE',  ( -17.84552477795712377, 26.66221165061519471, -45.29634816116374196 ) ) ;
#828 = ORIENTED_EDGE ( 'NONE', *, *, #5938, .T. ) ;
#829 = DIRECTION ( 'NONE',  ( 1.000000000000000000, -0.000000000000000000, -0.000000000000000000 ) ) ;
#830 = LINE ( 'NONE', #5497, #5832 ) ;
#831 = VECTOR ( 'NONE', #6146, 1000.000000000000000 ) ;
#832 = CARTESIAN_POINT ( 'NONE',  ( -4.000000000000000000, -32.28376223969119962, -11.23648032529736263 ) ) ;
#833 = CARTESIAN_POINT ( 'NONE',  ( -13.23300943695961251, -134.1258734615412038, 28.79518383853111274 ) ) ;
#834 = CARTESIAN_POINT ( 'NONE',  ( 23.28325370891903745, -121.7846418543900171, 24.39770886610873646 ) ) ;
#835 = ORIENTED_EDGE ( 'NONE', *, *, #629, .T. ) ;
#836 = EDGE_CURVE ( 'NONE', #6397, #7664, #7681, .T. ) ;
#837 = CARTESIAN_POINT ( 'NONE',  ( -2.578547893019023540, -57.19803073992689946, 24.53500570179524942 ) ) ;
#838 = AXIS2_PLACEMENT_3D ( 'NONE', #4597, #7496, #25 ) ;
#839 = CARTESIAN_POINT ( 'NONE',  ( -19.16350846910415129, -14.44957147128894448, -23.03455272795029884 ) ) ;
#840 = DIRECTION ( 'NONE',  ( 0.5958697513482541508, 0.5971223951134431163, -0.5370140451442169116 ) ) ;
#841 = CARTESIAN_POINT ( 'NONE',  ( -12.66655897088679339, -14.69961659187724123, -44.24176076511719202 ) ) ;
#842 = ORIENTED_EDGE ( 'NONE', *, *, #3811, .T. ) ;
#843 = CYLINDRICAL_SURFACE ( 'NONE', #549, 2.000000000000001776 ) ;
#844 = CARTESIAN_POINT ( 'NONE',  ( -14.99999999999999289, -89.92464463951118603, 40.24056822466759087 ) ) ;
#845 = CARTESIAN_POINT ( 'NONE',  ( -20.86154344334197930, 21.42720991145443321, -34.44950056063202481 ) ) ;
#846 = EDGE_CURVE ( 'NONE', #7900, #6588, #2690, .T. ) ;
#847 = CARTESIAN_POINT ( 'NONE',  ( -15.00000000000000000, -94.53155402072660252, 31.35238378366110723 ) ) ;
#848 = CARTESIAN_POINT ( 'NONE',  ( -14.09999999999999964, -48.31161856384360931, -8.838769400495159800 ) ) ;
#849 = VERTEX_POINT ( 'NONE', #7844 ) ;
#850 = CARTESIAN_POINT ( 'NONE',  ( -5.999999999999998224, -119.6812179729371479, 30.17681848394211741 ) ) ;
#851 = CARTESIAN_POINT ( 'NONE',  ( -12.28070532606821530, 15.68464101142072842, -22.62209774381062388 ) ) ;
#852 = ORIENTED_EDGE ( 'NONE', *, *, #871, .F. ) ;
#853 = CARTESIAN_POINT ( 'NONE',  ( -22.63637647320171453, 14.96152536129488375, -19.24145991071400630 ) ) ;
#854 = CARTESIAN_POINT ( 'NONE',  ( -11.95240981873248565, -14.86993453961997425, -43.89340312936347033 ) ) ;
#855 = ORIENTED_EDGE ( 'NONE', *, *, #7597, .F. ) ;
#856 = CARTESIAN_POINT ( 'NONE',  ( -17.48369335056464990, 16.48300150948031018, -45.01037945320666012 ) ) ;
#857 = CARTESIAN_POINT ( 'NONE',  ( -13.03391402783173625, -14.34448021631803805, -22.61849852411658190 ) ) ;
#858 = CARTESIAN_POINT ( 'NONE',  ( -22.68993921910368883, 31.25639527560649000, -21.69012750267467027 ) ) ;
#859 = ORIENTED_EDGE ( 'NONE', *, *, #8554, .T. ) ;
#860 = DIRECTION ( 'NONE',  ( 0.000000000000000000, 0.000000000000000000, 1.000000000000000000 ) ) ;
#861 = EDGE_CURVE ( 'NONE', #988, #615, #5687, .T. ) ;
#862 = CARTESIAN_POINT ( 'NONE',  ( -14.04600144484145829, 14.82549764070114229, -21.76591925706008368 ) ) ;
#863 = CARTESIAN_POINT ( 'NONE',  ( -22.16156048934428924, -47.37127704102855574, 16.74141761904053638 ) ) ;
#864 = DIRECTION ( 'NONE',  ( 0.000000000000000000, 0.8970592466922343577, -0.4419102939782701411 ) ) ;
#865 = ORIENTED_EDGE ( 'NONE', *, *, #7897, .T. ) ;
#866 = CARTESIAN_POINT ( 'NONE',  ( -13.10838449769036984, 15.37852637119696553, -22.51108648015655689 ) ) ;
#867 = CARTESIAN_POINT ( 'NONE',  ( -23.44999999999999929, -4.921752535625713243, -7.255575130684863261 ) ) ;
#868 = VERTEX_POINT ( 'NONE', #460 ) ;
#869 = CARTESIAN_POINT ( 'NONE',  ( -14.00000000000000000, 0.5375364957381987274, -19.19634816116375831 ) ) ;
#870 = LINE ( 'NONE', #4154, #6834 ) ;
#871 = EDGE_CURVE ( 'NONE', #6447, #2681, #3835, .T. ) ;
#872 = PLANE ( 'NONE',  #7265 ) ;
#873 = CARTESIAN_POINT ( 'NONE',  ( -9.603654079648821451, -135.8039173152576495, 25.00540036176814951 ) ) ;
#874 = FACE_OUTER_BOUND ( 'NONE', #6961, .T. ) ;
#875 = EDGE_LOOP ( 'NONE', ( #3954, #2561, #4551, #7271, #8420 ) ) ;
#876 = CARTESIAN_POINT ( 'NONE',  ( -2.062304449744028378, -57.28609674785310091, 24.59244392557157965 ) ) ;
#877 = ADVANCED_FACE ( 'NONE', ( #3829 ), #1687, .F. ) ;
#878 = CARTESIAN_POINT ( 'NONE',  ( -19.46038329802066258, -14.05267834880149813, -22.07636796883213393 ) ) ;
#879 = PLANE ( 'NONE',  #5932 ) ;
#880 = CARTESIAN_POINT ( 'NONE',  ( -12.43364696825075377, -15.06037558917756236, -44.72404717748123915 ) ) ;
#881 = ORIENTED_EDGE ( 'NONE', *, *, #8254, .T. ) ;
#882 = CARTESIAN_POINT ( 'NONE',  ( -1.010797170395409728, -123.9247955812114981, 50.26550289451237319 ) ) ;
#883 = CARTESIAN_POINT ( 'NONE',  ( -15.00000000000000000, -90.13989042964536225, 30.04309669637526525 ) ) ;
#884 = CARTESIAN_POINT ( 'NONE',  ( -15.00000000000000000, -93.75565108970587858, 31.12788093436729397 ) ) ;
#885 = DIRECTION ( 'NONE',  ( -1.000000000000000000, 0.000000000000000000, -0.000000000000000000 ) ) ;
#886 = VERTEX_POINT ( 'NONE', #3235 ) ;
#887 = CARTESIAN_POINT ( 'NONE',  ( -11.65000000000000036, 0.5375364957381989495, -7.812024437645774810 ) ) ;
#888 = ORIENTED_EDGE ( 'NONE', *, *, #1392, .T. ) ;
#889 = EDGE_CURVE ( 'NONE', #4207, #4208, #8594, .T. ) ;
#890 = VERTEX_POINT ( 'NONE', #1757 ) ;
#891 = EDGE_CURVE ( 'NONE', #2097, #5268, #2900, .T. ) ;
#892 = CARTESIAN_POINT ( 'NONE',  ( -20.20069504307910435, 15.12775134026966839, -22.07636796881983798 ) ) ;
#893 = CARTESIAN_POINT ( 'NONE',  ( -15.00000000000000000, -123.2101929245627048, 32.49341676896711562 ) ) ;
#894 = VERTEX_POINT ( 'NONE', #2477 ) ;
#895 = ADVANCED_FACE ( 'NONE', ( #2391 ), #3109, .F. ) ;
#896 = CARTESIAN_POINT ( 'NONE',  ( -2.772657875789683650E-13, -33.99686541749071722, -23.21194410569244937 ) ) ;
#897 = CARTESIAN_POINT ( 'NONE',  ( -13.34917551253256995, -14.16792660136461635, -22.24929753470344096 ) ) ;
#898 = AXIS2_PLACEMENT_3D ( 'NONE', #5829, #8535, #2417 ) ;
#899 = CARTESIAN_POINT ( 'NONE',  ( -7.703719777548943412E-31, -19.96246350426189764, -45.29634816116374907 ) ) ;
#900 = ORIENTED_EDGE ( 'NONE', *, *, #8428, .T. ) ;
#901 = EDGE_LOOP ( 'NONE', ( #3386, #97, #6260, #3357, #6547, #510 ) ) ;
#902 = CARTESIAN_POINT ( 'NONE',  ( -15.00000000000000000, -105.4912514368568566, 33.19335686479303149 ) ) ;
#903 = ADVANCED_FACE ( 'NONE', ( #1040 ), #3780, .F. ) ;
#904 = AXIS2_PLACEMENT_3D ( 'NONE', #7237, #7942, #6079 ) ;
#905 = CARTESIAN_POINT ( 'NONE',  ( -13.16383936330193727, 15.34771388378070789, -22.44268340139673157 ) ) ;
#906 = CARTESIAN_POINT ( 'NONE',  ( -15.38620777528670125, -52.47418028630028175, 21.02326185008275417 ) ) ;
#907 = CARTESIAN_POINT ( 'NONE',  ( -15.75302455635269006, -12.54199713766416657, -21.29632899270078639 ) ) ;
#908 = ADVANCED_FACE ( 'NONE', ( #642 ), #3364, .T. ) ;
#909 = CARTESIAN_POINT ( 'NONE',  ( -11.96398543452576391, -15.75600128223172902, -45.16821624951408154 ) ) ;
#910 = ORIENTED_EDGE ( 'NONE', *, *, #2148, .F. ) ;
#911 =( BOUNDED_SURFACE ( )  B_SPLINE_SURFACE ( 2, 3, ( 
 ( #6567, #3165, #7895, #5278, #7187, #474, #8523, #4428, #5196, #1859 ),
 ( #2359, #7941, #8608, #3749, #7322, #1013, #7809, #1817, #1770, #1182 ),
 ( #4561, #4466, #435, #6475, #1729, #7236, #6520, #3123, #3921, #1101 ) ),
 .UNSPECIFIED., .F., .F., .F. ) 
 B_SPLINE_SURFACE_WITH_KNOTS ( ( 3, 3 ),
 ( 4, 2, 2, 2, 4 ),
 ( 0.000000000000000000, 1.000000000000000000 ),
 ( 0.2617948101735548816, 0.2978699954318194121, 0.3339451806900839426, 0.3700203659483484731, 0.4060955512066130035 ),
 .UNSPECIFIED. ) 
 GEOMETRIC_REPRESENTATION_ITEM ( )  RATIONAL_B_SPLINE_SURFACE ( (
 ( 1.000000000000000000, 1.000000000000000000, 1.000000000000000000, 1.000000000000000000, 1.000000000000000000, 1.000000000000000000, 1.000000000000000000, 1.000000000000000000, 1.000000000000000000, 1.000000000000000000),
 ( 0.6860556961355219752, 0.6889605390423458875, 0.6918702853483359450, 0.6972839850531852290, 0.6997229658644896766, 0.7041223496992838893, 0.7060738960471188985, 0.7094839383231956731, 0.7109453520593600473, 0.7123483128092779060),
 ( 1.000000000000000000, 1.000000000000000000, 1.000000000000000000, 1.000000000000000000, 1.000000000000000000, 1.000000000000000000, 1.000000000000000000, 1.000000000000000000, 1.000000000000000000, 1.000000000000000000) ) ) 
 REPRESENTATION_ITEM ( '' )  SURFACE ( )  );
#912 = VERTEX_POINT ( 'NONE', #2655 ) ;
#913 = DIRECTION ( 'NONE',  ( 1.000000000000000000, 0.000000000000000000, -0.000000000000000000 ) ) ;
#914 = DIRECTION ( 'NONE',  ( 0.000000000000000000, 0.000000000000000000, 1.000000000000000000 ) ) ;
#915 = ORIENTED_EDGE ( 'NONE', *, *, #8153, .F. ) ;
#916 = CARTESIAN_POINT ( 'NONE',  ( -15.35682858635312442, -29.56852482735398979, -27.43170248613724027 ) ) ;
#917 = DIRECTION ( 'NONE',  ( 1.000000000000000000, -0.000000000000000000, 0.000000000000000000 ) ) ;
#918 = CARTESIAN_POINT ( 'NONE',  ( -0.9999999999999991118, -136.9394358138791858, 22.44088499817747362 ) ) ;
#919 = ORIENTED_EDGE ( 'NONE', *, *, #8314, .T. ) ;
#920 = CARTESIAN_POINT ( 'NONE',  ( -21.84497005587379803, -15.53819167117082145, -20.13650927818814296 ) ) ;
#921 = CARTESIAN_POINT ( 'NONE',  ( -22.04801215688735638, -12.81295175698431343, -19.00765776121293271 ) ) ;
#922 = DIRECTION ( 'NONE',  ( -1.000000000000000000, 0.000000000000000000, 0.000000000000000000 ) ) ;
#923 = AXIS2_PLACEMENT_3D ( 'NONE', #5418, #4025, #6749 ) ;
#924 = CARTESIAN_POINT ( 'NONE',  ( -22.44208499497160147, -53.48708006035231222, -0.7428111629258861148 ) ) ;
#925 = VERTEX_POINT ( 'NONE', #8193 ) ;
#926 = CARTESIAN_POINT ( 'NONE',  ( -6.168883425261207698, -83.81875001338853792, 37.23267582605368631 ) ) ;
#927 = AXIS2_PLACEMENT_3D ( 'NONE', #1675, #7226, #3027 ) ;
#928 = EDGE_CURVE ( 'NONE', #7106, #1229, #7489, .T. ) ;
#929 = CARTESIAN_POINT ( 'NONE',  ( -15.00000000000118128, -88.32866021972709802, 39.45435265782201384 ) ) ;
#930 = CARTESIAN_POINT ( 'NONE',  ( -1.455538777911514314, -121.3880491092189402, 18.28223021147752902 ) ) ;
#931 = VECTOR ( 'NONE', #4308, 1000.000000000000000 ) ;
#932 = DIRECTION ( 'NONE',  ( 0.000000000000000000, 0.7617614198329734077, 0.6478576535428539618 ) ) ;
#933 = AXIS2_PLACEMENT_3D ( 'NONE', #1015, #7857, #6478 ) ;
#934 = ORIENTED_EDGE ( 'NONE', *, *, #2644, .T. ) ;
#935 = AXIS2_PLACEMENT_3D ( 'NONE', #7583, #8245, #7669 ) ;
#936 = CARTESIAN_POINT ( 'NONE',  ( -19.11022424730112945, -17.09070428359136429, -41.53933994421388576 ) ) ;
#937 = CARTESIAN_POINT ( 'NONE',  ( -15.51065072364477970, -84.56151287986403986, 14.77410841057576363 ) ) ;
#938 = CARTESIAN_POINT ( 'NONE',  ( -12.05950514959808118, -14.78625252289114300, -43.75199726624030205 ) ) ;
#939 = ORIENTED_EDGE ( 'NONE', *, *, #5067, .T. ) ;
#940 = EDGE_CURVE ( 'NONE', #1719, #4729, #768, .T. ) ;
#941 = CARTESIAN_POINT ( 'NONE',  ( -13.88911518765526942, -13.84777772542259022, -21.85343195553388540 ) ) ;
#942 = LINE ( 'NONE', #7783, #6237 ) ;
#943 = ORIENTED_EDGE ( 'NONE', *, *, #8593, .F. ) ;
#944 = EDGE_LOOP ( 'NONE', ( #2442, #7449, #2558, #7994, #7285, #5968, #555, #8371, #6085 ) ) ;
#945 = ADVANCED_FACE ( 'NONE', ( #8148 ), #2019, .F. ) ;
#946 = CARTESIAN_POINT ( 'NONE',  ( -16.02659330768194579, -22.47168830124461536, -45.29634816116374907 ) ) ;
#947 = CARTESIAN_POINT ( 'NONE',  ( -6.000000000000000000, -42.11065726885905747, 1.738856025306406705 ) ) ;
#948 = CARTESIAN_POINT ( 'NONE',  ( -16.79441162504768315, -75.35592287486920782, 12.43097203269799778 ) ) ;
#949 = EDGE_CURVE ( 'NONE', #3337, #5894, #5535, .T. ) ;
#950 = LINE ( 'NONE', #280, #3543 ) ;
#951 = CARTESIAN_POINT ( 'NONE',  ( -3.188798608406862911, -99.68960827893432963, 9.958714539438515700 ) ) ;
#952 = ORIENTED_EDGE ( 'NONE', *, *, #7950, .F. ) ;
#953 = EDGE_CURVE ( 'NONE', #1576, #174, #3413, .T. ) ;
#954 = VERTEX_POINT ( 'NONE', #4815 ) ;
#955 = CARTESIAN_POINT ( 'NONE',  ( -12.08176384139895632, 15.84378220422059869, -43.71400888829118259 ) ) ;
#956 = CYLINDRICAL_SURFACE ( 'NONE', #5570, 10.00000000000000533 ) ;
#957 = ORIENTED_EDGE ( 'NONE', *, *, #5987, .T. ) ;
#958 = CARTESIAN_POINT ( 'NONE',  ( -20.76011519141098915, -23.51021683494181502, -27.32977664806313101 ) ) ;
#959 = EDGE_CURVE ( 'NONE', #6510, #3813, #4146, .T. ) ;
#960 = CARTESIAN_POINT ( 'NONE',  ( -19.04491762595561255, -21.86005319372952371, -40.20544002350331425 ) ) ;
#961 = CARTESIAN_POINT ( 'NONE',  ( -18.44999999999999929, -4.921752535625713243, -7.255575130684863261 ) ) ;
#962 = CARTESIAN_POINT ( 'NONE',  ( -14.96662627807799417, -26.21374903329013861, -33.92890249913541112 ) ) ;
#963 = EDGE_LOOP ( 'NONE', ( #6783, #1890, #463, #3554 ) ) ;
#964 = VECTOR ( 'NONE', #8205, 1000.000000000000000 ) ;
#965 = PLANE ( 'NONE',  #8061 ) ;
#966 = CIRCLE ( 'NONE', #7393, 50.00000000000000000 ) ;
#967 = CARTESIAN_POINT ( 'NONE',  ( -8.090224135996349375, -75.48598723738501803, 33.12778123679112952 ) ) ;
#968 = CARTESIAN_POINT ( 'NONE',  ( -13.88913371247606854, 14.65375141517533919, -21.29634816116374552 ) ) ;
#969 = CARTESIAN_POINT ( 'NONE',  ( -15.79999999999999893, -58.35475180145950702, -2.761313125745556096 ) ) ;
#970 = ORIENTED_EDGE ( 'NONE', *, *, #7730, .F. ) ;
#971 = CARTESIAN_POINT ( 'NONE',  ( -14.00000000000000000, 0.5375364957381987274, -19.19634816116375831 ) ) ;
#972 = CARTESIAN_POINT ( 'NONE',  ( -15.00000000000000000, -94.83578902281078626, 31.43931079701622977 ) ) ;
#973 = CIRCLE ( 'NONE', #5980, 3.000000000000002665 ) ;
#974 = VECTOR ( 'NONE', #8203, 1000.000000000000000 ) ;
#975 = CARTESIAN_POINT ( 'NONE',  ( -15.00000000000000000, -89.96954021281580083, 29.99080047878761590 ) ) ;
#976 = CARTESIAN_POINT ( 'NONE',  ( -9.099999999999999645, -69.02821919591445976, 13.76615170645137987 ) ) ;
#977 = DIRECTION ( 'NONE',  ( -1.000000000000000000, 0.000000000000000000, 0.000000000000000000 ) ) ;
#978 = CARTESIAN_POINT ( 'NONE',  ( -14.28354493678678239, -47.27309148729079880, -16.57756108198705647 ) ) ;
#979 = ORIENTED_EDGE ( 'NONE', *, *, #3467, .F. ) ;
#980 = AXIS2_PLACEMENT_3D ( 'NONE', #8163, #1372, #4830 ) ;
#981 = ADVANCED_FACE ( 'NONE', ( #6682 ), #2601, .F. ) ;
#982 = CARTESIAN_POINT ( 'NONE',  ( -14.99200959049340121, -99.77604891709231083, 10.01301644943768565 ) ) ;
#983 = CARTESIAN_POINT ( 'NONE',  ( -14.99999999999999822, -97.40593781834527931, 32.07935632944192861 ) ) ;
#984 = ORIENTED_EDGE ( 'NONE', *, *, #7234, .T. ) ;
#985 = CARTESIAN_POINT ( 'NONE',  ( -12.95329424678269348, -14.39005082728436236, -22.77103177936009359 ) ) ;
#986 = CARTESIAN_POINT ( 'NONE',  ( -15.00000000000000000, -128.4297167077102131, 34.08136697702980911 ) ) ;
#987 = ORIENTED_EDGE ( 'NONE', *, *, #4043, .F. ) ;
#988 = VERTEX_POINT ( 'NONE', #8413 ) ;
#989 = CARTESIAN_POINT ( 'NONE',  ( -15.00000000000148326, -97.02223599697433087, 43.28298834131462769 ) ) ;
#990 = CARTESIAN_POINT ( 'NONE',  ( -15.08548988013510694, 26.53753649573820539, -40.29634816116374196 ) ) ;
#991 = CARTESIAN_POINT ( 'NONE',  ( -15.71560483924822371, 13.64788285755890485, -21.29542622166020749 ) ) ;
#992 = CARTESIAN_POINT ( 'NONE',  ( -22.63306085348309438, 13.48663614815320777, -19.00767794529165400 ) ) ;
#993 = EDGE_LOOP ( 'NONE', ( #8330, #3718, #4037, #2765 ) ) ;
#994 = CARTESIAN_POINT ( 'NONE',  ( -12.17627295980915036, 16.52178260809836630, -45.02021160427765523 ) ) ;
#995 = CARTESIAN_POINT ( 'NONE',  ( 0.000000000000000000, -96.25938618534011937, 43.36119543977545021 ) ) ;
#996 = ORIENTED_EDGE ( 'NONE', *, *, #4909, .F. ) ;
#997 = CARTESIAN_POINT ( 'NONE',  ( -19.09153367028014614, -25.46246350426179816, -40.21132116475006768 ) ) ;
#998 = EDGE_CURVE ( 'NONE', #1753, #4713, #234, .T. ) ;
#999 = LINE ( 'NONE', #3870, #1553 ) ;
#1000 = CARTESIAN_POINT ( 'NONE',  ( -14.09999999999999964, -75.82056510457229592, 11.89424437510743537 ) ) ;
#1001 = CARTESIAN_POINT ( 'NONE',  ( -14.80135620296659660, -25.81293085880843208, -35.52843982688649049 ) ) ;
#1002 = FACE_OUTER_BOUND ( 'NONE', #1497, .T. ) ;
#1003 = VERTEX_POINT ( 'NONE', #6958 ) ;
#1004 = DIRECTION ( 'NONE',  ( 0.000000000000000000, 0.9143751889140099287, -0.4048678968484271112 ) ) ;
#1005 = CARTESIAN_POINT ( 'NONE',  ( -19.58613519126880220, -13.68244369660766679, -21.70613331663363965 ) ) ;
#1006 = CARTESIAN_POINT ( 'NONE',  ( -15.74927942059087194, 13.62011441200505146, -21.29632865351023341 ) ) ;
#1007 = PLANE ( 'NONE',  #4841 ) ;
#1008 = ORIENTED_EDGE ( 'NONE', *, *, #6482, .T. ) ;
#1009 =( BOUNDED_CURVE ( )  B_SPLINE_CURVE ( 2, ( #3523, #6388, #2987 ),
 .UNSPECIFIED., .F., .F. ) 
 B_SPLINE_CURVE_WITH_KNOTS ( ( 3, 3 ),
 ( 0.000000000000000000, 1.000000000000000000 ),
 .UNSPECIFIED. ) 
 CURVE ( )  GEOMETRIC_REPRESENTATION_ITEM ( )  RATIONAL_B_SPLINE_CURVE ( ( 1.000000000000000000, 0.7063631624613149196, 1.000000000000000000 ) ) 
 REPRESENTATION_ITEM ( '' )  );
#1010 = CARTESIAN_POINT ( 'NONE',  ( -18.05466644976850077, 25.27107353061563799, -43.46368815774496142 ) ) ;
#1011 = LINE ( 'NONE', #6565, #3388 ) ;
#1012 = EDGE_CURVE ( 'NONE', #4977, #8798, #6414, .T. ) ;
#1013 = CARTESIAN_POINT ( 'NONE',  ( -17.79071665413547976, -62.61260877778929768, 27.65318186062660644 ) ) ;
#1014 = PLANE ( 'NONE',  #2190 ) ;
#1015 = CARTESIAN_POINT ( 'NONE',  ( -37.07224088444629473, -71.97364255504820107, 6.055478503969699666 ) ) ;
#1016 = CARTESIAN_POINT ( 'NONE',  ( -22.02567167066570164, -36.17823496505036474, -15.06480666215179021 ) ) ;
#1017 = ORIENTED_EDGE ( 'NONE', *, *, #2472, .T. ) ;
#1018 = FACE_OUTER_BOUND ( 'NONE', #6914, .T. ) ;
#1019 = DIRECTION ( 'NONE',  ( 0.000000000000000000, 0.5395342429146887664, 0.8419636576019617902 ) ) ;
#1020 = DIRECTION ( 'NONE',  ( -1.000000000000000000, 0.000000000000000000, 0.000000000000000000 ) ) ;
#1021 = EDGE_LOOP ( 'NONE', ( #7521, #3801, #5214, #7507 ) ) ;
#1022 = CARTESIAN_POINT ( 'NONE',  ( 23.28325370891903745, -119.4571793330561462, 36.63996838842681569 ) ) ;
#1023 = CARTESIAN_POINT ( 'NONE',  ( -15.72327098794507805, -12.57868033893448079, -21.30543083135847837 ) ) ;
#1024 = VERTEX_POINT ( 'NONE', #2295 ) ;
#1025 = CARTESIAN_POINT ( 'NONE',  ( -16.15282910861911247, -22.32288470882792808, -45.29634816116374907 ) ) ;
#1026 = CARTESIAN_POINT ( 'NONE',  ( -12.75000000000000000, -76.37521062310625553, 25.48216967743977079 ) ) ;
#1027 = ADVANCED_FACE ( 'NONE', ( #820 ), #4906, .T. ) ;
#1028 = CARTESIAN_POINT ( 'NONE',  ( -2.755674743554755945, -103.6940887039858126, 45.18378013739401666 ) ) ;
#1029 = CARTESIAN_POINT ( 'NONE',  ( -16.57173073964465004, -71.20450951774667203, 24.38864448283394282 ) ) ;
#1030 = CARTESIAN_POINT ( 'NONE',  ( -12.55150489205134967, -14.87912871774864598, -44.51875604998687663 ) ) ;
#1031 = EDGE_LOOP ( 'NONE', ( #8786, #4955, #6860, #2798 ) ) ;
#1032 = CARTESIAN_POINT ( 'NONE',  ( -21.84413666097851703, -32.53308910735651693, -17.14645611400335312 ) ) ;
#1033 = CARTESIAN_POINT ( 'NONE',  ( -12.70134147429067006, 15.71989926742020316, -44.13166961542022193 ) ) ;
#1034 = CARTESIAN_POINT ( 'NONE',  ( 0.000000000000000000, -53.63059811971870516, 12.20305695759885722 ) ) ;
#1035 = VERTEX_POINT ( 'NONE', #4318 ) ;
#1036 = CARTESIAN_POINT ( 'NONE',  ( -15.16851115981162401, -36.02640488150435516, -21.96031132937099173 ) ) ;
#1037 = AXIS2_PLACEMENT_3D ( 'NONE', #7188, #1055, #3796 ) ;
#1038 = CARTESIAN_POINT ( 'NONE',  ( 0.000000000000000000, 31.10138907885891513, -17.97376135830883825 ) ) ;
#1039 = FACE_OUTER_BOUND ( 'NONE', #2777, .T. ) ;
#1040 = FACE_OUTER_BOUND ( 'NONE', #2714, .T. ) ;
#1041 = DIRECTION ( 'NONE',  ( 1.000000000000000000, 0.000000000000000000, 0.000000000000000000 ) ) ;
#1042 = ORIENTED_EDGE ( 'NONE', *, *, #3557, .T. ) ;
#1043 = ORIENTED_EDGE ( 'NONE', *, *, #6110, .F. ) ;
#1044 = CARTESIAN_POINT ( 'NONE',  ( -27.23182580999212377, 21.42720991145449716, 16.04365250341239602 ) ) ;
#1045 = EDGE_CURVE ( 'NONE', #3459, #8079, #6288, .T. ) ;
#1046 = CARTESIAN_POINT ( 'NONE',  ( -5.999999999999998224, -71.97364255504820107, 6.055478503969697890 ) ) ;
#1047 = CARTESIAN_POINT ( 'NONE',  ( -15.42065391832195331, 13.84781631528267454, -21.29635495290242275 ) ) ;
#1048 = CARTESIAN_POINT ( 'NONE',  ( 0.000000000000000000, -122.9523421383642585, 24.82271701201960923 ) ) ;
#1049 = EDGE_LOOP ( 'NONE', ( #6638, #5193, #3304, #2205 ) ) ;
#1050 = DIRECTION ( 'NONE',  ( 1.000000000000000000, -0.000000000000000000, -0.000000000000000000 ) ) ;
#1051 = EDGE_CURVE ( 'NONE', #1572, #1576, #4360, .T. ) ;
#1052 = LINE ( 'NONE', #3792, #8809 ) ;
#1053 = EDGE_CURVE ( 'NONE', #7163, #4913, #950, .T. ) ;
#1054 = EDGE_CURVE ( 'NONE', #2709, #2162, #2924, .T. ) ;
#1055 = DIRECTION ( 'NONE',  ( 0.1227064741973198647, -0.4221622579242254591, -0.8981771257243097439 ) ) ;
#1056 = ADVANCED_FACE ( 'NONE', ( #3012 ), #2334, .F. ) ;
#1057 = VECTOR ( 'NONE', #6258, 1000.000000000000114 ) ;
#1058 = CARTESIAN_POINT ( 'NONE',  ( -6.000000000000000000, 0.000000000000000000, 0.000000000000000000 ) ) ;
#1059 =( BOUNDED_CURVE ( )  B_SPLINE_CURVE ( 3, ( #3973, #7066, #6697, #936 ),
 .UNSPECIFIED., .F., .F. ) 
 B_SPLINE_CURVE_WITH_KNOTS ( ( 4, 4 ),
 ( 5.807829315325048647, 6.791507525771153908 ),
 .UNSPECIFIED. ) 
 CURVE ( )  GEOMETRIC_REPRESENTATION_ITEM ( )  RATIONAL_B_SPLINE_CURVE ( ( 1.000000000000000000, 0.9209772242724434399, 0.9209772242724434399, 1.000000000000000000 ) ) 
 REPRESENTATION_ITEM ( '' )  );
#1060 = CARTESIAN_POINT ( 'NONE',  ( -21.73992060778554958, -49.78894191155702487, -14.92983767307794096 ) ) ;
#1061 = ORIENTED_EDGE ( 'NONE', *, *, #134, .T. ) ;
#1062 = CARTESIAN_POINT ( 'NONE',  ( -22.30020255094081350, -48.50852846827756082, 12.17586061169272682 ) ) ;
#1063 = CIRCLE ( 'NONE', #5087, 7.000000000000000000 ) ;
#1064 = DIRECTION ( 'NONE',  ( 0.000000000000000000, 0.000000000000000000, -1.000000000000000000 ) ) ;
#1065 = DIRECTION ( 'NONE',  ( 0.000000000000000000, 0.6427876096865345890, 0.7660444431189820103 ) ) ;
#1066 = CIRCLE ( 'NONE', #4081, 2.999999999999999112 ) ;
#1067 = ORIENTED_EDGE ( 'NONE', *, *, #8380, .T. ) ;
#1068 = DIRECTION ( 'NONE',  ( 0.000000000000000000, 0.7046202942141588377, -0.7095845552022339575 ) ) ;
#1069 = CARTESIAN_POINT ( 'NONE',  ( -13.77268894321033521, -23.46246350426182303, -45.29634816116374907 ) ) ;
#1070 = AXIS2_PLACEMENT_3D ( 'NONE', #87, #8223, #2090 ) ;
#1071 = ORIENTED_EDGE ( 'NONE', *, *, #7177, .F. ) ;
#1072 = AXIS2_PLACEMENT_3D ( 'NONE', #2907, #7697, #1565 ) ;
#1073 = CARTESIAN_POINT ( 'NONE',  ( -15.00000000000000000, -102.4354725622696520, 32.89373915965727946 ) ) ;
#1074 = CARTESIAN_POINT ( 'NONE',  ( -17.32546029960113643, 15.53753649573837059, -43.45973283583634839 ) ) ;
#1075 = CARTESIAN_POINT ( 'NONE',  ( 23.44999999999999929, -38.50028961305760333, -20.85005250131177590 ) ) ;
#1076 = CARTESIAN_POINT ( 'NONE',  ( -8.150000000000000355, -22.82182225824879751, -15.95357600088130567 ) ) ;
#1077 = DIRECTION ( 'NONE',  ( 0.000000000000000000, 0.000000000000000000, -1.000000000000000000 ) ) ;
#1078 = ORIENTED_EDGE ( 'NONE', *, *, #5666, .T. ) ;
#1079 = PRODUCT_DEFINITION_FORMATION_WITH_SPECIFIED_SOURCE ( 'ANY', '', #7290, .NOT_KNOWN. ) ;
#1080 = CARTESIAN_POINT ( 'NONE',  ( -19.32763161291265774, -20.57279008839592294, -39.20210516234798348 ) ) ;
#1081 = CARTESIAN_POINT ( 'NONE',  ( -12.18715059426205016, 15.76000149238112158, -43.38655504786886041 ) ) ;
#1082 = CARTESIAN_POINT ( 'NONE',  ( -23.44999999999999929, 28.00606868581682107, -15.09249165174121643 ) ) ;
#1083 = ORIENTED_EDGE ( 'NONE', *, *, #5978, .T. ) ;
#1084 = CARTESIAN_POINT ( 'NONE',  ( -19.19599796431936767, -25.43748166966991420, -39.38770450647978549 ) ) ;
#1085 = B_SPLINE_CURVE_WITH_KNOTS ( 'NONE', 3,
 ( #3667, #6399, #1139, #2321 ),
 .UNSPECIFIED., .F., .F.,
 ( 4, 4 ),
 ( 0.000000000000000000, 1.000000000000000000 ),
 .UNSPECIFIED. ) ;
#1086 = CARTESIAN_POINT ( 'NONE',  ( -19.19860340506338048, -20.57279008854555613, -40.22482922281545115 ) ) ;
#1087 = DIRECTION ( 'NONE',  ( -0.1251691050984282405, 0.000000000000000000, 0.9921354217690540045 ) ) ;
#1088 = CARTESIAN_POINT ( 'NONE',  ( -15.11724466667444133, -36.75764474063643661, -21.59167978725307790 ) ) ;
#1089 = DIRECTION ( 'NONE',  ( 1.000000000000000000, -0.000000000000000000, -0.000000000000000000 ) ) ;
#1090 = ORIENTED_EDGE ( 'NONE', *, *, #8428, .F. ) ;
#1091 = ORIENTED_EDGE ( 'NONE', *, *, #1799, .F. ) ;
#1092 = DIRECTION ( 'NONE',  ( 0.000000000000000000, 0.000000000000000000, -1.000000000000000000 ) ) ;
#1093 = FILL_AREA_STYLE_COLOUR ( '', #7785 ) ;
#1094 = CARTESIAN_POINT ( 'NONE',  ( -14.18657491878254717, 14.51464652538407130, -21.29633021694404960 ) ) ;
#1095 = CARTESIAN_POINT ( 'NONE',  ( -13.05694329451492663, -60.27105260366889894, -6.374974986716019032 ) ) ;
#1096 = VERTEX_POINT ( 'NONE', #4617 ) ;
#1097 = CARTESIAN_POINT ( 'NONE',  ( 3.184081677783118191E-15, 13.53753649573836704, -21.29634816116374907 ) ) ;
#1098 = ADVANCED_FACE ( 'NONE', ( #6770 ), #3978, .F. ) ;
#1099 = CARTESIAN_POINT ( 'NONE',  ( -6.000000000000000000, -2.197976607457038600, -6.038891097477679715 ) ) ;
#1100 = CARTESIAN_POINT ( 'NONE',  ( 0.000000000000000000, -76.10435538319671878, 16.87016425251036722 ) ) ;
#1101 = CARTESIAN_POINT ( 'NONE',  ( -10.48447168601375878, -67.51255360434653596, 29.70567073343217146 ) ) ;
#1102 = CARTESIAN_POINT ( 'NONE',  ( -19.65137614678898359, -58.57735115207956511, 19.00500654401064793 ) ) ;
#1103 = CARTESIAN_POINT ( 'NONE',  ( -14.12477861749019681, -51.03007561594824182, -14.02985037675752622 ) ) ;
#1104 = VECTOR ( 'NONE', #7455, 1000.000000000000000 ) ;
#1105 = VERTEX_POINT ( 'NONE', #8043 ) ;
#1106 = DIRECTION ( 'NONE',  ( 0.000000000000000000, 0.000000000000000000, -1.000000000000000000 ) ) ;
#1107 = EDGE_CURVE ( 'NONE', #2233, #4913, #8800, .T. ) ;
#1108 = ADVANCED_FACE ( 'NONE', ( #2689 ), #3003, .F. ) ;
#1109 = CARTESIAN_POINT ( 'NONE',  ( -6.034157695556142009, -79.63623670357179662, 2.727723340682461028 ) ) ;
#1110 = CARTESIAN_POINT ( 'NONE',  ( -11.73704417955358004, -15.03466014122378347, -44.07417932445063258 ) ) ;
#1111 = ORIENTED_EDGE ( 'NONE', *, *, #1606, .T. ) ;
#1112 = FACE_OUTER_BOUND ( 'NONE', #5662, .T. ) ;
#1113 = CARTESIAN_POINT ( 'NONE',  ( -15.00000000000085620, -102.1907507554291072, 11.44887388746197665 ) ) ;
#1114 = AXIS2_PLACEMENT_3D ( 'NONE', #7008, #2937, #246 ) ;
#1115 = DIRECTION ( 'NONE',  ( 0.000000000000000000, -1.334402673828313339E-16, 1.000000000000000000 ) ) ;
#1116 = CARTESIAN_POINT ( 'NONE',  ( -16.16574500787390889, -79.32927538401278866, 13.37930367569045842 ) ) ;
#1117 = LINE ( 'NONE', #2727, #1619 ) ;
#1118 = LINE ( 'NONE', #7915, #4473 ) ;
#1119 = CARTESIAN_POINT ( 'NONE',  ( -5.999999999999998224, -12.01246350426180243, -16.46418557693210616 ) ) ;
#1120 = ORIENTED_EDGE ( 'NONE', *, *, #3221, .F. ) ;
#1121 = CARTESIAN_POINT ( 'NONE',  ( -11.82352145676331467, 17.03119556727226680, -45.23189745280269847 ) ) ;
#1122 = CIRCLE ( 'NONE', #2281, 1.699999999999998401 ) ;
#1123 = CARTESIAN_POINT ( 'NONE',  ( -8.150000000000000355, -76.10435538319671878, 16.87016425251036722 ) ) ;
#1124 = ORIENTED_EDGE ( 'NONE', *, *, #6095, .T. ) ;
#1125 = EDGE_CURVE ( 'NONE', #6142, #4966, #1394, .T. ) ;
#1126 = LINE ( 'NONE', #3696, #406 ) ;
#1127 = LINE ( 'NONE', #7220, #2828 ) ;
#1128 = CARTESIAN_POINT ( 'NONE',  ( -15.25437167126521842, -34.63265638870343111, -22.78015583989601467 ) ) ;
#1129 = PLANE ( 'NONE',  #4666 ) ;
#1130 = ORIENTED_EDGE ( 'NONE', *, *, #5291, .T. ) ;
#1131 = ORIENTED_EDGE ( 'NONE', *, *, #1825, .T. ) ;
#1132 = CARTESIAN_POINT ( 'NONE',  ( -14.09999999999999964, -39.23241120174885310, 6.648580071770402888 ) ) ;
#1133 = B_SPLINE_CURVE_WITH_KNOTS ( 'NONE', 3,
 ( #3559, #6294, #8201, #4195, #112, #4822, #5590, #7541, #1411, #4153, #156, #6878, #738, #2889 ),
 .UNSPECIFIED., .F., .F.,
 ( 4, 2, 2, 2, 2, 2, 4 ),
 ( 0.000000000000000000, 0.4999999999999996669, 0.6250000000000001110, 0.7499999999999997780, 0.8749999999999995559, 0.9374999999999997780, 1.000000000000000000 ),
 .UNSPECIFIED. ) ;
#1134 = PRESENTATION_STYLE_ASSIGNMENT (( #3786 ) ) ;
#1135 = CARTESIAN_POINT ( 'NONE',  ( -13.28830160129916038, 14.92390320383096025, -21.29638206398568911 ) ) ;
#1136 = CARTESIAN_POINT ( 'NONE',  ( -2.999999999999999556, -135.9270157972180471, 29.54511202316014717 ) ) ;
#1137 = LINE ( 'NONE', #8649, #5424 ) ;
#1138 = CARTESIAN_POINT ( 'NONE',  ( -3.184081677783118191E-15, 0.5375364957382012809, -21.29634816116374907 ) ) ;
#1139 = CARTESIAN_POINT ( 'NONE',  ( -14.70700594834913666, 25.87086982907153399, -43.96301482783041337 ) ) ;
#1140 = EDGE_CURVE ( 'NONE', #1271, #2371, #3266, .T. ) ;
#1141 = CARTESIAN_POINT ( 'NONE',  ( -16.56403464474175635, -14.46246350426196869, -43.29634816116374907 ) ) ;
#1142 = FACE_OUTER_BOUND ( 'NONE', #3479, .T. ) ;
#1143 = PLANE ( 'NONE',  #4511 ) ;
#1144 = DIRECTION ( 'NONE',  ( -1.000000000000000000, -0.000000000000000000, -0.000000000000000000 ) ) ;
#1145 = CARTESIAN_POINT ( 'NONE',  ( -22.60936550526009725, -45.35478775904871895, -8.820165193902989031 ) ) ;
#1146 = ORIENTED_EDGE ( 'NONE', *, *, #8743, .T. ) ;
#1147 = CARTESIAN_POINT ( 'NONE',  ( 0.000000000000000000, -75.82056510457229592, 11.89424437510743537 ) ) ;
#1148 = DIRECTION ( 'NONE',  ( -0.000000000000000000, 0.000000000000000000, 1.000000000000000000 ) ) ;
#1149 = CARTESIAN_POINT ( 'NONE',  ( -11.38037638894179082, -15.29719488646517611, -44.23228220533805199 ) ) ;
#1150 = ORIENTED_EDGE ( 'NONE', *, *, #1637, .T. ) ;
#1151 = LINE ( 'NONE', #5959, #6785 ) ;
#1152 = CARTESIAN_POINT ( 'NONE',  ( -15.87556669045135571, -151.1131640076220606, -43.54662542183137930 ) ) ;
#1153 = EDGE_CURVE ( 'NONE', #5861, #4238, #5335, .T. ) ;
#1154 = ADVANCED_FACE ( 'NONE', ( #4137 ), #1878, .F. ) ;
#1155 = CARTESIAN_POINT ( 'NONE',  ( -21.87194704301920467, -32.98603495586348799, -16.84615443279185243 ) ) ;
#1156 = LINE ( 'NONE', #538, #2974 ) ;
#1157 = ADVANCED_FACE ( 'NONE', ( #3998 ), #6718, .T. ) ;
#1158 = DIRECTION ( 'NONE',  ( 0.000000000000000000, 0.000000000000000000, -1.000000000000000000 ) ) ;
#1159 = CARTESIAN_POINT ( 'NONE',  ( -16.36603299829170055, -72.51178717788727113, 24.69341315452328800 ) ) ;
#1160 = CARTESIAN_POINT ( 'NONE',  ( -12.63109957367847969, -14.75526307141514515, -44.34096460462836120 ) ) ;
#1161 = ORIENTED_EDGE ( 'NONE', *, *, #4515, .T. ) ;
#1162 = EDGE_CURVE ( 'NONE', #16, #2681, #3540, .T. ) ;
#1163 = CARTESIAN_POINT ( 'NONE',  ( -1.300011015784769519, -124.4758996252395917, 18.76861490077999761 ) ) ;
#1164 = DIRECTION ( 'NONE',  ( 0.000000000000000000, 0.1736481776669230037, 0.9848077530122093526 ) ) ;
#1165 = ORIENTED_EDGE ( 'NONE', *, *, #7573, .F. ) ;
#1166 = FACE_OUTER_BOUND ( 'NONE', #7031, .T. ) ;
#1167 = EDGE_CURVE ( 'NONE', #2218, #2576, #2240, .T. ) ;
#1168 = CARTESIAN_POINT ( 'NONE',  ( -11.64616886942903129, 16.17781561293961801, -44.12694149554782541 ) ) ;
#1169 = CARTESIAN_POINT ( 'NONE',  ( -14.34815625164969433, -58.32377722248666174, -8.008933040866613950 ) ) ;
#1170 = DIRECTION ( 'NONE',  ( -0.7069318836147713281, -0.01572615429371640103, -0.7071067811865486830 ) ) ;
#1171 = ORIENTED_EDGE ( 'NONE', *, *, #6056, .T. ) ;
#1172 = ORIENTED_EDGE ( 'NONE', *, *, #5217, .F. ) ;
#1173 = CARTESIAN_POINT ( 'NONE',  ( -13.32331054463747932, -13.70121286585203180, -21.03235429999037720 ) ) ;
#1174 = CARTESIAN_POINT ( 'NONE',  ( -17.59798156948334835, 17.53753649573836881, -45.29634816116374196 ) ) ;
#1175 = CARTESIAN_POINT ( 'NONE',  ( 0.000000000000000000, -99.68960827893432963, 9.958714539438515700 ) ) ;
#1176 = AXIS2_PLACEMENT_3D ( 'NONE', #4262, #4976, #2012 ) ;
#1177 = DIRECTION ( 'NONE',  ( -2.716844749132464931E-16, -0.3420201433256693235, -0.9396926207859083169 ) ) ;
#1178 = CARTESIAN_POINT ( 'NONE',  ( -2.999999999999999556, -116.7817809535712144, 22.57681641203646805 ) ) ;
#1179 = CARTESIAN_POINT ( 'NONE',  ( -4.000000000000000000, -32.28376223969119962, -11.23648032529736263 ) ) ;
#1180 = CARTESIAN_POINT ( 'NONE',  ( -16.71357448095990250, -15.42613839582857871, -45.02070182457612191 ) ) ;
#1181 = ORIENTED_EDGE ( 'NONE', *, *, #2979, .F. ) ;
#1182 = CARTESIAN_POINT ( 'NONE',  ( -16.58246250791178866, -68.47573229189866595, 30.05623910598076165 ) ) ;
#1183 = CARTESIAN_POINT ( 'NONE',  ( -14.25000000000000000, -34.26154548852704096, -1.676007379934206343 ) ) ;
#1184 =( BOUNDED_CURVE ( )  B_SPLINE_CURVE ( 3, ( #1141, #348, #2619, #8780 ),
 .UNSPECIFIED., .F., .F. ) 
 B_SPLINE_CURVE_WITH_KNOTS ( ( 4, 4 ),
 ( 2.999903211070821030, 3.273239366913522908 ),
 .UNSPECIFIED. ) 
 CURVE ( )  GEOMETRIC_REPRESENTATION_ITEM ( )  RATIONAL_B_SPLINE_CURVE ( ( 1.000000000000000000, 0.9937836303994913578, 0.9937836303994913578, 1.000000000000000000 ) ) 
 REPRESENTATION_ITEM ( '' )  );
#1185 = CARTESIAN_POINT ( 'NONE',  ( -21.44999999999999929, 31.76599858981257896, -6.718171893605090261 ) ) ;
#1186 = CARTESIAN_POINT ( 'NONE',  ( -14.70674478515864259, -41.56412907867625961, -19.59620401428188075 ) ) ;
#1187 = LINE ( 'NONE', #3927, #223 ) ;
#1188 = CARTESIAN_POINT ( 'NONE',  ( -21.87977466997851650, -51.75959639105156640, -13.47382443642415240 ) ) ;
#1189 = ORIENTED_EDGE ( 'NONE', *, *, #110, .T. ) ;
#1190 = CARTESIAN_POINT ( 'NONE',  ( -22.41545001104327994, 30.99730985317000886, -15.70687772348547817 ) ) ;
#1191 = FACE_OUTER_BOUND ( 'NONE', #2497, .T. ) ;
#1192 = CARTESIAN_POINT ( 'NONE',  ( -15.00000000000000000, -105.4912514368568992, 33.19335686479304570 ) ) ;
#1193 = AXIS2_PLACEMENT_3D ( 'NONE', #4067, #4650, #3924 ) ;
#1194 = ORIENTED_EDGE ( 'NONE', *, *, #3695, .T. ) ;
#1195 = CARTESIAN_POINT ( 'NONE',  ( -9.044605644593863403, -72.18973607636880274, 31.50397843339541737 ) ) ;
#1196 = CARTESIAN_POINT ( 'NONE',  ( -15.00000000000000000, -117.9482343767449919, 31.37372816442281831 ) ) ;
#1197 = VECTOR ( 'NONE', #3653, 1000.000000000000000 ) ;
#1198 = AXIS2_PLACEMENT_3D ( 'NONE', #1584, #4193, #1408 ) ;
#1199 = CIRCLE ( 'NONE', #4369, 6.149999999999988809 ) ;
#1200 = DIRECTION ( 'NONE',  ( 0.000000000000000000, -2.312964634635742661E-15, -1.000000000000000000 ) ) ;
#1201 = EDGE_CURVE ( 'NONE', #7026, #5702, #6819, .T. ) ;
#1202 = CARTESIAN_POINT ( 'NONE',  ( -19.72119572438325363, 21.75897711232704168, -43.54699320107245342 ) ) ;
#1203 = PLANE ( 'NONE',  #472 ) ;
#1204 = DIRECTION ( 'NONE',  ( 1.000000000000000000, -0.000000000000000000, -0.000000000000000000 ) ) ;
#1205 = DIRECTION ( 'NONE',  ( 0.000000000000000000, -0.7660444431189823433, 0.6427876096865341449 ) ) ;
#1206 = VERTEX_POINT ( 'NONE', #2192 ) ;
#1207 = CIRCLE ( 'NONE', #3080, 19.50000000000007816 ) ;
#1208 = CARTESIAN_POINT ( 'NONE',  ( -12.82604529541110061, -14.45711129955116547, -23.12868292992026298 ) ) ;
#1209 = CARTESIAN_POINT ( 'NONE',  ( -1.006939660998470210, -134.9667497062538359, 21.60532227204732791 ) ) ;
#1210 = DIRECTION ( 'NONE',  ( 1.000000000000000000, 0.000000000000000000, 0.000000000000000000 ) ) ;
#1211 = VECTOR ( 'NONE', #3742, 1000.000000000000114 ) ;
#1212 = ORIENTED_EDGE ( 'NONE', *, *, #2445, .T. ) ;
#1213 = EDGE_CURVE ( 'NONE', #3975, #7379, #1526, .T. ) ;
#1214 = ORIENTED_EDGE ( 'NONE', *, *, #602, .F. ) ;
#1215 = EDGE_CURVE ( 'NONE', #2829, #4646, #5359, .T. ) ;
#1216 = DIRECTION ( 'NONE',  ( -1.000000000000000000, 0.000000000000000000, 0.000000000000000000 ) ) ;
#1217 = CIRCLE ( 'NONE', #5949, 60.00000000000000000 ) ;
#1218 = CARTESIAN_POINT ( 'NONE',  ( -12.19083461222129472, 15.75704869086030158, -23.29634816116374907 ) ) ;
#1219 = ADVANCED_FACE ( 'NONE', ( #2872 ), #1481, .T. ) ;
#1220 = DIRECTION ( 'NONE',  ( 0.000000000000000000, -2.118471673958353777E-16, 1.000000000000000000 ) ) ;
#1221 = AXIS2_PLACEMENT_3D ( 'NONE', #5579, #5239, #6606 ) ;
#1222 = LINE ( 'NONE', #7534, #3513 ) ;
#1223 = EDGE_LOOP ( 'NONE', ( #5495, #5871, #6115, #1146, #193, #4320, #5532, #386, #8275, #1061 ) ) ;
#1224 = ORIENTED_EDGE ( 'NONE', *, *, #7459, .F. ) ;
#1225 = CARTESIAN_POINT ( 'NONE',  ( -13.70285664230213740, -13.33799748218925707, -20.74366991288306394 ) ) ;
#1226 = CARTESIAN_POINT ( 'NONE',  ( -2.510740642309706061, -105.4156312594490856, 45.60580874043542110 ) ) ;
#1227 = LINE ( 'NONE', #6829, #638 ) ;
#1228 = EDGE_CURVE ( 'NONE', #5900, #4120, #4954, .T. ) ;
#1229 = VERTEX_POINT ( 'NONE', #4939 ) ;
#1230 = CARTESIAN_POINT ( 'NONE',  ( 0.000000000000000000, 39.70944533907579910, -17.96845401061278125 ) ) ;
#1231 = CARTESIAN_POINT ( 'NONE',  ( -20.82202037929795324, 21.15620141801901610, -42.56436517520326390 ) ) ;
#1232 = LINE ( 'NONE', #2029, #1104 ) ;
#1233 = CARTESIAN_POINT ( 'NONE',  ( -1.406703337988063351, -122.2705011474578640, 18.42123019163082631 ) ) ;
#1234 = ORIENTED_EDGE ( 'NONE', *, *, #6549, .F. ) ;
#1235 = CARTESIAN_POINT ( 'NONE',  ( -12.60681097638096304, 15.86829395095046991, -44.40032344059599012 ) ) ;
#1236 = CARTESIAN_POINT ( 'NONE',  ( -16.30697317944641256, -78.35062957851495469, 13.16409241317461642 ) ) ;
#1237 = CARTESIAN_POINT ( 'NONE',  ( -14.09780191659831594, -52.78228810269431648, -12.65530069856917628 ) ) ;
#1238 = CARTESIAN_POINT ( 'NONE',  ( 23.44999999999999929, 30.22642330811765277, -23.77596164592430483 ) ) ;
#1239 = CARTESIAN_POINT ( 'NONE',  ( -11.54555332180110661, -15.17716518192039743, -44.17439189115440001 ) ) ;
#1240 = ORIENTED_EDGE ( 'NONE', *, *, #4049, .F. ) ;
#1241 = ORIENTED_EDGE ( 'NONE', *, *, #7675, .F. ) ;
#1242 = CARTESIAN_POINT ( 'NONE',  ( -6.749269901708617958, -134.4333481168722528, 46.65985982780490104 ) ) ;
#1243 = EDGE_CURVE ( 'NONE', #6733, #3949, #342, .T. ) ;
#1244 = DIRECTION ( 'NONE',  ( 0.000000000000000000, 0.000000000000000000, 1.000000000000000000 ) ) ;
#1245 = AXIS2_PLACEMENT_3D ( 'NONE', #3512, #6249, #2072 ) ;
#1246 = CARTESIAN_POINT ( 'NONE',  ( -4.852221855458293653, -86.48826968631379941, 3.993343636374170114 ) ) ;
#1247 = CARTESIAN_POINT ( 'NONE',  ( -14.99999999999999822, -100.8642757678722148, 32.69036330572706106 ) ) ;
#1248 =( BOUNDED_SURFACE ( )  B_SPLINE_SURFACE ( 2, 3, ( 
 ( #2179, #883, #5691, #5602, #8350, #4337, #5059, #3613, #8394, #3709, #2314, #8304, #5733, #2277, #5770, #4974, #7767, #972 ),
 ( #3660, #2137, #4885, #4930, #4258, #7646, #4300, #7692, #929, #3572, #844, #6306, #6392, #168, #1643, #2903, #6933, #800 ),
 ( #5644, #2229, #1560, #7605, #7019, #6347, #2949, #212, #5016, #7729, #260, #1599, #2991, #4385, #3528, #1470, #4210, #6470 ) ),
 .UNSPECIFIED., .F., .F., .T. ) 
 B_SPLINE_SURFACE_WITH_KNOTS ( ( 3, 3 ),
 ( 4, 2, 2, 2, 2, 2, 2, 2, 4 ),
 ( 0.000000000000000000, 1.000000000000000000 ),
 ( 0.5927210396997600883, 0.5975929796080799994, 0.6024649195163997994, 0.6073368594247197105, 0.6170807392413595327, 0.6268246190579992438, 0.6316965589663190439, 0.6365684988746389550, 0.6414404387829588661 ),
 .UNSPECIFIED. ) 
 GEOMETRIC_REPRESENTATION_ITEM ( )  RATIONAL_B_SPLINE_SURFACE ( (
 ( 1.000000000000000000, 1.000000000000000000, 1.000000000000000000, 1.000000000000000000, 1.000000000000000000, 1.000000000000000000, 1.000000000000000000, 1.000000000000000000, 1.000000000000000000, 1.000000000000000000, 1.000000000000000000, 1.000000000000000000, 1.000000000000000000, 1.000000000000000000, 1.000000000000000000, 1.000000000000000000, 1.000000000000000000, 1.000000000000000000),
 ( 0.7071067811865460184, 0.7071067811865460184, 0.7071067811865466846, 0.7071067811865466846, 0.7071081986904024230, 0.7071021406660786823, 0.7070975056780574031, 0.7069130824005757097, 0.7065047077208777004, 0.7038836469587008704, 0.7016018493652028676, 0.6983709332863531349, 0.6973626029561539319, 0.6958256797135975447, 0.6953054199558458270, 0.6947656843040866947, 0.6947393757030978501, 0.6947465906068648334),
 ( 1.000000000000000000, 1.000000000000000000, 1.000000000000000000, 1.000000000000000000, 1.000000000000000000, 1.000000000000000000, 1.000000000000000000, 1.000000000000000000, 1.000000000000000000, 1.000000000000000000, 1.000000000000000000, 1.000000000000000000, 1.000000000000000000, 1.000000000000000000, 1.000000000000000000, 1.000000000000000000, 1.000000000000000000, 1.000000000000000000) ) ) 
 REPRESENTATION_ITEM ( '' )  SURFACE ( )  );
#1249 = ORIENTED_EDGE ( 'NONE', *, *, #5729, .F. ) ;
#1250 = CARTESIAN_POINT ( 'NONE',  ( 0.000000000000000000, -79.63623670357654305, 2.727723340683080089 ) ) ;
#1252 = VECTOR ( 'NONE', #5457, 1000.000000000000000 ) ;
#1251 = CARTESIAN_POINT ( 'NONE',  ( -2.882832718273190320, -102.6231847897281000, 11.68974847046961330 ) ) ;
#1253 = ORIENTED_EDGE ( 'NONE', *, *, #1816, .F. ) ;
#1254 = EDGE_CURVE ( 'NONE', #8079, #6799, #7194, .T. ) ;
#1255 = DIRECTION ( 'NONE',  ( -1.000000000000000000, 0.000000000000000000, -0.000000000000000000 ) ) ;
#1256 = CARTESIAN_POINT ( 'NONE',  ( -15.37175718863362128, 26.50439153441216078, -43.32957717892984562 ) ) ;
#1257 = AXIS2_PLACEMENT_3D ( 'NONE', #3639, #4492, #7214 ) ;
#1258 = CARTESIAN_POINT ( 'NONE',  ( -18.44999999999999929, 29.59942153318571556, -6.336145902737852609 ) ) ;
#1259 = CARTESIAN_POINT ( 'NONE',  ( 0.000000000000000000, -61.71939882608335637, -5.159668205671062324 ) ) ;
#1260 = ORIENTED_EDGE ( 'NONE', *, *, #2223, .T. ) ;
#1261 = AXIS2_PLACEMENT_3D ( 'NONE', #1413, #5545, #2260 ) ;
#1262 = EDGE_CURVE ( 'NONE', #8161, #849, #442, .T. ) ;
#1263 = CARTESIAN_POINT ( 'NONE',  ( -12.85464141326600362, -14.44178397176682793, -23.00656556908635508 ) ) ;
#1264 = CARTESIAN_POINT ( 'NONE',  ( -15.38717015118669096, -52.47418028630455922, 21.02326185008634596 ) ) ;
#1265 = DIRECTION ( 'NONE',  ( 0.000000000000000000, 0.000000000000000000, -1.000000000000000000 ) ) ;
#1266 = VECTOR ( 'NONE', #6217, 1000.000000000000000 ) ;
#1267 = PLANE ( 'NONE',  #7248 ) ;
#1268 = CARTESIAN_POINT ( 'NONE',  ( 0.000000000000000000, -46.97192716422416936, 5.310361325380401176 ) ) ;
#1269 = CARTESIAN_POINT ( 'NONE',  ( -21.35730267545118721, -52.98252642993998762, 14.80278073477172818 ) ) ;
#1270 = DIRECTION ( 'NONE',  ( -1.204926281437611157E-16, 0.1736481776669230315, 0.9848077530122093526 ) ) ;
#1271 = VERTEX_POINT ( 'NONE', #3806 ) ;
#1272 = ORIENTED_EDGE ( 'NONE', *, *, #5927, .F. ) ;
#1273 = CARTESIAN_POINT ( 'NONE',  ( -5.999999999999998224, -8.012463504261800651, -21.29634816116374907 ) ) ;
#1274 = CARTESIAN_POINT ( 'NONE',  ( -1.417978734200468161, -115.5779809876890596, 48.09706418208657652 ) ) ;
#1275 = ADVANCED_FACE ( 'NONE', ( #3758, #1779 ), #5071, .T. ) ;
#1276 = CARTESIAN_POINT ( 'NONE',  ( -20.23105298398812835, -56.84697157599850925, 17.72661140917831091 ) ) ;
#1277 = EDGE_CURVE ( 'NONE', #111, #1295, #401, .T. ) ;
#1278 = ORIENTED_EDGE ( 'NONE', *, *, #1456, .F. ) ;
#1279 = CARTESIAN_POINT ( 'NONE',  ( 0.000000000000000000, -116.1242084823501983, 39.94962174011556044 ) ) ;
#1280 = CARTESIAN_POINT ( 'NONE',  ( -6.000000000000000000, -79.93222011369321933, 15.70936642126634375 ) ) ;
#1281 = LINE ( 'NONE', #4018, #4271 ) ;
#1282 = DIRECTION ( 'NONE',  ( 0.000000000000000000, -0.9396926207859083169, 0.3420201433256687129 ) ) ;
#1283 = ORIENTED_EDGE ( 'NONE', *, *, #5809, .T. ) ;
#1284 = CARTESIAN_POINT ( 'NONE',  ( -12.73119576272541842, 15.67267669891501214, -44.02018537820464417 ) ) ;
#1285 = DIRECTION ( 'NONE',  ( 0.000000000000000000, -0.6427876096865382527, -0.7660444431189789016 ) ) ;
#1286 = CARTESIAN_POINT ( 'NONE',  ( -11.76759370817660333, -15.01158359571473255, -44.05397413775480686 ) ) ;
#1287 = EDGE_LOOP ( 'NONE', ( #4457, #5752, #7457, #2625 ) ) ;
#1288 = EDGE_LOOP ( 'NONE', ( #2704, #3135, #258, #8551, #6440 ) ) ;
#1289 = CARTESIAN_POINT ( 'NONE',  ( -15.00000000000000000, -105.4912514368568992, 33.19335686479304570 ) ) ;
#1290 = EDGE_CURVE ( 'NONE', #1733, #5086, #1306, .T. ) ;
#1291 = CARTESIAN_POINT ( 'NONE',  ( -2.926504147419392687, -102.6166046680855430, 44.91963965419709126 ) ) ;
#1292 = EDGE_CURVE ( 'NONE', #925, #3687, #4527, .T. ) ;
#1293 = CARTESIAN_POINT ( 'NONE',  ( -16.56999303613046948, -81.01410668308584206, 2.909620740086306778 ) ) ;
#1294 = CARTESIAN_POINT ( 'NONE',  ( -14.99999999999999822, -102.9604000183755090, 32.95377308256799864 ) ) ;
#1295 = VERTEX_POINT ( 'NONE', #2323 ) ;
#1296 = CARTESIAN_POINT ( 'NONE',  ( -18.44999999999999929, 33.32528787234499390, -13.99956028685670795 ) ) ;
#1297 = DIRECTION ( 'NONE',  ( 0.000000000000000000, -0.9848077530122093526, 0.1736481776669228927 ) ) ;
#1298 = ORIENTED_EDGE ( 'NONE', *, *, #4259, .F. ) ;
#1299 = CARTESIAN_POINT ( 'NONE',  ( -21.58233437016577128, -29.18262992278107859, -19.81237174267825196 ) ) ;
#1300 = CARTESIAN_POINT ( 'NONE',  ( -12.75000000000000000, -119.6812179729371479, 30.17681848394211741 ) ) ;
#1301 = CARTESIAN_POINT ( 'NONE',  ( -14.25000000000000000, -34.26154548852704096, -1.676007379934206343 ) ) ;
#1302 = PLANE ( 'NONE',  #1176 ) ;
#1303 = LINE ( 'NONE', #5964, #6075 ) ;
#1304 = ORIENTED_EDGE ( 'NONE', *, *, #6865, .F. ) ;
#1305 = CARTESIAN_POINT ( 'NONE',  ( -12.96710253951960645, -14.38100749711093052, -22.73001493960334685 ) ) ;
#1306 = B_SPLINE_CURVE_WITH_KNOTS ( 'NONE', 3,
 ( #8445, #3130, #2455, #5911 ),
 .UNSPECIFIED., .F., .F.,
 ( 4, 4 ),
 ( 0.000000000000000000, 1.000000000000000000 ),
 .UNSPECIFIED. ) ;
#1307 = CARTESIAN_POINT ( 'NONE',  ( -6.000000000000000000, -78.95921289866504367, 14.80653258212103474 ) ) ;
#1308 = DIRECTION ( 'NONE',  ( 1.000000000000000000, -0.000000000000000000, -0.000000000000000000 ) ) ;
#1309 = EDGE_CURVE ( 'NONE', #5894, #5475, #8574, .T. ) ;
#1310 = CARTESIAN_POINT ( 'NONE',  ( -10.55000000000000071, -20.10861407777597520, -8.944056119628848833 ) ) ;
#1311 = CARTESIAN_POINT ( 'NONE',  ( -12.13496216969948982, 15.80163813950368912, -43.59964407249727003 ) ) ;
#1312 = CARTESIAN_POINT ( 'NONE',  ( -13.52880719061646175, -58.10907144384422907, -8.189092580537103316 ) ) ;
#1313 = LINE ( 'NONE', #692, #4810 ) ;
#1314 = EDGE_LOOP ( 'NONE', ( #8059, #6906, #5881, #5400 ) ) ;
#1315 = VERTEX_POINT ( 'NONE', #4392 ) ;
#1316 = CARTESIAN_POINT ( 'NONE',  ( -14.99999999999999822, -119.2494020591793173, 48.99709694689980921 ) ) ;
#1317 = CARTESIAN_POINT ( 'NONE',  ( -14.78275756306299726, -54.23580781553185659, 22.43491794090314784 ) ) ;
#1318 = ORIENTED_EDGE ( 'NONE', *, *, #998, .T. ) ;
#1319 = CARTESIAN_POINT ( 'NONE',  ( 25.00505927025263730, -20.45591043310982471, -10.91367162565327220 ) ) ;
#1320 = PLANE ( 'NONE',  #5272 ) ;
#1321 = PRODUCT_RELATED_PRODUCT_CATEGORY ( 'part', '', ( #7290 ) ) ;
#1322 = PLANE ( 'NONE',  #5560 ) ;
#1323 = LINE ( 'NONE', #3517, #8095 ) ;
#1324 = EDGE_LOOP ( 'NONE', ( #4946, #2040, #7130, #2833, #2299, #4100, #1391, #6900, #249, #8352, #1586, #5671, #5132, #6712, #2918, #6024, #2394, #8360, #2873 ) ) ;
#1325 = EDGE_CURVE ( 'NONE', #6270, #107, #1736, .T. ) ;
#1326 = LINE ( 'NONE', #5991, #3995 ) ;
#1327 = VECTOR ( 'NONE', #5789, 1000.000000000000114 ) ;
#1328 = CARTESIAN_POINT ( 'NONE',  ( -15.01420781260043213, -87.87396958368778144, 29.36535078545754729 ) ) ;
#1329 = CARTESIAN_POINT ( 'NONE',  ( -14.23052900656245967, -48.21930563918979118, -15.98421166568592788 ) ) ;
#1330 = B_SPLINE_CURVE_WITH_KNOTS ( 'NONE', 3,
 ( #896, #3626, #3175, #6664, #3132, #6486, #8617, #5873, #2505, #1738, #5246, #6575, #5914, #3262, #4573, #4477, #535, #8489, #7293, #3938 ),
 .UNSPECIFIED., .F., .F.,
 ( 4, 2, 2, 2, 2, 2, 2, 2, 2, 4 ),
 ( 0.003957140283746604821, 0.004451589134833016867, 0.004946037985919429780, 0.005440486837005840959, 0.005934935688092253872, 0.006429384539178665918, 0.006676608964721874109, 0.006923833390265082301, 0.007418282241351499551, 0.007912731092437915933 ),
 .UNSPECIFIED. ) ;
#1331 = CARTESIAN_POINT ( 'NONE',  ( -1.006939660998470210, -134.9667497062538359, 21.60532227204732791 ) ) ;
#1332 = CARTESIAN_POINT ( 'NONE',  ( -19.71383824820377484, 21.42720991145441545, -43.54662542183136509 ) ) ;
#1333 = VERTEX_POINT ( 'NONE', #1694 ) ;
#1334 = EDGE_LOOP ( 'NONE', ( #7145, #8107, #1624, #1120 ) ) ;
#1335 = ADVANCED_FACE ( 'NONE', ( #3173 ), #3002, .F. ) ;
#1336 = CARTESIAN_POINT ( 'NONE',  ( -15.00000000000000000, -115.7360491296796567, 34.41839629057731997 ) ) ;
#1337 = AXIS2_PLACEMENT_3D ( 'NONE', #2737, #5481, #8096 ) ;
#1338 = DIRECTION ( 'NONE',  ( -0.000000000000000000, -0.000000000000000000, -1.000000000000000000 ) ) ;
#1339 = EDGE_CURVE ( 'NONE', #6358, #4901, #4077, .T. ) ;
#1340 = CARTESIAN_POINT ( 'NONE',  ( -14.10000000000000142, -71.97364255504820107, 6.055478503969698778 ) ) ;
#1341 = CARTESIAN_POINT ( 'NONE',  ( -12.81600561797617566, -14.46246350426197758, -23.29634816116374907 ) ) ;
#1342 = EDGE_CURVE ( 'NONE', #1831, #529, #4519, .T. ) ;
#1343 = VERTEX_POINT ( 'NONE', #5327 ) ;
#1344 = CARTESIAN_POINT ( 'NONE',  ( -2.441816336293519907, -107.4206068717840594, 14.09617504728798920 ) ) ;
#1345 = VERTEX_POINT ( 'NONE', #2547 ) ;
#1346 = ADVANCED_FACE ( 'NONE', ( #3302 ), #5427, .T. ) ;
#1347 = CARTESIAN_POINT ( 'NONE',  ( 21.44999999999999929, 30.98458179031142024, -11.14980678216003085 ) ) ;
#1348 = CARTESIAN_POINT ( 'NONE',  ( -19.71383824820377484, 21.42720991145441900, -43.54662542183135798 ) ) ;
#1349 = CARTESIAN_POINT ( 'NONE',  ( -15.26861547987474665, -23.07679744670272370, -45.29634816116374907 ) ) ;
#1350 = VERTEX_POINT ( 'NONE', #6761 ) ;
#1351 = CARTESIAN_POINT ( 'NONE',  ( -12.86643652015997930, -14.43545291778600692, -22.96625074263823763 ) ) ;
#1352 = AXIS2_PLACEMENT_3D ( 'NONE', #8621, #2508, #2332 ) ;
#1353 = CARTESIAN_POINT ( 'NONE',  ( -12.77925525088327596, 15.59627742602075884, -43.77943824049257415 ) ) ;
#1354 = VECTOR ( 'NONE', #1205, 1000.000000000000114 ) ;
#1355 = LINE ( 'NONE', #6632, #7824 ) ;
#1356 = CARTESIAN_POINT ( 'NONE',  ( 0.000000000000000000, 65.37459915186103387, -40.29634816116372775 ) ) ;
#1357 = CARTESIAN_POINT ( 'NONE',  ( -12.67335791100572351, -61.71939882608335637, -5.159668205671061436 ) ) ;
#1358 = CARTESIAN_POINT ( 'NONE',  ( -6.000000000000000000, -121.9262817083872505, 27.64179487437733940 ) ) ;
#1359 = EDGE_LOOP ( 'NONE', ( #1091, #3100, #4034, #7036 ) ) ;
#1360 = AXIS2_PLACEMENT_3D ( 'NONE', #4075, #712, #3699 ) ;
#1361 = ORIENTED_EDGE ( 'NONE', *, *, #3970, .T. ) ;
#1362 = CARTESIAN_POINT ( 'NONE',  ( -15.00000000000000000, -113.3102421485133675, 34.07866424528317140 ) ) ;
#1363 = DIRECTION ( 'NONE',  ( -1.000000000000000000, 0.000000000000000000, 0.000000000000000000 ) ) ;
#1364 = ORIENTED_EDGE ( 'NONE', *, *, #6629, .F. ) ;
#1365 = CARTESIAN_POINT ( 'NONE',  ( 23.44999999999999929, 26.53753649573820539, -43.29634816116374196 ) ) ;
#1366 = DIRECTION ( 'NONE',  ( 0.000000000000000000, -0.6427876096865349220, -0.7660444431189816772 ) ) ;
#1367 = AXIS2_PLACEMENT_3D ( 'NONE', #2202, #6370, #2115 ) ;
#1368 = CARTESIAN_POINT ( 'NONE',  ( -21.44999999999999574, -39.33069177476031086, 1.248673103258287842 ) ) ;
#1369 = CARTESIAN_POINT ( 'NONE',  ( -14.96148351789102726, -38.50028961305760333, -20.85005250131177590 ) ) ;
#1370 = CARTESIAN_POINT ( 'NONE',  ( -4.000000000000000000, -30.39113852184311071, -11.88299054380818021 ) ) ;
#1371 = ORIENTED_EDGE ( 'NONE', *, *, #1793, .F. ) ;
#1372 = DIRECTION ( 'NONE',  ( 1.000000000000000000, 0.000000000000000000, 0.000000000000000000 ) ) ;
#1373 = CARTESIAN_POINT ( 'NONE',  ( -19.42708428922168906, -68.61108235353600548, -0.5440815568261998525 ) ) ;
#1374 = DIRECTION ( 'NONE',  ( 0.000000000000000000, -9.251858538542962756E-15, -1.000000000000000000 ) ) ;
#1375 = CARTESIAN_POINT ( 'NONE',  ( -14.99999999999906564, -127.2749452060015756, 19.28885296516972048 ) ) ;
#1376 = CARTESIAN_POINT ( 'NONE',  ( -22.61976279644417787, 15.51509163005818337, -19.47075456690801332 ) ) ;
#1377 = ORIENTED_EDGE ( 'NONE', *, *, #7862, .F. ) ;
#1378 = ORIENTED_EDGE ( 'NONE', *, *, #8254, .F. ) ;
#1379 = EDGE_CURVE ( 'NONE', #3558, #5669, #4033, .T. ) ;
#1380 = CARTESIAN_POINT ( 'NONE',  ( -15.00000000000000000, -121.3046707256536223, 35.34369902308387168 ) ) ;
#1381 = CARTESIAN_POINT ( 'NONE',  ( 13.65638079047952047, -83.73709318997876494, 5.388271468960138755 ) ) ;
#1382 = CIRCLE ( 'NONE', #1800, 6.000000000000000000 ) ;
#1383 = LINE ( 'NONE', #803, #3797 ) ;
#1384 = DIRECTION ( 'NONE',  ( 0.000000000000000000, 0.9848077530122092416, -0.1736481776669233090 ) ) ;
#1385 = AXIS2_PLACEMENT_3D ( 'NONE', #7289, #355, #1652 ) ;
#1386 = DIRECTION ( 'NONE',  ( 1.000000000000000000, 0.000000000000000000, -2.891205793294664521E-16 ) ) ;
#1387 = ORIENTED_EDGE ( 'NONE', *, *, #1162, .T. ) ;
#1388 = CARTESIAN_POINT ( 'NONE',  ( -15.00000000000000000, -105.4912514368568992, 33.19335686479304570 ) ) ;
#1389 = CARTESIAN_POINT ( 'NONE',  ( -15.00000000000000000, -130.4704939328017872, 37.72199820903487932 ) ) ;
#1390 = ORIENTED_EDGE ( 'NONE', *, *, #7862, .T. ) ;
#1391 = ORIENTED_EDGE ( 'NONE', *, *, #4301, .T. ) ;
#1392 = EDGE_CURVE ( 'NONE', #2371, #5624, #8661, .T. ) ;
#1393 = CARTESIAN_POINT ( 'NONE',  ( -22.19520031837187446, 18.06399676397604281, -23.28543047189868531 ) ) ;
#1394 = LINE ( 'NONE', #7389, #4697 ) ;
#1395 = VECTOR ( 'NONE', #5633, 1000.000000000000000 ) ;
#1396 = ORIENTED_EDGE ( 'NONE', *, *, #5184, .T. ) ;
#1397 = CIRCLE ( 'NONE', #2678, 1.700000000000010614 ) ;
#1398 = EDGE_CURVE ( 'NONE', #7056, #743, #2629, .T. ) ;
#1399 = LINE ( 'NONE', #6236, #3515 ) ;
#1400 = CARTESIAN_POINT ( 'NONE',  ( -14.64014664189382486, -13.21633236712922255, -21.29635288691378037 ) ) ;
#1401 = VECTOR ( 'NONE', #563, 1000.000000000000114 ) ;
#1402 = CARTESIAN_POINT ( 'NONE',  ( -12.81601314994198759, 15.53753055544333606, -23.21165421821665120 ) ) ;
#1403 = CARTESIAN_POINT ( 'NONE',  ( -5.750000000000000000, 8.887536495738197928, -34.50673323046109431 ) ) ;
#1404 = DIRECTION ( 'NONE',  ( 1.000000000000000000, -0.000000000000000000, -0.000000000000000000 ) ) ;
#1405 = ORIENTED_EDGE ( 'NONE', *, *, #3389, .F. ) ;
#1406 = VERTEX_POINT ( 'NONE', #5377 ) ;
#1407 = FACE_OUTER_BOUND ( 'NONE', #8612, .T. ) ;
#1408 = DIRECTION ( 'NONE',  ( -2.592365900567902216E-17, -1.000000000000000000, 0.000000000000000000 ) ) ;
#1409 = AXIS2_PLACEMENT_3D ( 'NONE', #194, #4914, #4105 ) ;
#1410 = ORIENTED_EDGE ( 'NONE', *, *, #1045, .F. ) ;
#1411 = CARTESIAN_POINT ( 'NONE',  ( -6.541508806474363169, -77.88314718526051195, 2.454502781571934023 ) ) ;
#1412 = CARTESIAN_POINT ( 'NONE',  ( -15.33161286588522998, -32.97973345877191775, -23.95158913523130551 ) ) ;
#1413 = CARTESIAN_POINT ( 'NONE',  ( 23.44999999999999929, 26.53753649573820184, -45.29634816116374196 ) ) ;
#1414 = ADVANCED_FACE ( 'NONE', ( #8128 ), #7470, .F. ) ;
#1415 = DIRECTION ( 'NONE',  ( -0.000000000000000000, -0.9143751889140099287, 0.4048678968484271112 ) ) ;
#1416 = CARTESIAN_POINT ( 'NONE',  ( -4.934465383814631956, -90.38772566153639332, 40.46869169737222194 ) ) ;
#1417 = ORIENTED_EDGE ( 'NONE', *, *, #5828, .T. ) ;
#1418 = CARTESIAN_POINT ( 'NONE',  ( 23.44999999999999929, 65.37459915186103387, -40.29634816116372775 ) ) ;
#1419 = CARTESIAN_POINT ( 'NONE',  ( -6.550000000000000711, 3.821973896550819205, -11.43743920351424137 ) ) ;
#1420 = CARTESIAN_POINT ( 'NONE',  ( -9.757152374709427534, -68.45471254841437769, -0.6361167565398309076 ) ) ;
#1421 = CARTESIAN_POINT ( 'NONE',  ( 15.00000000000000000, -136.9394358138791858, 22.44088499817747362 ) ) ;
#1422 = CARTESIAN_POINT ( 'NONE',  ( -14.00000000000000000, 0.5375364957381987274, -19.19634816116375831 ) ) ;
#1423 = CARTESIAN_POINT ( 'NONE',  ( -22.40301463149664229, 17.60089995828667497, -21.55656289514453050 ) ) ;
#1424 = ORIENTED_EDGE ( 'NONE', *, *, #1045, .T. ) ;
#1425 = VERTEX_POINT ( 'NONE', #4753 ) ;
#1426 = CARTESIAN_POINT ( 'NONE',  ( -15.00000000000000000, -110.2714881717487714, 33.69962553267061622 ) ) ;
#1427 = CARTESIAN_POINT ( 'NONE',  ( -14.99999999999999822, -104.4720218044247275, 45.37448702326444305 ) ) ;
#1428 = CARTESIAN_POINT ( 'NONE',  ( -3.188798608406880231, -99.68960827893417331, 9.958714539438421554 ) ) ;
#1429 = DIRECTION ( 'NONE',  ( 0.000000000000000000, 0.7660444431189823433, -0.6427876096865341449 ) ) ;
#1430 = VERTEX_POINT ( 'NONE', #8084 ) ;
#1431 = LINE ( 'NONE', #3395, #7046 ) ;
#1432 = DIRECTION ( 'NONE',  ( 0.02224014068614565617, -0.9997526574819696199, 0.000000000000000000 ) ) ;
#1433 = VERTEX_POINT ( 'NONE', #8034 ) ;
#1434 = ORIENTED_EDGE ( 'NONE', *, *, #2034, .T. ) ;
#1435 = DIRECTION ( 'NONE',  ( 0.000000000000000000, -0.7660444431189817882, 0.6427876096865347000 ) ) ;
#1436 = CARTESIAN_POINT ( 'NONE',  ( -15.00000000000000000, -125.4359081390540922, 33.08806100013262608 ) ) ;
#1437 = VERTEX_POINT ( 'NONE', #1963 ) ;
#1438 = EDGE_CURVE ( 'NONE', #4256, #6705, #5162, .T. ) ;
#1439 = CARTESIAN_POINT ( 'NONE',  ( -12.23880547039628475, -14.64343620404610213, -22.80120203337452622 ) ) ;
#1440 = PLANE ( 'NONE',  #1221 ) ;
#1441 = LINE ( 'NONE', #5820, #3916 ) ;
#1442 = ORIENTED_EDGE ( 'NONE', *, *, #949, .F. ) ;
#1443 = EDGE_CURVE ( 'NONE', #6754, #806, #1869, .T. ) ;
#1444 = DIRECTION ( 'NONE',  ( -0.000000000000000000, -0.9396926207859082059, 0.3420201433256692125 ) ) ;
#1445 = CARTESIAN_POINT ( 'NONE',  ( -12.39811334357028905, 15.58870668243348767, -22.27957370554075567 ) ) ;
#1446 = EDGE_CURVE ( 'NONE', #352, #6763, #437, .T. ) ;
#1447 = CARTESIAN_POINT ( 'NONE',  ( -15.49753547128878672, -52.15947877224031970, 20.75919592570411609 ) ) ;
#1448 = DIRECTION ( 'NONE',  ( 0.9921354217690540045, 0.000000000000000000, 0.1251691050984285458 ) ) ;
#1449 = EDGE_LOOP ( 'NONE', ( #2731, #8333, #8662, #5571 ) ) ;
#1450 = EDGE_CURVE ( 'NONE', #3338, #4053, #3393, .T. ) ;
#1451 = ORIENTED_EDGE ( 'NONE', *, *, #2054, .F. ) ;
#1452 = CARTESIAN_POINT ( 'NONE',  ( -13.69875924012652568, 15.03843072280761284, -21.97275567917452932 ) ) ;
#1453 = DIRECTION ( 'NONE',  ( 1.000000000000000000, -0.000000000000000000, -0.000000000000000000 ) ) ;
#1454 = ORIENTED_EDGE ( 'NONE', *, *, #3001, .T. ) ;
#1455 = CARTESIAN_POINT ( 'NONE',  ( -4.400000000000000355, -134.4905311952501847, 33.49182103046094738 ) ) ;
#1456 = EDGE_CURVE ( 'NONE', #4059, #8250, #775, .T. ) ;
#1457 = CYLINDRICAL_SURFACE ( 'NONE', #7552, 2.999999999999999112 ) ;
#1458 = CARTESIAN_POINT ( 'NONE',  ( -14.99999999999999645, -132.0132444307423611, 33.56645759023869147 ) ) ;
#1459 = CARTESIAN_POINT ( 'NONE',  ( -5.473081414669242584, -87.60846477582181535, 39.09956920119689272 ) ) ;
#1460 = ORIENTED_EDGE ( 'NONE', *, *, #8442, .T. ) ;
#1461 = CARTESIAN_POINT ( 'NONE',  ( -15.00000000000000000, -122.5751048948750963, 49.85824699989230879 ) ) ;
#1462 = CARTESIAN_POINT ( 'NONE',  ( -0.5171597245336072568, -57.43085784527288951, 24.68650956725688062 ) ) ;
#1463 = CARTESIAN_POINT ( 'NONE',  ( -6.168883425261207698, -83.81875001338853792, 37.23267582605368631 ) ) ;
#1464 = CARTESIAN_POINT ( 'NONE',  ( 0.000000000000000000, -31.33745038076713740, -11.55973543455278296 ) ) ;
#1465 =( NAMED_UNIT ( * ) PLANE_ANGLE_UNIT ( ) SI_UNIT ( $, .RADIAN. ) );
#1466 = CARTESIAN_POINT ( 'NONE',  ( -11.75040700695752527, -16.05923626490723777, -45.25793637731227648 ) ) ;
#1467 = ORIENTED_EDGE ( 'NONE', *, *, #4518, .F. ) ;
#1468 = ORIENTED_EDGE ( 'NONE', *, *, #5009, .F. ) ;
#1469 = FACE_OUTER_BOUND ( 'NONE', #7091, .T. ) ;
#1470 = CARTESIAN_POINT ( 'NONE',  ( -4.990931281906481942, -90.10844352106579436, 40.33111142800503757 ) ) ;
#1471 = LINE ( 'NONE', #41, #3213 ) ;
#1472 = CARTESIAN_POINT ( 'NONE',  ( -14.99200959049337634, -99.77604891709218293, 10.01301644943759683 ) ) ;
#1473 = LINE ( 'NONE', #6010, #2326 ) ;
#1474 = ORIENTED_EDGE ( 'NONE', *, *, #1828, .F. ) ;
#1475 = CARTESIAN_POINT ( 'NONE',  ( -21.44999999999999929, -34.90548628911400897, 5.037809734445605869 ) ) ;
#1476 = LINE ( 'NONE', #6271, #3083 ) ;
#1477 = CARTESIAN_POINT ( 'NONE',  ( -12.33456095222648585, 15.64082487577854508, -22.44684832882187919 ) ) ;
#1478 = ORIENTED_EDGE ( 'NONE', *, *, #7575, .F. ) ;
#1479 = AXIS2_PLACEMENT_3D ( 'NONE', #8044, #2231, #4717 ) ;
#1480 = LINE ( 'NONE', #4985, #931 ) ;
#1481 = CYLINDRICAL_SURFACE ( 'NONE', #2956, 6.000000000000000000 ) ;
#1482 = EDGE_LOOP ( 'NONE', ( #7653, #934, #8642, #409 ) ) ;
#1483 = CARTESIAN_POINT ( 'NONE',  ( -17.38661187172644063, 15.73902070276001197, -44.19911368896472936 ) ) ;
#1484 = LINE ( 'NONE', #8237, #2636 ) ;
#1485 = DIRECTION ( 'NONE',  ( -1.000000000000000000, -0.000000000000000000, -0.000000000000000000 ) ) ;
#1486 = ORIENTED_EDGE ( 'NONE', *, *, #1446, .F. ) ;
#1487 = ADVANCED_FACE ( 'NONE', ( #7993 ), #3260, .T. ) ;
#1488 = CARTESIAN_POINT ( 'NONE',  ( -17.04360374623862029, -24.26241033679751169, -43.45985185926101479 ) ) ;
#1489 = CARTESIAN_POINT ( 'NONE',  ( -13.93588179381650782, 14.17767606172250439, -20.61042444509041616 ) ) ;
#1490 = CARTESIAN_POINT ( 'NONE',  ( -16.62356918122643989, -48.97335246964942002, 18.08571852031589344 ) ) ;
#1491 = DIRECTION ( 'NONE',  ( 0.000000000000000000, -0.6066554569276927378, 0.7949648775762689912 ) ) ;
#1492 = VERTEX_POINT ( 'NONE', #533 ) ;
#1493 = VECTOR ( 'NONE', #270, 1000.000000000000000 ) ;
#1494 = ORIENTED_EDGE ( 'NONE', *, *, #3297, .T. ) ;
#1495 = CARTESIAN_POINT ( 'NONE',  ( -12.89436615768728345, 15.49548786082763208, -22.88637491074265995 ) ) ;
#1496 = CARTESIAN_POINT ( 'NONE',  ( -15.90207410431439605, 26.53753649573821249, -34.56205723228875826 ) ) ;
#1497 = EDGE_LOOP ( 'NONE', ( #1474, #1657, #2320, #457 ) ) ;
#1498 = EDGE_CURVE ( 'NONE', #8839, #2431, #6003, .T. ) ;
#1499 = DIRECTION ( 'NONE',  ( 1.000000000000000000, 0.000000000000000000, 0.000000000000000000 ) ) ;
#1500 = CARTESIAN_POINT ( 'NONE',  ( -14.09999999999999964, -60.96200874009102222, 17.04943361583019623 ) ) ;
#1501 = EDGE_CURVE ( 'NONE', #4734, #271, #8224, .T. ) ;
#1502 = CARTESIAN_POINT ( 'NONE',  ( 23.44999999999999929, -130.9482816024203942, 19.78811616247799066 ) ) ;
#1503 = LINE ( 'NONE', #292, #3827 ) ;
#1504 = VERTEX_POINT ( 'NONE', #4843 ) ;
#1505 = CARTESIAN_POINT ( 'NONE',  ( -15.00000000000000000, -120.4859869534278403, 49.30024030737040164 ) ) ;
#1506 = CARTESIAN_POINT ( 'NONE',  ( -21.87423932168684715, -15.30549618202188533, -19.94554102552162433 ) ) ;
#1507 = CARTESIAN_POINT ( 'NONE',  ( -15.74228304299637315, -74.09813834299323787, 32.44409761703076356 ) ) ;
#1508 = CYLINDRICAL_SURFACE ( 'NONE', #5514, 3.000000000000000444 ) ;
#1509 = AXIS2_PLACEMENT_3D ( 'NONE', #3716, #5027, #1609 ) ;
#1510 = CARTESIAN_POINT ( 'NONE',  ( -12.33894388107201578, -15.20400515120358165, -44.85201048773352284 ) ) ;
#1511 = VECTOR ( 'NONE', #3576, 1000.000000000000000 ) ;
#1512 = ORIENTED_EDGE ( 'NONE', *, *, #4591, .F. ) ;
#1513 = CARTESIAN_POINT ( 'NONE',  ( -14.09999999999999964, -53.46956596784184512, 3.060624641958697989 ) ) ;
#1514 = DIRECTION ( 'NONE',  ( 1.000000000000000000, -0.000000000000000000, -0.000000000000000000 ) ) ;
#1515 = CARTESIAN_POINT ( 'NONE',  ( -15.00171193542355574, -93.76053454713503754, 20.21527613325362438 ) ) ;
#1516 = PLANE ( 'NONE',  #6611 ) ;
#1517 = VECTOR ( 'NONE', #3498, 1000.000000000000114 ) ;
#1518 = EDGE_LOOP ( 'NONE', ( #8391, #4165 ) ) ;
#1519 = CARTESIAN_POINT ( 'NONE',  ( -22.17642267753880603, -39.24550767673098051, -13.32905693424736526 ) ) ;
#1520 = CARTESIAN_POINT ( 'NONE',  ( -14.15179752618544562, -50.11517810689048957, -14.69762821809464093 ) ) ;
#1521 = ORIENTED_EDGE ( 'NONE', *, *, #2644, .F. ) ;
#1522 = EDGE_CURVE ( 'NONE', #6261, #7432, #6177, .T. ) ;
#1523 = VECTOR ( 'NONE', #7997, 1000.000000000000000 ) ;
#1524 = CARTESIAN_POINT ( 'NONE',  ( -22.00976122522246925, -35.77908046064912639, -15.26130029339914707 ) ) ;
#1525 = CARTESIAN_POINT ( 'NONE',  ( -20.34827234278492369, 14.18196713623609462, -21.39849567188189639 ) ) ;
#1526 = LINE ( 'NONE', #4894, #2520 ) ;
#1527 = EDGE_LOOP ( 'NONE', ( #6535, #8310, #8657, #733 ) ) ;
#1528 = CARTESIAN_POINT ( 'NONE',  ( -15.08548988013510694, 21.53753649573820539, -40.29634816116373486 ) ) ;
#1529 = CARTESIAN_POINT ( 'NONE',  ( -14.04600144484141566, -13.75042464922475283, -21.76591925706008013 ) ) ;
#1530 = EDGE_CURVE ( 'NONE', #8208, #1582, #42, .T. ) ;
#1531 = CARTESIAN_POINT ( 'NONE',  ( -18.17018397121490736, 32.41348896044122085, -18.34364437735654718 ) ) ;
#1532 = ORIENTED_EDGE ( 'NONE', *, *, #4354, .F. ) ;
#1533 = CARTESIAN_POINT ( 'NONE',  ( -16.56403464474175635, -14.46246350426196869, -43.29634816116374907 ) ) ;
#1534 = EDGE_CURVE ( 'NONE', #8145, #6229, #5513, .T. ) ;
#1535 = CARTESIAN_POINT ( 'NONE',  ( -13.34917551253261969, 15.24299959284100936, -22.24929753470344096 ) ) ;
#1536 = CARTESIAN_POINT ( 'NONE',  ( -20.99204033674545045, -52.08140958829910971, 20.69368810225219946 ) ) ;
#1537 = FACE_OUTER_BOUND ( 'NONE', #765, .T. ) ;
#1538 = ORIENTED_EDGE ( 'NONE', *, *, #6188, .T. ) ;
#1539 =( BOUNDED_CURVE ( )  B_SPLINE_CURVE ( 2, ( #8397, #5736, #217 ),
 .UNSPECIFIED., .F., .F. ) 
 B_SPLINE_CURVE_WITH_KNOTS ( ( 3, 3 ),
 ( 0.000000000000000000, 1.000000000000000000 ),
 .UNSPECIFIED. ) 
 CURVE ( )  GEOMETRIC_REPRESENTATION_ITEM ( )  RATIONAL_B_SPLINE_CURVE ( ( 1.000000000000000000, 0.7071067811865475727, 1.000000000000000000 ) ) 
 REPRESENTATION_ITEM ( '' )  );
#1540 = ORIENTED_EDGE ( 'NONE', *, *, #8125, .T. ) ;
#1541 = CARTESIAN_POINT ( 'NONE',  ( -12.82604529541116101, 15.53218429102754783, -23.12868292992026298 ) ) ;
#1542 = VECTOR ( 'NONE', #2305, 1000.000000000000114 ) ;
#1543 = DIRECTION ( 'NONE',  ( -0.000000000000000000, -0.000000000000000000, 1.000000000000000000 ) ) ;
#1544 = ORIENTED_EDGE ( 'NONE', *, *, #3628, .T. ) ;
#1545 = DIRECTION ( 'NONE',  ( -1.000000000000000000, 0.000000000000000000, 0.000000000000000000 ) ) ;
#1546 = DIRECTION ( 'NONE',  ( 1.000000000000000000, -9.292156304918773440E-17, -2.552998962580719166E-16 ) ) ;
#1547 = DIRECTION ( 'NONE',  ( 0.000000000000000000, -0.6427876096865348110, -0.7660444431189818992 ) ) ;
#1548 = CARTESIAN_POINT ( 'NONE',  ( 0.000000000000000000, 8.887536495738197928, -21.29634816116374907 ) ) ;
#1549 = CARTESIAN_POINT ( 'NONE',  ( -16.35000000000000142, 0.5375364957381987274, -5.781171213874287673 ) ) ;
#1550 = ORIENTED_EDGE ( 'NONE', *, *, #1443, .F. ) ;
#1551 = B_SPLINE_CURVE_WITH_KNOTS ( 'NONE', 3,
 ( #108, #8331, #153, #3462, #7042, #3555, #7714, #63, #735, #8248, #3638, #2254, #6292, #2118, #5715, #4284, #2163, #5042, #7586, #4911, #1452, #8418, #4192, #7630, #6915, #6245, #866, #2300, #8374, #777, #4322, #3598, #1495, #6377, #2886, #1541, #6329, #4236 ),
 .UNSPECIFIED., .F., .F.,
 ( 4, 2, 2, 2, 2, 2, 2, 2, 2, 2, 2, 2, 2, 2, 2, 2, 2, 2, 4 ),
 ( 0.000000000000000000, 0.08125017308448659326, 0.1468751607213089339, 0.2125001483581312745, 0.2453126421765424447, 0.2781251359949536428, 0.3437501236317760944, 0.4750000989054208866, 0.5078125927238321680, 0.5406250865422432828, 0.6062500741790656233, 0.6718750618158880750, 0.7375000494527105266, 0.8031250370895328672, 0.8359375309079439820, 0.8687500247263552078, 0.9015625185447664336, 0.9343750123631776594, 1.000000000000000000 ),
 .UNSPECIFIED. ) ;
#1552 = CARTESIAN_POINT ( 'NONE',  ( -3.580420042384595547, -56.96766030652879209, 24.38305149965341556 ) ) ;
#1553 = VECTOR ( 'NONE', #8553, 1000.000000000000000 ) ;
#1554 = ADVANCED_FACE ( 'NONE', ( #2461 ), #8579, .T. ) ;
#1555 = CARTESIAN_POINT ( 'NONE',  ( -5.785511251114844100, -85.89756278093665287, 38.25674281451664882 ) ) ;
#1556 = DIRECTION ( 'NONE',  ( -1.000000000000000000, -0.000000000000000000, -0.000000000000000000 ) ) ;
#1557 = CARTESIAN_POINT ( 'NONE',  ( -12.13763297933436469, -15.50363113420315742, -45.05243562114141298 ) ) ;
#1558 = ORIENTED_EDGE ( 'NONE', *, *, #6042, .T. ) ;
#1559 = CARTESIAN_POINT ( 'NONE',  ( -5.785511251114816567, -85.89756278093665287, 38.25674281451664882 ) ) ;
#1560 = CARTESIAN_POINT ( 'NONE',  ( -5.728761262716954406, -86.21256735793318171, 38.41192070910759071 ) ) ;
#1561 = EDGE_CURVE ( 'NONE', #4928, #6763, #3980, .T. ) ;
#1562 = CARTESIAN_POINT ( 'NONE',  ( -15.00000000000000000, -94.83578902281104206, 31.43931079701635412 ) ) ;
#1563 = PLANE ( 'NONE',  #6768 ) ;
#1564 = ORIENTED_EDGE ( 'NONE', *, *, #7886, .T. ) ;
#1565 = DIRECTION ( 'NONE',  ( -2.592365900567902216E-17, -1.000000000000000000, 0.000000000000000000 ) ) ;
#1566 = CARTESIAN_POINT ( 'NONE',  ( -12.89256779264292696, 15.16765008446191310, -21.46765821339138824 ) ) ;
#1567 = EDGE_CURVE ( 'NONE', #8795, #402, #6625, .T. ) ;
#1568 = VERTEX_POINT ( 'NONE', #3096 ) ;
#1569 = EDGE_CURVE ( 'NONE', #5086, #6942, #8542, .T. ) ;
#1570 = CARTESIAN_POINT ( 'NONE',  ( -22.63972792551156488, 13.78622405329032397, -19.00765776121294692 ) ) ;
#1571 = CARTESIAN_POINT ( 'NONE',  ( -15.00000000000000000, -124.3536407970102289, 32.78514891524978481 ) ) ;
#1572 = VERTEX_POINT ( 'NONE', #1836 ) ;
#1573 = B_SPLINE_CURVE_WITH_KNOTS ( 'NONE', 3,
 ( #3243, #8113, #3376, #700, #3425, #7414, #4690, #6162, #6031, #5498 ),
 .UNSPECIFIED., .F., .F.,
 ( 4, 2, 2, 2, 4 ),
 ( 0.000000000000000000, 0.1249999999999999306, 0.2500000000000001110, 0.5000000000000002220, 1.000000000000000000 ),
 .UNSPECIFIED. ) ;
#1574 = CARTESIAN_POINT ( 'NONE',  ( -13.70544156170686279, -13.96329293889874990, -21.97937364158465812 ) ) ;
#1575 = CARTESIAN_POINT ( 'NONE',  ( -23.06001620227747040, 32.23793631218531175, -18.92983617368320992 ) ) ;
#1576 = VERTEX_POINT ( 'NONE', #5748 ) ;
#1577 = DIRECTION ( 'NONE',  ( 0.000000000000000000, -0.3420201433256735979, -0.9396926207859065405 ) ) ;
#1578 = CARTESIAN_POINT ( 'NONE',  ( -13.55372511535928126, 15.12445371175696707, -22.07722152930343995 ) ) ;
#1579 = DIRECTION ( 'NONE',  ( 0.000000000000000000, -0.7660444431189820103, 0.6427876096865345890 ) ) ;
#1580 = CARTESIAN_POINT ( 'NONE',  ( -11.92874764712518676, -15.80654107938895692, -45.18647283909207601 ) ) ;
#1581 = ORIENTED_EDGE ( 'NONE', *, *, #6450, .F. ) ;
#1582 = VERTEX_POINT ( 'NONE', #5837 ) ;
#1583 = LINE ( 'NONE', #4868, #4806 ) ;
#1584 = CARTESIAN_POINT ( 'NONE',  ( -14.24999999999999822, 30.63728543497760270, -13.11942228818445599 ) ) ;
#1585 = EDGE_CURVE ( 'NONE', #3284, #4776, #5170, .T. ) ;
#1586 = ORIENTED_EDGE ( 'NONE', *, *, #7570, .T. ) ;
#1587 = CARTESIAN_POINT ( 'NONE',  ( -18.25000000000000000, 27.20581053509669189, -18.75923434280892721 ) ) ;
#1588 = DIRECTION ( 'NONE',  ( 0.000000000000000000, 0.7660444431189817882, -0.6427876096865347000 ) ) ;
#1589 = CARTESIAN_POINT ( 'NONE',  ( -12.22758573455966236, -14.65246953717364420, -22.86167427311791656 ) ) ;
#1590 = DIRECTION ( 'NONE',  ( 0.000000000000000000, -0.4226182617406932795, 0.9063077870366529343 ) ) ;
#1591 = VERTEX_POINT ( 'NONE', #947 ) ;
#1592 = CARTESIAN_POINT ( 'NONE',  ( -21.74848742844213945, -16.15284120336576379, -20.79288604686765396 ) ) ;
#1593 = CARTESIAN_POINT ( 'NONE',  ( -22.03762289403380947, -13.11252726243340661, -19.03718355716699406 ) ) ;
#1594 = CARTESIAN_POINT ( 'NONE',  ( 21.44999999999999929, 30.98458179031142024, -11.14980678216003263 ) ) ;
#1595 = CARTESIAN_POINT ( 'NONE',  ( 41.21423633095623984, -42.11065726885905747, 1.738856025306405817 ) ) ;
#1596 = ORIENTED_EDGE ( 'NONE', *, *, #5664, .T. ) ;
#1597 = CARTESIAN_POINT ( 'NONE',  ( -1.085710871922742404, -121.2753247451772012, 49.49857288466946414 ) ) ;
#1598 = EDGE_CURVE ( 'NONE', #6763, #4895, #2379, .T. ) ;
#1599 = CARTESIAN_POINT ( 'NONE',  ( -5.160759810733662079, -89.25001094657928036, 39.90822944696459018 ) ) ;
#1600 = CARTESIAN_POINT ( 'NONE',  ( -14.09999999999999964, -49.46863626127934310, -10.21764939810934791 ) ) ;
#1601 = B_SPLINE_CURVE_WITH_KNOTS ( 'NONE', 3,
 ( #7232, #2358, #3881, #5109, #5863, #6602 ),
 .UNSPECIFIED., .F., .F.,
 ( 4, 2, 4 ),
 ( 0.000000000000000000, 0.5398916005854134115, 1.000000000000000000 ),
 .UNSPECIFIED. ) ;
#1602 = CARTESIAN_POINT ( 'NONE',  ( -5.750000000000000000, 8.887536495738197928, -21.29634816116374907 ) ) ;
#1603 = EDGE_CURVE ( 'NONE', #8250, #5508, #4444, .T. ) ;
#1604 = ORIENTED_EDGE ( 'NONE', *, *, #8667, .T. ) ;
#1605 = EDGE_LOOP ( 'NONE', ( #2782, #4802, #2401, #3379, #1916 ) ) ;
#1606 = EDGE_CURVE ( 'NONE', #7707, #6903, #6578, .T. ) ;
#1607 = EDGE_CURVE ( 'NONE', #1437, #1271, #7174, .T. ) ;
#1608 = CARTESIAN_POINT ( 'NONE',  ( -14.08671972516099302, -56.15953520032756785, 23.85448877209421781 ) ) ;
#1609 = DIRECTION ( 'NONE',  ( 0.000000000000000000, 0.000000000000000000, -1.000000000000000000 ) ) ;
#1610 = CARTESIAN_POINT ( 'NONE',  ( -11.93923636073179928, -14.88014573994437306, -43.90755210557549759 ) ) ;
#1611 = ORIENTED_EDGE ( 'NONE', *, *, #4170, .T. ) ;
#1612 = CARTESIAN_POINT ( 'NONE',  ( -19.90709618795391123, 15.53754531486773161, -23.16544773564175586 ) ) ;
#1613 = CARTESIAN_POINT ( 'NONE',  ( -14.98100861851862398, -13.12491639895891815, -21.40898411356889852 ) ) ;
#1614 = EDGE_CURVE ( 'NONE', #6066, #4928, #278, .T. ) ;
#1615 = CONICAL_SURFACE ( 'NONE', #3898, 19.50000000000007816, 0.7853981633974361776 ) ;
#1616 = FACE_OUTER_BOUND ( 'NONE', #6179, .T. ) ;
#1617 = ORIENTED_EDGE ( 'NONE', *, *, #1598, .T. ) ;
#1618 = CARTESIAN_POINT ( 'NONE',  ( -18.77952124306496984, -20.57279008854561297, -43.54662542183135798 ) ) ;
#1619 = VECTOR ( 'NONE', #1789, 1000.000000000000000 ) ;
#1620 = CARTESIAN_POINT ( 'NONE',  ( -15.02266812263367690, 14.17016959785902763, -21.39877966153461841 ) ) ;
#1621 = CARTESIAN_POINT ( 'NONE',  ( -9.099999999999999645, -48.31161856384360931, -8.838769400495159800 ) ) ;
#1622 = DIRECTION ( 'NONE',  ( 1.000000000000000000, 0.000000000000000000, -0.000000000000000000 ) ) ;
#1623 = VERTEX_POINT ( 'NONE', #365 ) ;
#1624 = ORIENTED_EDGE ( 'NONE', *, *, #8221, .F. ) ;
#1625 = CARTESIAN_POINT ( 'NONE',  ( -11.34920378891476034, 16.39462717941914605, -44.24080537426540616 ) ) ;
#1626 = CARTESIAN_POINT ( 'NONE',  ( -12.12392796757225355, -63.22151772733955255, -3.951285981036608330 ) ) ;
#1627 = ORIENTED_EDGE ( 'NONE', *, *, #127, .T. ) ;
#1628 = CARTESIAN_POINT ( 'NONE',  ( -19.80336564282574585, -26.05069505840873845, -34.46536340452113478 ) ) ;
#1629 = CARTESIAN_POINT ( 'NONE',  ( -26.31214703421914436, -20.57279008854559521, 16.15968038309086197 ) ) ;
#1630 = CARTESIAN_POINT ( 'NONE',  ( -4.369475388148946315, -93.62523905058053231, 41.94750998472991199 ) ) ;
#1631 = CARTESIAN_POINT ( 'NONE',  ( -12.75000000000000000, -119.6812179729371479, 30.17681848394211741 ) ) ;
#1632 = AXIS2_PLACEMENT_3D ( 'NONE', #411, #5876, #4484 ) ;
#1633 = ORIENTED_EDGE ( 'NONE', *, *, #5121, .F. ) ;
#1634 = CARTESIAN_POINT ( 'NONE',  ( -15.00000000000000000, -120.1554226140695363, 31.84896853206123524 ) ) ;
#1635 = CARTESIAN_POINT ( 'NONE',  ( -15.01729291947714096, -83.96323165761442908, 37.30385052952830449 ) ) ;
#1636 = CARTESIAN_POINT ( 'NONE',  ( -5.750000000000000000, 2.887536495738198372, -21.29634816116374907 ) ) ;
#1637 = EDGE_CURVE ( 'NONE', #2274, #1206, #4642, .T. ) ;
#1638 = CYLINDRICAL_SURFACE ( 'NONE', #1670, 119.9999999999999858 ) ;
#1639 = ORIENTED_EDGE ( 'NONE', *, *, #2836, .F. ) ;
#1640 =( BOUNDED_CURVE ( )  B_SPLINE_CURVE ( 3, ( #3509, #2207, #1496, #2749 ),
 .UNSPECIFIED., .F., .F. ) 
 B_SPLINE_CURVE_WITH_KNOTS ( ( 4, 4 ),
 ( 4.447543683858131480, 4.886921905584115322 ),
 .UNSPECIFIED. ) 
 CURVE ( )  GEOMETRIC_REPRESENTATION_ITEM ( )  RATIONAL_B_SPLINE_CURVE ( ( 1.000000000000000000, 0.9839768315916366248, 0.9839768315916366248, 1.000000000000000000 ) ) 
 REPRESENTATION_ITEM ( '' )  );
#1641 = LINE ( 'NONE', #7728, #126 ) ;
#1642 = VECTOR ( 'NONE', #6210, 1000.000000000000000 ) ;
#1643 = CARTESIAN_POINT ( 'NONE',  ( -14.99999999999984901, -91.47749952820713304, 41.00553727537221249 ) ) ;
#1644 = CARTESIAN_POINT ( 'NONE',  ( 0.000000000000000000, 26.53753649573820184, -45.29634816116374196 ) ) ;
#1645 = CIRCLE ( 'NONE', #1509, 19.99999999999999645 ) ;
#1646 = CARTESIAN_POINT ( 'NONE',  ( -22.70200552465987087, -46.40331258585491980, -7.900983807748805710 ) ) ;
#1647 = VECTOR ( 'NONE', #5994, 1000.000000000000000 ) ;
#1648 = CARTESIAN_POINT ( 'NONE',  ( -14.57787953479805942, -43.06596730526838712, -18.89226978562759740 ) ) ;
#1649 = ORIENTED_EDGE ( 'NONE', *, *, #1948, .F. ) ;
#1650 = AXIS2_PLACEMENT_3D ( 'NONE', #8546, #2425, #7873 ) ;
#1651 = CARTESIAN_POINT ( 'NONE',  ( -18.49577177231520864, -22.15605887579661371, -43.53244159541137748 ) ) ;
#1652 = DIRECTION ( 'NONE',  ( 0.000000000000000000, 0.000000000000000000, -1.000000000000000000 ) ) ;
#1653 = ORIENTED_EDGE ( 'NONE', *, *, #2927, .F. ) ;
#1654 = CARTESIAN_POINT ( 'NONE',  ( -14.05285315286382541, -13.75126871750794244, -21.77357140158016335 ) ) ;
#1655 = EDGE_CURVE ( 'NONE', #141, #7751, #7424, .T. ) ;
#1656 = CARTESIAN_POINT ( 'NONE',  ( -15.00000000000000000, -127.6759711431652846, 33.80977257600451225 ) ) ;
#1657 = ORIENTED_EDGE ( 'NONE', *, *, #7780, .T. ) ;
#1658 = ORIENTED_EDGE ( 'NONE', *, *, #3979, .T. ) ;
#1659 = CARTESIAN_POINT ( 'NONE',  ( -18.73388875052741653, -21.21723634305992334, -43.54434438373267113 ) ) ;
#1660 = CARTESIAN_POINT ( 'NONE',  ( -1.249916668876664083, -118.0308317892355348, 48.69836979252264797 ) ) ;
#1661 = CARTESIAN_POINT ( 'NONE',  ( -12.72995645089865668, -14.59956782057845359, -44.02524887786766072 ) ) ;
#1662 = ORIENTED_EDGE ( 'NONE', *, *, #8221, .T. ) ;
#1663 = CARTESIAN_POINT ( 'NONE',  ( -1.103484295533804449, -120.8706988978681807, 49.39455075236444515 ) ) ;
#1664 = CARTESIAN_POINT ( 'NONE',  ( -12.03774178407185858, 16.72456338660487418, -45.12450222590661753 ) ) ;
#1665 = DIRECTION ( 'NONE',  ( -1.000000000000000000, 0.000000000000000000, 0.000000000000000000 ) ) ;
#1666 = ORIENTED_EDGE ( 'NONE', *, *, #6471, .F. ) ;
#1667 = ADVANCED_FACE ( 'NONE', ( #5918 ), #2928, .F. ) ;
#1668 = B_SPLINE_CURVE_WITH_KNOTS ( 'NONE', 1,
 ( #4088, #6102 ),
 .UNSPECIFIED., .F., .F.,
 ( 2, 2 ),
 ( 0.000000000000000000, 1.000000000000000000 ),
 .UNSPECIFIED. ) ;
#1669 = DIRECTION ( 'NONE',  ( 0.000000000000000000, 0.000000000000000000, -1.000000000000000000 ) ) ;
#1670 = AXIS2_PLACEMENT_3D ( 'NONE', #7805, #1679, #7100 ) ;
#1671 = PLANE ( 'NONE',  #235 ) ;
#1672 = DIRECTION ( 'NONE',  ( 0.000000000000000000, 0.6427876096865345890, 0.7660444431189818992 ) ) ;
#1673 = DIRECTION ( 'NONE',  ( -0.000000000000000000, 0.1736481776669232258, 0.9848077530122093526 ) ) ;
#1674 = ORIENTED_EDGE ( 'NONE', *, *, #5987, .F. ) ;
#1675 = CARTESIAN_POINT ( 'NONE',  ( -14.09999999999999964, -60.96200874009102222, 17.04943361583019623 ) ) ;
#1676 = VECTOR ( 'NONE', #187, 1000.000000000000114 ) ;
#1677 = CARTESIAN_POINT ( 'NONE',  ( -2.533118713100193098, -42.99551063766008951, 9.806195420526917061 ) ) ;
#1678 = CARTESIAN_POINT ( 'NONE',  ( -13.10636952662616217, 15.00408420753873706, -21.29634816116374552 ) ) ;
#1679 = DIRECTION ( 'NONE',  ( 0.000000000000000000, 0.4246765432456733325, 0.9053451461276553758 ) ) ;
#1680 = ORIENTED_EDGE ( 'NONE', *, *, #473, .F. ) ;
#1681 = PLANE ( 'NONE',  #5140 ) ;
#1682 = DIRECTION ( 'NONE',  ( 0.000000000000000000, 0.000000000000000000, -1.000000000000000000 ) ) ;
#1683 = AXIS2_PLACEMENT_3D ( 'NONE', #4384, #3708, #6433 ) ;
#1684 = CARTESIAN_POINT ( 'NONE',  ( 0.000000000000000000, -80.69594337995211220, 4.236506883837865445 ) ) ;
#1685 = LINE ( 'NONE', #8438, #2473 ) ;
#1686 = CARTESIAN_POINT ( 'NONE',  ( -14.09999999999999964, -60.98807338632791186, 24.90374818686796843 ) ) ;
#1687 =( BOUNDED_SURFACE ( )  B_SPLINE_SURFACE ( 2, 3, ( 
 ( #7353, #8639, #8556, #4633, #3737, #2521, #8009, #1169 ),
 ( #4548, #1803, #3906, #1848, #335, #5931, #7881, #5892 ),
 ( #4588, #2434, #7309, #3152, #7171, #6506, #8510, #6635 ) ),
 .UNSPECIFIED., .F., .F., .F. ) 
 B_SPLINE_SURFACE_WITH_KNOTS ( ( 3, 3 ),
 ( 4, 2, 2, 4 ),
 ( 0.000000000000000000, 1.000000000000000000 ),
 ( 0.8624103391118681516, 0.8868915868614956066, 0.9408810312738912218, 0.9948704756862868370 ),
 .UNSPECIFIED. ) 
 GEOMETRIC_REPRESENTATION_ITEM ( )  RATIONAL_B_SPLINE_SURFACE ( (
 ( 1.000000000000000000, 1.000000000000000000, 1.000000000000000000, 1.000000000000000000, 1.000000000000000000, 1.000000000000000000, 1.000000000000000000, 1.000000000000000000),
 ( 0.7449983438458311902, 0.7449983438458311902, 0.7449983438458309681, 0.7449983438458309681, 0.7449983438458313012, 0.7449983438458313012, 0.7449983438458310792, 0.7449983438458310792),
 ( 1.000000000000000000, 1.000000000000000000, 1.000000000000000000, 1.000000000000000000, 1.000000000000000000, 1.000000000000000000, 1.000000000000000000, 1.000000000000000000) ) ) 
 REPRESENTATION_ITEM ( '' )  SURFACE ( )  );
#1688 = CARTESIAN_POINT ( 'NONE',  ( -21.80036210017948761, -50.67573834077128225, -14.29439049221390157 ) ) ;
#1689 = VERTEX_POINT ( 'NONE', #5081 ) ;
#1690 = AXIS2_PLACEMENT_3D ( 'NONE', #869, #8334, #1499 ) ;
#1691 = ADVANCED_FACE ( 'NONE', ( #7788 ), #2275, .T. ) ;
#1692 = CARTESIAN_POINT ( 'NONE',  ( -21.15428731910337135, -53.77466363643519287, 15.33429553255528077 ) ) ;
#1693 = CARTESIAN_POINT ( 'NONE',  ( -16.79064557385977352, -24.46562553418528196, -43.44720720198972685 ) ) ;
#1694 = CARTESIAN_POINT ( 'NONE',  ( 0.000000000000000000, -57.75571069763257270, 22.84417749161863398 ) ) ;
#1695 = ORIENTED_EDGE ( 'NONE', *, *, #5831, .T. ) ;
#1696 = FACE_OUTER_BOUND ( 'NONE', #6139, .T. ) ;
#1697 = CARTESIAN_POINT ( 'NONE',  ( -13.10838449769029879, -14.30345337972058672, -22.51108648015657110 ) ) ;
#1698 = ORIENTED_EDGE ( 'NONE', *, *, #7790, .F. ) ;
#1699 = FACE_OUTER_BOUND ( 'NONE', #1527, .T. ) ;
#1700 = CARTESIAN_POINT ( 'NONE',  ( -19.95473959927188190, -55.38715626887221077, 23.31560198448826426 ) ) ;
#1701 = CARTESIAN_POINT ( 'NONE',  ( -22.63405034594212850, 13.53111642952545957, -19.00767794529165400 ) ) ;
#1702 = CARTESIAN_POINT ( 'NONE',  ( -2.590980606883571014, -104.8287873051115184, 45.46194652019737248 ) ) ;
#1703 = EDGE_CURVE ( 'NONE', #5798, #2613, #1441, .T. ) ;
#1704 = CARTESIAN_POINT ( 'NONE',  ( 78.44999999999998863, -90.38772566153639332, 40.46869169737222194 ) ) ;
#1705 = CARTESIAN_POINT ( 'NONE',  ( -4.000000000000000000, -31.50781046928428353, -8.964923461182939590 ) ) ;
#1706 = ORIENTED_EDGE ( 'NONE', *, *, #3589, .T. ) ;
#1707 = CARTESIAN_POINT ( 'NONE',  ( -23.44990021699235072, 28.02667518938602242, -15.09691605036605111 ) ) ;
#1708 = CARTESIAN_POINT ( 'NONE',  ( -12.55321687852352852, 15.95160117605842132, -44.51698404721240365 ) ) ;
#1709 = CARTESIAN_POINT ( 'NONE',  ( -11.63552167403280890, -64.39982302989891139, -3.117934326581682125 ) ) ;
#1710 = ORIENTED_EDGE ( 'NONE', *, *, #5573, .T. ) ;
#1711 = EDGE_CURVE ( 'NONE', #4734, #6744, #61, .T. ) ;
#1712 = CARTESIAN_POINT ( 'NONE',  ( -21.24882171194505531, -38.64560556219909415, -20.78733530354712755 ) ) ;
#1713 = EDGE_CURVE ( 'NONE', #8417, #8804, #7495, .T. ) ;
#1714 = FACE_OUTER_BOUND ( 'NONE', #4200, .T. ) ;
#1715 = CARTESIAN_POINT ( 'NONE',  ( 0.000000000000000000, -48.22832050784651869, -13.36834101309136891 ) ) ;
#1716 = ADVANCED_FACE ( 'NONE', ( #6844 ), #4699, .F. ) ;
#1717 = CARTESIAN_POINT ( 'NONE',  ( -15.16851115981162401, -36.02640488150435516, -21.96031132937099173 ) ) ;
#1718 = LINE ( 'NONE', #4455, #5523 ) ;
#1719 = VERTEX_POINT ( 'NONE', #5505 ) ;
#1720 = ORIENTED_EDGE ( 'NONE', *, *, #1585, .T. ) ;
#1721 = CARTESIAN_POINT ( 'NONE',  ( -37.07224088444629473, -54.60113403017650313, -5.910972413209566234 ) ) ;
#1722 = CARTESIAN_POINT ( 'NONE',  ( -19.49398867747666486, -13.96923764538579782, -21.97469517754138479 ) ) ;
#1723 = CARTESIAN_POINT ( 'NONE',  ( -13.04634899518697999, 15.03038914439874141, -21.29634816116374907 ) ) ;
#1724 = EDGE_CURVE ( 'NONE', #8558, #7163, #659, .T. ) ;
#1725 = CARTESIAN_POINT ( 'NONE',  ( -22.45684689836271630, -57.37270583938571633, -8.806976687650132973 ) ) ;
#1726 = ORIENTED_EDGE ( 'NONE', *, *, #6592, .F. ) ;
#1727 = DIRECTION ( 'NONE',  ( 0.000000000000000000, 0.000000000000000000, 1.000000000000000000 ) ) ;
#1728 = CARTESIAN_POINT ( 'NONE',  ( 0.000000000000000000, -84.21696516511207165, -31.97122371483544612 ) ) ;
#1729 = CARTESIAN_POINT ( 'NONE',  ( -12.98947926194098912, -59.34413485044049708, 25.88398852305718378 ) ) ;
#1730 = LINE ( 'NONE', #1644, #7186 ) ;
#1731 = CARTESIAN_POINT ( 'NONE',  ( -9.099999999999999645, -51.37579633631954579, -6.267618961749018780 ) ) ;
#1732 = CARTESIAN_POINT ( 'NONE',  ( -14.10361265830191435, -52.13068720367309794, -13.18008346223045812 ) ) ;
#1733 = VERTEX_POINT ( 'NONE', #3431 ) ;
#1734 = CARTESIAN_POINT ( 'NONE',  ( 23.44999999999999929, -45.46246350426179106, -39.59913607114618372 ) ) ;
#1735 = CARTESIAN_POINT ( 'NONE',  ( -19.08726085664622474, -14.46246350426197758, -23.29634816116374907 ) ) ;
#1736 = LINE ( 'NONE', #5244, #5076 ) ;
#1737 = ORIENTED_EDGE ( 'NONE', *, *, #8314, .F. ) ;
#1738 = CARTESIAN_POINT ( 'NONE',  ( -1.250803161245108930, -35.21409483226196357, -22.42360698015083997 ) ) ;
#1739 = LINE ( 'NONE', #1152, #8768 ) ;
#1740 = EDGE_LOOP ( 'NONE', ( #1706, #1124, #325, #2364, #7585, #2607, #4728, #2675 ) ) ;
#1741 = CARTESIAN_POINT ( 'NONE',  ( -15.00000000000000000, -95.21853784787091968, 31.54838568946790289 ) ) ;
#1742 = CARTESIAN_POINT ( 'NONE',  ( -19.86064322576690699, -63.44107043591969131, 6.918362269181112190 ) ) ;
#1743 = CARTESIAN_POINT ( 'NONE',  ( -17.34607312428902759, 15.53753649573837059, -43.29634816116374196 ) ) ;
#1744 = CARTESIAN_POINT ( 'NONE',  ( -18.12808794898061038, -69.01345922458936855, 10.17903556682123956 ) ) ;
#1745 = DIRECTION ( 'NONE',  ( -1.000000000000000000, -0.000000000000000000, -0.000000000000000000 ) ) ;
#1746 = CARTESIAN_POINT ( 'NONE',  ( -12.81117812862701122, -14.47019513641310340, -43.47776804815617169 ) ) ;
#1747 = EDGE_LOOP ( 'NONE', ( #2813, #8328, #7784, #3399, #7173 ) ) ;
#1748 = VECTOR ( 'NONE', #5963, 1000.000000000000114 ) ;
#1749 = CARTESIAN_POINT ( 'NONE',  ( -22.00976122522246925, -35.77908046064912639, -15.26130029339914707 ) ) ;
#1750 = CARTESIAN_POINT ( 'NONE',  ( -12.19083461222128761, 15.75704869086030513, -43.29634816116374196 ) ) ;
#1751 = DIRECTION ( 'NONE',  ( 0.000000000000000000, -0.9848077530122093526, 0.1736481776669228927 ) ) ;
#1752 = EDGE_CURVE ( 'NONE', #2097, #2860, #7902, .T. ) ;
#1753 = VERTEX_POINT ( 'NONE', #7462 ) ;
#1754 = AXIS2_PLACEMENT_3D ( 'NONE', #1879, #2092, #1429 ) ;
#1755 = PLANE ( 'NONE',  #2978 ) ;
#1756 = CARTESIAN_POINT ( 'NONE',  ( 0.000000000000000000, -60.96200874009102222, 23.04943361583019268 ) ) ;
#1757 = CARTESIAN_POINT ( 'NONE',  ( 0.000000000000000000, 33.39474714341176309, -13.60563718565184033 ) ) ;
#1758 = FACE_OUTER_BOUND ( 'NONE', #8228, .T. ) ;
#1759 = ORIENTED_EDGE ( 'NONE', *, *, #3117, .F. ) ;
#1760 = ORIENTED_EDGE ( 'NONE', *, *, #7286, .F. ) ;
#1761 = FACE_OUTER_BOUND ( 'NONE', #5791, .T. ) ;
#1762 = DIRECTION ( 'NONE',  ( -0.000000000000000000, 0.1736481776669232535, 0.9848077530122093526 ) ) ;
#1763 = ADVANCED_FACE ( 'NONE', ( #8738 ), #1862, .F. ) ;
#1764 = CARTESIAN_POINT ( 'NONE',  ( -13.34437662706855576, -59.01209716766541646, -7.431364028735166549 ) ) ;
#1765 = ORIENTED_EDGE ( 'NONE', *, *, #6767, .F. ) ;
#1766 = CARTESIAN_POINT ( 'NONE',  ( -1.499999999999997335, -108.3092657167504598, 105.4242567453853070 ) ) ;
#1767 = DIRECTION ( 'NONE',  ( 1.000000000000000000, -0.000000000000000000, -0.000000000000000000 ) ) ;
#1768 = CARTESIAN_POINT ( 'NONE',  ( -1.332885661840666369, -123.8430077685334680, 18.66892454741315888 ) ) ;
#1769 = AXIS2_PLACEMENT_3D ( 'NONE', #1528, #2915, #2243 ) ;
#1770 = CARTESIAN_POINT ( 'NONE',  ( -16.81666011705039665, -67.12135728582231309, 29.59547169381061238 ) ) ;
#1771 = CARTESIAN_POINT ( 'NONE',  ( -3.047737560397610679, -100.9140770481621558, 10.70972094294997135 ) ) ;
#1772 = AXIS2_PLACEMENT_3D ( 'NONE', #5210, #7911, #1787 ) ;
#1773 = CARTESIAN_POINT ( 'NONE',  ( -17.74275521260374688, -65.21668813167661938, 22.63342426952093689 ) ) ;
#1774 = CARTESIAN_POINT ( 'NONE',  ( -22.27296224177169748, -40.84951703060450967, -12.28101944136612822 ) ) ;
#1775 = AXIS2_PLACEMENT_3D ( 'NONE', #1119, #5255, #1840 ) ;
#1776 = ORIENTED_EDGE ( 'NONE', *, *, #5064, .T. ) ;
#1777 = CARTESIAN_POINT ( 'NONE',  ( -5.999999999999998224, -37.81217569550311453, -7.853293775560397982 ) ) ;
#1778 = CARTESIAN_POINT ( 'NONE',  ( -18.77241118953088517, -20.89536561710087526, -43.54627001054231528 ) ) ;
#1779 = FACE_BOUND ( 'NONE', #6752, .T. ) ;
#1780 = ORIENTED_EDGE ( 'NONE', *, *, #2459, .F. ) ;
#1781 = CARTESIAN_POINT ( 'NONE',  ( -15.72739039502742209, -77.24642305143443366, 26.04948562518106669 ) ) ;
#1782 = CARTESIAN_POINT ( 'NONE',  ( -0.9999999999999991118, -3.138532001602607480, -8.623045804638881151 ) ) ;
#1783 = EDGE_CURVE ( 'NONE', #6588, #5958, #6747, .T. ) ;
#1784 = AXIS2_PLACEMENT_3D ( 'NONE', #7172, #3194, #2392 ) ;
#1785 = AXIS2_PLACEMENT_3D ( 'NONE', #5342, #8051, #4674 ) ;
#1786 = CARTESIAN_POINT ( 'NONE',  ( -15.00000000000000000, -104.7348418386155942, 33.12806783778534481 ) ) ;
#1787 = DIRECTION ( 'NONE',  ( 0.000000000000000000, 0.000000000000000000, -1.000000000000000000 ) ) ;
#1788 = CARTESIAN_POINT ( 'NONE',  ( -18.87103667168908316, -66.36668832924701178, 8.805398689792779621 ) ) ;
#1789 = DIRECTION ( 'NONE',  ( 1.000000000000000000, -0.000000000000000000, -0.000000000000000000 ) ) ;
#1790 = LINE ( 'NONE', #1704, #5060 ) ;
#1791 = CARTESIAN_POINT ( 'NONE',  ( -12.73931962740383739, -14.58472097525701550, -43.98616618133959122 ) ) ;
#1792 = ORIENTED_EDGE ( 'NONE', *, *, #4021, .T. ) ;
#1793 = EDGE_CURVE ( 'NONE', #8795, #1994, #3293, .T. ) ;
#1794 = CARTESIAN_POINT ( 'NONE',  ( -1.055002252645400374, -122.1238203087441008, 49.72927226694071123 ) ) ;
#1795 = CARTESIAN_POINT ( 'NONE',  ( -11.82892083779965553, 16.04005328946722386, -44.00878432708022103 ) ) ;
#1796 = FACE_OUTER_BOUND ( 'NONE', #3575, .T. ) ;
#1797 = ORIENTED_EDGE ( 'NONE', *, *, #2482, .F. ) ;
#1798 = CARTESIAN_POINT ( 'NONE',  ( -21.12035288130598687, -35.22790903547696217, -22.40825764826656652 ) ) ;
#1799 = EDGE_CURVE ( 'NONE', #4176, #1430, #2621, .T. ) ;
#1800 = AXIS2_PLACEMENT_3D ( 'NONE', #1268, #507, #3234 ) ;
#1801 = CARTESIAN_POINT ( 'NONE',  ( -10.55000000000000071, 10.71562816763628412, -12.65297644718270220 ) ) ;
#1802 = CYLINDRICAL_SURFACE ( 'NONE', #6677, 1.700000000000000400 ) ;
#1803 = CARTESIAN_POINT ( 'NONE',  ( -21.98892567792384867, -53.13002187755994754, -12.36701123521886991 ) ) ;
#1804 = LINE ( 'NONE', #3907, #8213 ) ;
#1805 = ORIENTED_EDGE ( 'NONE', *, *, #7693, .F. ) ;
#1806 = ORIENTED_EDGE ( 'NONE', *, *, #5717, .T. ) ;
#1807 = CARTESIAN_POINT ( 'NONE',  ( -1.000000000000007772, -125.6822119262424025, 50.87769490003756090 ) ) ;
#1808 = CARTESIAN_POINT ( 'NONE',  ( -19.70426590757803709, -13.10689414477158188, -21.39849567188682045 ) ) ;
#1809 = CARTESIAN_POINT ( 'NONE',  ( -15.25216433049260090, 13.95311758898075105, -21.29634816116373841 ) ) ;
#1810 = CARTESIAN_POINT ( 'NONE',  ( -15.00000000000000000, -120.1554226140695363, 31.84896853206123524 ) ) ;
#1811 = FACE_OUTER_BOUND ( 'NONE', #2064, .T. ) ;
#1812 = DIRECTION ( 'NONE',  ( 0.000000000000000000, 0.000000000000000000, -1.000000000000000000 ) ) ;
#1813 = CARTESIAN_POINT ( 'NONE',  ( -14.78275756306299726, -54.23580781553184949, 22.43491794090315494 ) ) ;
#1814 = VECTOR ( 'NONE', #7708, 1000.000000000000000 ) ;
#1815 = ADVANCED_FACE ( 'NONE', ( #78 ), #4253, .T. ) ;
#1816 = EDGE_CURVE ( 'NONE', #4694, #7928, #3476, .T. ) ;
#1817 = CARTESIAN_POINT ( 'NONE',  ( -17.04059858909640113, -65.98442968552882348, 29.15031040585420996 ) ) ;
#1818 = AXIS2_PLACEMENT_3D ( 'NONE', #2485, #8648, #2400 ) ;
#1819 =( BOUNDED_SURFACE ( )  B_SPLINE_SURFACE ( 2, 3, ( 
 ( #6050, #8089, #4715, #8755 ),
 ( #7436, #6277, #2826, #2101 ),
 ( #7569, #8277, #50, #139 ) ),
 .UNSPECIFIED., .F., .F., .T. ) 
 B_SPLINE_SURFACE_WITH_KNOTS ( ( 3, 3 ),
 ( 4, 4 ),
 ( 0.000000000000000000, 1.000000000000000000 ),
 ( 0.4060955512066130035, 0.4237862142667989662 ),
 .UNSPECIFIED. ) 
 GEOMETRIC_REPRESENTATION_ITEM ( )  RATIONAL_B_SPLINE_SURFACE ( (
 ( 1.000000000000000000, 1.000000000000000000, 1.000000000000000000, 1.000000000000000000),
 ( 0.7123483128092797934, 0.7121910779963247506, 0.7120237517323888543, 0.7118475365548615486),
 ( 1.000000000000000000, 1.000000000000000000, 1.000000000000000000, 1.000000000000000000) ) ) 
 REPRESENTATION_ITEM ( '' )  SURFACE ( )  );
#1820 = DIRECTION ( 'NONE',  ( 0.000000000000000000, -0.6478576535428541838, 0.7617614198329730746 ) ) ;
#1821 = FACE_OUTER_BOUND ( 'NONE', #6684, .T. ) ;
#1822 = CARTESIAN_POINT ( 'NONE',  ( -22.48931485607983305, -43.88663077459538187, -10.03060557830980137 ) ) ;
#1823 = VECTOR ( 'NONE', #5486, 1000.000000000000114 ) ;
#1824 = ORIENTED_EDGE ( 'NONE', *, *, #7820, .T. ) ;
#1825 = EDGE_CURVE ( 'NONE', #2292, #4928, #1009, .T. ) ;
#1826 = CARTESIAN_POINT ( 'NONE',  ( -22.93313495648726885, 30.18539623872731426, -15.55553648738831640 ) ) ;
#1827 = AXIS2_PLACEMENT_3D ( 'NONE', #3735, #7169, #3826 ) ;
#1828 = EDGE_CURVE ( 'NONE', #7071, #6942, #701, .T. ) ;
#1829 = CARTESIAN_POINT ( 'NONE',  ( -15.79999999999999893, -62.04926373077444168, 10.25984587044788832 ) ) ;
#1830 = CARTESIAN_POINT ( 'NONE',  ( -11.67464919913904886, -15.08149340846208730, -44.11155774366553572 ) ) ;
#1831 = VERTEX_POINT ( 'NONE', #6302 ) ;
#1832 = CARTESIAN_POINT ( 'NONE',  ( 0.000000000000000000, -55.71891921922760105, 67.98024976246698259 ) ) ;
#1833 = ADVANCED_FACE ( 'NONE', ( #5598 ), #5640, .F. ) ;
#1834 = CARTESIAN_POINT ( 'NONE',  ( -10.55000000000000071, -19.29246764274143544, -4.315459680471444237 ) ) ;
#1835 = ADVANCED_FACE ( 'NONE', ( #8212 ), #879, .F. ) ;
#1836 = CARTESIAN_POINT ( 'NONE',  ( -15.79999999999999893, -62.04926373077444168, 10.25984587044788832 ) ) ;
#1837 = CARTESIAN_POINT ( 'NONE',  ( -19.42708428922168906, -68.61108235353599127, -0.5440815568261998525 ) ) ;
#1838 = LINE ( 'NONE', #541, #6340 ) ;
#1839 = LINE ( 'NONE', #5841, #1748 ) ;
#1840 = DIRECTION ( 'NONE',  ( 0.000000000000000000, -1.734723475976807094E-15, -1.000000000000000000 ) ) ;
#1841 = ORIENTED_EDGE ( 'NONE', *, *, #1309, .F. ) ;
#1842 = CARTESIAN_POINT ( 'NONE',  ( -21.92353080108530250, -33.92222907669887633, -16.27220669956035337 ) ) ;
#1843 = CARTESIAN_POINT ( 'NONE',  ( -6.000000000000000000, -79.47824045473380750, 16.95666528314903232 ) ) ;
#1844 = PLANE ( 'NONE',  #8342 ) ;
#1845 = ORIENTED_EDGE ( 'NONE', *, *, #5491, .F. ) ;
#1846 = CARTESIAN_POINT ( 'NONE',  ( -2.772657875789683650E-13, -33.99686541749071722, -23.21194410569244937 ) ) ;
#1847 = DIRECTION ( 'NONE',  ( 0.000000000000000000, -0.000000000000000000, -1.000000000000000000 ) ) ;
#1848 = CARTESIAN_POINT ( 'NONE',  ( -22.09721064631058240, -54.42504464399421238, -11.28035810953901397 ) ) ;
#1849 = CARTESIAN_POINT ( 'NONE',  ( 0.000000000000000000, -37.15726831314997014, -9.571716512632002960 ) ) ;
#1850 = ORIENTED_EDGE ( 'NONE', *, *, #7878, .T. ) ;
#1851 = ORIENTED_EDGE ( 'NONE', *, *, #861, .F. ) ;
#1852 = CARTESIAN_POINT ( 'NONE',  ( -15.00000000000000000, -114.4599880746802398, 30.45050234444141424 ) ) ;
#1853 = FILL_AREA_STYLE ('',( #1093 ) ) ;
#1854 = LINE ( 'NONE', #6068, #8204 ) ;
#1855 = CARTESIAN_POINT ( 'NONE',  ( 0.000000000000000000, -42.49399750307080126, -8.992351028176036820 ) ) ;
#1856 = CARTESIAN_POINT ( 'NONE',  ( 0.000000000000000000, -18.96246350426187632, -21.29634816116374907 ) ) ;
#1857 = FACE_OUTER_BOUND ( 'NONE', #8513, .T. ) ;
#1858 = CARTESIAN_POINT ( 'NONE',  ( -16.72780705680154512, -15.61864805702680314, -45.12258882497751955 ) ) ;
#1859 = CARTESIAN_POINT ( 'NONE',  ( -16.67320205976354330, -70.60472394610748381, 24.25147689707181797 ) ) ;
#1860 = CARTESIAN_POINT ( 'NONE',  ( -15.00000000000000000, -125.9007248944059825, 36.30493034431389532 ) ) ;
#1861 = DIRECTION ( 'NONE',  ( 1.000000000000000000, 0.000000000000000000, 0.000000000000000000 ) ) ;
#1862 = CYLINDRICAL_SURFACE ( 'NONE', #923, 1.599999999999990097 ) ;
#1863 = CARTESIAN_POINT ( 'NONE',  ( -15.00000000000000000, -136.9394358138792143, 22.44088499817751270 ) ) ;
#1864 = CARTESIAN_POINT ( 'NONE',  ( -22.76511752240052289, -47.08164421702524294, -7.281127207810589752 ) ) ;
#1865 = ORIENTED_EDGE ( 'NONE', *, *, #6755, .T. ) ;
#1866 = EDGE_CURVE ( 'NONE', #1623, #5798, #2081, .T. ) ;
#1867 = CARTESIAN_POINT ( 'NONE',  ( -23.44999999999999929, -34.75827009701470871, 6.157848144283614822 ) ) ;
#1868 = CARTESIAN_POINT ( 'NONE',  ( 23.28325370891903745, -120.6584269231651660, 24.92287151326737771 ) ) ;
#1869 = LINE ( 'NONE', #3215, #8478 ) ;
#1870 =( BOUNDED_CURVE ( )  B_SPLINE_CURVE ( 2, ( #6098, #1837, #7960 ),
 .UNSPECIFIED., .F., .F. ) 
 B_SPLINE_CURVE_WITH_KNOTS ( ( 3, 3 ),
 ( 0.000000000000000000, 1.000000000000000000 ),
 .UNSPECIFIED. ) 
 CURVE ( )  GEOMETRIC_REPRESENTATION_ITEM ( )  RATIONAL_B_SPLINE_CURVE ( ( 1.000000000000000000, 0.7161378034398281356, 1.000000000000000000 ) ) 
 REPRESENTATION_ITEM ( '' )  );
#1871 = ORIENTED_EDGE ( 'NONE', *, *, #8209, .F. ) ;
#1872 = ADVANCED_FACE ( 'NONE', ( #4833 ), #5553, .F. ) ;
#1873 = CARTESIAN_POINT ( 'NONE',  ( -15.74228304299632342, -74.09813834299346524, 32.44409761703083461 ) ) ;
#1874 = DIRECTION ( 'NONE',  ( -1.000000000000000000, -0.000000000000000000, -0.000000000000000000 ) ) ;
#1875 = EDGE_CURVE ( 'NONE', #544, #1206, #7639, .T. ) ;
#1876 = EDGE_CURVE ( 'NONE', #3295, #5187, #7599, .T. ) ;
#1877 = CARTESIAN_POINT ( 'NONE',  ( -5.999999999999998224, -48.42838073599382653, -8.489342606638979660 ) ) ;
#1878 = PLANE ( 'NONE',  #4273 ) ;
#1879 = CARTESIAN_POINT ( 'NONE',  ( 23.44999999999999929, -34.71447329368038481, 6.121098262759037567 ) ) ;
#1880 = CYLINDRICAL_SURFACE ( 'NONE', #5631, 1.699999999999998401 ) ;
#1881 = CARTESIAN_POINT ( 'NONE',  ( -16.37409685479168431, -22.00394996947216342, -45.29634816116374907 ) ) ;
#1882 = ORIENTED_EDGE ( 'NONE', *, *, #8517, .F. ) ;
#1883 = CARTESIAN_POINT ( 'NONE',  ( -14.09999999999999964, -43.11520150610495961, 9.906627984094292572 ) ) ;
#1884 = FACE_OUTER_BOUND ( 'NONE', #3625, .T. ) ;
#1885 = ORIENTED_EDGE ( 'NONE', *, *, #2594, .T. ) ;
#1886 = DIRECTION ( 'NONE',  ( 1.000000000000000000, 0.000000000000000000, 0.000000000000000000 ) ) ;
#1887 = CARTESIAN_POINT ( 'NONE',  ( -11.82892083779965553, 16.04005328946722386, -44.00878432708022103 ) ) ;
#1888 = CARTESIAN_POINT ( 'NONE',  ( -3.089670827592271518, -100.5187668141805517, 10.47024997053889273 ) ) ;
#1889 = CARTESIAN_POINT ( 'NONE',  ( -9.099999999999997868, -71.57304480356395970, 15.90151393524055123 ) ) ;
#1890 = ORIENTED_EDGE ( 'NONE', *, *, #3970, .F. ) ;
#1891 = ORIENTED_EDGE ( 'NONE', *, *, #3190, .F. ) ;
#1892 = CARTESIAN_POINT ( 'NONE',  ( -12.20038454931435901, -14.67433901703587651, -23.04485031415798701 ) ) ;
#1893 = CARTESIAN_POINT ( 'NONE',  ( -2.840131479060922448, -103.1462396974817324, 45.04947735751935056 ) ) ;
#1894 = CARTESIAN_POINT ( 'NONE',  ( 2.499999999999999781E-05, -14.46246350426196869, -43.29634816116374907 ) ) ;
#1895 = VECTOR ( 'NONE', #7732, 1000.000000000000000 ) ;
#1896 = EDGE_CURVE ( 'NONE', #8839, #3903, #1063, .T. ) ;
#1897 = ORIENTED_EDGE ( 'NONE', *, *, #6629, .T. ) ;
#1898 = CARTESIAN_POINT ( 'NONE',  ( -23.44999999999999218, -34.90548628911400897, 5.037809734445605869 ) ) ;
#1899 = CARTESIAN_POINT ( 'NONE',  ( -4.606713586033039043, 33.11216490196937201, -15.11459779319963204 ) ) ;
#1900 = CARTESIAN_POINT ( 'NONE',  ( 23.44999999999999929, 26.53753649573820539, -43.29634816116374196 ) ) ;
#1901 = CARTESIAN_POINT ( 'NONE',  ( -12.19083461222128761, 15.75704869086030513, -43.29634816116374196 ) ) ;
#1902 = VERTEX_POINT ( 'NONE', #3609 ) ;
#1903 = CARTESIAN_POINT ( 'NONE',  ( -12.67944235142580034, 15.75442255173291706, -44.20303445517082963 ) ) ;
#1904 = ADVANCED_FACE ( 'NONE', ( #4205 ), #1508, .T. ) ;
#1905 = CARTESIAN_POINT ( 'NONE',  ( -16.44014904393909049, -77.47142042513961258, 12.96655332154484164 ) ) ;
#1906 = B_SPLINE_CURVE_WITH_KNOTS ( 'NONE', 3,
 ( #690, #12, #7352, #6633 ),
 .UNSPECIFIED., .F., .F.,
 ( 4, 4 ),
 ( 0.000000000000000000, 1.000000000000000000 ),
 .UNSPECIFIED. ) ;
#1907 = CARTESIAN_POINT ( 'NONE',  ( -14.10104408196877301, -52.34882212678841995, -13.00640099160794350 ) ) ;
#1908 = DIRECTION ( 'NONE',  ( -0.000000000000000000, -0.6427876096865350330, -0.7660444431189815662 ) ) ;
#1909 = CARTESIAN_POINT ( 'NONE',  ( -12.01494837495039292, -14.82123403011275542, -43.81865638291368015 ) ) ;
#1910 = EDGE_LOOP ( 'NONE', ( #919, #15, #4812, #7877, #7492 ) ) ;
#1911 = EDGE_LOOP ( 'NONE', ( #7839, #5008, #6069, #2841 ) ) ;
#1912 = CARTESIAN_POINT ( 'NONE',  ( -4.400000000000000355, -135.9270157972179902, 29.54511202316014007 ) ) ;
#1913 = DIRECTION ( 'NONE',  ( 0.000000000000000000, -2.219935053261682321E-14, -1.000000000000000000 ) ) ;
#1914 = CARTESIAN_POINT ( 'NONE',  ( -14.99999999999999822, -101.5568084891614120, 32.78592033069003264 ) ) ;
#1915 = VECTOR ( 'NONE', #1955, 1000.000000000000000 ) ;
#1916 = ORIENTED_EDGE ( 'NONE', *, *, #928, .T. ) ;
#1917 = DIRECTION ( 'NONE',  ( 1.000000000000000000, 0.000000000000000000, -0.000000000000000000 ) ) ;
#1918 = FACE_OUTER_BOUND ( 'NONE', #4781, .T. ) ;
#1919 = ORIENTED_EDGE ( 'NONE', *, *, #8284, .F. ) ;
#1920 =( BOUNDED_SURFACE ( )  B_SPLINE_SURFACE ( 2, 3, ( 
 ( #3218, #7995, #8663, #1781 ),
 ( #358, #2549, #4529, #1873 ),
 ( #3760, #7336, #1195, #7197 ) ),
 .UNSPECIFIED., .F., .F., .F. ) 
 B_SPLINE_SURFACE_WITH_KNOTS ( ( 3, 3 ),
 ( 4, 4 ),
 ( 0.000000000000000000, 1.000000000000000000 ),
 ( 0.4237862142667990217, 0.4660727154576724263 ),
 .UNSPECIFIED. ) 
 GEOMETRIC_REPRESENTATION_ITEM ( )  RATIONAL_B_SPLINE_SURFACE ( (
 ( 1.000000000000000000, 1.000000000000000000, 1.000000000000000000, 1.000000000000000000),
 ( 0.7118475365548606604, 0.7094632085838922242, 0.7075701337478030872, 0.7063631624613149196),
 ( 1.000000000000000000, 1.000000000000000000, 1.000000000000000000, 1.000000000000000000) ) ) 
 REPRESENTATION_ITEM ( '' )  SURFACE ( )  );
#1921 = VECTOR ( 'NONE', #7901, 1000.000000000000114 ) ;
#1922 = DIRECTION ( 'NONE',  ( -0.000000000000000000, -0.9396926207859035429, -0.3420201433256819801 ) ) ;
#1923 = DIRECTION ( 'NONE',  ( 0.000000000000000000, 0.6427876096865354771, 0.7660444431189813441 ) ) ;
#1924 = EDGE_CURVE ( 'NONE', #2933, #6754, #5685, .T. ) ;
#1925 = FACE_OUTER_BOUND ( 'NONE', #4246, .T. ) ;
#1926 = CARTESIAN_POINT ( 'NONE',  ( -14.25000000000000000, -34.26154548852704096, -1.676007379934206343 ) ) ;
#1927 = ORIENTED_EDGE ( 'NONE', *, *, #4525, .T. ) ;
#1928 = EDGE_CURVE ( 'NONE', #6150, #2093, #4970, .T. ) ;
#1929 = AXIS2_PLACEMENT_3D ( 'NONE', #378, #3738, #7845 ) ;
#1930 = CARTESIAN_POINT ( 'NONE',  ( -15.22938338087822352, -12.94471278779501056, -21.35435039140723035 ) ) ;
#1931 = DIRECTION ( 'NONE',  ( 0.000000000000000000, -0.9396926207859084279, 0.3420201433256687684 ) ) ;
#1932 = CARTESIAN_POINT ( 'NONE',  ( 0.000000000000000000, -124.4758996252395917, 18.76861490077999761 ) ) ;
#1933 = VECTOR ( 'NONE', #8272, 1000.000000000000114 ) ;
#1934 = ORIENTED_EDGE ( 'NONE', *, *, #1569, .F. ) ;
#1935 = DIRECTION ( 'NONE',  ( 1.000000000000000000, -0.000000000000000000, -0.000000000000000000 ) ) ;
#1936 = AXIS2_PLACEMENT_3D ( 'NONE', #2565, #1981, #8765 ) ;
#1937 = CARTESIAN_POINT ( 'NONE',  ( -12.11884809709223809, 15.81443495908250618, -43.63906153735871385 ) ) ;
#1938 = CARTESIAN_POINT ( 'NONE',  ( -22.25259325239151309, -54.48809238194205307, 0.07422912644037285568 ) ) ;
#1939 = VECTOR ( 'NONE', #1908, 1000.000000000000114 ) ;
#1940 = CARTESIAN_POINT ( 'NONE',  ( -16.36603299829170055, -72.51178717788727113, 24.69341315452328800 ) ) ;
#1941 = ORIENTED_EDGE ( 'NONE', *, *, #4352, .T. ) ;
#1942 = VERTEX_POINT ( 'NONE', #8389 ) ;
#1943 = CARTESIAN_POINT ( 'NONE',  ( -15.00000000000000000, -108.8134291148864179, 28.54255760778363893 ) ) ;
#1944 = FACE_OUTER_BOUND ( 'NONE', #5689, .T. ) ;
#1945 = CARTESIAN_POINT ( 'NONE',  ( -0.9999999999999991118, -136.8423555909551510, 40.04116618946476081 ) ) ;
#1946 = ORIENTED_EDGE ( 'NONE', *, *, #1614, .F. ) ;
#1947 = LINE ( 'NONE', #6739, #2250 ) ;
#1948 = EDGE_CURVE ( 'NONE', #4089, #1315, #2270, .T. ) ;
#1949 = CARTESIAN_POINT ( 'NONE',  ( -4.284371967126628711, 33.28449257204476197, -14.22832312035111890 ) ) ;
#1950 = DIRECTION ( 'NONE',  ( 0.000000000000000000, 0.7660444431189812331, -0.6427876096865354771 ) ) ;
#1951 = CARTESIAN_POINT ( 'NONE',  ( -6.749269901708617958, -126.1934190138134539, 45.46987311503673368 ) ) ;
#1952 = VERTEX_POINT ( 'NONE', #8262 ) ;
#1953 = CARTESIAN_POINT ( 'NONE',  ( -12.52503907918842252, 15.99518668994429760, -44.57141096659933766 ) ) ;
#1954 = PLANE ( 'NONE',  #3936 ) ;
#1955 = DIRECTION ( 'NONE',  ( 0.000000000000000000, 0.1736481776669231980, 0.9848077530122093526 ) ) ;
#1956 = CARTESIAN_POINT ( 'NONE',  ( -22.63306085348309438, 13.48663614815320777, -19.00767794529165400 ) ) ;
#1957 = VERTEX_POINT ( 'NONE', #6888 ) ;
#1958 = ORIENTED_EDGE ( 'NONE', *, *, #5734, .T. ) ;
#1959 = LINE ( 'NONE', #6041, #2496 ) ;
#1960 = CARTESIAN_POINT ( 'NONE',  ( -3.329571150728626971, -99.80613959774122179, 44.15830998371907157 ) ) ;
#1961 = VECTOR ( 'NONE', #2030, 1000.000000000000000 ) ;
#1962 = LINE ( 'NONE', #1829, #7365 ) ;
#1963 = CARTESIAN_POINT ( 'NONE',  ( -17.33971537430075216, 15.59700320558265751, -43.78042516929100003 ) ) ;
#1964 = ORIENTED_EDGE ( 'NONE', *, *, #144, .T. ) ;
#1965 = CARTESIAN_POINT ( 'NONE',  ( 23.44999999999999929, -132.0540735843957521, 53.19686288046747080 ) ) ;
#1967 = AXIS2_PLACEMENT_3D ( 'NONE', #1900, #7415, #2076 ) ;
#1966 = CARTESIAN_POINT ( 'NONE',  ( 0.000000000000000000, -32.28376223969119962, -11.23648032529736263 ) ) ;
#1968 = EDGE_CURVE ( 'NONE', #6150, #3280, #4879, .T. ) ;
#1969 = ORIENTED_EDGE ( 'NONE', *, *, #4884, .T. ) ;
#1970 = CARTESIAN_POINT ( 'NONE',  ( -14.25000000000000000, -1.799127793371385620, 53.36789795213029919 ) ) ;
#1971 = CARTESIAN_POINT ( 'NONE',  ( -15.50181708277012937, 24.43888396216890868, -45.29634816116374196 ) ) ;
#1972 = FACE_OUTER_BOUND ( 'NONE', #8692, .T. ) ;
#1973 = CARTESIAN_POINT ( 'NONE',  ( -6.000000000000000000, -78.21670427218461441, 10.78275569109506016 ) ) ;
#1974 = ORIENTED_EDGE ( 'NONE', *, *, #5928, .F. ) ;
#1975 = CARTESIAN_POINT ( 'NONE',  ( -13.03391402783173625, -14.34448021631803805, -22.61849852411658190 ) ) ;
#1976 = CARTESIAN_POINT ( 'NONE',  ( -1.000000000033595793, -135.9566462336888719, 22.00572451350948811 ) ) ;
#1977 = EDGE_CURVE ( 'NONE', #2283, #3127, #748, .T. ) ;
#1978 = CARTESIAN_POINT ( 'NONE',  ( -15.07923779076241821, -12.97967854785163766, -21.29632653346197912 ) ) ;
#1979 = CARTESIAN_POINT ( 'NONE',  ( -11.58230842518807790, 16.22516574429701564, -44.15827988271885118 ) ) ;
#1980 = CARTESIAN_POINT ( 'NONE',  ( -22.38180892622856888, -53.81546268642408393, -0.4755820375708863512 ) ) ;
#1981 = DIRECTION ( 'NONE',  ( 0.000000000000000000, -0.3420201433256681578, -0.9396926207859086499 ) ) ;
#1982 = VERTEX_POINT ( 'NONE', #1636 ) ;
#1983 = ORIENTED_EDGE ( 'NONE', *, *, #6471, .T. ) ;
#1984 = EDGE_CURVE ( 'NONE', #6358, #3525, #2186, .T. ) ;
#1985 = CARTESIAN_POINT ( 'NONE',  ( -15.00000000000053468, -106.6917226594392645, 45.91863694742529134 ) ) ;
#1986 = CARTESIAN_POINT ( 'NONE',  ( -15.00000000000000000, -94.34771466488518854, 20.65720517637857867 ) ) ;
#1987 = ORIENTED_EDGE ( 'NONE', *, *, #6692, .F. ) ;
#1988 = EDGE_CURVE ( 'NONE', #3280, #1982, #429, .T. ) ;
#1989 = DIRECTION ( 'NONE',  ( 0.000000000000000000, 0.6427876096865184907, 0.7660444431189954440 ) ) ;
#1990 = ADVANCED_FACE ( 'NONE', ( #3743 ), #6466, .F. ) ;
#1991 = LINE ( 'NONE', #4643, #6842 ) ;
#1992 = CARTESIAN_POINT ( 'NONE',  ( -21.25571124827481384, -38.97054437680492356, -20.67543087641031718 ) ) ;
#1993 = DIRECTION ( 'NONE',  ( 0.000000000000000000, -0.6427876096865345890, -0.7660444431189818992 ) ) ;
#1994 = VERTEX_POINT ( 'NONE', #5898 ) ;
#1995 = CARTESIAN_POINT ( 'NONE',  ( -12.03774178407185858, 16.72456338660487418, -45.12450222590661753 ) ) ;
#1996 = ADVANCED_FACE ( 'NONE', ( #5228 ), #4738, .F. ) ;
#1997 = CARTESIAN_POINT ( 'NONE',  ( -7.239823494426007144, -75.46402210832656010, 1.922542352359466911 ) ) ;
#1998 = CARTESIAN_POINT ( 'NONE',  ( -14.11404806173229964, -51.47214512253717800, -13.69548863397800176 ) ) ;
#1999 = FACE_OUTER_BOUND ( 'NONE', #5714, .T. ) ;
#2000 = CARTESIAN_POINT ( 'NONE',  ( -12.08024718501111749, -14.76990621443731833, -43.71672793114766620 ) ) ;
#2001 = VERTEX_POINT ( 'NONE', #7316 ) ;
#2002 = ORIENTED_EDGE ( 'NONE', *, *, #3741, .F. ) ;
#2003 = CARTESIAN_POINT ( 'NONE',  ( -11.99999999999999645, -119.4571793330561178, 36.63996838842680859 ) ) ;
#2004 = FACE_OUTER_BOUND ( 'NONE', #4761, .T. ) ;
#2005 = CARTESIAN_POINT ( 'NONE',  ( -15.16344484957184413, -93.72925733550493987, 6.720233443688044872 ) ) ;
#2006 = CARTESIAN_POINT ( 'NONE',  ( 23.44999999999999929, 34.71447329368038481, -6.121098262759038455 ) ) ;
#2007 = ORIENTED_EDGE ( 'NONE', *, *, #567, .F. ) ;
#2008 = CARTESIAN_POINT ( 'NONE',  ( 23.44999999999999929, -116.6960409714578333, 68.15964444387797982 ) ) ;
#2009 = CARTESIAN_POINT ( 'NONE',  ( -14.23913406603579901, -25.46246350426179816, -39.59913607114618372 ) ) ;
#2010 = ORIENTED_EDGE ( 'NONE', *, *, #1379, .F. ) ;
#2011 = FACE_OUTER_BOUND ( 'NONE', #3670, .T. ) ;
#2012 = DIRECTION ( 'NONE',  ( 0.000000000000000000, 0.9712417126392506317, -0.2380956438693812849 ) ) ;
#2013 = DIRECTION ( 'NONE',  ( -0.000000000000000000, 0.1736481776669231980, 0.9848077530122093526 ) ) ;
#2014 = ORIENTED_EDGE ( 'NONE', *, *, #6346, .F. ) ;
#2015 = CARTESIAN_POINT ( 'NONE',  ( -13.16383936330187510, -14.27264089230431310, -22.44268340139672802 ) ) ;
#2016 = CARTESIAN_POINT ( 'NONE',  ( -5.999999999999998224, -38.85406476150464528, -7.762140293633654764 ) ) ;
#2017 = DIRECTION ( 'NONE',  ( 0.000000000000000000, 0.000000000000000000, -1.000000000000000000 ) ) ;
#2018 = CARTESIAN_POINT ( 'NONE',  ( -12.11016182308047107, 15.82132268993230539, -43.65826676968359266 ) ) ;
#2019 = PLANE ( 'NONE',  #2665 ) ;
#2020 = LINE ( 'NONE', #6113, #7793 ) ;
#2021 = ORIENTED_EDGE ( 'NONE', *, *, #5018, .F. ) ;
#2022 = ORIENTED_EDGE ( 'NONE', *, *, #203, .T. ) ;
#2023 = EDGE_CURVE ( 'NONE', #5768, #668, #5451, .T. ) ;
#2024 = CARTESIAN_POINT ( 'NONE',  ( -15.00000000000000000, -106.6094104563835856, 33.29156582538670506 ) ) ;
#2025 = CARTESIAN_POINT ( 'NONE',  ( -23.09025104644171833, -48.96409250283790016, -4.372075337606307066 ) ) ;
#2026 = ORIENTED_EDGE ( 'NONE', *, *, #8329, .F. ) ;
#2027 = DIRECTION ( 'NONE',  ( 0.000000000000000000, 0.1736481776669221433, 0.9848077530122095746 ) ) ;
#2028 = DIRECTION ( 'NONE',  ( 0.6105962049779966039, -0.5914153929395852272, -0.5266878653059935411 ) ) ;
#2029 = CARTESIAN_POINT ( 'NONE',  ( -4.400000000000000355, -134.4905311952501847, 33.49182103046096159 ) ) ;
#2030 = DIRECTION ( 'NONE',  ( -0.7071067811865480168, 8.659560562354937789E-17, 0.7071067811865470176 ) ) ;
#2031 = ORIENTED_EDGE ( 'NONE', *, *, #5681, .T. ) ;
#2032 = CARTESIAN_POINT ( 'NONE',  ( -12.78560622601699492, 15.58614471869439555, -43.73678952898141858 ) ) ;
#2033 = VECTOR ( 'NONE', #5429, 1000.000000000000000 ) ;
#2034 = EDGE_CURVE ( 'NONE', #3238, #3460, #5655, .T. ) ;
#2035 = CARTESIAN_POINT ( 'NONE',  ( -16.26742920144485893, -78.61956219754374331, 13.22315593065291317 ) ) ;
#2036 = CARTESIAN_POINT ( 'NONE',  ( -14.20736856164608319, -48.69167048607189230, -15.67558857082565460 ) ) ;
#2037 = CARTESIAN_POINT ( 'NONE',  ( -15.00000000000000000, -125.6797723735735133, 18.97019296542793043 ) ) ;
#2038 = CARTESIAN_POINT ( 'NONE',  ( -22.64099267454290754, 14.67346237518273355, -19.15407695920674769 ) ) ;
#2039 = ORIENTED_EDGE ( 'NONE', *, *, #7295, .F. ) ;
#2040 = ORIENTED_EDGE ( 'NONE', *, *, #4513, .T. ) ;
#2041 = CARTESIAN_POINT ( 'NONE',  ( -15.00000000000000000, -119.4282453521839358, 35.00974663818664823 ) ) ;
#2042 = VECTOR ( 'NONE', #1386, 1000.000000000000000 ) ;
#2043 = CARTESIAN_POINT ( 'NONE',  ( -15.00000000000222400, -103.5357274261142351, 45.16978723993235434 ) ) ;
#2044 = CARTESIAN_POINT ( 'NONE',  ( -22.15740346661347004, 18.06397657989738903, -23.58501837703586190 ) ) ;
#2045 = LINE ( 'NONE', #5920, #4479 ) ;
#2046 = ORIENTED_EDGE ( 'NONE', *, *, #959, .T. ) ;
#2047 = CARTESIAN_POINT ( 'NONE',  ( -18.44999999999999929, 32.94301637382660175, -15.89135599806355792 ) ) ;
#2048 = CARTESIAN_POINT ( 'NONE',  ( -14.00000000000000000, 0.5375364957381987274, -18.29634816116374907 ) ) ;
#2049 = VERTEX_POINT ( 'NONE', #601 ) ;
#2050 = VERTEX_POINT ( 'NONE', #1175 ) ;
#2051 = CARTESIAN_POINT ( 'NONE',  ( -20.26983112241058649, 14.85918947934891676, -21.78957402002809829 ) ) ;
#2052 = CARTESIAN_POINT ( 'NONE',  ( -17.35330133953213760, 23.00262399613277964, -45.29634816116374196 ) ) ;
#2053 = ORIENTED_EDGE ( 'NONE', *, *, #4394, .T. ) ;
#2054 = EDGE_CURVE ( 'NONE', #8186, #5490, #8109, .T. ) ;
#2055 = VECTOR ( 'NONE', #8300, 1000.000000000000000 ) ;
#2056 = CARTESIAN_POINT ( 'NONE',  ( -5.785511251114816567, -85.89756278093665287, 38.25674281451664882 ) ) ;
#2057 = VECTOR ( 'NONE', #5939, 999.9999999999998863 ) ;
#2058 = VECTOR ( 'NONE', #7930, 1000.000000000000114 ) ;
#2059 = ORIENTED_EDGE ( 'NONE', *, *, #203, .F. ) ;
#2060 = CARTESIAN_POINT ( 'NONE',  ( -6.000000000000000000, -48.31161856384360931, -8.838769400495159800 ) ) ;
#2061 = PLANE ( 'NONE',  #4552 ) ;
#2062 = DIRECTION ( 'NONE',  ( 0.000000000000000000, 0.000000000000000000, -1.000000000000000000 ) ) ;
#2063 = CARTESIAN_POINT ( 'NONE',  ( -3.184081677783118191E-15, 0.5375364957382012809, -44.29634816116374907 ) ) ;
#2064 = EDGE_LOOP ( 'NONE', ( #7796, #5033, #7964, #3864 ) ) ;
#2065 = ORIENTED_EDGE ( 'NONE', *, *, #4557, .F. ) ;
#2066 = AXIS2_PLACEMENT_3D ( 'NONE', #7023, #4430, #7986 ) ;
#2067 = CARTESIAN_POINT ( 'NONE',  ( -14.99999999999947065, -109.1388637660119230, 46.51854285120109722 ) ) ;
#2068 = CARTESIAN_POINT ( 'NONE',  ( 0.000000000000000000, -38.54927497525915925, 5.680307991813230650 ) ) ;
#2069 = EDGE_CURVE ( 'NONE', #2162, #7658, #7062, .T. ) ;
#2070 = ORIENTED_EDGE ( 'NONE', *, *, #138, .T. ) ;
#2071 = CYLINDRICAL_SURFACE ( 'NONE', #1409, 1.699999999999994849 ) ;
#2072 = DIRECTION ( 'NONE',  ( 0.000000000000000000, -0.9396926207859082059, 0.3420201433256692125 ) ) ;
#2073 = AXIS2_PLACEMENT_3D ( 'NONE', #4188, #105, #2840 ) ;
#2074 = FACE_OUTER_BOUND ( 'NONE', #3042, .T. ) ;
#2075 = VECTOR ( 'NONE', #7377, 1000.000000000000114 ) ;
#2076 = DIRECTION ( 'NONE',  ( -1.000000000000000000, 0.000000000000000000, 0.000000000000000000 ) ) ;
#2077 = CARTESIAN_POINT ( 'NONE',  ( -15.00000000000000178, 0.5375364957381987274, -19.19634816116375831 ) ) ;
#2078 = ORIENTED_EDGE ( 'NONE', *, *, #3680, .F. ) ;
#2079 = FACE_OUTER_BOUND ( 'NONE', #7216, .T. ) ;
#2080 = CARTESIAN_POINT ( 'NONE',  ( -6.332773597529163467, -78.61950266474676141, 2.579179861806585095 ) ) ;
#2081 = LINE ( 'NONE', #205, #1057 ) ;
#2082 = CARTESIAN_POINT ( 'NONE',  ( 0.000000000000000000, -81.34295218669909389, 11.96611981446149642 ) ) ;
#2083 = CARTESIAN_POINT ( 'NONE',  ( -22.60776600873024478, 15.78057199852089099, -19.61265678022795456 ) ) ;
#2084 = ORIENTED_EDGE ( 'NONE', *, *, #8040, .F. ) ;
#2085 = ORIENTED_EDGE ( 'NONE', *, *, #3809, .F. ) ;
#2086 = CARTESIAN_POINT ( 'NONE',  ( -15.00000000000000000, -125.9007248944059825, 36.30493034431389532 ) ) ;
#2087 = ADVANCED_FACE ( 'NONE', ( #5981 ), #6556, .F. ) ;
#2088 = EDGE_CURVE ( 'NONE', #369, #7011, #1854, .T. ) ;
#2089 = CARTESIAN_POINT ( 'NONE',  ( -19.46038329802066258, -14.05267834880149813, -22.07636796883213393 ) ) ;
#2090 = DIRECTION ( 'NONE',  ( 0.000000000000000000, 0.6427876096865184907, 0.7660444431189954440 ) ) ;
#2091 = DIRECTION ( 'NONE',  ( 0.000000000000000000, -0.9396926207859086499, 0.3420201433256681578 ) ) ;
#2092 = DIRECTION ( 'NONE',  ( 0.000000000000000000, -0.6427876096865341449, -0.7660444431189823433 ) ) ;
#2093 = VERTEX_POINT ( 'NONE', #2528 ) ;
#2094 = FACE_OUTER_BOUND ( 'NONE', #8348, .T. ) ;
#2095 = CARTESIAN_POINT ( 'NONE',  ( -3.006515050619983587, -101.3407937816511151, 10.96161919021942666 ) ) ;
#2096 = EDGE_CURVE ( 'NONE', #5648, #3069, #2708, .T. ) ;
#2097 = VERTEX_POINT ( 'NONE', #1986 ) ;
#2098 = EDGE_LOOP ( 'NONE', ( #2337, #7690, #4345, #3966 ) ) ;
#2099 = B_SPLINE_CURVE_WITH_KNOTS ( 'NONE', 3,
 ( #5201, #3887, #4608, #6571, #440, #3171, #7949, #1826, #4567, #1190, #6660, #5778, #5115, #3340, #2767, #4703, #4167, #8124, #530, #4071, #7428, #7559 ),
 .UNSPECIFIED., .F., .F.,
 ( 4, 2, 2, 2, 2, 2, 2, 2, 2, 2, 4 ),
 ( 0.000000000000000000, 0.0009735438914275730332, 0.001460315837141359712, 0.001947087782855146066, 0.002920631674282722894, 0.003894175565710299939, 0.004867719457137877417, 0.005841263348565453595, 0.006814807239993030639, 0.007301579185706813524, 0.007788351131420596409 ),
 .UNSPECIFIED. ) ;
#2100 = EDGE_CURVE ( 'NONE', #2144, #4821, #4057, .T. ) ;
#2101 = CARTESIAN_POINT ( 'NONE',  ( -16.28062958404292360, -70.30391459216500039, 30.72164304609000141 ) ) ;
#2102 = DIRECTION ( 'NONE',  ( -1.000000000000000000, 0.000000000000000000, 0.000000000000000000 ) ) ;
#2103 = AXIS2_PLACEMENT_3D ( 'NONE', #1381, #7429, #1244 ) ;
#2104 = ORIENTED_EDGE ( 'NONE', *, *, #1928, .F. ) ;
#2105 = AXIS2_PLACEMENT_3D ( 'NONE', #5722, #3562, #1672 ) ;
#2106 = CARTESIAN_POINT ( 'NONE',  ( -12.89256779264288433, -14.09257709298555206, -21.46765821339136338 ) ) ;
#2107 = EDGE_CURVE ( 'NONE', #6118, #598, #3583, .T. ) ;
#2108 =( BOUNDED_SURFACE ( )  B_SPLINE_SURFACE ( 2, 3, ( 
 ( #6487, #359, #1196, #2506, #3219, #3761, #536, #3093, #5830, #7955, #3939, #6665, #6533, #5330, #5960, #8536 ),
 ( #3263, #8664, #5290, #2418, #8709, #4574, #5167, #7247, #5874, #8577, #8037, #4530, #1113, #3176, #4663, #5915 ),
 ( #7337, #2590, #7386, #8618, #3396, #8179, #4130, #6765, #1344, #2683, #2730, #1251, #8751, #2095, #4890, #3443 ) ),
 .UNSPECIFIED., .F., .F., .F. ) 
 B_SPLINE_SURFACE_WITH_KNOTS ( ( 3, 3 ),
 ( 4, 2, 2, 2, 2, 2, 2, 4 ),
 ( 0.000000000000000000, 1.000000000000000000 ),
 ( 0.1781624861937158300, 0.2097511141031745963, 0.2413397420126333626, 0.3045169978315508952, 0.3676942536504684278, 0.3992828815599271941, 0.4150771955146566050, 0.4308715094693859604 ),
 .UNSPECIFIED. ) 
 GEOMETRIC_REPRESENTATION_ITEM ( )  RATIONAL_B_SPLINE_SURFACE ( (
 ( 1.000000000000000000, 1.000000000000000000, 1.000000000000000000, 1.000000000000000000, 1.000000000000000000, 1.000000000000000000, 1.000000000000000000, 1.000000000000000000, 1.000000000000000000, 1.000000000000000000, 1.000000000000000000, 1.000000000000000000, 1.000000000000000000, 1.000000000000000000, 1.000000000000000000, 1.000000000000000000),
 ( 0.7071067811865475727, 0.7071067811865475727, 0.7071067811865475727, 0.7071067811865475727, 0.7071067811865475727, 0.7071067811865475727, 0.7071067811865475727, 0.7071067811865475727, 0.7071067811865476838, 0.7071067811865476838, 0.7071067811865475727, 0.7071067811865475727, 0.7071067811865472397, 0.7071067811865472397, 0.7071067811865475727, 0.7071067811865475727),
 ( 1.000000000000000000, 1.000000000000000000, 1.000000000000000000, 1.000000000000000000, 1.000000000000000000, 1.000000000000000000, 1.000000000000000000, 1.000000000000000000, 1.000000000000000000, 1.000000000000000000, 1.000000000000000000, 1.000000000000000000, 1.000000000000000000, 1.000000000000000000, 1.000000000000000000, 1.000000000000000000) ) ) 
 REPRESENTATION_ITEM ( '' )  SURFACE ( )  );
#2109 = LINE ( 'NONE', #4859, #2656 ) ;
#2110 = ORIENTED_EDGE ( 'NONE', *, *, #2096, .F. ) ;
#2111 = DIRECTION ( 'NONE',  ( -0.000000000000000000, 0.1736481776669232813, 0.9848077530122092416 ) ) ;
#2112 = VECTOR ( 'NONE', #4497, 1000.000000000000114 ) ;
#2113 = CARTESIAN_POINT ( 'NONE',  ( -14.64198691435715283, 13.41681793918906784, -20.34380995379477142 ) ) ;
#2114 = CARTESIAN_POINT ( 'NONE',  ( -23.08379738532458347, -49.02420004658439012, -4.323942161447640764 ) ) ;
#2115 = DIRECTION ( 'NONE',  ( 0.000000000000000000, -0.3420201433256692680, -0.9396926207859083169 ) ) ;
#2116 = ORIENTED_EDGE ( 'NONE', *, *, #2382, .T. ) ;
#2117 = ORIENTED_EDGE ( 'NONE', *, *, #1567, .F. ) ;
#2118 = CARTESIAN_POINT ( 'NONE',  ( -14.40556723980829368, 14.59560304405804487, -21.59456266214135667 ) ) ;
#2119 = CARTESIAN_POINT ( 'NONE',  ( -14.00000000000000000, 0.5375364957381987274, -18.29634816116374907 ) ) ;
#2120 = AXIS2_PLACEMENT_3D ( 'NONE', #2934, #781, #4287 ) ;
#2121 = ORIENTED_EDGE ( 'NONE', *, *, #8805, .T. ) ;
#2122 = CARTESIAN_POINT ( 'NONE',  ( -9.099999999999999645, -46.25982028992389417, -5.338803418062269657 ) ) ;
#2123 = CARTESIAN_POINT ( 'NONE',  ( -16.67320205976355396, -70.60472394610748381, 24.25147689707181797 ) ) ;
#2124 = DIRECTION ( 'NONE',  ( 0.000000000000000000, 0.000000000000000000, -1.000000000000000000 ) ) ;
#2125 = FACE_OUTER_BOUND ( 'NONE', #2947, .T. ) ;
#2126 = LINE ( 'NONE', #7546, #8666 ) ;
#2127 = EDGE_LOOP ( 'NONE', ( #7588, #7744, #4190, #6421 ) ) ;
#2128 = DIRECTION ( 'NONE',  ( 0.000000000000000000, 0.000000000000000000, -1.000000000000000000 ) ) ;
#2129 = CARTESIAN_POINT ( 'NONE',  ( -21.67822908354408185, -16.48572544864677170, -21.29108252665573175 ) ) ;
#2130 = CARTESIAN_POINT ( 'NONE',  ( -10.70205166274274333, -66.46367145505251983, -1.807991751991009588 ) ) ;
#2131 = DIRECTION ( 'NONE',  ( 1.000000000000000000, -0.000000000000000000, -0.000000000000000000 ) ) ;
#2132 = CARTESIAN_POINT ( 'NONE',  ( -1.191902010564308112, -127.2749452060170938, 19.28885296510152969 ) ) ;
#2133 = CARTESIAN_POINT ( 'NONE',  ( -23.13338126671164119, -48.54810217235299774, -4.705193780877043430 ) ) ;
#2134 = ORIENTED_EDGE ( 'NONE', *, *, #7622, .F. ) ;
#2135 = ORIENTED_EDGE ( 'NONE', *, *, #3581, .T. ) ;
#2136 = CARTESIAN_POINT ( 'NONE',  ( -1.000000000000007772, -125.6822119262424025, 50.87769490003756090 ) ) ;
#2137 = CARTESIAN_POINT ( 'NONE',  ( -14.99999999999898037, -86.05537736766450507, 38.33448560650505499 ) ) ;
#2138 = CARTESIAN_POINT ( 'NONE',  ( -14.99200959049337634, -99.77604891709218293, 10.01301644943759683 ) ) ;
#2139 = ORIENTED_EDGE ( 'NONE', *, *, #4087, .F. ) ;
#2140 = CARTESIAN_POINT ( 'NONE',  ( -8.150000000000000355, -22.82182225824879751, -14.25357600088131171 ) ) ;
#2141 = CARTESIAN_POINT ( 'NONE',  ( 0.000000000000000000, -30.39113852184311071, -11.88299054380818021 ) ) ;
#2142 = EDGE_CURVE ( 'NONE', #1229, #6987, #7836, .T. ) ;
#2143 = CARTESIAN_POINT ( 'NONE',  ( -14.20736856164180750, -48.69167048607203441, -15.67558857082555690 ) ) ;
#2144 = VERTEX_POINT ( 'NONE', #8819 ) ;
#2145 = CARTESIAN_POINT ( 'NONE',  ( -22.15740346661346649, 18.06397657989738903, -23.58501837703586190 ) ) ;
#2146 = DIRECTION ( 'NONE',  ( -1.000000000000000000, -0.000000000000000000, 0.000000000000000000 ) ) ;
#2147 = ORIENTED_EDGE ( 'NONE', *, *, #1053, .T. ) ;
#2148 = EDGE_CURVE ( 'NONE', #4966, #8456, #7490, .T. ) ;
#2149 = CARTESIAN_POINT ( 'NONE',  ( -20.34495672306512759, 13.53753649573836704, -21.29634816116374907 ) ) ;
#2150 = CARTESIAN_POINT ( 'NONE',  ( -13.10175509801838878, -13.90558829443377675, -21.23700706817853145 ) ) ;
#2151 = EDGE_CURVE ( 'NONE', #7355, #1096, #1227, .T. ) ;
#2152 = PRODUCT_DEFINITION_SHAPE ( 'NONE', 'NONE',  #284 ) ;
#2153 = CARTESIAN_POINT ( 'NONE',  ( -22.33050015842060887, 29.97398186782802298, -24.31304690875174046 ) ) ;
#2154 = EDGE_LOOP ( 'NONE', ( #7101, #6848, #2258, #7500 ) ) ;
#2155 = CYLINDRICAL_SURFACE ( 'NONE', #2255, 1.699999999999998401 ) ;
#2156 = EDGE_CURVE ( 'NONE', #7568, #2049, #3199, .T. ) ;
#2157 = CARTESIAN_POINT ( 'NONE',  ( -14.40819380430478169, 13.67783532475491270, -20.40740273198093391 ) ) ;
#2158 = DIRECTION ( 'NONE',  ( 1.000000000000000000, -0.000000000000000000, -0.000000000000000000 ) ) ;
#2159 = CARTESIAN_POINT ( 'NONE',  ( 0.000000000000000000, 8.887536495738197928, -34.50673323046109431 ) ) ;
#2160 = VERTEX_POINT ( 'NONE', #4151 ) ;
#2161 =( BOUNDED_CURVE ( )  B_SPLINE_CURVE ( 3, ( #4577, #6717, #7297, #8799 ),
 .UNSPECIFIED., .F., .F. ) 
 B_SPLINE_CURVE_WITH_KNOTS ( ( 4, 4 ),
 ( 2.496228138240097927, 2.666236661735228886 ),
 .UNSPECIFIED. ) 
 CURVE ( )  GEOMETRIC_REPRESENTATION_ITEM ( )  RATIONAL_B_SPLINE_CURVE ( ( 1.000000000000000000, 0.9975928751204993228, 0.9975928751204993228, 1.000000000000000000 ) ) 
 REPRESENTATION_ITEM ( '' )  );
#2162 = VERTEX_POINT ( 'NONE', #4820 ) ;
#2163 = CARTESIAN_POINT ( 'NONE',  ( -14.00655723923288321, 14.85016425343487612, -21.78701892038229104 ) ) ;
#2164 = DIRECTION ( 'NONE',  ( 0.000000000000000000, -0.3420201433256687684, -0.9396926207859084279 ) ) ;
#2165 = ORIENTED_EDGE ( 'NONE', *, *, #5617, .T. ) ;
#2166 = LINE ( 'NONE', #1365, #7418 ) ;
#2167 = CARTESIAN_POINT ( 'NONE',  ( 0.000000000000000000, -18.96246350426187632, -21.29634816116374907 ) ) ;
#2168 = PLANE ( 'NONE',  #6135 ) ;
#2169 = CARTESIAN_POINT ( 'NONE',  ( -4.934465383814631956, -90.38772566153639332, 40.46869169737222194 ) ) ;
#2170 = CARTESIAN_POINT ( 'NONE',  ( -15.35682858635312442, -29.56852482735398979, -27.43170248613724027 ) ) ;
#2171 = ORIENTED_EDGE ( 'NONE', *, *, #5291, .F. ) ;
#2172 = DIRECTION ( 'NONE',  ( 0.000000000000000000, 0.000000000000000000, 1.000000000000000000 ) ) ;
#2173 = EDGE_CURVE ( 'NONE', #7801, #7245, #6200, .T. ) ;
#2174 = CARTESIAN_POINT ( 'NONE',  ( -21.99237003799472845, -13.98825306499394472, -19.24145991071608464 ) ) ;
#2175 = CARTESIAN_POINT ( 'NONE',  ( 74.55000000000001137, -62.32202768219572420, -52.60384834137980903 ) ) ;
#2176 = CARTESIAN_POINT ( 'NONE',  ( -12.52310746388339702, -14.92303051286099880, -44.57360453084076823 ) ) ;
#2177 = ORIENTED_EDGE ( 'NONE', *, *, #4023, .T. ) ;
#2178 = DIRECTION ( 'NONE',  ( -0.000000000000000000, 0.1736481776669232813, 0.9848077530122092416 ) ) ;
#2179 = CARTESIAN_POINT ( 'NONE',  ( -15.00000000000000000, -89.96954021281597136, 29.99080047878769406 ) ) ;
#2180 = VECTOR ( 'NONE', #3347, 1000.000000000000000 ) ;
#2181 = CARTESIAN_POINT ( 'NONE',  ( -21.68987955504721654, 22.83774622952461186, -28.13252572418505792 ) ) ;
#2182 = EDGE_CURVE ( 'NONE', #7432, #7616, #7715, .T. ) ;
#2183 = LINE ( 'NONE', #2950, #6055 ) ;
#2184 = DIRECTION ( 'NONE',  ( 0.000000000000000000, -0.9143751889140099287, 0.4048678968484271112 ) ) ;
#2185 = ORIENTED_EDGE ( 'NONE', *, *, #7722, .F. ) ;
#2186 = B_SPLINE_CURVE_WITH_KNOTS ( 'NONE', 3,
 ( #1723, #1678, #3837, #4460, #1135, #2440, #2484, #7227, #2399, #5054, #6430, #8600, #340, #5859, #5728, #968, #7933, #1094, #4422, #3878, #466, #384, #7142, #3704, #6560, #7887, #4380, #8430, #3116, #5811, #8562, #1809, #5151, #1047, #5191, #7850, #1006, #3787 ),
 .UNSPECIFIED., .F., .F.,
 ( 4, 2, 2, 2, 2, 2, 2, 2, 2, 2, 2, 2, 2, 2, 2, 2, 2, 2, 4 ),
 ( 0.000000000000000000, 0.06249999999999605871, 0.09374999999999408806, 0.1249999999999921174, 0.1874999999999897027, 0.2187499999999892308, 0.2343749999999893141, 0.2499999999999894529, 0.3749999999999933387, 0.4374999999999956146, 0.4687499999999967248, 0.4843749999999970024, 0.4999999999999972244, 0.5624999999999980016, 0.6249999999999988898, 0.7500000000000012212, 0.8125000000000012212, 0.8750000000000013323, 1.000000000000000000 ),
 .UNSPECIFIED. ) ;
#2187 = LINE ( 'NONE', #3713, #363 ) ;
#2188 = CARTESIAN_POINT ( 'NONE',  ( -13.01772794811095402, 15.05615339986977119, -21.32663473892973371 ) ) ;
#2189 = EDGE_LOOP ( 'NONE', ( #4584, #6160, #5777, #237, #5731, #6223, #2227 ) ) ;
#2190 = AXIS2_PLACEMENT_3D ( 'NONE', #5864, #4429, #3750 ) ;
#2191 = DIRECTION ( 'NONE',  ( -1.000000000000000000, 0.000000000000000000, 0.000000000000000000 ) ) ;
#2192 = CARTESIAN_POINT ( 'NONE',  ( 0.000000000000000000, -136.9394358138791858, 22.44088499817747362 ) ) ;
#2193 = VERTEX_POINT ( 'NONE', #4323 ) ;
#2194 = B_SPLINE_CURVE_WITH_KNOTS ( 'NONE', 3,
 ( #1102, #6523, #392, #7898, #3923, #1773, #3845, #436, #3166, #5905 ),
 .UNSPECIFIED., .F., .F.,
 ( 4, 2, 2, 2, 4 ),
 ( 0.000000000000000000, 0.2500000000000000000, 0.5000000000000000000, 0.7500000000000000000, 1.000000000000000000 ),
 .UNSPECIFIED. ) ;
#2195 = CARTESIAN_POINT ( 'NONE',  ( -13.77363997484028602, -13.91832874181812407, -21.92345409917324162 ) ) ;
#2196 = CARTESIAN_POINT ( 'NONE',  ( -22.49014984722864341, 25.59101508275330517, -22.27477065839927661 ) ) ;
#2197 = ORIENTED_EDGE ( 'NONE', *, *, #3039, .F. ) ;
#2198 = CARTESIAN_POINT ( 'NONE',  ( -14.06664781067475367, -13.49614682257472076, -21.29632341722676614 ) ) ;
#2199 = CARTESIAN_POINT ( 'NONE',  ( -13.10838449769036984, 15.37852637119696553, -22.51108648015655689 ) ) ;
#2200 = EDGE_CURVE ( 'NONE', #1831, #7259, #727, .T. ) ;
#2201 = DIRECTION ( 'NONE',  ( -0.000000000000000000, 0.7660444431189817882, -0.6427876096865349220 ) ) ;
#2202 = CARTESIAN_POINT ( 'NONE',  ( 0.000000000000000000, -133.7038235893525382, 48.66421199410356735 ) ) ;
#2203 = ORIENTED_EDGE ( 'NONE', *, *, #634, .F. ) ;
#2204 = VECTOR ( 'NONE', #2131, 1000.000000000000000 ) ;
#2205 = ORIENTED_EDGE ( 'NONE', *, *, #3290, .T. ) ;
#2206 = CARTESIAN_POINT ( 'NONE',  ( -8.150000000000000355, -22.82182225824879751, -14.25357600088131171 ) ) ;
#2207 = CARTESIAN_POINT ( 'NONE',  ( -16.73041021601962797, 27.78718882288784897, -28.96558856729766873 ) ) ;
#2208 = VECTOR ( 'NONE', #8671, 1000.000000000000114 ) ;
#2209 = ORIENTED_EDGE ( 'NONE', *, *, #8162, .F. ) ;
#2210 = EDGE_CURVE ( 'NONE', #1024, #3446, #6246, .T. ) ;
#2211 = LINE ( 'NONE', #2122, #7121 ) ;
#2212 = PLANE ( 'NONE',  #1245 ) ;
#2213 = DIRECTION ( 'NONE',  ( 0.000000000000000000, 0.3420201433256638834, 0.9396926207859100932 ) ) ;
#2214 = CARTESIAN_POINT ( 'NONE',  ( 0.000000000000000000, -123.6640270959618277, 25.08174915276007155 ) ) ;
#2215 =( BOUNDED_CURVE ( )  B_SPLINE_CURVE ( 3, ( #5725, #4160, #4330, #5010 ),
 .UNSPECIFIED., .F., .T. ) 
 B_SPLINE_CURVE_WITH_KNOTS ( ( 4, 4 ),
 ( 1.570796326794896558, 3.035007983972521473 ),
 .UNSPECIFIED. ) 
 CURVE ( )  GEOMETRIC_REPRESENTATION_ITEM ( )  RATIONAL_B_SPLINE_CURVE ( ( 1.000000000000000000, 0.8291789586652066335, 0.8291789586652066335, 1.000000000000000000 ) ) 
 REPRESENTATION_ITEM ( '' )  );
#2216 = CARTESIAN_POINT ( 'NONE',  ( -13.77268894321033166, -25.46246350426179816, -43.29634816116374907 ) ) ;
#2217 = AXIS2_PLACEMENT_3D ( 'NONE', #4580, #7301, #4041 ) ;
#2218 = VERTEX_POINT ( 'NONE', #192 ) ;
#2219 = EDGE_CURVE ( 'NONE', #6799, #2576, #64, .T. ) ;
#2220 = CARTESIAN_POINT ( 'NONE',  ( 0.000000000000000000, 26.53753649573820539, -43.29634816116374196 ) ) ;
#2221 = CARTESIAN_POINT ( 'NONE',  ( -21.41316094080898935, -17.09072446767012110, -23.28543047189873150 ) ) ;
#2222 = CARTESIAN_POINT ( 'NONE',  ( -37.91725621002935043, -40.15787788341345532, -22.29143985388752824 ) ) ;
#2223 = EDGE_CURVE ( 'NONE', #4646, #4133, #1640, .T. ) ;
#2224 = CIRCLE ( 'NONE', #5670, 1.900000000000011013 ) ;
#2225 = CARTESIAN_POINT ( 'NONE',  ( -11.92874764712518676, -15.80654107938895692, -45.18647283909207601 ) ) ;
#2226 = AXIS2_PLACEMENT_3D ( 'NONE', #1058, #5198, #7281 ) ;
#2227 = ORIENTED_EDGE ( 'NONE', *, *, #8090, .F. ) ;
#2228 = LINE ( 'NONE', #3527, #4560 ) ;
#2229 = CARTESIAN_POINT ( 'NONE',  ( -5.757144542269641896, -86.05537745712125286, 38.33448565057121726 ) ) ;
#2230 = DIRECTION ( 'NONE',  ( 0.000000000000000000, 0.9396926207859084279, -0.3420201433256687684 ) ) ;
#2231 = DIRECTION ( 'NONE',  ( 0.000000000000000000, -0.6427876096865344779, -0.7660444431189821213 ) ) ;
#2232 =( GEOMETRIC_REPRESENTATION_CONTEXT ( 3 ) GLOBAL_UNCERTAINTY_ASSIGNED_CONTEXT ( ( #304 ) ) GLOBAL_UNIT_ASSIGNED_CONTEXT ( ( #3383, #1465, #4163 ) ) REPRESENTATION_CONTEXT ( 'NONE', 'WORKASPACE' ) );
#2233 = VERTEX_POINT ( 'NONE', #7674 ) ;
#2234 = CARTESIAN_POINT ( 'NONE',  ( -22.16517972885585763, -39.04790457360581257, -13.45301535456589725 ) ) ;
#2235 = ORIENTED_EDGE ( 'NONE', *, *, #1243, .F. ) ;
#2236 = ORIENTED_EDGE ( 'NONE', *, *, #4623, .T. ) ;
#2237 = VECTOR ( 'NONE', #1847, 1000.000000000000000 ) ;
#2238 = AXIS2_PLACEMENT_3D ( 'NONE', #377, #7973, #5185 ) ;
#2239 = CARTESIAN_POINT ( 'NONE',  ( -22.51390812980829281, 16.93514524700626467, -20.56019055771754367 ) ) ;
#2240 = LINE ( 'NONE', #6316, #5250 ) ;
#2241 = ORIENTED_EDGE ( 'NONE', *, *, #6517, .F. ) ;
#2242 = EDGE_CURVE ( 'NONE', #5175, #5187, #2797, .T. ) ;
#2243 = DIRECTION ( 'NONE',  ( -0.9921354217690542265, 0.000000000000000000, -0.1251691050984271025 ) ) ;
#2244 = CARTESIAN_POINT ( 'NONE',  ( -14.73994265193499054, -13.30201963441601443, -21.48783174410802843 ) ) ;
#2245 = CARTESIAN_POINT ( 'NONE',  ( -12.76259707981113678, -1.958265214942934707, -7.371947257554367638 ) ) ;
#2246 = ORIENTED_EDGE ( 'NONE', *, *, #3190, .T. ) ;
#2247 = LINE ( 'NONE', #4993, #1814 ) ;
#2248 = AXIS2_PLACEMENT_3D ( 'NONE', #8146, #3956, #2017 ) ;
#2249 = CARTESIAN_POINT ( 'NONE',  ( -14.73275594171945713, 14.37432281138612566, -21.47874372191180115 ) ) ;
#2250 = VECTOR ( 'NONE', #6030, 1000.000000000000000 ) ;
#2251 = PLANE ( 'NONE',  #935 ) ;
#2252 = ORIENTED_EDGE ( 'NONE', *, *, #5928, .T. ) ;
#2253 = ORIENTED_EDGE ( 'NONE', *, *, #1924, .T. ) ;
#2254 = CARTESIAN_POINT ( 'NONE',  ( -14.73275594171945713, 14.37432281138612566, -21.47874372191180115 ) ) ;
#2255 = AXIS2_PLACEMENT_3D ( 'NONE', #3592, #1444, #1577 ) ;
#2256 = CARTESIAN_POINT ( 'NONE',  ( -21.58334415447100341, -57.47830971295916669, 2.547588195108362985 ) ) ;
#2257 = ADVANCED_FACE ( 'NONE', ( #8199 ), #6963, .F. ) ;
#2258 = ORIENTED_EDGE ( 'NONE', *, *, #4513, .F. ) ;
#2259 = FACE_OUTER_BOUND ( 'NONE', #5428, .T. ) ;
#2260 = DIRECTION ( 'NONE',  ( 0.000000000000000000, -1.387778780781444689E-15, -1.000000000000000000 ) ) ;
#2261 = CARTESIAN_POINT ( 'NONE',  ( -12.63676831002814183, -14.31398753101933430, -21.81857015739233319 ) ) ;
#2262 = DIRECTION ( 'NONE',  ( 0.000000000000000000, -0.9063077870366528233, -0.4226182617406932240 ) ) ;
#2263 = ORIENTED_EDGE ( 'NONE', *, *, #6517, .T. ) ;
#2264 = EDGE_CURVE ( 'NONE', #8734, #868, #6224, .T. ) ;
#2265 = CARTESIAN_POINT ( 'NONE',  ( -15.00000000000000000, -120.8706988830432039, 49.39455074817960423 ) ) ;
#2266 = CARTESIAN_POINT ( 'NONE',  ( -15.38717015118669096, -52.47418028630455922, 21.02326185008634596 ) ) ;
#2267 = VECTOR ( 'NONE', #5677, 1000.000000000000000 ) ;
#2268 = EDGE_CURVE ( 'NONE', #4207, #4523, #3421, .T. ) ;
#2269 = CARTESIAN_POINT ( 'NONE',  ( -11.63552167403280890, -64.39982302989891139, -3.117934326581682125 ) ) ;
#2270 = LINE ( 'NONE', #1594, #5793 ) ;
#2271 = B_SPLINE_CURVE_WITH_KNOTS ( 'NONE', 3,
 ( #6585, #1749, #5257, #7303, #4410, #1842, #5089, #7126, #1032, #3729, #6497, #6454, #327, #4490, #3773, #3058, #5794, #8504, #370, #8548, #2428, #7212, #1080, #6544 ),
 .UNSPECIFIED., .F., .F.,
 ( 4, 2, 2, 2, 2, 2, 2, 2, 2, 2, 2, 4 ),
 ( 0.000000000000000000, 0.05000000000000008604, 0.07500000000000001110, 0.1000000000000000611, 0.1500000000000000222, 0.2000000000000001221, 0.3000000000000000444, 0.4000000000000000222, 0.5000000000000001110, 0.7000000000000000666, 0.8999999999999999112, 1.000000000000000000 ),
 .UNSPECIFIED. ) ;
#2272 = ADVANCED_FACE ( 'NONE', ( #2931 ), #5673, .F. ) ;
#2273 = PLANE ( 'NONE',  #4539 ) ;
#2274 = VERTEX_POINT ( 'NONE', #6916 ) ;
#2275 =( BOUNDED_SURFACE ( )  B_SPLINE_SURFACE ( 3, 2, ( 
 ( #4402, #7120, #990 ),
 ( #6449, #322, #3053 ),
 ( #5126, #4763, #4094 ),
 ( #7530, #3452, #4944 ),
 ( #816, #4860, #7662 ),
 ( #4182, #8239, #7577 ) ),
 .UNSPECIFIED., .F., .F., .F. ) 
 B_SPLINE_SURFACE_WITH_KNOTS ( ( 4, 2, 4 ),
 ( 3, 3 ),
 ( 1.396263401595470466, 1.615952512458462387, 1.835641623321454530 ),
 ( 0.000000000000000000, 1.000000000000000000 ),
 .UNSPECIFIED. ) 
 GEOMETRIC_REPRESENTATION_ITEM ( )  RATIONAL_B_SPLINE_SURFACE ( (
 ( 1.000000000000000000, 0.6992619978031293648, 1.000000000000000000),
 ( 1.000000000000000000, 0.7025383635429203188, 1.000000000000000000),
 ( 1.000000000000000000, 0.7058547083538033728, 1.000000000000000000),
 ( 1.000000000000000000, 0.7124090230003776725, 1.000000000000000000),
 ( 1.000000000000000000, 0.7156468814326519823, 1.000000000000000000),
 ( 1.000000000000000000, 0.7187703393883436709, 1.000000000000000000) ) ) 
 REPRESENTATION_ITEM ( '' )  SURFACE ( )  );
#2276 = CARTESIAN_POINT ( 'NONE',  ( 0.000000000000000000, -77.59885521316199686, 16.27262499649769367 ) ) ;
#2277 = CARTESIAN_POINT ( 'NONE',  ( -15.00000000000000000, -94.06842296585499241, 31.21881860457415314 ) ) ;
#2278 = EDGE_CURVE ( 'NONE', #8456, #6733, #7643, .T. ) ;
#2279 = LINE ( 'NONE', #3124, #2768 ) ;
#2280 = DIRECTION ( 'NONE',  ( 0.000000000000000000, 0.000000000000000000, 1.000000000000000000 ) ) ;
#2281 = AXIS2_PLACEMENT_3D ( 'NONE', #2648, #7305, #3186 ) ;
#2282 = CARTESIAN_POINT ( 'NONE',  ( -12.98945370050793180, 15.08145228037626673, -21.35761195872757412 ) ) ;
#2283 = VERTEX_POINT ( 'NONE', #2068 ) ;
#2284 = CARTESIAN_POINT ( 'NONE',  ( -16.72826934917091535, 23.77765871666472108, -45.29634816116374196 ) ) ;
#2285 = CARTESIAN_POINT ( 'NONE',  ( -15.22643973753877233, -88.06860487140933458, 16.42631312825369960 ) ) ;
#2286 = CARTESIAN_POINT ( 'NONE',  ( -12.10898296549133057, -14.74718384982437236, -43.66079851951133151 ) ) ;
#2287 = ORIENTED_EDGE ( 'NONE', *, *, #297, .F. ) ;
#2288 = CARTESIAN_POINT ( 'NONE',  ( -20.01577414824416579, 15.47356965032319920, -22.77778230630703504 ) ) ;
#2289 = CARTESIAN_POINT ( 'NONE',  ( -16.03825427075859267, -12.32138171781036284, -21.31180833659769291 ) ) ;
#2290 = CARTESIAN_POINT ( 'NONE',  ( 23.44999999999999929, -4.921752535625713243, -7.255575130684863261 ) ) ;
#2291 = EDGE_LOOP ( 'NONE', ( #7819, #7371, #7440, #5814, #6274, #6807 ) ) ;
#2292 = VERTEX_POINT ( 'NONE', #6876 ) ;
#2293 = CARTESIAN_POINT ( 'NONE',  ( -18.08119742861454782, -23.03160761294768122, -43.51171820687538627 ) ) ;
#2294 = CARTESIAN_POINT ( 'NONE',  ( -17.36252504363606874, -72.45737090704351147, 11.50199642869287864 ) ) ;
#2295 = CARTESIAN_POINT ( 'NONE',  ( 0.000000000000000000, 8.887536495738197928, -24.49634816116376257 ) ) ;
#2296 = DIRECTION ( 'NONE',  ( 0.000000000000000000, 0.7660444431189817882, -0.6427876096865348110 ) ) ;
#2297 = ORIENTED_EDGE ( 'NONE', *, *, #3546, .F. ) ;
#2298 = EDGE_CURVE ( 'NONE', #8003, #5619, #3257, .T. ) ;
#2299 = ORIENTED_EDGE ( 'NONE', *, *, #1167, .T. ) ;
#2300 = CARTESIAN_POINT ( 'NONE',  ( -13.03391402783179664, 15.41955320779442928, -22.61849852411658190 ) ) ;
#2301 = CARTESIAN_POINT ( 'NONE',  ( -10.91483410055961656, -66.01530771400859976, -2.071886986874952985 ) ) ;
#2302 = ORIENTED_EDGE ( 'NONE', *, *, #7286, .T. ) ;
#2303 = CARTESIAN_POINT ( 'NONE',  ( -21.24014984485969038, -38.29152494107233196, -20.91850561313492562 ) ) ;
#2304 = FACE_OUTER_BOUND ( 'NONE', #3441, .T. ) ;
#2305 = DIRECTION ( 'NONE',  ( 0.000000000000000000, -0.3420201433256638834, -0.9396926207859100932 ) ) ;
#2306 = CARTESIAN_POINT ( 'NONE',  ( -23.44999999999999218, -34.71447329368038481, 6.121098262759046449 ) ) ;
#2307 = EDGE_LOOP ( 'NONE', ( #7357, #94, #7632, #7739 ) ) ;
#2308 = ADVANCED_FACE ( 'NONE', ( #778 ), #3470, .F. ) ;
#2309 = CARTESIAN_POINT ( 'NONE',  ( -14.10000000000000142, -70.68806733567512879, 7.587567390207665241 ) ) ;
#2310 = LINE ( 'NONE', #3703, #7368 ) ;
#2311 = CARTESIAN_POINT ( 'NONE',  ( -10.96856556624771706, -15.58536323283839131, -44.29634372233708461 ) ) ;
#2312 = ORIENTED_EDGE ( 'NONE', *, *, #7893, .F. ) ;
#2313 = CARTESIAN_POINT ( 'NONE',  ( -12.75000000000000000, -116.1242084823501983, 39.94962174011556044 ) ) ;
#2314 = CARTESIAN_POINT ( 'NONE',  ( -15.00000000000000000, -93.12185724959418565, 30.94209073092055462 ) ) ;
#2315 = EDGE_CURVE ( 'NONE', #6066, #3279, #4450, .T. ) ;
#2316 = CARTESIAN_POINT ( 'NONE',  ( -10.55000000000000071, 3.821973896550819205, -11.43743920351424137 ) ) ;
#2317 = FACE_OUTER_BOUND ( 'NONE', #3155, .T. ) ;
#2318 = CARTESIAN_POINT ( 'NONE',  ( -22.44700257992001724, -43.33622927068630304, -10.46303855838675645 ) ) ;
#2319 = CARTESIAN_POINT ( 'NONE',  ( -14.64043521277806548, -42.29982359722304608, -19.25900196477695303 ) ) ;
#2320 = ORIENTED_EDGE ( 'NONE', *, *, #1290, .T. ) ;
#2321 = CARTESIAN_POINT ( 'NONE',  ( -14.70700594834913666, 26.53753649573820184, -43.29634816116374196 ) ) ;
#2322 = CARTESIAN_POINT ( 'NONE',  ( -16.13301656481102597, -79.56730169770409589, 13.42871031883971078 ) ) ;
#2323 = CARTESIAN_POINT ( 'NONE',  ( 0.000000000000000000, -140.1086479597152561, 31.06710166095935222 ) ) ;
#2324 = ORIENTED_EDGE ( 'NONE', *, *, #2219, .T. ) ;
#2325 = CARTESIAN_POINT ( 'NONE',  ( -13.17026074835694338, -14.27125598881893609, -22.44695172519590542 ) ) ;
#2326 = VECTOR ( 'NONE', #631, 1000.000000000000114 ) ;
#2327 = CARTESIAN_POINT ( 'NONE',  ( 0.000000000000000000, -61.29104255090852860, 18.63093305446420089 ) ) ;
#2328 = VERTEX_POINT ( 'NONE', #3019 ) ;
#2329 = EDGE_LOOP ( 'NONE', ( #7427, #2778, #8106, #1806 ) ) ;
#2330 = CARTESIAN_POINT ( 'NONE',  ( -16.76818134467860588, -20.91532720753703245, -45.29634816116374907 ) ) ;
#2331 = DIRECTION ( 'NONE',  ( 1.000000000000000000, 0.000000000000000000, 0.000000000000000000 ) ) ;
#2332 = DIRECTION ( 'NONE',  ( -1.000000000000000000, 0.000000000000000000, 0.000000000000000000 ) ) ;
#2333 = CARTESIAN_POINT ( 'NONE',  ( -10.55000000000000071, 10.71562816763628412, -12.65297644718270220 ) ) ;
#2334 = PLANE ( 'NONE',  #6679 ) ;
#2335 = PLANE ( 'NONE',  #8323 ) ;
#2336 = CARTESIAN_POINT ( 'NONE',  ( -12.23965612195644326, -15.35274211728517457, -44.96129396408263545 ) ) ;
#2337 = ORIENTED_EDGE ( 'NONE', *, *, #2416, .F. ) ;
#2338 = EDGE_CURVE ( 'NONE', #3480, #2514, #5043, .T. ) ;
#2339 = CARTESIAN_POINT ( 'NONE',  ( -12.11884809709223809, 15.81443495908250618, -43.63906153735871385 ) ) ;
#2340 = CARTESIAN_POINT ( 'NONE',  ( -23.44996677504635940, 28.01640255545222047, -15.09457714472556411 ) ) ;
#2341 = EDGE_LOOP ( 'NONE', ( #7572, #709, #7613, #6428 ) ) ;
#2342 = CARTESIAN_POINT ( 'NONE',  ( -21.21708408001999047, -37.52062438202401751, -21.23726374318463428 ) ) ;
#2343 = DIRECTION ( 'NONE',  ( -1.000000000000000000, 0.000000000000000000, -0.000000000000000000 ) ) ;
#2344 = B_SPLINE_CURVE_WITH_KNOTS ( 'NONE', 3,
 ( #40, #4791, #3483, #5511, #8746, #6218, #85, #8220, #3990, #8268, #2089, #2816, #4123, #4840, #6043, #2677, #3390, #7561 ),
 .UNSPECIFIED., .F., .F.,
 ( 4, 2, 2, 2, 2, 2, 2, 2, 4 ),
 ( 0.000000000000000000, 0.1250000000000000833, 0.2499999999999995837, 0.3749999999999996669, 0.4999999999999997224, 0.6249999999999997780, 0.7499999999999998890, 0.8749999999999998890, 1.000000000000000000 ),
 .UNSPECIFIED. ) ;
#2345 = CARTESIAN_POINT ( 'NONE',  ( -9.099999999999999645, -48.80464589757340832, -3.203441189273091627 ) ) ;
#2346 = LINE ( 'NONE', #6337, #531 ) ;
#2347 = CARTESIAN_POINT ( 'NONE',  ( 0.000000000000000000, -119.4571793330561178, 36.63996838842680148 ) ) ;
#2348 = ORIENTED_EDGE ( 'NONE', *, *, #1213, .F. ) ;
#2349 = CARTESIAN_POINT ( 'NONE',  ( -14.09999999999999964, -71.59936963466060433, 10.70197393397544339 ) ) ;
#2350 = ADVANCED_FACE ( 'NONE', ( #5135 ), #8458, .F. ) ;
#2351 = CARTESIAN_POINT ( 'NONE',  ( -3.552832301889131919E-25, -42.76799703893976101, 9.591362551930822988 ) ) ;
#2352 = CARTESIAN_POINT ( 'NONE',  ( -1.332885661840666369, -123.8430077685334680, 18.66892454741315888 ) ) ;
#2353 = CARTESIAN_POINT ( 'NONE',  ( -14.16245849731975603, -53.67874154140147880, -11.90658076767044093 ) ) ;
#2354 = VECTOR ( 'NONE', #6159, 1000.000000000000000 ) ;
#2355 = ORIENTED_EDGE ( 'NONE', *, *, #2453, .T. ) ;
#2356 = CARTESIAN_POINT ( 'NONE',  ( -5.999999999999998224, -50.58651770765258959, -11.85719723704682416 ) ) ;
#2357 = VECTOR ( 'NONE', #2452, 1000.000000000000000 ) ;
#2358 = CARTESIAN_POINT ( 'NONE',  ( -22.97792602847063037, -49.33270253468419497, -5.197408003481771566 ) ) ;
#2359 = CARTESIAN_POINT ( 'NONE',  ( -19.95473959927160479, -55.38715626887584875, 23.31560198449107801 ) ) ;
#2360 = CARTESIAN_POINT ( 'NONE',  ( -14.09999999999999964, -57.10528308197181246, 21.64570027454408674 ) ) ;
#2361 = CIRCLE ( 'NONE', #2793, 1.699999999999994849 ) ;
#2362 = CARTESIAN_POINT ( 'NONE',  ( -22.14341640503459629, -38.66037961788325106, -13.69385040525246744 ) ) ;
#2363 = CARTESIAN_POINT ( 'NONE',  ( -21.32342184665880325, -41.25524878568369047, -19.73587724925979359 ) ) ;
#2364 = ORIENTED_EDGE ( 'NONE', *, *, #6925, .F. ) ;
#2365 = EDGE_CURVE ( 'NONE', #107, #6228, #973, .T. ) ;
#2366 = LINE ( 'NONE', #1147, #2357 ) ;
#2367 = VECTOR ( 'NONE', #4634, 1000.000000000000000 ) ;
#2368 = AXIS2_PLACEMENT_3D ( 'NONE', #1422, #6750, #572 ) ;
#2369 = CARTESIAN_POINT ( 'NONE',  ( -15.05329515040384081, -25.30698846260797907, -43.36036201150573532 ) ) ;
#2370 = CARTESIAN_POINT ( 'NONE',  ( -11.47997833607984575, -15.22513293462195350, -44.20010151327782211 ) ) ;
#2371 = VERTEX_POINT ( 'NONE', #2430 ) ;
#2372 = ADVANCED_FACE ( 'NONE', ( #5887 ), #6499, .F. ) ;
#2373 = CARTESIAN_POINT ( 'NONE',  ( 0.000000000000000000, -22.82182225824879751, -15.95357600088130567 ) ) ;
#2374 = CARTESIAN_POINT ( 'NONE',  ( -13.93495986703311473, -13.82426844936565047, -21.83806838663144489 ) ) ;
#2375 = ADVANCED_FACE ( 'NONE', ( #3690 ), #956, .F. ) ;
#2376 = ADVANCED_FACE ( 'NONE', ( #1796 ), #5846, .F. ) ;
#2377 = ORIENTED_EDGE ( 'NONE', *, *, #4803, .F. ) ;
#2378 = CARTESIAN_POINT ( 'NONE',  ( -14.99999999999926104, -95.25291515753357885, 42.63228050998896634 ) ) ;
#2379 = LINE ( 'NONE', #5251, #5652 ) ;
#2380 = CARTESIAN_POINT ( 'NONE',  ( -2.280075229466272280, -107.2429278141370617, 46.05376247229997233 ) ) ;
#2381 = CARTESIAN_POINT ( 'NONE',  ( -14.09999999999999964, -74.66354740713653371, 13.27312437272159151 ) ) ;
#2382 = EDGE_CURVE ( 'NONE', #5490, #4509, #3988, .T. ) ;
#2383 = CARTESIAN_POINT ( 'NONE',  ( -12.52310746388339702, -14.92303051286099880, -44.57360453084076823 ) ) ;
#2384 = ORIENTED_EDGE ( 'NONE', *, *, #513, .T. ) ;
#2385 = CARTESIAN_POINT ( 'NONE',  ( -12.06093296842889551, 15.86020181505339011, -43.74969130816808871 ) ) ;
#2386 = DIRECTION ( 'NONE',  ( 0.000000000000000000, -0.8970592466922342467, 0.4419102939782701411 ) ) ;
#2387 = VERTEX_POINT ( 'NONE', #2469 ) ;
#2388 = DIRECTION ( 'NONE',  ( 0.000000000000000000, -1.000000000000000000, 0.000000000000000000 ) ) ;
#2389 = VECTOR ( 'NONE', #4019, 1000.000000000000000 ) ;
#2390 = DIRECTION ( 'NONE',  ( 0.000000000000000000, 0.000000000000000000, -1.000000000000000000 ) ) ;
#2391 = FACE_OUTER_BOUND ( 'NONE', #6948, .T. ) ;
#2392 = DIRECTION ( 'NONE',  ( 0.000000000000000000, -2.312964634635742267E-15, -1.000000000000000000 ) ) ;
#2393 = ORIENTED_EDGE ( 'NONE', *, *, #8782, .F. ) ;
#2394 = ORIENTED_EDGE ( 'NONE', *, *, #6592, .T. ) ;
#2395 = VECTOR ( 'NONE', #3275, 1000.000000000000227 ) ;
#2396 = FACE_OUTER_BOUND ( 'NONE', #2523, .T. ) ;
#2397 = VECTOR ( 'NONE', #691, 1000.000000000000114 ) ;
#2398 = CARTESIAN_POINT ( 'NONE',  ( -3.025367420339236002, -43.11520150610495961, 9.906627984094292572 ) ) ;
#2399 = CARTESIAN_POINT ( 'NONE',  ( -13.53028545526638027, 14.81625385835200781, -21.29633389984164893 ) ) ;
#2400 = DIRECTION ( 'NONE',  ( 0.000000000000000000, 0.9848077530122094636, -0.1736481776669225041 ) ) ;
#2401 = ORIENTED_EDGE ( 'NONE', *, *, #940, .T. ) ;
#2402 = CARTESIAN_POINT ( 'NONE',  ( -16.95537561911858049, 26.01762565713068298, -43.40873774572895627 ) ) ;
#2403 = B_SPLINE_CURVE_WITH_KNOTS ( 'NONE', 3,
 ( #2351, #5102, #8515, #7803, #1677, #2398 ),
 .UNSPECIFIED., .F., .F.,
 ( 4, 2, 4 ),
 ( 0.003061509628471345296, 0.004592892856168162737, 0.006124276083864980610 ),
 .UNSPECIFIED. ) ;
#2404 = LINE ( 'NONE', #7185, #537 ) ;
#2405 = VECTOR ( 'NONE', #4017, 1000.000000000000114 ) ;
#2406 = PLANE ( 'NONE',  #2846 ) ;
#2407 = DIRECTION ( 'NONE',  ( -1.000000000000000000, -0.000000000000000000, -0.000000000000000000 ) ) ;
#2408 = CYLINDRICAL_SURFACE ( 'NONE', #3361, 6.000000000000000000 ) ;
#2409 = CARTESIAN_POINT ( 'NONE',  ( -21.34776839961291373, -41.95949854221150588, -19.41871946595067300 ) ) ;
#2410 = ORIENTED_EDGE ( 'NONE', *, *, #524, .F. ) ;
#2411 = AXIS2_PLACEMENT_3D ( 'NONE', #2760, #4783, #2715 ) ;
#2412 = CARTESIAN_POINT ( 'NONE',  ( -20.67867054853381603, -55.43311934778221683, 16.58429982411920633 ) ) ;
#2413 = CARTESIAN_POINT ( 'NONE',  ( -15.15298710458610287, -89.20343762010806188, 17.04630529404437667 ) ) ;
#2414 = CARTESIAN_POINT ( 'NONE',  ( -14.99999999999999467, -96.33415001324328841, 31.83641859640566096 ) ) ;
#2415 = VERTEX_POINT ( 'NONE', #7838 ) ;
#2416 = EDGE_CURVE ( 'NONE', #8384, #7044, #118, .T. ) ;
#2417 = DIRECTION ( 'NONE',  ( 0.000000000000000000, 0.000000000000000000, -1.000000000000000000 ) ) ;
#2418 = CARTESIAN_POINT ( 'NONE',  ( -15.00000000000000000, -118.5407681346147655, 17.72030871934538254 ) ) ;
#2419 = ORIENTED_EDGE ( 'NONE', *, *, #3405, .T. ) ;
#2420 = CARTESIAN_POINT ( 'NONE',  ( -18.23857707116227900, -22.74807649635295803, -43.51958516615475503 ) ) ;
#2421 = CARTESIAN_POINT ( 'NONE',  ( -9.479443700773710901, -70.78946094895435692, 30.89836746731775463 ) ) ;
#2422 = CARTESIAN_POINT ( 'NONE',  ( -16.13301656481101887, -79.56730169770409589, 13.42871031883971078 ) ) ;
#2423 = EDGE_CURVE ( 'NONE', #3460, #8003, #7423, .T. ) ;
#2424 = CARTESIAN_POINT ( 'NONE',  ( -19.30629289841468221, -53.43135006918793550, -9.947706158508303531 ) ) ;
#2425 = DIRECTION ( 'NONE',  ( 0.000000000000000000, -0.9396926207859083169, 0.3420201433256692680 ) ) ;
#2426 = ORIENTED_EDGE ( 'NONE', *, *, #5453, .F. ) ;
#2427 = ADVANCED_FACE ( 'NONE', ( #6546 ), #3144, .F. ) ;
#2428 = CARTESIAN_POINT ( 'NONE',  ( -19.83266584073294680, -20.94090324145922111, -35.13411364277967408 ) ) ;
#2429 = CARTESIAN_POINT ( 'NONE',  ( -11.91406156313109221, 15.97471158810375513, -43.93387956388127691 ) ) ;
#2430 = CARTESIAN_POINT ( 'NONE',  ( -19.86929933619549971, 15.53753649573836881, -23.29634816116374907 ) ) ;
#2431 = VERTEX_POINT ( 'NONE', #5716 ) ;
#2432 = PLANE ( 'NONE',  #8673 ) ;
#2433 = CARTESIAN_POINT ( 'NONE',  ( -12.19083461222122722, -14.68197569938395475, -21.29634816116374907 ) ) ;
#2434 = CARTESIAN_POINT ( 'NONE',  ( -22.85694156685492473, -48.03771218279310773, -6.384716172197919981 ) ) ;
#2435 = DIRECTION ( 'NONE',  ( -0.000000000000000000, 0.6427876096865358102, 0.7660444431189810111 ) ) ;
#2436 = VERTEX_POINT ( 'NONE', #2516 ) ;
#2437 = ORIENTED_EDGE ( 'NONE', *, *, #7509, .F. ) ;
#2438 = CARTESIAN_POINT ( 'NONE',  ( -15.00000000000000000, -123.7899015295618028, 35.82288474055284411 ) ) ;
#2439 = CARTESIAN_POINT ( 'NONE',  ( -17.65087584107617502, 17.91223139334232073, -45.29634816116374196 ) ) ;
#2440 = CARTESIAN_POINT ( 'NONE',  ( -13.34944822486364480, 14.89681051925230015, -21.29636345496570016 ) ) ;
#2441 = CARTESIAN_POINT ( 'NONE',  ( -12.67335791100566489, -61.71939882608366901, -5.159668205670796759 ) ) ;
#2442 = ORIENTED_EDGE ( 'NONE', *, *, #5023, .T. ) ;
#2443 = DIRECTION ( 'NONE',  ( -0.3312945782245626525, -0.9435273723846113736, 0.000000000000000000 ) ) ;
#2444 = CARTESIAN_POINT ( 'NONE',  ( 0.000000000000000000, -32.28376223969119962, -11.23648032529736263 ) ) ;
#2445 = EDGE_CURVE ( 'NONE', #4861, #1295, #8052, .T. ) ;
#2446 = LINE ( 'NONE', #3843, #7894 ) ;
#2447 = DIRECTION ( 'NONE',  ( 0.000000000000000000, 3.614007241618348771E-16, -1.000000000000000000 ) ) ;
#2448 =( BOUNDED_SURFACE ( )  B_SPLINE_SURFACE ( 2, 3, ( 
 ( #32, #3292, #747, #2035, #1236, #1905, #610, #6036, #4784, #8211, #6128, #8737, #8783, #7502 ),
 ( #4066, #8829, #6887, #2762, #2620, #6168, #2716, #3381, #5462, #706, #6794, #5417, #8164, #1373 ),
 ( #3430, #658, #5504, #6701, #2080, #4649, #3475, #3981, #1997, #570, #5365, #8075, #1420, #3333 ) ),
 .UNSPECIFIED., .F., .F., .T. ) 
 B_SPLINE_SURFACE_WITH_KNOTS ( ( 3, 3 ),
 ( 4, 2, 2, 2, 2, 2, 4 ),
 ( 0.000000000000000000, 1.000000000000000000 ),
 ( 0.6527724069916536198, 0.6625054721596332907, 0.6722385373276129616, 0.6917046676635721925, 0.7111707979995314233, 0.7306369283354907651, 0.8085014496793277994 ),
 .UNSPECIFIED. ) 
 GEOMETRIC_REPRESENTATION_ITEM ( )  RATIONAL_B_SPLINE_SURFACE ( (
 ( 1.000000000000000000, 1.000000000000000000, 1.000000000000000000, 1.000000000000000000, 1.000000000000000000, 1.000000000000000000, 1.000000000000000000, 1.000000000000000000, 1.000000000000000000, 1.000000000000000000, 1.000000000000000000, 1.000000000000000000, 1.000000000000000000, 1.000000000000000000),
 ( 0.6922877810844867419, 0.6923431637824782880, 0.6924041338344477658, 0.6925669411948927046, 0.6926704028484864661, 0.6930727185874432372, 0.6934752718343956124, 0.6945646869178748739, 0.6952768334439780595, 0.6968988446372428314, 0.6978078386575646830, 0.7029418558464750610, 0.7090337834507418613, 0.7161378034398281356),
 ( 1.000000000000000000, 1.000000000000000000, 1.000000000000000000, 1.000000000000000000, 1.000000000000000000, 1.000000000000000000, 1.000000000000000000, 1.000000000000000000, 1.000000000000000000, 1.000000000000000000, 1.000000000000000000, 1.000000000000000000, 1.000000000000000000, 1.000000000000000000) ) ) 
 REPRESENTATION_ITEM ( '' )  SURFACE ( )  );
#2449 = CARTESIAN_POINT ( 'NONE',  ( -14.09999999999999964, -46.97192716422416936, 5.310361325380401176 ) ) ;
#2450 = CARTESIAN_POINT ( 'NONE',  ( -22.17642267753880603, -39.24550767673098051, -13.32905693424736526 ) ) ;
#2451 = ORIENTED_EDGE ( 'NONE', *, *, #998, .F. ) ;
#2452 = DIRECTION ( 'NONE',  ( 0.000000000000000000, -0.7330462071883311337, 0.6801788427515240709 ) ) ;
#2453 = EDGE_CURVE ( 'NONE', #2292, #1343, #6667, .T. ) ;
#2454 = CARTESIAN_POINT ( 'NONE',  ( -14.09586214389709014, -25.46248434132746041, -43.31250266735550980 ) ) ;
#2455 = CARTESIAN_POINT ( 'NONE',  ( -21.29197275921021060, -12.49639706931875160, -19.77056801724902257 ) ) ;
#2456 = ORIENTED_EDGE ( 'NONE', *, *, #2919, .T. ) ;
#2457 = DIRECTION ( 'NONE',  ( -2.632357323181799667E-17, -0.9848077530122093526, 0.1736481776669232258 ) ) ;
#2458 = DIRECTION ( 'NONE',  ( 0.000000000000000000, 0.000000000000000000, -1.000000000000000000 ) ) ;
#2459 = EDGE_CURVE ( 'NONE', #7044, #8384, #1122, .T. ) ;
#2460 = CARTESIAN_POINT ( 'NONE',  ( -15.00000000000000000, -100.8642757678722290, 32.69036330572686921 ) ) ;
#2461 = FACE_OUTER_BOUND ( 'NONE', #4494, .T. ) ;
#2462 = CARTESIAN_POINT ( 'NONE',  ( -15.87424617105140356, 13.52011032407798474, -21.29216706782822044 ) ) ;
#2463 = CARTESIAN_POINT ( 'NONE',  ( -1.734723475976807094E-15, -67.51255360434782915, 29.70567073343264397 ) ) ;
#2464 = DIRECTION ( 'NONE',  ( -1.000000000000000000, 0.000000000000000000, 0.000000000000000000 ) ) ;
#2465 = DIRECTION ( 'NONE',  ( -1.000000000000000000, 0.000000000000000000, 0.000000000000000000 ) ) ;
#2466 = ORIENTED_EDGE ( 'NONE', *, *, #1607, .F. ) ;
#2467 = VECTOR ( 'NONE', #8131, 1000.000000000000000 ) ;
#2468 = CARTESIAN_POINT ( 'NONE',  ( -12.76507206887702139, 15.61887170451126750, -43.86253773364913400 ) ) ;
#2469 = CARTESIAN_POINT ( 'NONE',  ( -13.00000000000000000, 0.5375364957381987274, -21.29634816116374907 ) ) ;
#2470 = ORIENTED_EDGE ( 'NONE', *, *, #524, .T. ) ;
#2471 = CARTESIAN_POINT ( 'NONE',  ( -20.59516326873255210, -29.44399749048294268, -27.59095938750329324 ) ) ;
#2472 = EDGE_CURVE ( 'NONE', #320, #3665, #499, .T. ) ;
#2473 = VECTOR ( 'NONE', #5062, 1000.000000000000000 ) ;
#2474 = EDGE_CURVE ( 'NONE', #8558, #4694, #5967, .T. ) ;
#2475 = DIRECTION ( 'NONE',  ( -0.000000000000000000, 0.000000000000000000, -1.000000000000000000 ) ) ;
#2476 = DIRECTION ( 'NONE',  ( 0.000000000000000000, 0.7660444431189817882, -0.6427876096865347000 ) ) ;
#2477 = CARTESIAN_POINT ( 'NONE',  ( -6.749269901708617958, -133.8519138732185922, 48.25733728314094151 ) ) ;
#2478 = DIRECTION ( 'NONE',  ( 0.02224014068614565270, -0.9997526574819696199, 0.000000000000000000 ) ) ;
#2479 = ORIENTED_EDGE ( 'NONE', *, *, #3444, .F. ) ;
#2480 = VERTEX_POINT ( 'NONE', #3902 ) ;
#2481 = CARTESIAN_POINT ( 'NONE',  ( 0.000000000000000000, -121.7846418543900171, 24.39770886610873646 ) ) ;
#2482 = EDGE_CURVE ( 'NONE', #3061, #2719, #5394, .T. ) ;
#2483 = LINE ( 'NONE', #5765, #5661 ) ;
#2484 = CARTESIAN_POINT ( 'NONE',  ( -13.38116593221618977, 14.88272345138886266, -21.29634816116375262 ) ) ;
#2485 = CARTESIAN_POINT ( 'NONE',  ( -3.000000000000000000, 40.26511950760994552, -14.81706920097372659 ) ) ;
#2486 = CARTESIAN_POINT ( 'NONE',  ( 0.000000000000000000, -28.45925394260854091, -22.15919227268232206 ) ) ;
#2487 = LINE ( 'NONE', #1099, #826 ) ;
#2488 = CARTESIAN_POINT ( 'NONE',  ( -0.9999999999999991118, -136.9394358138791858, 22.44088499817747362 ) ) ;
#2489 = EDGE_CURVE ( 'NONE', #2274, #6899, #5343, .T. ) ;
#2490 = LINE ( 'NONE', #5904, #5208 ) ;
#2491 = EDGE_CURVE ( 'NONE', #8766, #1229, #7127, .T. ) ;
#2492 = VECTOR ( 'NONE', #7827, 1000.000000000000000 ) ;
#2493 = CARTESIAN_POINT ( 'NONE',  ( -14.10000000000000142, -55.88670924954958963, -7.443061299447535362 ) ) ;
#2494 = DIRECTION ( 'NONE',  ( 0.000000000000000000, 0.000000000000000000, 1.000000000000000000 ) ) ;
#2495 = CARTESIAN_POINT ( 'NONE',  ( -22.11170623371415545, -38.07310371770983437, -14.04874923370377537 ) ) ;
#2496 = VECTOR ( 'NONE', #3298, 1000.000000000000000 ) ;
#2497 = EDGE_LOOP ( 'NONE', ( #8512, #8085, #8643, #7735, #2171, #8168, #6884, #1662 ) ) ;
#2498 = CARTESIAN_POINT ( 'NONE',  ( -23.44999999999999929, -38.77050761575859639, 7.788112739097375226 ) ) ;
#2499 = AXIS2_PLACEMENT_3D ( 'NONE', #3236, #1673, #4589 ) ;
#2500 = CARTESIAN_POINT ( 'NONE',  ( 0.000000000000000000, 30.98458179031142024, -11.14980678216003085 ) ) ;
#2501 = CARTESIAN_POINT ( 'NONE',  ( -11.24561826003059828, -15.39334343313243814, -44.26548931131579678 ) ) ;
#2502 =( BOUNDED_CURVE ( )  B_SPLINE_CURVE ( 2, ( #4873, #7591, #3603 ),
 .UNSPECIFIED., .F., .F. ) 
 B_SPLINE_CURVE_WITH_KNOTS ( ( 3, 3 ),
 ( 0.000000000000000000, 1.000000000000000000 ),
 .UNSPECIFIED. ) 
 CURVE ( )  GEOMETRIC_REPRESENTATION_ITEM ( )  RATIONAL_B_SPLINE_CURVE ( ( 1.000000000000000000, 0.7449983438458309681, 1.000000000000000000 ) ) 
 REPRESENTATION_ITEM ( '' )  );
#2503 = VECTOR ( 'NONE', #8230, 1000.000000000000000 ) ;
#2504 = ORIENTED_EDGE ( 'NONE', *, *, #3105, .F. ) ;
#2505 = CARTESIAN_POINT ( 'NONE',  ( -1.249165283876702448, -34.92886016481710243, -22.59704617960361617 ) ) ;
#2506 = CARTESIAN_POINT ( 'NONE',  ( -15.00000000000000000, -115.6261272776792737, 30.78144290943647832 ) ) ;
#2507 = AXIS2_PLACEMENT_3D ( 'NONE', #6959, #1622, #8287 ) ;
#2508 = DIRECTION ( 'NONE',  ( 0.000000000000000000, 0.000000000000000000, -1.000000000000000000 ) ) ;
#2509 = EDGE_CURVE ( 'NONE', #8250, #4059, #7278, .T. ) ;
#2510 = DIRECTION ( 'NONE',  ( -1.000000000000000000, -0.000000000000000000, -0.000000000000000000 ) ) ;
#2511 = CARTESIAN_POINT ( 'NONE',  ( -12.75000000000000000, -119.6812179729371479, 30.17681848394211741 ) ) ;
#2512 = CARTESIAN_POINT ( 'NONE',  ( -0.9999999999999991118, -142.3727122354947880, 24.84663618706118982 ) ) ;
#2513 = DIRECTION ( 'NONE',  ( 0.000000000000000000, 0.000000000000000000, 1.000000000000000000 ) ) ;
#2514 = VERTEX_POINT ( 'NONE', #6627 ) ;
#2515 = CARTESIAN_POINT ( 'NONE',  ( -11.71469472019617797, 17.18380874983438034, -45.26548647669029179 ) ) ;
#2516 = CARTESIAN_POINT ( 'NONE',  ( -5.999999999999999112, -39.33069177476031086, 1.248673103258280515 ) ) ;
#2517 = ORIENTED_EDGE ( 'NONE', *, *, #7063, .F. ) ;
#2518 = LINE ( 'NONE', #2698, #3258 ) ;
#2519 = CARTESIAN_POINT ( 'NONE',  ( 0.000000000000000000, -76.10435538319671878, 15.17016425251035550 ) ) ;
#2520 = VECTOR ( 'NONE', #2102, 1000.000000000000000 ) ;
#2521 = CARTESIAN_POINT ( 'NONE',  ( -14.23795069261742974, -56.92315944820293794, -9.184190898688409987 ) ) ;
#2522 = CARTESIAN_POINT ( 'NONE',  ( -18.96990117564910960, -151.1819994678389207, -19.00767794529165400 ) ) ;
#2523 = EDGE_LOOP ( 'NONE', ( #7311, #4723, #5999, #5610, #6773, #6983, #8449, #1304 ) ) ;
#2524 = ORIENTED_EDGE ( 'NONE', *, *, #681, .F. ) ;
#2525 = CARTESIAN_POINT ( 'NONE',  ( -14.40819380430475505, -12.60276233327853745, -20.40740273198090193 ) ) ;
#2526 = EDGE_CURVE ( 'NONE', #8839, #8494, #456, .T. ) ;
#2527 = CARTESIAN_POINT ( 'NONE',  ( -19.66302335565789861, -13.34876659321273706, -21.49868252039552985 ) ) ;
#2528 = CARTESIAN_POINT ( 'NONE',  ( -5.750000000000000000, 2.887536495738198372, -24.49634816116376612 ) ) ;
#2529 = CARTESIAN_POINT ( 'NONE',  ( -22.32966385807650411, -58.04338591294615668, -8.244209285286862254 ) ) ;
#2530 = DIRECTION ( 'NONE',  ( -0.000000000000000000, 0.5057367576863224246, 0.8626878531223943769 ) ) ;
#2531 = CARTESIAN_POINT ( 'NONE',  ( -20.04987738210151704, -57.40214594540177018, 18.16627184655438043 ) ) ;
#2532 = ADVANCED_FACE ( 'NONE', ( #7442 ), #7396, .F. ) ;
#2533 = DIRECTION ( 'NONE',  ( 0.000000000000000000, 0.000000000000000000, -1.000000000000000000 ) ) ;
#2534 = VECTOR ( 'NONE', #7680, 1000.000000000000000 ) ;
#2535 = EDGE_CURVE ( 'NONE', #5619, #7602, #7347, .T. ) ;
#2536 = CARTESIAN_POINT ( 'NONE',  ( -14.78275756306299726, -54.23580781553184949, 22.43491794090315494 ) ) ;
#2537 = VECTOR ( 'NONE', #3118, 1000.000000000000000 ) ;
#2538 = ADVANCED_FACE ( 'NONE', ( #1884 ), #1844, .T. ) ;
#2539 = DIRECTION ( 'NONE',  ( -0.000000000000000000, -0.4246765432456733325, -0.9053451461276553758 ) ) ;
#2540 = DIRECTION ( 'NONE',  ( 0.9918938678055175817, 0.02206531685675235804, 0.1251386303338090089 ) ) ;
#2541 = CARTESIAN_POINT ( 'NONE',  ( -21.55804862963999113, -46.71970314284178727, -16.91261010017921862 ) ) ;
#2542 = ORIENTED_EDGE ( 'NONE', *, *, #3497, .T. ) ;
#2543 = FACE_OUTER_BOUND ( 'NONE', #5328, .T. ) ;
#2544 = VECTOR ( 'NONE', #8249, 1000.000000000000000 ) ;
#2545 = AXIS2_PLACEMENT_3D ( 'NONE', #7766, #6892, #5769 ) ;
#2546 = CARTESIAN_POINT ( 'NONE',  ( 0.000000000000000000, -20.45591043310982471, -10.91367162565327220 ) ) ;
#2547 = CARTESIAN_POINT ( 'NONE',  ( -14.25000000000000000, -1.799127793371383621, -5.369154254846319141 ) ) ;
#2548 = ORIENTED_EDGE ( 'NONE', *, *, #891, .T. ) ;
#2549 = CARTESIAN_POINT ( 'NONE',  ( -16.07051794309888848, -71.64049219606938834, 31.24612109763724987 ) ) ;
#2550 = CYLINDRICAL_SURFACE ( 'NONE', #5378, 14.00000000000000355 ) ;
#2551 = VECTOR ( 'NONE', #829, 1000.000000000000000 ) ;
#2552 =( BOUNDED_SURFACE ( )  B_SPLINE_SURFACE ( 2, 3, ( 
 ( #6985, #8274, #3664, #6395, #2996, #5065, #8440, #4935, #2319, #7772, #1648, #4389, #7612, #6941, #3714, #7105, #808, #978, #2823, #5569, #2143, #7651, #1520, #1103, #8611, #1732, #438, #7813, #3126, #6569 ),
 ( #4606, #8569, #6607, #3928, #2363, #351, #2409, #6525, #5113, #5907, #5821, #4470, #5776, #5199, #7947, #7239, #2541, #393, #8528, #4565, #7190, #3885, #1060, #1688, #4431, #1188, #5866, #7151, #7899, #478 ),
 ( #1016, #3752, #7328, #3846, #2495, #310, #3800, #5953, #2450, #5240, #6479, #3041, #1774, #3209, #8480, #3084, #5158, #7858, #4522, #1822, #3168, #7284, #1145, #8656, #5281, #7988, #1864, #2673, #8167, #7556 ) ),
 .UNSPECIFIED., .F., .F., .F. ) 
 B_SPLINE_SURFACE_WITH_KNOTS ( ( 3, 3 ),
 ( 4, 2, 2, 2, 2, 2, 2, 2, 2, 2, 2, 2, 2, 2, 4 ),
 ( 0.000000000000000000, 1.000000000000000000 ),
 ( 0.5374682599020181861, 0.5699624678230031938, 0.5862095717834956421, 0.6024566757439882014, 0.6187037797044806497, 0.6349508836649730981, 0.6674450915859581057, 0.6999392995069431134, 0.7161864034674356727, 0.7324335074279281210, 0.7649277153489131287, 0.7974219232698980253, 0.8299161311908830330, 0.8461632351513754813, 0.8624103391118679296 ),
 .UNSPECIFIED. ) 
 GEOMETRIC_REPRESENTATION_ITEM ( )  RATIONAL_B_SPLINE_SURFACE ( (
 ( 1.000000000000000000, 1.000000000000000000, 1.000000000000000000, 1.000000000000000000, 1.000000000000000000, 1.000000000000000000, 1.000000000000000000, 1.000000000000000000, 1.000000000000000000, 1.000000000000000000, 1.000000000000000000, 1.000000000000000000, 1.000000000000000000, 1.000000000000000000, 1.000000000000000000, 1.000000000000000000, 1.000000000000000000, 1.000000000000000000, 1.000000000000000000, 1.000000000000000000, 1.000000000000000000, 1.000000000000000000, 1.000000000000000000, 1.000000000000000000, 1.000000000000000000, 1.000000000000000000, 1.000000000000000000, 1.000000000000000000, 1.000000000000000000, 1.000000000000000000),
 ( 0.7460544685310571689, 0.7459467097328382756, 0.7458441177939588718, 0.7458058248965984127, 0.7458117787844160684, 0.7458666281939756448, 0.7459165931684222928, 0.7460458644213175949, 0.7461259989572521789, 0.7463050908785775484, 0.7464045465345924280, 0.7467148729620081138, 0.7469352880773811876, 0.7472771782953446795, 0.7473969115744358849, 0.7474648780257165948, 0.7474691565480890976, 0.7474437506193021274, 0.7474143446171650496, 0.7472806452981227698, 0.7471317231230248934, 0.7467730725561377847, 0.7465641462214659407, 0.7461415364961817565, 0.7459260271286348720, 0.7455909997832500524, 0.7454775168132519170, 0.7452469467345850251, 0.7451262894876137244, 0.7449983438458309681),
 ( 1.000000000000000000, 1.000000000000000000, 1.000000000000000000, 1.000000000000000000, 1.000000000000000000, 1.000000000000000000, 1.000000000000000000, 1.000000000000000000, 1.000000000000000000, 1.000000000000000000, 1.000000000000000000, 1.000000000000000000, 1.000000000000000000, 1.000000000000000000, 1.000000000000000000, 1.000000000000000000, 1.000000000000000000, 1.000000000000000000, 1.000000000000000000, 1.000000000000000000, 1.000000000000000000, 1.000000000000000000, 1.000000000000000000, 1.000000000000000000, 1.000000000000000000, 1.000000000000000000, 1.000000000000000000, 1.000000000000000000, 1.000000000000000000, 1.000000000000000000) ) ) 
 REPRESENTATION_ITEM ( '' )  SURFACE ( )  );
#2553 = CARTESIAN_POINT ( 'NONE',  ( 1.925929944387235853E-30, -137.5776988991053145, 38.02082705477507574 ) ) ;
#2554 = CARTESIAN_POINT ( 'NONE',  ( -17.24886410854001184, 25.85839741406316961, -43.42340839790396956 ) ) ;
#2555 = CARTESIAN_POINT ( 'NONE',  ( -11.45643923738951386, -16.46246350426196869, -45.29634816116374907 ) ) ;
#2556 = CARTESIAN_POINT ( 'NONE',  ( -17.95110047229601236, -53.86716125793541465, -10.64143890058483422 ) ) ;
#2557 = CARTESIAN_POINT ( 'NONE',  ( -14.16293483975128886, -23.44366662943964741, -45.29634816116374907 ) ) ;
#2558 = ORIENTED_EDGE ( 'NONE', *, *, #5883, .T. ) ;
#2559 = FACE_OUTER_BOUND ( 'NONE', #7175, .T. ) ;
#2560 = CARTESIAN_POINT ( 'NONE',  ( -15.00000000000000355, -88.93700067350702909, 29.68581151599204659 ) ) ;
#2561 = ORIENTED_EDGE ( 'NONE', *, *, #8329, .T. ) ;
#2562 = CARTESIAN_POINT ( 'NONE',  ( 0.000000000000000000, 20.03753649573828355, -21.29634816116374907 ) ) ;
#2563 = LINE ( 'NONE', #4767, #7235 ) ;
#2564 = CARTESIAN_POINT ( 'NONE',  ( -15.00000000000000000, -94.34771466488518854, 20.65720517637857867 ) ) ;
#2565 = CARTESIAN_POINT ( 'NONE',  ( -6.000000000000000000, -121.0492985462398252, 26.41804800079848192 ) ) ;
#2566 = VERTEX_POINT ( 'NONE', #6724 ) ;
#2567 = ORIENTED_EDGE ( 'NONE', *, *, #444, .T. ) ;
#2568 = CARTESIAN_POINT ( 'NONE',  ( -13.36083064260048126, -13.66601782090582873, -21.00070480505158343 ) ) ;
#2569 = CARTESIAN_POINT ( 'NONE',  ( -14.99999999999839950, -117.4090896302126765, 48.54595243056925113 ) ) ;
#2570 = CARTESIAN_POINT ( 'NONE',  ( -15.00574950826100817, -53.62474686503443166, 21.96750807276138673 ) ) ;
#2571 = ORIENTED_EDGE ( 'NONE', *, *, #7133, .F. ) ;
#2572 = CARTESIAN_POINT ( 'NONE',  ( -10.55000000000000071, 31.10138907885891513, -17.97376135830883825 ) ) ;
#2573 = DIRECTION ( 'NONE',  ( -1.000000000000000000, -1.059482806935707135E-16, -2.910905088356224893E-16 ) ) ;
#2574 = CARTESIAN_POINT ( 'NONE',  ( -11.90668105910535068, -62.67452403673355832, 27.66849618009070966 ) ) ;
#2575 = B_SPLINE_CURVE_WITH_KNOTS ( 'NONE', 3,
 ( #1416, #6883, #8778, #2668, #4875, #742, #3471, #6207, #71, #7593, #1459, #4417, #3698, #198, #3646, #2939, #3024, #2982 ),
 .UNSPECIFIED., .F., .F.,
 ( 4, 2, 2, 2, 2, 2, 2, 2, 4 ),
 ( 0.000000000000000000, 0.1000000000000006856, 0.2000000000000013711, 0.2999999999999997669, 0.4999999999999988343, 0.7000000000000001776, 0.8000000000000009326, 0.8999999999999993561, 1.000000000000000000 ),
 .UNSPECIFIED. ) ;
#2576 = VERTEX_POINT ( 'NONE', #4045 ) ;
#2577 = LINE ( 'NONE', #5317, #3264 ) ;
#2578 = CARTESIAN_POINT ( 'NONE',  ( -15.72739039502747005, -77.24642305143423471, 26.04948562518097788 ) ) ;
#2579 = CARTESIAN_POINT ( 'NONE',  ( -14.16796989914431215, -49.63935872243268221, -15.03266196037030511 ) ) ;
#2580 = CARTESIAN_POINT ( 'NONE',  ( -0.9999999999999991118, -8.471048136853312371, -19.13146559835720950 ) ) ;
#2581 = CARTESIAN_POINT ( 'NONE',  ( -12.11788940167125084, -14.74012254534934385, -43.64125717126521664 ) ) ;
#2582 = ORIENTED_EDGE ( 'NONE', *, *, #347, .F. ) ;
#2583 = ORIENTED_EDGE ( 'NONE', *, *, #2242, .T. ) ;
#2584 = LINE ( 'NONE', #8834, #5797 ) ;
#2585 = EDGE_CURVE ( 'NONE', #8297, #868, #3315, .T. ) ;
#2586 = CARTESIAN_POINT ( 'NONE',  ( -5.417698327550917625, -83.04445972528475295, 3.177654693752911985 ) ) ;
#2587 = CARTESIAN_POINT ( 'NONE',  ( 0.000000000000000000, -121.0492985462398252, 26.41804800079848192 ) ) ;
#2588 = EDGE_LOOP ( 'NONE', ( #4265, #3674, #4355 ) ) ;
#2589 = DIRECTION ( 'NONE',  ( -1.000000000000000000, -0.000000000000000000, -0.000000000000000000 ) ) ;
#2590 = CARTESIAN_POINT ( 'NONE',  ( -1.455538777911514314, -121.3880491092189402, 18.28223021147752902 ) ) ;
#2591 = CARTESIAN_POINT ( 'NONE',  ( -21.84413666097851703, -32.53308910735651693, -17.14645611400335312 ) ) ;
#2592 = CARTESIAN_POINT ( 'NONE',  ( -6.000000000000000000, -39.23241120174885310, 6.648580071770402888 ) ) ;
#2593 = CARTESIAN_POINT ( 'NONE',  ( -5.999999999999998224, -77.10614032394536821, 10.36215548886946713 ) ) ;
#2594 = EDGE_CURVE ( 'NONE', #6831, #5307, #6676, .T. ) ;
#2595 = CARTESIAN_POINT ( 'NONE',  ( -20.85002323896809884, -52.64375909861771419, -8.811839560395030801 ) ) ;
#2596 = LINE ( 'NONE', #5338, #786 ) ;
#2597 = ORIENTED_EDGE ( 'NONE', *, *, #5834, .F. ) ;
#2598 = CARTESIAN_POINT ( 'NONE',  ( -14.98100861851862398, -13.12491639895891815, -21.40898411356889852 ) ) ;
#2599 = DIRECTION ( 'NONE',  ( -1.000000000000000000, 0.000000000000000000, 0.000000000000000000 ) ) ;
#2600 = CARTESIAN_POINT ( 'NONE',  ( -23.09025104644171833, -48.96409250283790016, -4.372075337606307066 ) ) ;
#2601 =( BOUNDED_SURFACE ( )  B_SPLINE_SURFACE ( 2, 3, ( 
 ( #731, #3457, #2605, #58, #2790, #5347, #8057, #1269, #7401, #4008, #6730, #3319, #6911, #5622 ),
 ( #3683, #8286, #8326, #773, #3503, #863, #2968, #3551, #8453, #7710, #1536, #3594, #2881, #4187 ),
 ( #6241, #4230, #103, #6324, #5037, #149, #5711, #1490, #2839, #7667, #7748, #7083, #1447, #906 ) ),
 .UNSPECIFIED., .F., .F., .T. ) 
 B_SPLINE_SURFACE_WITH_KNOTS ( ( 3, 3 ),
 ( 4, 2, 2, 2, 2, 2, 4 ),
 ( 0.000000000000000000, 1.000000000000000000 ),
 ( 0.000000000000000000, 0.1188940853859022928, 0.1486176067323778660, 0.1783411280788534392, 0.2080646494253290124, 0.2229264100985667851, 0.2377881707718045856 ),
 .UNSPECIFIED. ) 
 GEOMETRIC_REPRESENTATION_ITEM ( )  RATIONAL_B_SPLINE_SURFACE ( (
 ( 1.000000000000000000, 1.000000000000000000, 1.000000000000000000, 1.000000000000000000, 1.000000000000000000, 1.000000000000000000, 1.000000000000000000, 1.000000000000000000, 1.000000000000000000, 1.000000000000000000, 1.000000000000000000, 1.000000000000000000, 1.000000000000000000, 1.000000000000000000),
 ( 0.7071067811865475727, 0.7031031181182761935, 0.6990302662088709873, 0.6940561759267329656, 0.6930768974776130298, 0.6911240620490243236, 0.6900995477367928288, 0.6881798854396965481, 0.6872823703539976403, 0.6858290359182672713, 0.6853432602415893138, 0.6844628783117797655, 0.6840590490802108681, 0.6836549494005502714),
 ( 1.000000000000000000, 1.000000000000000000, 1.000000000000000000, 1.000000000000000000, 1.000000000000000000, 1.000000000000000000, 1.000000000000000000, 1.000000000000000000, 1.000000000000000000, 1.000000000000000000, 1.000000000000000000, 1.000000000000000000, 1.000000000000000000, 1.000000000000000000) ) ) 
 REPRESENTATION_ITEM ( '' )  SURFACE ( )  );
#2602 = ORIENTED_EDGE ( 'NONE', *, *, #2023, .F. ) ;
#2603 = CARTESIAN_POINT ( 'NONE',  ( -15.85086760509274484, -12.46246350426197580, -21.29634816116374907 ) ) ;
#2604 = CARTESIAN_POINT ( 'NONE',  ( -12.09161798103019159, 15.83599767339945252, -43.69574443643768547 ) ) ;
#2605 = CARTESIAN_POINT ( 'NONE',  ( -23.15731353376940049, -42.83427068887699818, 9.394105614675204663 ) ) ;
#2606 = DIRECTION ( 'NONE',  ( 0.000000000000000000, 0.000000000000000000, 1.000000000000000000 ) ) ;
#2607 = ORIENTED_EDGE ( 'NONE', *, *, #6211, .T. ) ;
#2608 = ORIENTED_EDGE ( 'NONE', *, *, #2100, .T. ) ;
#2609 = CARTESIAN_POINT ( 'NONE',  ( -12.52170085779504660, -14.41113124084198738, -22.01585102147870643 ) ) ;
#2610 = CARTESIAN_POINT ( 'NONE',  ( -14.99999999999787725, -114.0566105933551171, 47.72410690596927907 ) ) ;
#2611 = CARTESIAN_POINT ( 'NONE',  ( -19.95473959927188190, -55.38715626887221077, 23.31560198448826426 ) ) ;
#2612 = VECTOR ( 'NONE', #413, 1000.000000000000000 ) ;
#2613 = VERTEX_POINT ( 'NONE', #3360 ) ;
#2614 = PLANE ( 'NONE',  #3249 ) ;
#2615 = CARTESIAN_POINT ( 'NONE',  ( -3.776564345076979912, 32.78614616024103157, -16.55289952310747026 ) ) ;
#2616 = CARTESIAN_POINT ( 'NONE',  ( -3.361533168179189790, -99.60505949288533145, 44.09815764063127830 ) ) ;
#2617 = DIRECTION ( 'NONE',  ( -0.000000000000000000, 0.9463118589240409051, -0.3232551092554084016 ) ) ;
#2618 = ORIENTED_EDGE ( 'NONE', *, *, #2585, .T. ) ;
#2619 = CARTESIAN_POINT ( 'NONE',  ( -16.54015313576364932, -14.48736786763838325, -43.66023104736428451 ) ) ;
#2620 = CARTESIAN_POINT ( 'NONE',  ( -16.72704386596949533, -80.08811044127939738, 2.816933494125745341 ) ) ;
#2621 = LINE ( 'NONE', #5366, #1915 ) ;
#2622 = CARTESIAN_POINT ( 'NONE',  ( -1.053448993394224376, -131.9225896424214852, 20.52199534364317657 ) ) ;
#2623 = CARTESIAN_POINT ( 'NONE',  ( -22.48879917349735891, 17.12611349966797292, -20.79288604686187725 ) ) ;
#2624 = VERTEX_POINT ( 'NONE', #3520 ) ;
#2625 = ORIENTED_EDGE ( 'NONE', *, *, #6689, .T. ) ;
#2626 = LINE ( 'NONE', #3435, #3640 ) ;
#2627 = CARTESIAN_POINT ( 'NONE',  ( -14.99999999999814904, -103.9980779814402325, 45.27386560658358405 ) ) ;
#2628 = DIRECTION ( 'NONE',  ( 0.000000000000000000, 0.9848077530122090195, -0.1736481776669252519 ) ) ;
#2629 = LINE ( 'NONE', #8705, #8196 ) ;
#2630 = AXIS2_PLACEMENT_3D ( 'NONE', #6169, #611, #2672 ) ;
#2631 = ORIENTED_EDGE ( 'NONE', *, *, #1107, .F. ) ;
#2632 = LINE ( 'NONE', #8750, #2180 ) ;
#2633 = CARTESIAN_POINT ( 'NONE',  ( 0.000000000000000000, -20.10861407777597520, -8.944056119628848833 ) ) ;
#2634 = EDGE_CURVE ( 'NONE', #2371, #7071, #4540, .T. ) ;
#2635 = ORIENTED_EDGE ( 'NONE', *, *, #382, .F. ) ;
#2636 = VECTOR ( 'NONE', #3239, 1000.000000000000000 ) ;
#2637 = EDGE_CURVE ( 'NONE', #8584, #1437, #4978, .T. ) ;
#2638 = DIRECTION ( 'NONE',  ( 1.000000000000000000, 0.000000000000000000, 0.000000000000000000 ) ) ;
#2639 = EDGE_CURVE ( 'NONE', #4176, #3526, #4988, .T. ) ;
#2640 = CARTESIAN_POINT ( 'NONE',  ( -18.05466644976850077, 25.27107353061563799, -43.46368815774496142 ) ) ;
#2641 = CARTESIAN_POINT ( 'NONE',  ( 12.40000000000000036, -64.84915466134815176, 21.62000213482803446 ) ) ;
#2642 = CARTESIAN_POINT ( 'NONE',  ( -15.09509332072109444, -23.16729674207281775, -45.29634816116374907 ) ) ;
#2643 = ORIENTED_EDGE ( 'NONE', *, *, #2298, .F. ) ;
#2644 = EDGE_CURVE ( 'NONE', #155, #4133, #5650, .T. ) ;
#2645 = CIRCLE ( 'NONE', #5236, 50.00000000000000000 ) ;
#2646 = EDGE_CURVE ( 'NONE', #4776, #575, #1330, .T. ) ;
#2647 = CARTESIAN_POINT ( 'NONE',  ( -6.505213034913026604E-16, 2.887536495738198372, -34.50673323046109431 ) ) ;
#2648 = CARTESIAN_POINT ( 'NONE',  ( -6.749269901708617958, -126.7748532574671003, 43.87239565970069322 ) ) ;
#2649 = VECTOR ( 'NONE', #6226, 999.9999999999998863 ) ;
#2650 = ORIENTED_EDGE ( 'NONE', *, *, #7893, .T. ) ;
#2651 = FACE_OUTER_BOUND ( 'NONE', #4787, .T. ) ;
#2652 = EDGE_CURVE ( 'NONE', #4138, #5827, #1151, .T. ) ;
#2653 = DIRECTION ( 'NONE',  ( -1.000000000000000000, -0.000000000000000000, -0.000000000000000000 ) ) ;
#2654 = PLANE ( 'NONE',  #3702 ) ;
#2655 = CARTESIAN_POINT ( 'NONE',  ( 0.000000000000000000, -122.2705011474578640, 18.42123019163082631 ) ) ;
#2656 = VECTOR ( 'NONE', #3590, 1000.000000000000000 ) ;
#2657 = CARTESIAN_POINT ( 'NONE',  ( -9.932741254112062990, -69.39972495225435978, 30.39254493103064902 ) ) ;
#2658 = EDGE_LOOP ( 'NONE', ( #7629, #2355, #1776, #189 ) ) ;
#2659 = ORIENTED_EDGE ( 'NONE', *, *, #634, .T. ) ;
#2660 = CARTESIAN_POINT ( 'NONE',  ( -15.00000000000026823, -108.8822971141226787, 46.45564666235205920 ) ) ;
#2661 = CARTESIAN_POINT ( 'NONE',  ( -14.09999999999999964, -60.96200874009102222, 23.04943361583019268 ) ) ;
#2662 = ORIENTED_EDGE ( 'NONE', *, *, #790, .T. ) ;
#2663 = CIRCLE ( 'NONE', #665, 4.000000000000000000 ) ;
#2664 = LINE ( 'NONE', #4060, #821 ) ;
#2665 = AXIS2_PLACEMENT_3D ( 'NONE', #1403, #5398, #2062 ) ;
#2666 = CARTESIAN_POINT ( 'NONE',  ( 0.000000000000000000, 0.000000000000000000, 0.000000000000000000 ) ) ;
#2667 = LINE ( 'NONE', #6789, #964 ) ;
#2668 = CARTESIAN_POINT ( 'NONE',  ( -5.047478543086478808, -89.82549450763292498, 40.19172477972283986 ) ) ;
#2669 = ORIENTED_EDGE ( 'NONE', *, *, #7972, .F. ) ;
#2670 = CARTESIAN_POINT ( 'NONE',  ( -12.79647753703226698, 15.56878440059641555, -43.65118788916299764 ) ) ;
#2671 = CARTESIAN_POINT ( 'NONE',  ( -15.00000000000000355, -88.93700067350702909, 29.68581151599204659 ) ) ;
#2672 = DIRECTION ( 'NONE',  ( 1.000000000000000000, 0.000000000000000000, 0.000000000000000000 ) ) ;
#2673 = CARTESIAN_POINT ( 'NONE',  ( -22.79710520133868457, -47.41765911152850066, -6.968332848503001387 ) ) ;
#2674 = ORIENTED_EDGE ( 'NONE', *, *, #2200, .T. ) ;
#2675 = ORIENTED_EDGE ( 'NONE', *, *, #3619, .T. ) ;
#2676 = DIRECTION ( 'NONE',  ( 1.000000000000000000, 0.000000000000000000, -0.000000000000000000 ) ) ;
#2677 = CARTESIAN_POINT ( 'NONE',  ( -19.16350846910415129, -14.44957147128894448, -23.03455272795029884 ) ) ;
#2678 = AXIS2_PLACEMENT_3D ( 'NONE', #1100, #3288, #2533 ) ;
#2679 = CARTESIAN_POINT ( 'NONE',  ( -14.99187684027761236, -98.94270248977791482, 9.486964292620134742 ) ) ;
#2680 = DIRECTION ( 'NONE',  ( 0.000000000000000000, -0.1736481776669230037, -0.9848077530122093526 ) ) ;
#2681 = VERTEX_POINT ( 'NONE', #445 ) ;
#2682 = CARTESIAN_POINT ( 'NONE',  ( -21.44999999999999574, -39.33069177476031086, 1.248673103258287842 ) ) ;
#2684 = VECTOR ( 'NONE', #1886, 1000.000000000000000 ) ;
#2683 = CARTESIAN_POINT ( 'NONE',  ( -2.679646204749461358, -104.7798680589166196, 12.82968018065072613 ) ) ;
#2685 = ORIENTED_EDGE ( 'NONE', *, *, #1713, .T. ) ;
#2686 = VECTOR ( 'NONE', #5761, 1000.000000000000114 ) ;
#2687 = FACE_OUTER_BOUND ( 'NONE', #7224, .T. ) ;
#2688 = EDGE_CURVE ( 'NONE', #4089, #4654, #5289, .T. ) ;
#2689 = FACE_OUTER_BOUND ( 'NONE', #5976, .T. ) ;
#2690 = B_SPLINE_CURVE_WITH_KNOTS ( 'NONE', 3,
 ( #7799, #8296, #7137, #1001, #962, #2853, #5594, #2170, #7635, #4245, #6969, #160, #6553, #1128, #508, #7221, #1717, #3872, #1088, #6594, #5852, #5803, #6460, #5265 ),
 .UNSPECIFIED., .F., .F.,
 ( 4, 2, 2, 2, 2, 2, 2, 2, 2, 2, 2, 4 ),
 ( 0.000000000000000000, 0.1000000000000000194, 0.2999999999999999889, 0.4999999999999999445, 0.5999999999999999778, 0.6999999999999999556, 0.7999999999999999334, 0.8499999999999999778, 0.8999999999999999112, 0.9249999999999999334, 0.9499999999999999556, 1.000000000000000000 ),
 .UNSPECIFIED. ) ;
#2691 = CARTESIAN_POINT ( 'NONE',  ( -21.82070924483890195, -51.85319766643124240, -7.733929430980202469 ) ) ;
#2692 = CARTESIAN_POINT ( 'NONE',  ( -14.73372766748169127, -23.31349011795107984, -45.29634816116374907 ) ) ;
#2693 = VERTEX_POINT ( 'NONE', #7954 ) ;
#2694 = VECTOR ( 'NONE', #3747, 1000.000000000000000 ) ;
#2695 = CARTESIAN_POINT ( 'NONE',  ( -13.10838449769029879, -14.30345337972058672, -22.51108648015657110 ) ) ;
#2696 = CARTESIAN_POINT ( 'NONE',  ( -12.79647753703226698, 15.56878440059641555, -43.65118788916299764 ) ) ;
#2697 = CARTESIAN_POINT ( 'NONE',  ( -23.45000000000001705, -42.02734466037192362, -2.743711327700200986 ) ) ;
#2698 = CARTESIAN_POINT ( 'NONE',  ( -4.000000000000000000, -30.39113852184311071, -11.88299054380818021 ) ) ;
#2699 = CARTESIAN_POINT ( 'NONE',  ( -11.45053486777561247, 16.32161026090666311, -44.21042519353503764 ) ) ;
#2700 = EDGE_CURVE ( 'NONE', #151, #1492, #5206, .T. ) ;
#2701 = EDGE_CURVE ( 'NONE', #4895, #6066, #7908, .T. ) ;
#2702 = CARTESIAN_POINT ( 'NONE',  ( -13.27637933255414993, -59.32206977209317955, -7.171266130684768036 ) ) ;
#2703 = CARTESIAN_POINT ( 'NONE',  ( -23.44999999999999218, -34.90548628911400897, 5.037809734445605869 ) ) ;
#2704 = ORIENTED_EDGE ( 'NONE', *, *, #8801, .T. ) ;
#2705 = ORIENTED_EDGE ( 'NONE', *, *, #5442, .T. ) ;
#2706 = AXIS2_PLACEMENT_3D ( 'NONE', #5216, #241, #2975 ) ;
#2707 = CARTESIAN_POINT ( 'NONE',  ( -15.00000000000000000, -123.7899015295617033, 35.82288474055282279 ) ) ;
#2708 = LINE ( 'NONE', #2661, #8620 ) ;
#2709 = VERTEX_POINT ( 'NONE', #8576 ) ;
#2710 = DIRECTION ( 'NONE',  ( 0.000000000000000000, -0.9848077530122094636, 0.1736481776669221155 ) ) ;
#2711 = CARTESIAN_POINT ( 'NONE',  ( -3.162844905525643124, 32.73954237941580914, -16.73947206590500514 ) ) ;
#2712 = CARTESIAN_POINT ( 'NONE',  ( -0.9999999999999991118, -144.6639094361305524, 25.86113461520439927 ) ) ;
#2713 = CARTESIAN_POINT ( 'NONE',  ( -5.417698327550917625, -83.04445972528475295, 3.177654693752911985 ) ) ;
#2714 = EDGE_LOOP ( 'NONE', ( #2735, #6183, #8240, #3847 ) ) ;
#2715 = DIRECTION ( 'NONE',  ( -0.1251691050984282405, -3.585584598939435518E-16, 0.9921354217690540045 ) ) ;
#2716 = CARTESIAN_POINT ( 'NONE',  ( -16.94099679311879214, -78.88723775742467126, 2.662736442094584266 ) ) ;
#2717 = CARTESIAN_POINT ( 'NONE',  ( -14.26972092330977482, -47.50949437687001620, -16.43137777085544116 ) ) ;
#2718 = CARTESIAN_POINT ( 'NONE',  ( -11.34685751792189912, -15.32123210711984207, -44.24141050014576848 ) ) ;
#2719 = VERTEX_POINT ( 'NONE', #2373 ) ;
#2720 = B_SPLINE_CURVE_WITH_KNOTS ( 'NONE', 3,
 ( #1264, #4943, #8363, #6283, #6190, #99, #7661, #5660, #4224, #145, #4312, #2917, #55, #6320 ),
 .UNSPECIFIED., .F., .F.,
 ( 4, 2, 2, 2, 2, 2, 4 ),
 ( 0.000000000000000000, 0.06250000000000005551, 0.1250000000000000000, 0.2500000000000000000, 0.3750000000000000000, 0.5000000000000000000, 1.000000000000000000 ),
 .UNSPECIFIED. ) ;
#2721 = ORIENTED_EDGE ( 'NONE', *, *, #4144, .T. ) ;
#2722 = DIRECTION ( 'NONE',  ( 0.7327509617209575499, 0.6741883883925058329, 0.09244482167070001977 ) ) ;
#2723 = EDGE_CURVE ( 'NONE', #3558, #6352, #7821, .T. ) ;
#2724 = DIRECTION ( 'NONE',  ( -0.000000000000000000, 0.1736481776669232535, 0.9848077530122092416 ) ) ;
#2725 = CARTESIAN_POINT ( 'NONE',  ( -14.99356190850917869, -100.0077506269714718, 10.15795880359748260 ) ) ;
#2726 = CARTESIAN_POINT ( 'NONE',  ( -16.36603299829170055, -72.51178717788727113, 24.69341315452328800 ) ) ;
#2727 = CARTESIAN_POINT ( 'NONE',  ( 25.00505927025263730, -37.81217569550310742, -7.853293775560399759 ) ) ;
#2728 = ORIENTED_EDGE ( 'NONE', *, *, #2902, .F. ) ;
#2729 = DIRECTION ( 'NONE',  ( 0.000000000000000000, -0.9848077530122093526, 0.1736481776669232813 ) ) ;
#2730 = CARTESIAN_POINT ( 'NONE',  ( -2.760315498218502750, -103.9113647349663978, 12.38677906987108202 ) ) ;
#2731 = ORIENTED_EDGE ( 'NONE', *, *, #8601, .F. ) ;
#2732 = ORIENTED_EDGE ( 'NONE', *, *, #2652, .T. ) ;
#2733 = DIRECTION ( 'NONE',  ( 0.000000000000000000, 0.9463118589240401279, -0.3232551092554109551 ) ) ;
#2734 = CARTESIAN_POINT ( 'NONE',  ( -12.75000000000000000, -79.93222011369321933, 15.70936642126634375 ) ) ;
#2735 = ORIENTED_EDGE ( 'NONE', *, *, #2268, .T. ) ;
#2736 = ADVANCED_FACE ( 'NONE', ( #6615 ), #1920, .F. ) ;
#2737 = CARTESIAN_POINT ( 'NONE',  ( 23.28325370891903745, -123.6640270959618277, 25.08174915276007155 ) ) ;
#2738 = CARTESIAN_POINT ( 'NONE',  ( -5.999999999999998224, -38.85406476150464528, -13.76214029363365476 ) ) ;
#2739 = VERTEX_POINT ( 'NONE', #5119 ) ;
#2740 = B_SPLINE_CURVE_WITH_KNOTS ( 'NONE', 3,
 ( #3976, #5362, #7372, #5414, #2670, #2032, #7419, #8735, #8072, #7501, #1284, #6841, #4022, #1903, #4647, #4159, #1235, #3332, #1953, #8210, #6746, #8117, #5502, #4114, #3380, #609, #4065, #6700, #1995, #4742, #6793, #6035, #7549, #657, #705, #6885, #6127, #3429 ),
 .UNSPECIFIED., .F., .F.,
 ( 4, 2, 2, 2, 2, 2, 2, 2, 2, 2, 2, 2, 2, 2, 2, 2, 2, 2, 4 ),
 ( 0.000000000000000000, 0.06250000000000002776, 0.09375000000000004163, 0.1250000000000000555, 0.1562500000000000555, 0.1875000000000000833, 0.2187500000000000833, 0.2500000000000000000, 0.3124999999999999445, 0.3749999999999999445, 0.4375000000000000000, 0.5000000000000000000, 0.5625000000000000000, 0.6250000000000000000, 0.6875000000000000000, 0.7500000000000000000, 0.8125000000000000000, 0.8750000000000000000, 1.000000000000000000 ),
 .UNSPECIFIED. ) ;
#2741 = CARTESIAN_POINT ( 'NONE',  ( -14.55233971996955944, -13.26087009496605873, -21.29634914664578105 ) ) ;
#2742 = DIRECTION ( 'NONE',  ( 0.000000000000000000, 0.3232551092554114547, 0.9463118589240399059 ) ) ;
#2743 = CARTESIAN_POINT ( 'NONE',  ( -21.96382481641765594, -55.88006916046671080, 1.220355759464604173 ) ) ;
#2744 = CARTESIAN_POINT ( 'NONE',  ( -15.72739039502742209, -77.24642305143443366, 26.04948562518106669 ) ) ;
#2745 = VERTEX_POINT ( 'NONE', #7246 ) ;
#2746 = ORIENTED_EDGE ( 'NONE', *, *, #2315, .T. ) ;
#2747 = CARTESIAN_POINT ( 'NONE',  ( -41.13320420385526432, 38.64306119089506808, -23.25664572609636949 ) ) ;
#2748 = ADVANCED_FACE ( 'NONE', ( #1696 ), #4438, .T. ) ;
#2749 = CARTESIAN_POINT ( 'NONE',  ( -15.08548988013510872, 26.53753649573820894, -40.29634816116373486 ) ) ;
#2750 = EDGE_CURVE ( 'NONE', #2415, #2431, #3317, .T. ) ;
#2751 = ORIENTED_EDGE ( 'NONE', *, *, #1215, .T. ) ;
#2752 = LINE ( 'NONE', #2848, #2551 ) ;
#2753 = CARTESIAN_POINT ( 'NONE',  ( 3.184081677783118191E-15, -12.46246350426197580, -21.29634816116374907 ) ) ;
#2754 = B_SPLINE_CURVE_WITH_KNOTS ( 'NONE', 3,
 ( #6651, #5773, #5817, #5110 ),
 .UNSPECIFIED., .F., .F.,
 ( 4, 4 ),
 ( 0.000000000000000000, 1.000000000000000000 ),
 .UNSPECIFIED. ) ;
#2755 = LINE ( 'NONE', #1856, #8260 ) ;
#2756 = FACE_OUTER_BOUND ( 'NONE', #5745, .T. ) ;
#2757 = DIRECTION ( 'NONE',  ( -0.000000000000000000, -0.9396926207859083169, 0.3420201433256692680 ) ) ;
#2758 = ORIENTED_EDGE ( 'NONE', *, *, #2182, .T. ) ;
#2759 = ADVANCED_FACE ( 'NONE', ( #404, #1112 ), #3854, .T. ) ;
#2760 = CARTESIAN_POINT ( 'NONE',  ( -26.38839466303431891, -17.09070428359138560, 16.15006088230980197 ) ) ;
#2761 = EDGE_CURVE ( 'NONE', #4821, #7658, #3305, .T. ) ;
#2762 = CARTESIAN_POINT ( 'NONE',  ( -16.69167598244120043, -80.29308569635850290, 2.839500065100624582 ) ) ;
#2763 = CARTESIAN_POINT ( 'NONE',  ( -14.10000000000000142, -54.60113403017650313, -5.910972413209566234 ) ) ;
#2764 = CARTESIAN_POINT ( 'NONE',  ( -22.30387827866600503, 17.91757756598603279, -22.39819215002520281 ) ) ;
#2765 = ORIENTED_EDGE ( 'NONE', *, *, #8209, .T. ) ;
#2766 = ORIENTED_EDGE ( 'NONE', *, *, #7005, .T. ) ;
#2767 = CARTESIAN_POINT ( 'NONE',  ( -20.65802931342323490, 32.42176999470082421, -15.91685436500033646 ) ) ;
#2768 = VECTOR ( 'NONE', #5735, 1000.000000000000114 ) ;
#2769 = CARTESIAN_POINT ( 'NONE',  ( -3.047694877180502360, -101.7075048365694698, 44.69097266409707458 ) ) ;
#2770 = EDGE_CURVE ( 'NONE', #5056, #3620, #8036, .T. ) ;
#2771 = DIRECTION ( 'NONE',  ( -0.000000000000000000, -0.000000000000000000, -1.000000000000000000 ) ) ;
#2772 = CARTESIAN_POINT ( 'NONE',  ( 23.44999999999999929, 32.73954237941581624, -16.73947206590499803 ) ) ;
#2773 = DIRECTION ( 'NONE',  ( -0.000000000000000000, 0.3232551092554114547, 0.9463118589240397949 ) ) ;
#2774 = ORIENTED_EDGE ( 'NONE', *, *, #928, .F. ) ;
#2775 = LINE ( 'NONE', #7433, #2904 ) ;
#2776 = DIRECTION ( 'NONE',  ( 0.000000000000000000, 0.000000000000000000, 1.000000000000000000 ) ) ;
#2777 = EDGE_LOOP ( 'NONE', ( #283, #4172, #7779, #4142, #2618, #8699 ) ) ;
#2778 = ORIENTED_EDGE ( 'NONE', *, *, #1752, .T. ) ;
#2779 = AXIS2_PLACEMENT_3D ( 'NONE', #7155, #6401, #1020 ) ;
#2780 = CARTESIAN_POINT ( 'NONE',  ( -14.09999999999999964, -39.23241120174885310, 6.648580071770402888 ) ) ;
#2781 = DIRECTION ( 'NONE',  ( 0.000000000000000000, 0.6427876096865345890, 0.7660444431189820103 ) ) ;
#2782 = ORIENTED_EDGE ( 'NONE', *, *, #2142, .T. ) ;
#2783 = CARTESIAN_POINT ( 'NONE',  ( -14.13188676709214064, -12.89909319594547554, -20.51515545568333110 ) ) ;
#2784 = LINE ( 'NONE', #4275, #7926 ) ;
#2785 = VECTOR ( 'NONE', #5437, 1000.000000000000000 ) ;
#2786 = B_SPLINE_CURVE_WITH_KNOTS ( 'NONE', 3,
 ( #2603, #5345, #6061, #8762, #1978, #4046, #6778, #4948, #771, #1400, #6997, #2741, #11, #5484, #4813, #2920, #2198, #8241, #688, #6322, #6285, #5533, #7531, #7665, #2878, #184, #4184, #6868, #4143, #3548, #5663, #6239 ),
 .UNSPECIFIED., .F., .F.,
 ( 4, 2, 2, 2, 2, 1, 2, 2, 2, 2, 1, 2, 2, 2, 2, 2, 4 ),
 ( 0.000000000000000000, 0.2500000000000053846, 0.3125000000000067724, 0.3750000000000082157, 0.4375000000000096034, 0.4687500000000106581, 0.4843750000000108247, 0.5000000000000109912, 0.6250000000000108802, 0.6875000000000111022, 0.7187500000000112133, 0.7343750000000116573, 0.7500000000000121014, 0.8125000000000109912, 0.8437500000000096589, 0.8750000000000083267, 1.000000000000000000 ),
 .UNSPECIFIED. ) ;
#2787 = VERTEX_POINT ( 'NONE', #3442 ) ;
#2788 = CARTESIAN_POINT ( 'NONE',  ( -15.36438222586734703, -25.21417452707904161, -43.37591236678293427 ) ) ;
#2789 = CARTESIAN_POINT ( 'NONE',  ( -14.25022771029946966, 13.84859733329229492, -20.46530208977121390 ) ) ;
#2790 = CARTESIAN_POINT ( 'NONE',  ( -22.30020255094081350, -48.50852846827756082, 12.17586061169272682 ) ) ;
#2791 = CARTESIAN_POINT ( 'NONE',  ( 41.21423633095623984, -42.11065726885905747, 1.738856025306405817 ) ) ;
#2792 = EDGE_LOOP ( 'NONE', ( #3648, #708, #1390, #1090 ) ) ;
#2793 = AXIS2_PLACEMENT_3D ( 'NONE', #5869, #7776, #7243 ) ;
#2794 =( BOUNDED_SURFACE ( )  B_SPLINE_SURFACE ( 2, 3, ( 
 ( #3922, #8652, #523, #1860, #6652, #5992, #8024, #3519 ),
 ( #1505, #2265, #7595, #3564, #1461, #3649, #744, #7164 ),
 ( #3688, #1663, #8629, #1794, #5133, #6418, #454, #5884 ) ),
 .UNSPECIFIED., .F., .F., .F. ) 
 B_SPLINE_SURFACE_WITH_KNOTS ( ( 3, 3 ),
 ( 4, 2, 2, 4 ),
 ( 0.000000000000000000, 1.000000000000000000 ),
 ( 0.9413373802324322970, 0.9546977975037808095, 0.9680582147751293220, 0.9947790493178264581 ),
 .UNSPECIFIED. ) 
 GEOMETRIC_REPRESENTATION_ITEM ( )  RATIONAL_B_SPLINE_SURFACE ( (
 ( 1.000000000000000000, 1.000000000000000000, 1.000000000000000000, 1.000000000000000000, 1.000000000000000000, 1.000000000000000000, 1.000000000000000000, 1.000000000000000000),
 ( 0.7071067811865476838, 0.7071067811865476838, 0.7071067811865477948, 0.7071067811865477948, 0.7071067811865476838, 0.7071067811865476838, 0.7071067811865477948, 0.7071067811865477948),
 ( 1.000000000000000000, 1.000000000000000000, 1.000000000000000000, 1.000000000000000000, 1.000000000000000000, 1.000000000000000000, 1.000000000000000000, 1.000000000000000000) ) ) 
 REPRESENTATION_ITEM ( '' )  SURFACE ( )  );
#2795 = ORIENTED_EDGE ( 'NONE', *, *, #6549, .T. ) ;
#2796 = CARTESIAN_POINT ( 'NONE',  ( -1.180849454320279435, -119.2494020591749688, 48.99709694690228901 ) ) ;
#2797 = LINE ( 'NONE', #7587, #5088 ) ;
#2798 = ORIENTED_EDGE ( 'NONE', *, *, #577, .T. ) ;
#2799 = DIRECTION ( 'NONE',  ( 0.000000000000000000, 0.9848077530122093526, -0.1736481776669230592 ) ) ;
#2800 = CARTESIAN_POINT ( 'NONE',  ( -14.96662627807799417, -26.21374903329013861, -33.92890249913541112 ) ) ;
#2801 = VECTOR ( 'NONE', #4099, 1000.000000000000114 ) ;
#2802 = FACE_OUTER_BOUND ( 'NONE', #8302, .T. ) ;
#2803 = B_SPLINE_CURVE_WITH_KNOTS ( 'NONE', 3,
 ( #4599, #5903, #3842, #8606, #565, #6033, #4645, #4348, #2284, #8691, #5235, #7984, #7938, #8020, #3245, #4559, #5988, #6566 ),
 .UNSPECIFIED., .F., .F.,
 ( 4, 2, 2, 2, 2, 2, 2, 2, 4 ),
 ( 0.000000000000000000, 0.1249999999999996808, 0.2499999999999999167, 0.3750000000000001665, 0.4999999999999998335, 0.6249999999999997780, 0.7499999999999997780, 0.8750000000000000000, 1.000000000000000000 ),
 .UNSPECIFIED. ) ;
#2804 = CARTESIAN_POINT ( 'NONE',  ( -5.999999999999998224, -50.58651770765258959, -11.85719723704682416 ) ) ;
#2805 = CARTESIAN_POINT ( 'NONE',  ( -21.44999999999999574, -39.33069177476031086, 1.248673103258287842 ) ) ;
#2806 = VERTEX_POINT ( 'NONE', #1250 ) ;
#2807 = ADVANCED_FACE ( 'NONE', ( #2094 ), #6857, .F. ) ;
#2808 = CARTESIAN_POINT ( 'NONE',  ( -5.999999999999998224, -18.94517128740758594, -2.345844174447023089 ) ) ;
#2809 = CARTESIAN_POINT ( 'NONE',  ( -12.67335791100572351, -61.71939882608335637, -5.159668205671061436 ) ) ;
#2810 = DIRECTION ( 'NONE',  ( 0.000000000000000000, 0.9396926207859083169, -0.3420201433256692680 ) ) ;
#2811 = CARTESIAN_POINT ( 'NONE',  ( -12.80830890302721414, -14.47478904253726739, -43.52255968557860655 ) ) ;
#2812 = EDGE_LOOP ( 'NONE', ( #1467, #3368, #2989, #8289 ) ) ;
#2813 = ORIENTED_EDGE ( 'NONE', *, *, #4394, .F. ) ;
#2814 = ADVANCED_FACE ( 'NONE', ( #4079 ), #3994, .T. ) ;
#2815 = CARTESIAN_POINT ( 'NONE',  ( -5.969771146047200716, -84.87245564408929965, 37.75175343073422596 ) ) ;
#2816 = CARTESIAN_POINT ( 'NONE',  ( -19.39012495312962514, -14.19812710893264018, -22.29404742141695905 ) ) ;
#2817 = EDGE_CURVE ( 'NONE', #5165, #7035, #6808, .T. ) ;
#2818 = EDGE_CURVE ( 'NONE', #8079, #2218, #7564, .T. ) ;
#2819 = DIRECTION ( 'NONE',  ( 0.000000000000000000, -0.1736481776669226151, -0.9848077530122093526 ) ) ;
#2820 = VERTEX_POINT ( 'NONE', #623 ) ;
#2821 = DIRECTION ( 'NONE',  ( 0.000000000000000000, 0.000000000000000000, -1.000000000000000000 ) ) ;
#2822 = LINE ( 'NONE', #583, #2940 ) ;
#2823 = CARTESIAN_POINT ( 'NONE',  ( -14.26972092330557018, -47.50949437687008725, -16.43137777085539142 ) ) ;
#2824 = VERTEX_POINT ( 'NONE', #45 ) ;
#2825 = VECTOR ( 'NONE', #562, 1000.000000000000000 ) ;
#2826 = CARTESIAN_POINT ( 'NONE',  ( -16.38105519782924091, -69.66115060733797293, 30.48769608796200004 ) ) ;
#2827 = CARTESIAN_POINT ( 'NONE',  ( -11.82712760393827089, -14.96634852026415174, -44.01019766932798660 ) ) ;
#2828 = VECTOR ( 'NONE', #3064, 999.9999999999998863 ) ;
#2829 = VERTEX_POINT ( 'NONE', #2047 ) ;
#2830 = VECTOR ( 'NONE', #6100, 1000.000000000000000 ) ;
#2831 = CARTESIAN_POINT ( 'NONE',  ( -13.93588179381648118, -13.10260307024612914, -20.61042444509038774 ) ) ;
#2832 = LINE ( 'NONE', #5531, #8784 ) ;
#2833 = ORIENTED_EDGE ( 'NONE', *, *, #3150, .T. ) ;
#2834 = CARTESIAN_POINT ( 'NONE',  ( -21.44999999999999574, -39.33069177476031086, 1.248673103258287842 ) ) ;
#2835 = AXIS2_PLACEMENT_3D ( 'NONE', #8586, #5756, #914 ) ;
#2836 = EDGE_CURVE ( 'NONE', #5301, #5807, #5380, .T. ) ;
#2837 = VECTOR ( 'NONE', #5759, 1000.000000000000000 ) ;
#2838 = CARTESIAN_POINT ( 'NONE',  ( -12.82585338415949572, 15.22612484747904738, -21.55036555124694431 ) ) ;
#2839 = CARTESIAN_POINT ( 'NONE',  ( -16.34755134989976710, -49.65129586987991672, 18.65458057740836750 ) ) ;
#2840 = DIRECTION ( 'NONE',  ( 0.000000000000000000, 0.1736481776669232813, 0.9848077530122092416 ) ) ;
#2841 = ORIENTED_EDGE ( 'NONE', *, *, #7685, .F. ) ;
#2842 = ORIENTED_EDGE ( 'NONE', *, *, #757, .T. ) ;
#2843 = CARTESIAN_POINT ( 'NONE',  ( -10.55000000000000071, 31.10138907885891513, -17.97376135830883825 ) ) ;
#2844 = CARTESIAN_POINT ( 'NONE',  ( -6.749269901708617958, -126.1934190138134539, 45.46987311503673368 ) ) ;
#2845 = DIRECTION ( 'NONE',  ( 0.000000000000000000, 0.9463118589240399059, -0.3232551092554114547 ) ) ;
#2846 = AXIS2_PLACEMENT_3D ( 'NONE', #4516, #3795, #522 ) ;
#2847 = ORIENTED_EDGE ( 'NONE', *, *, #7024, .F. ) ;
#2848 = CARTESIAN_POINT ( 'NONE',  ( -12.75000000000000000, -79.93222011369321933, 15.70936642126634375 ) ) ;
#2849 = DIRECTION ( 'NONE',  ( 1.000000000000000000, -2.130626907000494790E-16, -2.115721018819837813E-16 ) ) ;
#2850 = EDGE_CURVE ( 'NONE', #4010, #4398, #2775, .T. ) ;
#2851 = CARTESIAN_POINT ( 'NONE',  ( -12.39922494747294301, 15.68387795915299243, -23.29634816116374907 ) ) ;
#2852 = CARTESIAN_POINT ( 'NONE',  ( -12.19533579357453412, -134.7546285904400349, 27.37516981854396647 ) ) ;
#2853 = CARTESIAN_POINT ( 'NONE',  ( -15.21243247161300616, -27.38795275489451697, -30.88267929576099391 ) ) ;
#2854 = ORIENTED_EDGE ( 'NONE', *, *, #1793, .T. ) ;
#2855 = CARTESIAN_POINT ( 'NONE',  ( -9.019920719456180791, -53.84929658395820695, 22.13858272132038252 ) ) ;
#2856 = EDGE_CURVE ( 'NONE', #5056, #8627, #2632, .T. ) ;
#2857 = CARTESIAN_POINT ( 'NONE',  ( -21.84497005587379803, -15.53819167117082145, -20.13650927818814296 ) ) ;
#2858 = DIRECTION ( 'NONE',  ( 0.000000000000000000, 0.000000000000000000, -1.000000000000000000 ) ) ;
#2859 = DIRECTION ( 'NONE',  ( 0.000000000000000000, 0.9848077530122093526, -0.1736481776669229482 ) ) ;
#2860 = VERTEX_POINT ( 'NONE', #717 ) ;
#2861 = DIRECTION ( 'NONE',  ( 0.000000000000000000, 0.000000000000000000, -1.000000000000000000 ) ) ;
#2862 = FACE_OUTER_BOUND ( 'NONE', #4628, .T. ) ;
#2863 = CARTESIAN_POINT ( 'NONE',  ( -10.55000000000000071, 31.10138907885891513, -17.97376135830883825 ) ) ;
#2864 = CARTESIAN_POINT ( 'NONE',  ( -15.00000000000000000, -92.14849162001786453, 30.65255093690511146 ) ) ;
#2865 = DIRECTION ( 'NONE',  ( 0.000000000000000000, 0.000000000000000000, 1.000000000000000000 ) ) ;
#2866 = ORIENTED_EDGE ( 'NONE', *, *, #7027, .T. ) ;
#2867 = CARTESIAN_POINT ( 'NONE',  ( 23.44999999999999929, 33.32528787234499390, -13.99956028685670795 ) ) ;
#2868 = EDGE_LOOP ( 'NONE', ( #3372, #3119, #4998, #3026 ) ) ;
#2869 = ORIENTED_EDGE ( 'NONE', *, *, #5883, .F. ) ;
#2870 = ADVANCED_FACE ( 'NONE', ( #6713 ), #669, .T. ) ;
#2871 = FACE_OUTER_BOUND ( 'NONE', #3993, .T. ) ;
#2872 = FACE_OUTER_BOUND ( 'NONE', #5306, .T. ) ;
#2873 = ORIENTED_EDGE ( 'NONE', *, *, #8125, .F. ) ;
#2874 = CARTESIAN_POINT ( 'NONE',  ( -20.11491050107657230, 15.33520213651449815, -22.41004507223209430 ) ) ;
#2875 = CARTESIAN_POINT ( 'NONE',  ( -13.28480771056355891, -14.20455726659281304, -22.31116282529315598 ) ) ;
#2876 = CARTESIAN_POINT ( 'NONE',  ( -18.49626474202236537, 33.03311385070356465, -15.48634382817012600 ) ) ;
#2877 = ORIENTED_EDGE ( 'NONE', *, *, #5638, .T. ) ;
#2878 = CARTESIAN_POINT ( 'NONE',  ( -13.65159400275367041, -13.68665111369635135, -21.29632561514409872 ) ) ;
#2879 = EDGE_CURVE ( 'NONE', #4370, #2436, #6093, .T. ) ;
#2880 = CARTESIAN_POINT ( 'NONE',  ( -14.17129007996162038, 13.93260466442319334, -20.49786697894404242 ) ) ;
#2881 = CARTESIAN_POINT ( 'NONE',  ( -20.67379842636969300, -53.14870387241453642, 21.58925434241279717 ) ) ;
#2882 = EDGE_CURVE ( 'NONE', #174, #7210, #1431, .T. ) ;
#2883 = DIRECTION ( 'NONE',  ( 0.000000000000000000, 0.000000000000000000, -1.000000000000000000 ) ) ;
#2884 = ORIENTED_EDGE ( 'NONE', *, *, #4916, .F. ) ;
#2885 = ORIENTED_EDGE ( 'NONE', *, *, #1561, .T. ) ;
#2886 = CARTESIAN_POINT ( 'NONE',  ( -12.85464141326607823, 15.51685696324321562, -23.00656556908635508 ) ) ;
#2887 = CARTESIAN_POINT ( 'NONE',  ( -19.86064322576690699, -63.44107043591969131, 6.918362269181112190 ) ) ;
#2888 = ORIENTED_EDGE ( 'NONE', *, *, #5503, .T. ) ;
#2889 = CARTESIAN_POINT ( 'NONE',  ( -6.034157695556142009, -79.63623670357654305, 2.727723340683080089 ) ) ;
#2890 = CARTESIAN_POINT ( 'NONE',  ( -5.999999999999998224, -123.6640270959618277, 25.08174915276007155 ) ) ;
#2891 = FACE_OUTER_BOUND ( 'NONE', #8012, .T. ) ;
#2892 = CARTESIAN_POINT ( 'NONE',  ( -3.620702289461849244, -97.96310903532499026, 43.58411663190101848 ) ) ;
#2893 = CARTESIAN_POINT ( 'NONE',  ( 0.000000000000000000, -53.23423536937384171, -12.27956573267485396 ) ) ;
#2894 = ORIENTED_EDGE ( 'NONE', *, *, #1968, .T. ) ;
#2895 = CARTESIAN_POINT ( 'NONE',  ( -10.55000000000000071, 11.23657270063705660, -9.698553188146062709 ) ) ;
#2896 = CARTESIAN_POINT ( 'NONE',  ( -19.12505681039101901, -14.46247232339133859, -23.16544773564177362 ) ) ;
#2897 = CARTESIAN_POINT ( 'NONE',  ( -22.63306085348309438, 13.48663614815320777, -19.00767794529165400 ) ) ;
#2898 = CARTESIAN_POINT ( 'NONE',  ( -12.06869517382254919, -15.60448640912873408, -45.10385486539566102 ) ) ;
#2899 = ORIENTED_EDGE ( 'NONE', *, *, #4021, .F. ) ;
#2900 =( BOUNDED_CURVE ( )  B_SPLINE_CURVE ( 2, ( #2564, #5304, #1888 ),
 .UNSPECIFIED., .F., .F. ) 
 B_SPLINE_CURVE_WITH_KNOTS ( ( 3, 3 ),
 ( 0.000000000000000000, 1.000000000000000000 ),
 .UNSPECIFIED. ) 
 CURVE ( )  GEOMETRIC_REPRESENTATION_ITEM ( )  RATIONAL_B_SPLINE_CURVE ( ( 1.000000000000000000, 0.7071067811865475727, 1.000000000000000000 ) ) 
 REPRESENTATION_ITEM ( '' )  );
#2901 = CARTESIAN_POINT ( 'NONE',  ( 2.499999999999999781E-05, -12.46246350426197758, -23.29634816116374907 ) ) ;
#2902 = EDGE_CURVE ( 'NONE', #529, #4104, #6796, .T. ) ;
#2903 = CARTESIAN_POINT ( 'NONE',  ( -15.00000000000014388, -91.80838968286869317, 41.16854074037116362 ) ) ;
#2904 = VECTOR ( 'NONE', #4129, 1000.000000000000000 ) ;
#2905 = CYLINDRICAL_SURFACE ( 'NONE', #4622, 2.999999999999999112 ) ;
#2906 = ORIENTED_EDGE ( 'NONE', *, *, #7131, .T. ) ;
#2907 = CARTESIAN_POINT ( 'NONE',  ( -14.24999999999999822, 30.63728543497760270, -13.11942228818445599 ) ) ;
#2908 = CARTESIAN_POINT ( 'NONE',  ( -12.52170085779511588, 15.48620423231834842, -22.01585102147872419 ) ) ;
#2909 = ORIENTED_EDGE ( 'NONE', *, *, #4293, .T. ) ;
#2910 = VECTOR ( 'NONE', #4887, 1000.000000000000000 ) ;
#2911 = CARTESIAN_POINT ( 'NONE',  ( -20.31966187831386250, 14.53983723545765194, -21.56068455647470827 ) ) ;
#2912 = CARTESIAN_POINT ( 'NONE',  ( 41.21423633095623984, -38.85406476150464528, -13.76214029363365476 ) ) ;
#2913 = ORIENTED_EDGE ( 'NONE', *, *, #5872, .T. ) ;
#2914 = EDGE_CURVE ( 'NONE', #7602, #5301, #3756, .T. ) ;
#2915 = DIRECTION ( 'NONE',  ( 0.1251691050984276576, 4.342675701625013878E-17, -0.9921354217690542265 ) ) ;
#2916 = CARTESIAN_POINT ( 'NONE',  ( -14.98831642760081628, -13.12843031953034867, -21.41842093380687473 ) ) ;
#2917 = CARTESIAN_POINT ( 'NONE',  ( -20.49776045245195277, -40.94676029316498500, 11.35060798541745619 ) ) ;
#2918 = ORIENTED_EDGE ( 'NONE', *, *, #949, .T. ) ;
#2919 = EDGE_CURVE ( 'NONE', #622, #3620, #7518, .T. ) ;
#2920 = CARTESIAN_POINT ( 'NONE',  ( -14.24657158150389868, -13.41127103154644828, -21.29633365305602410 ) ) ;
#2921 = VECTOR ( 'NONE', #2457, 1000.000000000000000 ) ;
#2922 = CARTESIAN_POINT ( 'NONE',  ( -12.89436615768728345, 15.49548786082763208, -22.88637491074265995 ) ) ;
#2923 = EDGE_CURVE ( 'NONE', #4509, #5490, #4338, .T. ) ;
#2924 = LINE ( 'NONE', #5667, #7255 ) ;
#2925 = CARTESIAN_POINT ( 'NONE',  ( -11.53105610810657744, -16.36189370280731126, -45.29633928351051964 ) ) ;
#2926 = VERTEX_POINT ( 'NONE', #5566 ) ;
#2927 = EDGE_CURVE ( 'NONE', #7404, #5349, #6225, .T. ) ;
#2928 = CONICAL_SURFACE ( 'NONE', #1352, 19.50000000000007816, 0.7853981633974569387 ) ;
#2929 = ORIENTED_EDGE ( 'NONE', *, *, #2750, .F. ) ;
#2930 = CYLINDRICAL_SURFACE ( 'NONE', #8503, 4.000000000000000000 ) ;
#2931 = FACE_OUTER_BOUND ( 'NONE', #7335, .T. ) ;
#2932 = VECTOR ( 'NONE', #8259, 1000.000000000000000 ) ;
#2933 = VERTEX_POINT ( 'NONE', #1475 ) ;
#2934 = CARTESIAN_POINT ( 'NONE',  ( -5.999999999999998224, -48.42838073599382653, -8.489342606638979660 ) ) ;
#2935 = DIRECTION ( 'NONE',  ( 0.000000000000000000, 0.1736481776669232813, 0.9848077530122092416 ) ) ;
#2936 = ADVANCED_FACE ( 'NONE', ( #4214 ), #8271, .T. ) ;
#2937 = DIRECTION ( 'NONE',  ( 1.000000000000000000, 0.000000000000000000, -0.000000000000000000 ) ) ;
#2938 = LINE ( 'NONE', #6206, #5262 ) ;
#2939 = CARTESIAN_POINT ( 'NONE',  ( -5.728761262716954406, -86.21256735793318171, 38.41192070910759071 ) ) ;
#2940 = VECTOR ( 'NONE', #759, 1000.000000000000114 ) ;
#2941 = ORIENTED_EDGE ( 'NONE', *, *, #589, .T. ) ;
#2942 = CARTESIAN_POINT ( 'NONE',  ( -21.64157902634170938, -16.62762766198262554, -21.55656289514940482 ) ) ;
#2943 = CARTESIAN_POINT ( 'NONE',  ( -15.50923357693709903, -76.09742027486029770, 33.42898603940363245 ) ) ;
#2944 = VECTOR ( 'NONE', #4418, 1000.000000000000000 ) ;
#2945 = CARTESIAN_POINT ( 'NONE',  ( -12.71016790609077063, -14.63088220738902479, -44.10069231732536110 ) ) ;
#2946 = AXIS2_PLACEMENT_3D ( 'NONE', #4721, #7966, #1931 ) ;
#2947 = EDGE_LOOP ( 'NONE', ( #1964, #1396, #4321, #3403 ) ) ;
#2948 = DIRECTION ( 'NONE',  ( -0.000000000000000000, 0.7660444431189817882, -0.6427876096865349220 ) ) ;
#2949 = CARTESIAN_POINT ( 'NONE',  ( -5.558334649032890873, -87.14669522200128426, 38.87209178537236909 ) ) ;
#2950 = CARTESIAN_POINT ( 'NONE',  ( 0.000000000000000000, -123.1269936869295947, 49.94767151887362644 ) ) ;
#2951 = DIRECTION ( 'NONE',  ( 0.000000000000000000, -1.000000000000000000, -3.614007241618348771E-16 ) ) ;
#2952 = FACE_OUTER_BOUND ( 'NONE', #6187, .T. ) ;
#2953 = CARTESIAN_POINT ( 'NONE',  ( -12.82585338415949572, 15.22612484747904738, -21.55036555124694431 ) ) ;
#2954 = EDGE_LOOP ( 'NONE', ( #357, #6017, #1891, #343 ) ) ;
#2955 = VECTOR ( 'NONE', #2638, 1000.000000000000000 ) ;
#2956 = AXIS2_PLACEMENT_3D ( 'NONE', #2912, #4178, #6902 ) ;
#2957 = CARTESIAN_POINT ( 'NONE',  ( -15.01084121015089856, -92.91523748974506702, 19.55028924043607219 ) ) ;
#2958 = CARTESIAN_POINT ( 'NONE',  ( -12.17626736718826308, -14.69363334582544312, -43.45404443497120184 ) ) ;
#2959 = ORIENTED_EDGE ( 'NONE', *, *, #3589, .F. ) ;
#2960 = CARTESIAN_POINT ( 'NONE',  ( -13.89589036579558545, -13.84820626228349205, -21.86064653656203660 ) ) ;
#2961 = CARTESIAN_POINT ( 'NONE',  ( -12.09999999999998899, 0.5375364957381987274, -18.29634816116374907 ) ) ;
#2962 = ORIENTED_EDGE ( 'NONE', *, *, #1254, .T. ) ;
#2963 = ORIENTED_EDGE ( 'NONE', *, *, #473, .T. ) ;
#2964 = EDGE_CURVE ( 'NONE', #5188, #954, #4003, .T. ) ;
#2965 = CARTESIAN_POINT ( 'NONE',  ( -14.99999999999925393, -101.4434151596440188, 44.64508895537019129 ) ) ;
#2966 = AXIS2_PLACEMENT_3D ( 'NONE', #4464, #519, #4558 ) ;
#2967 = CARTESIAN_POINT ( 'NONE',  ( -13.88911518765531383, 14.92285071689897791, -21.85343195553388540 ) ) ;
#2968 = CARTESIAN_POINT ( 'NONE',  ( -21.98493524766895391, -48.19673221738653979, 17.43405675307682046 ) ) ;
#2969 = VECTOR ( 'NONE', #2849, 1000.000000000000000 ) ;
#2970 = CARTESIAN_POINT ( 'NONE',  ( -15.38717015118669096, -52.47418028630455922, 21.02326185008634596 ) ) ;
#2971 = ORIENTED_EDGE ( 'NONE', *, *, #836, .T. ) ;
#2972 = ORIENTED_EDGE ( 'NONE', *, *, #5772, .F. ) ;
#2973 = FACE_OUTER_BOUND ( 'NONE', #7644, .T. ) ;
#2974 = VECTOR ( 'NONE', #1922, 1000.000000000000114 ) ;
#2975 = DIRECTION ( 'NONE',  ( 0.000000000000000000, 0.7660444431189817882, -0.6427876096865347000 ) ) ;
#2976 = ORIENTED_EDGE ( 'NONE', *, *, #1655, .F. ) ;
#2977 = CARTESIAN_POINT ( 'NONE',  ( -19.32763161291265774, -20.57279008839592294, -39.20210516234798348 ) ) ;
#2978 = AXIS2_PLACEMENT_3D ( 'NONE', #6591, #2343, #4545 ) ;
#2979 = EDGE_CURVE ( 'NONE', #7664, #7825, #6938, .T. ) ;
#2980 = CARTESIAN_POINT ( 'NONE',  ( 0.000000000000000000, -8.012463504261800651, -21.29634816116374907 ) ) ;
#2981 = CARTESIAN_POINT ( 'NONE',  ( -2.832595714594051017, -136.9394358138791858, 22.44088499817748072 ) ) ;
#2982 = CARTESIAN_POINT ( 'NONE',  ( -5.785511251114816567, -85.89756278093665287, 38.25674281451664882 ) ) ;
#2983 = ORIENTED_EDGE ( 'NONE', *, *, #7018, .T. ) ;
#2984 = CARTESIAN_POINT ( 'NONE',  ( -4.068908920401756113, -56.82536754935667744, 24.28854866644251587 ) ) ;
#2985 = AXIS2_PLACEMENT_3D ( 'NONE', #7589, #3868, #6630 ) ;
#2986 = CARTESIAN_POINT ( 'NONE',  ( -6.598581621424981059, -81.66806646569143879, 36.17320377632950823 ) ) ;
#2987 = CARTESIAN_POINT ( 'NONE',  ( -8.657851095430727284, -73.39533097835840181, 32.09787989477761272 ) ) ;
#2988 = CARTESIAN_POINT ( 'NONE',  ( -11.03869095803874600, -15.53742548872136808, -44.29257655385644910 ) ) ;
#2989 = ORIENTED_EDGE ( 'NONE', *, *, #1162, .F. ) ;
#2990 = CARTESIAN_POINT ( 'NONE',  ( -14.09999999999999964, -49.46863626127934310, -10.21764939810934791 ) ) ;
#2991 = CARTESIAN_POINT ( 'NONE',  ( -5.132418417384804421, -89.39506521167852782, 39.97968623554257306 ) ) ;
#2992 = DIRECTION ( 'NONE',  ( 0.000000000000000000, -0.9463118589240399059, 0.3232551092554117322 ) ) ;
#2993 = CARTESIAN_POINT ( 'NONE',  ( -6.505213034913026604E-16, 2.887536495738198372, -21.29634816116374907 ) ) ;
#2994 = CARTESIAN_POINT ( 'NONE',  ( -22.27296224177169748, -40.84951703060450967, -12.28101944136612822 ) ) ;
#2995 = VECTOR ( 'NONE', #8808, 1000.000000000000000 ) ;
#2996 = CARTESIAN_POINT ( 'NONE',  ( -14.77553954805393843, -40.82883424570744069, -19.91909788900603218 ) ) ;
#2997 = EDGE_LOOP ( 'NONE', ( #8181, #1042, #2959, #943 ) ) ;
#2998 = EDGE_CURVE ( 'NONE', #7270, #3658, #4579, .T. ) ;
#2999 = FACE_OUTER_BOUND ( 'NONE', #7079, .T. ) ;
#3000 = FACE_OUTER_BOUND ( 'NONE', #4194, .T. ) ;
#3001 = EDGE_CURVE ( 'NONE', #1952, #5014, #1118, .T. ) ;
#3002 = PLANE ( 'NONE',  #7201 ) ;
#3003 = B_SPLINE_SURFACE_WITH_KNOTS ( 'NONE', 1, 3, ( 
 ( #1348, #1202, #8756, #8185, #3310, #628, #6668, #6051, #5478, #2640, #5435, #2554, #539, #4808, #4086, #1256, #723, #6186 ),
 ( #7339, #3448, #5, #5384, #8137, #8091, #2052, #4758, #7525, #3401, #3354, #7477, #5294, #585, #1971, #7998, #4670, #3945 ) ),
 .UNSPECIFIED., .F., .F., .F.,
 ( 2, 2 ),
 ( 4, 2, 2, 2, 2, 2, 2, 2, 4 ),
 ( 0.000000000000000000, 1.000000000000000000 ),
 ( 3.119525545820294621, 3.318633475140842393, 3.517741404461390609, 3.716849333781938380, 3.915957263102486152, 4.115065192423033480, 4.314173121743581696, 4.513281051064129912, 4.712388980384677239 ),
 .UNSPECIFIED. ) ;
#3004 = ORIENTED_EDGE ( 'NONE', *, *, #4625, .F. ) ;
#3005 = CARTESIAN_POINT ( 'NONE',  ( -14.40556723980825993, -13.52053005258165186, -21.59456266214134246 ) ) ;
#3006 = CARTESIAN_POINT ( 'NONE',  ( 0.000000000000000000, -22.82182225824879751, -12.55357600088131598 ) ) ;
#3007 = ORIENTED_EDGE ( 'NONE', *, *, #6219, .T. ) ;
#3008 = ORIENTED_EDGE ( 'NONE', *, *, #4601, .T. ) ;
#3009 = CARTESIAN_POINT ( 'NONE',  ( -17.71472896448796064, -23.56316551187001451, -43.49339949399869454 ) ) ;
#3010 = DIRECTION ( 'NONE',  ( -1.000000000000000000, 0.000000000000000000, 0.000000000000000000 ) ) ;
#3011 = CARTESIAN_POINT ( 'NONE',  ( -16.26742920144485893, -78.61956219754374331, 13.22315593065291317 ) ) ;
#3012 = FACE_OUTER_BOUND ( 'NONE', #8029, .T. ) ;
#3013 = CARTESIAN_POINT ( 'NONE',  ( -15.65424499840687567, -12.62046031508751831, -21.30107458574297752 ) ) ;
#3014 = CARTESIAN_POINT ( 'NONE',  ( -12.67794131111627465, -14.68171221009659888, -44.20764637131598107 ) ) ;
#3015 = ORIENTED_EDGE ( 'NONE', *, *, #5782, .T. ) ;
#3016 = B_SPLINE_CURVE_WITH_KNOTS ( 'NONE', 3,
 ( #8142, #3951, #1208, #1263, #1351, #683, #3900, #3358, #1305, #6674, #1975, #2695, #2015, #4044, #4720, #3406, #4092, #6775, #8716, #5439, #546, #3271, #6148, #6624, #7394, #6014, #7, #4002, #498, #2598, #5341, #8048, #1930, #6722, #5878, #3013, #907, #8414 ),
 .UNSPECIFIED., .F., .F.,
 ( 4, 2, 2, 2, 2, 2, 2, 2, 2, 2, 2, 2, 2, 2, 2, 2, 2, 2, 4 ),
 ( 0.000000000000000000, 0.06562498761707584449, 0.09843748142561375980, 0.1312499752341516890, 0.1640624690426896182, 0.1968749628512275196, 0.2624999504683033780, 0.3281249380853792363, 0.3937499257024551502, 0.4593749133195310641, 0.4921874071280689655, 0.5249999009366068670, 0.6562498761707585837, 0.7218748637878343866, 0.7546873575963722880, 0.7874998514049104115, 0.8531248390219862143, 0.9187498266390621282, 1.000000000000000000 ),
 .UNSPECIFIED. ) ;
#3017 = ORIENTED_EDGE ( 'NONE', *, *, #7167, .T. ) ;
#3018 = CARTESIAN_POINT ( 'NONE',  ( -11.76962837254280281, 16.08511592033123705, -44.05256656852193942 ) ) ;
#3019 = CARTESIAN_POINT ( 'NONE',  ( -13.04634899518697999, -13.95531615292233418, -21.29634816116374907 ) ) ;
#3020 = ORIENTED_EDGE ( 'NONE', *, *, #1140, .T. ) ;
#3021 = CARTESIAN_POINT ( 'NONE',  ( -21.42371205798994893, -27.69062425431465968, -21.33275019067307454 ) ) ;
#3022 = CARTESIAN_POINT ( 'NONE',  ( -14.09999999999999964, -75.82056510457229592, 11.89424437510743537 ) ) ;
#3023 = CARTESIAN_POINT ( 'NONE',  ( -10.89758854288271372, 16.70826820305542171, -44.29634816116374907 ) ) ;
#3024 = CARTESIAN_POINT ( 'NONE',  ( -5.757144542269641896, -86.05537745712125286, 38.33448565057121726 ) ) ;
#3025 = LINE ( 'NONE', #2347, #8774 ) ;
#3026 = ORIENTED_EDGE ( 'NONE', *, *, #4347, .T. ) ;
#3027 = DIRECTION ( 'NONE',  ( 0.000000000000000000, 0.000000000000000000, -1.000000000000000000 ) ) ;
#3028 = ADVANCED_FACE ( 'NONE', ( #7962 ), #1880, .F. ) ;
#3029 = DIRECTION ( 'NONE',  ( 1.000000000000000000, -0.000000000000000000, -0.000000000000000000 ) ) ;
#3030 = CARTESIAN_POINT ( 'NONE',  ( -15.00000000000000000, -123.1118728287540591, 18.55375937388339835 ) ) ;
#3031 =( BOUNDED_CURVE ( )  B_SPLINE_CURVE ( 3, ( #4811, #2245, #4900, #182 ),
 .UNSPECIFIED., .F., .F. ) 
 B_SPLINE_CURVE_WITH_KNOTS ( ( 4, 4 ),
 ( 3.035007983972521473, 4.712388980384689674 ),
 .UNSPECIFIED. ) 
 CURVE ( )  GEOMETRIC_REPRESENTATION_ITEM ( )  RATIONAL_B_SPLINE_CURVE ( ( 1.000000000000000000, 0.7789582431887944747, 0.7789582431887944747, 1.000000000000000000 ) ) 
 REPRESENTATION_ITEM ( '' )  );
#3032 = CARTESIAN_POINT ( 'NONE',  ( -13.47066187194154097, -58.40504062752506087, -7.940744947670686393 ) ) ;
#3033 = ORIENTED_EDGE ( 'NONE', *, *, #1125, .F. ) ;
#3034 = CARTESIAN_POINT ( 'NONE',  ( -5.999999999999998224, -120.1551743427748278, 25.15754204548965589 ) ) ;
#3035 = PLANE ( 'NONE',  #5696 ) ;
#3036 = EDGE_CURVE ( 'NONE', #7670, #3903, #8625, .T. ) ;
#3037 = EDGE_CURVE ( 'NONE', #7852, #352, #5480, .T. ) ;
#3038 = FACE_OUTER_BOUND ( 'NONE', #3986, .T. ) ;
#3039 = EDGE_CURVE ( 'NONE', #912, #2050, #5485, .T. ) ;
#3040 = CARTESIAN_POINT ( 'NONE',  ( -22.24811601129777827, -40.45706664576843536, -12.54715920690686204 ) ) ;
#3041 = CARTESIAN_POINT ( 'NONE',  ( -22.24811601129777827, -40.45706664576843536, -12.54715920690686204 ) ) ;
#3042 = EDGE_LOOP ( 'NONE', ( #6866, #6103, #2209, #4227, #2246, #5200, #704, #6977, #8195, #687, #1172, #5168, #6706, #3675, #5002, #426, #4148, #215, #3247, #7195, #431 ) ) ;
#3043 = DIRECTION ( 'NONE',  ( 0.000000000000000000, 0.9351784010367419908, -0.3541770153953562872 ) ) ;
#3044 = ADVANCED_FACE ( 'NONE', ( #3140 ), #3226, .F. ) ;
#3045 = CARTESIAN_POINT ( 'NONE',  ( -14.41902270314859003, -25.43113537955935399, -43.32865654163798297 ) ) ;
#3046 = CARTESIAN_POINT ( 'NONE',  ( -14.99999999999999467, -95.21853784787086283, 31.54838568946805566 ) ) ;
#3047 = EDGE_LOOP ( 'NONE', ( #4933, #7846, #7535, #5895, #5558, #4011, #8111, #1212 ) ) ;
#3048 = CARTESIAN_POINT ( 'NONE',  ( -17.44963751556552367, 16.13066956836747678, -44.73533139804131054 ) ) ;
#3049 = CARTESIAN_POINT ( 'NONE',  ( -15.22938338087822352, -12.94471278779501056, -21.35435039140723035 ) ) ;
#3050 = AXIS2_PLACEMENT_3D ( 'NONE', #390, #7896, #5020 ) ;
#3051 = ORIENTED_EDGE ( 'NONE', *, *, #861, .T. ) ;
#3052 = CARTESIAN_POINT ( 'NONE',  ( -16.37409685479168431, -22.00394996947216342, -45.29634816116374907 ) ) ;
#3053 = CARTESIAN_POINT ( 'NONE',  ( -15.49049674068612603, 26.53753649573820539, -37.45227268446389957 ) ) ;
#3054 = LINE ( 'NONE', #279, #8791 ) ;
#3055 = CARTESIAN_POINT ( 'NONE',  ( -19.68327309005972836, 20.05322588356092695, -43.54662542183135798 ) ) ;
#3056 = CARTESIAN_POINT ( 'NONE',  ( -12.06869517382254919, -15.60448640912873408, -45.10385486539566102 ) ) ;
#3057 = ORIENTED_EDGE ( 'NONE', *, *, #722, .F. ) ;
#3058 = CARTESIAN_POINT ( 'NONE',  ( -21.15791345669252976, -25.71624124468724304, -23.78770265884952906 ) ) ;
#3059 = CARTESIAN_POINT ( 'NONE',  ( -12.46623723358155011, 16.08561245727462108, -44.67351538828688007 ) ) ;
#3060 = CARTESIAN_POINT ( 'NONE',  ( -10.70205166274271313, -66.46367145505263352, -1.807991751990940088 ) ) ;
#3061 = VERTEX_POINT ( 'NONE', #1076 ) ;
#3062 = CARTESIAN_POINT ( 'NONE',  ( -20.17886662875880788, -27.18817449263885422, -31.28843899324934696 ) ) ;
#3063 = DIRECTION ( 'NONE',  ( 0.000000000000000000, -0.1736481776669229204, -0.9848077530122094636 ) ) ;
#3064 = DIRECTION ( 'NONE',  ( 0.000000000000000000, 0.9848077530122094636, -0.1736481776669228927 ) ) ;
#3065 = DIRECTION ( 'NONE',  ( -0.5958697513482541508, -0.5971223951134431163, 0.5370140451442169116 ) ) ;
#3066 = VECTOR ( 'NONE', #6491, 1000.000000000000000 ) ;
#3067 = PLANE ( 'NONE',  #2499 ) ;
#3068 = ORIENTED_EDGE ( 'NONE', *, *, #1339, .T. ) ;
#3069 = VERTEX_POINT ( 'NONE', #8001 ) ;
#3070 = CARTESIAN_POINT ( 'NONE',  ( -10.11934043446934162, -68.73457365230237315, 30.15044965656466047 ) ) ;
#3071 = CARTESIAN_POINT ( 'NONE',  ( -17.63190648021200602, 17.72828535241448122, -45.29634816116374196 ) ) ;
#3072 = CARTESIAN_POINT ( 'NONE',  ( -15.00000000000000000, -122.3442200681278678, 32.30174611396974882 ) ) ;
#3073 = CARTESIAN_POINT ( 'NONE',  ( -21.58381277001216958, -61.38400572293887336, -5.441096434818669003 ) ) ;
#3074 = ORIENTED_EDGE ( 'NONE', *, *, #1603, .F. ) ;
#3075 = CARTESIAN_POINT ( 'NONE',  ( -16.02338947348621190, 26.37311560645454733, -43.36215041754626753 ) ) ;
#3076 = AXIS2_PLACEMENT_3D ( 'NONE', #3650, #8427, #2172 ) ;
#3077 = EDGE_CURVE ( 'NONE', #7259, #3279, #1790, .T. ) ;
#3078 = CYLINDRICAL_SURFACE ( 'NONE', #4403, 2.000000000000000000 ) ;
#3079 = CARTESIAN_POINT ( 'NONE',  ( -10.55000000000000071, -1.319726150268616616, -7.484538922892792101 ) ) ;
#3080 = AXIS2_PLACEMENT_3D ( 'NONE', #6554, #424, #3153 ) ;
#3081 =( BOUNDED_SURFACE ( )  B_SPLINE_SURFACE ( 2, 3, ( 
 ( #4391, #2957, #5699, #7108, #7068, #2413, #2285, #937, #5163, #2322 ),
 ( #982, #2679, #6089, #4707, #441, #2005, #7430, #8792, #579, #1293 ),
 ( #7992, #8704, #5376, #5956, #4752, #4658, #7382, #1246, #2586, #1109 ) ),
 .UNSPECIFIED., .F., .F., .T. ) 
 B_SPLINE_SURFACE_WITH_KNOTS ( ( 3, 3 ),
 ( 4, 2, 2, 2, 4 ),
 ( 0.000000000000000000, 1.000000000000000000 ),
 ( 0.4427366434403793294, 0.4689911138842886018, 0.4952455843281979297, 0.5477545252160165301, 0.6527724069916536198 ),
 .UNSPECIFIED. ) 
 GEOMETRIC_REPRESENTATION_ITEM ( )  RATIONAL_B_SPLINE_SURFACE ( (
 ( 1.000000000000000000, 1.000000000000000000, 1.000000000000000000, 1.000000000000000000, 1.000000000000000000, 1.000000000000000000, 1.000000000000000000, 1.000000000000000000, 1.000000000000000000, 1.000000000000000000),
 ( 0.7074824807718570474, 0.7076717377207801807, 0.7077243863338772423, 0.7076460481859166984, 0.7075069799971287487, 0.7067852708884020396, 0.7058962007406227590, 0.7020220698695089911, 0.6978219626273155507, 0.6922877810844779711),
 ( 1.000000000000000000, 1.000000000000000000, 1.000000000000000000, 1.000000000000000000, 1.000000000000000000, 1.000000000000000000, 1.000000000000000000, 1.000000000000000000, 1.000000000000000000, 1.000000000000000000) ) ) 
 REPRESENTATION_ITEM ( '' )  SURFACE ( )  );
#3082 = FACE_OUTER_BOUND ( 'NONE', #7158, .T. ) ;
#3083 = VECTOR ( 'NONE', #5063, 1000.000000000000114 ) ;
#3084 = CARTESIAN_POINT ( 'NONE',  ( -22.39175801284778800, -42.59141517575194769, -11.03225772054802967 ) ) ;
#3085 = ORIENTED_EDGE ( 'NONE', *, *, #5703, .T. ) ;
#3086 = EDGE_CURVE ( 'NONE', #4817, #3160, #3769, .T. ) ;
#3087 = CARTESIAN_POINT ( 'NONE',  ( 0.000000000000000000, 0.000000000000000000, -24.49634816116376257 ) ) ;
#3088 = ADVANCED_FACE ( 'NONE', ( #3098 ), #1615, .F. ) ;
#3089 = CARTESIAN_POINT ( 'NONE',  ( -15.36438222586734703, -25.21417452707904161, -43.37591236678293427 ) ) ;
#3090 = CARTESIAN_POINT ( 'NONE',  ( -11.54555332180110661, -15.17716518192039743, -44.17439189115440001 ) ) ;
#3091 = ORIENTED_EDGE ( 'NONE', *, *, #7136, .F. ) ;
#3092 = DIRECTION ( 'NONE',  ( 0.000000000000000000, 0.7095845552022339575, 0.7046202942141588377 ) ) ;
#3093 = CARTESIAN_POINT ( 'NONE',  ( -15.00000000000000000, -104.4705052956424254, 26.65124883348895324 ) ) ;
#3094 = VERTEX_POINT ( 'NONE', #2512 ) ;
#3095 = CARTESIAN_POINT ( 'NONE',  ( -15.00000000000000000, -101.5568084891614546, 32.78592033068984080 ) ) ;
#3096 = CARTESIAN_POINT ( 'NONE',  ( -5.999999999999998224, -42.49399750307080126, -8.992351028176036820 ) ) ;
#3097 = CARTESIAN_POINT ( 'NONE',  ( -1.417995297298264790, -115.5779810961698075, 48.09706420866975662 ) ) ;
#3098 = FACE_OUTER_BOUND ( 'NONE', #3313, .T. ) ;
#3099 = CARTESIAN_POINT ( 'NONE',  ( -12.13763297933436469, -15.50363113420315742, -45.05243562114141298 ) ) ;
#3100 = ORIENTED_EDGE ( 'NONE', *, *, #3424, .F. ) ;
#3101 = CLOSED_SHELL ( 'NONE', ( #6359, #6943, #1219, #8232, #895, #3028, #1990, #3044, #4250, #4248, #5337, #6619, #2936, #3963, #4013, #7931, #3580, #6956, #180, #2427, #295, #6867, #745, #1027, #3139, #6013, #8225, #8822, #7324, #1056, #3339, #3853, #3419, #7181, #6716, #7566, #5572, #8022, #5541, #8706, #1815, #172, #5615, #1154, #1335, #4465, #4990, #8701, #4506, #8049, #7527, #516, #3651, #6423, #5248, #5461, #8173, #2372, #7211, #4237, #5068, #8436, #5675, #54, #6254, #6813, #8130, #5726, #4186, #6464, #4139, #7688, #5058, #8522, #945, #6880, #4221, #1833, #6830, #5285, #1691, #4568, #17, #4082, #476, #250, #5609, #8633, #3857, #8710, #1763, #137, #5160, #4585, #6561, #2257, #2759, #8055, #5993, #7523, #4452, #877, #93, #5354, #2870, #1414, #6907, #3170, #4302, #981, #4897, #2807, #2375, #2532, #2308, #8171, #3794, #2087, #3537, #1098, #5990, #7939, #6174, #2376, #2736, #2272, #1996, #1157, #6286, #7774, #5074, #8190, #3856, #5017, #6918, #8379, #1346, #3454, #3148, #8810, #5431, #2814, #8771, #256, #5333, #6851, #4714, #4247, #3402, #794, #1835, #4853, #4614, #8047, #6631, #5138, #908, #7450, #6099, #8103, #326, #6201, #6870, #10, #6028, #6812, #6213, #8426, #7640, #1716, #76, #6986, #4741, #5181, #4073, #4631, #4983, #6801, #5025, #788, #4485, #3193, #453, #2748, #1487, #8482, #4331, #2350, #287, #3465, #3188, #7746, #1872, #3682, #7460, #3088, #6001, #1904, #903, #5011, #6273, #5940, #408, #7217, #3793, #1108, #4795, #801, #5882, #1667, #4782, #1275, #3491, #3300, #4361, #2538, #1554, #6265 ) ) ;
#3102 = CARTESIAN_POINT ( 'NONE',  ( -11.45053486777561247, 16.32161026090666311, -44.21042519353503764 ) ) ;
#3103 = DIRECTION ( 'NONE',  ( 0.000000000000000000, -0.7660444431189825654, 0.6427876096865339228 ) ) ;
#3104 = EDGE_LOOP ( 'NONE', ( #1720, #8408, #2567, #6563, #7716, #5224, #452, #8177, #1512, #852, #4543, #3874, #65, #7620, #4845 ) ) ;
#3105 = EDGE_CURVE ( 'NONE', #806, #3909, #1839, .T. ) ;
#3106 = LINE ( 'NONE', #5182, #2112 ) ;
#3107 = VECTOR ( 'NONE', #8339, 1000.000000000000000 ) ;
#3108 = DIRECTION ( 'NONE',  ( -0.000000000000000000, 0.7949648775762689912, 0.6066554569276927378 ) ) ;
#3109 = CYLINDRICAL_SURFACE ( 'NONE', #6522, 1.000000000000000888 ) ;
#3110 = LINE ( 'NONE', #8681, #6362 ) ;
#3111 = ORIENTED_EDGE ( 'NONE', *, *, #6577, .F. ) ;
#3112 = EDGE_LOOP ( 'NONE', ( #7696, #1008, #521, #6290 ) ) ;
#3113 = AXIS2_PLACEMENT_3D ( 'NONE', #4062, #606, #5358 ) ;
#3114 = DIRECTION ( 'NONE',  ( 0.1251691050984282683, -1.376864485992742237E-15, -0.9921354217690540045 ) ) ;
#3115 = CARTESIAN_POINT ( 'NONE',  ( 0.000000000000000000, 0.5375364957382012809, -21.29634816116374907 ) ) ;
#3116 = CARTESIAN_POINT ( 'NONE',  ( -14.78991798943351021, 14.21364063644727160, -21.29634816116374196 ) ) ;
#3117 = EDGE_CURVE ( 'NONE', #8455, #2745, #7208, .T. ) ;
#3118 = DIRECTION ( 'NONE',  ( -0.000000000000000000, -0.000000000000000000, -1.000000000000000000 ) ) ;
#3119 = ORIENTED_EDGE ( 'NONE', *, *, #3571, .T. ) ;
#3120 = CARTESIAN_POINT ( 'NONE',  ( -19.69531594236417860, 22.09146217814459590, -43.54569954461216241 ) ) ;
#3121 = CARTESIAN_POINT ( 'NONE',  ( -16.82077939958334412, -16.46246350426196869, -45.29634816116374907 ) ) ;
#3122 = AXIS2_PLACEMENT_3D ( 'NONE', #4510, #2443, #5862 ) ;
#3123 = CARTESIAN_POINT ( 'NONE',  ( -11.20039882815572518, -64.97180698876599081, 28.71882970344720931 ) ) ;
#3124 = CARTESIAN_POINT ( 'NONE',  ( 0.000000000000000000, -39.33069177476031086, 1.248673103258287842 ) ) ;
#3125 = DIRECTION ( 'NONE',  ( 0.000000000000000000, 0.9396926207859080948, -0.3420201433256697676 ) ) ;
#3126 = CARTESIAN_POINT ( 'NONE',  ( -14.09759331670249871, -53.00436596891640306, -12.47244906181762936 ) ) ;
#3127 = VERTEX_POINT ( 'NONE', #3818 ) ;
#3128 = LINE ( 'NONE', #5242, #6357 ) ;
#3129 = LINE ( 'NONE', #3805, #5375 ) ;
#3130 = CARTESIAN_POINT ( 'NONE',  ( -20.52927138240422522, -12.47943028679035748, -20.53345808920638760 ) ) ;
#3131 = EDGE_LOOP ( 'NONE', ( #8150, #3385, #8292, #809 ) ) ;
#3132 = CARTESIAN_POINT ( 'NONE',  ( -0.7727877806569777297, -34.21410471629130967, -23.06164292437781782 ) ) ;
#3133 = DIRECTION ( 'NONE',  ( 0.000000000000000000, 0.3420201433256687129, 0.9396926207859084279 ) ) ;
#3134 = EDGE_CURVE ( 'NONE', #1719, #6987, #6873, .T. ) ;
#3135 = ORIENTED_EDGE ( 'NONE', *, *, #6042, .F. ) ;
#3136 = CARTESIAN_POINT ( 'NONE',  ( -13.77268894321033521, -23.46246350426182303, -45.29634816116374907 ) ) ;
#3137 = CARTESIAN_POINT ( 'NONE',  ( 0.000000000000000000, -52.55572928657827703, -77.54201489072762854 ) ) ;
#3138 = CARTESIAN_POINT ( 'NONE',  ( -16.19703357281185063, -79.10750761599348380, 13.33069376250072757 ) ) ;
#3139 = ADVANCED_FACE ( 'NONE', ( #1972 ), #8138, .T. ) ;
#3140 = FACE_OUTER_BOUND ( 'NONE', #4437, .T. ) ;
#3141 = FACE_OUTER_BOUND ( 'NONE', #2812, .T. ) ;
#3142 = ORIENTED_EDGE ( 'NONE', *, *, #306, .F. ) ;
#3143 = CARTESIAN_POINT ( 'NONE',  ( -12.74032748668713744, 15.65819480328194402, -43.98177491355170332 ) ) ;
#3144 = PLANE ( 'NONE',  #2706 ) ;
#3145 = B_SPLINE_CURVE_WITH_KNOTS ( 'NONE', 3,
 ( #1163, #8004, #4582, #4093, #6015, #6149, #7304, #3952, #5966, #1209, #1976, #9 ),
 .UNSPECIFIED., .F., .F.,
 ( 4, 2, 2, 2, 2, 4 ),
 ( 0.000000000000000000, 0.1250000000000000555, 0.2500000000000000000, 0.5000000000000000000, 0.7499999999999998890, 1.000000000000000000 ),
 .UNSPECIFIED. ) ;
#3146 = ORIENTED_EDGE ( 'NONE', *, *, #766, .F. ) ;
#3147 = CARTESIAN_POINT ( 'NONE',  ( -20.35678970533248133, -27.97128502520462945, -29.74007307209084772 ) ) ;
#3148 = ADVANCED_FACE ( 'NONE', ( #1925 ), #1302, .F. ) ;
#3149 = DIRECTION ( 'NONE',  ( -1.000000000000000000, 0.000000000000000000, 0.000000000000000000 ) ) ;
#3150 = EDGE_CURVE ( 'NONE', #5785, #2218, #5386, .T. ) ;
#3151 = CARTESIAN_POINT ( 'NONE',  ( 5.999999999999998224, -46.00175890828305825, -11.66920211694405296 ) ) ;
#3152 = CARTESIAN_POINT ( 'NONE',  ( -22.97375610805449142, -49.28268460805730911, -5.239279804983570266 ) ) ;
#3153 = DIRECTION ( 'NONE',  ( -1.000000000000000000, 0.000000000000000000, 0.000000000000000000 ) ) ;
#3154 = ORIENTED_EDGE ( 'NONE', *, *, #2491, .T. ) ;
#3155 = EDGE_LOOP ( 'NONE', ( #910, #3033, #8094, #7868 ) ) ;
#3156 = CYLINDRICAL_SURFACE ( 'NONE', #72, 5.999999999999998224 ) ;
#3157 = CARTESIAN_POINT ( 'NONE',  ( -8.150000000000000355, -76.10435538319671878, 15.17016425251035550 ) ) ;
#3158 = DIRECTION ( 'NONE',  ( 0.000000000000000000, 0.9848077530122092416, -0.1736481776669232813 ) ) ;
#3159 = CARTESIAN_POINT ( 'NONE',  ( -22.95220878947627341, -54.20314082963195546, -11.46655751832663483 ) ) ;
#3160 = VERTEX_POINT ( 'NONE', #7390 ) ;
#3161 = CARTESIAN_POINT ( 'NONE',  ( -19.08985805587047224, 23.97934899639863815, -43.51543443242022846 ) ) ;
#3162 = DIRECTION ( 'NONE',  ( 0.000000000000000000, 0.000000000000000000, -1.000000000000000000 ) ) ;
#3163 = CARTESIAN_POINT ( 'NONE',  ( 0.000000000000000000, -36.18423030047151912, -21.88150675410481938 ) ) ;
#3164 = B_SPLINE_CURVE_WITH_KNOTS ( 'NONE', 3,
 ( #6300, #4831, #3473, #5682, #6926, #2942, #2129, #1592, #7684, #920, #1506, #3565, #4967, #4249, #789, #5636, #6255, #6971 ),
 .UNSPECIFIED., .F., .F.,
 ( 4, 2, 2, 2, 2, 2, 2, 2, 4 ),
 ( 0.000000000000000000, 0.1250000000000000833, 0.2500000000000001665, 0.3750000000000002220, 0.5000000000000003331, 0.6250000000000003331, 0.7500000000000004441, 0.8749999999999998890, 1.000000000000000000 ),
 .UNSPECIFIED. ) ;
#3165 = CARTESIAN_POINT ( 'NONE',  ( -19.36752148022168640, -59.39620614809700783, 19.58958941567368939 ) ) ;
#3166 = CARTESIAN_POINT ( 'NONE',  ( -16.88074952739011891, -69.37793418644218946, 23.97091697899683282 ) ) ;
#3167 = CARTESIAN_POINT ( 'NONE',  ( -15.00000000000000000, -122.3442200681275409, 32.30174611396969908 ) ) ;
#3168 = CARTESIAN_POINT ( 'NONE',  ( -22.51833391016648633, -44.25241678748313490, -9.736092157666664804 ) ) ;
#3169 = ORIENTED_EDGE ( 'NONE', *, *, #4144, .F. ) ;
#3170 = ADVANCED_FACE ( 'NONE', ( #3530 ), #1516, .T. ) ;
#3171 = CARTESIAN_POINT ( 'NONE',  ( -23.17927288835205246, 29.59024362519146578, -15.43587722488972958 ) ) ;
#3172 = PLANE ( 'NONE',  #6230 ) ;
#3173 = FACE_OUTER_BOUND ( 'NONE', #963, .T. ) ;
#3174 = EDGE_LOOP ( 'NONE', ( #2312, #6443, #6439, #1451 ) ) ;
#3175 = CARTESIAN_POINT ( 'NONE',  ( -0.3314563962103693195, -34.02553465496479390, -23.19179047183338582 ) ) ;
#3176 = CARTESIAN_POINT ( 'NONE',  ( -14.99999999999916511, -101.3407937816377711, 10.96161919024314457 ) ) ;
#3177 = CARTESIAN_POINT ( 'NONE',  ( -1.406703337988063351, -122.2705011474578640, 18.42123019163082631 ) ) ;
#3178 = CARTESIAN_POINT ( 'NONE',  ( -16.93362946979588557, -74.59544018640643515, 12.21224488033255717 ) ) ;
#3179 = EDGE_CURVE ( 'NONE', #2933, #8356, #4040, .T. ) ;
#3180 = FACE_OUTER_BOUND ( 'NONE', #6299, .T. ) ;
#3181 = DIRECTION ( 'NONE',  ( 1.000000000000000000, -0.000000000000000000, -0.000000000000000000 ) ) ;
#3182 = CARTESIAN_POINT ( 'NONE',  ( -12.81600561797618987, -14.46246350426196869, -43.29634816116374907 ) ) ;
#3183 = ORIENTED_EDGE ( 'NONE', *, *, #5283, .T. ) ;
#3184 = AXIS2_PLACEMENT_3D ( 'NONE', #1832, #4612, #7906 ) ;
#3185 = CARTESIAN_POINT ( 'NONE',  ( -12.11016182308047107, 15.82132268993230539, -43.65826676968359266 ) ) ;
#3186 = DIRECTION ( 'NONE',  ( 0.000000000000000000, -0.3420201433256735979, -0.9396926207859065405 ) ) ;
#3187 = VERTEX_POINT ( 'NONE', #6719 ) ;
#3188 = ADVANCED_FACE ( 'NONE', ( #586 ), #1563, .F. ) ;
#3189 = AXIS2_PLACEMENT_3D ( 'NONE', #5515, #6222, #2819 ) ;
#3190 = EDGE_CURVE ( 'NONE', #4263, #8494, #6936, .T. ) ;
#3191 = CARTESIAN_POINT ( 'NONE',  ( -10.55000000000000071, 4.342918429551589021, -8.483015944477600101 ) ) ;
#3192 = CARTESIAN_POINT ( 'NONE',  ( -13.67593692011135253, -25.46246350426179816, -44.06323955316363339 ) ) ;
#3193 = ADVANCED_FACE ( 'NONE', ( #8757 ), #2905, .F. ) ;
#3194 = DIRECTION ( 'NONE',  ( -1.000000000000000000, -0.000000000000000000, 0.000000000000000000 ) ) ;
#3195 = ORIENTED_EDGE ( 'NONE', *, *, #3037, .F. ) ;
#3196 = EDGE_LOOP ( 'NONE', ( #3890, #6331, #4581, #5595 ) ) ;
#3197 = DIRECTION ( 'NONE',  ( 0.000000000000000000, -0.1736481776669229482, -0.9848077530122093526 ) ) ;
#3198 = DIRECTION ( 'NONE',  ( 0.000000000000000000, 0.000000000000000000, 1.000000000000000000 ) ) ;
#3199 = LINE ( 'NONE', #6690, #489 ) ;
#3200 = EDGE_CURVE ( 'NONE', #3658, #3687, #3268, .T. ) ;
#3201 = FACE_OUTER_BOUND ( 'NONE', #7975, .T. ) ;
#3202 = CARTESIAN_POINT ( 'NONE',  ( -6.000000000000000000, -117.8612591275757353, 25.25769654673742437 ) ) ;
#3203 = CARTESIAN_POINT ( 'NONE',  ( -22.05467413601620663, -12.51336385184712086, -19.00767794529165400 ) ) ;
#3204 = CARTESIAN_POINT ( 'NONE',  ( -15.00000000000000000, -105.4912514368568992, 33.19335686479304570 ) ) ;
#3205 = DIRECTION ( 'NONE',  ( -1.000000000000000000, 0.000000000000000000, 0.000000000000000000 ) ) ;
#3206 = AXIS2_PLACEMENT_3D ( 'NONE', #4610, #3934, #6662 ) ;
#3207 = CARTESIAN_POINT ( 'NONE',  ( 0.000000000000000000, 34.71447329368038481, -6.121098262759038455 ) ) ;
#3208 = CARTESIAN_POINT ( 'NONE',  ( -7.703719777548943412E-31, 21.03753649573829421, -45.29634816116374907 ) ) ;
#3209 = CARTESIAN_POINT ( 'NONE',  ( -22.32446130952683561, -41.63219346573381330, -11.73481230405660369 ) ) ;
#3210 = CIRCLE ( 'NONE', #210, 6.000000000000000000 ) ;
#3211 = ORIENTED_EDGE ( 'NONE', *, *, #2142, .F. ) ;
#3212 = CARTESIAN_POINT ( 'NONE',  ( -23.15731353376940049, -42.83427068887699818, 9.394105614675204663 ) ) ;
#3213 = VECTOR ( 'NONE', #293, 1000.000000000000114 ) ;
#3214 = CYLINDRICAL_SURFACE ( 'NONE', #7219, 6.000000000000000000 ) ;
#3215 = CARTESIAN_POINT ( 'NONE',  ( -23.44999999999999218, -49.62651503686617360, -78.44929296875443470 ) ) ;
#3216 = VECTOR ( 'NONE', #6687, 1000.000000000000000 ) ;
#3217 = ORIENTED_EDGE ( 'NONE', *, *, #360, .T. ) ;
#3218 = CARTESIAN_POINT ( 'NONE',  ( -16.36603299829173608, -72.51178717788727113, 24.69341315452329155 ) ) ;
#3219 = CARTESIAN_POINT ( 'NONE',  ( -15.00000000000000000, -114.4599880746802398, 30.45050234444141424 ) ) ;
#3220 = AXIS2_PLACEMENT_3D ( 'NONE', #2159, #8327, #822 ) ;
#3221 = EDGE_CURVE ( 'NONE', #615, #1433, #1473, .T. ) ;
#3222 = AXIS2_PLACEMENT_3D ( 'NONE', #2647, #6058, #8760 ) ;
#3223 = CARTESIAN_POINT ( 'NONE',  ( -21.91096774513817991, -33.68555813761304307, -16.41351747920842996 ) ) ;
#3224 = CARTESIAN_POINT ( 'NONE',  ( -16.13301656481101887, -79.56730169770409589, 13.42871031883971078 ) ) ;
#3225 = CARTESIAN_POINT ( 'NONE',  ( -10.89758854288271372, 16.70826820305542171, -44.29634816116374907 ) ) ;
#3226 = CYLINDRICAL_SURFACE ( 'NONE', #3762, 2.349999999999999645 ) ;
#3227 = CARTESIAN_POINT ( 'NONE',  ( -14.09999999999999964, -48.31161856384360931, -8.838769400495159800 ) ) ;
#3228 = ORIENTED_EDGE ( 'NONE', *, *, #181, .F. ) ;
#3229 = CARTESIAN_POINT ( 'NONE',  ( -14.99999999999999822, -140.3847777707362638, 30.30844124034080522 ) ) ;
#3230 = CARTESIAN_POINT ( 'NONE',  ( -15.07592930613115811, -85.70073483964836214, 28.69690445314886418 ) ) ;
#3231 = EDGE_LOOP ( 'NONE', ( #7306, #5388, #592, #3422 ) ) ;
#3232 =( BOUNDED_CURVE ( )  B_SPLINE_CURVE ( 2, ( #2123, #3602, #6919 ),
 .UNSPECIFIED., .F., .F. ) 
 B_SPLINE_CURVE_WITH_KNOTS ( ( 3, 3 ),
 ( 0.000000000000000000, 1.000000000000000000 ),
 .UNSPECIFIED. ) 
 CURVE ( )  GEOMETRIC_REPRESENTATION_ITEM ( )  RATIONAL_B_SPLINE_CURVE ( ( 1.000000000000000000, 0.7123483128092779060, 1.000000000000000000 ) ) 
 REPRESENTATION_ITEM ( '' )  );
#3233 = CARTESIAN_POINT ( 'NONE',  ( -9.099999999999999645, -74.66354740713653371, 13.27312437272159151 ) ) ;
#3234 = DIRECTION ( 'NONE',  ( 0.000000000000000000, -1.156482317317871331E-15, -1.000000000000000000 ) ) ;
#3235 = CARTESIAN_POINT ( 'NONE',  ( -18.77952124306501247, -20.57279008854559521, -43.54662542183100271 ) ) ;
#3236 = CARTESIAN_POINT ( 'NONE',  ( 0.000000000000000000, -1.319726150268616616, -7.484538922892792101 ) ) ;
#3237 = EDGE_LOOP ( 'NONE', ( #8700, #6215, #7721, #20 ) ) ;
#3238 = VERTEX_POINT ( 'NONE', #8802 ) ;
#3239 = DIRECTION ( 'NONE',  ( -1.000000000000000000, -0.000000000000000000, -0.000000000000000000 ) ) ;
#3240 = CARTESIAN_POINT ( 'NONE',  ( -23.04321257089046782, -49.52085964899847426, -4.646746171569064998 ) ) ;
#3241 = EDGE_CURVE ( 'NONE', #1623, #4020, #6052, .T. ) ;
#3242 = CARTESIAN_POINT ( 'NONE',  ( -15.79999999999999893, -58.35475180145950702, -2.761313125745556096 ) ) ;
#3243 = CARTESIAN_POINT ( 'NONE',  ( -15.00455547365310593, -93.49724588894035548, 20.00814953026694454 ) ) ;
#3244 = CARTESIAN_POINT ( 'NONE',  ( -20.23105298398809992, -56.84697157599856610, 17.72661140917833933 ) ) ;
#3245 = CARTESIAN_POINT ( 'NONE',  ( -17.64817793699394244, 22.26188563488977223, -45.29634816116374196 ) ) ;
#3246 = VECTOR ( 'NONE', #5902, 1000.000000000000114 ) ;
#3247 = ORIENTED_EDGE ( 'NONE', *, *, #5172, .F. ) ;
#3248 = FACE_OUTER_BOUND ( 'NONE', #5040, .T. ) ;
#3249 = AXIS2_PLACEMENT_3D ( 'NONE', #5983, #8112, #4688 ) ;
#3250 = CARTESIAN_POINT ( 'NONE',  ( -12.76259707981113323, 3.033338206419330607, -8.252101617737181982 ) ) ;
#3251 = CARTESIAN_POINT ( 'NONE',  ( -14.51775248057313306, -43.82785068861429778, -18.51420933002499680 ) ) ;
#3252 = DIRECTION ( 'NONE',  ( 0.000000000000000000, -0.4048678968484270557, -0.9143751889140100397 ) ) ;
#3253 = CARTESIAN_POINT ( 'NONE',  ( -22.64266716213726127, 14.08579955873646661, -19.03718355716641497 ) ) ;
#3254 = ORIENTED_EDGE ( 'NONE', *, *, #4995, .F. ) ;
#3255 = CARTESIAN_POINT ( 'NONE',  ( -10.55000000000000071, 3.821973896550819205, -11.43743920351424137 ) ) ;
#3256 = EDGE_CURVE ( 'NONE', #3284, #2787, #4766, .T. ) ;
#3257 = CIRCLE ( 'NONE', #7823, 33.83706265612283204 ) ;
#3258 = VECTOR ( 'NONE', #5443, 1000.000000000000000 ) ;
#3259 = LINE ( 'NONE', #1868, #216 ) ;
#3260 = CYLINDRICAL_SURFACE ( 'NONE', #3206, 3.000000000000002665 ) ;
#3261 = EDGE_LOOP ( 'NONE', ( #48, #5432, #6040, #100 ) ) ;
#3262 = CARTESIAN_POINT ( 'NONE',  ( -1.001052616271016937, -35.74078926247129573, -22.12075318991230333 ) ) ;
#3263 = CARTESIAN_POINT ( 'NONE',  ( -15.00000000000000000, -122.2705011474571819, 18.42123019163070907 ) ) ;
#3264 = VECTOR ( 'NONE', #2799, 1000.000000000000000 ) ;
#3265 = CARTESIAN_POINT ( 'NONE',  ( -15.85086760509274484, -12.46246350426197580, -21.29634816116374907 ) ) ;
#3266 = LINE ( 'NONE', #678, #831 ) ;
#3267 = DIRECTION ( 'NONE',  ( 0.000000000000000000, -0.3232551092554108996, -0.9463118589240400169 ) ) ;
#3268 = LINE ( 'NONE', #3311, #6192 ) ;
#3269 = CARTESIAN_POINT ( 'NONE',  ( -21.58334415447101051, -57.47830971295915248, 2.547588195108353215 ) ) ;
#3270 = ORIENTED_EDGE ( 'NONE', *, *, #2482, .T. ) ;
#3271 = CARTESIAN_POINT ( 'NONE',  ( -14.00655723923283524, -13.77509126195849021, -21.78701892038228749 ) ) ;
#3272 = DIRECTION ( 'NONE',  ( 0.000000000000000000, 0.6427876096865348110, 0.7660444431189818992 ) ) ;
#3273 = CARTESIAN_POINT ( 'NONE',  ( -8.150000000000000355, -22.82182225824879751, -15.95357600088130567 ) ) ;
#3274 = ORIENTED_EDGE ( 'NONE', *, *, #3256, .T. ) ;
#3275 = DIRECTION ( 'NONE',  ( -0.000000000000000000, 0.9396926207859083169, -0.3420201433256687129 ) ) ;
#3276 = CARTESIAN_POINT ( 'NONE',  ( -11.48403040133688968, 16.29725455676702239, -44.19862873552750671 ) ) ;
#3277 = CARTESIAN_POINT ( 'NONE',  ( -22.44208499497160147, -53.48708006035231222, -0.7428111629258861148 ) ) ;
#3278 = CARTESIAN_POINT ( 'NONE',  ( -14.00000000000000000, 0.5375364957381987274, -18.29634816116374907 ) ) ;
#3279 = VERTEX_POINT ( 'NONE', #7648 ) ;
#3280 = VERTEX_POINT ( 'NONE', #2993 ) ;
#3281 = CARTESIAN_POINT ( 'NONE',  ( -15.00000000000000000, -94.79977693975907016, 20.98008351746943134 ) ) ;
#3282 = CARTESIAN_POINT ( 'NONE',  ( -2.280059852222973582, -107.2429258322862182, 46.05376198646767705 ) ) ;
#3283 = DIRECTION ( 'NONE',  ( -0.000000000000000000, 0.9848077530122093526, -0.1736481776669228094 ) ) ;
#3284 = VERTEX_POINT ( 'NONE', #3711 ) ;
#3285 = FACE_OUTER_BOUND ( 'NONE', #8441, .T. ) ;
#3286 = FACE_OUTER_BOUND ( 'NONE', #3104, .T. ) ;
#3287 = LINE ( 'NONE', #2712, #6538 ) ;
#3288 = DIRECTION ( 'NONE',  ( 1.000000000000000000, 0.000000000000000000, 0.000000000000000000 ) ) ;
#3289 = ORIENTED_EDGE ( 'NONE', *, *, #2639, .F. ) ;
#3290 = EDGE_CURVE ( 'NONE', #3434, #2613, #6437, .T. ) ;
#3291 = DIRECTION ( 'NONE',  ( 0.000000000000000000, 0.000000000000000000, 1.000000000000000000 ) ) ;
#3292 = CARTESIAN_POINT ( 'NONE',  ( -16.16574500787390889, -79.32927538401278866, 13.37930367569045842 ) ) ;
#3293 = LINE ( 'NONE', #8076, #4500 ) ;
#3294 = CARTESIAN_POINT ( 'NONE',  ( -11.24561826003059828, -15.39334343313243814, -44.26548931131579678 ) ) ;
#3295 = VERTEX_POINT ( 'NONE', #5774 ) ;
#3296 = EDGE_LOOP ( 'NONE', ( #2197, #7506, #7096, #6309, #177 ) ) ;
#3297 = EDGE_CURVE ( 'NONE', #2233, #3558, #5111, .T. ) ;
#3298 = DIRECTION ( 'NONE',  ( 9.023734475395007835E-17, 7.228014483236694583E-17, -1.000000000000000000 ) ) ;
#3299 = CARTESIAN_POINT ( 'NONE',  ( -4.439367970825990106, -93.24079248732583380, 41.78421159597368018 ) ) ;
#3300 = ADVANCED_FACE ( 'NONE', ( #3038 ), #7810, .T. ) ;
#3301 = DIRECTION ( 'NONE',  ( -1.000000000000000000, 0.000000000000000000, 0.000000000000000000 ) ) ;
#3302 = FACE_OUTER_BOUND ( 'NONE', #7125, .T. ) ;
#3303 = EDGE_CURVE ( 'NONE', #8519, #5146, #3662, .T. ) ;
#3304 = ORIENTED_EDGE ( 'NONE', *, *, #5686, .T. ) ;
#3305 = LINE ( 'NONE', #1965, #8183 ) ;
#3306 = CARTESIAN_POINT ( 'NONE',  ( -16.67320205976355396, -70.60472394610748381, 24.25147689707181797 ) ) ;
#3307 = ORIENTED_EDGE ( 'NONE', *, *, #7834, .F. ) ;
#3308 = EDGE_CURVE ( 'NONE', #7379, #1952, #214, .T. ) ;
#3309 = LINE ( 'NONE', #1347, #686 ) ;
#3310 = CARTESIAN_POINT ( 'NONE',  ( -19.48702382896907537, 23.06559480116065330, -43.53528761618375142 ) ) ;
#3311 = CARTESIAN_POINT ( 'NONE',  ( -11.99999999999987921, -133.7038235893524529, 48.66421199410378051 ) ) ;
#3312 = CARTESIAN_POINT ( 'NONE',  ( -16.02659330768194579, -22.47168830124461536, -45.29634816116374907 ) ) ;
#3313 = EDGE_LOOP ( 'NONE', ( #5501, #7466, #8377, #2135 ) ) ;
#3314 = DIRECTION ( 'NONE',  ( 0.000000000000000000, -0.7660444431189818992, 0.6427876096865348110 ) ) ;
#3315 = LINE ( 'NONE', #548, #4496 ) ;
#3316 = LINE ( 'NONE', #3191, #2684 ) ;
#3317 = CIRCLE ( 'NONE', #898, 2.999999999999999112 ) ;
#3318 = FACE_OUTER_BOUND ( 'NONE', #3547, .T. ) ;
#3319 = CARTESIAN_POINT ( 'NONE',  ( -20.45007322136703110, -56.16897991203979501, 17.18441825946943524 ) ) ;
#3320 = DIRECTION ( 'NONE',  ( 0.000000000000000000, -0.1736481776669229482, -0.9848077530122093526 ) ) ;
#3321 = ORIENTED_EDGE ( 'NONE', *, *, #3077, .F. ) ;
#3322 = VERTEX_POINT ( 'NONE', #1600 ) ;
#3323 = CARTESIAN_POINT ( 'NONE',  ( -15.00000000000000000, -110.2714881717487714, 33.69962553267061622 ) ) ;
#3324 = DIRECTION ( 'NONE',  ( -0.000000000000000000, 0.9396926207859082059, -0.3420201433256692125 ) ) ;
#3325 = CIRCLE ( 'NONE', #617, 2.000000000000000000 ) ;
#3326 = ORIENTED_EDGE ( 'NONE', *, *, #300, .T. ) ;
#3327 = DIRECTION ( 'NONE',  ( 0.000000000000000000, 0.9848077530122094636, -0.1736481776669225319 ) ) ;
#3328 = DIRECTION ( 'NONE',  ( 1.000000000000000000, 0.000000000000000000, 0.000000000000000000 ) ) ;
#3329 = CARTESIAN_POINT ( 'NONE',  ( -21.44999999999999929, 30.98458179031142024, -11.14980678216003263 ) ) ;
#3330 = LINE ( 'NONE', #8206, #6973 ) ;
#3331 = ORIENTED_EDGE ( 'NONE', *, *, #3461, .F. ) ;
#3332 = CARTESIAN_POINT ( 'NONE',  ( -12.55321687852352852, 15.95160117605842132, -44.51698404721240365 ) ) ;
#3333 = CARTESIAN_POINT ( 'NONE',  ( -10.70205166274274333, -66.46367145505251983, -1.807991751991005147 ) ) ;
#3334 = CARTESIAN_POINT ( 'NONE',  ( -15.00171193542355574, -93.76053454713503754, 20.21527613325362438 ) ) ;
#3335 = CARTESIAN_POINT ( 'NONE',  ( -1.300011015784769519, -124.4758996252384549, 18.76861490077982353 ) ) ;
#3336 = CARTESIAN_POINT ( 'NONE',  ( -22.51390812980829281, 16.93514524700626467, -20.56019055771754367 ) ) ;
#3337 = VERTEX_POINT ( 'NONE', #308 ) ;
#3338 = VERTEX_POINT ( 'NONE', #6393 ) ;
#3339 = ADVANCED_FACE ( 'NONE', ( #2317 ), #3616, .F. ) ;
#3340 = CARTESIAN_POINT ( 'NONE',  ( -20.94804653874007982, 32.26729974210297058, -15.90058788255647571 ) ) ;
#3341 = VECTOR ( 'NONE', #1164, 1000.000000000000114 ) ;
#3342 = CARTESIAN_POINT ( 'NONE',  ( -3.753552993847744990, -97.16242304480566361, 43.31125397333170923 ) ) ;
#3343 = CARTESIAN_POINT ( 'NONE',  ( 0.000000000000000000, 0.000000000000000000, 0.000000000000000000 ) ) ;
#3344 = VECTOR ( 'NONE', #6854, 1000.000000000000000 ) ;
#3345 = ORIENTED_EDGE ( 'NONE', *, *, #4679, .T. ) ;
#3346 = VECTOR ( 'NONE', #5271, 1000.000000000000114 ) ;
#3347 = DIRECTION ( 'NONE',  ( -0.000000000000000000, 1.000000000000000000, 1.334402673828313339E-16 ) ) ;
#3348 = DIRECTION ( 'NONE',  ( -1.000000000000000000, 0.000000000000000000, 0.000000000000000000 ) ) ;
#3349 = EDGE_LOOP ( 'NONE', ( #3739, #5459, #4856, #1111, #1969, #7240, #7321, #4448, #1454, #2983, #5522, #581, #4566 ) ) ;
#3350 = EDGE_CURVE ( 'NONE', #6118, #5542, #8567, .T. ) ;
#3351 = CARTESIAN_POINT ( 'NONE',  ( -21.65545351559966392, -29.97855420063085674, -19.09246012849895635 ) ) ;
#3352 = AXIS2_PLACEMENT_3D ( 'NONE', #6048, #5519, #6094 ) ;
#3353 = DIRECTION ( 'NONE',  ( 1.000000000000000000, 0.000000000000000000, 0.000000000000000000 ) ) ;
#3354 = CARTESIAN_POINT ( 'NONE',  ( -16.57361319211509709, 23.90608250786267064, -45.29634816116374196 ) ) ;
#3355 = CARTESIAN_POINT ( 'NONE',  ( -22.32506409751226428, -51.26610530450940217, -6.948824595036376728 ) ) ;
#3356 = CARTESIAN_POINT ( 'NONE',  ( -16.68467080186182017, -21.29354272093128131, -45.29634816116374907 ) ) ;
#3357 = ORIENTED_EDGE ( 'NONE', *, *, #8325, .T. ) ;
#3358 = CARTESIAN_POINT ( 'NONE',  ( -12.94697864744247440, -14.39194495542959373, -22.76839199854702400 ) ) ;
#3359 = CARTESIAN_POINT ( 'NONE',  ( 0.000000000000000000, -34.27907187499138075, -20.17117335076154561 ) ) ;
#3360 = CARTESIAN_POINT ( 'NONE',  ( -14.09999999999999964, -69.02821919591445976, 13.76615170645136743 ) ) ;
#3361 = AXIS2_PLACEMENT_3D ( 'NONE', #2449, #7812, #5157 ) ;
#3362 = CARTESIAN_POINT ( 'NONE',  ( -6.749269901708617958, -135.0147823605258850, 45.06238237246885348 ) ) ;
#3363 = CARTESIAN_POINT ( 'NONE',  ( 0.000000000000000000, -34.27907187499138075, -20.17117335076154561 ) ) ;
#3364 = PLANE ( 'NONE',  #5416 ) ;
#3365 = VECTOR ( 'NONE', #2599, 1000.000000000000000 ) ;
#3366 = CARTESIAN_POINT ( 'NONE',  ( -14.24999999999999822, 30.63728543497760270, -13.11942228818445599 ) ) ;
#3367 = ORIENTED_EDGE ( 'NONE', *, *, #243, .T. ) ;
#3368 = ORIENTED_EDGE ( 'NONE', *, *, #871, .T. ) ;
#3369 = CARTESIAN_POINT ( 'NONE',  ( -15.00000000000000000, -112.1247874693072504, 33.92783666529059161 ) ) ;
#3370 = CARTESIAN_POINT ( 'NONE',  ( -2.106609145026382190, -57.97155004333183825, 22.25221303039814202 ) ) ;
#3371 = EDGE_CURVE ( 'NONE', #6510, #2283, #2279, .T. ) ;
#3372 = ORIENTED_EDGE ( 'NONE', *, *, #4201, .T. ) ;
#3373 = CIRCLE ( 'NONE', #5701, 1.599999999999991873 ) ;
#3374 = CARTESIAN_POINT ( 'NONE',  ( -20.56914544263573319, -53.48274671821739190, 21.86954957112218878 ) ) ;
#3375 = VECTOR ( 'NONE', #8764, 1000.000000000000114 ) ;
#3376 = CARTESIAN_POINT ( 'NONE',  ( -15.02194700248322334, -92.41553640195046171, 19.17198468113173604 ) ) ;
#3377 = CARTESIAN_POINT ( 'NONE',  ( -22.02567167066570875, -36.17823496505037895, -15.06480666215174757 ) ) ;
#3378 = CARTESIAN_POINT ( 'NONE',  ( 0.000000000000000000, -108.5812047599589505, 97.86232593933300450 ) ) ;
#3379 = ORIENTED_EDGE ( 'NONE', *, *, #233, .F. ) ;
#3380 = CARTESIAN_POINT ( 'NONE',  ( -12.24340829863449365, 16.42222592164284123, -44.95753482992822114 ) ) ;
#3381 = CARTESIAN_POINT ( 'NONE',  ( -17.14935484116679731, -77.79015928980567196, 2.481618138571804799 ) ) ;
#3382 = CARTESIAN_POINT ( 'NONE',  ( -14.59833531061325296, -42.80846972751905355, -19.01730599821663148 ) ) ;
#3383 =( LENGTH_UNIT ( ) NAMED_UNIT ( * ) SI_UNIT ( .MILLI., .METRE. ) );
#3384 = CARTESIAN_POINT ( 'NONE',  ( -11.47997833607984575, -15.22513293462195350, -44.20010151327782211 ) ) ;
#3385 = ORIENTED_EDGE ( 'NONE', *, *, #6153, .T. ) ;
#3386 = ORIENTED_EDGE ( 'NONE', *, *, #7034, .F. ) ;
#3387 = CARTESIAN_POINT ( 'NONE',  ( -15.00000000000000000, -113.3102421485133675, 34.07866424528317140 ) ) ;
#3388 = VECTOR ( 'NONE', #3748, 999.9999999999998863 ) ;
#3389 = EDGE_CURVE ( 'NONE', #2566, #5118, #1685, .T. ) ;
#3390 = CARTESIAN_POINT ( 'NONE',  ( -19.12505681039101901, -14.46247232339133859, -23.16544773564177362 ) ) ;
#3391 = VECTOR ( 'NONE', #2617, 1000.000000000000114 ) ;
#3392 = FACE_OUTER_BOUND ( 'NONE', #2329, .T. ) ;
#3393 = LINE ( 'NONE', #6138, #7770 ) ;
#3394 = ORIENTED_EDGE ( 'NONE', *, *, #7780, .F. ) ;
#3395 = CARTESIAN_POINT ( 'NONE',  ( -15.79999999999999893, -66.93444956439211069, 4.437908102743637784 ) ) ;
#3397 = VECTOR ( 'NONE', #5211, 1000.000000000000000 ) ;
#3396 = CARTESIAN_POINT ( 'NONE',  ( -1.678468424782574520, -117.5760481090031959, 17.49673340795115806 ) ) ;
#3398 = ORIENTED_EDGE ( 'NONE', *, *, #4427, .F. ) ;
#3399 = ORIENTED_EDGE ( 'NONE', *, *, #318, .F. ) ;
#3400 = DIRECTION ( 'NONE',  ( 1.000000000000000000, 1.863953453626991948E-16, -3.286652846591490639E-17 ) ) ;
#3401 = CARTESIAN_POINT ( 'NONE',  ( -16.72826934917091535, 23.77765871666472108, -45.29634816116374196 ) ) ;
#3402 = ADVANCED_FACE ( 'NONE', ( #5197 ), #1014, .F. ) ;
#3403 = ORIENTED_EDGE ( 'NONE', *, *, #577, .F. ) ;
#3404 = AXIS2_PLACEMENT_3D ( 'NONE', #7891, #1050, #387 ) ;
#3405 = EDGE_CURVE ( 'NONE', #5268, #7751, #34, .T. ) ;
#3406 = CARTESIAN_POINT ( 'NONE',  ( -13.48358945513041363, -14.09036303283908964, -22.13235975456258942 ) ) ;
#3407 = CARTESIAN_POINT ( 'NONE',  ( -12.81600033102400538, 15.53754410310244793, -43.38750782524347471 ) ) ;
#3408 = ORIENTED_EDGE ( 'NONE', *, *, #1783, .T. ) ;
#3409 = EDGE_CURVE ( 'NONE', #8795, #5349, #1730, .T. ) ;
#3410 = FACE_OUTER_BOUND ( 'NONE', #3131, .T. ) ;
#3411 = CARTESIAN_POINT ( 'NONE',  ( -12.15587694596483992, 15.78498645038317250, -43.53789320081964576 ) ) ;
#3412 = EDGE_CURVE ( 'NONE', #3238, #4646, #4058, .T. ) ;
#3413 = LINE ( 'NONE', #6154, #3375 ) ;
#3414 = CARTESIAN_POINT ( 'NONE',  ( -12.19083461222125031, -14.68197569938393343, -43.29634816116375617 ) ) ;
#3415 = VERTEX_POINT ( 'NONE', #6604 ) ;
#3416 =( BOUNDED_CURVE ( )  B_SPLINE_CURVE ( 2, ( #1389, #6858, #4174 ),
 .UNSPECIFIED., .F., .F. ) 
 B_SPLINE_CURVE_WITH_KNOTS ( ( 3, 3 ),
 ( 0.000000000000000000, 1.000000000000000000 ),
 .UNSPECIFIED. ) 
 CURVE ( )  GEOMETRIC_REPRESENTATION_ITEM ( )  RATIONAL_B_SPLINE_CURVE ( ( 1.000000000000000000, 0.7071067811865477948, 1.000000000000000000 ) ) 
 REPRESENTATION_ITEM ( '' )  );
#3417 = EDGE_LOOP ( 'NONE', ( #2597, #8564, #8787, #2116 ) ) ;
#3418 = VECTOR ( 'NONE', #8144, 1000.000000000000000 ) ;
#3419 = ADVANCED_FACE ( 'NONE', ( #3977 ), #8073, .F. ) ;
#3420 = CARTESIAN_POINT ( 'NONE',  ( -15.00000000000000000, -115.7360491296796567, 34.41839629057731997 ) ) ;
#3421 = LINE ( 'NONE', #827, #2544 ) ;
#3422 = ORIENTED_EDGE ( 'NONE', *, *, #569, .T. ) ;
#3423 = PLANE ( 'NONE',  #253 ) ;
#3424 = EDGE_CURVE ( 'NONE', #7672, #4176, #7323, .T. ) ;
#3425 = CARTESIAN_POINT ( 'NONE',  ( -15.07449932824915173, -90.83817211593597563, 18.07064690521800543 ) ) ;
#3426 = LINE ( 'NONE', #6882, #1252 ) ;
#3427 = CARTESIAN_POINT ( 'NONE',  ( 41.21423633095623984, -48.42838073599382653, -12.48934260663897966 ) ) ;
#3428 = ORIENTED_EDGE ( 'NONE', *, *, #6474, .T. ) ;
#3429 = CARTESIAN_POINT ( 'NONE',  ( -11.45643923738952097, 17.53753649573836881, -45.29634816116374196 ) ) ;
#3430 = CARTESIAN_POINT ( 'NONE',  ( -6.034157695556128687, -79.63623670357362982, 2.727723340682705722 ) ) ;
#3431 = CARTESIAN_POINT ( 'NONE',  ( -19.76657000559823274, -12.46246350426197580, -21.29634816116374907 ) ) ;
#3432 = CARTESIAN_POINT ( 'NONE',  ( -12.05950514959808118, -14.78625252289114300, -43.75199726624030205 ) ) ;
#3433 = ORIENTED_EDGE ( 'NONE', *, *, #4676, .T. ) ;
#3434 = VERTEX_POINT ( 'NONE', #4696 ) ;
#3435 = CARTESIAN_POINT ( 'NONE',  ( 12.40000000000000036, -43.11520150610495961, 9.906627984094292572 ) ) ;
#3436 = B_SPLINE_CURVE_WITH_KNOTS ( 'NONE', 3,
 ( #6164, #2713, #4780, #6124, #5360, #8070, #4692, #7456, #607, #5500 ),
 .UNSPECIFIED., .F., .F.,
 ( 4, 2, 2, 2, 4 ),
 ( 0.000000000000000000, 0.4999999999999997224, 0.7499999999999998890, 0.8750000000000001110, 1.000000000000000000 ),
 .UNSPECIFIED. ) ;
#3437 = CARTESIAN_POINT ( 'NONE',  ( -3.184081677783118191E-15, 0.5375364957382012809, -21.29634816116374907 ) ) ;
#3438 = CARTESIAN_POINT ( 'NONE',  ( -15.00455547365309172, -93.49724588894035548, 20.00814953026695164 ) ) ;
#3439 = DIRECTION ( 'NONE',  ( 0.000000000000000000, 0.7095845552022339575, 0.7046202942141588377 ) ) ;
#3440 = FACE_OUTER_BOUND ( 'NONE', #6371, .T. ) ;
#3441 = EDGE_LOOP ( 'NONE', ( #4217, #6891, #7526, #3445 ) ) ;
#3442 = CARTESIAN_POINT ( 'NONE',  ( 0.000000000000000000, -35.46196169864643366, -19.76710446419227551 ) ) ;
#3443 = CARTESIAN_POINT ( 'NONE',  ( -3.089670827592271518, -100.5187668141805517, 10.47024997053888917 ) ) ;
#3444 = EDGE_CURVE ( 'NONE', #1003, #5827, #4562, .T. ) ;
#3445 = ORIENTED_EDGE ( 'NONE', *, *, #5331, .F. ) ;
#3446 = VERTEX_POINT ( 'NONE', #7280 ) ;
#3447 = CARTESIAN_POINT ( 'NONE',  ( -20.11491050107657230, 15.33520213651449815, -22.41004507223209430 ) ) ;
#3448 = CARTESIAN_POINT ( 'NONE',  ( -17.73449283800705700, 21.67040086569150503, -45.29634816116372065 ) ) ;
#3449 = ORIENTED_EDGE ( 'NONE', *, *, #6325, .T. ) ;
#3450 = LINE ( 'NONE', #1273, #6500 ) ;
#3451 = DIRECTION ( 'NONE',  ( 1.000000000000000000, -0.000000000000000000, -0.000000000000000000 ) ) ;
#3452 = CARTESIAN_POINT ( 'NONE',  ( -21.60893281782365705, 27.90720696255279520, -29.66802143095406308 ) ) ;
#3453 = ORIENTED_EDGE ( 'NONE', *, *, #7509, .T. ) ;
#3454 = ADVANCED_FACE ( 'NONE', ( #1142 ), #2794, .F. ) ;
#3455 = CARTESIAN_POINT ( 'NONE',  ( -15.05329515040384081, -25.30698846260797907, -43.36036201150573532 ) ) ;
#3456 = CARTESIAN_POINT ( 'NONE',  ( -13.03052708208745791, 15.04490996605476383, -21.31095943816181659 ) ) ;
#3457 = CARTESIAN_POINT ( 'NONE',  ( -23.44999999999999929, -38.77050761575859639, 7.788112739097375226 ) ) ;
#3458 = PLANE ( 'NONE',  #1936 ) ;
#3459 = VERTEX_POINT ( 'NONE', #7835 ) ;
#3460 = VERTEX_POINT ( 'NONE', #1707 ) ;
#3461 = EDGE_CURVE ( 'NONE', #3611, #8634, #2271, .T. ) ;
#3462 = CARTESIAN_POINT ( 'NONE',  ( -15.47399955415471418, 13.83550720858117700, -21.31766673916837007 ) ) ;
#3463 = DIRECTION ( 'NONE',  ( 1.000000000000000000, 0.000000000000000000, 0.000000000000000000 ) ) ;
#3464 = ORIENTED_EDGE ( 'NONE', *, *, #407, .F. ) ;
#3465 = ADVANCED_FACE ( 'NONE', ( #5391 ), #6057, .T. ) ;
#3466 = CARTESIAN_POINT ( 'NONE',  ( -15.23483103324572419, -34.97253510036847501, -22.56607999320911873 ) ) ;
#3467 = EDGE_CURVE ( 'NONE', #4256, #5989, #3016, .T. ) ;
#3468 = CARTESIAN_POINT ( 'NONE',  ( 23.44999999999999929, -21.09485488504712336, 26.02265642327425965 ) ) ;
#3469 = LINE ( 'NONE', #3561, #2534 ) ;
#3470 =( BOUNDED_SURFACE ( )  B_SPLINE_SURFACE ( 2, 3, ( 
 ( #154, #2887, #5627, #8332, #3599, #6330, #8375, #2256 ),
 ( #736, #3731, #5091, #7876, #286, #3775, #7795, #4412 ),
 ( #3060, #2301, #7090, #5796, #1709, #1626, #7129, #372 ) ),
 .UNSPECIFIED., .F., .F., .F. ) 
 B_SPLINE_SURFACE_WITH_KNOTS ( ( 3, 3 ),
 ( 4, 2, 2, 4 ),
 ( 0.000000000000000000, 1.000000000000000000 ),
 ( 0.8085014496793279104, 0.8261364787386058506, 0.8437715077978836797, 0.8790415659164394491 ),
 .UNSPECIFIED. ) 
 GEOMETRIC_REPRESENTATION_ITEM ( )  RATIONAL_B_SPLINE_SURFACE ( (
 ( 1.000000000000000000, 1.000000000000000000, 1.000000000000000000, 1.000000000000000000, 1.000000000000000000, 1.000000000000000000, 1.000000000000000000, 1.000000000000000000),
 ( 0.7161378034398292458, 0.7173188943454991140, 0.7183142394126932340, 0.7200670501565517023, 0.7208532498818803758, 0.7229140448549904452, 0.7239052843863403863, 0.7245165831765564279),
 ( 1.000000000000000000, 1.000000000000000000, 1.000000000000000000, 1.000000000000000000, 1.000000000000000000, 1.000000000000000000, 1.000000000000000000, 1.000000000000000000) ) ) 
 REPRESENTATION_ITEM ( '' )  SURFACE ( )  );
#3471 = CARTESIAN_POINT ( 'NONE',  ( -5.160759810733662079, -89.25001094657928036, 39.90822944696459018 ) ) ;
#3472 = ORIENTED_EDGE ( 'NONE', *, *, #5331, .T. ) ;
#3473 = CARTESIAN_POINT ( 'NONE',  ( -21.45161259951663979, -17.06119867171231164, -22.98585496643089243 ) ) ;
#3474 = VECTOR ( 'NONE', #758, 1000.000000000000000 ) ;
#3475 = CARTESIAN_POINT ( 'NONE',  ( -6.702789537613828230, -77.30230104914156186, 2.344414059612009105 ) ) ;
#3476 = LINE ( 'NONE', #7725, #3492 ) ;
#3477 = DIRECTION ( 'NONE',  ( 0.000000000000000000, 0.000000000000000000, 1.000000000000000000 ) ) ;
#3478 = DIRECTION ( 'NONE',  ( 0.000000000000000000, -0.1736481776669229482, -0.9848077530122093526 ) ) ;
#3479 = EDGE_LOOP ( 'NONE', ( #2437, #2302, #554, #6874 ) ) ;
#3480 = VERTEX_POINT ( 'NONE', #2463 ) ;
#3481 = DIRECTION ( 'NONE',  ( 0.000000000000000000, 0.000000000000000000, -1.000000000000000000 ) ) ;
#3482 = B_SPLINE_CURVE_WITH_KNOTS ( 'NONE', 3,
 ( #4388, #5021, #4934, #4980, #3663, #1646, #5694, #7733, #309, #7104, #7650, #2318, #4342, #7061, #6394, #6438, #264, #2994, #3040, #5775, #8479, #1519, #2234, #2362, #7611, #3618, #8308, #4215, #6939, #807 ),
 .UNSPECIFIED., .F., .F.,
 ( 4, 2, 2, 2, 2, 2, 2, 2, 2, 2, 2, 2, 2, 2, 4 ),
 ( 0.000000000000000000, 0.04999999999999987788, 0.09999999999999975575, 0.1999999999999998723, 0.2999999999999996003, 0.3999999999999997446, 0.4499999999999996225, 0.4999999999999998335, 0.5999999999999999778, 0.7000000000000000666, 0.7499999999999998890, 0.7999999999999998224, 0.8499999999999999778, 0.8999999999999999112, 1.000000000000000000 ),
 .UNSPECIFIED. ) ;
#3483 = CARTESIAN_POINT ( 'NONE',  ( -19.74951876361742009, -12.72425893743436198, -21.30924019412861625 ) ) ;
#3484 = LINE ( 'NONE', #5512, #8628 ) ;
#3485 = DIRECTION ( 'NONE',  ( 0.000000000000000000, 0.000000000000000000, -1.000000000000000000 ) ) ;
#3486 = ORIENTED_EDGE ( 'NONE', *, *, #1140, .F. ) ;
#3487 = CARTESIAN_POINT ( 'NONE',  ( 0.000000000000000000, 26.53753649573820539, -43.29634816116374196 ) ) ;
#3488 = CARTESIAN_POINT ( 'NONE',  ( -5.999999999999998224, -70.68806733567514300, 7.587567390207662577 ) ) ;
#3489 = EDGE_LOOP ( 'NONE', ( #6810, #4489, #6432, #4028 ) ) ;
#3490 = ORIENTED_EDGE ( 'NONE', *, *, #7410, .T. ) ;
#3491 = ADVANCED_FACE ( 'NONE', ( #5038 ), #2335, .T. ) ;
#3492 = VECTOR ( 'NONE', #6928, 1000.000000000000114 ) ;
#3493 = CARTESIAN_POINT ( 'NONE',  ( -20.28874746667096929, 14.75751668809749084, -21.70613331664261381 ) ) ;
#3494 = CARTESIAN_POINT ( 'NONE',  ( -12.17176460170226626, -14.69723267989311211, -43.47608226963042455 ) ) ;
#3495 = EDGE_LOOP ( 'NONE', ( #2393, #566, #379, #1410 ) ) ;
#3496 = CARTESIAN_POINT ( 'NONE',  ( -12.28070532606816379, -14.60956801994436915, -22.62209774381062033 ) ) ;
#3497 = EDGE_CURVE ( 'NONE', #4234, #7245, #2045, .T. ) ;
#3498 = DIRECTION ( 'NONE',  ( 0.000000000000000000, -0.9848077530122094636, 0.1736481776669225041 ) ) ;
#3499 = VECTOR ( 'NONE', #2013, 1000.000000000000000 ) ;
#3500 = VERTEX_POINT ( 'NONE', #8226 ) ;
#3501 = LINE ( 'NONE', #2834, #394 ) ;
#3502 = CARTESIAN_POINT ( 'NONE',  ( -13.70285664230215161, 14.41307047366565719, -20.74366991288311368 ) ) ;
#3503 = CARTESIAN_POINT ( 'NONE',  ( -22.46391501671482516, -45.81028291742331504, 15.43158802565635668 ) ) ;
#3504 = PLANE ( 'NONE',  #2507 ) ;
#3505 = VECTOR ( 'NONE', #3991, 1000.000000000000000 ) ;
#3506 = ORIENTED_EDGE ( 'NONE', *, *, #567, .T. ) ;
#3507 = VECTOR ( 'NONE', #298, 1000.000000000000000 ) ;
#3508 = CARTESIAN_POINT ( 'NONE',  ( -10.96856042333312153, 16.66043969196919505, -44.29634351899807854 ) ) ;
#3509 = CARTESIAN_POINT ( 'NONE',  ( -17.53068050820106549, 30.22642330811765277, -23.77596164592430483 ) ) ;
#3510 = ORIENTED_EDGE ( 'NONE', *, *, #4676, .F. ) ;
#3511 = DIRECTION ( 'NONE',  ( -1.000000000000000000, -0.000000000000000000, -0.000000000000000000 ) ) ;
#3512 = CARTESIAN_POINT ( 'NONE',  ( 11.99999999999997158, -119.4571793330561178, 36.63996838842680148 ) ) ;
#3513 = VECTOR ( 'NONE', #7447, 1000.000000000000114 ) ;
#3514 = FACE_OUTER_BOUND ( 'NONE', #1223, .T. ) ;
#3515 = VECTOR ( 'NONE', #4181, 1000.000000000000000 ) ;
#3516 = LINE ( 'NONE', #6968, #1395 ) ;
#3517 = CARTESIAN_POINT ( 'NONE',  ( -15.00000000000000000, -139.1915871429198432, 40.89621654777891990 ) ) ;
#3518 = VERTEX_POINT ( 'NONE', #3225 ) ;
#3519 = CARTESIAN_POINT ( 'NONE',  ( -15.00000000000000000, -130.4704939328017872, 37.72199820903487932 ) ) ;
#3520 = CARTESIAN_POINT ( 'NONE',  ( -14.10000000000000142, -58.35475180145950702, -2.761313125745553432 ) ) ;
#3521 = EDGE_CURVE ( 'NONE', #5165, #8455, #3325, .T. ) ;
#3522 = CARTESIAN_POINT ( 'NONE',  ( -15.61330511471666860, -75.13363841131543097, 32.95420677792557740 ) ) ;
#3523 = CARTESIAN_POINT ( 'NONE',  ( -15.72739039502742209, -77.24642305143443366, 26.04948562518106669 ) ) ;
#3524 = CARTESIAN_POINT ( 'NONE',  ( -12.69974704065237958, -14.64734304873423199, -44.13710770113250703 ) ) ;
#3525 = VERTEX_POINT ( 'NONE', #7340 ) ;
#3526 = VERTEX_POINT ( 'NONE', #4797 ) ;
#3527 = CARTESIAN_POINT ( 'NONE',  ( 2.499999999999999781E-05, 15.53753649573837059, -43.29634816116374196 ) ) ;
#3528 = CARTESIAN_POINT ( 'NONE',  ( -5.047478543086478808, -89.82549450763292498, 40.19172477972283986 ) ) ;
#3529 = CARTESIAN_POINT ( 'NONE',  ( -9.099999999999997868, -46.25982028992389417, -5.338803418062273209 ) ) ;
#3530 = FACE_OUTER_BOUND ( 'NONE', #2189, .T. ) ;
#3531 = ORIENTED_EDGE ( 'NONE', *, *, #722, .T. ) ;
#3532 = DIRECTION ( 'NONE',  ( 1.000000000000000000, 0.000000000000000000, -0.000000000000000000 ) ) ;
#3533 = CARTESIAN_POINT ( 'NONE',  ( -12.31541871342054861, 15.65643076142906054, -22.50441391724000084 ) ) ;
#3534 = EDGE_CURVE ( 'NONE', #3280, #588, #3860, .T. ) ;
#3535 = ORIENTED_EDGE ( 'NONE', *, *, #8647, .T. ) ;
#3536 = VECTOR ( 'NONE', #4157, 1000.000000000000000 ) ;
#3537 = ADVANCED_FACE ( 'NONE', ( #3180 ), #449, .F. ) ;
#3538 = CARTESIAN_POINT ( 'NONE',  ( -21.95930522510519012, -34.64506605826852592, -15.86119006379795415 ) ) ;
#3539 = CARTESIAN_POINT ( 'NONE',  ( -22.63306085348309082, 13.48663614815320777, -19.00767794529166110 ) ) ;
#3540 = LINE ( 'NONE', #4350, #6540 ) ;
#3541 = VECTOR ( 'NONE', #2724, 1000.000000000000114 ) ;
#3542 = ORIENTED_EDGE ( 'NONE', *, *, #403, .F. ) ;
#3543 = VECTOR ( 'NONE', #6999, 1000.000000000000000 ) ;
#3544 = CARTESIAN_POINT ( 'NONE',  ( -12.19083461222123432, -14.68197569938394231, -23.29634816116374907 ) ) ;
#3545 = CARTESIAN_POINT ( 'NONE',  ( -17.84563141639565487, 31.47010291109261004, -21.12995397907485184 ) ) ;
#3546 = EDGE_CURVE ( 'NONE', #3500, #7801, #4844, .T. ) ;
#3547 = EDGE_LOOP ( 'NONE', ( #5607, #82, #124, #900 ) ) ;
#3548 = CARTESIAN_POINT ( 'NONE',  ( -13.28795163315295014, -13.84912214955747345, -21.29634816116374552 ) ) ;
#3549 = AXIS2_PLACEMENT_3D ( 'NONE', #6345, #209, #2861 ) ;
#3550 = CARTESIAN_POINT ( 'NONE',  ( -12.85464141326607823, 15.51685696324321562, -23.00656556908635508 ) ) ;
#3551 = CARTESIAN_POINT ( 'NONE',  ( -21.62066413166712309, -49.75147315742331955, 18.73863930243888021 ) ) ;
#3552 = CARTESIAN_POINT ( 'NONE',  ( 78.44999999999998863, -96.25938618534011937, 43.36119543977545021 ) ) ;
#3553 = ORIENTED_EDGE ( 'NONE', *, *, #3409, .T. ) ;
#3554 = ORIENTED_EDGE ( 'NONE', *, *, #4140, .T. ) ;
#3555 = CARTESIAN_POINT ( 'NONE',  ( -15.22938338087824839, 14.01978577927140179, -21.35435039140722679 ) ) ;
#3556 = AXIS2_PLACEMENT_3D ( 'NONE', #1684, #8023, #4695 ) ;
#3557 = EDGE_CURVE ( 'NONE', #2693, #6623, #5916, .T. ) ;
#3558 = VERTEX_POINT ( 'NONE', #5962 ) ;
#3559 = CARTESIAN_POINT ( 'NONE',  ( -10.70205166274274333, -66.46367145505251983, -1.807991751991009588 ) ) ;
#3560 = CARTESIAN_POINT ( 'NONE',  ( -16.79573350745395999, -20.52865945483208776, -45.29634816116374907 ) ) ;
#3561 = CARTESIAN_POINT ( 'NONE',  ( 0.000000000000000000, -19.29246764274143544, -4.315459680471443349 ) ) ;
#3562 = DIRECTION ( 'NONE',  ( 0.000000000000000000, 0.7660444431189820103, -0.6427876096865347000 ) ) ;
#3563 = ORIENTED_EDGE ( 'NONE', *, *, #4669, .T. ) ;
#3564 = CARTESIAN_POINT ( 'NONE',  ( -15.00000000000000000, -122.1238203086651595, 49.72927226723100347 ) ) ;
#3565 = CARTESIAN_POINT ( 'NONE',  ( -21.92731913537242860, -14.80729970222076375, -19.61265678023186965 ) ) ;
#3566 = CARTESIAN_POINT ( 'NONE',  ( -19.24024914908697070, -14.39849665884793239, -22.77778230631269452 ) ) ;
#3567 = CARTESIAN_POINT ( 'NONE',  ( -23.44999999999999218, -34.90548628911400897, 5.037809734445605869 ) ) ;
#3568 = CARTESIAN_POINT ( 'NONE',  ( -12.23965612195644326, -15.35274211728517457, -44.96129396408263545 ) ) ;
#3569 = EDGE_LOOP ( 'NONE', ( #2117, #2854, #5695, #8753 ) ) ;
#3570 = CARTESIAN_POINT ( 'NONE',  ( -14.24999999999999822, 30.98458179031144866, -11.14980678216003618 ) ) ;
#3571 = EDGE_CURVE ( 'NONE', #5159, #5861, #493, .T. ) ;
#3572 = CARTESIAN_POINT ( 'NONE',  ( -14.99999999999883293, -89.37595020959896885, 39.97026978259315655 ) ) ;
#3573 = DIRECTION ( 'NONE',  ( 0.000000000000000000, -0.3420201433256687684, -0.9396926207859084279 ) ) ;
#3574 = DIRECTION ( 'NONE',  ( 0.000000000000000000, 0.9396926207859086499, -0.3420201433256682133 ) ) ;
#3575 = EDGE_LOOP ( 'NONE', ( #6147, #5361, #7403, #1871, #2635 ) ) ;
#3576 = DIRECTION ( 'NONE',  ( -1.000000000000000000, -0.000000000000000000, -0.000000000000000000 ) ) ;
#3577 = EDGE_CURVE ( 'NONE', #925, #7699, #7515, .T. ) ;
#3578 = CARTESIAN_POINT ( 'NONE',  ( -12.39811334357028905, 15.58870668243348767, -22.27957370554075567 ) ) ;
#3579 = ORIENTED_EDGE ( 'NONE', *, *, #7913, .T. ) ;
#3580 = ADVANCED_FACE ( 'NONE', ( #3440 ), #1203, .T. ) ;
#3581 = EDGE_CURVE ( 'NONE', #2160, #3949, #5792, .T. ) ;
#3582 = CARTESIAN_POINT ( 'NONE',  ( -21.94770558397170745, -34.40188053007299374, -15.99601316837130938 ) ) ;
#3583 = B_SPLINE_CURVE_WITH_KNOTS ( 'NONE', 3,
 ( #8015, #5353, #648, #3370, #4595, #7408, #6117, #8154 ),
 .UNSPECIFIED., .F., .F.,
 ( 4, 2, 2, 4 ),
 ( 0.000000000000000000, 0.002539863080690803274, 0.003809794621036202960, 0.005079726161381603079 ),
 .UNSPECIFIED. ) ;
#3584 = CARTESIAN_POINT ( 'NONE',  ( -22.55793525282748746, 16.51146396747152068, -20.13650927818278547 ) ) ;
#3585 = CARTESIAN_POINT ( 'NONE',  ( -15.00000000000000000, -122.7932753143338545, 32.39628484798422647 ) ) ;
#3586 = ORIENTED_EDGE ( 'NONE', *, *, #2445, .F. ) ;
#3587 = CARTESIAN_POINT ( 'NONE',  ( -19.94423420603397190, 15.52464446276646015, -23.03455272795594766 ) ) ;
#3588 = CARTESIAN_POINT ( 'NONE',  ( -13.01055518142983303, -14.35728331270658842, -22.65509845845604175 ) ) ;
#3589 = EDGE_CURVE ( 'NONE', #7191, #6623, #1117, .T. ) ;
#3590 = DIRECTION ( 'NONE',  ( -1.000000000000000000, 0.000000000000000000, 0.000000000000000000 ) ) ;
#3591 = EDGE_LOOP ( 'NONE', ( #7884, #817, #7792, #6766 ) ) ;
#3592 = CARTESIAN_POINT ( 'NONE',  ( -6.749269901708617958, -126.7748532574671003, 43.87239565970069322 ) ) ;
#3593 = CARTESIAN_POINT ( 'NONE',  ( -12.33456095222648585, 15.64082487577854508, -22.44684832882187919 ) ) ;
#3594 = CARTESIAN_POINT ( 'NONE',  ( -20.77604580378485721, -52.81348077258770957, 21.30796876298535736 ) ) ;
#3595 = CARTESIAN_POINT ( 'NONE',  ( -11.45643923738951386, -16.46246350426196869, -45.29634816116374907 ) ) ;
#3596 = ORIENTED_EDGE ( 'NONE', *, *, #2096, .T. ) ;
#3597 = EDGE_LOOP ( 'NONE', ( #315, #1581, #6864, #1604, #8759, #5549 ) ) ;
#3598 = CARTESIAN_POINT ( 'NONE',  ( -12.91048508637899772, 15.48678923322539269, -22.84684788292921809 ) ) ;
#3599 = CARTESIAN_POINT ( 'NONE',  ( -20.56382452842841246, -61.19804973827540806, 5.407011055276652378 ) ) ;
#3600 = ORIENTED_EDGE ( 'NONE', *, *, #5044, .T. ) ;
#3601 = CARTESIAN_POINT ( 'NONE',  ( 0.000000000000000000, -59.22789547348781980, 26.69030177272813020 ) ) ;
#3602 = CARTESIAN_POINT ( 'NONE',  ( -16.58246250791178866, -68.47573229189866595, 30.05623910598076165 ) ) ;
#3603 = CARTESIAN_POINT ( 'NONE',  ( -22.83101906800076364, -47.76978312703381135, -6.637430358678487963 ) ) ;
#3604 = CARTESIAN_POINT ( 'NONE',  ( -12.82585338415944953, -14.15105185600268456, -21.55036555124691944 ) ) ;
#3605 = CARTESIAN_POINT ( 'NONE',  ( -38.93495131869238435, 40.66562635607259324, -22.97931126108426270 ) ) ;
#3606 = ORIENTED_EDGE ( 'NONE', *, *, #5277, .F. ) ;
#3607 = CARTESIAN_POINT ( 'NONE',  ( -1.033059769074210266, -57.40202350576512202, 24.66787535442528778 ) ) ;
#3608 = CARTESIAN_POINT ( 'NONE',  ( -15.00000000000001066, -89.96954021281588609, 29.99080047878765498 ) ) ;
#3609 = CARTESIAN_POINT ( 'NONE',  ( -4.000000000000000000, -29.51440953603716366, -9.316413829083826315 ) ) ;
#3610 = CARTESIAN_POINT ( 'NONE',  ( -21.96382481641765594, -55.88006916046671080, 1.220355759464604173 ) ) ;
#3611 = VERTEX_POINT ( 'NONE', #4127 ) ;
#3612 = DIRECTION ( 'NONE',  ( 1.000000000000000000, -0.000000000000000000, -0.000000000000000000 ) ) ;
#3613 = CARTESIAN_POINT ( 'NONE',  ( -15.00000000000000000, -91.81850816857095765, 30.55335879174044678 ) ) ;
#3614 = VECTOR ( 'NONE', #7341, 1000.000000000000000 ) ;
#3615 = CARTESIAN_POINT ( 'NONE',  ( -12.00000000000008704, -137.5776988991053145, 38.02082705477506863 ) ) ;
#3616 = PLANE ( 'NONE',  #5340 ) ;
#3617 = ORIENTED_EDGE ( 'NONE', *, *, #1277, .T. ) ;
#3618 = CARTESIAN_POINT ( 'NONE',  ( -22.11170623371415545, -38.07310371770983437, -14.04874923370377537 ) ) ;
#3619 = EDGE_CURVE ( 'NONE', #6171, #7191, #6581, .T. ) ;
#3620 = VERTEX_POINT ( 'NONE', #8176 ) ;
#3621 = ORIENTED_EDGE ( 'NONE', *, *, #8554, .F. ) ;
#3622 = VECTOR ( 'NONE', #5415, 999.9999999999998863 ) ;
#3623 = CARTESIAN_POINT ( 'NONE',  ( -5.999999999999998224, -11.31787079359410875, -12.52495456488326830 ) ) ;
#3624 = CARTESIAN_POINT ( 'NONE',  ( -15.00000000000000000, -127.6759711431652846, 33.80977257600451225 ) ) ;
#3625 = EDGE_LOOP ( 'NONE', ( #655, #2758, #6076, #83, #2602, #6597 ) ) ;
#3626 = CARTESIAN_POINT ( 'NONE',  ( -0.1652360044470616851, -33.99686541749384361, -23.21194410569026445 ) ) ;
#3627 = CARTESIAN_POINT ( 'NONE',  ( -13.49016681584012289, -14.08975614460745263, -22.13817969659574558 ) ) ;
#3628 = EDGE_CURVE ( 'NONE', #271, #8016, #715, .T. ) ;
#3629 = EDGE_CURVE ( 'NONE', #8766, #8003, #1838, .T. ) ;
#3630 = CARTESIAN_POINT ( 'NONE',  ( -23.12965337606870264, 27.49651144841111616, -17.54182571534757784 ) ) ;
#3631 = ORIENTED_EDGE ( 'NONE', *, *, #2365, .F. ) ;
#3632 = CARTESIAN_POINT ( 'NONE',  ( -15.00000000000000355, -100.7621118325065339, 44.45718777542829514 ) ) ;
#3633 = CARTESIAN_POINT ( 'NONE',  ( -14.24404440307437625, 14.70063145169549124, -21.66425576737555048 ) ) ;
#3634 = CARTESIAN_POINT ( 'NONE',  ( -9.099999999999999645, -51.37579633631954579, -6.267618961749018780 ) ) ;
#3635 = CARTESIAN_POINT ( 'NONE',  ( -12.03395904988918552, -15.65497420333522527, -45.12690506005301927 ) ) ;
#3636 = ORIENTED_EDGE ( 'NONE', *, *, #4751, .F. ) ;
#3637 = ORIENTED_EDGE ( 'NONE', *, *, #1398, .F. ) ;
#3638 = CARTESIAN_POINT ( 'NONE',  ( -14.85659890898958757, 14.28799491213540840, -21.44221969084448531 ) ) ;
#3639 = CARTESIAN_POINT ( 'NONE',  ( -6.749269901708617958, -126.7748532574671003, 43.87239565970069322 ) ) ;
#3640 = VECTOR ( 'NONE', #6707, 1000.000000000000000 ) ;
#3641 = ORIENTED_EDGE ( 'NONE', *, *, #7005, .F. ) ;
#3642 = CARTESIAN_POINT ( 'NONE',  ( -15.37197637160816299, -31.16849184849899856, -25.58692287328226556 ) ) ;
#3643 = CARTESIAN_POINT ( 'NONE',  ( 23.44999999999999929, 26.53753649573820894, -40.29634816116373486 ) ) ;
#3644 = CIRCLE ( 'NONE', #5232, 20.50000000000009948 ) ;
#3645 = CARTESIAN_POINT ( 'NONE',  ( -12.31541871342048999, -14.58135776995270483, -22.50441391723999018 ) ) ;
#3646 = CARTESIAN_POINT ( 'NONE',  ( -5.671974767593654931, -86.52567134008968708, 38.56616233061781429 ) ) ;
#3647 = VECTOR ( 'NONE', #4711, 1000.000000000000000 ) ;
#3648 = ORIENTED_EDGE ( 'NONE', *, *, #4259, .T. ) ;
#3649 = CARTESIAN_POINT ( 'NONE',  ( -15.00000000000000000, -123.9247955812247000, 50.26550289446539210 ) ) ;
#3650 = CARTESIAN_POINT ( 'NONE',  ( 23.44999999999999929, -131.6063315319960054, -40.84800526008675092 ) ) ;
#3651 = ADVANCED_FACE ( 'NONE', ( #4578 ), #6895, .F. ) ;
#3652 = CARTESIAN_POINT ( 'NONE',  ( -8.657851095430741495, -73.39533097835824549, 32.09787989477754167 ) ) ;
#3653 = DIRECTION ( 'NONE',  ( -0.000000000000000000, -0.000000000000000000, 1.000000000000000000 ) ) ;
#3654 = AXIS2_PLACEMENT_3D ( 'NONE', #8415, #4951, #2296 ) ;
#3655 =( BOUNDED_CURVE ( )  B_SPLINE_CURVE ( 2, ( #7411, #1700, #4358 ),
 .UNSPECIFIED., .F., .F. ) 
 B_SPLINE_CURVE_WITH_KNOTS ( ( 3, 3 ),
 ( 0.000000000000000000, 1.000000000000000000 ),
 .UNSPECIFIED. ) 
 CURVE ( )  GEOMETRIC_REPRESENTATION_ITEM ( )  RATIONAL_B_SPLINE_CURVE ( ( 1.000000000000000000, 0.6860556961355879224, 1.000000000000000000 ) ) 
 REPRESENTATION_ITEM ( '' )  );
#3656 = CARTESIAN_POINT ( 'NONE',  ( -22.61826009352185096, -52.48106056900290639, -1.557064025103158000 ) ) ;
#3657 = VECTOR ( 'NONE', #1144, 1000.000000000000000 ) ;
#3658 = VERTEX_POINT ( 'NONE', #5564 ) ;
#3659 = CARTESIAN_POINT ( 'NONE',  ( -8.657851095430727284, -73.39533097835840181, 32.09787989477761272 ) ) ;
#3660 = CARTESIAN_POINT ( 'NONE',  ( -15.00000000000000711, -85.89756278093668129, 38.25674281451669856 ) ) ;
#3661 = CARTESIAN_POINT ( 'NONE',  ( -15.00000000000000000, -90.64782171277914813, 30.19837104250939674 ) ) ;
#3662 = LINE ( 'NONE', #5156, #8032 ) ;
#3663 = CARTESIAN_POINT ( 'NONE',  ( -22.74924559936156143, -46.91275470222622346, -7.436713566223793315 ) ) ;
#3664 = CARTESIAN_POINT ( 'NONE',  ( -14.86769199762129645, -39.74182205604829932, -20.37394827230445671 ) ) ;
#3665 = VERTEX_POINT ( 'NONE', #7298 ) ;
#3666 = VECTOR ( 'NONE', #6573, 1000.000000000000114 ) ;
#3667 = CARTESIAN_POINT ( 'NONE',  ( -14.70700594834913844, 24.53753649573820184, -45.29634816116374196 ) ) ;
#3668 = DIRECTION ( 'NONE',  ( -1.000000000000000000, 0.000000000000000000, 0.000000000000000000 ) ) ;
#3669 = CARTESIAN_POINT ( 'NONE',  ( -11.89834508296779347, -14.91172566402991784, -43.94828448608327420 ) ) ;
#3670 = EDGE_LOOP ( 'NONE', ( #6738, #6060, #1611, #2466, #419 ) ) ;
#3671 = CARTESIAN_POINT ( 'NONE',  ( -20.35162379509359454, 13.66843692126033893, -21.29633934203438272 ) ) ;
#3672 = CARTESIAN_POINT ( 'NONE',  ( -14.25099271741516027, -13.62693549394568571, -21.67241622934623635 ) ) ;
#3673 = DIRECTION ( 'NONE',  ( -0.000000000000000000, 0.9848077530122093526, -0.1736481776669229482 ) ) ;
#3674 = ORIENTED_EDGE ( 'NONE', *, *, #221, .T. ) ;
#3675 = ORIENTED_EDGE ( 'NONE', *, *, #8474, .F. ) ;
#3676 = CARTESIAN_POINT ( 'NONE',  ( -15.00000000000259170, -92.53971142299040764, 41.51211883245767353 ) ) ;
#3677 = CARTESIAN_POINT ( 'NONE',  ( -21.58334415447101051, -57.47830971295915248, 2.547588195108353215 ) ) ;
#3678 = DIRECTION ( 'NONE',  ( 1.000000000000000000, -0.000000000000000000, -0.000000000000000000 ) ) ;
#3679 = VECTOR ( 'NONE', #6593, 1000.000000000000000 ) ;
#3680 = EDGE_CURVE ( 'NONE', #1343, #1831, #6220, .T. ) ;
#3681 = CARTESIAN_POINT ( 'NONE',  ( -19.65137614678898359, -64.06520621715297636, 7.305742657561224540 ) ) ;
#3682 = ADVANCED_FACE ( 'NONE', ( #804 ), #4303, .F. ) ;
#3683 = CARTESIAN_POINT ( 'NONE',  ( -23.44999999999999929, -34.75827009701470871, 6.157848144283615710 ) ) ;
#3684 = VECTOR ( 'NONE', #1993, 1000.000000000000114 ) ;
#3685 = LINE ( 'NONE', #2791, #7511 ) ;
#3686 = ORIENTED_EDGE ( 'NONE', *, *, #7570, .F. ) ;
#3687 = VERTEX_POINT ( 'NONE', #3615 ) ;
#3688 = CARTESIAN_POINT ( 'NONE',  ( -1.123582429141917860, -120.4859869534278261, 49.30024030737041585 ) ) ;
#3689 = CARTESIAN_POINT ( 'NONE',  ( -11.94086483566843349, 15.95398189247608123, -43.90666610418847426 ) ) ;
#3690 = FACE_OUTER_BOUND ( 'NONE', #6725, .T. ) ;
#3691 = ORIENTED_EDGE ( 'NONE', *, *, #7028, .T. ) ;
#3692 = EDGE_CURVE ( 'NONE', #4351, #4398, #2183, .T. ) ;
#3693 = CARTESIAN_POINT ( 'NONE',  ( -21.06168536980207406, -25.12287346862336790, -24.65506789210489558 ) ) ;
#3694 = AXIS2_PLACEMENT_3D ( 'NONE', #458, #7797, #1669 ) ;
#3695 = EDGE_CURVE ( 'NONE', #5768, #2480, #7059, .T. ) ;
#3696 = CARTESIAN_POINT ( 'NONE',  ( 25.00505927025263730, -6.012463504261799763, -21.29634816116374907 ) ) ;
#3697 = DIRECTION ( 'NONE',  ( 0.000000000000000000, 0.000000000000000000, -1.000000000000000000 ) ) ;
#3698 = CARTESIAN_POINT ( 'NONE',  ( -5.586750802989270070, -86.99209633547599196, 38.79593311508940445 ) ) ;
#3699 = DIRECTION ( 'NONE',  ( 0.000000000000000000, 0.000000000000000000, -1.000000000000000000 ) ) ;
#3700 = ORIENTED_EDGE ( 'NONE', *, *, #6398, .T. ) ;
#3701 = DIRECTION ( 'NONE',  ( -0.000000000000000000, 0.9063077870366528233, 0.4226182617406931685 ) ) ;
#3702 = AXIS2_PLACEMENT_3D ( 'NONE', #4050, #74, #2128 ) ;
#3703 = CARTESIAN_POINT ( 'NONE',  ( 23.28325370891903745, -116.1242084823501983, 39.94962174011556044 ) ) ;
#3704 = CARTESIAN_POINT ( 'NONE',  ( -14.46299297332014255, 14.38055410536754053, -21.29634849480848047 ) ) ;
#3705 = EDGE_CURVE ( 'NONE', #7245, #3295, #5637, .T. ) ;
#3706 = DIRECTION ( 'NONE',  ( 1.000000000000000000, 0.000000000000000000, 0.000000000000000000 ) ) ;
#3707 = ORIENTED_EDGE ( 'NONE', *, *, #7999, .T. ) ;
#3708 = DIRECTION ( 'NONE',  ( -0.000000000000000000, 0.1736481776669233090, 0.9848077530122093526 ) ) ;
#3709 = CARTESIAN_POINT ( 'NONE',  ( -15.00000000000000000, -92.79996961649939635, 30.84682008480255533 ) ) ;
#3710 = CARTESIAN_POINT ( 'NONE',  ( -15.00000000000000000, -93.12185724959418565, 30.94209073092055462 ) ) ;
#3711 = CARTESIAN_POINT ( 'NONE',  ( 0.000000000000000000, -33.09618205133632785, -20.57524223733080859 ) ) ;
#3712 =( BOUNDED_CURVE ( )  B_SPLINE_CURVE ( 2, ( #1369, #1992, #3377 ),
 .UNSPECIFIED., .F., .F. ) 
 B_SPLINE_CURVE_WITH_KNOTS ( ( 3, 3 ),
 ( 0.000000000000000000, 1.000000000000000000 ),
 .UNSPECIFIED. ) 
 CURVE ( )  GEOMETRIC_REPRESENTATION_ITEM ( )  RATIONAL_B_SPLINE_CURVE ( ( 1.000000000000000000, 0.7460544685310550594, 1.000000000000000000 ) ) 
 REPRESENTATION_ITEM ( '' )  );
#3713 = CARTESIAN_POINT ( 'NONE',  ( -9.099999999999999645, -71.57304480356395970, 15.90151393524055123 ) ) ;
#3714 = CARTESIAN_POINT ( 'NONE',  ( -14.37413202377994281, -45.82059315724141157, -17.43946572203774537 ) ) ;
#3715 = ORIENTED_EDGE ( 'NONE', *, *, #6609, .F. ) ;
#3716 = CARTESIAN_POINT ( 'NONE',  ( 0.000000000000000000, -45.46246350426179106, -39.59913607114618372 ) ) ;
#3717 = CARTESIAN_POINT ( 'NONE',  ( -14.99999999999999822, -97.74981868377490457, 32.14947470690957942 ) ) ;
#3718 = ORIENTED_EDGE ( 'NONE', *, *, #4043, .T. ) ;
#3719 = CARTESIAN_POINT ( 'NONE',  ( -17.49800904063561191, 16.67712318200222299, -45.11557369995874467 ) ) ;
#3720 = CARTESIAN_POINT ( 'NONE',  ( -14.89802290457634371, -13.18379333188623725, -21.43069403968375397 ) ) ;
#3721 = CARTESIAN_POINT ( 'NONE',  ( -15.00000000000000000, -125.4359081390540922, 33.08806100013262608 ) ) ;
#3722 = ORIENTED_EDGE ( 'NONE', *, *, #7200, .F. ) ;
#3723 = VERTEX_POINT ( 'NONE', #2316 ) ;
#3724 = CARTESIAN_POINT ( 'NONE',  ( -13.96781570782629522, -23.46247600650121612, -45.29634816116373486 ) ) ;
#3725 = DIRECTION ( 'NONE',  ( 0.000000000000000000, 0.9848077530122093526, -0.1736481776669232258 ) ) ;
#3726 = CARTESIAN_POINT ( 'NONE',  ( -1.565237631083106207, -113.7656625217889825, 47.65278226294178410 ) ) ;
#3727 = LINE ( 'NONE', #1705, #8222 ) ;
#3728 = ORIENTED_EDGE ( 'NONE', *, *, #5373, .T. ) ;
#3729 = CARTESIAN_POINT ( 'NONE',  ( -21.78518621768172281, -31.65364188932921863, -17.76878883833738598 ) ) ;
#3730 = CARTESIAN_POINT ( 'NONE',  ( -12.24340829863449365, 16.42222592164284123, -44.95753482992822114 ) ) ;
#3731 = CARTESIAN_POINT ( 'NONE',  ( -19.60733124919415005, -68.07112969902667032, -0.8189748068927935609 ) ) ;
#3732 = EDGE_CURVE ( 'NONE', #2097, #1343, #6307, .T. ) ;
#3733 = ORIENTED_EDGE ( 'NONE', *, *, #1012, .F. ) ;
#3734 = CARTESIAN_POINT ( 'NONE',  ( -21.22337300102408264, -37.71970316815794178, -21.15231252831146946 ) ) ;
#3735 = CARTESIAN_POINT ( 'NONE',  ( 13.65638079047952047, -77.10614032394536821, 10.36215548886946713 ) ) ;
#3736 = CARTESIAN_POINT ( 'NONE',  ( -18.25000000000000000, 27.20581053509669189, -18.75923434280892721 ) ) ;
#3737 = CARTESIAN_POINT ( 'NONE',  ( -14.16036990765918091, -55.52094084028420440, -10.36079201542292694 ) ) ;
#3738 = DIRECTION ( 'NONE',  ( 0.000000000000000000, 0.000000000000000000, -1.000000000000000000 ) ) ;
#3739 = ORIENTED_EDGE ( 'NONE', *, *, #3424, .T. ) ;
#3740 = DIRECTION ( 'NONE',  ( 0.000000000000000000, -0.9463118589240400169, 0.3232551092554114547 ) ) ;
#3741 = EDGE_CURVE ( 'NONE', #2860, #6872, #3942, .T. ) ;
#3742 = DIRECTION ( 'NONE',  ( 0.1251691050984282683, 7.255195703030405294E-17, -0.9921354217690540045 ) ) ;
#3743 = FACE_OUTER_BOUND ( 'NONE', #3174, .T. ) ;
#3744 = EDGE_CURVE ( 'NONE', #2160, #5218, #2446, .T. ) ;
#3745 = CARTESIAN_POINT ( 'NONE',  ( -15.79999999999999893, -62.04926373077444168, 10.25984587044788832 ) ) ;
#3746 = ORIENTED_EDGE ( 'NONE', *, *, #3086, .T. ) ;
#3747 = DIRECTION ( 'NONE',  ( -1.000000000000000000, 0.000000000000000000, 0.000000000000000000 ) ) ;
#3748 = DIRECTION ( 'NONE',  ( -0.000000000000000000, -0.9396926207859083169, 0.3420201433256692680 ) ) ;
#3749 = CARTESIAN_POINT ( 'NONE',  ( -18.65560170865888878, -59.37552359319025186, 25.92094777148850682 ) ) ;
#3750 = DIRECTION ( 'NONE',  ( -0.000000000000000000, 0.000000000000000000, 1.000000000000000000 ) ) ;
#3751 = PLANE ( 'NONE',  #8776 ) ;
#3752 = CARTESIAN_POINT ( 'NONE',  ( -22.04677019118922487, -36.70754567823840375, -14.80424042739088009 ) ) ;
#3753 = B_SPLINE_CURVE_WITH_KNOTS ( 'NONE', 3,
 ( #2216, #4375, #5049, #4920 ),
 .UNSPECIFIED., .F., .F.,
 ( 4, 4 ),
 ( 0.000000000000000000, 1.000000000000000000 ),
 .UNSPECIFIED. ) ;
#3754 = ORIENTED_EDGE ( 'NONE', *, *, #8162, .T. ) ;
#3755 = CARTESIAN_POINT ( 'NONE',  ( -20.45007322136703110, -56.16897991203979501, 17.18441825946943524 ) ) ;
#3756 = CIRCLE ( 'NONE', #7180, 5.000000000000007994 ) ;
#3757 = CARTESIAN_POINT ( 'NONE',  ( 0.000000000000000000, -84.61356077063126691, -17.27896030586277831 ) ) ;
#3758 = FACE_OUTER_BOUND ( 'NONE', #4972, .T. ) ;
#3759 = ORIENTED_EDGE ( 'NONE', *, *, #4434, .F. ) ;
#3760 = CARTESIAN_POINT ( 'NONE',  ( -9.932741254112102069, -69.39972495225521243, 30.39254493103095811 ) ) ;
#3761 = CARTESIAN_POINT ( 'NONE',  ( -15.00000000000000000, -111.0358065946908681, 29.37571714462319505 ) ) ;
#3762 = AXIS2_PLACEMENT_3D ( 'NONE', #3861, #5130, #2464 ) ;
#3763 = EDGE_CURVE ( 'NONE', #5651, #462, #4602, .T. ) ;
#3764 = ORIENTED_EDGE ( 'NONE', *, *, #1339, .F. ) ;
#3765 = CARTESIAN_POINT ( 'NONE',  ( -16.68467080186182017, -21.29354272093128131, -45.29634816116374907 ) ) ;
#3766 = CARTESIAN_POINT ( 'NONE',  ( -20.04746975033396339, -62.86340705211227231, 6.542854291323058291 ) ) ;
#3767 = DIRECTION ( 'NONE',  ( 0.000000000000000000, -1.000000000000000000, 0.000000000000000000 ) ) ;
#3768 = CARTESIAN_POINT ( 'NONE',  ( 0.000000000000000000, -25.46246350426179816, -39.59913607114618372 ) ) ;
#3769 = LINE ( 'NONE', #2381, #4047 ) ;
#3770 = FACE_OUTER_BOUND ( 'NONE', #3996, .T. ) ;
#3771 = ORIENTED_EDGE ( 'NONE', *, *, #953, .F. ) ;
#3772 = EDGE_CURVE ( 'NONE', #8140, #1295, #2490, .T. ) ;
#3773 = CARTESIAN_POINT ( 'NONE',  ( -21.33877923252559228, -26.99947691537427019, -22.12782628761063819 ) ) ;
#3774 = CARTESIAN_POINT ( 'NONE',  ( -11.53105070145278255, 17.43697398524937370, -45.29633887683244353 ) ) ;
#3775 = CARTESIAN_POINT ( 'NONE',  ( -20.65511315303239215, -64.73402888560080726, -2.813243155765983605 ) ) ;
#3776 = ORIENTED_EDGE ( 'NONE', *, *, #4344, .F. ) ;
#3777 = CARTESIAN_POINT ( 'NONE',  ( -21.15707319316729951, -35.97120481874618036, -21.98613612600294331 ) ) ;
#3778 = CARTESIAN_POINT ( 'NONE',  ( -10.55000000000000071, -20.10861407777597520, -8.944056119628848833 ) ) ;
#3779 = CARTESIAN_POINT ( 'NONE',  ( -22.15740346661347004, 18.06397657989738903, -23.58501837703586190 ) ) ;
#3780 = PLANE ( 'NONE',  #4532 ) ;
#3781 = VECTOR ( 'NONE', #3725, 1000.000000000000114 ) ;
#3782 = LINE ( 'NONE', #1849, #4091 ) ;
#3783 = ORIENTED_EDGE ( 'NONE', *, *, #4140, .F. ) ;
#3784 = ORIENTED_EDGE ( 'NONE', *, *, #8042, .F. ) ;
#3785 = CARTESIAN_POINT ( 'NONE',  ( -23.44999999999999929, 29.59942153318571911, -6.336145902737857938 ) ) ;
#3786 = SURFACE_STYLE_USAGE ( .BOTH. , #5270 ) ;
#3787 = CARTESIAN_POINT ( 'NONE',  ( -15.85086760509275550, 13.53753649573836704, -21.29634816116374907 ) ) ;
#3788 = DIRECTION ( 'NONE',  ( -0.000000000000000000, -0.1736481776669229204, -0.9848077530122093526 ) ) ;
#3789 = VERTEX_POINT ( 'NONE', #2536 ) ;
#3790 = CARTESIAN_POINT ( 'NONE',  ( -19.72119572438325363, 21.75897711232704168, -43.54699320107245342 ) ) ;
#3791 = AXIS2_PLACEMENT_3D ( 'NONE', #1721, #338, #7097 ) ;
#3792 = CARTESIAN_POINT ( 'NONE',  ( 0.000000000000000000, -130.9482816024203942, 19.78811616247799066 ) ) ;
#3793 = ADVANCED_FACE ( 'NONE', ( #389 ), #2406, .F. ) ;
#3794 = ADVANCED_FACE ( 'NONE', ( #7985 ), #911, .F. ) ;
#3795 = DIRECTION ( 'NONE',  ( 0.000000000000000000, 1.000000000000000000, 0.000000000000000000 ) ) ;
#3796 = DIRECTION ( 'NONE',  ( 0.000000000000000000, -0.9050163282161121092, 0.4253768278388310731 ) ) ;
#3797 = VECTOR ( 'NONE', #6853, 1000.000000000000114 ) ;
#3798 = LINE ( 'NONE', #2493, #1647 ) ;
#3799 = MECHANICAL_DESIGN_GEOMETRIC_PRESENTATION_REPRESENTATION (  '', ( #5804 ), #6364 ) ;
#3800 = CARTESIAN_POINT ( 'NONE',  ( -22.14341640503459629, -38.66037961788325106, -13.69385040525246744 ) ) ;
#3801 = ORIENTED_EDGE ( 'NONE', *, *, #5491, .T. ) ;
#3802 = EDGE_CURVE ( 'NONE', #5958, #1719, #2754, .T. ) ;
#3803 = CARTESIAN_POINT ( 'NONE',  ( -21.76016592451083653, -51.25867265896834368, 13.71934500256969791 ) ) ;
#3804 = VECTOR ( 'NONE', #6626, 1000.000000000000000 ) ;
#3805 = CARTESIAN_POINT ( 'NONE',  ( 23.44999999999999929, -99.68960827893432963, 9.958714539438515700 ) ) ;
#3806 = CARTESIAN_POINT ( 'NONE',  ( -17.34607312428902759, 15.53753649573837059, -43.29634816116374196 ) ) ;
#3807 = ORIENTED_EDGE ( 'NONE', *, *, #3521, .F. ) ;
#3808 = CARTESIAN_POINT ( 'NONE',  ( -15.00000000000000178, 0.5375364957381987274, 53.36789795213030629 ) ) ;
#3809 = EDGE_CURVE ( 'NONE', #4966, #3665, #1184, .T. ) ;
#3810 = VECTOR ( 'NONE', #1255, 1000.000000000000000 ) ;
#3811 = EDGE_CURVE ( 'NONE', #780, #6352, #6281, .T. ) ;
#3812 = VECTOR ( 'NONE', #2158, 1000.000000000000000 ) ;
#3813 = VERTEX_POINT ( 'NONE', #30 ) ;
#3814 =( BOUNDED_SURFACE ( )  B_SPLINE_SURFACE ( 2, 3, ( 
 ( #7726, #6214, #3610, #4334, #5599, #8301, #924, #3656, #6389, #80, #5730, #8431, #5055, #2133 ),
 ( #7144, #5899, #3073, #5231, #8518, #6431, #301, #2529, #1725, #5767, #6513, #7934, #430, #3159 ),
 ( #2441, #5192, #1095, #5813, #1764, #3032, #4461, #7889, #7276, #5152, #8470, #4508, #7851, #2353 ) ),
 .UNSPECIFIED., .F., .F., .F. ) 
 B_SPLINE_SURFACE_WITH_KNOTS ( ( 3, 3 ),
 ( 4, 2, 2, 2, 2, 2, 4 ),
 ( 0.000000000000000000, 1.000000000000000000 ),
 ( 0.8790415659164393380, 0.9075240816153260504, 0.9217653394647693510, 0.9360065973142126516, 0.9644891130130992529, 0.9929716287119859652, 0.9999789866796795490 ),
 .UNSPECIFIED. ) 
 GEOMETRIC_REPRESENTATION_ITEM ( )  RATIONAL_B_SPLINE_SURFACE ( (
 ( 1.000000000000000000, 1.000000000000000000, 1.000000000000000000, 1.000000000000000000, 1.000000000000000000, 1.000000000000000000, 1.000000000000000000, 1.000000000000000000, 1.000000000000000000, 1.000000000000000000, 1.000000000000000000, 1.000000000000000000, 1.000000000000000000, 1.000000000000000000),
 ( 0.7245165831765573161, 0.7235751565169521449, 0.7226980157460558551, 0.7215038550530032957, 0.7211134744768676885, 0.7203482595041097447, 0.7199748403352949078, 0.7188316560229716101, 0.7180515626944015128, 0.7164960850622652533, 0.7157163192890780845, 0.7147420666756307828, 0.7145495820071512405, 0.7143569796919644332),
 ( 1.000000000000000000, 1.000000000000000000, 1.000000000000000000, 1.000000000000000000, 1.000000000000000000, 1.000000000000000000, 1.000000000000000000, 1.000000000000000000, 1.000000000000000000, 1.000000000000000000, 1.000000000000000000, 1.000000000000000000, 1.000000000000000000, 1.000000000000000000) ) ) 
 REPRESENTATION_ITEM ( '' )  SURFACE ( )  );
#3815 = CARTESIAN_POINT ( 'NONE',  ( -18.59557676925827607, -21.84759553203819493, -43.53743056243480680 ) ) ;
#3816 = CARTESIAN_POINT ( 'NONE',  ( 0.000000000000000000, -73.39533097835840181, 32.09787989477761272 ) ) ;
#3817 = CARTESIAN_POINT ( 'NONE',  ( -15.47399955415471418, 13.83550720858117700, -21.31766673916837007 ) ) ;
#3818 = CARTESIAN_POINT ( 'NONE',  ( 0.000000000000000000, -34.90548628911400897, 5.037809734445605869 ) ) ;
#3819 = CARTESIAN_POINT ( 'NONE',  ( 0.000000000000000000, -48.80969104706964856, 17.94839028099127987 ) ) ;
#3820 = VERTEX_POINT ( 'NONE', #6078 ) ;
#3821 = B_SPLINE_CURVE_WITH_KNOTS ( 'NONE', 3,
 ( #3595, #2925, #6326, #5668, #7711, #1580, #909, #3635, #3056, #3099, #4447, #2336, #4488, #5085, #6583, #5131, #5790, #7791, #2383, #1030, #4407, #3863, #1160, #5922, #3014, #6415, #6495, #1661, #1791, #7832, #368, #5213, #7124, #7963, #5751, #8626, #1746, #6452, #281, #3182 ),
 .UNSPECIFIED., .F., .F.,
 ( 4, 2, 2, 2, 2, 2, 2, 2, 2, 2, 2, 2, 2, 2, 2, 2, 2, 2, 2, 4 ),
 ( 0.000000000000000000, 0.1249999999999999722, 0.2499999999999999445, 0.3124999999999999445, 0.3749999999999999445, 0.4374999999999998890, 0.5000000000000000000, 0.5625000000000000000, 0.6250000000000000000, 0.6562500000000000000, 0.6875000000000000000, 0.7500000000000000000, 0.7812500000000000000, 0.8125000000000000000, 0.8437500000000000000, 0.8750000000000000000, 0.9062500000000000000, 0.9375000000000000000, 0.9687500000000000000, 1.000000000000000000 ),
 .UNSPECIFIED. ) ;
#3822 = CARTESIAN_POINT ( 'NONE',  ( -11.85954789245619878, 16.98020741561807867, -45.21787305352371789 ) ) ;
#3823 = CARTESIAN_POINT ( 'NONE',  ( -23.44999999999999929, 27.99569300269999417, -15.09066213886442753 ) ) ;
#3824 = EDGE_LOOP ( 'NONE', ( #3051, #4476, #8053, #6937, #8820 ) ) ;
#3825 = CARTESIAN_POINT ( 'NONE',  ( -20.80775042164469824, -31.14688455028827363, -25.60565209067689096 ) ) ;
#3826 = DIRECTION ( 'NONE',  ( 0.000000000000000000, -0.9351784010367419908, 0.3541770153953562872 ) ) ;
#3827 = VECTOR ( 'NONE', #8424, 1000.000000000000000 ) ;
#3828 = DIRECTION ( 'NONE',  ( -0.000000000000000000, 0.1736481776669232535, 0.9848077530122093526 ) ) ;
#3829 = FACE_OUTER_BOUND ( 'NONE', #7682, .T. ) ;
#3830 = DIRECTION ( 'NONE',  ( 0.000000000000000000, 0.000000000000000000, -1.000000000000000000 ) ) ;
#3831 = ORIENTED_EDGE ( 'NONE', *, *, #2423, .T. ) ;
#3832 = ORIENTED_EDGE ( 'NONE', *, *, #2509, .F. ) ;
#3833 = CARTESIAN_POINT ( 'NONE',  ( -5.999999999999998224, -20.10861407777597520, -8.944056119628854162 ) ) ;
#3834 = EDGE_CURVE ( 'NONE', #3459, #4987, #1326, .T. ) ;
#3835 = CIRCLE ( 'NONE', #2238, 4.000000000000000000 ) ;
#3836 = CARTESIAN_POINT ( 'NONE',  ( -5.750000000000000000, 8.887536495738197928, -21.29634816116374907 ) ) ;
#3837 = CARTESIAN_POINT ( 'NONE',  ( -13.16672087697408777, 14.97756411248647090, -21.29636965508664659 ) ) ;
#3838 = LINE ( 'NONE', #6562, #4267 ) ;
#3839 = ORIENTED_EDGE ( 'NONE', *, *, #7520, .F. ) ;
#3840 = CARTESIAN_POINT ( 'NONE',  ( -19.57823910394217037, 22.74478506098313346, -43.53984720751495985 ) ) ;
#3841 = CARTESIAN_POINT ( 'NONE',  ( -14.09999999999999964, -48.80464589757340832, -3.203441189273091627 ) ) ;
#3842 = CARTESIAN_POINT ( 'NONE',  ( -15.10837202238299248, 24.51764951894167766, -45.29634816116374196 ) ) ;
#3843 = CARTESIAN_POINT ( 'NONE',  ( -23.44999999999999929, -16.46246350426196869, -45.29634816116374907 ) ) ;
#3844 = DIRECTION ( 'NONE',  ( 1.000000000000000000, 0.000000000000000000, 0.000000000000000000 ) ) ;
#3845 = CARTESIAN_POINT ( 'NONE',  ( -17.50974606627012875, -66.24491531063833349, 23.02065362722591146 ) ) ;
#3846 = CARTESIAN_POINT ( 'NONE',  ( -22.10094539372660805, -37.86187703272648974, -14.17128849186840611 ) ) ;
#3847 = ORIENTED_EDGE ( 'NONE', *, *, #889, .F. ) ;
#3848 = EDGE_CURVE ( 'NONE', #4225, #402, #2740, .T. ) ;
#3849 = CARTESIAN_POINT ( 'NONE',  ( 0.000000000000000000, -25.51763244838430111, -13.54775435647355941 ) ) ;
#3850 = FACE_OUTER_BOUND ( 'NONE', #8729, .T. ) ;
#3851 = CARTESIAN_POINT ( 'NONE',  ( -11.17721642114541680, -15.44141640269169713, -44.27714226924986463 ) ) ;
#3852 = ORIENTED_EDGE ( 'NONE', *, *, #4087, .T. ) ;
#3853 = ADVANCED_FACE ( 'NONE', ( #568 ), #8828, .F. ) ;
#3854 = PLANE ( 'NONE',  #7332 ) ;
#3855 = DIRECTION ( 'NONE',  ( 0.000000000000000000, 0.000000000000000000, -1.000000000000000000 ) ) ;
#3856 = ADVANCED_FACE ( 'NONE', ( #2079 ), #5460, .F. ) ;
#3857 = ADVANCED_FACE ( 'NONE', ( #3248 ), #8694, .F. ) ;
#3858 = DIRECTION ( 'NONE',  ( 1.000000000000000000, -0.000000000000000000, -0.000000000000000000 ) ) ;
#3859 = CARTESIAN_POINT ( 'NONE',  ( -16.30697317944641256, -78.35062957851495469, 13.16409241317461642 ) ) ;
#3860 = LINE ( 'NONE', #5295, #8607 ) ;
#3861 = CARTESIAN_POINT ( 'NONE',  ( -14.00000000000000000, 0.5375364957381987274, 53.36789795213029919 ) ) ;
#3862 = EDGE_CURVE ( 'NONE', #7384, #5029, #2577, .T. ) ;
#3863 = CARTESIAN_POINT ( 'NONE',  ( -12.60569813073960788, -14.79495682354934871, -44.40294485532663771 ) ) ;
#3864 = ORIENTED_EDGE ( 'NONE', *, *, #757, .F. ) ;
#3865 = CARTESIAN_POINT ( 'NONE',  ( -12.14215189227657810, 16.57206273544808539, -45.04880231024553439 ) ) ;
#3866 = CARTESIAN_POINT ( 'NONE',  ( -15.31500696584111232, -81.50422088149022670, 27.41257793996683390 ) ) ;
#3867 = ORIENTED_EDGE ( 'NONE', *, *, #8492, .F. ) ;
#3868 = DIRECTION ( 'NONE',  ( 1.000000000000000000, -0.000000000000000000, 0.000000000000000000 ) ) ;
#3869 = CARTESIAN_POINT ( 'NONE',  ( -20.98483215043846783, -33.09202857179718649, -23.85905713855404642 ) ) ;
#3870 = CARTESIAN_POINT ( 'NONE',  ( -9.099999999999999645, -71.59936963466060433, 10.70197393397544339 ) ) ;
#3871 = DIRECTION ( 'NONE',  ( 0.000000000000000000, -0.7660444431189812331, 0.6427876096865354771 ) ) ;
#3872 = CARTESIAN_POINT ( 'NONE',  ( -15.13042609943869365, -36.57326481955922759, -21.68199394706076788 ) ) ;
#3873 = CARTESIAN_POINT ( 'NONE',  ( 13.65638079047952047, -75.82056510457229592, 11.89424437510743537 ) ) ;
#3874 = ORIENTED_EDGE ( 'NONE', *, *, #3546, .T. ) ;
#3875 = ORIENTED_EDGE ( 'NONE', *, *, #3134, .T. ) ;
#3876 = DIRECTION ( 'NONE',  ( -1.000000000000000000, 0.000000000000000000, 0.000000000000000000 ) ) ;
#3877 = CARTESIAN_POINT ( 'NONE',  ( -19.72169840160620424, -12.98102935915410328, -21.36031500658596016 ) ) ;
#3878 = CARTESIAN_POINT ( 'NONE',  ( -14.33913173393030149, 14.44130948862738251, -21.29634796559631837 ) ) ;
#3879 = CARTESIAN_POINT ( 'NONE',  ( -15.00000000000000178, 0.5375364957381988384, -19.19634816116375831 ) ) ;
#3880 = FACE_OUTER_BOUND ( 'NONE', #6039, .T. ) ;
#3881 = CARTESIAN_POINT ( 'NONE',  ( -22.94505519753509759, -48.97576219118908369, -5.520892264935008953 ) ) ;
#3882 = CARTESIAN_POINT ( 'NONE',  ( -10.85321726537285159, -66.12895348143949548, 29.20208147256690268 ) ) ;
#3883 = CARTESIAN_POINT ( 'NONE',  ( -23.44999999999999929, -40.99276643541730181, -7.133140228620667322 ) ) ;
#3884 = LINE ( 'NONE', #477, #4667 ) ;
#3885 = CARTESIAN_POINT ( 'NONE',  ( -21.71035298131570812, -49.33404950749421403, -15.24441113700704165 ) ) ;
#3886 = ORIENTED_EDGE ( 'NONE', *, *, #2223, .F. ) ;
#3887 = CARTESIAN_POINT ( 'NONE',  ( -23.44782059184970535, 28.34764652976836530, -15.16999581581817935 ) ) ;
#3888 = DIRECTION ( 'NONE',  ( -0.000000000000000000, 0.6427876096865358102, 0.7660444431189810111 ) ) ;
#3889 = DIRECTION ( 'NONE',  ( 0.000000000000000000, 0.8419636576019617902, -0.5395342429146887664 ) ) ;
#3890 = ORIENTED_EDGE ( 'NONE', *, *, #7292, .T. ) ;
#3891 = EDGE_CURVE ( 'NONE', #151, #797, #8267, .T. ) ;
#3892 = CARTESIAN_POINT ( 'NONE',  ( -14.24999999999999822, 30.98458179031144866, -11.14980678216003618 ) ) ;
#3893 = CARTESIAN_POINT ( 'NONE',  ( -12.90065609239828426, -14.41839922328073875, -22.88842477699474998 ) ) ;
#3894 = CARTESIAN_POINT ( 'NONE',  ( -14.09999999999999964, -74.66354740713653371, 13.27312437272159151 ) ) ;
#3895 = CARTESIAN_POINT ( 'NONE',  ( 0.000000000000000000, -131.6063315319960054, -40.84800526008675092 ) ) ;
#3896 = CARTESIAN_POINT ( 'NONE',  ( -6.000000000000000000, -77.10614032394536821, 10.36215548886946713 ) ) ;
#3897 = EDGE_LOOP ( 'NONE', ( #239, #2662, #7750, #6416 ) ) ;
#3898 = AXIS2_PLACEMENT_3D ( 'NONE', #6494, #367, #450 ) ;
#3899 = EDGE_CURVE ( 'NONE', #7404, #5483, #2166, .T. ) ;
#3900 = CARTESIAN_POINT ( 'NONE',  ( -12.91048508637893910, -14.41171624174900856, -22.84684788292922875 ) ) ;
#3901 = CARTESIAN_POINT ( 'NONE',  ( -6.000000000000000000, -75.63081962478331377, 27.52736713657736800 ) ) ;
#3902 = CARTESIAN_POINT ( 'NONE',  ( -21.44999999999999929, 31.76599858981257896, -6.718171893605090261 ) ) ;
#3903 = VERTEX_POINT ( 'NONE', #7677 ) ;
#3904 = CARTESIAN_POINT ( 'NONE',  ( -17.84552477795709535, 26.66221165061519471, -45.29634816116374196 ) ) ;
#3905 = DIRECTION ( 'NONE',  ( 1.000000000000000000, 0.000000000000000000, 0.000000000000000000 ) ) ;
#3906 = CARTESIAN_POINT ( 'NONE',  ( -22.01439093893743149, -53.43457100616811317, -12.11146417372884976 ) ) ;
#3907 = CARTESIAN_POINT ( 'NONE',  ( -14.09999999999999964, -49.46863626127934310, -10.21764939810934791 ) ) ;
#3908 = ORIENTED_EDGE ( 'NONE', *, *, #3179, .F. ) ;
#3909 = VERTEX_POINT ( 'NONE', #8251 ) ;
#3910 = CARTESIAN_POINT ( 'NONE',  ( -12.39811334357022687, -14.51363369095713374, -22.27957370554074146 ) ) ;
#3911 = B_SPLINE_CURVE_WITH_KNOTS ( 'NONE', 3,
 ( #1559, #2815, #926, #8349, #5559, #8433, #5601, #752, #4336, #3659 ),
 .UNSPECIFIED., .F., .F.,
 ( 4, 2, 2, 2, 4 ),
 ( 0.000000000000000000, 0.2500000000000000000, 0.5000000000000000000, 0.7500000000000000000, 1.000000000000000000 ),
 .UNSPECIFIED. ) ;
#3912 = CARTESIAN_POINT ( 'NONE',  ( -14.99999999999999822, -118.0308317892287562, 48.69836979253513221 ) ) ;
#3913 = CARTESIAN_POINT ( 'NONE',  ( -18.25000000000000000, 25.53163735497593834, -18.46403244077515637 ) ) ;
#3914 = CARTESIAN_POINT ( 'NONE',  ( 0.000000000000000000, -54.92150893388838284, -76.73387711758908836 ) ) ;
#3915 = PLANE ( 'NONE',  #5551 ) ;
#3916 = VECTOR ( 'NONE', #8527, 1000.000000000000114 ) ;
#3917 = LINE ( 'NONE', #832, #2267 ) ;
#3918 = DIRECTION ( 'NONE',  ( 0.000000000000000000, -0.7660444431189822323, 0.6427876096865343669 ) ) ;
#3919 = CARTESIAN_POINT ( 'NONE',  ( -16.67932754508328230, -15.07950503805308351, -44.75744061807204588 ) ) ;
#3920 = ORIENTED_EDGE ( 'NONE', *, *, #5772, .T. ) ;
#3921 = CARTESIAN_POINT ( 'NONE',  ( -10.85321726537285159, -66.12895348143949548, 29.20208147256690268 ) ) ;
#3922 = CARTESIAN_POINT ( 'NONE',  ( -15.00000000000000000, -123.7899015295616039, 35.82288474055280147 ) ) ;
#3923 = CARTESIAN_POINT ( 'NONE',  ( -18.24216869291091925, -63.20516496320392719, 21.75489714987485357 ) ) ;
#3924 = DIRECTION ( 'NONE',  ( 0.000000000000000000, -0.1736481776669232813, -0.9848077530122092416 ) ) ;
#3925 = VECTOR ( 'NONE', #7539, 1000.000000000000000 ) ;
#3926 = EDGE_CURVE ( 'NONE', #5452, #2824, #7560, .T. ) ;
#3927 = CARTESIAN_POINT ( 'NONE',  ( 0.000000000000000000, -6.012463504261799763, -11.42958778986839263 ) ) ;
#3928 = CARTESIAN_POINT ( 'NONE',  ( -21.31501386545752297, -41.00079525803526082, -19.84738895966302152 ) ) ;
#3929 = VECTOR ( 'NONE', #7381, 1000.000000000000000 ) ;
#3930 = ORIENTED_EDGE ( 'NONE', *, *, #8484, .F. ) ;
#3931 = CARTESIAN_POINT ( 'NONE',  ( -20.80111947328513367, -55.02157941397150154, 16.26378976487836070 ) ) ;
#3932 = CIRCLE ( 'NONE', #4517, 38.83706265612282493 ) ;
#3933 = LINE ( 'NONE', #2546, #8493 ) ;
#3934 = DIRECTION ( 'NONE',  ( 1.000000000000000000, -2.130626907000495283E-16, -2.115721018819838060E-16 ) ) ;
#3935 = B_SPLINE_SURFACE_WITH_KNOTS ( 'NONE', 1, 3, ( 
 ( #1218, #551, #232, #5534, #4185, #57, #6957, #7624, #3593, #6240, #1445, #6910, #186, #102, #8367, #2838, #729, #3456, #5710, #772, #8242, #5582, #4996, #7038, #3502, #1489, #8285, #6193, #2880, #2789, #7709, #2157, #4904, #2113, #4229, #819, #4863, #4949 ),
 ( #4317, #1402, #8412, #3550, #7581, #2922, #6287, #148, #5621, #6869, #8324, #2199, #905, #7666, #1535, #7532, #1578, #4279, #6368, #2967, #6998, #4814, #862, #3633, #6323, #5665, #2249, #4145, #8580, #4359, #1620, #7082, #6413, #4534, #3817, #991, #2462, #5749 ) ),
 .UNSPECIFIED., .F., .F., .F.,
 ( 2, 2 ),
 ( 4, 2, 2, 2, 2, 2, 2, 2, 2, 2, 2, 2, 2, 2, 2, 2, 2, 2, 4 ),
 ( 0.000000000000000000, 1.000000000000000000 ),
 ( 0.000000000000000000, 0.0003736294668404488363, 0.0005604442002606732816, 0.0007472589336808976726, 0.0009340736671011220637, 0.001120888400521346563, 0.001494517867361795345, 0.001868147334202244127, 0.002241776801042693126, 0.002615406267883141692, 0.002802221001303365974, 0.002989035734723590691, 0.003736294668404488255, 0.004109924135244937687, 0.004296738868665161970, 0.004483553602085386253, 0.004857183068925834818, 0.005230812535766283383, 0.005978071469447181381 ),
 .UNSPECIFIED. ) ;
#3936 = AXIS2_PLACEMENT_3D ( 'NONE', #4698, #4115, #6843 ) ;
#3937 = ORIENTED_EDGE ( 'NONE', *, *, #4316, .T. ) ;
#3938 = CARTESIAN_POINT ( 'NONE',  ( 0.000000000000000000, -36.18423030047151912, -21.88150675410481938 ) ) ;
#3939 = CARTESIAN_POINT ( 'NONE',  ( -15.00000000000000000, -98.26056806849258862, 23.24576256901220361 ) ) ;
#3940 = EDGE_CURVE ( 'NONE', #3480, #4895, #7493, .T. ) ;
#3941 = CIRCLE ( 'NONE', #86, 2.999999999999999112 ) ;
#3942 =( BOUNDED_CURVE ( )  B_SPLINE_CURVE ( 2, ( #7608, #1472, #130 ),
 .UNSPECIFIED., .F., .F. ) 
 B_SPLINE_CURVE_WITH_KNOTS ( ( 3, 3 ),
 ( 0.000000000000000000, 1.000000000000000000 ),
 .UNSPECIFIED. ) 
 CURVE ( )  GEOMETRIC_REPRESENTATION_ITEM ( )  RATIONAL_B_SPLINE_CURVE ( ( 1.000000000000000000, 0.7074824807718570474, 1.000000000000000000 ) ) 
 REPRESENTATION_ITEM ( '' )  );
#3943 = CIRCLE ( 'NONE', #1785, 4.000000000000000000 ) ;
#3944 = LINE ( 'NONE', #6814, #2955 ) ;
#3945 = CARTESIAN_POINT ( 'NONE',  ( -14.70700594834913844, 24.53753649573819828, -45.29634816116374196 ) ) ;
#3946 = DIRECTION ( 'NONE',  ( 0.000000000000000000, -0.9848077530122093526, 0.1736481776669233090 ) ) ;
#3947 = DIRECTION ( 'NONE',  ( 0.000000000000000000, 0.000000000000000000, -1.000000000000000000 ) ) ;
#3948 = CARTESIAN_POINT ( 'NONE',  ( 0.000000000000000000, -34.71447329368038481, 6.121098262759037567 ) ) ;
#3949 = VERTEX_POINT ( 'NONE', #22 ) ;
#3950 = B_SPLINE_CURVE_WITH_KNOTS ( 'NONE', 3,
 ( #7842, #5047, #6424, #8591, #333, #5850, #5720, #960, #7922, #1086 ),
 .UNSPECIFIED., .F., .F.,
 ( 4, 2, 2, 2, 4 ),
 ( 0.000000000000000000, 0.2500000000000000000, 0.5000000000000000000, 0.7500000000000000000, 1.000000000000000000 ),
 .UNSPECIFIED. ) ;
#3951 = CARTESIAN_POINT ( 'NONE',  ( -12.81601314994191121, -14.46245756396695015, -23.21165421821664410 ) ) ;
#3952 = CARTESIAN_POINT ( 'NONE',  ( -1.053448993394224376, -131.9225896424214852, 20.52199534364317657 ) ) ;
#3953 = DIRECTION ( 'NONE',  ( 0.000000000000000000, 0.000000000000000000, -1.000000000000000000 ) ) ;
#3954 = ORIENTED_EDGE ( 'NONE', *, *, #5724, .F. ) ;
#3955 = EDGE_CURVE ( 'NONE', #6457, #8080, #2211, .T. ) ;
#3956 = DIRECTION ( 'NONE',  ( 1.000000000000000000, 0.000000000000000000, 0.000000000000000000 ) ) ;
#3957 = CARTESIAN_POINT ( 'NONE',  ( -12.04997207295246930, 15.86882417083948127, -43.76706903483943023 ) ) ;
#3958 = CARTESIAN_POINT ( 'NONE',  ( 0.000000000000000000, -42.11065726885905747, 1.738856025306405817 ) ) ;
#3959 = LINE ( 'NONE', #8105, #2801 ) ;
#3960 = ORIENTED_EDGE ( 'NONE', *, *, #3534, .T. ) ;
#3961 = ORIENTED_EDGE ( 'NONE', *, *, #8155, .F. ) ;
#3962 = CARTESIAN_POINT ( 'NONE',  ( -15.71560483924822016, -12.57280986608251538, -21.29542622166020394 ) ) ;
#3963 = ADVANCED_FACE ( 'NONE', ( #4239 ), #2071, .F. ) ;
#3964 = CARTESIAN_POINT ( 'NONE',  ( -15.00000000000159872, -107.2493123288421657, 46.05532760807534487 ) ) ;
#3965 = DIRECTION ( 'NONE',  ( 1.000000000000000000, 0.000000000000000000, 0.000000000000000000 ) ) ;
#3966 = ORIENTED_EDGE ( 'NONE', *, *, #618, .F. ) ;
#3967 = EDGE_CURVE ( 'NONE', #5648, #598, #267, .T. ) ;
#3968 = FACE_OUTER_BOUND ( 'NONE', #4746, .T. ) ;
#3969 = VECTOR ( 'NONE', #6966, 1000.000000000000000 ) ;
#3970 = EDGE_CURVE ( 'NONE', #4238, #6715, #2752, .T. ) ;
#3971 = CARTESIAN_POINT ( 'NONE',  ( -3.321537801565955572, 32.74551319068665123, -16.71585328148275451 ) ) ;
#3972 = DIRECTION ( 'NONE',  ( 1.729909309651699477E-14, 0.000000000000000000, 1.000000000000000000 ) ) ;
#3973 = CARTESIAN_POINT ( 'NONE',  ( -18.81295820534425900, -19.06971093232112580, -43.54662542183135798 ) ) ;
#3974 = AXIS2_PLACEMENT_3D ( 'NONE', #1138, #3162, #5155 ) ;
#3975 = VERTEX_POINT ( 'NONE', #5496 ) ;
#3976 = CARTESIAN_POINT ( 'NONE',  ( -12.81600561797623428, 15.53753649573837059, -43.29634816116374196 ) ) ;
#3977 = FACE_OUTER_BOUND ( 'NONE', #1911, .T. ) ;
#3978 = CONICAL_SURFACE ( 'NONE', #8530, 10.00000000000000355, 0.5235987755982899339 ) ;
#3979 = EDGE_CURVE ( 'NONE', #6197, #2926, #1133, .T. ) ;
#3980 = B_SPLINE_CURVE_WITH_KNOTS ( 'NONE', 3,
 ( #7252, #4576, #2421, #6537 ),
 .UNSPECIFIED., .F., .F.,
 ( 4, 4 ),
 ( 0.000000000000000000, 1.000000000000000000 ),
 .UNSPECIFIED. ) ;
#3981 = CARTESIAN_POINT ( 'NONE',  ( -7.049169585403706861, -76.10518947500681008, 2.081304397731950750 ) ) ;
#3982 = CARTESIAN_POINT ( 'NONE',  ( -14.09759331670699289, -53.00436596891619701, -12.47244906181781232 ) ) ;
#3983 = CARTESIAN_POINT ( 'NONE',  ( -11.65000000000000036, 0.5375364957381989495, -18.29634816116374907 ) ) ;
#3984 = CARTESIAN_POINT ( 'NONE',  ( -11.38037638894179082, -15.29719488646517611, -44.23228220533805199 ) ) ;
#3985 = ORIENTED_EDGE ( 'NONE', *, *, #2338, .T. ) ;
#3986 = EDGE_LOOP ( 'NONE', ( #2479, #5350, #5718, #2732 ) ) ;
#3987 = DIRECTION ( 'NONE',  ( 0.000000000000000000, -0.3420201433256735979, -0.9396926207859065405 ) ) ;
#3988 = CIRCLE ( 'NONE', #6688, 1.700000000000000400 ) ;
#3989 = VECTOR ( 'NONE', #5690, 1000.000000000000227 ) ;
#3990 = CARTESIAN_POINT ( 'NONE',  ( -19.55686592545413305, -13.78411648788435784, -21.78957402003993593 ) ) ;
#3991 = DIRECTION ( 'NONE',  ( -1.000000000000000000, 0.000000000000000000, 0.000000000000000000 ) ) ;
#3992 = CARTESIAN_POINT ( 'NONE',  ( -14.99999999999999822, -103.1315814959612709, 32.97161845532354363 ) ) ;
#3993 = EDGE_LOOP ( 'NONE', ( #4867, #7118, #4754, #7085 ) ) ;
#3994 = CYLINDRICAL_SURFACE ( 'NONE', #467, 50.00000000000000000 ) ;
#3995 = VECTOR ( 'NONE', #7458, 1000.000000000000000 ) ;
#3996 = EDGE_LOOP ( 'NONE', ( #7065, #8459, #5754, #4640 ) ) ;
#3997 = DIRECTION ( 'NONE',  ( 0.000000000000000000, -0.5057367576863224246, -0.8626878531223943769 ) ) ;
#3998 = FACE_OUTER_BOUND ( 'NONE', #8772, .T. ) ;
#3999 = CARTESIAN_POINT ( 'NONE',  ( -21.44999999999999929, 31.76599858981257896, -6.718171893605090261 ) ) ;
#4000 = CARTESIAN_POINT ( 'NONE',  ( -5.999999999999998224, -75.82056510457229592, 11.89424437510743537 ) ) ;
#4001 = VERTEX_POINT ( 'NONE', #4871 ) ;
#4002 = CARTESIAN_POINT ( 'NONE',  ( -14.85659890898955915, -13.21292192065901716, -21.44221969084448531 ) ) ;
#4003 =( BOUNDED_CURVE ( )  B_SPLINE_CURVE ( 3, ( #8582, #5879, #494, #3055 ),
 .UNSPECIFIED., .F., .F. ) 
 B_SPLINE_CURVE_WITH_KNOTS ( ( 4, 4 ),
 ( 2.659705769202928671, 3.631564070830923363 ),
 .UNSPECIFIED. ) 
 CURVE ( )  GEOMETRIC_REPRESENTATION_ITEM ( )  RATIONAL_B_SPLINE_CURVE ( ( 1.000000000000000000, 0.9228275929432501190, 0.9228275929432501190, 1.000000000000000000 ) ) 
 REPRESENTATION_ITEM ( '' )  );
#4004 = CARTESIAN_POINT ( 'NONE',  ( -12.80106502737037921, 15.56144986122596485, -43.60785710193771081 ) ) ;
#4005 = CARTESIAN_POINT ( 'NONE',  ( -15.01420781260043213, -87.87396958368778144, 29.36535078545754729 ) ) ;
#4006 = DIRECTION ( 'NONE',  ( 0.000000000000000000, -1.334402673828313339E-16, 1.000000000000000000 ) ) ;
#4007 = CARTESIAN_POINT ( 'NONE',  ( -12.16191811742482187, 15.78016723592955195, -43.51656884509724676 ) ) ;
#4008 = CARTESIAN_POINT ( 'NONE',  ( -20.80111947328513367, -55.02157941397150154, 16.26378976487836070 ) ) ;
#4009 = CARTESIAN_POINT ( 'NONE',  ( 0.000000000000000000, -61.22867425097130933, 3.148022431374176477 ) ) ;
#4010 = VERTEX_POINT ( 'NONE', #6203 ) ;
#4011 = ORIENTED_EDGE ( 'NONE', *, *, #2151, .F. ) ;
#4012 = CARTESIAN_POINT ( 'NONE',  ( -14.48648663058608754, -12.51640455516271544, -20.38335150653030325 ) ) ;
#4013 = ADVANCED_FACE ( 'NONE', ( #5629 ), #66, .T. ) ;
#4014 = CARTESIAN_POINT ( 'NONE',  ( -21.44999999999999574, -38.54927497525915925, 5.680307991813230650 ) ) ;
#4015 = CARTESIAN_POINT ( 'NONE',  ( -22.80385855891345415, 26.67030595898199508, -19.97851049104544430 ) ) ;
#4016 = ORIENTED_EDGE ( 'NONE', *, *, #2818, .F. ) ;
#4017 = DIRECTION ( 'NONE',  ( 0.000000000000000000, -0.9396926207859085389, 0.3420201433256683243 ) ) ;
#4018 = CARTESIAN_POINT ( 'NONE',  ( 0.000000000000000000, 31.10138907885891513, -17.97376135830883825 ) ) ;
#4019 = DIRECTION ( 'NONE',  ( 1.000000000000000000, 0.000000000000000000, 0.000000000000000000 ) ) ;
#4020 = VERTEX_POINT ( 'NONE', #8635 ) ;
#4021 = EDGE_CURVE ( 'NONE', #575, #2787, #5261, .T. ) ;
#4022 = CARTESIAN_POINT ( 'NONE',  ( -12.70134147429067006, 15.71989926742020316, -44.13166961542022193 ) ) ;
#4023 = EDGE_CURVE ( 'NONE', #5379, #3789, #3655, .T. ) ;
#4024 = FACE_OUTER_BOUND ( 'NONE', #2658, .T. ) ;
#4025 = DIRECTION ( 'NONE',  ( 0.000000000000000000, -0.9848077530122095746, 0.1736481776669225319 ) ) ;
#4026 = SHAPE_DEFINITION_REPRESENTATION ( #2152, #8322 ) ;
#4027 = CARTESIAN_POINT ( 'NONE',  ( -11.73704417955358004, -15.03466014122378347, -44.07417932445063258 ) ) ;
#4028 = ORIENTED_EDGE ( 'NONE', *, *, #7597, .T. ) ;
#4029 = EDGE_LOOP ( 'NONE', ( #1710, #117, #4572, #7291 ) ) ;
#4030 = CARTESIAN_POINT ( 'NONE',  ( -15.00000000000000000, -110.5822349280555983, 33.73756939645158326 ) ) ;
#4031 = CARTESIAN_POINT ( 'NONE',  ( -2.986638131038101829, -102.1549727406727186, 44.80647261291628070 ) ) ;
#4032 = CARTESIAN_POINT ( 'NONE',  ( -21.37536498706619881, -17.09070428359130034, -23.58501837703584769 ) ) ;
#4033 = LINE ( 'NONE', #621, #7641 ) ;
#4034 = ORIENTED_EDGE ( 'NONE', *, *, #7063, .T. ) ;
#4035 = DIRECTION ( 'NONE',  ( -0.000000000000000000, -0.1736481776669230037, -0.9848077530122093526 ) ) ;
#4036 = LINE ( 'NONE', #624, #7078 ) ;
#4037 = ORIENTED_EDGE ( 'NONE', *, *, #233, .T. ) ;
#4038 = CARTESIAN_POINT ( 'NONE',  ( -18.25000000000000000, 28.87998371521744900, -19.05443624484269449 ) ) ;
#4039 = DIRECTION ( 'NONE',  ( 0.000000000000000000, -0.9848077530122093526, 0.1736481776669231980 ) ) ;
#4040 = LINE ( 'NONE', #3999, #5202 ) ;
#4041 = DIRECTION ( 'NONE',  ( 0.000000000000000000, -9.251858538542973800E-15, -1.000000000000000000 ) ) ;
#4042 = ORIENTED_EDGE ( 'NONE', *, *, #2491, .F. ) ;
#4043 = EDGE_CURVE ( 'NONE', #5628, #7106, #396, .T. ) ;
#4044 = CARTESIAN_POINT ( 'NONE',  ( -13.28480771056355891, -14.20455726659281304, -22.31116282529315598 ) ) ;
#4045 = CARTESIAN_POINT ( 'NONE',  ( -14.09999999999999964, -48.80464589757340832, -3.203441189273091627 ) ) ;
#4046 = CARTESIAN_POINT ( 'NONE',  ( -14.96379469597890122, -13.04456701045403122, -21.29631260713801666 ) ) ;
#4047 = VECTOR ( 'NONE', #1204, 1000.000000000000000 ) ;
#4048 = CARTESIAN_POINT ( 'NONE',  ( -12.14238562649006248, 15.79573250966851283, -43.57944294741497515 ) ) ;
#4049 = EDGE_CURVE ( 'NONE', #3094, #8140, #6410, .T. ) ;
#4050 = CARTESIAN_POINT ( 'NONE',  ( 25.00505927025263730, -6.012463504261799763, -11.42958778986839263 ) ) ;
#4051 = CARTESIAN_POINT ( 'NONE',  ( -23.09025104644171833, -48.96409250283790016, -4.372075337606307066 ) ) ;
#4052 = CARTESIAN_POINT ( 'NONE',  ( -12.19083461222122722, -14.68197569938395297, -23.29634816116374907 ) ) ;
#4053 = VERTEX_POINT ( 'NONE', #5292 ) ;
#4054 =( BOUNDED_SURFACE ( )  B_SPLINE_SURFACE ( 2, 3, ( 
 ( #2578, #7553, #4743, #7461, #8025, #6748, #6080, #1328, #2671, #3608 ),
 ( #1507, #3522, #2943, #5053, #4332, #6387, #7686, #1635, #7098, #4379 ),
 ( #3652, #8261, #967, #254, #7762, #8388, #2986, #1463, #6974, #1555 ) ),
 .UNSPECIFIED., .F., .F., .F. ) 
 B_SPLINE_SURFACE_WITH_KNOTS ( ( 3, 3 ),
 ( 4, 2, 2, 2, 4 ),
 ( 0.000000000000000000, 1.000000000000000000 ),
 ( 0.4660727154576724818, 0.4977347965181944112, 0.5293968775787163406, 0.5610589586392382699, 0.5927210396997601993 ),
 .UNSPECIFIED. ) 
 GEOMETRIC_REPRESENTATION_ITEM ( )  RATIONAL_B_SPLINE_SURFACE ( (
 ( 1.000000000000000000, 1.000000000000000000, 1.000000000000000000, 1.000000000000000000, 1.000000000000000000, 1.000000000000000000, 1.000000000000000000, 1.000000000000000000, 1.000000000000000000, 1.000000000000000000),
 ( 0.7063631624613133653, 0.7064284430837428630, 0.7064892004720196850, 0.7066131612242104731, 0.7066757347107081033, 0.7067968346716902994, 0.7068580570382994033, 0.7069849268497754302, 0.7070468213662736146, 0.7071067811865462405),
 ( 1.000000000000000000, 1.000000000000000000, 1.000000000000000000, 1.000000000000000000, 1.000000000000000000, 1.000000000000000000, 1.000000000000000000, 1.000000000000000000, 1.000000000000000000, 1.000000000000000000) ) ) 
 REPRESENTATION_ITEM ( '' )  SURFACE ( )  );
#4055 = EDGE_LOOP ( 'NONE', ( #152, #698, #7773, #5527 ) ) ;
#4056 = CARTESIAN_POINT ( 'NONE',  ( -2.393911387834115612, -106.3267107894439931, 45.82915588923206940 ) ) ;
#4057 = LINE ( 'NONE', #6786, #2057 ) ;
#4058 = CIRCLE ( 'NONE', #1037, 5.000000000000000000 ) ;
#4059 = VERTEX_POINT ( 'NONE', #6184 ) ;
#4060 = CARTESIAN_POINT ( 'NONE',  ( -14.09999999999999964, -49.46863626127934310, -10.21764939810934791 ) ) ;
#4061 = CARTESIAN_POINT ( 'NONE',  ( -4.180431366462152631, 33.30658435241917914, -14.10563321937485703 ) ) ;
#4062 = CARTESIAN_POINT ( 'NONE',  ( -9.099999999999997868, 0.000000000000000000, 0.000000000000000000 ) ) ;
#4063 = CARTESIAN_POINT ( 'NONE',  ( 23.44999999999999929, 24.53753649573820184, -45.29634816116374196 ) ) ;
#4064 = ORIENTED_EDGE ( 'NONE', *, *, #671, .T. ) ;
#4065 = CARTESIAN_POINT ( 'NONE',  ( -12.14215189227657810, 16.57206273544808539, -45.04880231024553439 ) ) ;
#4066 = CARTESIAN_POINT ( 'NONE',  ( -16.56999303613018526, -81.01410668308768948, 2.909620740086807711 ) ) ;
#4067 = CARTESIAN_POINT ( 'NONE',  ( -21.44999999999999574, -39.33069177476031086, 1.248673103258287842 ) ) ;
#4068 = CARTESIAN_POINT ( 'NONE',  ( -11.95240981873248565, -14.86993453961997425, -43.89340312936347033 ) ) ;
#4069 = ORIENTED_EDGE ( 'NONE', *, *, #7782, .F. ) ;
#4070 = VERTEX_POINT ( 'NONE', #6376 ) ;
#4071 = CARTESIAN_POINT ( 'NONE',  ( -18.77727347393165047, 32.93052688889171264, -15.90990655383578023 ) ) ;
#4072 = EDGE_CURVE ( 'NONE', #219, #8161, #4191, .T. ) ;
#4073 = ADVANCED_FACE ( 'NONE', ( #4341 ), #2654, .T. ) ;
#4074 = DIRECTION ( 'NONE',  ( -1.000000000000000000, 0.000000000000000000, 0.000000000000000000 ) ) ;
#4075 = CARTESIAN_POINT ( 'NONE',  ( -8.150000000000000355, -22.82182225824879751, -14.25357600088131171 ) ) ;
#4076 = CARTESIAN_POINT ( 'NONE',  ( -12.60761528272452736, -14.53563423596930093, -23.29634816116374907 ) ) ;
#4077 = CIRCLE ( 'NONE', #2779, 19.50000000000007816 ) ;
#4078 = ORIENTED_EDGE ( 'NONE', *, *, #8581, .T. ) ;
#4079 = FACE_OUTER_BOUND ( 'NONE', #5680, .T. ) ;
#4080 = FACE_BOUND ( 'NONE', #7989, .T. ) ;
#4081 = AXIS2_PLACEMENT_3D ( 'NONE', #7907, #5207, #3855 ) ;
#4082 = ADVANCED_FACE ( 'NONE', ( #7196 ), #5913, .F. ) ;
#4083 = ORIENTED_EDGE ( 'NONE', *, *, #6745, .T. ) ;
#4084 = AXIS2_PLACEMENT_3D ( 'NONE', #8132, #7434, #1297 ) ;
#4085 = DIRECTION ( 'NONE',  ( 1.000000000000000000, 0.000000000000000000, -0.000000000000000000 ) ) ;
#4086 = CARTESIAN_POINT ( 'NONE',  ( -16.02338947348621190, 26.37311560645454733, -43.36215041754626753 ) ) ;
#4087 = EDGE_CURVE ( 'NONE', #6800, #6726, #84, .T. ) ;
#4088 = CARTESIAN_POINT ( 'NONE',  ( -18.77952124306501247, -20.57279008854559521, -43.54662542183100271 ) ) ;
#4089 = VERTEX_POINT ( 'NONE', #3570 ) ;
#4090 = EDGE_CURVE ( 'NONE', #8587, #4928, #3911, .T. ) ;
#4091 = VECTOR ( 'NONE', #7927, 1000.000000000000227 ) ;
#4092 = CARTESIAN_POINT ( 'NONE',  ( -13.55372511535923508, -14.04938072028058116, -22.07722152930343995 ) ) ;
#4093 = CARTESIAN_POINT ( 'NONE',  ( -1.211741272293924698, -126.7721474808207489, 19.18228595737917175 ) ) ;
#4094 = CARTESIAN_POINT ( 'NONE',  ( -15.90334965187511429, 26.85118773466776787, -34.60840514385728284 ) ) ;
#4095 = VECTOR ( 'NONE', #3451, 1000.000000000000000 ) ;
#4096 = CARTESIAN_POINT ( 'NONE',  ( 0.000000000000000000, -132.0540735843957521, 53.19686288046747080 ) ) ;
#4097 = LINE ( 'NONE', #6823, #1823 ) ;
#4098 = CARTESIAN_POINT ( 'NONE',  ( -14.09999999999999964, -74.66354740713653371, 13.27312437272159151 ) ) ;
#4099 = DIRECTION ( 'NONE',  ( 4.859169400495257961E-17, -0.9848077530122092416, 0.1736481776669232813 ) ) ;
#4100 = ORIENTED_EDGE ( 'NONE', *, *, #5230, .T. ) ;
#4101 = ORIENTED_EDGE ( 'NONE', *, *, #1783, .F. ) ;
#4102 = DIRECTION ( 'NONE',  ( -0.6105962049779964929, 0.5914153929395852272, 0.5266878653059935411 ) ) ;
#4103 = DIRECTION ( 'NONE',  ( 1.000000000000000000, -0.000000000000000000, -0.000000000000000000 ) ) ;
#4104 = VERTEX_POINT ( 'NONE', #4209 ) ;
#4105 = DIRECTION ( 'NONE',  ( 0.000000000000000000, 0.000000000000000000, -1.000000000000000000 ) ) ;
#4106 = AXIS2_PLACEMENT_3D ( 'NONE', #961, #8638, #3697 ) ;
#4107 = CARTESIAN_POINT ( 'NONE',  ( -3.077221619685174331E-15, -137.5776988991053145, 38.02082705477507574 ) ) ;
#4108 = AXIS2_PLACEMENT_3D ( 'NONE', #5575, #8278, #4309 ) ;
#4109 = LINE ( 'NONE', #8158, #1401 ) ;
#4110 = PLANE ( 'NONE',  #1967 ) ;
#4111 = DIRECTION ( 'NONE',  ( 0.000000000000000000, -0.7949648775762689912, -0.6066554569276927378 ) ) ;
#4112 = VERTEX_POINT ( 'NONE', #8266 ) ;
#4113 = EDGE_CURVE ( 'NONE', #1315, #2480, #1641, .T. ) ;
#4114 = CARTESIAN_POINT ( 'NONE',  ( -12.27643746831889615, 16.37292768113262653, -44.92344490699177584 ) ) ;
#4115 = DIRECTION ( 'NONE',  ( -0.000000000000000000, 0.6427876096865354771, 0.7660444431189813441 ) ) ;
#4116 = CARTESIAN_POINT ( 'NONE',  ( -15.00455547365310593, -93.49724588894035548, 20.00814953026694454 ) ) ;
#4117 = CARTESIAN_POINT ( 'NONE',  ( -15.00000000000000178, -124.4758996252384406, 18.76861490077982353 ) ) ;
#4118 = CARTESIAN_POINT ( 'NONE',  ( -22.23233833644806978, 18.03447096801893323, -22.98585496643366710 ) ) ;
#4119 = ORIENTED_EDGE ( 'NONE', *, *, #1876, .T. ) ;
#4120 = VERTEX_POINT ( 'NONE', #4929 ) ;
#4121 = CARTESIAN_POINT ( 'NONE',  ( -15.00000000000000000, -112.1247874693072504, 33.92783666529059161 ) ) ;
#4122 = VECTOR ( 'NONE', #1216, 1000.000000000000000 ) ;
#4123 = CARTESIAN_POINT ( 'NONE',  ( -19.35347489591884340, -14.26012914504228490, -22.41004507224217335 ) ) ;
#4124 = VECTOR ( 'NONE', #6833, 1000.000000000000000 ) ;
#4125 = DIRECTION ( 'NONE',  ( 0.000000000000000000, -1.000000000000000000, 0.000000000000000000 ) ) ;
#4126 = CARTESIAN_POINT ( 'NONE',  ( 0.000000000000000000, 32.26483186922731505, -11.37554941312703427 ) ) ;
#4127 = CARTESIAN_POINT ( 'NONE',  ( -22.02567167066570875, -36.17823496505037895, -15.06480666215174757 ) ) ;
#4128 = ORIENTED_EDGE ( 'NONE', *, *, #2315, .F. ) ;
#4129 = DIRECTION ( 'NONE',  ( 1.000000000000000000, -0.000000000000000000, -0.000000000000000000 ) ) ;
#4130 = CARTESIAN_POINT ( 'NONE',  ( -2.000151088540154110, -112.8760168801677679, 16.18677120296615257 ) ) ;
#4131 = EDGE_CURVE ( 'NONE', #7522, #4010, #503, .T. ) ;
#4132 = ORIENTED_EDGE ( 'NONE', *, *, #7841, .T. ) ;
#4133 = VERTEX_POINT ( 'NONE', #6391 ) ;
#4134 = CONICAL_SURFACE ( 'NONE', #8538, 1.000000000000000888, 0.7853981633974489451 ) ;
#4135 = CARTESIAN_POINT ( 'NONE',  ( -20.22580399938925666, 15.04431063687400361, -21.97469517755320823 ) ) ;
#4136 = EDGE_CURVE ( 'NONE', #3322, #7928, #8392, .T. ) ;
#4137 = FACE_OUTER_BOUND ( 'NONE', #1359, .T. ) ;
#4138 = VERTEX_POINT ( 'NONE', #7604 ) ;
#4139 = ADVANCED_FACE ( 'NONE', ( #1469 ), #843, .F. ) ;
#4140 = EDGE_CURVE ( 'NONE', #5861, #8016, #6932, .T. ) ;
#4141 = CARTESIAN_POINT ( 'NONE',  ( -6.000000000000000000, -119.4571793330561178, 36.63996838842680859 ) ) ;
#4142 = ORIENTED_EDGE ( 'NONE', *, *, #730, .T. ) ;
#4143 = CARTESIAN_POINT ( 'NONE',  ( -13.44173823141907675, -13.78070154165936856, -21.29634816116375262 ) ) ;
#4144 = EDGE_CURVE ( 'NONE', #380, #2745, #6699, .T. ) ;
#4145 = CARTESIAN_POINT ( 'NONE',  ( -14.85659890898958757, 14.28799491213540840, -21.44221969084448531 ) ) ;
#4146 = LINE ( 'NONE', #3958, #5840 ) ;
#4147 = DIRECTION ( 'NONE',  ( 1.000000000000000000, 0.000000000000000000, -0.000000000000000000 ) ) ;
#4148 = ORIENTED_EDGE ( 'NONE', *, *, #1501, .F. ) ;
#4149 = ORIENTED_EDGE ( 'NONE', *, *, #8601, .T. ) ;
#4150 = CARTESIAN_POINT ( 'NONE',  ( -10.89758854288271372, 16.70826820305542171, -44.29634816116374196 ) ) ;
#4151 = CARTESIAN_POINT ( 'NONE',  ( -11.45643923738951386, -16.46246350426196869, -45.29634816116374907 ) ) ;
#4152 = ORIENTED_EDGE ( 'NONE', *, *, #2879, .F. ) ;
#4153 = CARTESIAN_POINT ( 'NONE',  ( -6.332773597529163467, -78.61950266474676141, 2.579179861806585095 ) ) ;
#4154 = CARTESIAN_POINT ( 'NONE',  ( -37.07224088444629473, -71.97364255504820107, 6.055478503969699666 ) ) ;
#4155 = CARTESIAN_POINT ( 'NONE',  ( -12.81600561797623250, 15.53753649573836881, -23.29634816116374907 ) ) ;
#4156 = CARTESIAN_POINT ( 'NONE',  ( -12.19083461222129472, 15.75704869086030158, -23.29634816116374907 ) ) ;
#4157 = DIRECTION ( 'NONE',  ( 1.000000000000000000, 0.000000000000000000, 0.000000000000000000 ) ) ;
#4158 = ORIENTED_EDGE ( 'NONE', *, *, #4764, .F. ) ;
#4159 = CARTESIAN_POINT ( 'NONE',  ( -12.63223161149463358, 15.82856528862375001, -44.33810094645293276 ) ) ;
#4160 = CARTESIAN_POINT ( 'NONE',  ( -16.35000000000000142, -0.7254219129581850334, -5.558477570908496368 ) ) ;
#4161 = DIRECTION ( 'NONE',  ( 0.000000000000000000, -0.9063077870366528233, -0.4226182617406931685 ) ) ;
#4162 = CARTESIAN_POINT ( 'NONE',  ( 0.000000000000000000, -83.73709318997876494, 5.388271468960138755 ) ) ;
#4163 =( NAMED_UNIT ( * ) SI_UNIT ( $, .STERADIAN. ) SOLID_ANGLE_UNIT ( ) );
#4164 = CARTESIAN_POINT ( 'NONE',  ( -12.77855225611568102, -14.52232530700978330, -43.78388809022969497 ) ) ;
#4165 = ORIENTED_EDGE ( 'NONE', *, *, #8040, .T. ) ;
#4166 = ORIENTED_EDGE ( 'NONE', *, *, #2979, .T. ) ;
#4167 = CARTESIAN_POINT ( 'NONE',  ( -19.74659446876218283, 32.76863808797504873, -15.93636672347845185 ) ) ;
#4168 = CARTESIAN_POINT ( 'NONE',  ( 0.000000000000000000, -49.62651503686617360, -78.44929296875443470 ) ) ;
#4169 = CARTESIAN_POINT ( 'NONE',  ( -3.154227438236711922, -99.94765143485837200, 10.12081695477789367 ) ) ;
#4170 = EDGE_CURVE ( 'NONE', #4225, #1271, #2228, .T. ) ;
#4171 = DIRECTION ( 'NONE',  ( 0.000000000000000000, 0.000000000000000000, -1.000000000000000000 ) ) ;
#4172 = ORIENTED_EDGE ( 'NONE', *, *, #8038, .T. ) ;
#4173 = CARTESIAN_POINT ( 'NONE',  ( -2.926504147419392687, -102.6166046680697406, 44.91963965419321170 ) ) ;
#4174 = CARTESIAN_POINT ( 'NONE',  ( -1.000000000000007772, -125.6822119262424025, 50.87769490003756090 ) ) ;
#4175 = ORIENTED_EDGE ( 'NONE', *, *, #1450, .T. ) ;
#4176 = VERTEX_POINT ( 'NONE', #5015 ) ;
#4177 = CARTESIAN_POINT ( 'NONE',  ( -20.35162379509359454, 13.66843692126033893, -21.29633934203438272 ) ) ;
#4178 = DIRECTION ( 'NONE',  ( -1.000000000000000000, 0.000000000000000000, 0.000000000000000000 ) ) ;
#4179 = ORIENTED_EDGE ( 'NONE', *, *, #8703, .F. ) ;
#4180 = CARTESIAN_POINT ( 'NONE',  ( -15.00000000000000000, -96.76966523223754280, 22.29973616815027881 ) ) ;
#4181 = DIRECTION ( 'NONE',  ( -1.000000000000000000, 0.000000000000000000, 0.000000000000000000 ) ) ;
#4182 = CARTESIAN_POINT ( 'NONE',  ( -22.49014984722865762, 25.59101508275334069, -22.27477065839916293 ) ) ;
#4183 = ORIENTED_EDGE ( 'NONE', *, *, #2701, .T. ) ;
#4184 = CARTESIAN_POINT ( 'NONE',  ( -13.53056999017108275, -13.74101438000034925, -21.29633591433947259 ) ) ;
#4185 = CARTESIAN_POINT ( 'NONE',  ( -12.23880547039633981, 15.71850919552246140, -22.80120203337452267 ) ) ;
#4186 = ADVANCED_FACE ( 'NONE', ( #125 ), #7057, .F. ) ;
#4187 = CARTESIAN_POINT ( 'NONE',  ( -20.56914544263573319, -53.48274671821739190, 21.86954957112219233 ) ) ;
#4188 = CARTESIAN_POINT ( 'NONE',  ( 21.44999999999999929, 30.98458179031142024, -11.14980678216003263 ) ) ;
#4189 = ORIENTED_EDGE ( 'NONE', *, *, #6727, .F. ) ;
#4190 = ORIENTED_EDGE ( 'NONE', *, *, #4352, .F. ) ;
#4191 = LINE ( 'NONE', #2843, #7969 ) ;
#4192 = CARTESIAN_POINT ( 'NONE',  ( -13.48358945513046692, 15.16543602431547733, -22.13235975456259652 ) ) ;
#4193 = DIRECTION ( 'NONE',  ( -1.000000000000000000, 2.592365900567902216E-17, -4.571040521386995250E-18 ) ) ;
#4194 = EDGE_LOOP ( 'NONE', ( #2002, #483, #8742, #8197 ) ) ;
#4195 = CARTESIAN_POINT ( 'NONE',  ( -7.819220429323410215, -73.65452094196737676, 1.402661186410797400 ) ) ;
#4196 = CARTESIAN_POINT ( 'NONE',  ( -13.67593692011135253, -20.46246350426179461, -44.06323955316363339 ) ) ;
#4197 = LINE ( 'NONE', #8381, #8401 ) ;
#4198 = CARTESIAN_POINT ( 'NONE',  ( -13.04634899518697999, -13.95531615292233418, -21.29634816116374907 ) ) ;
#4199 = CARTESIAN_POINT ( 'NONE',  ( -13.77268894321033166, -25.46246350426179816, -43.29634816116374907 ) ) ;
#4200 = EDGE_LOOP ( 'NONE', ( #5757, #3017, #6417, #2866 ) ) ;
#4201 = EDGE_CURVE ( 'NONE', #8145, #5159, #4257, .T. ) ;
#4202 = CARTESIAN_POINT ( 'NONE',  ( -7.634060174065652404, -55.09559554207180554, 23.08543531823920958 ) ) ;
#4203 = VECTOR ( 'NONE', #8477, 1000.000000000000114 ) ;
#4204 = CARTESIAN_POINT ( 'NONE',  ( -21.45161259951663979, -17.06119867171231164, -22.98585496643089243 ) ) ;
#4205 = FACE_OUTER_BOUND ( 'NONE', #6792, .T. ) ;
#4206 = CARTESIAN_POINT ( 'NONE',  ( -11.60477767372327129, -16.26110152302466005, -45.28880494657298783 ) ) ;
#4207 = VERTEX_POINT ( 'NONE', #6978 ) ;
#4208 = VERTEX_POINT ( 'NONE', #4973 ) ;
#4209 = CARTESIAN_POINT ( 'NONE',  ( -2.926504147419392687, -102.6166046680697406, 44.91963965419321170 ) ) ;
#4210 = CARTESIAN_POINT ( 'NONE',  ( -4.962683248572650641, -90.24870506460183606, 40.40020722091550454 ) ) ;
#4211 = CARTESIAN_POINT ( 'NONE',  ( -9.099999999999999645, -48.80464589757340832, -3.203441189273091627 ) ) ;
#4212 = DIRECTION ( 'NONE',  ( 0.000000000000000000, -0.7660444431189821213, 0.6427876096865343669 ) ) ;
#4213 = ORIENTED_EDGE ( 'NONE', *, *, #7296, .T. ) ;
#4214 = FACE_OUTER_BOUND ( 'NONE', #7230, .T. ) ;
#4215 = CARTESIAN_POINT ( 'NONE',  ( -22.06855065993289600, -37.19532997881294989, -14.54559105230691252 ) ) ;
#4216 = CARTESIAN_POINT ( 'NONE',  ( -12.20038454931439809, 15.74941200851223044, -23.04485031415797280 ) ) ;
#4217 = ORIENTED_EDGE ( 'NONE', *, *, #2088, .T. ) ;
#4218 = CARTESIAN_POINT ( 'NONE',  ( -4.000000000000000000, -29.51440953603716366, -9.316413829083826315 ) ) ;
#4219 = CARTESIAN_POINT ( 'NONE',  ( -15.00000000000000000, -122.3442200681275409, 32.30174611396969908 ) ) ;
#4220 = ORIENTED_EDGE ( 'NONE', *, *, #4789, .T. ) ;
#4221 = ADVANCED_FACE ( 'NONE', ( #7691 ), #5057, .F. ) ;
#4222 = CARTESIAN_POINT ( 'NONE',  ( -17.36208833677515528, 15.65100087041936305, -43.99688714630512010 ) ) ;
#4223 = CARTESIAN_POINT ( 'NONE',  ( -15.24846212968270898, -11.61706768044274263, -20.30457958141588648 ) ) ;
#4224 = CARTESIAN_POINT ( 'NONE',  ( -17.58521687315919735, -46.77252683224593710, 16.23900653968515329 ) ) ;
#4225 = VERTEX_POINT ( 'NONE', #303 ) ;
#4226 = VECTOR ( 'NONE', #8514, 1000.000000000000000 ) ;
#4227 = ORIENTED_EDGE ( 'NONE', *, *, #7730, .T. ) ;
#4228 = FACE_OUTER_BOUND ( 'NONE', #6379, .T. ) ;
#4229 = CARTESIAN_POINT ( 'NONE',  ( -14.71917030734973508, 13.32854348875693162, -20.32832602820854717 ) ) ;
#4230 = CARTESIAN_POINT ( 'NONE',  ( -22.11783532216682246, -37.92025116928894590, 8.811065295818428567 ) ) ;
#4231 = DIRECTION ( 'NONE',  ( -1.000000000000000000, 0.000000000000000000, 0.000000000000000000 ) ) ;
#4232 = ORIENTED_EDGE ( 'NONE', *, *, #7999, .F. ) ;
#4233 = CIRCLE ( 'NONE', #8066, 6.000000000000000000 ) ;
#4234 = VERTEX_POINT ( 'NONE', #2486 ) ;
#4235 = AXIS2_PLACEMENT_3D ( 'NONE', #7178, #8599, #3198 ) ;
#4236 = CARTESIAN_POINT ( 'NONE',  ( -12.81600561797623250, 15.53753649573836881, -23.29634816116374907 ) ) ;
#4237 = ADVANCED_FACE ( 'NONE', ( #7146 ), #6469, .F. ) ;
#4238 = VERTEX_POINT ( 'NONE', #4425 ) ;
#4239 = FACE_OUTER_BOUND ( 'NONE', #4480, .T. ) ;
#4240 = CYLINDRICAL_SURFACE ( 'NONE', #4397, 5.000000000000001776 ) ;
#4241 = CIRCLE ( 'NONE', #6235, 19.50000000000007816 ) ;
#4242 = CARTESIAN_POINT ( 'NONE',  ( -18.25000000000000000, 30.29521636320287215, -11.02825305779318477 ) ) ;
#4243 = VECTOR ( 'NONE', #8097, 1000.000000000000000 ) ;
#4244 = CARTESIAN_POINT ( 'NONE',  ( -12.19084177677400405, -14.68196722359714101, -23.16930724674310227 ) ) ;
#4245 = CARTESIAN_POINT ( 'NONE',  ( -15.37197637160816299, -31.16849184849899856, -25.58692287328226556 ) ) ;
#4246 = EDGE_LOOP ( 'NONE', ( #4356, #4363, #4471, #4503 ) ) ;
#4247 = ADVANCED_FACE ( 'NONE', ( #7102 ), #7184, .F. ) ;
#4248 = ADVANCED_FACE ( 'NONE', ( #3880 ), #5274, .F. ) ;
#4249 = CARTESIAN_POINT ( 'NONE',  ( -21.99237003799472845, -13.98825306499394472, -19.24145991071608464 ) ) ;
#4250 = ADVANCED_FACE ( 'NONE', ( #1811 ), #4134, .F. ) ;
#4251 = AXIS2_PLACEMENT_3D ( 'NONE', #491, #6618, #5961 ) ;
#4252 = CARTESIAN_POINT ( 'NONE',  ( -22.05467413601619953, -12.51336385184712086, -19.00767794529165400 ) ) ;
#4253 = CYLINDRICAL_SURFACE ( 'NONE', #7345, 98.00000000000000000 ) ;
#4254 = EDGE_CURVE ( 'NONE', #1492, #2387, #261, .T. ) ;
#4255 = CARTESIAN_POINT ( 'NONE',  ( -12.78489924545876555, -14.51219993231006988, -43.74175753272466238 ) ) ;
#4256 = VERTEX_POINT ( 'NONE', #7935 ) ;
#4257 = LINE ( 'NONE', #2313, #3989 ) ;
#4258 = CARTESIAN_POINT ( 'NONE',  ( -15.00000000000014744, -86.68261271605683760, 38.64347496057659725 ) ) ;
#4259 = EDGE_CURVE ( 'NONE', #3525, #7071, #469, .T. ) ;
#4260 = CARTESIAN_POINT ( 'NONE',  ( 0.000000000000000000, -76.19643011214637340, 9.598817985670732966 ) ) ;
#4261 = CARTESIAN_POINT ( 'NONE',  ( -15.00000000000000000, -90.13989042964536225, 30.04309669637526525 ) ) ;
#4262 = CARTESIAN_POINT ( 'NONE',  ( 78.44999999999998863, -123.1269936869295947, 49.94767151887362644 ) ) ;
#4263 = VERTEX_POINT ( 'NONE', #3202 ) ;
#4264 = DIRECTION ( 'NONE',  ( 0.000000000000000000, 0.000000000000000000, 1.000000000000000000 ) ) ;
#4265 = ORIENTED_EDGE ( 'NONE', *, *, #7143, .T. ) ;
#4266 = ORIENTED_EDGE ( 'NONE', *, *, #1530, .T. ) ;
#4267 = VECTOR ( 'NONE', #5941, 1000.000000000000114 ) ;
#4268 = CARTESIAN_POINT ( 'NONE',  ( -22.02567167066570875, -36.17823496505039316, -15.06480666215174757 ) ) ;
#4269 = CARTESIAN_POINT ( 'NONE',  ( -22.33827679259010424, 17.83019461446938436, -22.11012916388044403 ) ) ;
#4270 = CARTESIAN_POINT ( 'NONE',  ( -17.83128991915792838, 31.41347114048032552, -21.25044168255482901 ) ) ;
#4271 = VECTOR ( 'NONE', #8019, 1000.000000000000000 ) ;
#4272 = ORIENTED_EDGE ( 'NONE', *, *, #110, .F. ) ;
#4273 = AXIS2_PLACEMENT_3D ( 'NONE', #1301, #4039, #8712 ) ;
#4274 = CARTESIAN_POINT ( 'NONE',  ( -15.88198970576899072, -12.45145317601721757, -21.30218797329489178 ) ) ;
#4275 = CARTESIAN_POINT ( 'NONE',  ( -5.999999999999998224, -123.6640270959618277, 25.08174915276007155 ) ) ;
#4276 = ORIENTED_EDGE ( 'NONE', *, *, #4733, .T. ) ;
#4277 = DIRECTION ( 'NONE',  ( -1.000000000000000000, 0.000000000000000000, 0.000000000000000000 ) ) ;
#4278 = AXIS2_PLACEMENT_3D ( 'NONE', #1766, #6564, #8520 ) ;
#4279 = CARTESIAN_POINT ( 'NONE',  ( -13.69875924012652568, 15.03843072280761284, -21.97275567917452932 ) ) ;
#4280 = CARTESIAN_POINT ( 'NONE',  ( -15.79999999999999893, -53.46956596784184512, 3.060624641958697989 ) ) ;
#4281 = FACE_BOUND ( 'NONE', #7465, .T. ) ;
#4282 = ORIENTED_EDGE ( 'NONE', *, *, #1534, .T. ) ;
#4283 = ORIENTED_EDGE ( 'NONE', *, *, #5217, .T. ) ;
#4284 = CARTESIAN_POINT ( 'NONE',  ( -14.04600144484145829, 14.82549764070114229, -21.76591925706008368 ) ) ;
#4285 = DIRECTION ( 'NONE',  ( 0.000000000000000000, 0.000000000000000000, 1.000000000000000000 ) ) ;
#4286 = ORIENTED_EDGE ( 'NONE', *, *, #6373, .F. ) ;
#4287 = DIRECTION ( 'NONE',  ( 0.000000000000000000, 0.000000000000000000, -1.000000000000000000 ) ) ;
#4288 = DIRECTION ( 'NONE',  ( -1.000000000000000000, 0.000000000000000000, 0.000000000000000000 ) ) ;
#4289 = PLANE ( 'NONE',  #1261 ) ;
#4290 = CARTESIAN_POINT ( 'NONE',  ( -14.63561747335641705, -132.7549116742321473, 31.89143684604958651 ) ) ;
#4291 = FACE_OUTER_BOUND ( 'NONE', #4600, .T. ) ;
#4292 = ORIENTED_EDGE ( 'NONE', *, *, #625, .T. ) ;
#4293 = EDGE_CURVE ( 'NONE', #7312, #5483, #7548, .T. ) ;
#4294 = CARTESIAN_POINT ( 'NONE',  ( -5.486681878632381881, -56.29113462891644559, 23.92677972556570154 ) ) ;
#4295 = CARTESIAN_POINT ( 'NONE',  ( -12.12392796757225355, -63.22151772733955255, -3.951285981036608330 ) ) ;
#4296 = CARTESIAN_POINT ( 'NONE',  ( -6.505213034913026604E-16, 2.887536495738198372, -24.49634816116376257 ) ) ;
#4297 = CARTESIAN_POINT ( 'NONE',  ( -12.03395904988918552, -15.65497420333522527, -45.12690506005301927 ) ) ;
#4298 = ORIENTED_EDGE ( 'NONE', *, *, #2700, .T. ) ;
#4299 = DIRECTION ( 'NONE',  ( -0.000000000000000000, 0.3232551092554115102, 0.9463118589240399059 ) ) ;
#4300 = CARTESIAN_POINT ( 'NONE',  ( -14.99999999999985079, -87.21431444438192671, 38.90540243965920553 ) ) ;
#4301 = EDGE_CURVE ( 'NONE', #8080, #5146, #1137, .T. ) ;
#4302 = ADVANCED_FACE ( 'NONE', ( #7981 ), #7853, .F. ) ;
#4303 = PLANE ( 'NONE',  #8187 ) ;
#4304 = CARTESIAN_POINT ( 'NONE',  ( -4.400000000000000355, -121.9262817083872505, 27.64179487437733940 ) ) ;
#4305 = ORIENTED_EDGE ( 'NONE', *, *, #5178, .T. ) ;
#4306 = CARTESIAN_POINT ( 'NONE',  ( -13.04634899518697999, 15.03038914439874141, -21.29634816116374907 ) ) ;
#4307 = ORIENTED_EDGE ( 'NONE', *, *, #8703, .T. ) ;
#4308 = DIRECTION ( 'NONE',  ( -0.000000000000000000, 0.000000000000000000, -1.000000000000000000 ) ) ;
#4309 = DIRECTION ( 'NONE',  ( 0.000000000000000000, 0.000000000000000000, 1.000000000000000000 ) ) ;
#4310 = ORIENTED_EDGE ( 'NONE', *, *, #21, .F. ) ;
#4311 = CARTESIAN_POINT ( 'NONE',  ( -12.96710253951960645, -14.38100749711093052, -22.73001493960334685 ) ) ;
#4312 = CARTESIAN_POINT ( 'NONE',  ( -18.64002701526201022, -44.61105033216414029, 14.42531240566818873 ) ) ;
#4313 = VERTEX_POINT ( 'NONE', #3034 ) ;
#4314 = ORIENTED_EDGE ( 'NONE', *, *, #2652, .F. ) ;
#4315 = CARTESIAN_POINT ( 'NONE',  ( -11.08387210771832976, 16.98469096728306127, -44.62968149449707767 ) ) ;
#4316 = EDGE_CURVE ( 'NONE', #5669, #5452, #8472, .T. ) ;
#4317 = CARTESIAN_POINT ( 'NONE',  ( -12.81600561797623961, 15.53753649573836881, -23.29634816116374907 ) ) ;
#4318 = CARTESIAN_POINT ( 'NONE',  ( -3.552832301889131919E-25, -42.76799703893976101, 9.591362551930822988 ) ) ;
#4319 = DIRECTION ( 'NONE',  ( -1.000000000000000000, -0.000000000000000000, -0.000000000000000000 ) ) ;
#4320 = ORIENTED_EDGE ( 'NONE', *, *, #4072, .T. ) ;
#4321 = ORIENTED_EDGE ( 'NONE', *, *, #2489, .T. ) ;
#4322 = CARTESIAN_POINT ( 'NONE',  ( -12.94697864744254190, 15.46701794690598497, -22.76839199854702755 ) ) ;
#4323 = CARTESIAN_POINT ( 'NONE',  ( 0.000000000000000000, -25.46246350426179816, -39.59913607114618372 ) ) ;
#4324 = EDGE_LOOP ( 'NONE', ( #1442, #3510, #2877, #719 ) ) ;
#4325 = CARTESIAN_POINT ( 'NONE',  ( -14.80135620296659660, -25.81293085880843208, -35.52843982688649049 ) ) ;
#4326 = DIRECTION ( 'NONE',  ( 0.000000000000000000, 0.000000000000000000, -1.000000000000000000 ) ) ;
#4327 = PLANE ( 'NONE',  #7538 ) ;
#4328 = DIRECTION ( 'NONE',  ( -0.6105962049779964929, 0.5914153929395853382, 0.5266878653059935411 ) ) ;
#4329 = VERTEX_POINT ( 'NONE', #5108 ) ;
#4330 = CARTESIAN_POINT ( 'NONE',  ( -15.50579140946021717, -1.664770515850493293, -5.392845067927788172 ) ) ;
#4331 = ADVANCED_FACE ( 'NONE', ( #7807 ), #1681, .F. ) ;
#4332 = CARTESIAN_POINT ( 'NONE',  ( -15.24891046083789803, -79.05673793491406798, 34.88680829802921579 ) ) ;
#4333 = DIRECTION ( 'NONE',  ( -1.000000000000000000, 0.000000000000000000, 0.000000000000000000 ) ) ;
#4334 = CARTESIAN_POINT ( 'NONE',  ( -22.18381066933914880, -54.83109622320743171, 0.3558155119239347908 ) ) ;
#4335 = ORIENTED_EDGE ( 'NONE', *, *, #1988, .T. ) ;
#4336 = CARTESIAN_POINT ( 'NONE',  ( -8.363281706080176292, -74.47684251996058435, 32.63065527728731041 ) ) ;
#4337 = CARTESIAN_POINT ( 'NONE',  ( -15.00000000000000000, -91.15190805541769237, 30.35169088149252303 ) ) ;
#4338 = CIRCLE ( 'NONE', #179, 1.700000000000000400 ) ;
#4339 = CARTESIAN_POINT ( 'NONE',  ( -15.00000000000000000, -90.81628673717627009, 30.24969710963827296 ) ) ;
#4340 = CARTESIAN_POINT ( 'NONE',  ( -2.923924004966644841, -102.1907507554157775, 11.44887388748570523 ) ) ;
#4341 = FACE_OUTER_BOUND ( 'NONE', #3237, .T. ) ;
#4342 = CARTESIAN_POINT ( 'NONE',  ( -22.43311937161062986, -43.15282042112669103, -10.60542179783800165 ) ) ;
#4343 = CARTESIAN_POINT ( 'NONE',  ( -5.999999999999998224, -8.012463504261802427, -16.46418557693210616 ) ) ;
#4344 = EDGE_CURVE ( 'NONE', #1582, #988, #4896, .T. ) ;
#4345 = ORIENTED_EDGE ( 'NONE', *, *, #4427, .T. ) ;
#4346 = VECTOR ( 'NONE', #8669, 1000.000000000000114 ) ;
#4347 = EDGE_CURVE ( 'NONE', #4238, #8145, #1991, .T. ) ;
#4348 = CARTESIAN_POINT ( 'NONE',  ( -16.57361319211509709, 23.90608250786267064, -45.29634816116374196 ) ) ;
#4349 = CARTESIAN_POINT ( 'NONE',  ( -15.79999999999999893, -62.04926373077444168, 10.25984587044788832 ) ) ;
#4350 = CARTESIAN_POINT ( 'NONE',  ( 25.00505927025263730, -8.012463504261802427, -16.46418557693210616 ) ) ;
#4351 = VERTEX_POINT ( 'NONE', #8823 ) ;
#4352 = EDGE_CURVE ( 'NONE', #7270, #925, #8018, .T. ) ;
#4353 = CARTESIAN_POINT ( 'NONE',  ( -13.04027203467435037, -14.34278868157164588, -22.62188777230234038 ) ) ;
#4354 = EDGE_CURVE ( 'NONE', #4694, #4913, #5456, .T. ) ;
#4355 = ORIENTED_EDGE ( 'NONE', *, *, #8571, .T. ) ;
#4356 = ORIENTED_EDGE ( 'NONE', *, *, #3692, .F. ) ;
#4357 = CARTESIAN_POINT ( 'NONE',  ( -18.77241118953088517, -20.89536561710087526, -43.54627001054231528 ) ) ;
#4358 = CARTESIAN_POINT ( 'NONE',  ( -14.78275756306299726, -54.23580781553184949, 22.43491794090315494 ) ) ;
#4359 = CARTESIAN_POINT ( 'NONE',  ( -14.98100861851864884, 14.19998939043530406, -21.40898411356889497 ) ) ;
#4360 = LINE ( 'NONE', #4280, #8794 ) ;
#4361 = ADVANCED_FACE ( 'NONE', ( #3286, #518 ), #1320, .T. ) ;
#4362 = FACE_BOUND ( 'NONE', #8547, .T. ) ;
#4363 = ORIENTED_EDGE ( 'NONE', *, *, #5729, .T. ) ;
#4364 = AXIS2_PLACEMENT_3D ( 'NONE', #4708, #5957, #6045 ) ;
#4365 = ORIENTED_EDGE ( 'NONE', *, *, #3467, .T. ) ;
#4366 = B_SPLINE_SURFACE_WITH_KNOTS ( 'NONE', 1, 3, ( 
 ( #707, #6658, #8698, #573, #8740, #7425, #4786, #5368, #613, #7505, #7464, #2581, #6082, #8121, #2000, #3432, #528, #1909, #6038, #4068, #8078, #6170, #36, #5507, #4652, #1286, #4027, #6797, #7378, #661, #1239, #3384, #8831, #3984, #2718, #3294, #5464, #2988, #2311, #7764 ),
 ( #123, #8263, #8390, #6343, #2811, #6889, #7689, #4255, #4164, #749, #7055, #207, #5641, #2945, #3524, #7642, #841, #8347, #795, #6259, #165, #2176, #4880, #5556, #880, #4927, #1510, #6976, #3568, #6303, #1557, #2898, #4297, #7601, #2225, #5688, #1466, #4206, #4971, #7015 ) ),
 .UNSPECIFIED., .F., .F., .F.,
 ( 2, 2 ),
 ( 4, 2, 2, 2, 2, 2, 2, 2, 2, 2, 2, 2, 2, 2, 2, 2, 2, 2, 2, 4 ),
 ( 0.000000000000000000, 1.000000000000000000 ),
 ( 0.000000000000000000, 6.643313850618555764E-05, 0.0001328662770123711153, 0.0001992994155185566865, 0.0002657325540247422306, 0.0003321656925309278289, 0.0003985988310371133729, 0.0004650319695432989170, 0.0005314651080494844611, 0.0006643313850618556577, 0.0007307645235680412018, 0.0007971976620742267459, 0.0009300639390865978341, 0.001062930216098968922, 0.001195796493111340227, 0.001328662770123711315, 0.001461529047136082404, 0.001594395324148453492, 0.001860127878173195668, 0.002125860432197937844 ),
 .UNSPECIFIED. ) ;
#4367 = CARTESIAN_POINT ( 'NONE',  ( -11.38309332929463125, 16.37031620079937255, -44.23151620109878479 ) ) ;
#4368 = DIRECTION ( 'NONE',  ( 0.000000000000000000, -0.9396926207859083169, 0.3420201433256692680 ) ) ;
#4369 = AXIS2_PLACEMENT_3D ( 'NONE', #4458, #8598, #3740 ) ;
#4370 = VERTEX_POINT ( 'NONE', #1368 ) ;
#4371 = CARTESIAN_POINT ( 'NONE',  ( -21.19649294507431136, -36.93083878413019505, -21.50447161088386139 ) ) ;
#4372 = CARTESIAN_POINT ( 'NONE',  ( -5.999999999999998224, -54.60113403017650313, -5.910972413209578669 ) ) ;
#4373 = AXIS2_PLACEMENT_3D ( 'NONE', #6002, #5326, #1148 ) ;
#4374 = CARTESIAN_POINT ( 'NONE',  ( -4.863171442739662176, -90.80977038054355432, 40.67659982221045567 ) ) ;
#4375 = CARTESIAN_POINT ( 'NONE',  ( -13.77268894321032811, -24.79579683759513742, -43.96301482783042047 ) ) ;
#4376 = CIRCLE ( 'NONE', #3352, 10.00000000000000355 ) ;
#4377 = ORIENTED_EDGE ( 'NONE', *, *, #2964, .F. ) ;
#4378 = CARTESIAN_POINT ( 'NONE',  ( -15.00000000000000000, -119.0806427352312653, 31.63023623260057704 ) ) ;
#4379 = CARTESIAN_POINT ( 'NONE',  ( -15.00000000000001243, -85.89756278093659603, 38.25674281451664882 ) ) ;
#4380 = CARTESIAN_POINT ( 'NONE',  ( -14.61114569036693034, 14.30634921912770174, -21.29635147076796642 ) ) ;
#4381 = LINE ( 'NONE', #1136, #5698 ) ;
#4382 = VECTOR ( 'NONE', #8448, 1000.000000000000000 ) ;
#4383 = EDGE_LOOP ( 'NONE', ( #6253, #5614, #5855, #3542 ) ) ;
#4384 = CARTESIAN_POINT ( 'NONE',  ( 0.000000000000000000, -0.1910129954336154956, -1.083288528313429699 ) ) ;
#4385 = CARTESIAN_POINT ( 'NONE',  ( -5.075777783579304092, -89.68280700869017608, 40.12143391004246951 ) ) ;
#4386 = CARTESIAN_POINT ( 'NONE',  ( -1.507893216433098260, -120.4563936295451043, 18.11499359570927226 ) ) ;
#4387 = B_SPLINE_CURVE_WITH_KNOTS ( 'NONE', 3,
 ( #7592, #1458, #4290, #833, #2852, #873, #5678, #8382, #2981, #918 ),
 .UNSPECIFIED., .F., .F.,
 ( 4, 2, 2, 2, 4 ),
 ( 0.000000000000000000, 0.2499999999999996669, 0.4999999999999997780, 0.7499999999999998890, 1.000000000000000000 ),
 .UNSPECIFIED. ) ;
#4388 = CARTESIAN_POINT ( 'NONE',  ( -22.83101906800076364, -47.76978312703381135, -6.637430358678487963 ) ) ;
#4389 = CARTESIAN_POINT ( 'NONE',  ( -14.51775248056916823, -43.82785068861416988, -18.51420933002506786 ) ) ;
#4390 = ORIENTED_EDGE ( 'NONE', *, *, #3350, .F. ) ;
#4391 = CARTESIAN_POINT ( 'NONE',  ( -15.00455547365311126, -93.49724588894054023, 20.00814953026705467 ) ) ;
#4392 = CARTESIAN_POINT ( 'NONE',  ( -21.44999999999999929, 30.98458179031142024, -11.14980678216003263 ) ) ;
#4393 = ORIENTED_EDGE ( 'NONE', *, *, #3036, .F. ) ;
#4394 = EDGE_CURVE ( 'NONE', #4987, #7928, #4109, .T. ) ;
#4395 = CARTESIAN_POINT ( 'NONE',  ( -12.97342795539253935, -14.37916005323901736, -22.73284660571116333 ) ) ;
#4396 = CARTESIAN_POINT ( 'NONE',  ( -10.55000000000000071, -18.94517128740758594, -2.345844174447023089 ) ) ;
#4397 = AXIS2_PLACEMENT_3D ( 'NONE', #4196, #5676, #5591 ) ;
#4398 = VERTEX_POINT ( 'NONE', #6835 ) ;
#4399 = ORIENTED_EDGE ( 'NONE', *, *, #5823, .T. ) ;
#4400 = EDGE_CURVE ( 'NONE', #954, #4112, #652, .T. ) ;
#4401 = CARTESIAN_POINT ( 'NONE',  ( -15.00000000000000000, -104.0064331658183363, 33.05978825752082173 ) ) ;
#4402 = CARTESIAN_POINT ( 'NONE',  ( -20.04495921916269552, 21.42720991145444387, -40.92204131283278912 ) ) ;
#4403 = AXIS2_PLACEMENT_3D ( 'NONE', #5275, #7147, #1682 ) ;
#4404 = CARTESIAN_POINT ( 'NONE',  ( -1.288297426608310481, -117.4075832766788920, 48.54558315459649975 ) ) ;
#4405 = EDGE_CURVE ( 'NONE', #2860, #5847, #1573, .T. ) ;
#4406 = CIRCLE ( 'NONE', #5407, 1.699999999999994849 ) ;
#4407 = CARTESIAN_POINT ( 'NONE',  ( -12.56535391200178786, -14.85765901450032977, -44.49045809756113812 ) ) ;
#4408 = ORIENTED_EDGE ( 'NONE', *, *, #3571, .F. ) ;
#4409 = EDGE_CURVE ( 'NONE', #6715, #8016, #6122, .T. ) ;
#4410 = CARTESIAN_POINT ( 'NONE',  ( -21.94770558397170745, -34.40188053007299374, -15.99601316837130938 ) ) ;
#4411 = CARTESIAN_POINT ( 'NONE',  ( -12.07295503730226649, 16.67335395738949799, -45.10090930989132829 ) ) ;
#4412 = CARTESIAN_POINT ( 'NONE',  ( -21.16028316371433604, -62.96368274094342610, -4.115590031632200940 ) ) ;
#4413 = VERTEX_POINT ( 'NONE', #6072 ) ;
#4414 = AXIS2_PLACEMENT_3D ( 'NONE', #5302, #4006, #5263 ) ;
#4415 = CARTESIAN_POINT ( 'NONE',  ( -6.000000000000000000, -8.012463504261800651, -21.29634816116374907 ) ) ;
#4416 = CARTESIAN_POINT ( 'NONE',  ( -18.25000000000000000, 26.94687000296136148, -10.43784925372564665 ) ) ;
#4417 = CARTESIAN_POINT ( 'NONE',  ( -5.558334649032890873, -87.14669522200128426, 38.87209178537236909 ) ) ;
#4418 = DIRECTION ( 'NONE',  ( 1.000000000000000000, -0.000000000000000000, -0.000000000000000000 ) ) ;
#4419 = ORIENTED_EDGE ( 'NONE', *, *, #4525, .F. ) ;
#4420 = CARTESIAN_POINT ( 'NONE',  ( -15.00000000000000000, -131.2712852580012282, 35.24213764297361706 ) ) ;
#4421 = VECTOR ( 'NONE', #3612, 1000.000000000000000 ) ;
#4422 = CARTESIAN_POINT ( 'NONE',  ( -14.24721913500157378, 14.48573259375229405, -21.29633909356737220 ) ) ;
#4423 = FACE_OUTER_BOUND ( 'NONE', #8575, .T. ) ;
#4424 = ORIENTED_EDGE ( 'NONE', *, *, #671, .F. ) ;
#4425 = CARTESIAN_POINT ( 'NONE',  ( -12.75000000000000000, -79.93222011369321933, 15.70936642126634375 ) ) ;
#4426 = CARTESIAN_POINT ( 'NONE',  ( 0.000000000000000000, -122.2275424939940365, 29.02845816006089663 ) ) ;
#4427 = EDGE_CURVE ( 'NONE', #894, #4771, #6405, .T. ) ;
#4428 = CARTESIAN_POINT ( 'NONE',  ( -17.07877917401465240, -68.33085804966084709, 23.68869979721970154 ) ) ;
#4429 = DIRECTION ( 'NONE',  ( -1.000000000000000000, 0.000000000000000000, -0.000000000000000000 ) ) ;
#4430 = DIRECTION ( 'NONE',  ( 0.000000000000000000, 0.000000000000000000, 1.000000000000000000 ) ) ;
#4431 = CARTESIAN_POINT ( 'NONE',  ( -21.83138795609742644, -51.11067617546493835, -13.97177710533206429 ) ) ;
#4432 = ORIENTED_EDGE ( 'NONE', *, *, #1522, .F. ) ;
#4433 = CARTESIAN_POINT ( 'NONE',  ( -22.45545788497047113, -47.58346557286798628, 11.70500561551367724 ) ) ;
#4434 = EDGE_CURVE ( 'NONE', #6114, #395, #2755, .T. ) ;
#4435 = CARTESIAN_POINT ( 'NONE',  ( 0.000000000000000000, -20.45591043310982471, -10.91367162565327220 ) ) ;
#4436 = CARTESIAN_POINT ( 'NONE',  ( -10.96856556624771706, -15.58536323283839131, -44.29634372233708461 ) ) ;
#4437 = EDGE_LOOP ( 'NONE', ( #4078, #1171, #6890, #8488, #5370, #1974 ) ) ;
#4438 = PLANE ( 'NONE',  #6334 ) ;
#4439 = CARTESIAN_POINT ( 'NONE',  ( -12.94697864744247440, -14.39194495542959373, -22.76839199854702400 ) ) ;
#4440 = EDGE_CURVE ( 'NONE', #3338, #5175, #3917, .T. ) ;
#4441 = ORIENTED_EDGE ( 'NONE', *, *, #2210, .F. ) ;
#4442 = CARTESIAN_POINT ( 'NONE',  ( -15.00000000000000000, -105.1081943398842355, 33.16136653807141244 ) ) ;
#4443 = CARTESIAN_POINT ( 'NONE',  ( -19.65137614678898359, -64.06520621715297636, 7.305742657561224540 ) ) ;
#4444 = LINE ( 'NONE', #7205, #8050 ) ;
#4445 = CARTESIAN_POINT ( 'NONE',  ( 78.44999999999998863, -102.6166046680697406, 44.91963965419321170 ) ) ;
#4446 = CARTESIAN_POINT ( 'NONE',  ( -16.67320205976355396, -70.60472394610748381, 24.25147689707181797 ) ) ;
#4447 = CARTESIAN_POINT ( 'NONE',  ( -12.17183627971221682, -15.45326073926247190, -45.02406509393958345 ) ) ;
#4448 = ORIENTED_EDGE ( 'NONE', *, *, #3308, .T. ) ;
#4449 = CARTESIAN_POINT ( 'NONE',  ( -11.93121423963052763, 16.87808613834609872, -45.18526258736621770 ) ) ;
#4450 = LINE ( 'NONE', #995, #4850 ) ;
#4451 = ORIENTED_EDGE ( 'NONE', *, *, #1988, .F. ) ;
#4452 = ADVANCED_FACE ( 'NONE', ( #5004 ), #196, .T. ) ;
#4453 = LINE ( 'NONE', #7218, #6850 ) ;
#4454 = DIRECTION ( 'NONE',  ( -1.000000000000000000, 0.000000000000000000, 0.000000000000000000 ) ) ;
#4455 = CARTESIAN_POINT ( 'NONE',  ( -14.09999999999999964, -62.04926373077444168, 10.25984587044788832 ) ) ;
#4456 = EDGE_LOOP ( 'NONE', ( #5405, #5072, #1627, #4213 ) ) ;
#4457 = ORIENTED_EDGE ( 'NONE', *, *, #2535, .T. ) ;
#4458 = CARTESIAN_POINT ( 'NONE',  ( 0.000000000000000000, -34.27907187499138075, -20.17117335076154561 ) ) ;
#4459 = CYLINDRICAL_SURFACE ( 'NONE', #4235, 5.999999999999998224 ) ;
#4460 = CARTESIAN_POINT ( 'NONE',  ( -13.25783371157342394, 14.93736988763104101, -21.29638219615867456 ) ) ;
#4461 = CARTESIAN_POINT ( 'NONE',  ( -13.52880719061646175, -58.10907144384422907, -8.189092580537103316 ) ) ;
#4462 = ORIENTED_EDGE ( 'NONE', *, *, #3967, .T. ) ;
#4463 = DIRECTION ( 'NONE',  ( -1.000000000000000000, 0.000000000000000000, 0.000000000000000000 ) ) ;
#4464 = CARTESIAN_POINT ( 'NONE',  ( -10.55000000000000071, 32.26483186922731505, -11.37554941312703427 ) ) ;
#4465 = ADVANCED_FACE ( 'NONE', ( #2891 ), #872, .T. ) ;
#4466 = CARTESIAN_POINT ( 'NONE',  ( -14.44873850346428945, -55.15111443542608782, 23.13504997546663589 ) ) ;
#4467 = CARTESIAN_POINT ( 'NONE',  ( -1.864450967224376754, -114.7335992036454542, 16.76397644910646889 ) ) ;
#4468 = EDGE_CURVE ( 'NONE', #5958, #6693, #2502, .T. ) ;
#4469 = LINE ( 'NONE', #1185, #8068 ) ;
#4470 = CARTESIAN_POINT ( 'NONE',  ( -21.43023252203366269, -44.06127911635876160, -18.39447849948932046 ) ) ;
#4471 = ORIENTED_EDGE ( 'NONE', *, *, #5809, .F. ) ;
#4472 = CARTESIAN_POINT ( 'NONE',  ( -3.000000000000000000, -134.4905311952501847, 33.49182103046094738 ) ) ;
#4473 = VECTOR ( 'NONE', #5296, 1000.000000000000000 ) ;
#4474 = CARTESIAN_POINT ( 'NONE',  ( -18.59557676925827607, -21.84759553203819493, -43.53743056243480680 ) ) ;
#4475 = CARTESIAN_POINT ( 'NONE',  ( -11.57808816850905664, -15.15320853066307016, -44.16020662755028070 ) ) ;
#4476 = ORIENTED_EDGE ( 'NONE', *, *, #3221, .T. ) ;
#4477 = CARTESIAN_POINT ( 'NONE',  ( -0.7762518753303696561, -35.95464024308373752, -22.00324528316177108 ) ) ;
#4478 = CARTESIAN_POINT ( 'NONE',  ( -6.550000000000000711, 4.342918429551589909, -8.483015944477600101 ) ) ;
#4479 = VECTOR ( 'NONE', #2773, 1000.000000000000227 ) ;
#4480 = EDGE_LOOP ( 'NONE', ( #3733, #534, #3270, #835 ) ) ;
#4481 = B_SPLINE_CURVE_WITH_KNOTS ( 'NONE', 3,
 ( #3023, #5760, #8592, #6152, #6779, #7483, #8680, #5346, #6062, #2699, #3276, #8192, #1979, #1168, #5444, #8008, #5303, #1887, #8056, #8102, #4725, #6111, #8721, #3957, #6680, #8147, #2604, #2018, #1937, #1311, #4048, #3411, #4007, #8763, #7445, #6729, #6019, #5397 ),
 .UNSPECIFIED., .F., .F.,
 ( 4, 2, 2, 2, 2, 2, 2, 2, 2, 2, 2, 2, 2, 2, 2, 2, 2, 2, 4 ),
 ( 0.000000000000000000, 0.1250000000000000000, 0.1875000000000000000, 0.2500000000000000000, 0.3125000000000000000, 0.3750000000000000000, 0.4375000000000000000, 0.5000000000000000000, 0.5625000000000000000, 0.6250000000000000000, 0.6875000000000001110, 0.7500000000000000000, 0.7812499999999998890, 0.8124999999999998890, 0.8437499999999998890, 0.8750000000000000000, 0.9062500000000000000, 0.9375000000000000000, 1.000000000000000000 ),
 .UNSPECIFIED. ) ;
#4482 = CARTESIAN_POINT ( 'NONE',  ( -15.00000000000000000, -97.40593781834532194, 32.07935632944174387 ) ) ;
#4483 = CARTESIAN_POINT ( 'NONE',  ( -20.39612062771130141, -61.75182069884252911, 5.793629176808388515 ) ) ;
#4484 = DIRECTION ( 'NONE',  ( 0.000000000000000000, 0.000000000000000000, -1.000000000000000000 ) ) ;
#4485 = ADVANCED_FACE ( 'NONE', ( #5632 ), #1457, .T. ) ;
#4486 = CARTESIAN_POINT ( 'NONE',  ( -2.840146125786672471, -103.1462419488917845, 45.04947790943332819 ) ) ;
#4487 = CARTESIAN_POINT ( 'NONE',  ( -19.70440112760839568, -53.26089482889454274, -9.693719496266325564 ) ) ;
#4488 = CARTESIAN_POINT ( 'NONE',  ( -12.27334915806638627, -15.30247509771331060, -44.92676732616982349 ) ) ;
#4489 = ORIENTED_EDGE ( 'NONE', *, *, #3037, .T. ) ;
#4490 = CARTESIAN_POINT ( 'NONE',  ( -21.42371205798994893, -27.69062425431465968, -21.33275019067307454 ) ) ;
#4491 = CARTESIAN_POINT ( 'NONE',  ( -11.67758686011480052, 16.15436888878677379, -44.10989653407379052 ) ) ;
#4492 = DIRECTION ( 'NONE',  ( 0.000000000000000000, -0.9396926207859082059, 0.3420201433256692125 ) ) ;
#4493 = AXIS2_PLACEMENT_3D ( 'NONE', #1945, #3324, #6642 ) ;
#4494 = EDGE_LOOP ( 'NONE', ( #1653, #1067, #2031, #4719, #2287, #1130, #7040, #146, #7865, #5954, #60, #8217, #8719, #2070, #1371, #3553 ) ) ;
#4495 = CARTESIAN_POINT ( 'NONE',  ( -15.08988027025559653, -37.13003281655814902, -21.41637087004159667 ) ) ;
#4496 = VECTOR ( 'NONE', #1265, 1000.000000000000000 ) ;
#4497 = DIRECTION ( 'NONE',  ( -0.000000000000000000, 0.7660444431189820103, -0.6427876096865344779 ) ) ;
#4498 = DIRECTION ( 'NONE',  ( 0.000000000000000000, -0.7660444431189812331, 0.6427876096865354771 ) ) ;
#4499 = DIRECTION ( 'NONE',  ( -0.000000000000000000, 0.9848077530122094636, -0.1736481776669230315 ) ) ;
#4500 = VECTOR ( 'NONE', #6037, 1000.000000000000000 ) ;
#4501 = CYLINDRICAL_SURFACE ( 'NONE', #6944, 1.700000000000010614 ) ;
#4502 = ORIENTED_EDGE ( 'NONE', *, *, #5408, .F. ) ;
#4503 = ORIENTED_EDGE ( 'NONE', *, *, #2850, .T. ) ;
#4504 = VECTOR ( 'NONE', #4718, 1000.000000000000000 ) ;
#4505 = DIRECTION ( 'NONE',  ( 0.000000000000000000, 0.1736481776669229204, 0.9848077530122093526 ) ) ;
#4506 = ADVANCED_FACE ( 'NONE', ( #7718 ), #6205, .F. ) ;
#4507 = DIRECTION ( 'NONE',  ( 0.000000000000000000, -0.9848077530122093526, 0.1736481776669228927 ) ) ;
#4508 = CARTESIAN_POINT ( 'NONE',  ( -14.13108178999170050, -53.98126736470049991, -11.65273146091863765 ) ) ;
#4509 = VERTEX_POINT ( 'NONE', #4242 ) ;
#4510 = CARTESIAN_POINT ( 'NONE',  ( -12.19083461222123077, -14.68197569938394587, -21.29634816116375617 ) ) ;
#4511 = AXIS2_PLACEMENT_3D ( 'NONE', #1686, #1820, #7238 ) ;
#4512 = CARTESIAN_POINT ( 'NONE',  ( -19.88669774594865558, 18.06397657989736416, -41.58344998772472678 ) ) ;
#4513 = EDGE_CURVE ( 'NONE', #8558, #3322, #6967, .T. ) ;
#4514 = CARTESIAN_POINT ( 'NONE',  ( -1.300011015784769519, -124.4758996252395917, 18.76861490077999761 ) ) ;
#4515 = EDGE_CURVE ( 'NONE', #462, #7699, #4197, .T. ) ;
#4516 = CARTESIAN_POINT ( 'NONE',  ( 23.44999999999999929, -25.46246350426179816, -45.29634816116374907 ) ) ;
#4517 = AXIS2_PLACEMENT_3D ( 'NONE', #6572, #481, #1913 ) ;
#4518 = EDGE_CURVE ( 'NONE', #6447, #6171, #158, .T. ) ;
#4519 = B_SPLINE_CURVE_WITH_KNOTS ( 'NONE', 3,
 ( #7109, #3046, #5780, #2414, #8533, #983, #3717, #314, #8486, #1247, #1914, #4659, #580, #1294, #3992, #7431, #7334, #6711, #6090, #1192 ),
 .UNSPECIFIED., .F., .F.,
 ( 4, 2, 2, 2, 2, 2, 2, 2, 2, 4 ),
 ( 0.000000000000000000, 0.1000000000000003664, 0.2000000000000007327, 0.3000000000000001554, 0.5000000000000000000, 0.6999999999999998446, 0.7499999999999995559, 0.7999999999999992673, 0.8999999999999996891, 1.000000000000000000 ),
 .UNSPECIFIED. ) ;
#4520 = PLANE ( 'NONE',  #933 ) ;
#4521 = AXIS2_PLACEMENT_3D ( 'NONE', #7346, #3272, #3314 ) ;
#4522 = CARTESIAN_POINT ( 'NONE',  ( -22.44700257992001724, -43.33622927068630304, -10.46303855838675645 ) ) ;
#4523 = VERTEX_POINT ( 'NONE', #3560 ) ;
#4524 = DIRECTION ( 'NONE',  ( -1.000000000000000000, 0.000000000000000000, 0.000000000000000000 ) ) ;
#4525 = EDGE_CURVE ( 'NONE', #5565, #4133, #6296, .T. ) ;
#4526 = CARTESIAN_POINT ( 'NONE',  ( 0.000000000000000000, -120.6584269231651660, 24.92287151326737771 ) ) ;
#4527 = LINE ( 'NONE', #7777, #3666 ) ;
#4528 = ORIENTED_EDGE ( 'NONE', *, *, #6767, .T. ) ;
#4529 = CARTESIAN_POINT ( 'NONE',  ( -15.88511950485765745, -72.96470944189114505, 31.85646251832256581 ) ) ;
#4530 = CARTESIAN_POINT ( 'NONE',  ( -15.00000000000000000, -102.6231847897608986, 11.68974847040856524 ) ) ;
#4531 = CIRCLE ( 'NONE', #6386, 4.000000000000000000 ) ;
#4532 = AXIS2_PLACEMENT_3D ( 'NONE', #7925, #13, #4864 ) ;
#4533 = CYLINDRICAL_SURFACE ( 'NONE', #2103, 7.000000000000000000 ) ;
#4534 = CARTESIAN_POINT ( 'NONE',  ( -15.39285803816468956, 13.89737477234909591, -21.32798935625200443 ) ) ;
#4535 = DIRECTION ( 'NONE',  ( 0.000000000000000000, -0.3420201433256692125, -0.9396926207859083169 ) ) ;
#4536 = CARTESIAN_POINT ( 'NONE',  ( -37.07224088444629473, -70.68806733567512879, 7.587567390207664353 ) ) ;
#4537 = FACE_OUTER_BOUND ( 'NONE', #5476, .T. ) ;
#4538 = ORIENTED_EDGE ( 'NONE', *, *, #3811, .F. ) ;
#4539 = AXIS2_PLACEMENT_3D ( 'NONE', #1595, #3478, #2859 ) ;
#4540 = B_SPLINE_CURVE_WITH_KNOTS ( 'NONE', 3,
 ( #5704, #1612, #3587, #2288, #142, #2874, #8405, #316, #5658, #8315, #5030, #8361, #7740, #6993, #7072, #226, #3671, #2149 ),
 .UNSPECIFIED., .F., .F.,
 ( 4, 2, 2, 2, 2, 2, 2, 2, 4 ),
 ( 0.000000000000000000, 0.1250000000000001388, 0.2500000000000002776, 0.3749999999999998335, 0.5000000000000000000, 0.6250000000000001110, 0.7499999999999996669, 0.8749999999999998890, 1.000000000000000000 ),
 .UNSPECIFIED. ) ;
#4541 = CARTESIAN_POINT ( 'NONE',  ( -11.28103336111893817, 16.44319705519183472, -44.25711060734330005 ) ) ;
#4542 = CARTESIAN_POINT ( 'NONE',  ( -15.12130408122769154, -84.65021609391138213, 28.37852982225972553 ) ) ;
#4543 = ORIENTED_EDGE ( 'NONE', *, *, #6211, .F. ) ;
#4544 = VECTOR ( 'NONE', #8100, 1000.000000000000000 ) ;
#4545 = DIRECTION ( 'NONE',  ( -0.000000000000000000, 0.000000000000000000, 1.000000000000000000 ) ) ;
#4546 = VECTOR ( 'NONE', #1546, 1000.000000000000000 ) ;
#4547 = CARTESIAN_POINT ( 'NONE',  ( -14.70700594834913666, 26.53753649573820184, -43.29634816116374196 ) ) ;
#4548 = CARTESIAN_POINT ( 'NONE',  ( -21.96536483574853804, -52.84824844704471758, -12.60344721684046831 ) ) ;
#4549 = DIRECTION ( 'NONE',  ( -0.000000000000000000, 0.7660444431189818992, -0.6427876096865347000 ) ) ;
#4550 = ORIENTED_EDGE ( 'NONE', *, *, #7991, .T. ) ;
#4551 = ORIENTED_EDGE ( 'NONE', *, *, #7292, .F. ) ;
#4552 = AXIS2_PLACEMENT_3D ( 'NONE', #3363, #2742, #4632 ) ;
#4553 = CARTESIAN_POINT ( 'NONE',  ( -14.59561569588435859, 26.53753649573820184, -44.17926743284184710 ) ) ;
#4554 = CARTESIAN_POINT ( 'NONE',  ( -15.00000000000000000, -120.1554226140695363, 31.84896853206123524 ) ) ;
#4555 = LINE ( 'NONE', #5860, #104 ) ;
#4556 = CARTESIAN_POINT ( 'NONE',  ( -15.37175718863362128, 26.50439153441216078, -43.32957717892984562 ) ) ;
#4557 = EDGE_CURVE ( 'NONE', #6408, #3160, #5592, .T. ) ;
#4558 = DIRECTION ( 'NONE',  ( 0.000000000000000000, -0.9848077530122092416, 0.1736481776669233090 ) ) ;
#4559 = CARTESIAN_POINT ( 'NONE',  ( -17.71886704315976502, 21.86989190517742543, -45.29634816116374196 ) ) ;
#4560 = VECTOR ( 'NONE', #6262, 1000.000000000000000 ) ;
#4561 = CARTESIAN_POINT ( 'NONE',  ( -14.78275756306303812, -54.23580781553176422, 22.43491794090309455 ) ) ;
#4562 = LINE ( 'NONE', #8781, #3622 ) ;
#4563 = LINE ( 'NONE', #3883, #7655 ) ;
#4564 = DIRECTION ( 'NONE',  ( 0.000000000000000000, -0.9143751889140099287, 0.4048678968484271112 ) ) ;
#4565 = CARTESIAN_POINT ( 'NONE',  ( -21.62945830381899981, -48.00912458578451947, -16.11923150593613130 ) ) ;
#4566 = ORIENTED_EDGE ( 'NONE', *, *, #7136, .T. ) ;
#4567 = CARTESIAN_POINT ( 'NONE',  ( -22.77889337006700643, 30.46584114248974728, -15.60941906905098797 ) ) ;
#4568 = ADVANCED_FACE ( 'NONE', ( #2802 ), #4289, .F. ) ;
#4569 = FACE_OUTER_BOUND ( 'NONE', #2997, .T. ) ;
#4570 = DIRECTION ( 'NONE',  ( 0.000000000000000000, -0.7095845552022339575, -0.7046202942141588377 ) ) ;
#4571 = VECTOR ( 'NONE', #5441, 1000.000000000000000 ) ;
#4572 = ORIENTED_EDGE ( 'NONE', *, *, #4616, .T. ) ;
#4573 = CARTESIAN_POINT ( 'NONE',  ( -0.9486884533560482335, -35.79857747681158031, -22.08877268840706165 ) ) ;
#4574 = CARTESIAN_POINT ( 'NONE',  ( -14.99999999999661782, -114.7335992036470742, 16.76397644915262575 ) ) ;
#4575 =( BOUNDED_CURVE ( )  B_SPLINE_CURVE ( 3, ( #7274, #2439, #3071, #1174 ),
 .UNSPECIFIED., .F., .F. ) 
 B_SPLINE_CURVE_WITH_KNOTS ( ( 4, 4 ),
 ( 0.4899714172411175905, 0.6302371172656251463 ),
 .UNSPECIFIED. ) 
 CURVE ( )  GEOMETRIC_REPRESENTATION_ITEM ( )  RATIONAL_B_SPLINE_CURVE ( ( 1.000000000000000000, 0.9983611330281529916, 0.9983611330281529916, 1.000000000000000000 ) ) 
 REPRESENTATION_ITEM ( '' )  );
#4576 = CARTESIAN_POINT ( 'NONE',  ( -9.044605644593863403, -72.18973607636880274, 31.50397843339541737 ) ) ;
#4577 = CARTESIAN_POINT ( 'NONE',  ( -16.82077939958334412, -16.46246350426196869, -45.29634816116374907 ) ) ;
#4578 = FACE_OUTER_BOUND ( 'NONE', #6280, .T. ) ;
#4579 = LINE ( 'NONE', #7831, #1327 ) ;
#4580 = CARTESIAN_POINT ( 'NONE',  ( 0.000000000000000000, -121.9262817083872505, 27.64179487437733940 ) ) ;
#4581 = ORIENTED_EDGE ( 'NONE', *, *, #3350, .T. ) ;
#4582 = CARTESIAN_POINT ( 'NONE',  ( -1.253984747379908615, -125.6797723736628711, 18.97019296496761243 ) ) ;
#4583 = CARTESIAN_POINT ( 'NONE',  ( 0.000000000000000000, 0.000000000000000000, 0.000000000000000000 ) ) ;
#4584 = ORIENTED_EDGE ( 'NONE', *, *, #3695, .F. ) ;
#4585 = ADVANCED_FACE ( 'NONE', ( #3514 ), #8294, .T. ) ;
#4586 = FACE_OUTER_BOUND ( 'NONE', #649, .T. ) ;
#4587 = LINE ( 'NONE', #7880, #7668 ) ;
#4588 = CARTESIAN_POINT ( 'NONE',  ( -22.83101906800076719, -47.76978312703388241, -6.637430358678439113 ) ) ;
#4589 = DIRECTION ( 'NONE',  ( 0.000000000000000000, -0.9848077530122093526, 0.1736481776669232258 ) ) ;
#4590 = ORIENTED_EDGE ( 'NONE', *, *, #4440, .T. ) ;
#4591 = EDGE_CURVE ( 'NONE', #2681, #3820, #783, .T. ) ;
#4592 = ORIENTED_EDGE ( 'NONE', *, *, #1379, .T. ) ;
#4593 = CARTESIAN_POINT ( 'NONE',  ( -15.00000000000000000, -102.3538084696227344, 25.59392898567852725 ) ) ;
#4594 = CARTESIAN_POINT ( 'NONE',  ( -19.76657000559822919, -12.46246350426197402, -21.29634816116374907 ) ) ;
#4595 = CARTESIAN_POINT ( 'NONE',  ( -1.684540564699736009, -58.04405549004393805, 22.29238467265473034 ) ) ;
#4596 = DIRECTION ( 'NONE',  ( 0.000000000000000000, 0.9396926207859083169, -0.3420201433256687129 ) ) ;
#4597 = CARTESIAN_POINT ( 'NONE',  ( -6.749269901708617958, -134.4333481168722528, 46.65985982780490104 ) ) ;
#4598 = FACE_OUTER_BOUND ( 'NONE', #7156, .T. ) ;
#4599 = CARTESIAN_POINT ( 'NONE',  ( -14.70700594834913844, 24.53753649573820184, -45.29634816116374196 ) ) ;
#4600 = EDGE_LOOP ( 'NONE', ( #2134, #7628, #5332, #3433 ) ) ;
#4601 = EDGE_CURVE ( 'NONE', #5339, #5355, #5544, .T. ) ;
#4602 = LINE ( 'NONE', #5947, #185 ) ;
#4603 = CARTESIAN_POINT ( 'NONE',  ( -10.55000000000000071, 32.26483186922731505, -11.37554941312703427 ) ) ;
#4604 = CARTESIAN_POINT ( 'NONE',  ( -14.96148351789102726, -38.50028961305760333, -20.85005250131177590 ) ) ;
#4605 = CARTESIAN_POINT ( 'NONE',  ( -15.00000000000000000, -132.9772188151790431, 20.87278624230484070 ) ) ;
#4606 = CARTESIAN_POINT ( 'NONE',  ( -21.25571124827474989, -38.97054437680330352, -20.67543087641106325 ) ) ;
#4607 = EDGE_LOOP ( 'NONE', ( #724, #3771, #5723, #4892 ) ) ;
#4608 = CARTESIAN_POINT ( 'NONE',  ( -23.41358697174259262, 28.66351622625776585, -15.23980918646074656 ) ) ;
#4609 = LINE ( 'NONE', #5426, #3505 ) ;
#4610 = CARTESIAN_POINT ( 'NONE',  ( 23.28325370891903745, -120.2201213401917244, 40.11018988692320875 ) ) ;
#4611 = ORIENTED_EDGE ( 'NONE', *, *, #2151, .T. ) ;
#4612 = DIRECTION ( 'NONE',  ( -1.000000000000000000, -0.000000000000000000, -0.000000000000000000 ) ) ;
#4613 = CARTESIAN_POINT ( 'NONE',  ( -12.86091197005306697, -14.43967711611275995, -23.00801448204603972 ) ) ;
#4614 = ADVANCED_FACE ( 'NONE', ( #2074 ), #2168, .T. ) ;
#4615 = CARTESIAN_POINT ( 'NONE',  ( 23.44999999999999929, 26.53753649573820184, -45.29634816116374196 ) ) ;
#4616 = EDGE_CURVE ( 'NONE', #8634, #886, #8422, .T. ) ;
#4617 = CARTESIAN_POINT ( 'NONE',  ( -2.999999999999999556, -135.9270157972180471, 29.54511202316014717 ) ) ;
#4618 = CARTESIAN_POINT ( 'NONE',  ( -6.000000000000000000, -77.59885521316199686, 16.27262499649769367 ) ) ;
#4619 = CARTESIAN_POINT ( 'NONE',  ( -18.43297997926451970, -53.73792025940797856, -10.42510809235693259 ) ) ;
#4620 = CARTESIAN_POINT ( 'NONE',  ( -16.15282910861911247, -22.32288470882792808, -45.29634816116374907 ) ) ;
#4621 = ORIENTED_EDGE ( 'NONE', *, *, #7273, .T. ) ;
#4622 = AXIS2_PLACEMENT_3D ( 'NONE', #4304, #6101, #2865 ) ;
#4623 = EDGE_CURVE ( 'NONE', #4901, #3446, #4453, .T. ) ;
#4624 =( BOUNDED_CURVE ( )  B_SPLINE_CURVE ( 3, ( #887, #6654, #3250, #525 ),
 .UNSPECIFIED., .F., .F. ) 
 B_SPLINE_CURVE_WITH_KNOTS ( ( 4, 4 ),
 ( 4.712388980384689674, 6.389769976796856987 ),
 .UNSPECIFIED. ) 
 CURVE ( )  GEOMETRIC_REPRESENTATION_ITEM ( )  RATIONAL_B_SPLINE_CURVE ( ( 1.000000000000000000, 0.7789582431887948077, 0.7789582431887948077, 1.000000000000000000 ) ) 
 REPRESENTATION_ITEM ( '' )  );
#4625 = EDGE_CURVE ( 'NONE', #7900, #8634, #3950, .T. ) ;
#4626 = DIRECTION ( 'NONE',  ( 0.000000000000000000, 0.9463118589240399059, -0.3232551092554114547 ) ) ;
#4627 = DIRECTION ( 'NONE',  ( 0.000000000000000000, 0.000000000000000000, -1.000000000000000000 ) ) ;
#4628 = EDGE_LOOP ( 'NONE', ( #7225, #6732, #3008, #4621 ) ) ;
#4629 = ORIENTED_EDGE ( 'NONE', *, *, #4468, .T. ) ;
#4630 = LINE ( 'NONE', #7351, #4122 ) ;
#4631 = ADVANCED_FACE ( 'NONE', ( #1714 ), #7093, .T. ) ;
#4632 = DIRECTION ( 'NONE',  ( 0.000000000000000000, -0.9463118589240399059, 0.3232551092554114547 ) ) ;
#4633 = CARTESIAN_POINT ( 'NONE',  ( -14.13187876702133927, -54.81588786112521916, -10.95240171019566588 ) ) ;
#4634 = DIRECTION ( 'NONE',  ( -0.000000000000000000, 0.1736481776669231980, 0.9848077530122093526 ) ) ;
#4635 = ORIENTED_EDGE ( 'NONE', *, *, #1167, .F. ) ;
#4636 = ORIENTED_EDGE ( 'NONE', *, *, #3412, .F. ) ;
#4637 = CARTESIAN_POINT ( 'NONE',  ( -16.03043454658952172, -12.31440831149979154, -21.30183577466519651 ) ) ;
#4638 = CARTESIAN_POINT ( 'NONE',  ( -2.755659994800625512, -103.6940864390930130, 45.18377958217486423 ) ) ;
#4639 = CARTESIAN_POINT ( 'NONE',  ( -15.38620777528672079, -52.47418028629975595, 21.02326185008231008 ) ) ;
#4640 = ORIENTED_EDGE ( 'NONE', *, *, #5561, .F. ) ;
#4641 = CARTESIAN_POINT ( 'NONE',  ( -12.00000000000008704, -121.1330780353518861, 32.03547454657584836 ) ) ;
#4642 = CIRCLE ( 'NONE', #1772, 50.00000000000000000 ) ;
#4643 = CARTESIAN_POINT ( 'NONE',  ( -12.75000000000000000, -76.37521062310625553, 25.48216967743977079 ) ) ;
#4644 = LINE ( 'NONE', #8690, #5838 ) ;
#4645 = CARTESIAN_POINT ( 'NONE',  ( -16.24173889606021248, 24.13005304673215079, -45.29634816116374196 ) ) ;
#4646 = VERTEX_POINT ( 'NONE', #7134 ) ;
#4647 = CARTESIAN_POINT ( 'NONE',  ( -12.66791935874139341, 15.77255160749568574, -44.23778990852462556 ) ) ;
#4648 = VECTOR ( 'NONE', #3158, 1000.000000000000114 ) ;
#4649 = CARTESIAN_POINT ( 'NONE',  ( -6.541508806474363169, -77.88314718526051195, 2.454502781571934023 ) ) ;
#4650 = DIRECTION ( 'NONE',  ( 0.000000000000000000, -0.9848077530122093526, 0.1736481776669233090 ) ) ;
#4651 = LINE ( 'NONE', #5706, #5238 ) ;
#4652 = CARTESIAN_POINT ( 'NONE',  ( -11.82712760393827089, -14.96634852026415174, -44.01019766932798660 ) ) ;
#4653 = CIRCLE ( 'NONE', #2217, 2.999999999999999112 ) ;
#4654 = VERTEX_POINT ( 'NONE', #5890 ) ;
#4655 = ORIENTED_EDGE ( 'NONE', *, *, #2646, .F. ) ;
#4656 = CARTESIAN_POINT ( 'NONE',  ( -15.00000000000000000, -124.8077875786816406, 36.03959259557475292 ) ) ;
#4657 = VECTOR ( 'NONE', #6266, 1000.000000000000227 ) ;
#4658 = CARTESIAN_POINT ( 'NONE',  ( -3.911022719250031088, -93.19815697708075675, 6.482637462876945200 ) ) ;
#4659 = CARTESIAN_POINT ( 'NONE',  ( -14.99999999999999822, -102.4354725622696236, 32.89373915965748552 ) ) ;
#4660 = VECTOR ( 'NONE', #1432, 1000.000000000000114 ) ;
#4661 = ORIENTED_EDGE ( 'NONE', *, *, #1, .F. ) ;
#4662 = CARTESIAN_POINT ( 'NONE',  ( -18.25000000000000000, 28.62104318308211859, -10.73305115575941571 ) ) ;
#4663 = CARTESIAN_POINT ( 'NONE',  ( -15.00000000000000000, -100.9140985623047442, 10.70973397669981786 ) ) ;
#4664 = B_SPLINE_CURVE_WITH_KNOTS ( 'NONE', 3,
 ( #6463, #3070, #8467, #6558 ),
 .UNSPECIFIED., .F., .F.,
 ( 4, 4 ),
 ( 0.000000000000000000, 1.000000000000000000 ),
 .UNSPECIFIED. ) ;
#4665 = ORIENTED_EDGE ( 'NONE', *, *, #7034, .T. ) ;
#4666 = AXIS2_PLACEMENT_3D ( 'NONE', #3873, #6595, #461 ) ;
#4667 = VECTOR ( 'NONE', #8027, 1000.000000000000114 ) ;
#4668 = LINE ( 'NONE', #8136, #7940 ) ;
#4669 = EDGE_CURVE ( 'NONE', #588, #1753, #1126, .T. ) ;
#4670 = CARTESIAN_POINT ( 'NONE',  ( -14.90769337630546332, 24.53755048202950562, -45.29634816116372065 ) ) ;
#4671 = CARTESIAN_POINT ( 'NONE',  ( -19.99711595542628828, -53.12138486993184472, -9.490096268976087046 ) ) ;
#4672 = CARTESIAN_POINT ( 'NONE',  ( -4.400000000000000355, -138.6721633577474506, 35.01381066826016308 ) ) ;
#4673 = VERTEX_POINT ( 'NONE', #6551 ) ;
#4674 = DIRECTION ( 'NONE',  ( 0.000000000000000000, 0.000000000000000000, -1.000000000000000000 ) ) ;
#4675 = DIRECTION ( 'NONE',  ( 1.000000000000000000, 0.000000000000000000, 0.000000000000000000 ) ) ;
#4676 = EDGE_CURVE ( 'NONE', #8180, #3337, #999, .T. ) ;
#4677 = PLANE ( 'NONE',  #4414 ) ;
#4678 = CARTESIAN_POINT ( 'NONE',  ( -5.999999999999998224, -76.19643011214637340, 9.598817985670731190 ) ) ;
#4679 = EDGE_CURVE ( 'NONE', #5475, #7035, #290, .T. ) ;
#4680 = CARTESIAN_POINT ( 'NONE',  ( -14.04694059005661799, -54.74710776445026283, -11.01011506394795525 ) ) ;
#4681 = CARTESIAN_POINT ( 'NONE',  ( -15.89539083893972560, -75.79505752632555016, 25.56703793074026265 ) ) ;
#4682 = ORIENTED_EDGE ( 'NONE', *, *, #6313, .T. ) ;
#4683 = ORIENTED_EDGE ( 'NONE', *, *, #1325, .T. ) ;
#4684 = FACE_OUTER_BOUND ( 'NONE', #5635, .T. ) ;
#4685 = CARTESIAN_POINT ( 'NONE',  ( -2.060445533975737487, -109.0439359173284828, 46.49527170565810508 ) ) ;
#4686 = CARTESIAN_POINT ( 'NONE',  ( -20.17649729264082481, -54.72395931903211874, 22.83643127593962774 ) ) ;
#4687 = EDGE_LOOP ( 'NONE', ( #8507, #8404, #4393, #6721 ) ) ;
#4688 = DIRECTION ( 'NONE',  ( 0.000000000000000000, -0.9848077530122094636, 0.1736481776669225319 ) ) ;
#4689 = VECTOR ( 'NONE', #3327, 1000.000000000000114 ) ;
#4690 = CARTESIAN_POINT ( 'NONE',  ( -15.22643973753877233, -88.06860487140933458, 16.42631312825369960 ) ) ;
#4691 = CARTESIAN_POINT ( 'NONE',  ( -3.425827590232191966, -99.19646062303706913, 43.97355339616488124 ) ) ;
#4692 = CARTESIAN_POINT ( 'NONE',  ( -3.522121827229524715, -96.44078063497687481, 8.074676201911916706 ) ) ;
#4693 = VECTOR ( 'NONE', #5425, 1000.000000000000114 ) ;
#4694 = VERTEX_POINT ( 'NONE', #4372 ) ;
#4695 = DIRECTION ( 'NONE',  ( 0.000000000000000000, 0.000000000000000000, -1.000000000000000000 ) ) ;
#4696 = CARTESIAN_POINT ( 'NONE',  ( -9.099999999999999645, -69.02821919591445976, 13.76615170645137987 ) ) ;
#4697 = VECTOR ( 'NONE', #6815, 1000.000000000000000 ) ;
#4698 = CARTESIAN_POINT ( 'NONE',  ( -9.099999999999999645, -69.02821919591445976, 13.76615170645137987 ) ) ;
#4699 = PLANE ( 'NONE',  #1193 ) ;
#4700 = CARTESIAN_POINT ( 'NONE',  ( -22.15740346661347004, 18.06397657989738903, -23.58501837703586190 ) ) ;
#4701 = ORIENTED_EDGE ( 'NONE', *, *, #5455, .F. ) ;
#4702 = VERTEX_POINT ( 'NONE', #1038 ) ;
#4703 = CARTESIAN_POINT ( 'NONE',  ( -20.05921122909813903, 32.67149667567925064, -15.93465358846286506 ) ) ;
#4704 = EDGE_CURVE ( 'NONE', #5763, #3723, #5219, .T. ) ;
#4705 = VECTOR ( 'NONE', #8689, 1000.000000000000000 ) ;
#4706 = LINE ( 'NONE', #4168, #3541 ) ;
#4707 = CARTESIAN_POINT ( 'NONE',  ( -15.03603018044173822, -96.74930416338720818, 8.238782860980112588 ) ) ;
#4708 = CARTESIAN_POINT ( 'NONE',  ( 78.44999999999998863, -116.9023433002326016, -13.35486310416182754 ) ) ;
#4709 = ORIENTED_EDGE ( 'NONE', *, *, #7491, .F. ) ;
#4710 = DIRECTION ( 'NONE',  ( 0.000000000000000000, 0.000000000000000000, -1.000000000000000000 ) ) ;
#4711 = DIRECTION ( 'NONE',  ( -0.000000000000000000, 0.3232551092554040162, 0.9463118589240424594 ) ) ;
#4712 = VECTOR ( 'NONE', #6332, 1000.000000000000227 ) ;
#4713 = VERTEX_POINT ( 'NONE', #4415 ) ;
#4714 = ADVANCED_FACE ( 'NONE', ( #2304 ), #1755, .F. ) ;
#4715 = CARTESIAN_POINT ( 'NONE',  ( -16.46850821320301250, -71.84169335738617690, 24.53642597186346919 ) ) ;
#4716 = DIRECTION ( 'NONE',  ( 0.000000000000000000, -0.7660444431189812331, 0.6427876096865352551 ) ) ;
#4717 = DIRECTION ( 'NONE',  ( 0.000000000000000000, 0.7660444431189821213, -0.6427876096865344779 ) ) ;
#4718 = DIRECTION ( 'NONE',  ( 1.000000000000000000, -0.000000000000000000, -0.000000000000000000 ) ) ;
#4719 = ORIENTED_EDGE ( 'NONE', *, *, #5927, .T. ) ;
#4720 = CARTESIAN_POINT ( 'NONE',  ( -13.34917551253256995, -14.16792660136461635, -22.24929753470344096 ) ) ;
#4721 = CARTESIAN_POINT ( 'NONE',  ( -12.75000000000000000, -116.1242084823501983, 39.94962174011556044 ) ) ;
#4722 = CARTESIAN_POINT ( 'NONE',  ( -23.44999999999999929, -39.17011093630957674, -3.247518723442636812 ) ) ;
#4723 = ORIENTED_EDGE ( 'NONE', *, *, #3303, .T. ) ;
#4724 = CARTESIAN_POINT ( 'NONE',  ( -5.999999999999991118, -118.1062604575492401, 37.98143622131650687 ) ) ;
#4725 = CARTESIAN_POINT ( 'NONE',  ( -11.94086483566843349, 15.95398189247608123, -43.90666610418847426 ) ) ;
#4726 = CARTESIAN_POINT ( 'NONE',  ( -14.11446840999476393, -54.13248084427826967, -11.52584828597590061 ) ) ;
#4727 = PLANE ( 'NONE',  #6951 ) ;
#4728 = ORIENTED_EDGE ( 'NONE', *, *, #4518, .T. ) ;
#4729 = VERTEX_POINT ( 'NONE', #7757 ) ;
#4730 = CARTESIAN_POINT ( 'NONE',  ( -15.00000000000107292, -115.6669351147255753, 48.11887089598009482 ) ) ;
#4731 = EDGE_CURVE ( 'NONE', #2566, #7168, #7266, .T. ) ;
#4732 = DIRECTION ( 'NONE',  ( -0.000000000000000000, -0.9396926207859083169, 0.3420201433256692680 ) ) ;
#4733 = EDGE_CURVE ( 'NONE', #2806, #2050, #7965, .T. ) ;
#4734 = VERTEX_POINT ( 'NONE', #421 ) ;
#4735 = FACE_OUTER_BOUND ( 'NONE', #1740, .T. ) ;
#4736 = DIRECTION ( 'NONE',  ( -1.840931035730488994E-14, -0.3420201433256649381, -0.9396926207859097602 ) ) ;
#4737 = CARTESIAN_POINT ( 'NONE',  ( -18.44999999999999929, 34.52346029824676776, -7.204386791072471041 ) ) ;
#4738 =( BOUNDED_SURFACE ( )  B_SPLINE_SURFACE ( 2, 3, ( 
 ( #3072, #7763, #7099, #4554 ),
 ( #299, #7275, #3030, #5766 ),
 ( #8469, #2352, #5103, #7804 ) ),
 .UNSPECIFIED., .F., .F., .T. ) 
 B_SPLINE_SURFACE_WITH_KNOTS ( ( 3, 3 ),
 ( 4, 4 ),
 ( 0.000000000000000000, 1.000000000000000000 ),
 ( 0.1536338434959553800, 0.1781624861937160520 ),
 .UNSPECIFIED. ) 
 GEOMETRIC_REPRESENTATION_ITEM ( )  RATIONAL_B_SPLINE_SURFACE ( (
 ( 1.000000000000000000, 1.000000000000000000, 1.000000000000000000, 1.000000000000000000),
 ( 0.7071067811865474617, 0.7071067811865474617, 0.7071067811865475727, 0.7071067811865475727),
 ( 1.000000000000000000, 1.000000000000000000, 1.000000000000000000, 1.000000000000000000) ) ) 
 REPRESENTATION_ITEM ( '' )  SURFACE ( )  );
#4739 = CARTESIAN_POINT ( 'NONE',  ( -3.000000000000000000, 33.39474714341176309, -13.60563718565184033 ) ) ;
#4740 = ORIENTED_EDGE ( 'NONE', *, *, #8320, .F. ) ;
#4741 = ADVANCED_FACE ( 'NONE', ( #6458 ), #2432, .F. ) ;
#4742 = CARTESIAN_POINT ( 'NONE',  ( -11.96684170515585421, 16.82697074740551102, -45.16668424103311708 ) ) ;
#4743 = CARTESIAN_POINT ( 'NONE',  ( -15.49624138013690455, -79.38864125209366307, 26.74549270907063203 ) ) ;
#4744 = CARTESIAN_POINT ( 'NONE',  ( -14.91455520717246586, -39.14357979000072163, -20.61117692866320539 ) ) ;
#4745 = CARTESIAN_POINT ( 'NONE',  ( -22.55793525282748746, 16.51146396747152068, -20.13650927818278547 ) ) ;
#4746 = EDGE_LOOP ( 'NONE', ( #8340, #3535, #3579, #1941 ) ) ;
#4747 = ORIENTED_EDGE ( 'NONE', *, *, #7420, .F. ) ;
#4748 = CARTESIAN_POINT ( 'NONE',  ( -15.00000000000000000, -129.3550631442867882, 37.31601460357121169 ) ) ;
#4749 = EDGE_CURVE ( 'NONE', #1345, #4673, #375, .T. ) ;
#4750 = CARTESIAN_POINT ( 'NONE',  ( -4.023718307999082811, -95.57530109429902154, 42.73319754226404399 ) ) ;
#4751 = EDGE_CURVE ( 'NONE', #229, #2624, #3106, .T. ) ;
#4752 = CARTESIAN_POINT ( 'NONE',  ( -3.615148573051139902, -95.63694774300400070, 7.659599101527950538 ) ) ;
#4753 = CARTESIAN_POINT ( 'NONE',  ( -15.00000000000000000, -123.7899015295618028, 35.82288474055284411 ) ) ;
#4754 = ORIENTED_EDGE ( 'NONE', *, *, #1828, .T. ) ;
#4755 = CARTESIAN_POINT ( 'NONE',  ( -9.099999999999999645, -51.37579633631954579, -6.267618961749018780 ) ) ;
#4756 = CARTESIAN_POINT ( 'NONE',  ( 11.99999999999997158, -119.4571793330561178, 36.63996838842680148 ) ) ;
#4757 = ORIENTED_EDGE ( 'NONE', *, *, #3744, .F. ) ;
#4758 = CARTESIAN_POINT ( 'NONE',  ( -17.13493327766456531, 23.33675005618872333, -45.29634816116374196 ) ) ;
#4759 = DIRECTION ( 'NONE',  ( -1.840931035730488994E-14, -0.3420201433256692680, -0.9396926207859083169 ) ) ;
#4760 = CARTESIAN_POINT ( 'NONE',  ( -16.79573350745395999, -20.52865945483208776, -45.29634816116374907 ) ) ;
#4761 = EDGE_LOOP ( 'NONE', ( #3759, #6291, #2235, #302, #4701, #1364 ) ) ;
#4762 = CARTESIAN_POINT ( 'NONE',  ( -15.00000000000000000, -137.5734138895658702, 38.03260002172675058 ) ) ;
#4763 = CARTESIAN_POINT ( 'NONE',  ( -20.87841550056739237, 26.75435982320476214, -35.25508681635305663 ) ) ;
#4764 = EDGE_CURVE ( 'NONE', #4059, #3415, #7970, .T. ) ;
#4765 = FACE_OUTER_BOUND ( 'NONE', #7540, .T. ) ;
#4766 = CIRCLE ( 'NONE', #5771, 1.250000000000002887 ) ;
#4767 = CARTESIAN_POINT ( 'NONE',  ( 23.44999999999999929, -34.71447329368038481, 6.121098262759037567 ) ) ;
#4768 = CARTESIAN_POINT ( 'NONE',  ( -23.08703499251809532, -48.99414687467890417, -4.348008264402710488 ) ) ;
#4769 = CARTESIAN_POINT ( 'NONE',  ( -6.550000000000000711, 13.81575967800217164, 4.928743025980118375 ) ) ;
#4770 = ORIENTED_EDGE ( 'NONE', *, *, #3001, .F. ) ;
#4771 = VERTEX_POINT ( 'NONE', #3362 ) ;
#4772 = CARTESIAN_POINT ( 'NONE',  ( -15.00000000000211742, -113.0913512262868466, 47.48747780787258677 ) ) ;
#4773 = CARTESIAN_POINT ( 'NONE',  ( -23.06978996706038032, -49.27729825682708764, -4.479030599368489796 ) ) ;
#4774 = B_SPLINE_CURVE_WITH_KNOTS ( 'NONE', 3,
 ( #1867, #2498, #3212, #4433, #1062, #6610, #3803, #7816, #1692, #3931, #2412, #3755, #6527, #5955 ),
 .UNSPECIFIED., .F., .F.,
 ( 4, 2, 2, 2, 2, 2, 4 ),
 ( 0.000000000000000000, 0.5000000000000000000, 0.6250000000000000000, 0.7500000000000000000, 0.8750000000000000000, 0.9374999999999998890, 1.000000000000000000 ),
 .UNSPECIFIED. ) ;
#4775 = VECTOR ( 'NONE', #3267, 1000.000000000000114 ) ;
#4776 = VERTEX_POINT ( 'NONE', #1846 ) ;
#4777 = LINE ( 'NONE', #4107, #4546 ) ;
#4778 = DIRECTION ( 'NONE',  ( -2.910905088356224893E-16, 0.000000000000000000, 1.000000000000000000 ) ) ;
#4779 = CARTESIAN_POINT ( 'NONE',  ( -19.65137614678898359, -58.57735115207956511, 19.00500654401064793 ) ) ;
#4780 = CARTESIAN_POINT ( 'NONE',  ( -4.852221855458293653, -86.48826968631379941, 3.993343636374170114 ) ) ;
#4781 = EDGE_LOOP ( 'NONE', ( #4064, #8676, #416, #3307 ) ) ;
#4782 = ADVANCED_FACE ( 'NONE', ( #4586 ), #4677, .F. ) ;
#4783 = DIRECTION ( 'NONE',  ( 0.7457388936307040028, -0.6595618371989447892, 0.09408339618235618540 ) ) ;
#4784 = CARTESIAN_POINT ( 'NONE',  ( -16.93362946979588557, -74.59544018640643515, 12.21224488033255717 ) ) ;
#4785 = CARTESIAN_POINT ( 'NONE',  ( -14.12477861749459507, -51.03007561594804997, -14.02985037675767721 ) ) ;
#4786 = CARTESIAN_POINT ( 'NONE',  ( -12.17176460170226626, -14.69723267989311211, -43.47608226963042455 ) ) ;
#4787 = EDGE_LOOP ( 'NONE', ( #1550, #5822, #6817, #2643, #7968, #266, #2504 ) ) ;
#4788 = ORIENTED_EDGE ( 'NONE', *, *, #2761, .T. ) ;
#4789 = EDGE_CURVE ( 'NONE', #6570, #7801, #2518, .T. ) ;
#4790 = CARTESIAN_POINT ( 'NONE',  ( -15.00000000000000000, -120.6722839088959773, 35.22818942301460510 ) ) ;
#4791 = CARTESIAN_POINT ( 'NONE',  ( -19.75990802646938960, -12.59336392978394947, -21.29633934203437562 ) ) ;
#4792 = EDGE_CURVE ( 'NONE', #6114, #8627, #1355, .T. ) ;
#4793 = CARTESIAN_POINT ( 'NONE',  ( -22.49014984722865407, 25.59101508275333714, -22.27477065839919845 ) ) ;
#4794 = DIRECTION ( 'NONE',  ( -0.000000000000000000, 0.1736481776669232535, 0.9848077530122092416 ) ) ;
#4795 = ADVANCED_FACE ( 'NONE', ( #1166 ), #1267, .F. ) ;
#4796 = AXIS2_PLACEMENT_3D ( 'NONE', #2006, #8660, #2680 ) ;
#4797 = CARTESIAN_POINT ( 'NONE',  ( -5.999999999999999112, -19.29246764274143544, -4.315459680471443349 ) ) ;
#4798 = ORIENTED_EDGE ( 'NONE', *, *, #6369, .F. ) ;
#4799 = CARTESIAN_POINT ( 'NONE',  ( -18.44999999999999929, 28.40124910728394880, -13.13131939852208596 ) ) ;
#4800 = CARTESIAN_POINT ( 'NONE',  ( -14.00000000000000000, 0.5375364957381987274, -19.19634816116375831 ) ) ;
#4801 = VECTOR ( 'NONE', #8531, 1000.000000000000000 ) ;
#4802 = ORIENTED_EDGE ( 'NONE', *, *, #3134, .F. ) ;
#4803 = EDGE_CURVE ( 'NONE', #4977, #3061, #4839, .T. ) ;
#4804 = ORIENTED_EDGE ( 'NONE', *, *, #6836, .F. ) ;
#4805 = AXIS2_PLACEMENT_3D ( 'NONE', #2780, #7524, #1435 ) ;
#4806 = VECTOR ( 'NONE', #8290, 1000.000000000000000 ) ;
#4807 = CYLINDRICAL_SURFACE ( 'NONE', #7503, 2.000000000000001776 ) ;
#4808 = CARTESIAN_POINT ( 'NONE',  ( -16.34262489340222402, 26.27499038497240136, -43.37810808531295237 ) ) ;
#4809 = ORIENTED_EDGE ( 'NONE', *, *, #4557, .T. ) ;
#4810 = VECTOR ( 'NONE', #6022, 1000.000000000000114 ) ;
#4811 = CARTESIAN_POINT ( 'NONE',  ( -14.24999999999999822, -1.799127793371373185, -7.400007478617809831 ) ) ;
#4812 = ORIENTED_EDGE ( 'NONE', *, *, #8336, .T. ) ;
#4813 = CARTESIAN_POINT ( 'NONE',  ( -14.36905009035948311, -13.35230237619775195, -21.29634816116374907 ) ) ;
#4814 = CARTESIAN_POINT ( 'NONE',  ( -14.00655723923288321, 14.85016425343487612, -21.78701892038229104 ) ) ;
#4815 = CARTESIAN_POINT ( 'NONE',  ( -19.68327309005972836, 20.05322588356092695, -43.54662542183135798 ) ) ;
#4816 = CARTESIAN_POINT ( 'NONE',  ( -9.099999999999999645, -48.80464589757340832, -3.203441189273091627 ) ) ;
#4817 = VERTEX_POINT ( 'NONE', #3233 ) ;
#4818 = ORIENTED_EDGE ( 'NONE', *, *, #3629, .T. ) ;
#4819 = CARTESIAN_POINT ( 'NONE',  ( -15.00000000000212630, -110.3844618832063986, 46.82389576372777640 ) ) ;
#4820 = CARTESIAN_POINT ( 'NONE',  ( -15.00000000000000000, -136.8423555909551510, 40.04116618946477502 ) ) ;
#4821 = VERTEX_POINT ( 'NONE', #4096 ) ;
#4822 = CARTESIAN_POINT ( 'NONE',  ( -7.239823494426007144, -75.46402210832656010, 1.922542352359466911 ) ) ;
#4823 = DIRECTION ( 'NONE',  ( 0.000000000000000000, -0.9848077530122093526, 0.1736481776669228927 ) ) ;
#4824 = EDGE_CURVE ( 'NONE', #107, #4734, #5929, .T. ) ;
#4825 = CARTESIAN_POINT ( 'NONE',  ( -12.60761528272459131, 15.61070722744567796, -23.29634816116374907 ) ) ;
#4826 = CARTESIAN_POINT ( 'NONE',  ( -10.07690565352383949, -52.47418028630455922, 21.02326185008634596 ) ) ;
#4827 = DIRECTION ( 'NONE',  ( 4.511867237697539046E-16, -3.614007241618348771E-16, 1.000000000000000000 ) ) ;
#4828 = B_SPLINE_CURVE_WITH_KNOTS ( 'NONE', 3,
 ( #6191, #7621, #6908, #56 ),
 .UNSPECIFIED., .F., .F.,
 ( 4, 4 ),
 ( 0.000000000000000000, 1.000000000000000000 ),
 .UNSPECIFIED. ) ;
#4829 = ORIENTED_EDGE ( 'NONE', *, *, #2156, .F. ) ;
#4830 = DIRECTION ( 'NONE',  ( 0.000000000000000000, 0.000000000000000000, -1.000000000000000000 ) ) ;
#4831 = CARTESIAN_POINT ( 'NONE',  ( -21.41316094080898935, -17.09072446767012110, -23.28543047189873150 ) ) ;
#4832 = CARTESIAN_POINT ( 'NONE',  ( -18.25000000000000000, 25.53163735497593834, -18.46403244077515637 ) ) ;
#4833 = FACE_OUTER_BOUND ( 'NONE', #4383, .T. ) ;
#4834 = CARTESIAN_POINT ( 'NONE',  ( -15.00000000000000000, -126.7721474809101068, 19.18228595691885374 ) ) ;
#4835 = DIRECTION ( 'NONE',  ( 0.000000000000000000, -1.209350080395259731E-13, -1.000000000000000000 ) ) ;
#4836 = ORIENTED_EDGE ( 'NONE', *, *, #4354, .T. ) ;
#4837 = ORIENTED_EDGE ( 'NONE', *, *, #1896, .F. ) ;
#4838 = CARTESIAN_POINT ( 'NONE',  ( -15.00000000000000000, -109.6456304575714569, 33.62392775959657598 ) ) ;
#4839 = CIRCLE ( 'NONE', #2248, 1.699999999999994849 ) ;
#4840 = CARTESIAN_POINT ( 'NONE',  ( -19.27853544290633891, -14.36031599352682342, -22.65191752062497343 ) ) ;
#4841 = AXIS2_PLACEMENT_3D ( 'NONE', #3745, #6467, #341 ) ;
#4842 = CARTESIAN_POINT ( 'NONE',  ( 0.000000000000000000, -11.31787079359411230, -12.52495456488326830 ) ) ;
#4843 = CARTESIAN_POINT ( 'NONE',  ( -5.750000000000000000, 8.887536495738197928, -24.49634816116376612 ) ) ;
#4844 = LINE ( 'NONE', #8000, #4775 ) ;
#4845 = ORIENTED_EDGE ( 'NONE', *, *, #8537, .F. ) ;
#4846 = B_SPLINE_CURVE_WITH_KNOTS ( 'NONE', 1,
 ( #1901, #5026 ),
 .UNSPECIFIED., .F., .F.,
 ( 2, 2 ),
 ( 0.000000000000000000, 1.000000000000000000 ),
 .UNSPECIFIED. ) ;
#4847 = DIRECTION ( 'NONE',  ( 0.000000000000000000, 0.9848077530122093526, -0.1736481776669230037 ) ) ;
#4848 = CARTESIAN_POINT ( 'NONE',  ( 0.000000000000000000, -59.22789547348781980, 26.69030177272813020 ) ) ;
#4849 = ORIENTED_EDGE ( 'NONE', *, *, #8789, .F. ) ;
#4850 = VECTOR ( 'NONE', #2386, 1000.000000000000000 ) ;
#4851 = ORIENTED_EDGE ( 'NONE', *, *, #4764, .T. ) ;
#4852 = VECTOR ( 'NONE', #2028, 1000.000000000000114 ) ;
#4853 = ADVANCED_FACE ( 'NONE', ( #4765 ), #7399, .F. ) ;
#4854 = PLANE ( 'NONE',  #4805 ) ;
#4855 = CARTESIAN_POINT ( 'NONE',  ( -5.999999999999998224, -80.69594337995211220, 4.236506883837865445 ) ) ;
#4856 = ORIENTED_EDGE ( 'NONE', *, *, #5442, .F. ) ;
#4857 = AXIS2_PLACEMENT_3D ( 'NONE', #6965, #3511, #6832 ) ;
#4858 = CARTESIAN_POINT ( 'NONE',  ( -12.82585338415944953, -14.15105185600268456, -21.55036555124691944 ) ) ;
#4859 = CARTESIAN_POINT ( 'NONE',  ( 4.400000000000000355, -138.6721633577474506, 35.01381066826016308 ) ) ;
#4860 = CARTESIAN_POINT ( 'NONE',  ( -21.97374787907769900, 28.79114226617402394, -26.93222746682319979 ) ) ;
#4861 = VERTEX_POINT ( 'NONE', #7482 ) ;
#4862 = CARTESIAN_POINT ( 'NONE',  ( -10.89758854288271372, 16.70826820305542171, -44.29634816116374907 ) ) ;
#4863 = CARTESIAN_POINT ( 'NONE',  ( -15.09989269929279132, 12.87852598251560643, -20.29007652116045435 ) ) ;
#4864 = DIRECTION ( 'NONE',  ( 0.02224014068614566658, -0.9997526574819696199, -1.335061558772941613E-16 ) ) ;
#4865 = PLANE ( 'NONE',  #3654 ) ;
#4866 = ORIENTED_EDGE ( 'NONE', *, *, #6209, .F. ) ;
#4867 = ORIENTED_EDGE ( 'NONE', *, *, #1392, .F. ) ;
#4868 = CARTESIAN_POINT ( 'NONE',  ( 0.000000000000000000, 26.53753649573820184, -45.29634816116374196 ) ) ;
#4869 = CARTESIAN_POINT ( 'NONE',  ( 0.000000000000000000, 8.887536495738197928, -34.50673323046109431 ) ) ;
#4870 = ORIENTED_EDGE ( 'NONE', *, *, #6925, .T. ) ;
#4871 = CARTESIAN_POINT ( 'NONE',  ( -14.24999999999999822, 2.874200784847787737, -8.224041396673744231 ) ) ;
#4872 = CARTESIAN_POINT ( 'NONE',  ( 0.000000000000000000, -78.95921289866504367, 14.80653258212103474 ) ) ;
#4873 = CARTESIAN_POINT ( 'NONE',  ( -14.09900358748084237, -53.23423536937384171, -12.27956573267485396 ) ) ;
#4874 = DIRECTION ( 'NONE',  ( 0.000000000000000000, 0.9878205908619593911, -0.1555971730756354199 ) ) ;
#4875 = CARTESIAN_POINT ( 'NONE',  ( -5.075777783579304092, -89.68280700869017608, 40.12143391004246951 ) ) ;
#4876 = VERTEX_POINT ( 'NONE', #1310 ) ;
#4877 = CARTESIAN_POINT ( 'NONE',  ( -9.854526809830886691, -52.83303209747166562, 21.32437427248395423 ) ) ;
#4878 = LINE ( 'NONE', #5684, #6647 ) ;
#4879 = LINE ( 'NONE', #7054, #1197 ) ;
#4880 = CARTESIAN_POINT ( 'NONE',  ( -12.50851662568411271, -14.94552753249225496, -44.60022081100257907 ) ) ;
#4881 = ORIENTED_EDGE ( 'NONE', *, *, #940, .F. ) ;
#4882 = ORIENTED_EDGE ( 'NONE', *, *, #6666, .T. ) ;
#4883 = CARTESIAN_POINT ( 'NONE',  ( -1.000000000064322769, -124.8107845826508253, 50.56052128564458314 ) ) ;
#4884 = EDGE_CURVE ( 'NONE', #6903, #7712, #3316, .T. ) ;
#4885 = CARTESIAN_POINT ( 'NONE',  ( -14.99999999999985434, -86.21256734420433077, 38.41192070234413336 ) ) ;
#4886 = DIRECTION ( 'NONE',  ( 0.000000000000000000, 0.9396926207859082059, -0.3420201433256692125 ) ) ;
#4887 = DIRECTION ( 'NONE',  ( 0.000000000000000000, 0.4246765432456733325, 0.9053451461276553758 ) ) ;
#4888 = VERTEX_POINT ( 'NONE', #6728 ) ;
#4889 = DIRECTION ( 'NONE',  ( 1.000000000000000000, 0.000000000000000000, 0.000000000000000000 ) ) ;
#4890 = CARTESIAN_POINT ( 'NONE',  ( -3.047737560397610679, -100.9140770481621558, 10.70972094294997135 ) ) ;
#4891 = CARTESIAN_POINT ( 'NONE',  ( -4.000000000000000000, -32.28376223969119962, -11.23648032529736263 ) ) ;
#4892 = ORIENTED_EDGE ( 'NONE', *, *, #6267, .F. ) ;
#4893 = CARTESIAN_POINT ( 'NONE',  ( -19.90709618795391123, 15.53754531486773161, -23.16544773564175586 ) ) ;
#4894 = CARTESIAN_POINT ( 'NONE',  ( -10.55000000000000071, 11.23657270063705482, -9.698553188146060933 ) ) ;
#4895 = VERTEX_POINT ( 'NONE', #8636 ) ;
#4896 = B_SPLINE_CURVE_WITH_KNOTS ( 'NONE', 3,
 ( #8731, #2711, #3971, #7454, #2615, #8067, #5357, #6741, #5985, #1899, #605, #5409, #5313, #1949, #4061, #8775 ),
 .UNSPECIFIED., .F., .F.,
 ( 4, 2, 2, 2, 2, 2, 2, 4 ),
 ( 1.734723475976807094E-18, 0.0004815904313937325871, 0.0009631808627874634396, 0.001926361725574925144, 0.002407952156968656051, 0.002889542588362386741, 0.003371133019756117864, 0.003852723451149848554 ),
 .UNSPECIFIED. ) ;
#4897 = ADVANCED_FACE ( 'NONE', ( #2651 ), #5396, .T. ) ;
#4898 = CARTESIAN_POINT ( 'NONE',  ( -17.53603792507632164, 17.09967101497104025, -45.26056975054994069 ) ) ;
#4899 = CARTESIAN_POINT ( 'NONE',  ( -12.37589395306692097, -14.53190152362846632, -22.33447360710345109 ) ) ;
#4900 = CARTESIAN_POINT ( 'NONE',  ( -11.65000000000000036, -0.9583552670343615798, -7.548258359649438809 ) ) ;
#4901 = VERTEX_POINT ( 'NONE', #2562 ) ;
#4902 = EDGE_CURVE ( 'NONE', #7041, #2049, #4630, .T. ) ;
#4903 = CARTESIAN_POINT ( 'NONE',  ( -16.79064557385977352, -24.46562553418528196, -43.44720720198972685 ) ) ;
#4904 = CARTESIAN_POINT ( 'NONE',  ( -14.48648663058610531, 13.59147754663909957, -20.38335150653033878 ) ) ;
#4905 = EDGE_CURVE ( 'NONE', #7658, #7522, #6678, .T. ) ;
#4906 = PLANE ( 'NONE',  #5129 ) ;
#4907 = FACE_OUTER_BOUND ( 'NONE', #1482, .T. ) ;
#4908 = ORIENTED_EDGE ( 'NONE', *, *, #1561, .F. ) ;
#4909 = EDGE_CURVE ( 'NONE', #6327, #2001, #6018, .T. ) ;
#4910 = ORIENTED_EDGE ( 'NONE', *, *, #4316, .F. ) ;
#4911 = CARTESIAN_POINT ( 'NONE',  ( -13.77363997484033931, 14.99340173329452774, -21.92345409917324517 ) ) ;
#4912 = CARTESIAN_POINT ( 'NONE',  ( -12.81600561797618987, -14.46246350426196869, -43.29634816116374907 ) ) ;
#4913 = VERTEX_POINT ( 'NONE', #593 ) ;
#4914 = DIRECTION ( 'NONE',  ( 1.000000000000000000, -0.000000000000000000, -0.000000000000000000 ) ) ;
#4915 = FACE_OUTER_BOUND ( 'NONE', #6304, .T. ) ;
#4916 = EDGE_CURVE ( 'NONE', #5989, #2328, #2786, .T. ) ;
#4917 = AXIS2_PLACEMENT_3D ( 'NONE', #8086, #2729, #6764 ) ;
#4918 = CARTESIAN_POINT ( 'NONE',  ( -15.00000000000000000, 0.000000000000000000, 0.000000000000000000 ) ) ;
#4919 = CARTESIAN_POINT ( 'NONE',  ( -12.23880547039628475, -14.64343620404610213, -22.80120203337452622 ) ) ;
#4920 = CARTESIAN_POINT ( 'NONE',  ( -13.77268894321033521, -23.46246350426182303, -45.29634816116374907 ) ) ;
#4921 = ORIENTED_EDGE ( 'NONE', *, *, #2594, .F. ) ;
#4922 = CARTESIAN_POINT ( 'NONE',  ( -9.130541174292144896E-21, -57.43085784527291082, 24.68650956725689483 ) ) ;
#4923 = VECTOR ( 'NONE', #213, 1000.000000000000000 ) ;
#4924 = CARTESIAN_POINT ( 'NONE',  ( 0.000000000000000000, 32.73954237941581624, -16.73947206590499803 ) ) ;
#4925 = CARTESIAN_POINT ( 'NONE',  ( -4.400000000000000355, -119.5755209204604625, 23.59365460226408118 ) ) ;
#4926 =( BOUNDED_SURFACE ( )  B_SPLINE_SURFACE ( 2, 3, ( 
 ( #410, #1741, #7745, #8578, #5875, #4482, #6367, #7910, #7203, #2460, #3095, #1073, #8411, #7787, #8496, #5169, #4401, #1786, #4442, #902 ),
 ( #7080, #3676, #6409, #7119, #5836, #8541, #2378, #6536, #989, #5209, #276, #7037, #3632, #231, #2965, #7251, #6852, #2043, #2627, #1427 ),
 ( #6709, #7510, #6803, #6893, #578, #3299, #5562, #5374, #4750, #3342, #753, #6087, #7468, #5468, #1960, #619, #8835, #2769, #4031, #1291 ) ),
 .UNSPECIFIED., .F., .F., .F. ) 
 B_SPLINE_SURFACE_WITH_KNOTS ( ( 3, 3 ),
 ( 4, 2, 2, 2, 2, 2, 2, 2, 2, 4 ),
 ( 0.000000000000000000, 1.000000000000000000 ),
 ( 0.6414404387829588661, 0.6537495471230588828, 0.6660586554631588996, 0.6783677638032588053, 0.7029859804834587278, 0.7276041971636586503, 0.7337587513337086031, 0.7399133055037585560, 0.7522224138438585728, 0.7645315221839585895 ),
 .UNSPECIFIED. ) 
 GEOMETRIC_REPRESENTATION_ITEM ( )  RATIONAL_B_SPLINE_SURFACE ( (
 ( 1.000000000000000000, 1.000000000000000000, 1.000000000000000000, 1.000000000000000000, 1.000000000000000000, 1.000000000000000000, 1.000000000000000000, 1.000000000000000000, 1.000000000000000000, 1.000000000000000000, 1.000000000000000000, 1.000000000000000000, 1.000000000000000000, 1.000000000000000000, 1.000000000000000000, 1.000000000000000000, 1.000000000000000000, 1.000000000000000000, 1.000000000000000000, 1.000000000000000000),
 ( 0.6947465906068658326, 0.6947465906068658326, 0.6947656844579622737, 0.6953054198019713583, 0.6958046505226397338, 0.6969320850574508563, 0.6975581864148863165, 0.6992818815135989352, 0.7001868175320929977, 0.7009661623181081547, 0.7008593356115997430, 0.7002655195681729561, 0.7001257184581605175, 0.6998197914055620528, 0.6996535856833755451, 0.6991522544184737287, 0.6988087527134854149, 0.6984314037821170995, 0.6984180809158440084, 0.6984180809158440084),
 ( 1.000000000000000000, 1.000000000000000000, 1.000000000000000000, 1.000000000000000000, 1.000000000000000000, 1.000000000000000000, 1.000000000000000000, 1.000000000000000000, 1.000000000000000000, 1.000000000000000000, 1.000000000000000000, 1.000000000000000000, 1.000000000000000000, 1.000000000000000000, 1.000000000000000000, 1.000000000000000000, 1.000000000000000000, 1.000000000000000000, 1.000000000000000000, 1.000000000000000000) ) ) 
 REPRESENTATION_ITEM ( '' )  SURFACE ( )  );
#4927 = CARTESIAN_POINT ( 'NONE',  ( -12.37106005217770210, -15.15548523502088152, -44.81160011435697754 ) ) ;
#4928 = VERTEX_POINT ( 'NONE', #728 ) ;
#4929 = CARTESIAN_POINT ( 'NONE',  ( -15.00000000000000000, -122.3442200681275409, 32.30174611396969908 ) ) ;
#4930 = CARTESIAN_POINT ( 'NONE',  ( -15.00000000000014921, -86.52567135381849539, 38.56616233738130717 ) ) ;
#4931 = DIRECTION ( 'NONE',  ( -1.000000000000000000, 0.000000000000000000, 0.000000000000000000 ) ) ;
#4932 = DIRECTION ( 'NONE',  ( 0.000000000000000000, -0.9463118589240404610, 0.3232551092554096228 ) ) ;
#4933 = ORIENTED_EDGE ( 'NONE', *, *, #1277, .F. ) ;
#4934 = CARTESIAN_POINT ( 'NONE',  ( -22.79710520133868457, -47.41765911152850066, -6.968332848503001387 ) ) ;
#4935 = CARTESIAN_POINT ( 'NONE',  ( -14.66215633203370849, -42.05125991564080579, -19.37448778017651563 ) ) ;
#4936 = ORIENTED_EDGE ( 'NONE', *, *, #5044, .F. ) ;
#4937 = CARTESIAN_POINT ( 'NONE',  ( -21.92353080108530250, -33.92222907669887633, -16.27220669956035337 ) ) ;
#4938 = CARTESIAN_POINT ( 'NONE',  ( -22.43335127674605545, 17.45899774495662626, -21.29108252666150847 ) ) ;
#4939 = CARTESIAN_POINT ( 'NONE',  ( -23.09025104644171833, -48.96409250283790016, -4.372075337606307066 ) ) ;
#4940 = ORIENTED_EDGE ( 'NONE', *, *, #3848, .T. ) ;
#4941 = CARTESIAN_POINT ( 'NONE',  ( -17.33971537430075216, 15.59700320558265751, -43.78042516929100003 ) ) ;
#4942 = CARTESIAN_POINT ( 'NONE',  ( -13.48358945513041363, -14.09036303283908964, -22.13235975456258942 ) ) ;
#4943 = CARTESIAN_POINT ( 'NONE',  ( -15.49753547128878672, -52.15947877224031970, 20.75919592570411609 ) ) ;
#4944 = CARTESIAN_POINT ( 'NONE',  ( -16.72500657662647683, 28.09076364308427998, -29.05706291961301702 ) ) ;
#4945 = CIRCLE ( 'NONE', #7070, 50.00000000000000000 ) ;
#4946 = ORIENTED_EDGE ( 'NONE', *, *, #1724, .F. ) ;
#4947 = EDGE_CURVE ( 'NONE', #3518, #402, #6859, .T. ) ;
#4948 = CARTESIAN_POINT ( 'NONE',  ( -14.78767071245883713, -13.13976520331296349, -21.29634816116374907 ) ) ;
#4949 = CARTESIAN_POINT ( 'NONE',  ( -15.24846212968271786, 12.69214067191913742, -20.30457958141591845 ) ) ;
#4950 = CARTESIAN_POINT ( 'NONE',  ( -8.150000000000000355, -22.82182225824879751, -12.55357600088131598 ) ) ;
#4951 = DIRECTION ( 'NONE',  ( 0.000000000000000000, -0.6427876096865348110, -0.7660444431189817882 ) ) ;
#4952 = ORIENTED_EDGE ( 'NONE', *, *, #1262, .F. ) ;
#4953 = VECTOR ( 'NONE', #1064, 1000.000000000000000 ) ;
#4954 = B_SPLINE_CURVE_WITH_KNOTS ( 'NONE', 3,
 ( #7571, #6991, #7702, #8403, #3624, #7030, #1436, #1571, #8359, #893, #3585, #4219 ),
 .UNSPECIFIED., .F., .F.,
 ( 4, 2, 2, 2, 2, 4 ),
 ( 0.000000000000000000, 0.2500000000000000000, 0.4999999999999998890, 0.7499999999999998890, 0.8749999999999998890, 1.000000000000000000 ),
 .UNSPECIFIED. ) ;
#4955 = ORIENTED_EDGE ( 'NONE', *, *, #4995, .T. ) ;
#4956 = VECTOR ( 'NONE', #5810, 1000.000000000000000 ) ;
#4957 = CARTESIAN_POINT ( 'NONE',  ( -1.123582429141872785, -120.4859869534278545, 49.30024030737042295 ) ) ;
#4958 = CARTESIAN_POINT ( 'NONE',  ( -14.99999999999999467, -92.09851064108651997, 41.31146043983191873 ) ) ;
#4959 = ORIENTED_EDGE ( 'NONE', *, *, #618, .T. ) ;
#4960 = CARTESIAN_POINT ( 'NONE',  ( -14.23913406603579546, -25.46246350426179461, -39.59913607114636847 ) ) ;
#4961 = EDGE_CURVE ( 'NONE', #4370, #8356, #3501, .T. ) ;
#4962 = CARTESIAN_POINT ( 'NONE',  ( 0.000000000000000000, -74.66354740713653371, 13.27312437272159151 ) ) ;
#4963 = CONICAL_SURFACE ( 'NONE', #2368, 1.000000000000000888, 0.7853981633974489451 ) ;
#4964 = FACE_OUTER_BOUND ( 'NONE', #7929, .T. ) ;
#4965 = DIRECTION ( 'NONE',  ( 0.000000000000000000, -0.9396926207859082059, 0.3420201433256691570 ) ) ;
#4966 = VERTEX_POINT ( 'NONE', #1533 ) ;
#4967 = CARTESIAN_POINT ( 'NONE',  ( -21.95112748607713726, -14.54181933374711377, -19.47075456690594564 ) ) ;
#4968 = VECTOR ( 'NONE', #8711, 1000.000000000000114 ) ;
#4969 = CARTESIAN_POINT ( 'NONE',  ( -19.08726085664822492, -14.46246350426197758, -23.29634816116374907 ) ) ;
#4970 = LINE ( 'NONE', #4296, #488 ) ;
#4971 = CARTESIAN_POINT ( 'NONE',  ( -11.53105610810657744, -16.36189370280731126, -45.29633928351051964 ) ) ;
#4972 = EDGE_LOOP ( 'NONE', ( #957, #4462, #2121, #8372, #8236, #6826, #4183, #2746, #4804, #7847, #4292, #1850, #6133, #5465, #3631, #170, #2022, #3449, #3169, #6992, #4809, #4665 ) ) ;
#4973 = CARTESIAN_POINT ( 'NONE',  ( -18.81295820534425900, -19.06971093232112580, -43.54662542183135798 ) ) ;
#4974 = CARTESIAN_POINT ( 'NONE',  ( -15.00000000000000000, -94.53155402072660252, 31.35238378366110723 ) ) ;
#4975 = CARTESIAN_POINT ( 'NONE',  ( -15.00000000000000000, -93.59807247114143536, 31.08184805475701040 ) ) ;
#4976 = DIRECTION ( 'NONE',  ( 0.000000000000000000, -0.2380956438693813126, -0.9712417126392507427 ) ) ;
#4977 = VERTEX_POINT ( 'NONE', #8191 ) ;
#4978 = B_SPLINE_CURVE_WITH_KNOTS ( 'NONE', 3,
 ( #6403, #7111, #4898, #3719, #856, #3048, #7617, #1483, #4222, #4941 ),
 .UNSPECIFIED., .F., .F.,
 ( 4, 2, 2, 2, 4 ),
 ( 0.000000000000000000, 0.0006630684196342873354, 0.001326136839268574671, 0.001989205258902861789, 0.002652273678537149341 ),
 .UNSPECIFIED. ) ;
#4979 =( BOUNDED_SURFACE ( )  B_SPLINE_SURFACE ( 2, 3, ( 
 ( #8063, #8108, #2024, #6067, #7488, #6784, #600, #3323, #5492, #3369, #1362, #3420, #514, #7537, #6736, #8685, #8152, #8727, #8769, #2707 ),
 ( #8198, #5979, #18, #1985, #3964, #6641, #695, #2660, #2067, #4819, #5403, #4772, #2610, #4730, #7451, #2569, #3912, #1316, #6827, #5309 ),
 ( #8014, #1893, #4638, #7361, #1226, #4056, #558, #3282, #6026, #4685, #647, #6116, #7407, #1274, #8818, #5450, #6199, #2796, #5539, #4957 ) ),
 .UNSPECIFIED., .F., .F., .F. ) 
 B_SPLINE_SURFACE_WITH_KNOTS ( ( 3, 3 ),
 ( 4, 2, 2, 2, 2, 2, 2, 2, 2, 4 ),
 ( 0.000000000000000000, 1.000000000000000000 ),
 ( 0.7645315221838204778, 0.7822121079886816819, 0.7998926937935428860, 0.8087329866959734881, 0.8175732795984040902, 0.8529344512081264984, 0.8882956228178489066, 0.9059762086227101108, 0.9236567944275713149, 0.9413373802324324080 ),
 .UNSPECIFIED. ) 
 GEOMETRIC_REPRESENTATION_ITEM ( )  RATIONAL_B_SPLINE_SURFACE ( (
 ( 1.000000000000000000, 1.000000000000000000, 1.000000000000000000, 1.000000000000000000, 1.000000000000000000, 1.000000000000000000, 1.000000000000000000, 1.000000000000000000, 1.000000000000000000, 1.000000000000000000, 1.000000000000000000, 1.000000000000000000, 1.000000000000000000, 1.000000000000000000, 1.000000000000000000, 1.000000000000000000, 1.000000000000000000, 1.000000000000000000, 1.000000000000000000, 1.000000000000000000),
 ( 0.6984180809158428982, 0.6984180809158428982, 0.6984314037616172754, 0.6988087527339836846, 0.6991724950025285379, 0.6999795258807134379, 0.7002895169147825838, 0.7009664375193852548, 0.7013331284953978617, 0.7032231207868784306, 0.7048307432631866210, 0.7066806148198596649, 0.7069698301569983245, 0.7071002214082970916, 0.7071035000328654840, 0.7071077834398699080, 0.7071067811865466846, 0.7071067811865466846, 0.7071067811865466846, 0.7071067811865466846),
 ( 1.000000000000000000, 1.000000000000000000, 1.000000000000000000, 1.000000000000000000, 1.000000000000000000, 1.000000000000000000, 1.000000000000000000, 1.000000000000000000, 1.000000000000000000, 1.000000000000000000, 1.000000000000000000, 1.000000000000000000, 1.000000000000000000, 1.000000000000000000, 1.000000000000000000, 1.000000000000000000, 1.000000000000000000, 1.000000000000000000, 1.000000000000000000, 1.000000000000000000) ) ) 
 REPRESENTATION_ITEM ( '' )  SURFACE ( )  );
#4980 = CARTESIAN_POINT ( 'NONE',  ( -22.76511752240052289, -47.08164421702524294, -7.281127207810589752 ) ) ;
#4981 = CARTESIAN_POINT ( 'NONE',  ( -12.69799621922733479, 15.33679481722363569, -21.72577222148835929 ) ) ;
#4982 = ORIENTED_EDGE ( 'NONE', *, *, #1012, .T. ) ;
#4983 = ADVANCED_FACE ( 'NONE', ( #818 ), #5620, .T. ) ;
#4984 = AXIS2_PLACEMENT_3D ( 'NONE', #1631, #4965, #5006 ) ;
#4985 = CARTESIAN_POINT ( 'NONE',  ( -5.999999999999998224, -6.012463504261799763, -11.42958778986839263 ) ) ;
#4986 = VECTOR ( 'NONE', #1950, 1000.000000000000227 ) ;
#4987 = VERTEX_POINT ( 'NONE', #2060 ) ;
#4988 = LINE ( 'NONE', #6949, #630 ) ;
#4989 = CARTESIAN_POINT ( 'NONE',  ( -14.65768900444088096, -13.35808226991246705, -21.51468542958693320 ) ) ;
#4990 = ADVANCED_FACE ( 'NONE', ( #4228 ), #2155, .F. ) ;
#4991 = LINE ( 'NONE', #7705, #1517 ) ;
#4992 = EDGE_LOOP ( 'NONE', ( #6930, #5538, #3908, #3142 ) ) ;
#4993 = CARTESIAN_POINT ( 'NONE',  ( -4.000000000000000000, -29.51440953603716366, -9.316413829083826315 ) ) ;
#4994 = AXIS2_PLACEMENT_3D ( 'NONE', #6335, #1547, #1588 ) ;
#4995 = EDGE_CURVE ( 'NONE', #4120, #141, #4828, .T. ) ;
#4996 = CARTESIAN_POINT ( 'NONE',  ( -13.36083064260052033, 14.74109081238219865, -21.00070480505161186 ) ) ;
#4997 = PLANE ( 'NONE',  #7086 ) ;
#4998 = ORIENTED_EDGE ( 'NONE', *, *, #1153, .T. ) ;
#4999 = ORIENTED_EDGE ( 'NONE', *, *, #7573, .T. ) ;
#5000 = CARTESIAN_POINT ( 'NONE',  ( -11.17787077463586520, 16.51586486763838479, -44.27602667930935354 ) ) ;
#5001 = CARTESIAN_POINT ( 'NONE',  ( -12.19083461222125031, -14.68197569938393343, -43.29634816116375617 ) ) ;
#5002 = ORIENTED_EDGE ( 'NONE', *, *, #4409, .T. ) ;
#5003 = CARTESIAN_POINT ( 'NONE',  ( 0.000000000000000000, -25.46246350426179816, -45.29634816116374907 ) ) ;
#5004 = FACE_OUTER_BOUND ( 'NONE', #37, .T. ) ;
#5005 = DIRECTION ( 'NONE',  ( 1.000000000000000000, -0.000000000000000000, -0.000000000000000000 ) ) ;
#5006 = DIRECTION ( 'NONE',  ( 0.000000000000000000, -0.3420201433256691570, -0.9396926207859082059 ) ) ;
#5007 = VECTOR ( 'NONE', #8761, 1000.000000000000000 ) ;
#5008 = ORIENTED_EDGE ( 'NONE', *, *, #7296, .F. ) ;
#5009 = EDGE_CURVE ( 'NONE', #1902, #3500, #2247, .T. ) ;
#5010 = CARTESIAN_POINT ( 'NONE',  ( -14.25000000000000000, -1.799127793371383621, -5.369154254846319141 ) ) ;
#5011 = ADVANCED_FACE ( 'NONE', ( #3410 ), #7514, .F. ) ;
#5012 = CARTESIAN_POINT ( 'NONE',  ( -21.52835327951041577, -16.94430526968059070, -22.39819215002800945 ) ) ;
#5013 = DIRECTION ( 'NONE',  ( 0.7078488542961607344, -0.7063639284898489690, 0.000000000000000000 ) ) ;
#5014 = VERTEX_POINT ( 'NONE', #6490 ) ;
#5015 = CARTESIAN_POINT ( 'NONE',  ( -6.000000000000000000, -34.26154548852704096, -1.676007379934206787 ) ) ;
#5016 = CARTESIAN_POINT ( 'NONE',  ( -5.416239561651122969, -87.91332922728801691, 39.24975185620850482 ) ) ;
#5017 = ADVANCED_FACE ( 'NONE', ( #1699 ), #4926, .F. ) ;
#5018 = EDGE_CURVE ( 'NONE', #1733, #6142, #2344, .T. ) ;
#5019 = CARTESIAN_POINT ( 'NONE',  ( -15.00000000000000000, -92.79996961649939635, 30.84682008480255533 ) ) ;
#5020 = DIRECTION ( 'NONE',  ( 0.000000000000000000, 0.000000000000000000, -1.000000000000000000 ) ) ;
#5021 = CARTESIAN_POINT ( 'NONE',  ( -22.81366031155521767, -47.59036696534682420, -6.806658026197471401 ) ) ;
#5022 = PLANE ( 'NONE',  #8244 ) ;
#5023 = EDGE_CURVE ( 'NONE', #3127, #425, #4706, .T. ) ;
#5024 = EDGE_LOOP ( 'NONE', ( #2297, #1468, #288, #4220 ) ) ;
#5025 = ADVANCED_FACE ( 'NONE', ( #8082 ), #4533, .T. ) ;
#5026 = CARTESIAN_POINT ( 'NONE',  ( -12.81600561797623428, 15.53753649573837059, -43.29634816116374196 ) ) ;
#5027 = DIRECTION ( 'NONE',  ( -1.000000000000000000, -0.000000000000000000, -0.000000000000000000 ) ) ;
#5028 = CARTESIAN_POINT ( 'NONE',  ( -12.09015971554738123, -14.76207727770160538, -43.69852023924961770 ) ) ;
#5029 = VERTEX_POINT ( 'NONE', #6136 ) ;
#5030 = CARTESIAN_POINT ( 'NONE',  ( -20.28874746667096929, 14.75751668809749084, -21.70613331664261381 ) ) ;
#5031 = CARTESIAN_POINT ( 'NONE',  ( -13.55372511535923508, -14.04938072028058116, -22.07722152930343995 ) ) ;
#5032 = CYLINDRICAL_SURFACE ( 'NONE', #8227, 14.00000000000000000 ) ;
#5033 = ORIENTED_EDGE ( 'NONE', *, *, #689, .T. ) ;
#5034 = ORIENTED_EDGE ( 'NONE', *, *, #6477, .T. ) ;
#5035 = CARTESIAN_POINT ( 'NONE',  ( -16.79573350745395999, -20.52865945483208776, -45.29634816116374907 ) ) ;
#5036 = CARTESIAN_POINT ( 'NONE',  ( -14.09999999999999964, -71.57304480356395970, 15.90151393524055123 ) ) ;
#5037 = CARTESIAN_POINT ( 'NONE',  ( -18.27856375581120218, -45.33072870743707483, 15.02919426492596244 ) ) ;
#5038 = FACE_OUTER_BOUND ( 'NONE', #8832, .T. ) ;
#5039 = FACE_OUTER_BOUND ( 'NONE', #7471, .T. ) ;
#5040 = EDGE_LOOP ( 'NONE', ( #6126, #1927, #3886, #7087 ) ) ;
#5041 = ORIENTED_EDGE ( 'NONE', *, *, #4170, .F. ) ;
#5042 = CARTESIAN_POINT ( 'NONE',  ( -13.92816563989172884, 14.89881029241322707, -21.83074034756345938 ) ) ;
#5043 = LINE ( 'NONE', #418, #5139 ) ;
#5044 = EDGE_CURVE ( 'NONE', #5651, #2566, #8790, .T. ) ;
#5045 = ORIENTED_EDGE ( 'NONE', *, *, #7607, .F. ) ;
#5046 = CARTESIAN_POINT ( 'NONE',  ( -20.54053491643164620, -22.64876700402871990, -29.22214586360158961 ) ) ;
#5047 = CARTESIAN_POINT ( 'NONE',  ( -14.87936286475406256, -25.46246350426179461, -39.67990817547353544 ) ) ;
#5048 = CARTESIAN_POINT ( 'NONE',  ( -3.753552993847744990, -97.16242304480566361, 43.31125397333170923 ) ) ;
#5049 = CARTESIAN_POINT ( 'NONE',  ( -13.77268894321032811, -24.12913017092848023, -44.62968149449707767 ) ) ;
#5050 = ORIENTED_EDGE ( 'NONE', *, *, #1228, .F. ) ;
#5051 = B_SPLINE_CURVE_WITH_KNOTS ( 'NONE', 3,
 ( #1233, #7775, #1768, #4514 ),
 .UNSPECIFIED., .F., .F.,
 ( 4, 4 ),
 ( 0.000000000000000000, 1.000000000000000000 ),
 .UNSPECIFIED. ) ;
#5052 = CARTESIAN_POINT ( 'NONE',  ( -6.000000000000000000, -81.25785408221126715, 11.93452027621733080 ) ) ;
#5053 = CARTESIAN_POINT ( 'NONE',  ( -15.32588408329150553, -78.06395094657882794, 34.39774050068924538 ) ) ;
#5054 = CARTESIAN_POINT ( 'NONE',  ( -13.62113490883677258, 14.77541606649378636, -21.29632769113311497 ) ) ;
#5055 = CARTESIAN_POINT ( 'NONE',  ( -23.11644604184364127, -48.71685488265445940, -4.570059289491958054 ) ) ;
#5056 = VERTEX_POINT ( 'NONE', #8126 ) ;
#5057 = CYLINDRICAL_SURFACE ( 'NONE', #2545, 19.50000000000007816 ) ;
#5058 = ADVANCED_FACE ( 'NONE', ( #2004 ), #711, .F. ) ;
#5059 = CARTESIAN_POINT ( 'NONE',  ( -15.00000000000000000, -91.31906433289229597, 30.40235857811437725 ) ) ;
#5060 = VECTOR ( 'NONE', #8499, 1000.000000000000000 ) ;
#5061 = CARTESIAN_POINT ( 'NONE',  ( -15.00000000000000000, -91.15190805541769237, 30.35169088149252303 ) ) ;
#5062 = DIRECTION ( 'NONE',  ( 1.000000000000000000, 9.292156304918647716E-17, -3.382068307139445537E-17 ) ) ;
#5063 = DIRECTION ( 'NONE',  ( 0.000000000000000000, -0.1736481776669232813, -0.9848077530122092416 ) ) ;
#5064 = EDGE_CURVE ( 'NONE', #1343, #8587, #6446, .T. ) ;
#5065 = CARTESIAN_POINT ( 'NONE',  ( -14.72972840463084943, -41.33000182634353337, -19.70057136043578794 ) ) ;
#5066 = ORIENTED_EDGE ( 'NONE', *, *, #3891, .T. ) ;
#5067 = EDGE_CURVE ( 'NONE', #5159, #271, #6434, .T. ) ;
#5068 = ADVANCED_FACE ( 'NONE', ( #2862 ), #3035, .T. ) ;
#5069 = CARTESIAN_POINT ( 'NONE',  ( 0.000000000000000000, -6.012463504261799763, -21.29634816116374907 ) ) ;
#5070 = CARTESIAN_POINT ( 'NONE',  ( -17.04360374623862029, -24.26241033679751169, -43.45985185926101479 ) ) ;
#5071 = PLANE ( 'NONE',  #1385 ) ;
#5072 = ORIENTED_EDGE ( 'NONE', *, *, #4884, .F. ) ;
#5073 = CARTESIAN_POINT ( 'NONE',  ( -13.01690179371346190, -14.35553713059736936, -22.65830470696956667 ) ) ;
#5074 = ADVANCED_FACE ( 'NONE', ( #8434 ), #1248, .F. ) ;
#5075 = CARTESIAN_POINT ( 'NONE',  ( -15.00000000000000000, -129.8537529570932634, 34.63416893920771855 ) ) ;
#5076 = VECTOR ( 'NONE', #4570, 1000.000000000000114 ) ;
#5077 = ORIENTED_EDGE ( 'NONE', *, *, #6318, .F. ) ;
#5078 = ORIENTED_EDGE ( 'NONE', *, *, #7300, .F. ) ;
#5079 =( BOUNDED_SURFACE ( )  B_SPLINE_SURFACE ( 2, 3, ( 
 ( #4960, #67, #7717, #4325, #2800, #5543, #7045, #916, #8252, #3642, #244, #1412, #6879, #739, #3466, #6204, #1036, #331, #7755, #4495, #8460, #7132, #8421, #7840 ),
 ( #997, #1084, #5889, #5758, #1628, #3062, #3147, #2471, #5719, #3825, #6548, #3869, #5799, #420, #1798, #3777, #5137, #4371, #8589, #2342, #3734, #2303, #1712, #7264 ),
 ( #6589, #2977, #6502, #7092, #5848, #5046, #958, #3693, #6422, #289, #3021, #1299, #3351, #8135, #675, #2591, #1155, #3223, #4937, #3582, #3538, #6276, #1524, #4268 ) ),
 .UNSPECIFIED., .F., .F., .F. ) 
 B_SPLINE_SURFACE_WITH_KNOTS ( ( 3, 3 ),
 ( 4, 2, 2, 2, 2, 2, 2, 2, 2, 2, 2, 4 ),
 ( 0.000000000000000000, 1.000000000000000000 ),
 ( 0.04813375230087253015, 0.09706720306098758078, 0.1949341045812176543, 0.2928010061014477139, 0.3417344568615627853, 0.3906679076216778013, 0.4396013583817928172, 0.4640680837618503807, 0.4885348091419078886, 0.5007681718319366704, 0.5130015345219653966, 0.5374682599020229601 ),
 .UNSPECIFIED. ) 
 GEOMETRIC_REPRESENTATION_ITEM ( )  RATIONAL_B_SPLINE_SURFACE ( (
 ( 1.000000000000000000, 1.000000000000000000, 1.000000000000000000, 1.000000000000000000, 1.000000000000000000, 1.000000000000000000, 1.000000000000000000, 1.000000000000000000, 1.000000000000000000, 1.000000000000000000, 1.000000000000000000, 1.000000000000000000, 1.000000000000000000, 1.000000000000000000, 1.000000000000000000, 1.000000000000000000, 1.000000000000000000, 1.000000000000000000, 1.000000000000000000, 1.000000000000000000, 1.000000000000000000, 1.000000000000000000, 1.000000000000000000, 1.000000000000000000),
 ( 0.7148654827506899512, 0.7166558336116106709, 0.7184190619934880395, 0.7235926054858454748, 0.7269056898471223382, 0.7329077814245509304, 0.7355685925711565876, 0.7386375214251087451, 0.7395157828767638941, 0.7410046497606791460, 0.7416210070946697153, 0.7427235321071271601, 0.7432057509857743494, 0.7438901104978610235, 0.7441115802628577303, 0.7445519381435394823, 0.7447700140229058796, 0.7450889594937557536, 0.7451939078586323761, 0.7453989945910214354, 0.7454989777569661635, 0.7457739136883948516, 0.7459284952003525371, 0.7460544685310550594),
 ( 1.000000000000000000, 1.000000000000000000, 1.000000000000000000, 1.000000000000000000, 1.000000000000000000, 1.000000000000000000, 1.000000000000000000, 1.000000000000000000, 1.000000000000000000, 1.000000000000000000, 1.000000000000000000, 1.000000000000000000, 1.000000000000000000, 1.000000000000000000, 1.000000000000000000, 1.000000000000000000, 1.000000000000000000, 1.000000000000000000, 1.000000000000000000, 1.000000000000000000, 1.000000000000000000, 1.000000000000000000, 1.000000000000000000, 1.000000000000000000) ) ) 
 REPRESENTATION_ITEM ( '' )  SURFACE ( )  );
#5080 = CARTESIAN_POINT ( 'NONE',  ( -16.46912014385423007, -21.83383129951906554, -45.29634816116374907 ) ) ;
#5081 = CARTESIAN_POINT ( 'NONE',  ( 0.000000000000000000, -42.43482183525294715, 9.988425297887923549 ) ) ;
#5082 = CARTESIAN_POINT ( 'NONE',  ( -1.150324700585378501, -119.8324435943468842, 49.14002702074746054 ) ) ;
#5083 = DIRECTION ( 'NONE',  ( 0.000000000000000000, 1.000000000000000000, 7.228014483236694583E-17 ) ) ;
#5084 = CARTESIAN_POINT ( 'NONE',  ( 0.000000000000000000, 0.000000000000000000, 0.000000000000000000 ) ) ;
#5085 = CARTESIAN_POINT ( 'NONE',  ( -12.33894388107201578, -15.20400515120358165, -44.85201048773352284 ) ) ;
#5086 = VERTEX_POINT ( 'NONE', #3203 ) ;
#5087 = AXIS2_PLACEMENT_3D ( 'NONE', #4162, #1556, #8345 ) ;
#5088 = VECTOR ( 'NONE', #1453, 1000.000000000000000 ) ;
#5089 = CARTESIAN_POINT ( 'NONE',  ( -21.91096774513817991, -33.68555813761304307, -16.41351747920842996 ) ) ;
#5090 = CARTESIAN_POINT ( 'NONE',  ( -12.13496216969948982, 15.80163813950368912, -43.59964407249727003 ) ) ;
#5091 = CARTESIAN_POINT ( 'NONE',  ( -19.77039438555092943, -67.57108557705944918, -1.090252385796564694 ) ) ;
#5092 = AXIS2_PLACEMENT_3D ( 'NONE', #7176, #5148, #1092 ) ;
#5093 = ORIENTED_EDGE ( 'NONE', *, *, #1607, .T. ) ;
#5094 = DIRECTION ( 'NONE',  ( -0.000000000000000000, -0.9396926207859072067, 0.3420201433256719326 ) ) ;
#5095 = VECTOR ( 'NONE', #754, 1000.000000000000000 ) ;
#5096 = DIRECTION ( 'NONE',  ( -0.000000000000000000, 0.6427876096865355882, 0.7660444431189813441 ) ) ;
#5097 = CARTESIAN_POINT ( 'NONE',  ( -14.10000000000000142, -71.97364255504820107, 6.055478503969699666 ) ) ;
#5098 = VECTOR ( 'NONE', #1861, 1000.000000000000000 ) ;
#5099 = DIRECTION ( 'NONE',  ( 0.000000000000000000, -0.9396926207859087610, 0.3420201433256678802 ) ) ;
#5100 = ORIENTED_EDGE ( 'NONE', *, *, #6836, .T. ) ;
#5101 = DIRECTION ( 'NONE',  ( 0.000000000000000000, 0.9848077530122093526, -0.1736481776669229204 ) ) ;
#5102 = CARTESIAN_POINT ( 'NONE',  ( -0.5162379898156698177, -42.76799703893976101, 9.591362551930824765 ) ) ;
#5103 = CARTESIAN_POINT ( 'NONE',  ( -1.368741703797061948, -123.1118728735869183, 18.55375938094162080 ) ) ;
#5104 = VECTOR ( 'NONE', #1404, 1000.000000000000000 ) ;
#5105 = EDGE_CURVE ( 'NONE', #8264, #5702, #345, .T. ) ;
#5106 = CARTESIAN_POINT ( 'NONE',  ( 0.000000000000000000, -118.1062604575492401, 37.98143622131650687 ) ) ;
#5107 = ORIENTED_EDGE ( 'NONE', *, *, #3179, .T. ) ;
#5108 = CARTESIAN_POINT ( 'NONE',  ( -9.130541174292144896E-21, -57.43085784527291082, 24.68650956725689483 ) ) ;
#5109 = CARTESIAN_POINT ( 'NONE',  ( -22.88460719411718003, -48.32934202652738520, -6.114006233572744087 ) ) ;
#5110 = CARTESIAN_POINT ( 'NONE',  ( -14.11446840999476393, -54.13248084427826967, -11.52584828597590061 ) ) ;
#5111 = LINE ( 'NONE', #7149, #6909 ) ;
#5112 = DIRECTION ( 'NONE',  ( -1.000000000000000000, -0.000000000000000000, -0.000000000000000000 ) ) ;
#5113 = CARTESIAN_POINT ( 'NONE',  ( -21.37334172397312670, -42.65219239410009777, -19.09387546828724780 ) ) ;
#5114 = EDGE_LOOP ( 'NONE', ( #7329, #8767 ) ) ;
#5115 = CARTESIAN_POINT ( 'NONE',  ( -21.49249015860375422, 31.90614105731678052, -15.85381658465512977 ) ) ;
#5116 = CARTESIAN_POINT ( 'NONE',  ( 41.21423633095623984, -50.75421148065240828, -11.74973828434730194 ) ) ;
#5117 = DIRECTION ( 'NONE',  ( 0.000000000000000000, -0.3420201433256683798, -0.9396926207859085389 ) ) ;
#5118 = VERTEX_POINT ( 'NONE', #4426 ) ;
#5119 = CARTESIAN_POINT ( 'NONE',  ( 0.000000000000000000, -48.42838073599382653, -12.48934260663897966 ) ) ;
#5120 = CARTESIAN_POINT ( 'NONE',  ( -14.01338970617879021, -13.77583004591955351, -21.79456556658620414 ) ) ;
#5121 = EDGE_CURVE ( 'NONE', #111, #6913, #7854, .T. ) ;
#5122 = EDGE_CURVE ( 'NONE', #2806, #7056, #8099, .T. ) ;
#5123 = VECTOR ( 'NONE', #782, 1000.000000000000000 ) ;
#5124 = EDGE_LOOP ( 'NONE', ( #5975, #6628 ) ) ;
#5125 = CARTESIAN_POINT ( 'NONE',  ( -15.26861547987474665, -23.07679744670272370, -45.29634816116374907 ) ) ;
#5126 = CARTESIAN_POINT ( 'NONE',  ( -20.86281899089980385, 21.78124155217993874, -34.50181544143075030 ) ) ;
#5127 = VECTOR ( 'NONE', #3108, 1000.000000000000114 ) ;
#5128 = CARTESIAN_POINT ( 'NONE',  ( -2.510755702040734505, -105.4156334705293006, 45.60580928246247367 ) ) ;
#5129 = AXIS2_PLACEMENT_3D ( 'NONE', #3634, #1579, #7626 ) ;
#5130 = DIRECTION ( 'NONE',  ( 0.000000000000000000, 0.000000000000000000, -1.000000000000000000 ) ) ;
#5131 = CARTESIAN_POINT ( 'NONE',  ( -12.43364696825075377, -15.06037558917756236, -44.72404717748123915 ) ) ;
#5132 = ORIENTED_EDGE ( 'NONE', *, *, #1703, .T. ) ;
#5133 = CARTESIAN_POINT ( 'NONE',  ( -1.042066753586174066, -122.5751048948816759, 49.85824699986882536 ) ) ;
#5134 = CARTESIAN_POINT ( 'NONE',  ( -12.63223161149463358, 15.82856528862375001, -44.33810094645293276 ) ) ;
#5135 = FACE_OUTER_BOUND ( 'NONE', #2291, .T. ) ;
#5136 = VERTEX_POINT ( 'NONE', #8650 ) ;
#5137 = CARTESIAN_POINT ( 'NONE',  ( -21.17382862715557579, -36.35048844724240524, -21.78644858266144269 ) ) ;
#5138 = ADVANCED_FACE ( 'NONE', ( #4598 ), #3078, .T. ) ;
#5139 = VECTOR ( 'NONE', #8506, 1000.000000000000000 ) ;
#5140 = AXIS2_PLACEMENT_3D ( 'NONE', #1178, #2573, #4778 ) ;
#5141 = DIRECTION ( 'NONE',  ( 0.1251691050984282405, 1.055877358240942782E-22, -0.9921354217690540045 ) ) ;
#5142 = EDGE_CURVE ( 'NONE', #7355, #4861, #1011, .T. ) ;
#5143 = DIRECTION ( 'NONE',  ( -1.000000000000000000, 0.000000000000000000, 0.000000000000000000 ) ) ;
#5144 = CARTESIAN_POINT ( 'NONE',  ( -14.00000000000000000, 0.5375364957381987274, 53.36789795213030629 ) ) ;
#5145 = CARTESIAN_POINT ( 'NONE',  ( 0.000000000000000000, -39.33069177476031086, 1.248673103258287842 ) ) ;
#5146 = VERTEX_POINT ( 'NONE', #5234 ) ;
#5147 = VERTEX_POINT ( 'NONE', #433 ) ;
#5148 = DIRECTION ( 'NONE',  ( 1.000000000000000000, 0.000000000000000000, 0.000000000000000000 ) ) ;
#5149 = AXIS2_PLACEMENT_3D ( 'NONE', #2276, #6305, #799 ) ;
#5150 = CARTESIAN_POINT ( 'NONE',  ( -27.15818070730155043, 18.06397657989736061, 16.05294366608701750 ) ) ;
#5151 = CARTESIAN_POINT ( 'NONE',  ( -15.30872724967490406, 13.91855757460785092, -21.29635597348008957 ) ) ;
#5152 = CARTESIAN_POINT ( 'NONE',  ( -13.96923722205835894, -55.36107416088417210, -10.49493608714502990 ) ) ;
#5153 = ORIENTED_EDGE ( 'NONE', *, *, #4616, .F. ) ;
#5154 = CARTESIAN_POINT ( 'NONE',  ( -15.03938884086461414, 26.53755980622370458, -43.31296303357196109 ) ) ;
#5155 = DIRECTION ( 'NONE',  ( -1.000000000000000000, 0.000000000000000000, -0.000000000000000000 ) ) ;
#5156 = CARTESIAN_POINT ( 'NONE',  ( -14.09999999999999964, -41.79580004548980554, 2.275940779262466851 ) ) ;
#5157 = DIRECTION ( 'NONE',  ( 0.000000000000000000, 0.000000000000000000, 1.000000000000000000 ) ) ;
#5158 = CARTESIAN_POINT ( 'NONE',  ( -22.40548326761968312, -42.78019723654003315, -10.89017903562839429 ) ) ;
#5159 = VERTEX_POINT ( 'NONE', #5816 ) ;
#5160 = ADVANCED_FACE ( 'NONE', ( #1857 ), #470, .F. ) ;
#5161 = PLANE ( 'NONE',  #5226 ) ;
#5162 = B_SPLINE_CURVE_WITH_KNOTS ( 'NONE', 3,
 ( #1341, #4076, #6806, #482 ),
 .UNSPECIFIED., .F., .F.,
 ( 4, 4 ),
 ( 0.000000000000000000, 1.000000000000000000 ),
 .UNSPECIFIED. ) ;
#5163 = CARTESIAN_POINT ( 'NONE',  ( -15.78655198601133058, -82.08705756752857496, 13.95173097619879066 ) ) ;
#5164 = CARTESIAN_POINT ( 'NONE',  ( -11.64259972576112290, -15.10540089338433667, -44.12882106262451742 ) ) ;
#5165 = VERTEX_POINT ( 'NONE', #7808 ) ;
#5166 = DIRECTION ( 'NONE',  ( 0.000000000000000000, -0.9396926207859083169, 0.3420201433256693235 ) ) ;
#5167 = CARTESIAN_POINT ( 'NONE',  ( -15.00000000000507150, -112.8760168801527755, 16.18677120297012095 ) ) ;
#5168 = ORIENTED_EDGE ( 'NONE', *, *, #2817, .F. ) ;
#5169 = CARTESIAN_POINT ( 'NONE',  ( -15.00000000000000000, -103.6513834066038129, 33.02480903446467408 ) ) ;
#5170 = LINE ( 'NONE', #3137, #206 ) ;
#5171 = CARTESIAN_POINT ( 'NONE',  ( -2.355568284103111143, -106.6350447860700115, 45.90474261546995649 ) ) ;
#5172 = EDGE_CURVE ( 'NONE', #8597, #6744, #2487, .T. ) ;
#5173 = CARTESIAN_POINT ( 'NONE',  ( -19.60683751004430064, -53.30427446938299596, -9.757872674512370281 ) ) ;
#5174 = CARTESIAN_POINT ( 'NONE',  ( 41.21423633095623984, -48.42838073599382653, -8.489342606638979660 ) ) ;
#5175 = VERTEX_POINT ( 'NONE', #1179 ) ;
#5176 = CARTESIAN_POINT ( 'NONE',  ( -12.34131931248891512, 16.27549511286632722, -44.84908927583756366 ) ) ;
#5177 = DIRECTION ( 'NONE',  ( 0.000000000000000000, 0.1736481776669232813, 0.9848077530122092416 ) ) ;
#5178 = EDGE_CURVE ( 'NONE', #1350, #5379, #6734, .T. ) ;
#5179 = ORIENTED_EDGE ( 'NONE', *, *, #2365, .T. ) ;
#5180 = EDGE_CURVE ( 'NONE', #5894, #4817, #2404, .T. ) ;
#5181 = ADVANCED_FACE ( 'NONE', ( #8566, #7279 ), #7319, .T. ) ;
#5182 = CARTESIAN_POINT ( 'NONE',  ( -14.10000000000000142, -70.68806733567512879, 7.587567390207664353 ) ) ;
#5183 = CARTESIAN_POINT ( 'NONE',  ( -19.65137614678898359, -64.06520621715297636, 7.305742657561224540 ) ) ;
#5184 = EDGE_CURVE ( 'NONE', #912, #2274, #1052, .T. ) ;
#5185 = DIRECTION ( 'NONE',  ( 0.000000000000000000, 0.000000000000000000, -1.000000000000000000 ) ) ;
#5186 = CARTESIAN_POINT ( 'NONE',  ( 0.000000000000000000, -34.27907187499138075, -20.17117335076154561 ) ) ;
#5187 = VERTEX_POINT ( 'NONE', #2444 ) ;
#5188 = VERTEX_POINT ( 'NONE', #4512 ) ;
#5189 = FACE_OUTER_BOUND ( 'NONE', #4456, .T. ) ;
#5190 = CARTESIAN_POINT ( 'NONE',  ( -19.74951876361742009, -12.72425893743436198, -21.30924019412861625 ) ) ;
#5191 = CARTESIAN_POINT ( 'NONE',  ( -15.47486547420220582, 13.81241756262866538, -21.29634816116400131 ) ) ;
#5192 = CARTESIAN_POINT ( 'NONE',  ( -12.88181082318726745, -60.96911683568090723, -5.789229547096698347 ) ) ;
#5193 = ORIENTED_EDGE ( 'NONE', *, *, #8325, .F. ) ;
#5194 = CARTESIAN_POINT ( 'NONE',  ( -14.00000000000000000, 0.5375364957381987274, -21.29634816116374907 ) ) ;
#5195 = CARTESIAN_POINT ( 'NONE',  ( -5.999999999999998224, -77.10614032394536821, 10.36215548886946713 ) ) ;
#5196 = CARTESIAN_POINT ( 'NONE',  ( -16.88074952739011891, -69.37793418644218946, 23.97091697899683282 ) ) ;
#5197 = FACE_OUTER_BOUND ( 'NONE', #2868, .T. ) ;
#5198 = DIRECTION ( 'NONE',  ( 1.000000000000000000, 0.000000000000000000, -0.000000000000000000 ) ) ;
#5199 = CARTESIAN_POINT ( 'NONE',  ( -21.49141666143235341, -45.40523969464791776, -17.67253445678723622 ) ) ;
#5200 = ORIENTED_EDGE ( 'NONE', *, *, #24, .T. ) ;
#5201 = CARTESIAN_POINT ( 'NONE',  ( -23.44990021699235072, 28.02667518938602242, -15.09691605036605111 ) ) ;
#5202 = VECTOR ( 'NONE', #5436, 1000.000000000000114 ) ;
#5203 = DIRECTION ( 'NONE',  ( 0.000000000000000000, -0.8419636576019617902, 0.5395342429146887664 ) ) ;
#5204 = CARTESIAN_POINT ( 'NONE',  ( -14.09999999999999964, -74.66354740713653371, 13.27312437272159151 ) ) ;
#5205 = ORIENTED_EDGE ( 'NONE', *, *, #1498, .T. ) ;
#5206 = LINE ( 'NONE', #3808, #7199 ) ;
#5207 = DIRECTION ( 'NONE',  ( -1.000000000000000000, -0.000000000000000000, 0.000000000000000000 ) ) ;
#5208 = VECTOR ( 'NONE', #8476, 999.9999999999998863 ) ;
#5209 = CARTESIAN_POINT ( 'NONE',  ( -14.99999999999852029, -98.57229529173069693, 43.80198558943232001 ) ) ;
#5210 = CARTESIAN_POINT ( 'NONE',  ( 0.000000000000000000, -116.6960409714578333, 68.15964444387797982 ) ) ;
#5211 = DIRECTION ( 'NONE',  ( -1.000000000000000000, 0.000000000000000000, -0.000000000000000000 ) ) ;
#5212 = CARTESIAN_POINT ( 'NONE',  ( -19.84677299891761848, -53.19452031076632181, -9.596444147731507002 ) ) ;
#5213 = CARTESIAN_POINT ( 'NONE',  ( -12.77855225611568102, -14.52232530700978330, -43.78388809022969497 ) ) ;
#5214 = ORIENTED_EDGE ( 'NONE', *, *, #6577, .T. ) ;
#5215 = CARTESIAN_POINT ( 'NONE',  ( -11.48403040133688968, 16.29725455676702239, -44.19862873552750671 ) ) ;
#5216 = CARTESIAN_POINT ( 'NONE',  ( -14.09999999999999964, -49.46863626127934310, -10.21764939810934791 ) ) ;
#5217 = EDGE_CURVE ( 'NONE', #7035, #7825, #6518, .T. ) ;
#5218 = VERTEX_POINT ( 'NONE', #3121 ) ;
#5219 = LINE ( 'NONE', #1801, #6550 ) ;
#5220 = FACE_OUTER_BOUND ( 'NONE', #824, .T. ) ;
#5221 = DIRECTION ( 'NONE',  ( 0.000000000000000000, 0.000000000000000000, -1.000000000000000000 ) ) ;
#5222 = AXIS2_PLACEMENT_3D ( 'NONE', #164, #7687, #122 ) ;
#5223 = CARTESIAN_POINT ( 'NONE',  ( 25.00505927025263730, -8.012463504261800651, -21.29634816116374907 ) ) ;
#5224 = ORIENTED_EDGE ( 'NONE', *, *, #4792, .F. ) ;
#5225 = ORIENTED_EDGE ( 'NONE', *, *, #1228, .T. ) ;
#5226 = AXIS2_PLACEMENT_3D ( 'NONE', #7287, #399, #6481 ) ;
#5227 = PLANE ( 'NONE',  #7358 ) ;
#5228 = FACE_OUTER_BOUND ( 'NONE', #1031, .T. ) ;
#5229 = EDGE_CURVE ( 'NONE', #6987, #6693, #1601, .T. ) ;
#5230 = EDGE_CURVE ( 'NONE', #2576, #8080, #7892, .T. ) ;
#5231 = CARTESIAN_POINT ( 'NONE',  ( -21.83191265785630009, -60.35055023327117851, -6.308268555037425784 ) ) ;
#5232 = AXIS2_PLACEMENT_3D ( 'NONE', #8174, #8465, #4125 ) ;
#5233 = CARTESIAN_POINT ( 'NONE',  ( -16.34262489340222402, 26.27499038497240136, -43.37810808531295237 ) ) ;
#5234 = CARTESIAN_POINT ( 'NONE',  ( -14.09999999999999964, -41.79580004548980554, 2.275940779262467739 ) ) ;
#5235 = CARTESIAN_POINT ( 'NONE',  ( -17.13493327766456531, 23.33675005618872333, -45.29634816116374196 ) ) ;
#5236 = AXIS2_PLACEMENT_3D ( 'NONE', #3757, #313, #7863 ) ;
#5237 = CARTESIAN_POINT ( 'NONE',  ( 0.000000000000000000, -142.3727122354948165, 24.84663618706120047 ) ) ;
#5238 = VECTOR ( 'NONE', #228, 1000.000000000000114 ) ;
#5239 = DIRECTION ( 'NONE',  ( 0.000000000000000000, -0.6427876096865355882, -0.7660444431189812331 ) ) ;
#5240 = CARTESIAN_POINT ( 'NONE',  ( -22.19974543573562542, -39.64967620310434171, -13.07292653432055829 ) ) ;
#5241 = ORIENTED_EDGE ( 'NONE', *, *, #3772, .T. ) ;
#5242 = CARTESIAN_POINT ( 'NONE',  ( -5.750000000000000000, 8.887536495738197928, -34.50673323046109431 ) ) ;
#5243 = PLANE ( 'NONE',  #4373 ) ;
#5244 = CARTESIAN_POINT ( 'NONE',  ( 0.000000000000000000, -119.4571793330561462, 36.63996838842681569 ) ) ;
#5245 = ORIENTED_EDGE ( 'NONE', *, *, #5686, .F. ) ;
#5246 = CARTESIAN_POINT ( 'NONE',  ( -1.219992332723085937, -35.35545797137227453, -22.34016086591106998 ) ) ;
#5247 = CARTESIAN_POINT ( 'NONE',  ( 0.000000000000000000, -21.09485488504712336, 26.02265642327425965 ) ) ;
#5248 = ADVANCED_FACE ( 'NONE', ( #5314 ), #7369, .T. ) ;
#5249 = VECTOR ( 'NONE', #3905, 1000.000000000000000 ) ;
#5250 = VECTOR ( 'NONE', #2781, 1000.000000000000000 ) ;
#5251 = CARTESIAN_POINT ( 'NONE',  ( 16.11021139574216576, -69.39972495225435978, 30.39254493103064902 ) ) ;
#5252 = PLANE ( 'NONE',  #6818 ) ;
#5253 = CARTESIAN_POINT ( 'NONE',  ( -10.89758854288269774, -15.63319521157902692, -44.29634816116370644 ) ) ;
#5254 = CARTESIAN_POINT ( 'NONE',  ( 6.000000000000000000, -79.47824045473380750, 16.95666528314903232 ) ) ;
#5255 = DIRECTION ( 'NONE',  ( -1.000000000000000000, -0.000000000000000000, 0.000000000000000000 ) ) ;
#5256 = ORIENTED_EDGE ( 'NONE', *, *, #31, .F. ) ;
#5257 = CARTESIAN_POINT ( 'NONE',  ( -21.99146021544691010, -35.34453759848486953, -15.48298232107133465 ) ) ;
#5258 = FACE_OUTER_BOUND ( 'NONE', #5344, .T. ) ;
#5259 = CARTESIAN_POINT ( 'NONE',  ( 23.44999999999999929, -70.65206458880940943, 2.335728341262185648 ) ) ;
#5260 = EDGE_LOOP ( 'NONE', ( #7603, #842, #2241, #6787 ) ) ;
#5261 = LINE ( 'NONE', #3914, #5857 ) ;
#5262 = VECTOR ( 'NONE', #7094, 1000.000000000000000 ) ;
#5263 = DIRECTION ( 'NONE',  ( 0.000000000000000000, -1.000000000000000000, -1.334402673828313339E-16 ) ) ;
#5264 = LINE ( 'NONE', #3151, #8665 ) ;
#5265 = CARTESIAN_POINT ( 'NONE',  ( -14.96148351789102726, -38.50028961305760333, -20.85005250131177590 ) ) ;
#5266 = LINE ( 'NONE', #5186, #6804 ) ;
#5267 = ORIENTED_EDGE ( 'NONE', *, *, #6267, .T. ) ;
#5268 = VERTEX_POINT ( 'NONE', #8777 ) ;
#5269 = CARTESIAN_POINT ( 'NONE',  ( -13.03052708208741528, -13.96983697457839391, -21.31095943816179172 ) ) ;
#5270 = SURFACE_SIDE_STYLE ('',( #6465 ) ) ;
#5271 = DIRECTION ( 'NONE',  ( -0.000000000000000000, 0.1736481776669232535, 0.9848077530122092416 ) ) ;
#5272 = AXIS2_PLACEMENT_3D ( 'NONE', #2666, #3328, #7367 ) ;
#5273 = CARTESIAN_POINT ( 'NONE',  ( 0.000000000000000000, 20.03753649573828355, -21.29634816116374907 ) ) ;
#5274 = CYLINDRICAL_SURFACE ( 'NONE', #3404, 1.700000000000010614 ) ;
#5275 = CARTESIAN_POINT ( 'NONE',  ( 13.65638079047952047, -77.59885521316199686, 16.27262499649769367 ) ) ;
#5276 = DIRECTION ( 'NONE',  ( 0.000000000000000000, -0.3232551092554115102, -0.9463118589240400169 ) ) ;
#5277 = EDGE_CURVE ( 'NONE', #7210, #229, #2667, .T. ) ;
#5278 = CARTESIAN_POINT ( 'NONE',  ( -18.50768833877519626, -62.22464902627926620, 21.26554513785332645 ) ) ;
#5279 = CARTESIAN_POINT ( 'NONE',  ( -14.25000000000000000, -33.91424913319319501, 0.2936081260902128065 ) ) ;
#5280 = CARTESIAN_POINT ( 'NONE',  ( -15.00000000000000000, -126.1787083748112934, 33.31342333416193213 ) ) ;
#5281 = CARTESIAN_POINT ( 'NONE',  ( -22.70200552465987087, -46.40331258585491980, -7.900983807748805710 ) ) ;
#5282 = ORIENTED_EDGE ( 'NONE', *, *, #1752, .F. ) ;
#5283 = EDGE_CURVE ( 'NONE', #5628, #5379, #3426, .T. ) ;
#5284 = CYLINDRICAL_SURFACE ( 'NONE', #7499, 19.99999999999999645 ) ;
#5285 = ADVANCED_FACE ( 'NONE', ( #6163 ), #4110, .F. ) ;
#5286 = DIRECTION ( 'NONE',  ( 0.000000000000000000, 0.9848077530122095746, -0.1736481776669221433 ) ) ;
#5287 = CARTESIAN_POINT ( 'NONE',  ( -9.932741254112062990, -69.39972495225435978, 30.39254493103064902 ) ) ;
#5288 = ORIENTED_EDGE ( 'NONE', *, *, #2416, .T. ) ;
#5289 = LINE ( 'NONE', #3892, #2921 ) ;
#5290 = CARTESIAN_POINT ( 'NONE',  ( -15.00000000000000000, -120.4563936295236175, 18.11499359581358704 ) ) ;
#5291 = EDGE_CURVE ( 'NONE', #6327, #4702, #1281, .T. ) ;
#5292 = CARTESIAN_POINT ( 'NONE',  ( 0.000000000000000000, -31.50781046928428353, -8.964923461182939590 ) ) ;
#5293 = LINE ( 'NONE', #4038, #4968 ) ;
#5294 = CARTESIAN_POINT ( 'NONE',  ( -16.06453528117921081, 24.22558999257502066, -45.29634816116374196 ) ) ;
#5295 = CARTESIAN_POINT ( 'NONE',  ( 0.000000000000000000, 0.5375364957382012809, -21.29634816116374907 ) ) ;
#5296 = DIRECTION ( 'NONE',  ( -1.000000000000000000, -0.000000000000000000, -0.000000000000000000 ) ) ;
#5297 = DIRECTION ( 'NONE',  ( -2.632357323181799667E-17, -0.9848077530122093526, 0.1736481776669232258 ) ) ;
#5298 = ORIENTED_EDGE ( 'NONE', *, *, #4405, .F. ) ;
#5299 = CARTESIAN_POINT ( 'NONE',  ( -9.201010126776665743, -142.3727122354947880, 24.84663618706118271 ) ) ;
#5300 = DIRECTION ( 'NONE',  ( -1.000000000000000000, 0.000000000000000000, 0.000000000000000000 ) ) ;
#5301 = VERTEX_POINT ( 'NONE', #4737 ) ;
#5302 = CARTESIAN_POINT ( 'NONE',  ( 23.44999999999999929, 26.53753649573820184, -45.29634816116374196 ) ) ;
#5303 = CARTESIAN_POINT ( 'NONE',  ( -11.76962837254280281, 16.08511592033123705, -44.05256656852193942 ) ) ;
#5304 = CARTESIAN_POINT ( 'NONE',  ( -15.00000000000000000, -100.5187668141805375, 10.47024997053888917 ) ) ;
#5305 = FACE_OUTER_BOUND ( 'NONE', #1021, .T. ) ;
#5306 = EDGE_LOOP ( 'NONE', ( #8270, #1538, #5707, #3111 ) ) ;
#5307 = VERTEX_POINT ( 'NONE', #4826 ) ;
#5308 = CARTESIAN_POINT ( 'NONE',  ( -12.31541871342048999, -14.58135776995270483, -22.50441391723999018 ) ) ;
#5309 = CARTESIAN_POINT ( 'NONE',  ( -14.99999999999999822, -120.4859869534278403, 49.30024030737045848 ) ) ;
#5310 = CARTESIAN_POINT ( 'NONE',  ( -23.01068844095272681, -49.69387347628757823, -4.874037137159397126 ) ) ;
#5311 = EDGE_LOOP ( 'NONE', ( #6353, #2203, #4152, #362, #5888 ) ) ;
#5312 = LINE ( 'NONE', #1230, #4689 ) ;
#5313 = CARTESIAN_POINT ( 'NONE',  ( -4.451394088716561726, 33.23411113420335283, -14.49894778188866340 ) ) ;
#5314 = FACE_OUTER_BOUND ( 'NONE', #3495, .T. ) ;
#5315 = CARTESIAN_POINT ( 'NONE',  ( -12.98947926194098912, -59.34413485044049708, 25.88398852305718378 ) ) ;
#5316 = EDGE_LOOP ( 'NONE', ( #1805, #5153, #3331, #6685, #6156, #3211, #4042, #4818, #8481, #7417, #5077, #1478, #2014, #4377, #1378, #4310, #1934, #8246, #8060, #2007 ) ) ;
#5317 = CARTESIAN_POINT ( 'NONE',  ( -6.550000000000000711, -1.840670683269387320, -10.43896218192943337 ) ) ;
#5318 = CARTESIAN_POINT ( 'NONE',  ( -5.999999999999998224, -121.7846418543900171, 24.39770886610873646 ) ) ;
#5319 = CARTESIAN_POINT ( 'NONE',  ( -14.15179752618979769, -50.11517810689029773, -14.69762821809477238 ) ) ;
#5320 = LINE ( 'NONE', #273, #1939 ) ;
#5321 = CARTESIAN_POINT ( 'NONE',  ( -6.000000000000000000, -83.73709318997876494, 5.388271468960138755 ) ) ;
#5322 = ORIENTED_EDGE ( 'NONE', *, *, #2723, .F. ) ;
#5323 = ORIENTED_EDGE ( 'NONE', *, *, #2107, .F. ) ;
#5324 = EDGE_CURVE ( 'NONE', #2415, #4313, #4644, .T. ) ;
#5325 = CARTESIAN_POINT ( 'NONE',  ( -27.15818070730155043, 18.06397657989738903, 16.05294366608701750 ) ) ;
#5326 = DIRECTION ( 'NONE',  ( -1.000000000000000000, 0.000000000000000000, -0.000000000000000000 ) ) ;
#5327 = CARTESIAN_POINT ( 'NONE',  ( -15.00000000000000000, -89.96954021281580083, 29.99080047878761590 ) ) ;
#5328 = EDGE_LOOP ( 'NONE', ( #7448, #2888, #294, #4083 ) ) ;
#5329 = DIRECTION ( 'NONE',  ( 0.000000000000000000, -0.9848077530122093526, 0.1736481776669231147 ) ) ;
#5330 = CARTESIAN_POINT ( 'NONE',  ( -15.00000000000000000, -95.29068009492405622, 21.31775069623687102 ) ) ;
#5331 = EDGE_CURVE ( 'NONE', #369, #7355, #1232, .T. ) ;
#5332 = ORIENTED_EDGE ( 'NONE', *, *, #595, .T. ) ;
#5333 = ADVANCED_FACE ( 'NONE', ( #5410 ), #1322, .F. ) ;
#5334 = CARTESIAN_POINT ( 'NONE',  ( -15.00000000000000000, -131.2712852580012282, 35.24213764297361706 ) ) ;
#5335 = LINE ( 'NONE', #2734, #8101 ) ;
#5336 = CARTESIAN_POINT ( 'NONE',  ( -21.52240476194527830, -52.13191838495849595, -8.110020229905808620 ) ) ;
#5337 = ADVANCED_FACE ( 'NONE', ( #8114 ), #7545, .T. ) ;
#5338 = CARTESIAN_POINT ( 'NONE',  ( -4.000000000000000000, -29.51440953603716366, -9.316413829083826315 ) ) ;
#5339 = VERTEX_POINT ( 'NONE', #4156 ) ;
#5340 = AXIS2_PLACEMENT_3D ( 'NONE', #263, #2951, #2447 ) ;
#5341 = CARTESIAN_POINT ( 'NONE',  ( -15.02266812263365559, -13.09509660638263462, -21.39877966153462197 ) ) ;
#5342 = CARTESIAN_POINT ( 'NONE',  ( 0.000000000000000000, -48.42838073599382653, -8.489342606638979660 ) ) ;
#5343 = LINE ( 'NONE', #1932, #7982 ) ;
#5344 = EDGE_LOOP ( 'NONE', ( #2059, #7558, #6247, #8596, #4282 ) ) ;
#5345 = CARTESIAN_POINT ( 'NONE',  ( -15.64252689673628538, -12.63181667145764031, -21.29631733364943713 ) ) ;
#5346 = CARTESIAN_POINT ( 'NONE',  ( -11.34920378891476034, 16.39462717941914605, -44.24080537426540616 ) ) ;
#5347 = CARTESIAN_POINT ( 'NONE',  ( -21.95774428851574811, -50.32471312447372469, 13.16548708608230278 ) ) ;
#5348 = DIRECTION ( 'NONE',  ( 0.000000000000000000, 0.000000000000000000, -1.000000000000000000 ) ) ;
#5349 = VERTEX_POINT ( 'NONE', #6742 ) ;
#5350 = ORIENTED_EDGE ( 'NONE', *, *, #5645, .T. ) ;
#5351 = CARTESIAN_POINT ( 'NONE',  ( -12.69799621922728150, -14.26172182574727998, -21.72577222148834508 ) ) ;
#5352 = LINE ( 'NONE', #6158, #3216 ) ;
#5353 = CARTESIAN_POINT ( 'NONE',  ( -4.126495366316148328, -57.42529314907890381, 21.91422060382666004 ) ) ;
#5354 = ADVANCED_FACE ( 'NONE', ( #2756 ), #6123, .F. ) ;
#5355 = VERTEX_POINT ( 'NONE', #564 ) ;
#5356 = LINE ( 'NONE', #2753, #6673 ) ;
#5357 = CARTESIAN_POINT ( 'NONE',  ( -4.382719640996481480, 32.91337622323646173, -16.02545102001069566 ) ) ;
#5358 = DIRECTION ( 'NONE',  ( 0.000000000000000000, 0.000000000000000000, 1.000000000000000000 ) ) ;
#5359 =( BOUNDED_CURVE ( )  B_SPLINE_CURVE ( 3, ( #811, #5613, #4270, #7615 ),
 .UNSPECIFIED., .F., .T. ) 
 B_SPLINE_CURVE_WITH_KNOTS ( ( 4, 4 ),
 ( 4.762089711240450995, 4.977234276911247868 ),
 .UNSPECIFIED. ) 
 CURVE ( )  GEOMETRIC_REPRESENTATION_ITEM ( )  RATIONAL_B_SPLINE_CURVE ( ( 1.000000000000000000, 0.9961464528447173672, 0.9961464528447173672, 1.000000000000000000 ) ) 
 REPRESENTATION_ITEM ( '' )  );
#5360 = CARTESIAN_POINT ( 'NONE',  ( -3.911022719250031088, -93.19815697708075675, 6.482637462876945200 ) ) ;
#5361 = ORIENTED_EDGE ( 'NONE', *, *, #6474, .F. ) ;
#5362 = CARTESIAN_POINT ( 'NONE',  ( -12.81600033102400538, 15.53754410310244793, -43.38750782524347471 ) ) ;
#5363 = EDGE_CURVE ( 'NONE', #6588, #3611, #3712, .T. ) ;
#5364 = VECTOR ( 'NONE', #922, 1000.000000000000000 ) ;
#5365 = CARTESIAN_POINT ( 'NONE',  ( -7.819220429323410215, -73.65452094196737676, 1.402661186410797400 ) ) ;
#5366 = CARTESIAN_POINT ( 'NONE',  ( -6.000000000000000000, -34.26154548852704096, -1.676007379934206343 ) ) ;
#5367 = CARTESIAN_POINT ( 'NONE',  ( -1.276495562076102264, -125.0994693662033654, 18.86683687530353026 ) ) ;
#5368 = CARTESIAN_POINT ( 'NONE',  ( -12.16124562372770868, -14.70563082979759173, -43.51905284694988296 ) ) ;
#5369 = AXIS2_PLACEMENT_3D ( 'NONE', #7051, #746, #119 ) ;
#5370 = ORIENTED_EDGE ( 'NONE', *, *, #7420, .T. ) ;
#5371 = EDGE_LOOP ( 'NONE', ( #2669, #5867, #136, #5245 ) ) ;
#5372 = DIRECTION ( 'NONE',  ( 0.000000000000000000, -0.9396926207859082059, 0.3420201433256692125 ) ) ;
#5373 = EDGE_CURVE ( 'NONE', #544, #3094, #3287, .T. ) ;
#5374 = CARTESIAN_POINT ( 'NONE',  ( -4.161032917956139165, -94.78879923593592594, 42.42770921878686607 ) ) ;
#5375 = VECTOR ( 'NONE', #3668, 1000.000000000000000 ) ;
#5376 = CARTESIAN_POINT ( 'NONE',  ( -3.347396441573647241, -98.02766742724880089, 8.949633549120218134 ) ) ;
#5377 = CARTESIAN_POINT ( 'NONE',  ( -5.999999999999998224, -120.6584269231651660, 24.92287151326737771 ) ) ;
#5378 = AXIS2_PLACEMENT_3D ( 'NONE', #1782, #405, #3133 ) ;
#5379 = VERTEX_POINT ( 'NONE', #4779 ) ;
#5380 = LINE ( 'NONE', #1296, #7475 ) ;
#5381 = CARTESIAN_POINT ( 'NONE',  ( 2.499999999999999781E-05, 15.53753649573836881, -23.29634816116374907 ) ) ;
#5382 = ORIENTED_EDGE ( 'NONE', *, *, #1948, .T. ) ;
#5383 = CARTESIAN_POINT ( 'NONE',  ( 0.000000000000000000, -60.96200874009102222, 17.04943361583019623 ) ) ;
#5384 = CARTESIAN_POINT ( 'NONE',  ( -17.64817793699394244, 22.26188563488977223, -45.29634816116374196 ) ) ;
#5385 = EDGE_CURVE ( 'NONE', #4104, #7259, #7260, .T. ) ;
#5386 = LINE ( 'NONE', #848, #332 ) ;
#5387 = LINE ( 'NONE', #8045, #2785 ) ;
#5388 = ORIENTED_EDGE ( 'NONE', *, *, #2927, .T. ) ;
#5389 = EDGE_CURVE ( 'NONE', #4138, #5118, #7009, .T. ) ;
#5390 = AXIS2_PLACEMENT_3D ( 'NONE', #676, #3353, #7476 ) ;
#5391 = FACE_OUTER_BOUND ( 'NONE', #8156, .T. ) ;
#5392 = VECTOR ( 'NONE', #3065, 1000.000000000000000 ) ;
#5393 = PLANE ( 'NONE',  #2946 ) ;
#5394 = LINE ( 'NONE', #3273, #2995 ) ;
#5395 = ORIENTED_EDGE ( 'NONE', *, *, #8805, .F. ) ;
#5396 = PLANE ( 'NONE',  #7397 ) ;
#5397 = CARTESIAN_POINT ( 'NONE',  ( -12.19083461222128761, 15.75704869086030513, -43.29634816116374196 ) ) ;
#5398 = DIRECTION ( 'NONE',  ( 1.000000000000000000, 0.000000000000000000, 0.000000000000000000 ) ) ;
#5399 = LINE ( 'NONE', #4009, #6653 ) ;
#5400 = ORIENTED_EDGE ( 'NONE', *, *, #2688, .T. ) ;
#5401 = ORIENTED_EDGE ( 'NONE', *, *, #2998, .F. ) ;
#5402 = EDGE_CURVE ( 'NONE', #615, #890, #2938, .T. ) ;
#5403 = CARTESIAN_POINT ( 'NONE',  ( -14.99999999999786482, -111.2544636378266603, 47.03717287613015685 ) ) ;
#5404 = DIRECTION ( 'NONE',  ( 0.000000000000000000, 0.9848077530122093526, -0.1736481776669230870 ) ) ;
#5405 = ORIENTED_EDGE ( 'NONE', *, *, #7659, .F. ) ;
#5406 = CARTESIAN_POINT ( 'NONE',  ( -19.11022424730112945, -17.09070428359136429, -41.53933994421388576 ) ) ;
#5407 = AXIS2_PLACEMENT_3D ( 'NONE', #7498, #703, #5458 ) ;
#5408 = EDGE_CURVE ( 'NONE', #7699, #4138, #3516, .T. ) ;
#5409 = CARTESIAN_POINT ( 'NONE',  ( -4.514402482693116170, 33.20560366138564490, -14.64789981869738789 ) ) ;
#5410 = FACE_OUTER_BOUND ( 'NONE', #2127, .T. ) ;
#5411 = DIRECTION ( 'NONE',  ( -0.000000000000000000, -0.9396926207859083169, 0.3420201433256692680 ) ) ;
#5412 = AXIS2_PLACEMENT_3D ( 'NONE', #3329, #8824, #8069 ) ;
#5413 = ORIENTED_EDGE ( 'NONE', *, *, #7250, .T. ) ;
#5414 = CARTESIAN_POINT ( 'NONE',  ( -12.80106502737037921, 15.56144986122596485, -43.60785710193771081 ) ) ;
#5415 = DIRECTION ( 'NONE',  ( -0.000000000000000000, 0.3420201433256692680, 0.9396926207859083169 ) ) ;
#5416 = AXIS2_PLACEMENT_3D ( 'NONE', #8243, #7533, #1220 ) ;
#5417 = CARTESIAN_POINT ( 'NONE',  ( -18.23238424210731523, -72.79257522627756316, 1.261760869655951023 ) ) ;
#5418 = CARTESIAN_POINT ( 'NONE',  ( -3.000000000000000000, 39.98728242334286875, -16.39276160579326103 ) ) ;
#5419 = PRODUCT_CONTEXT ( 'NONE', #8376, 'mechanical' ) ;
#5420 = CARTESIAN_POINT ( 'NONE',  ( -22.57685159709052058, 16.27876847833387686, -19.94554102552554653 ) ) ;
#5421 = EDGE_LOOP ( 'NONE', ( #7610, #7110, #2674, #3531 ) ) ;
#5422 = ORIENTED_EDGE ( 'NONE', *, *, #487, .F. ) ;
#5423 = DIRECTION ( 'NONE',  ( 0.000000000000000000, 0.000000000000000000, -1.000000000000000000 ) ) ;
#5424 = VECTOR ( 'NONE', #2530, 1000.000000000000000 ) ;
#5425 = DIRECTION ( 'NONE',  ( -3.097720492815729138E-16, 0.3420201433256648826, 0.9396926207859097602 ) ) ;
#5426 = CARTESIAN_POINT ( 'NONE',  ( 41.21423633095623984, -38.85406476150464528, -7.762140293633654764 ) ) ;
#5427 = CYLINDRICAL_SURFACE ( 'NONE', #4364, 60.00000000000000000 ) ;
#5428 = EDGE_LOOP ( 'NONE', ( #4798, #3326, #5401, #5585, #7948, #2963 ) ) ;
#5429 = DIRECTION ( 'NONE',  ( 1.000000000000000000, 0.000000000000000000, 0.000000000000000000 ) ) ;
#5430 = CARTESIAN_POINT ( 'NONE',  ( 13.65638079047952047, -75.82056510457229592, 11.89424437510743537 ) ) ;
#5431 = ADVANCED_FACE ( 'NONE', ( #2125 ), #7048, .T. ) ;
#5432 = ORIENTED_EDGE ( 'NONE', *, *, #6920, .T. ) ;
#5433 = VECTOR ( 'NONE', #1308, 1000.000000000000000 ) ;
#5434 = CARTESIAN_POINT ( 'NONE',  ( -14.09900358748084237, -53.23423536937384171, -12.27956573267485396 ) ) ;
#5435 = CARTESIAN_POINT ( 'NONE',  ( -17.79852155145308146, 25.48511318261060410, -43.45088420513680205 ) ) ;
#5436 = DIRECTION ( 'NONE',  ( 4.859169400495257961E-17, -0.9848077530122092416, 0.1736481776669232813 ) ) ;
#5437 = DIRECTION ( 'NONE',  ( -0.000000000000000000, 0.000000000000000000, 1.000000000000000000 ) ) ;
#5438 = ORIENTED_EDGE ( 'NONE', *, *, #846, .T. ) ;
#5439 = CARTESIAN_POINT ( 'NONE',  ( -13.88911518765526942, -13.84777772542259022, -21.85343195553388540 ) ) ;
#5440 = CARTESIAN_POINT ( 'NONE',  ( -12.81600561797618987, -14.46246350426196869, -43.29634816116374907 ) ) ;
#5441 = DIRECTION ( 'NONE',  ( 0.5958697513482541508, 0.5971223951134431163, -0.5370140451442169116 ) ) ;
#5442 = EDGE_CURVE ( 'NONE', #7707, #3526, #3469, .T. ) ;
#5443 = DIRECTION ( 'NONE',  ( 1.000000000000000000, -0.000000000000000000, -0.000000000000000000 ) ) ;
#5444 = CARTESIAN_POINT ( 'NONE',  ( -11.67758686011480052, 16.15436888878677379, -44.10989653407379052 ) ) ;
#5445 = CARTESIAN_POINT ( 'NONE',  ( -12.88181082318726745, -60.96911683568090723, -5.789229547096698347 ) ) ;
#5446 = CARTESIAN_POINT ( 'NONE',  ( -6.000000000000000000, -79.93222011369321933, 15.70936642126634375 ) ) ;
#5447 = EDGE_LOOP ( 'NONE', ( #502, #6557, #3217, #7859 ) ) ;
#5448 = ORIENTED_EDGE ( 'NONE', *, *, #6145, .T. ) ;
#5449 = EDGE_CURVE ( 'NONE', #8282, #3446, #70, .T. ) ;
#5450 = CARTESIAN_POINT ( 'NONE',  ( -1.288280705166634954, -117.4075832748394959, 48.54558315415607694 ) ) ;
#5451 = LINE ( 'NONE', #8728, #200 ) ;
#5452 = VERTEX_POINT ( 'NONE', #2804 ) ;
#5453 = EDGE_CURVE ( 'NONE', #5900, #544, #4387, .T. ) ;
#5454 = DIRECTION ( 'NONE',  ( -1.000000000000000000, 0.000000000000000000, 0.000000000000000000 ) ) ;
#5455 = EDGE_CURVE ( 'NONE', #2328, #6705, #5984, .T. ) ;
#5456 = LINE ( 'NONE', #6788, #4705 ) ;
#5457 = DIRECTION ( 'NONE',  ( 0.000000000000000000, 0.4246765432456733325, 0.9053451461276553758 ) ) ;
#5458 = DIRECTION ( 'NONE',  ( 0.000000000000000000, 0.000000000000000000, -1.000000000000000000 ) ) ;
#5459 = ORIENTED_EDGE ( 'NONE', *, *, #2639, .T. ) ;
#5460 = CYLINDRICAL_SURFACE ( 'NONE', #980, 40.00000000000000000 ) ;
#5461 = ADVANCED_FACE ( 'NONE', ( #4964 ), #4327, .T. ) ;
#5462 = CARTESIAN_POINT ( 'NONE',  ( -17.26601228146073197, -77.20061904425320165, 2.369928554011297095 ) ) ;
#5463 = CARTESIAN_POINT ( 'NONE',  ( -14.32729820458185266, -46.55127253252838671, -17.01279813662058515 ) ) ;
#5464 = CARTESIAN_POINT ( 'NONE',  ( -11.17721642114541680, -15.44141640269169713, -44.27714226924986463 ) ) ;
#5465 = ORIENTED_EDGE ( 'NONE', *, *, #6369, .T. ) ;
#5466 = ORIENTED_EDGE ( 'NONE', *, *, #1598, .F. ) ;
#5467 = CARTESIAN_POINT ( 'NONE',  ( -15.00000000000000000, -106.6094104563835856, 33.29156582538670506 ) ) ;
#5468 = CARTESIAN_POINT ( 'NONE',  ( -3.361533168179189790, -99.60505949288533145, 44.09815764063127830 ) ) ;
#5469 = CARTESIAN_POINT ( 'NONE',  ( -14.99999999999998934, -100.5187668141803812, 10.47024997053879147 ) ) ;
#5470 = DIRECTION ( 'NONE',  ( 1.000000000000000000, -0.000000000000000000, -0.000000000000000000 ) ) ;
#5471 = CARTESIAN_POINT ( 'NONE',  ( -5.999999999999998224, -20.45591043310982471, -10.91367162565327220 ) ) ;
#5472 = ORIENTED_EDGE ( 'NONE', *, *, #7406, .T. ) ;
#5473 = DIRECTION ( 'NONE',  ( -0.000000000000000000, -0.1736481776669230870, -0.9848077530122093526 ) ) ;
#5474 = DIRECTION ( 'NONE',  ( -1.000000000000000000, 0.000000000000000000, 2.891205793294682764E-16 ) ) ;
#5475 = VERTEX_POINT ( 'NONE', #1000 ) ;
#5476 = EDGE_LOOP ( 'NONE', ( #311, #5288 ) ) ;
#5477 = FACE_OUTER_BOUND ( 'NONE', #5024, .T. ) ;
#5478 = CARTESIAN_POINT ( 'NONE',  ( -18.51951190182737861, 24.79661943889204423, -43.48692445554915764 ) ) ;
#5479 = ORIENTED_EDGE ( 'NONE', *, *, #243, .F. ) ;
#5480 = B_SPLINE_CURVE_WITH_KNOTS ( 'NONE', 3,
 ( #4446, #1029, #6582, #1159 ),
 .UNSPECIFIED., .F., .F.,
 ( 4, 4 ),
 ( 0.000000000000000000, 1.000000000000000000 ),
 .UNSPECIFIED. ) ;
#5481 = DIRECTION ( 'NONE',  ( 0.000000000000000000, 0.9396926207859100932, -0.3420201433256638834 ) ) ;
#5482 = DIRECTION ( 'NONE',  ( 0.000000000000000000, 6.938893903907226011E-15, -1.000000000000000000 ) ) ;
#5483 = VERTEX_POINT ( 'NONE', #4547 ) ;
#5484 = CARTESIAN_POINT ( 'NONE',  ( -14.50973791619598074, -13.28223107521180246, -21.29634816116374907 ) ) ;
#5485 = CIRCLE ( 'NONE', #7623, 60.00000000000000000 ) ;
#5486 = DIRECTION ( 'NONE',  ( 0.000000000000000000, 0.7660444431189812331, -0.6427876096865353661 ) ) ;
#5487 = CARTESIAN_POINT ( 'NONE',  ( -22.92062076136672744, -50.42476109002995344, -3.202395112366214658 ) ) ;
#5488 = FACE_OUTER_BOUND ( 'NONE', #2307, .T. ) ;
#5489 = ORIENTED_EDGE ( 'NONE', *, *, #5455, .T. ) ;
#5490 = VERTEX_POINT ( 'NONE', #4416 ) ;
#5491 = EDGE_CURVE ( 'NONE', #1957, #230, #334, .T. ) ;
#5492 = CARTESIAN_POINT ( 'NONE',  ( -15.00000000000000000, -110.5822349280555983, 33.73756939645158326 ) ) ;
#5493 = CARTESIAN_POINT ( 'NONE',  ( 0.000000000000000000, 31.10138907885891513, -17.97376135830883825 ) ) ;
#5494 = AXIS2_PLACEMENT_3D ( 'NONE', #8624, #88, #4171 ) ;
#5495 = ORIENTED_EDGE ( 'NONE', *, *, #4704, .T. ) ;
#5496 = CARTESIAN_POINT ( 'NONE',  ( -6.550000000000000711, 11.23657270063705482, -9.698553188146060933 ) ) ;
#5497 = CARTESIAN_POINT ( 'NONE',  ( 6.938893903907228378E-15, -125.6822119262424025, 50.87769490003756090 ) ) ;
#5498 = CARTESIAN_POINT ( 'NONE',  ( -16.13301656481101887, -79.56730169770409589, 13.42871031883971078 ) ) ;
#5499 = CARTESIAN_POINT ( 'NONE',  ( -3.234268097176418166, -100.4185535600890233, 44.33799359835592924 ) ) ;
#5500 = CARTESIAN_POINT ( 'NONE',  ( -3.188798608406862911, -99.68960827893432963, 9.958714539438515700 ) ) ;
#5501 = ORIENTED_EDGE ( 'NONE', *, *, #6580, .F. ) ;
#5502 = CARTESIAN_POINT ( 'NONE',  ( -12.34131931248891512, 16.27549511286632722, -44.84908927583756366 ) ) ;
#5503 = EDGE_CURVE ( 'NONE', #1024, #6150, #422, .T. ) ;
#5504 = CARTESIAN_POINT ( 'NONE',  ( -6.148055612555610061, -79.25245998215186205, 2.675510928126931809 ) ) ;
#5505 = CARTESIAN_POINT ( 'NONE',  ( -14.11446840999476393, -54.13248084427826967, -11.52584828597590061 ) ) ;
#5506 = VECTOR ( 'NONE', #3439, 1000.000000000000114 ) ;
#5507 = CARTESIAN_POINT ( 'NONE',  ( -11.85612506036301461, -14.94418030569702438, -43.98662737592994887 ) ) ;
#5508 = VERTEX_POINT ( 'NONE', #2519 ) ;
#5509 = ORIENTED_EDGE ( 'NONE', *, *, #6590, .F. ) ;
#5510 = PLANE ( 'NONE',  #639 ) ;
#5511 = CARTESIAN_POINT ( 'NONE',  ( -19.72169840160620424, -12.98102935915410328, -21.36031500658596016 ) ) ;
#5512 = CARTESIAN_POINT ( 'NONE',  ( 23.44999999999999929, -53.23423536937384171, -12.27956573267485396 ) ) ;
#5513 = LINE ( 'NONE', #1026, #2492 ) ;
#5514 = AXIS2_PLACEMENT_3D ( 'NONE', #2222, #840, #5013 ) ;
#5515 = CARTESIAN_POINT ( 'NONE',  ( -10.55000000000000071, -18.94517128740758594, -2.345844174447023089 ) ) ;
#5516 = ORIENTED_EDGE ( 'NONE', *, *, #6762, .F. ) ;
#5517 = VECTOR ( 'NONE', #2845, 1000.000000000000000 ) ;
#5518 = DIRECTION ( 'NONE',  ( -0.000000000000000000, -0.1736481776669230315, -0.9848077530122094636 ) ) ;
#5519 = DIRECTION ( 'NONE',  ( -0.000000000000000000, -0.6427876096865354771, -0.7660444431189813441 ) ) ;
#5520 = CIRCLE ( 'NONE', #927, 6.000000000000000000 ) ;
#5521 = ORIENTED_EDGE ( 'NONE', *, *, #8789, .T. ) ;
#5522 = ORIENTED_EDGE ( 'NONE', *, *, #8038, .F. ) ;
#5523 = VECTOR ( 'NONE', #2435, 1000.000000000000000 ) ;
#5524 = AXIS2_PLACEMENT_3D ( 'NONE', #4800, #2776, #5567 ) ;
#5525 = CARTESIAN_POINT ( 'NONE',  ( -22.23233833644806978, 18.03447096801893323, -22.98585496643366710 ) ) ;
#5526 = DIRECTION ( 'NONE',  ( 0.000000000000000000, 0.000000000000000000, -1.000000000000000000 ) ) ;
#5527 = ORIENTED_EDGE ( 'NONE', *, *, #5277, .T. ) ;
#5528 = CARTESIAN_POINT ( 'NONE',  ( -14.01408492016309815, -13.02226836928148934, -20.56994150228875995 ) ) ;
#5529 = AXIS2_PLACEMENT_3D ( 'NONE', #5174, #324, #1077 ) ;
#5530 = B_SPLINE_SURFACE_WITH_KNOTS ( 'NONE', 1, 3, ( 
 ( #3539, #1570, #6315, #721, #853, #5612, #7029, #95, #3584, #2239, #8311, #4938, #175, #4269, #6862, #5525, #1393, #2145 ),
 ( #7656, #4177, #8234, #6901, #1525, #763, #2911, #3493, #2051, #4135, #892, #6231, #3447, #5574, #5653, #8358, #4893, #7614 ) ),
 .UNSPECIFIED., .F., .F., .F.,
 ( 2, 2 ),
 ( 4, 2, 2, 2, 2, 2, 2, 2, 4 ),
 ( 0.000000000000000000, 1.000000000000000000 ),
 ( 6.108652381980160584, 6.305001922829522876, 6.501351463678885167, 6.697701004528246571, 6.894050545377608863, 7.090400086226971155, 7.286749627076332558, 7.483099167925694850, 7.679448708775057142 ),
 .UNSPECIFIED. ) ;
#5531 = CARTESIAN_POINT ( 'NONE',  ( -10.55000000000000071, 30.98458179031142024, -11.14980678216003263 ) ) ;
#5532 = ORIENTED_EDGE ( 'NONE', *, *, #1262, .T. ) ;
#5533 = CARTESIAN_POINT ( 'NONE',  ( -13.80321174334902423, -13.61779827187805836, -21.29634745238769256 ) ) ;
#5534 = CARTESIAN_POINT ( 'NONE',  ( -12.22758573455973163, 15.72754252864999991, -22.86167427311793077 ) ) ;
#5535 = LINE ( 'NONE', #4098, #2397 ) ;
#5536 = CARTESIAN_POINT ( 'NONE',  ( -15.00000000000000000, -130.4704939328017872, 37.72199820903487932 ) ) ;
#5537 = ORIENTED_EDGE ( 'NONE', *, *, #5703, .F. ) ;
#5538 = ORIENTED_EDGE ( 'NONE', *, *, #5948, .F. ) ;
#5539 = CARTESIAN_POINT ( 'NONE',  ( -1.150307810909697359, -119.8324435943504511, 49.14002702075894291 ) ) ;
#5540 = CARTESIAN_POINT ( 'NONE',  ( -4.934465383814631956, -90.38772566153639332, 40.46869169737222194 ) ) ;
#5541 = ADVANCED_FACE ( 'NONE', ( #6505 ), #1802, .F. ) ;
#5542 = VERTEX_POINT ( 'NONE', #5851 ) ;
#5543 = CARTESIAN_POINT ( 'NONE',  ( -15.21243247161300616, -27.38795275489451697, -30.88267929576099391 ) ) ;
#5544 = B_SPLINE_CURVE_WITH_KNOTS ( 'NONE', 3,
 ( #8255, #2851, #4825, #4155 ),
 .UNSPECIFIED., .F., .F.,
 ( 4, 4 ),
 ( 0.000000000000000000, 1.000000000000000000 ),
 .UNSPECIFIED. ) ;
#5545 = DIRECTION ( 'NONE',  ( 0.000000000000000000, -1.000000000000000000, 1.387778780781444689E-15 ) ) ;
#5546 = CIRCLE ( 'NONE', #815, 7.000000000000000000 ) ;
#5547 = CARTESIAN_POINT ( 'NONE',  ( -4.650400297784932135, -92.04613616433483969, 41.25624586320131471 ) ) ;
#5548 = LINE ( 'NONE', #1951, #7249 ) ;
#5549 = ORIENTED_EDGE ( 'NONE', *, *, #4902, .F. ) ;
#5550 = FACE_OUTER_BOUND ( 'NONE', #3296, .T. ) ;
#5551 = AXIS2_PLACEMENT_3D ( 'NONE', #4641, #1177, #604 ) ;
#5552 = CARTESIAN_POINT ( 'NONE',  ( -10.91483410055961656, -66.01530771400859976, -2.071886986874952985 ) ) ;
#5553 = CYLINDRICAL_SURFACE ( 'NONE', #5222, 50.00000000000000000 ) ;
#5554 =( BOUNDED_CURVE ( )  B_SPLINE_CURVE ( 2, ( #6675, #6776, #7481 ),
 .UNSPECIFIED., .F., .F. ) 
 B_SPLINE_CURVE_WITH_KNOTS ( ( 3, 3 ),
 ( 0.000000000000000000, 1.000000000000000000 ),
 .UNSPECIFIED. ) 
 CURVE ( )  GEOMETRIC_REPRESENTATION_ITEM ( )  RATIONAL_B_SPLINE_CURVE ( ( 1.000000000000000000, 0.6922877810844779711, 1.000000000000000000 ) ) 
 REPRESENTATION_ITEM ( '' )  );
#5555 = DIRECTION ( 'NONE',  ( 1.000000000000000000, 0.000000000000000000, 0.000000000000000000 ) ) ;
#5556 = CARTESIAN_POINT ( 'NONE',  ( -12.46413147371494645, -15.01376549702427354, -44.67690659069497627 ) ) ;
#5557 = ORIENTED_EDGE ( 'NONE', *, *, #7790, .T. ) ;
#5558 = ORIENTED_EDGE ( 'NONE', *, *, #7200, .T. ) ;
#5559 = CARTESIAN_POINT ( 'NONE',  ( -6.826964507114936964, -80.63512390836481813, 35.66435449925663903 ) ) ;
#5560 = AXIS2_PLACEMENT_3D ( 'NONE', #653, #5986, #3972 ) ;
#5561 = EDGE_CURVE ( 'NONE', #4413, #1957, #5264, .T. ) ;
#5562 = CARTESIAN_POINT ( 'NONE',  ( -4.369475388148946315, -93.62523905058053231, 41.94750998472991199 ) ) ;
#5563 = LINE ( 'NONE', #4211, #4657 ) ;
#5564 = CARTESIAN_POINT ( 'NONE',  ( -11.99999999999999645, -135.9018001968095177, 42.62532089662602175 ) ) ;
#5565 = VERTEX_POINT ( 'NONE', #6459 ) ;
#5566 = CARTESIAN_POINT ( 'NONE',  ( -6.034157695556142009, -79.63623670357654305, 2.727723340683080089 ) ) ;
#5567 = DIRECTION ( 'NONE',  ( 1.000000000000000000, 0.000000000000000000, 0.000000000000000000 ) ) ;
#5568 = EDGE_CURVE ( 'NONE', #4876, #219, #1127, .T. ) ;
#5569 = CARTESIAN_POINT ( 'NONE',  ( -14.23052900655821240, -48.21930563918990487, -15.98421166568585150 ) ) ;
#5570 = AXIS2_PLACEMENT_3D ( 'NONE', #1034, #329, #3103 ) ;
#5571 = ORIENTED_EDGE ( 'NONE', *, *, #779, .T. ) ;
#5572 = ADVANCED_FACE ( 'NONE', ( #1039 ), #7924, .F. ) ;
#5573 = EDGE_CURVE ( 'NONE', #622, #7900, #7798, .T. ) ;
#5574 = CARTESIAN_POINT ( 'NONE',  ( -20.05017266217424066, 15.43538898500738377, -22.65191752063503827 ) ) ;
#5575 = CARTESIAN_POINT ( 'NONE',  ( 23.44999999999999929, -73.09233890138293077, 52.29764770570957211 ) ) ;
#5576 = ORIENTED_EDGE ( 'NONE', *, *, #557, .F. ) ;
#5577 = CARTESIAN_POINT ( 'NONE',  ( -15.00000000000000000, -111.0358065946908681, 29.37571714462319505 ) ) ;
#5578 = EDGE_CURVE ( 'NONE', #2001, #1433, #3373, .T. ) ;
#5579 = CARTESIAN_POINT ( 'NONE',  ( -9.099999999999999645, -74.66354740713653371, 13.27312437272159151 ) ) ;
#5580 = ORIENTED_EDGE ( 'NONE', *, *, #8090, .T. ) ;
#5581 = CARTESIAN_POINT ( 'NONE',  ( -16.25027507957221928, -24.81968674166479616, -43.42019562282024481 ) ) ;
#5582 = CARTESIAN_POINT ( 'NONE',  ( -13.32331054463751485, 14.77628585732840527, -21.03235429999040207 ) ) ;
#5583 = CARTESIAN_POINT ( 'NONE',  ( -5.999999999999998224, -6.012463504261799763, -21.29634816116374907 ) ) ;
#5584 = FACE_OUTER_BOUND ( 'NONE', #1324, .T. ) ;
#5585 = ORIENTED_EDGE ( 'NONE', *, *, #7913, .F. ) ;
#5586 = ORIENTED_EDGE ( 'NONE', *, *, #5664, .F. ) ;
#5587 = DIRECTION ( 'NONE',  ( 0.000000000000000000, 0.000000000000000000, -1.000000000000000000 ) ) ;
#5588 = CARTESIAN_POINT ( 'NONE',  ( 0.000000000000000000, -31.33745038076713740, -11.55973543455278296 ) ) ;
#5589 = EDGE_LOOP ( 'NONE', ( #1865, #337 ) ) ;
#5590 = CARTESIAN_POINT ( 'NONE',  ( -7.049169585403706861, -76.10518947500681008, 2.081304397731950750 ) ) ;
#5591 = DIRECTION ( 'NONE',  ( -0.9921354217690540045, 0.000000000000000000, -0.1251691050984284903 ) ) ;
#5592 = LINE ( 'NONE', #4962, #8110 ) ;
#5593 = CARTESIAN_POINT ( 'NONE',  ( -12.26537268658029767, -14.62197947640173723, -22.68138828553304620 ) ) ;
#5594 = CARTESIAN_POINT ( 'NONE',  ( -15.29367724801709549, -28.16306545142618489, -29.43125852206127391 ) ) ;
#5595 = ORIENTED_EDGE ( 'NONE', *, *, #6708, .F. ) ;
#5596 = LINE ( 'NONE', #2808, #1642 ) ;
#5597 = CARTESIAN_POINT ( 'NONE',  ( -21.87423932168684715, -15.30549618202188533, -19.94554102552162433 ) ) ;
#5598 = FACE_OUTER_BOUND ( 'NONE', #52, .T. ) ;
#5599 = CARTESIAN_POINT ( 'NONE',  ( -22.25259325239151309, -54.48809238194205307, 0.07422912644037285568 ) ) ;
#5600 = ORIENTED_EDGE ( 'NONE', *, *, #8435, .T. ) ;
#5601 = CARTESIAN_POINT ( 'NONE',  ( -7.560032480126914756, -77.55291381601071521, 34.14599283804264473 ) ) ;
#5602 = CARTESIAN_POINT ( 'NONE',  ( -15.00000000000000000, -90.64782171277914813, 30.19837104250939674 ) ) ;
#5603 = CARTESIAN_POINT ( 'NONE',  ( -14.00000000000000000, 0.5375364957381987274, -18.29634816116374907 ) ) ;
#5604 = B_SPLINE_SURFACE_WITH_KNOTS ( 'NONE', 1, 3, ( 
 ( #7053, #2221, #4204, #5012, #5639, #8344, #6927, #7724, #791, #2857, #5597, #6257, #8299, #2174, #7638, #1593, #921, #4252 ),
 ( #4969, #2896, #839, #3566, #6301, #7013, #163, #878, #1722, #7849, #1005, #428, #2527, #1808, #3877, #5190, #7978, #4594 ) ),
 .UNSPECIFIED., .F., .F., .F.,
 ( 2, 2 ),
 ( 4, 2, 2, 2, 2, 2, 2, 2, 4 ),
 ( 0.000000000000000000, 1.000000000000000000 ),
 ( 4.537856055185264026, 4.734205596034626318, 4.930555136883988609, 5.126904677733350901, 5.323254218582713193, 5.519603759432075485, 5.715953300281437777, 5.912302841130799180, 6.108652381980161472 ),
 .UNSPECIFIED. ) ;
#5605 = CARTESIAN_POINT ( 'NONE',  ( -15.00000000000000000, -91.81850816857095765, 30.55335879174044678 ) ) ;
#5606 = CARTESIAN_POINT ( 'NONE',  ( 0.000000000000000000, -34.27907187499138075, -20.17117335076154561 ) ) ;
#5607 = ORIENTED_EDGE ( 'NONE', *, *, #4601, .F. ) ;
#5608 = DIRECTION ( 'NONE',  ( -0.000000000000000000, 1.000000000000000000, -0.000000000000000000 ) ) ;
#5609 = ADVANCED_FACE ( 'NONE', ( #5220 ), #8369, .T. ) ;
#5610 = ORIENTED_EDGE ( 'NONE', *, *, #3955, .F. ) ;
#5611 = ORIENTED_EDGE ( 'NONE', *, *, #1398, .T. ) ;
#5612 = CARTESIAN_POINT ( 'NONE',  ( -22.61976279644417787, 15.51509163005818337, -19.47075456690801332 ) ) ;
#5613 = CARTESIAN_POINT ( 'NONE',  ( -18.13891519827680909, 32.32250516787363637, -18.61207272072714503 ) ) ;
#5614 = ORIENTED_EDGE ( 'NONE', *, *, #2850, .F. ) ;
#5615 = ADVANCED_FACE ( 'NONE', ( #7971 ), #1671, .F. ) ;
#5616 = CARTESIAN_POINT ( 'NONE',  ( -14.24404440307433894, -13.62555846021908756, -21.66425576737555758 ) ) ;
#5617 = EDGE_CURVE ( 'NONE', #6705, #6733, #7267, .T. ) ;
#5618 = FACE_OUTER_BOUND ( 'NONE', #6782, .T. ) ;
#5619 = VERTEX_POINT ( 'NONE', #7170 ) ;
#5620 = CYLINDRICAL_SURFACE ( 'NONE', #679, 6.999999999999999112 ) ;
#5621 = CARTESIAN_POINT ( 'NONE',  ( -12.96710253951966862, 15.45608048858731642, -22.73001493960334685 ) ) ;
#5622 = CARTESIAN_POINT ( 'NONE',  ( -20.23105298398811058, -56.84697157599856610, 17.72661140917835354 ) ) ;
#5623 = CARTESIAN_POINT ( 'NONE',  ( 0.000000000000000000, -116.9023433002326016, -13.35486310416182754 ) ) ;
#5624 = VERTEX_POINT ( 'NONE', #3779 ) ;
#5625 = EDGE_LOOP ( 'NONE', ( #2976, #693, #2548, #2419 ) ) ;
#5626 = CARTESIAN_POINT ( 'NONE',  ( -11.14324619721804588, 16.54003183613001227, -44.28091731893167093 ) ) ;
#5627 = CARTESIAN_POINT ( 'NONE',  ( -20.04746975033396339, -62.86340705211227231, 6.542854291323058291 ) ) ;
#5628 = VERTEX_POINT ( 'NONE', #5183 ) ;
#5629 = FACE_OUTER_BOUND ( 'NONE', #4607, .T. ) ;
#5630 = LINE ( 'NONE', #8335, #2969 ) ;
#5631 = AXIS2_PLACEMENT_3D ( 'NONE', #7872, #7161, #7299 ) ;
#5632 = FACE_OUTER_BOUND ( 'NONE', #132, .T. ) ;
#5633 = DIRECTION ( 'NONE',  ( 1.000000000000000000, -9.292156304918629227E-17, -2.552998962580723604E-16 ) ) ;
#5634 = CARTESIAN_POINT ( 'NONE',  ( -16.35000000000000142, 1.800494904434582821, -6.003864856840078978 ) ) ;
#5635 = EDGE_LOOP ( 'NONE', ( #6501, #5489, #6049, #4365 ) ) ;
#5636 = CARTESIAN_POINT ( 'NONE',  ( -22.03762289403380947, -13.11252726243340661, -19.03718355716699406 ) ) ;
#5637 = CIRCLE ( 'NONE', #6774, 6.149999999999989697 ) ;
#5638 = EDGE_CURVE ( 'NONE', #8180, #4817, #5891, .T. ) ;
#5639 = CARTESIAN_POINT ( 'NONE',  ( -21.56663957331940651, -16.85692231816131681, -22.11012916387558391 ) ) ;
#5640 = CYLINDRICAL_SURFACE ( 'NONE', #6071, 1.000000000000000888 ) ;
#5641 = CARTESIAN_POINT ( 'NONE',  ( -12.72995645089865668, -14.59956782057845359, -44.02524887786766072 ) ) ;
#5642 = ORIENTED_EDGE ( 'NONE', *, *, #7398, .T. ) ;
#5643 = DIRECTION ( 'NONE',  ( 0.000000000000000000, -0.9463118589240387957, 0.3232551092554145633 ) ) ;
#5644 = CARTESIAN_POINT ( 'NONE',  ( -5.785511251114830777, -85.89756278093668129, 38.25674281451666303 ) ) ;
#5645 = EDGE_CURVE ( 'NONE', #1003, #5118, #4587, .T. ) ;
#5646 = CARTESIAN_POINT ( 'NONE',  ( -15.00000000000000000, -91.31906433289229597, 30.40235857811437725 ) ) ;
#5647 = CARTESIAN_POINT ( 'NONE',  ( -22.84409746071161251, -50.32995078545769019, -5.710407180114372316 ) ) ;
#5648 = VERTEX_POINT ( 'NONE', #1756 ) ;
#5649 = CARTESIAN_POINT ( 'NONE',  ( -12.19084177677407510, 15.75704021507349317, -23.16930724674310937 ) ) ;
#5650 = CIRCLE ( 'NONE', #1769, 5.000000000000001776 ) ;
#5651 = VERTEX_POINT ( 'NONE', #291 ) ;
#5652 = VECTOR ( 'NONE', #3858, 1000.000000000000000 ) ;
#5653 = CARTESIAN_POINT ( 'NONE',  ( -20.01577414824416579, 15.47356965032319920, -22.77778230630703504 ) ) ;
#5654 = CARTESIAN_POINT ( 'NONE',  ( -12.19083431668648387, -14.68197590742174441, -43.31921359157802698 ) ) ;
#5655 =( BOUNDED_CURVE ( )  B_SPLINE_CURVE ( 3, ( #6027, #4015, #515, #6737 ),
 .UNSPECIFIED., .F., .F. ) 
 B_SPLINE_CURVE_WITH_KNOTS ( ( 4, 4 ),
 ( 1.305951030268338586, 1.530432176899413799 ),
 .UNSPECIFIED. ) 
 CURVE ( )  GEOMETRIC_REPRESENTATION_ITEM ( )  RATIONAL_B_SPLINE_CURVE ( ( 1.000000000000000000, 0.9958050912789142561, 0.9958050912789142561, 1.000000000000000000 ) ) 
 REPRESENTATION_ITEM ( '' )  );
#5656 = VECTOR ( 'NONE', #3197, 1000.000000000000000 ) ;
#5657 = ORIENTED_EDGE ( 'NONE', *, *, #1443, .T. ) ;
#5658 = CARTESIAN_POINT ( 'NONE',  ( -20.22580399938925666, 15.04431063687400361, -21.97469517755320823 ) ) ;
#5659 = CARTESIAN_POINT ( 'NONE',  ( -12.91048508637893910, -14.41171624174900856, -22.84684788292922875 ) ) ;
#5660 = CARTESIAN_POINT ( 'NONE',  ( -17.24345300980237994, -47.53516363136523637, 16.87893479654837137 ) ) ;
#5661 = VECTOR ( 'NONE', #7315, 1000.000000000000000 ) ;
#5662 = EDGE_LOOP ( 'NONE', ( #8707, #4307, #3961, #8279, #4747, #3, #7765, #5382, #8123 ) ) ;
#5663 = CARTESIAN_POINT ( 'NONE',  ( -13.16641946618241299, -13.90269506115892462, -21.29634816116375262 ) ) ;
#5664 = EDGE_CURVE ( 'NONE', #3518, #1942, #4481, .T. ) ;
#5665 = CARTESIAN_POINT ( 'NONE',  ( -14.65054239839512640, 14.43062576436245870, -21.50573235053251153 ) ) ;
#5666 = EDGE_CURVE ( 'NONE', #425, #806, #2563, .T. ) ;
#5667 = CARTESIAN_POINT ( 'NONE',  ( -15.00000000000000000, -133.7038235893524813, 48.66421199410369525 ) ) ;
#5668 = CARTESIAN_POINT ( 'NONE',  ( -11.75040700695752527, -16.05923626490723777, -45.25793637731227648 ) ) ;
#5669 = VERTEX_POINT ( 'NONE', #5972 ) ;
#5670 = AXIS2_PLACEMENT_3D ( 'NONE', #5603, #2771, #7469 ) ;
#5671 = ORIENTED_EDGE ( 'NONE', *, *, #1866, .T. ) ;
#5672 = DIRECTION ( 'NONE',  ( 0.000000000000000000, 0.000000000000000000, -1.000000000000000000 ) ) ;
#5673 = PLANE ( 'NONE',  #7113 ) ;
#5674 = ORIENTED_EDGE ( 'NONE', *, *, #1342, .F. ) ;
#5675 = ADVANCED_FACE ( 'NONE', ( #594 ), #2061, .T. ) ;
#5676 = DIRECTION ( 'NONE',  ( -0.1251691050984282405, 0.000000000000000000, 0.9921354217690540045 ) ) ;
#5677 = DIRECTION ( 'NONE',  ( -0.000000000000000000, -0.3232551092554040162, -0.9463118589240424594 ) ) ;
#5678 = CARTESIAN_POINT ( 'NONE',  ( -8.050665725192601485, -136.2240380608700150, 24.05657732806681182 ) ) ;
#5679 = PLANE ( 'NONE',  #2105 ) ;
#5680 = EDGE_LOOP ( 'NONE', ( #208, #1150, #6084, #8529 ) ) ;
#5681 = EDGE_CURVE ( 'NONE', #5565, #8200, #5683, .T. ) ;
#5682 = CARTESIAN_POINT ( 'NONE',  ( -21.52835327951041577, -16.94430526968059070, -22.39819215002800945 ) ) ;
#5683 = CIRCLE ( 'NONE', #6839, 38.83706265612282493 ) ;
#5684 = CARTESIAN_POINT ( 'NONE',  ( -3.000000000000000000, 31.91753551389348686, -13.34516491915146297 ) ) ;
#5685 = LINE ( 'NONE', #3567, #5364 ) ;
#5686 = EDGE_CURVE ( 'NONE', #6637, #3434, #4097, .T. ) ;
#5687 = CIRCLE ( 'NONE', #398, 1.599999999999991873 ) ;
#5688 = CARTESIAN_POINT ( 'NONE',  ( -11.82231663218167839, -15.95815976518933788, -45.23463046153947431 ) ) ;
#5689 = EDGE_LOOP ( 'NONE', ( #2728, #8071, #3453, #1283 ) ) ;
#5690 = DIRECTION ( 'NONE',  ( -0.000000000000000000, -0.9396926207859083169, 0.3420201433256687129 ) ) ;
#5691 = CARTESIAN_POINT ( 'NONE',  ( -15.00000000000000000, -90.30962319386860315, 30.09507027153647130 ) ) ;
#5692 = CARTESIAN_POINT ( 'NONE',  ( 21.44999999999999929, 31.76599858981257896, -6.718171893605090261 ) ) ;
#5693 = CARTESIAN_POINT ( 'NONE',  ( -2.679646204749461358, -104.7798680589166196, 12.82968018065072613 ) ) ;
#5694 = CARTESIAN_POINT ( 'NONE',  ( -22.67114712132007526, -46.06204005677530944, -8.205754184649364902 ) ) ;
#5695 = ORIENTED_EDGE ( 'NONE', *, *, #6666, .F. ) ;
#5696 = AXIS2_PLACEMENT_3D ( 'NONE', #7058, #305, #6264 ) ;
#5697 = ORIENTED_EDGE ( 'NONE', *, *, #6346, .T. ) ;
#5698 = VECTOR ( 'NONE', #7182, 1000.000000000000000 ) ;
#5699 = CARTESIAN_POINT ( 'NONE',  ( -15.02194700248322334, -92.41553640195046171, 19.17198468113173604 ) ) ;
#5700 = CARTESIAN_POINT ( 'NONE',  ( -12.15520824362251240, -14.71044655678843505, -43.54011812569572015 ) ) ;
#5701 = AXIS2_PLACEMENT_3D ( 'NONE', #5930, #376, #8555 ) ;
#5702 = VERTEX_POINT ( 'NONE', #4678 ) ;
#5703 = EDGE_CURVE ( 'NONE', #1576, #6726, #7400, .T. ) ;
#5704 = CARTESIAN_POINT ( 'NONE',  ( -19.86929933619549971, 15.53753649573836881, -23.29634816116374907 ) ) ;
#5705 = CARTESIAN_POINT ( 'NONE',  ( -13.11477883159207103, -14.30193695952007893, -22.51501278856056132 ) ) ;
#5706 = CARTESIAN_POINT ( 'NONE',  ( -26.38839466303431891, -17.09070428359138560, 16.15006088230980197 ) ) ;
#5707 = ORIENTED_EDGE ( 'NONE', *, *, #6477, .F. ) ;
#5708 = ORIENTED_EDGE ( 'NONE', *, *, #3732, .T. ) ;
#5709 = VECTOR ( 'NONE', #5141, 1000.000000000000000 ) ;
#5710 = CARTESIAN_POINT ( 'NONE',  ( -13.10175509801843141, 14.98066128591015378, -21.23700706817854922 ) ) ;
#5711 = CARTESIAN_POINT ( 'NONE',  ( -17.24345300980237994, -47.53516363136523637, 16.87893479654837137 ) ) ;
#5712 = PLANE ( 'NONE',  #1367 ) ;
#5713 = ORIENTED_EDGE ( 'NONE', *, *, #6095, .F. ) ;
#5714 = EDGE_LOOP ( 'NONE', ( #5835, #1698, #2842, #680 ) ) ;
#5715 = CARTESIAN_POINT ( 'NONE',  ( -14.24404440307437625, 14.70063145169549124, -21.66425576737555048 ) ) ;
#5716 = CARTESIAN_POINT ( 'NONE',  ( 0.000000000000000000, -117.8612591275757353, 25.25769654673742437 ) ) ;
#5717 = EDGE_CURVE ( 'NONE', #6872, #5268, #1906, .T. ) ;
#5718 = ORIENTED_EDGE ( 'NONE', *, *, #5389, .F. ) ;
#5719 = CARTESIAN_POINT ( 'NONE',  ( -20.67007571659680210, -29.98493620190746256, -26.90179424716819412 ) ) ;
#5720 = CARTESIAN_POINT ( 'NONE',  ( -18.53539686785683216, -23.04408217841999829, -40.14115821688604058 ) ) ;
#5721 = CARTESIAN_POINT ( 'NONE',  ( -12.46895110751311186, -14.45509539977140889, -22.11845563975744255 ) ) ;
#5722 = CARTESIAN_POINT ( 'NONE',  ( -9.099999999999999645, -71.59936963466060433, 10.70197393397544339 ) ) ;
#5723 = ORIENTED_EDGE ( 'NONE', *, *, #1051, .F. ) ;
#5724 = EDGE_CURVE ( 'NONE', #1035, #8519, #1382, .T. ) ;
#5725 = CARTESIAN_POINT ( 'NONE',  ( -16.35000000000000142, 0.5375364957381987274, -5.781171213874287673 ) ) ;
#5726 = ADVANCED_FACE ( 'NONE', ( #3318 ), #3935, .F. ) ;
#5727 = CARTESIAN_POINT ( 'NONE',  ( -12.41668660893601484, -62.45288312884219550, -4.544201797751822092 ) ) ;
#5728 = CARTESIAN_POINT ( 'NONE',  ( -13.75989093742423641, 14.71261252087475846, -21.29634816116374552 ) ) ;
#5729 = EDGE_CURVE ( 'NONE', #4351, #4104, #7254, .T. ) ;
#5730 = CARTESIAN_POINT ( 'NONE',  ( -23.00618177331674019, -49.73987541422744840, -3.750840688693525937 ) ) ;
#5731 = ORIENTED_EDGE ( 'NONE', *, *, #5753, .F. ) ;
#5732 = CARTESIAN_POINT ( 'NONE',  ( -12.75000000000000000, -119.6812179729371479, 30.17681848394211741 ) ) ;
#5733 = CARTESIAN_POINT ( 'NONE',  ( -15.00000000000000000, -93.75565108970587858, 31.12788093436729397 ) ) ;
#5734 = EDGE_CURVE ( 'NONE', #1957, #2739, #4531, .T. ) ;
#5735 = DIRECTION ( 'NONE',  ( -0.000000000000000000, 0.1736481776669232813, 0.9848077530122092416 ) ) ;
#5736 = CARTESIAN_POINT ( 'NONE',  ( -15.00000000000000533, -124.4758996252384406, 18.76861490077982353 ) ) ;
#5737 = FACE_OUTER_BOUND ( 'NONE', #8540, .T. ) ;
#5738 = ORIENTED_EDGE ( 'NONE', *, *, #5449, .F. ) ;
#5739 = DIRECTION ( 'NONE',  ( 0.000000000000000000, 0.9463118589240399059, -0.3232551092554115102 ) ) ;
#5740 = CARTESIAN_POINT ( 'NONE',  ( -18.73388875052741653, -21.21723634305992334, -43.54434438373267113 ) ) ;
#5741 = CARTESIAN_POINT ( 'NONE',  ( -11.03869095803874600, -15.53742548872136808, -44.29257655385644910 ) ) ;
#5742 = ORIENTED_EDGE ( 'NONE', *, *, #5363, .F. ) ;
#5743 = CARTESIAN_POINT ( 'NONE',  ( -12.86643652015997930, -14.43545291778600692, -22.96625074263823763 ) ) ;
#5744 = CARTESIAN_POINT ( 'NONE',  ( -15.00000000000000000, -130.5636817935659053, 34.92882432268652337 ) ) ;
#5745 = EDGE_LOOP ( 'NONE', ( #5580, #5107, #8741, #4189, #7380 ) ) ;
#5746 = ORIENTED_EDGE ( 'NONE', *, *, #1053, .F. ) ;
#5747 = CARTESIAN_POINT ( 'NONE',  ( -15.09509332072109444, -23.16729674207281775, -45.29634816116374907 ) ) ;
#5748 = CARTESIAN_POINT ( 'NONE',  ( -15.79999999999999893, -53.46956596784184512, 3.060624641958697989 ) ) ;
#5749 = CARTESIAN_POINT ( 'NONE',  ( -16.03043454658953237, 13.38948130297618455, -21.30183577466519296 ) ) ;
#5750 = DIRECTION ( 'NONE',  ( 0.000000000000000000, -1.000000000000000000, 0.000000000000000000 ) ) ;
#5751 = CARTESIAN_POINT ( 'NONE',  ( -12.80069133473664600, -14.48697445318985011, -43.61174070877564901 ) ) ;
#5752 = ORIENTED_EDGE ( 'NONE', *, *, #2914, .T. ) ;
#5753 = EDGE_CURVE ( 'NONE', #6754, #7602, #3054, .T. ) ;
#5754 = ORIENTED_EDGE ( 'NONE', *, *, #5734, .F. ) ;
#5755 = CARTESIAN_POINT ( 'NONE',  ( -11.60494623784883395, 17.33594753915444997, -45.28880826266316717 ) ) ;
#5756 = DIRECTION ( 'NONE',  ( -1.000000000000000000, 0.000000000000000000, 0.000000000000000000 ) ) ;
#5757 = ORIENTED_EDGE ( 'NONE', *, *, #3036, .T. ) ;
#5758 = CARTESIAN_POINT ( 'NONE',  ( -19.60508974297264118, -25.69414774117625200, -36.09983853124411723 ) ) ;
#5759 = DIRECTION ( 'NONE',  ( 1.000000000000000000, -0.000000000000000000, -0.000000000000000000 ) ) ;
#5760 = CARTESIAN_POINT ( 'NONE',  ( -10.96856042333312153, 16.66043969196919505, -44.29634351899807854 ) ) ;
#5761 = DIRECTION ( 'NONE',  ( 0.000000000000000000, 0.6427876096865352551, 0.7660444431189813441 ) ) ;
#5762 = DIRECTION ( 'NONE',  ( 1.000000000000000000, 0.000000000000000000, 0.000000000000000000 ) ) ;
#5763 = VERTEX_POINT ( 'NONE', #2333 ) ;
#5764 = LINE ( 'NONE', #1044, #4226 ) ;
#5765 = CARTESIAN_POINT ( 'NONE',  ( -5.999999999999998224, -42.11065726885905747, 1.738856025306405817 ) ) ;
#5766 = CARTESIAN_POINT ( 'NONE',  ( -15.00000000000000000, -122.2705011474570824, 18.42123019163070552 ) ) ;
#5767 = CARTESIAN_POINT ( 'NONE',  ( -22.68762741337137712, -56.03652355801233398, -9.928166747135618309 ) ) ;
#5768 = VERTEX_POINT ( 'NONE', #8498 ) ;
#5769 = DIRECTION ( 'NONE',  ( -1.000000000000000000, 0.000000000000000000, 0.000000000000000000 ) ) ;
#5770 = CARTESIAN_POINT ( 'NONE',  ( -15.00000000000000000, -94.22361619048319881, 31.26372337889589303 ) ) ;
#5771 = AXIS2_PLACEMENT_3D ( 'NONE', #5606, #8306, #4932 ) ;
#5772 = EDGE_CURVE ( 'NONE', #2193, #7900, #6579, .T. ) ;
#5773 = CARTESIAN_POINT ( 'NONE',  ( -14.10110959674953435, -53.51706866690651765, -12.04224041703053416 ) ) ;
#5774 = CARTESIAN_POINT ( 'NONE',  ( 0.000000000000000000, -37.15726831314997014, -9.571716512632004736 ) ) ;
#5775 = CARTESIAN_POINT ( 'NONE',  ( -22.21174825247127416, -39.85404639880587752, -12.94175190505599815 ) ) ;
#5776 = CARTESIAN_POINT ( 'NONE',  ( -21.44998560302131807, -44.51097948983787234, -18.15861415405512602 ) ) ;
#5777 = ORIENTED_EDGE ( 'NONE', *, *, #5978, .F. ) ;
#5778 = CARTESIAN_POINT ( 'NONE',  ( -21.74355696316128927, 31.70237091210041669, -15.82375768592786081 ) ) ;
#5779 = CARTESIAN_POINT ( 'NONE',  ( -15.96288389736912805, -24.97051890061164059, -43.40582975763559404 ) ) ;
#5780 = CARTESIAN_POINT ( 'NONE',  ( -14.99999999999999467, -95.59509845033028341, 31.64949144815141935 ) ) ;
#5781 = ORIENTED_EDGE ( 'NONE', *, *, #3150, .F. ) ;
#5782 = EDGE_CURVE ( 'NONE', #5847, #5628, #312, .T. ) ;
#5783 = CARTESIAN_POINT ( 'NONE',  ( -13.69875924012647239, -13.96335773133121982, -21.97275567917452932 ) ) ;
#5784 = AXIS2_PLACEMENT_3D ( 'NONE', #7958, #1115, #3767 ) ;
#5785 = VERTEX_POINT ( 'NONE', #412 ) ;
#5786 = CARTESIAN_POINT ( 'NONE',  ( -14.16293483975128886, -23.44366662943964741, -45.29634816116374907 ) ) ;
#5787 = CARTESIAN_POINT ( 'NONE',  ( -17.33971537430075216, 15.59700320558265751, -43.78042516929100003 ) ) ;
#5788 = CARTESIAN_POINT ( 'NONE',  ( -2.242940496645513537, -107.5448328859109779, 46.12777317583132231 ) ) ;
#5789 = DIRECTION ( 'NONE',  ( -0.000000000000000000, -0.9396926207859082059, 0.3420201433256692125 ) ) ;
#5790 = CARTESIAN_POINT ( 'NONE',  ( -12.46413147371494645, -15.01376549702427354, -44.67690659069497627 ) ) ;
#5791 = EDGE_LOOP ( 'NONE', ( #1532, #7387, #8064, #2147 ) ) ;
#5792 = B_SPLINE_CURVE_WITH_KNOTS ( 'NONE', 3,
 ( #2555, #755, #6669, #5253 ),
 .UNSPECIFIED., .F., .F.,
 ( 4, 4 ),
 ( 0.000000000000000000, 1.000000000000000000 ),
 .UNSPECIFIED. ) ;
#5793 = VECTOR ( 'NONE', #4333, 1000.000000000000000 ) ;
#5794 = CARTESIAN_POINT ( 'NONE',  ( -21.06168536980207406, -25.12287346862336790, -24.65506789210489558 ) ) ;
#5795 = CARTESIAN_POINT ( 'NONE',  ( -12.14238562649006248, 15.79573250966851283, -43.57944294741497515 ) ) ;
#5796 = CARTESIAN_POINT ( 'NONE',  ( -11.46379603209693698, -64.79892567709481455, -2.847914249785081786 ) ) ;
#5797 = VECTOR ( 'NONE', #8702, 1000.000000000000000 ) ;
#5798 = VERTEX_POINT ( 'NONE', #5036 ) ;
#5799 = CARTESIAN_POINT ( 'NONE',  ( -21.03537414851647824, -33.78901993084650712, -23.33554467108520925 ) ) ;
#5800 = CARTESIAN_POINT ( 'NONE',  ( -14.24999999999999822, 30.98458179031144866, -11.14980678216003618 ) ) ;
#5801 = CIRCLE ( 'NONE', #1929, 19.50000000000007816 ) ;
#5802 = DIRECTION ( 'NONE',  ( 0.000000000000000000, -0.9848077530122093526, 0.1736481776669228927 ) ) ;
#5803 = CARTESIAN_POINT ( 'NONE',  ( -15.03043323671804110, -37.85873764820056664, -21.09676616924241799 ) ) ;
#5804 = STYLED_ITEM ( 'NONE', ( #1134 ), #8273 ) ;
#5805 = DIRECTION ( 'NONE',  ( -1.000000000000000000, 0.000000000000000000, 0.000000000000000000 ) ) ;
#5806 = ORIENTED_EDGE ( 'NONE', *, *, #2298, .T. ) ;
#5807 = VERTEX_POINT ( 'NONE', #6539 ) ;
#5808 = LINE ( 'NONE', #4420, #5936 ) ;
#5809 = EDGE_CURVE ( 'NONE', #4010, #4104, #7366, .T. ) ;
#5810 = DIRECTION ( 'NONE',  ( -1.000000000000000000, -0.000000000000000000, -0.000000000000000000 ) ) ;
#5811 = CARTESIAN_POINT ( 'NONE',  ( -14.96508752546919396, 14.11963821077558556, -21.29634816116374552 ) ) ;
#5812 = AXIS2_PLACEMENT_3D ( 'NONE', #553, #6683, #6781 ) ;
#5813 = CARTESIAN_POINT ( 'NONE',  ( -13.27637933255414993, -59.32206977209317955, -7.171266130684768036 ) ) ;
#5814 = ORIENTED_EDGE ( 'NONE', *, *, #8552, .F. ) ;
#5815 = CARTESIAN_POINT ( 'NONE',  ( -18.72819211209443324, 24.53622576315293458, -43.49735578383285883 ) ) ;
#5816 = CARTESIAN_POINT ( 'NONE',  ( -12.75000000000000000, -116.1242084823501983, 39.94962174011556044 ) ) ;
#5817 = CARTESIAN_POINT ( 'NONE',  ( -14.10657373858536090, -53.82259209078266338, -11.78587582474004414 ) ) ;
#5818 = CARTESIAN_POINT ( 'NONE',  ( -2.000151088540154110, -112.8760168801677679, 16.18677120296615257 ) ) ;
#5819 = DIRECTION ( 'NONE',  ( 0.000000000000000000, 0.000000000000000000, -1.000000000000000000 ) ) ;
#5820 = CARTESIAN_POINT ( 'NONE',  ( -14.09999999999999964, -69.02821919591445976, 13.76615170645137987 ) ) ;
#5821 = CARTESIAN_POINT ( 'NONE',  ( -21.40131898710479064, -43.36313815114620240, -18.74675868253442346 ) ) ;
#5822 = ORIENTED_EDGE ( 'NONE', *, *, #5753, .T. ) ;
#5823 = EDGE_CURVE ( 'NONE', #6543, #6588, #5839, .T. ) ;
#5824 = DIRECTION ( 'NONE',  ( 0.000000000000000000, 0.000000000000000000, -1.000000000000000000 ) ) ;
#5825 = CARTESIAN_POINT ( 'NONE',  ( -18.08119742861454782, -23.03160761294768122, -43.51171820687538627 ) ) ;
#5826 = DIRECTION ( 'NONE',  ( 0.000000000000000000, 0.9396926207859085389, -0.3420201433256683798 ) ) ;
#5827 = VERTEX_POINT ( 'NONE', #2553 ) ;
#5828 = EDGE_CURVE ( 'NONE', #5218, #4207, #2161, .T. ) ;
#5829 = CARTESIAN_POINT ( 'NONE',  ( 0.000000000000000000, -118.8873195575527433, 22.43861868437969775 ) ) ;
#5830 = CARTESIAN_POINT ( 'NONE',  ( -15.00000000000000000, -102.3538084696227344, 25.59392898567852725 ) ) ;
#5831 = EDGE_CURVE ( 'NONE', #849, #6261, #3309, .T. ) ;
#5832 = VECTOR ( 'NONE', #7590, 1000.000000000000000 ) ;
#5833 =( BOUNDED_SURFACE ( )  B_SPLINE_SURFACE ( 3, 2, ( 
 ( #2876, #8281, #6905 ),
 ( #1531, #1575, #3630 ),
 ( #3545, #858, #7619 ),
 ( #8318, #2153, #2196 ) ),
 .UNSPECIFIED., .F., .F., .F. ) 
 B_SPLINE_SURFACE_WITH_KNOTS ( ( 4, 4 ),
 ( 3, 3 ),
 ( 4.751406243400386309, 4.977234276911247868 ),
 ( 0.000000000000000000, 1.000000000000000000 ),
 .UNSPECIFIED. ) 
 GEOMETRIC_REPRESENTATION_ITEM ( )  RATIONAL_B_SPLINE_SURFACE ( (
 ( 1.000000000000000000, 0.7088570485207776883, 1.000000000000000000),
 ( 1.000000000000000000, 0.7122280841266790397, 1.000000000000000000),
 ( 1.000000000000000000, 0.7155595234172994479, 1.000000000000000000),
 ( 1.000000000000000000, 0.7187703393883435599, 1.000000000000000000) ) ) 
 REPRESENTATION_ITEM ( '' )  SURFACE ( )  );
#5834 = EDGE_CURVE ( 'NONE', #6970, #4509, #5293, .T. ) ;
#5835 = ORIENTED_EDGE ( 'NONE', *, *, #689, .F. ) ;
#5836 = CARTESIAN_POINT ( 'NONE',  ( -14.99999999999926104, -94.17218387776169664, 42.20640245156969428 ) ) ;
#5837 = CARTESIAN_POINT ( 'NONE',  ( -3.000000000000000444, 32.73954237941581624, -16.73947206590499803 ) ) ;
#5838 = VECTOR ( 'NONE', #741, 1000.000000000000000 ) ;
#5839 = LINE ( 'NONE', #1075, #3810 ) ;
#5840 = VECTOR ( 'NONE', #596, 1000.000000000000000 ) ;
#5841 = CARTESIAN_POINT ( 'NONE',  ( -23.44999999999999929, -34.71447329368038481, 6.121098262759037567 ) ) ;
#5842 = EDGE_CURVE ( 'NONE', #1591, #4987, #8623, .T. ) ;
#5843 = PLANE ( 'NONE',  #1650 ) ;
#5844 = ORIENTED_EDGE ( 'NONE', *, *, #6952, .T. ) ;
#5845 = CARTESIAN_POINT ( 'NONE',  ( -12.73119576272541842, 15.67267669891501214, -44.02018537820464417 ) ) ;
#5846 = CYLINDRICAL_SURFACE ( 'NONE', #2835, 35.00000000000000000 ) ;
#5847 = VERTEX_POINT ( 'NONE', #3224 ) ;
#5848 = CARTESIAN_POINT ( 'NONE',  ( -20.07716457044297087, -21.36545584719819502, -33.12126854625204686 ) ) ;
#5849 = AXIS2_PLACEMENT_3D ( 'NONE', #3468, #917, #4326 ) ;
#5850 = CARTESIAN_POINT ( 'NONE',  ( -18.16562452088981772, -23.58555446478533213, -40.09450725297077867 ) ) ;
#5851 = CARTESIAN_POINT ( 'NONE',  ( -14.09999999999999964, -57.10528308197181957, 21.64570027454408674 ) ) ;
#5852 = CARTESIAN_POINT ( 'NONE',  ( -15.07568522070490502, -37.31818412993879974, -21.33142416753797477 ) ) ;
#5853 = CARTESIAN_POINT ( 'NONE',  ( -4.000000000000000000, -30.39113852184311071, -11.88299054380818021 ) ) ;
#5854 = ORIENTED_EDGE ( 'NONE', *, *, #5122, .T. ) ;
#5855 = ORIENTED_EDGE ( 'NONE', *, *, #4131, .F. ) ;
#5856 = DIRECTION ( 'NONE',  ( 0.000000000000000000, 0.8626878531223943769, -0.5057367576863224246 ) ) ;
#5857 = VECTOR ( 'NONE', #561, 1000.000000000000114 ) ;
#5858 = LINE ( 'NONE', #2747, #6945 ) ;
#5859 = CARTESIAN_POINT ( 'NONE',  ( -13.74343431822044259, 14.72009403873216016, -21.29634707621901057 ) ) ;
#5860 = CARTESIAN_POINT ( 'NONE',  ( 15.00000000000000000, -122.2705011474578640, 18.42123019163082631 ) ) ;
#5861 = VERTEX_POINT ( 'NONE', #1300 ) ;
#5862 = DIRECTION ( 'NONE',  ( 0.000000000000000000, -0.000000000000000000, -1.000000000000000000 ) ) ;
#5863 = CARTESIAN_POINT ( 'NONE',  ( -22.85694156685492473, -48.03771218279310773, -6.384716172197919981 ) ) ;
#5864 = CARTESIAN_POINT ( 'NONE',  ( -12.75000000000000000, 0.000000000000000000, 0.000000000000000000 ) ) ;
#5865 = DIRECTION ( 'NONE',  ( 4.859169400495257961E-17, -0.9848077530122092416, 0.1736481776669232813 ) ) ;
#5866 = CARTESIAN_POINT ( 'NONE',  ( -21.89616521750361500, -51.97465504211161402, -13.30598640910102759 ) ) ;
#5867 = ORIENTED_EDGE ( 'NONE', *, *, #5638, .F. ) ;
#5868 = DIRECTION ( 'NONE',  ( -0.000000000000000000, -0.000000000000000000, 1.000000000000000000 ) ) ;
#5869 = CARTESIAN_POINT ( 'NONE',  ( 0.000000000000000000, -22.82182225824879751, -14.25357600088131171 ) ) ;
#5870 = CARTESIAN_POINT ( 'NONE',  ( -11.76759370817660333, -15.01158359571473255, -44.05397413775480686 ) ) ;
#5871 = ORIENTED_EDGE ( 'NONE', *, *, #127, .F. ) ;
#5872 = EDGE_CURVE ( 'NONE', #5628, #6197, #1870, .T. ) ;
#5873 = CARTESIAN_POINT ( 'NONE',  ( -1.216859613504652327, -34.79009047679866029, -22.68392869643229659 ) ) ;
#5874 = CARTESIAN_POINT ( 'NONE',  ( -14.99999999999999467, -107.4206068717764992, 14.09617504730378990 ) ) ;
#5875 = CARTESIAN_POINT ( 'NONE',  ( -15.00000000000000000, -96.69663446347605884, 31.92223852912735893 ) ) ;
#5876 = DIRECTION ( 'NONE',  ( 1.000000000000000000, 0.000000000000000000, 0.000000000000000000 ) ) ;
#5877 = CARTESIAN_POINT ( 'NONE',  ( -16.55023710294779704, -76.77903558517472504, 12.80496781111449067 ) ) ;
#5878 = CARTESIAN_POINT ( 'NONE',  ( -15.47399955415469641, -12.76043421710478931, -21.31766673916837007 ) ) ;
#5879 = CARTESIAN_POINT ( 'NONE',  ( -19.72848396417341377, 18.06397657989739614, -42.83750942186244259 ) ) ;
#5880 = CYLINDRICAL_SURFACE ( 'NONE', #8487, 4.000000000000000000 ) ;
#5881 = ORIENTED_EDGE ( 'NONE', *, *, #6692, .T. ) ;
#5882 = ADVANCED_FACE ( 'NONE', ( #2011 ), #6769, .T. ) ;
#5883 = EDGE_CURVE ( 'NONE', #1105, #1689, #1156, .T. ) ;
#5884 = CARTESIAN_POINT ( 'NONE',  ( -1.000000000000007772, -125.6822119262424309, 50.87769490003759643 ) ) ;
#5885 =( BOUNDED_CURVE ( )  B_SPLINE_CURVE ( 3, ( #590, #5299, #3229, #4762 ),
 .UNSPECIFIED., .F., .F. ) 
 B_SPLINE_CURVE_WITH_KNOTS ( ( 4, 4 ),
 ( 3.141592653589793116, 4.712388980384689674 ),
 .UNSPECIFIED. ) 
 CURVE ( )  GEOMETRIC_REPRESENTATION_ITEM ( )  RATIONAL_B_SPLINE_CURVE ( ( 1.000000000000000000, 0.8047378541243649375, 0.8047378541243649375, 1.000000000000000000 ) ) 
 REPRESENTATION_ITEM ( '' )  );
#5886 = CARTESIAN_POINT ( 'NONE',  ( -12.75726792199136028, 15.63128866980962783, -43.90293998383278762 ) ) ;
#5887 = FACE_OUTER_BOUND ( 'NONE', #5371, .T. ) ;
#5888 = ORIENTED_EDGE ( 'NONE', *, *, #5948, .T. ) ;
#5889 = CARTESIAN_POINT ( 'NONE',  ( -19.29974826785325348, -25.46337034114626618, -38.56077735104950222 ) ) ;
#5890 = CARTESIAN_POINT ( 'NONE',  ( -14.24999999999999822, 2.874200784847784185, -6.193188172902254429 ) ) ;
#5891 = LINE ( 'NONE', #8463, #8393 ) ;
#5892 = CARTESIAN_POINT ( 'NONE',  ( -22.39021246576853486, -57.92916929268022130, -8.340048409226813675 ) ) ;
#5893 = FACE_OUTER_BOUND ( 'NONE', #2341, .T. ) ;
#5894 = VERTEX_POINT ( 'NONE', #3894 ) ;
#5895 = ORIENTED_EDGE ( 'NONE', *, *, #3763, .F. ) ;
#5896 = CARTESIAN_POINT ( 'NONE',  ( -10.55000000000000071, 8.203262318468331316, 13.41008217020920767 ) ) ;
#5897 = FACE_OUTER_BOUND ( 'NONE', #7584, .T. ) ;
#5898 = CARTESIAN_POINT ( 'NONE',  ( 0.000000000000000000, 20.03753649573828710, -44.29634816116374907 ) ) ;
#5899 = CARTESIAN_POINT ( 'NONE',  ( -21.38904162380059404, -62.14449505711070287, -4.802970115019851605 ) ) ;
#5900 = VERTEX_POINT ( 'NONE', #5334 ) ;
#5901 = CARTESIAN_POINT ( 'NONE',  ( -17.79852155145308146, 25.48511318261060410, -43.45088420513680205 ) ) ;
#5902 = DIRECTION ( 'NONE',  ( -0.000000000000000000, 0.7660444431189817882, -0.6427876096865347000 ) ) ;
#5903 = CARTESIAN_POINT ( 'NONE',  ( -14.90769337630546332, 24.53755048202950562, -45.29634816116372065 ) ) ;
#5904 = CARTESIAN_POINT ( 'NONE',  ( 0.000000000000000000, -133.7038235893525382, 48.66421199410356735 ) ) ;
#5905 = CARTESIAN_POINT ( 'NONE',  ( -16.67320205976355396, -70.60472394610748381, 24.25147689707181797 ) ) ;
#5906 = CARTESIAN_POINT ( 'NONE',  ( -15.00000000000000000, -135.9566462336582617, 22.00572451357377091 ) ) ;
#5907 = CARTESIAN_POINT ( 'NONE',  ( -21.39176382881348459, -43.12534261004361014, -18.86442607939045857 ) ) ;
#5908 = ORIENTED_EDGE ( 'NONE', *, *, #3105, .T. ) ;
#5909 = CARTESIAN_POINT ( 'NONE',  ( -15.79999999999999893, -66.93444956439211069, 4.437908102743637784 ) ) ;
#5910 = CARTESIAN_POINT ( 'NONE',  ( -10.55000000000000071, 31.10138907885891513, -17.97376135830883825 ) ) ;
#5911 = CARTESIAN_POINT ( 'NONE',  ( -22.05467413601620663, -12.51336385184712086, -19.00767794529165400 ) ) ;
#5912 = EDGE_LOOP ( 'NONE', ( #7183, #4305, #2177, #6293 ) ) ;
#5913 = CYLINDRICAL_SURFACE ( 'NONE', #6412, 1.250000000000005107 ) ;
#5914 = CARTESIAN_POINT ( 'NONE',  ( -1.090456568005935933, -35.61970169916252615, -22.18865479535770646 ) ) ;
#5915 = CARTESIAN_POINT ( 'NONE',  ( -15.00000000000000000, -100.5187668141805375, 10.47024997053888917 ) ) ;
#5916 = CIRCLE ( 'NONE', #5494, 6.000000000000001776 ) ;
#5917 = CARTESIAN_POINT ( 'NONE',  ( -21.04149594727444494, -59.56341763401245260, 4.223947894067615394 ) ) ;
#5918 = FACE_OUTER_BOUND ( 'NONE', #3569, .T. ) ;
#5919 = DIRECTION ( 'NONE',  ( -1.000000000000000000, 0.000000000000000000, 0.000000000000000000 ) ) ;
#5920 = CARTESIAN_POINT ( 'NONE',  ( 0.000000000000000000, -25.51763244838430111, -13.54775435647356119 ) ) ;
#5921 = CARTESIAN_POINT ( 'NONE',  ( -16.92531841542669113, -54.06393680323139961, -11.01330316932621578 ) ) ;
#5922 = CARTESIAN_POINT ( 'NONE',  ( -12.66655897088679339, -14.69961659187724123, -44.24176076511719202 ) ) ;
#5923 = ORIENTED_EDGE ( 'NONE', *, *, #3577, .F. ) ;
#5924 = CARTESIAN_POINT ( 'NONE',  ( -12.15587694596483992, 15.78498645038317250, -43.53789320081964576 ) ) ;
#5925 = CARTESIAN_POINT ( 'NONE',  ( -6.000000000000000000, -81.34295218669909389, 11.96611981446149642 ) ) ;
#5926 = EDGE_LOOP ( 'NONE', ( #5742, #3408, #4629, #4550 ) ) ;
#5927 = EDGE_CURVE ( 'NONE', #8200, #8208, #6519, .T. ) ;
#5928 = EDGE_CURVE ( 'NONE', #5136, #1345, #8668, .T. ) ;
#5929 = LINE ( 'NONE', #4724, #6125 ) ;
#5930 = CARTESIAN_POINT ( 'NONE',  ( -3.000000000000000000, 31.63969842962641010, -14.92085732397099918 ) ) ;
#5931 = CARTESIAN_POINT ( 'NONE',  ( -22.27312626757160530, -56.52888913787185032, -9.515022970670857561 ) ) ;
#5932 = AXIS2_PLACEMENT_3D ( 'NONE', #4925, #7554, #2810 ) ;
#5933 = DIRECTION ( 'NONE',  ( -1.000000000000000000, 0.000000000000000000, 0.000000000000000000 ) ) ;
#5934 = ORIENTED_EDGE ( 'NONE', *, *, #7841, .F. ) ;
#5935 = ORIENTED_EDGE ( 'NONE', *, *, #7344, .F. ) ;
#5936 = VECTOR ( 'NONE', #1004, 1000.000000000000000 ) ;
#5937 = CARTESIAN_POINT ( 'NONE',  ( -0.9999999999999991118, -132.0540735843957805, 53.19686288046747080 ) ) ;
#5938 = EDGE_CURVE ( 'NONE', #2824, #4413, #2663, .T. ) ;
#5939 = DIRECTION ( 'NONE',  ( -0.000000000000000000, 0.3420201433256692680, 0.9396926207859083169 ) ) ;
#5940 = ADVANCED_FACE ( 'NONE', ( #2687 ), #5252, .F. ) ;
#5941 = DIRECTION ( 'NONE',  ( -0.000000000000000000, -0.1736481776669229204, -0.9848077530122093526 ) ) ;
#5942 = VECTOR ( 'NONE', #6934, 1000.000000000000000 ) ;
#5943 = CARTESIAN_POINT ( 'NONE',  ( -19.71383824820377484, 21.42720991145441545, -43.54662542183136509 ) ) ;
#5944 = CIRCLE ( 'NONE', #4084, 1.700000000000000400 ) ;
#5945 = CARTESIAN_POINT ( 'NONE',  ( -4.400000000000000355, -122.9523421383642585, 24.82271701201960923 ) ) ;
#5946 = CARTESIAN_POINT ( 'NONE',  ( -16.78478516283240296, -16.24601602999872796, -45.29634816116374907 ) ) ;
#5947 = CARTESIAN_POINT ( 'NONE',  ( 23.28325370891903745, -123.6640270959618277, 25.08174915276007155 ) ) ;
#5948 = EDGE_CURVE ( 'NONE', #8356, #2283, #3944, .T. ) ;
#5949 = AXIS2_PLACEMENT_3D ( 'NONE', #5623, #4319, #2883 ) ;
#5950 = DIRECTION ( 'NONE',  ( -0.000000000000000000, 0.1736481776669230037, 0.9848077530122093526 ) ) ;
#5951 = CIRCLE ( 'NONE', #7229, 6.000000000000001776 ) ;
#5952 = CARTESIAN_POINT ( 'NONE',  ( -15.00000000000000000, -124.3536407970102289, 32.78514891524978481 ) ) ;
#5953 = CARTESIAN_POINT ( 'NONE',  ( -22.16517972885585763, -39.04790457360581257, -13.45301535456589725 ) ) ;
#5954 = ORIENTED_EDGE ( 'NONE', *, *, #1968, .F. ) ;
#5955 = CARTESIAN_POINT ( 'NONE',  ( -20.23105298398809992, -56.84697157599856610, 17.72661140917833933 ) ) ;
#5956 = CARTESIAN_POINT ( 'NONE',  ( -3.522121827229524715, -96.44078063497687481, 8.074676201911916706 ) ) ;
#5957 = DIRECTION ( 'NONE',  ( -1.000000000000000000, 0.000000000000000000, 0.000000000000000000 ) ) ;
#5958 = VERTEX_POINT ( 'NONE', #5434 ) ;
#5959 = CARTESIAN_POINT ( 'NONE',  ( 0.000000000000000000, -121.1330780353518861, 32.03547454657584836 ) ) ;
#5960 = CARTESIAN_POINT ( 'NONE',  ( -15.00000000000000000, -94.79977693975907016, 20.98008351746943134 ) ) ;
#5961 = DIRECTION ( 'NONE',  ( 0.000000000000000000, 0.000000000000000000, -1.000000000000000000 ) ) ;
#5962 = CARTESIAN_POINT ( 'NONE',  ( 0.000000000000000000, -50.75421148065240118, -11.74973828434730372 ) ) ;
#5963 = DIRECTION ( 'NONE',  ( 0.000000000000000000, -0.7660444431189823433, 0.6427876096865340338 ) ) ;
#5964 = CARTESIAN_POINT ( 'NONE',  ( 0.000000000000000000, -60.98807338632791186, 24.90374818686796843 ) ) ;
#5965 = EDGE_LOOP ( 'NONE', ( #2377, #4982, #6363, #1797 ) ) ;
#5966 = CARTESIAN_POINT ( 'NONE',  ( -1.033664157649757387, -132.9772188151644912, 20.87278624234435398 ) ) ;
#5967 = LINE ( 'NONE', #8675, #5433 ) ;
#5968 = ORIENTED_EDGE ( 'NONE', *, *, #8365, .T. ) ;
#5969 = VECTOR ( 'NONE', #3918, 1000.000000000000000 ) ;
#5970 = CARTESIAN_POINT ( 'NONE',  ( -23.44999999999999929, -4.921752535625713243, -7.255575130684863261 ) ) ;
#5971 = VECTOR ( 'NONE', #4111, 1000.000000000000114 ) ;
#5972 = CARTESIAN_POINT ( 'NONE',  ( 0.000000000000000000, -50.58651770765258959, -11.85719723704682416 ) ) ;
#5973 = CARTESIAN_POINT ( 'NONE',  ( -1.637819938163410205, -1.858466905755886467, -59.02532769846278882 ) ) ;
#5974 = LINE ( 'NONE', #5223, #793 ) ;
#5975 = ORIENTED_EDGE ( 'NONE', *, *, #2509, .T. ) ;
#5976 = EDGE_LOOP ( 'NONE', ( #439, #2470, #7486, #2909 ) ) ;
#5977 = CARTESIAN_POINT ( 'NONE',  ( -14.28985504348059443, -12.73097658899534146, -20.44999541172001756 ) ) ;
#5978 = EDGE_CURVE ( 'NONE', #5301, #668, #4668, .T. ) ;
#5979 = CARTESIAN_POINT ( 'NONE',  ( -14.99999999999254818, -105.0153838095077816, 45.50768983443860805 ) ) ;
#5980 = AXIS2_PLACEMENT_3D ( 'NONE', #8550, #6456, #6378 ) ;
#5981 = FACE_OUTER_BOUND ( 'NONE', #5912, .T. ) ;
#5982 = VECTOR ( 'NONE', #8508, 1000.000000000000000 ) ;
#5983 = CARTESIAN_POINT ( 'NONE',  ( -3.000000000000000444, 39.70944533907579910, -17.96845401061278125 ) ) ;
#5984 = B_SPLINE_CURVE_WITH_KNOTS ( 'NONE', 3,
 ( #4198, #8295, #6297, #6922, #3604, #159, #2261, #784, #5721, #6251, #115, #6336, #3645, #6382, #5593, #4919, #1589, #7634, #4244, #8423 ),
 .UNSPECIFIED., .F., .F.,
 ( 4, 2, 2, 2, 2, 2, 2, 2, 2, 4 ),
 ( 0.000000000000000000, 0.06316817840329139178, 0.2193068153360763217, 0.3754454522688610574, 0.5315840892016457930, 0.6096534076680381053, 0.6877227261344305287, 0.7657920446008228410, 0.8438613630672152643, 1.000000000000000000 ),
 .UNSPECIFIED. ) ;
#5985 = CARTESIAN_POINT ( 'NONE',  ( -4.587610120266087499, 33.04601880401597924, -15.42817889939919240 ) ) ;
#5986 = DIRECTION ( 'NONE',  ( -1.000000000000000000, 6.296354966932145715E-15, 1.729909309651699477E-14 ) ) ;
#5987 = EDGE_CURVE ( 'NONE', #4020, #5648, #4233, .T. ) ;
#5988 = CARTESIAN_POINT ( 'NONE',  ( -17.73449283800705700, 21.67040086569150503, -45.29634816116372065 ) ) ;
#5989 = VERTEX_POINT ( 'NONE', #3265 ) ;
#5990 = ADVANCED_FACE ( 'NONE', ( #7388 ), #1819, .F. ) ;
#5991 = CARTESIAN_POINT ( 'NONE',  ( -14.09999999999999964, -48.31161856384360931, -8.838769400495159800 ) ) ;
#5992 = CARTESIAN_POINT ( 'NONE',  ( -15.00000000000000000, -128.2173125147739938, 36.94855746452621048 ) ) ;
#5993 = ADVANCED_FACE ( 'NONE', ( #6144 ), #4854, .F. ) ;
#5994 = DIRECTION ( 'NONE',  ( 0.000000000000000000, -0.7660444431189816772, 0.6427876096865349220 ) ) ;
#5995 = CARTESIAN_POINT ( 'NONE',  ( -14.37413202378404087, -45.82059315724144000, -17.43946572203773471 ) ) ;
#5996 = DIRECTION ( 'NONE',  ( -0.1251691050984282405, 0.000000000000000000, 0.9921354217690540045 ) ) ;
#5997 = CARTESIAN_POINT ( 'NONE',  ( -22.19520031837187446, 18.06399676397604281, -23.28543047189868531 ) ) ;
#5998 = ORIENTED_EDGE ( 'NONE', *, *, #8590, .F. ) ;
#5999 = ORIENTED_EDGE ( 'NONE', *, *, #4301, .F. ) ;
#6000 = CARTESIAN_POINT ( 'NONE',  ( -15.00000000000000000, -126.4815295864666922, 36.45746411267435150 ) ) ;
#6001 = ADVANCED_FACE ( 'NONE', ( #7701 ), #4807, .T. ) ;
#6002 = CARTESIAN_POINT ( 'NONE',  ( -4.000000000000000000, 0.000000000000000000, 0.000000000000000000 ) ) ;
#6003 = LINE ( 'NONE', #2587, #7909 ) ;
#6004 = ORIENTED_EDGE ( 'NONE', *, *, #1603, .T. ) ;
#6005 = CARTESIAN_POINT ( 'NONE',  ( 0.000000000000000000, -23.46246350426182303, -45.29634816116374907 ) ) ;
#6006 = CARTESIAN_POINT ( 'NONE',  ( -12.87271283065761729, -14.43337308492340654, -22.96790122973087378 ) ) ;
#6007 = DIRECTION ( 'NONE',  ( 1.000000000000000000, -0.000000000000000000, 0.000000000000000000 ) ) ;
#6008 = DIRECTION ( 'NONE',  ( 0.000000000000000000, -7.228014483236694583E-17, 1.000000000000000000 ) ) ;
#6009 = CARTESIAN_POINT ( 'NONE',  ( -12.00000000000008704, -121.1330780353518861, 32.03547454657584836 ) ) ;
#6010 = CARTESIAN_POINT ( 'NONE',  ( -3.000000000000000000, 40.26511950760994552, -14.81706920097372659 ) ) ;
#6011 = LINE ( 'NONE', #3948, #1354 ) ;
#6012 = ORIENTED_EDGE ( 'NONE', *, *, #414, .T. ) ;
#6013 = ADVANCED_FACE ( 'NONE', ( #2871 ), #5530, .F. ) ;
#6014 = CARTESIAN_POINT ( 'NONE',  ( -14.65054239839509620, -13.35555277288606923, -21.50573235053251153 ) ) ;
#6015 = CARTESIAN_POINT ( 'NONE',  ( -1.191902010564308112, -127.2749452060170938, 19.28885296510152969 ) ) ;
#6016 = CARTESIAN_POINT ( 'NONE',  ( -23.33001023653936556, -45.29400470171979265, -3.118793119591313445 ) ) ;
#6017 = ORIENTED_EDGE ( 'NONE', *, *, #2526, .T. ) ;
#6018 = LINE ( 'NONE', #8720, #4544 ) ;
#6019 = CARTESIAN_POINT ( 'NONE',  ( -12.19082958316918308, 15.75705230899675868, -43.34192799320360479 ) ) ;
#6020 = EDGE_CURVE ( 'NONE', #2049, #1753, #1480, .T. ) ;
#6021 = CARTESIAN_POINT ( 'NONE',  ( -22.61826009352185096, -52.48106056900290639, -1.557064025103158000 ) ) ;
#6022 = DIRECTION ( 'NONE',  ( 0.000000000000000000, -0.9848077530122093526, 0.1736481776669232258 ) ) ;
#6023 = ORIENTED_EDGE ( 'NONE', *, *, #7943, .F. ) ;
#6024 = ORIENTED_EDGE ( 'NONE', *, *, #1309, .T. ) ;
#6025 = CARTESIAN_POINT ( 'NONE',  ( -15.39285803816467535, -12.82230178087270822, -21.32798935625200087 ) ) ;
#6026 = CARTESIAN_POINT ( 'NONE',  ( -2.242925066442013726, -107.5448309578620893, 46.12777270318835576 ) ) ;
#6027 = CARTESIAN_POINT ( 'NONE',  ( -22.49014984722865407, 25.59101508275333714, -22.27477065839919845 ) ) ;
#6028 = ADVANCED_FACE ( 'NONE', ( #5477 ), #4, .F. ) ;
#6029 = EDGE_LOOP ( 'NONE', ( #3784, #4399, #694, #2972, #1043, #6462 ) ) ;
#6030 = DIRECTION ( 'NONE',  ( -1.000000000000000000, 0.000000000000000000, -0.000000000000000000 ) ) ;
#6031 = CARTESIAN_POINT ( 'NONE',  ( -15.78655198601133058, -82.08705756752857496, 13.95173097619879066 ) ) ;
#6032 = CARTESIAN_POINT ( 'NONE',  ( -2.986638131038101829, -102.1549727406727186, 44.80647261291628070 ) ) ;
#6033 = CARTESIAN_POINT ( 'NONE',  ( -16.06453528117921081, 24.22558999257502066, -45.29634816116374196 ) ) ;
#6034 = ORIENTED_EDGE ( 'NONE', *, *, #7413, .F. ) ;
#6035 = CARTESIAN_POINT ( 'NONE',  ( -11.85954789245619878, 16.98020741561807867, -45.21787305352371789 ) ) ;
#6036 = CARTESIAN_POINT ( 'NONE',  ( -16.79441162504768315, -75.35592287486920782, 12.43097203269799778 ) ) ;
#6037 = DIRECTION ( 'NONE',  ( 0.000000000000000000, -0.7071067811865536790, 0.7071067811865414665 ) ) ;
#6038 = CARTESIAN_POINT ( 'NONE',  ( -11.99078602680291539, -14.84011276587283135, -43.84964650824306887 ) ) ;
#6039 = EDGE_LOOP ( 'NONE', ( #1278, #4851, #6659, #3074 ) ) ;
#6040 = ORIENTED_EDGE ( 'NONE', *, *, #2278, .T. ) ;
#6041 = CARTESIAN_POINT ( 'NONE',  ( -12.81600561797623072, 15.53753649573837059, -45.29634816116374907 ) ) ;
#6042 = EDGE_CURVE ( 'NONE', #6142, #6196, #6198, .T. ) ;
#6043 = CARTESIAN_POINT ( 'NONE',  ( -19.24024914908697070, -14.39849665884793239, -22.77778230631269452 ) ) ;
#6044 = DIRECTION ( 'NONE',  ( 0.000000000000000000, 0.000000000000000000, 1.000000000000000000 ) ) ;
#6045 = DIRECTION ( 'NONE',  ( 0.000000000000000000, 0.000000000000000000, 1.000000000000000000 ) ) ;
#6046 = ORIENTED_EDGE ( 'NONE', *, *, #6325, .F. ) ;
#6047 = DIRECTION ( 'NONE',  ( 0.000000000000000000, -0.9848077530122093526, 0.1736481776669228927 ) ) ;
#6048 = CARTESIAN_POINT ( 'NONE',  ( 0.000000000000000000, -50.09526626644275638, 16.41630139475327965 ) ) ;
#6049 = ORIENTED_EDGE ( 'NONE', *, *, #1438, .F. ) ;
#6050 = CARTESIAN_POINT ( 'NONE',  ( -16.67320205976356817, -70.60472394610748381, 24.25147689707183218 ) ) ;
#6051 = CARTESIAN_POINT ( 'NONE',  ( -18.72819211209443324, 24.53622576315293458, -43.49735578383285883 ) ) ;
#6052 = LINE ( 'NONE', #2641, #8602 ) ;
#6053 = CARTESIAN_POINT ( 'NONE',  ( -20.34495672306512759, 13.53753649573836704, -21.29634816116374907 ) ) ;
#6054 = ORIENTED_EDGE ( 'NONE', *, *, #3117, .T. ) ;
#6055 = VECTOR ( 'NONE', #6436, 1000.000000000000000 ) ;
#6056 = EDGE_CURVE ( 'NONE', #8011, #8734, #6355, .T. ) ;
#6057 = PLANE ( 'NONE',  #1337 ) ;
#6058 = DIRECTION ( 'NONE',  ( 0.000000000000000000, 1.000000000000000000, 0.000000000000000000 ) ) ;
#6059 = CARTESIAN_POINT ( 'NONE',  ( -40.15447289092147543, -38.17919237181662595, -22.57369004243461319 ) ) ;
#6060 = ORIENTED_EDGE ( 'NONE', *, *, #3848, .F. ) ;
#6061 = CARTESIAN_POINT ( 'NONE',  ( -15.42045667409388088, -12.77820791704544234, -21.29634816116373841 ) ) ;
#6062 = CARTESIAN_POINT ( 'NONE',  ( -11.38309332929463125, 16.37031620079937255, -44.23151620109878479 ) ) ;
#6063 = CARTESIAN_POINT ( 'NONE',  ( -23.00618177331674019, -49.73987541422744840, -3.750840688693525937 ) ) ;
#6064 = FACE_OUTER_BOUND ( 'NONE', #2954, .T. ) ;
#6065 = ORIENTED_EDGE ( 'NONE', *, *, #1054, .F. ) ;
#6066 = VERTEX_POINT ( 'NONE', #7193 ) ;
#6067 = CARTESIAN_POINT ( 'NONE',  ( -15.00000000000000000, -107.7833220828870964, 33.40977419714164398 ) ) ;
#6068 = CARTESIAN_POINT ( 'NONE',  ( -4.400000000000000355, -118.1390363184926713, 27.54036360956488849 ) ) ;
#6069 = ORIENTED_EDGE ( 'NONE', *, *, #4704, .F. ) ;
#6070 = CARTESIAN_POINT ( 'NONE',  ( -1.745967692610276908E-15, -135.9018001968095177, 42.62532089662601464 ) ) ;
#6071 = AXIS2_PLACEMENT_3D ( 'NONE', #255, #2858, #6212 ) ;
#6072 = CARTESIAN_POINT ( 'NONE',  ( -5.999999999999998224, -46.00175890828305825, -11.66920211694405296 ) ) ;
#6073 = CARTESIAN_POINT ( 'NONE',  ( -3.458159994881328636, -98.98959303789398234, 43.90925963891692163 ) ) ;
#6074 = LINE ( 'NONE', #654, #5971 ) ;
#6075 = VECTOR ( 'NONE', #587, 1000.000000000000114 ) ;
#6076 = ORIENTED_EDGE ( 'NONE', *, *, #7830, .F. ) ;
#6077 = EDGE_CURVE ( 'NONE', #8798, #2719, #2361, .T. ) ;
#6078 = CARTESIAN_POINT ( 'NONE',  ( 0.000000000000000000, -8.012463504261800651, -21.29634816116374907 ) ) ;
#6079 = DIRECTION ( 'NONE',  ( 0.000000000000000000, -0.9848077530122093526, 0.1736481776669230592 ) ) ;
#6080 = CARTESIAN_POINT ( 'NONE',  ( -15.07592930613115811, -85.70073483964836214, 28.69690445314886418 ) ) ;
#6081 = CARTESIAN_POINT ( 'NONE',  ( -14.64043521278192195, -42.29982359722324503, -19.25900196477685711 ) ) ;
#6082 = CARTESIAN_POINT ( 'NONE',  ( -12.10898296549133057, -14.74718384982437236, -43.66079851951133151 ) ) ;
#6083 = CIRCLE ( 'NONE', #8622, 11.15470053837926478 ) ;
#6084 = ORIENTED_EDGE ( 'NONE', *, *, #1875, .F. ) ;
#6085 = ORIENTED_EDGE ( 'NONE', *, *, #1977, .T. ) ;
#6086 = CARTESIAN_POINT ( 'NONE',  ( -15.00000000000000000, -123.7899015295618028, 35.82288474055284411 ) ) ;
#6087 = CARTESIAN_POINT ( 'NONE',  ( -3.458159994881328636, -98.98959303789398234, 43.90925963891692163 ) ) ;
#6088 = CIRCLE ( 'NONE', #1784, 6.000000000000001776 ) ;
#6089 = CARTESIAN_POINT ( 'NONE',  ( -15.00158874025036404, -98.22712352140290193, 9.065609534068084230 ) ) ;
#6090 = CARTESIAN_POINT ( 'NONE',  ( -14.99999999999999822, -105.1081943398842213, 33.16136653807161849 ) ) ;
#6091 = AXIS2_PLACEMENT_3D ( 'NONE', #8568, #5112, #5819 ) ;
#6092 = ORIENTED_EDGE ( 'NONE', *, *, #2700, .F. ) ;
#6093 = LINE ( 'NONE', #2682, #2033 ) ;
#6094 = DIRECTION ( 'NONE',  ( 0.000000000000000000, 0.7660444431189812331, -0.6427876096865352551 ) ) ;
#6095 = EDGE_CURVE ( 'NONE', #6623, #4053, #7737, .T. ) ;
#6096 = EDGE_LOOP ( 'NONE', ( #106, #3274, #2899, #4655 ) ) ;
#6097 = AXIS2_PLACEMENT_3D ( 'NONE', #6703, #3477, #5555 ) ;
#6098 = CARTESIAN_POINT ( 'NONE',  ( -19.65137614678898359, -64.06520621715297636, 7.305742657561224540 ) ) ;
#6099 = ADVANCED_FACE ( 'NONE', ( #7154 ), #6529, .T. ) ;
#6100 = DIRECTION ( 'NONE',  ( 0.000000000000000000, -0.7660444431189822323, 0.6427876096865343669 ) ) ;
#6101 = DIRECTION ( 'NONE',  ( -1.000000000000000000, 0.000000000000000000, 0.000000000000000000 ) ) ;
#6102 = CARTESIAN_POINT ( 'NONE',  ( -16.79573350745395999, -20.52865945483208776, -45.29634816116374907 ) ) ;
#6103 = ORIENTED_EDGE ( 'NONE', *, *, #6762, .T. ) ;
#6104 = EDGE_CURVE ( 'NONE', #3480, #4329, #2645, .T. ) ;
#6105 = AXIS2_PLACEMENT_3D ( 'NONE', #8509, #2390, #5143 ) ;
#6106 = EDGE_CURVE ( 'NONE', #2050, #6872, #3129, .T. ) ;
#6107 = CARTESIAN_POINT ( 'NONE',  ( 4.400000000000000355, -134.4905311952501847, 33.49182103046094738 ) ) ;
#6108 = CARTESIAN_POINT ( 'NONE',  ( -15.72739039502742209, -77.24642305143443366, 26.04948562518106669 ) ) ;
#6109 = DIRECTION ( 'NONE',  ( 0.000000000000000000, -0.7660444431189770143, 0.6427876096865405842 ) ) ;
#6110 = EDGE_CURVE ( 'NONE', #4776, #2193, #1645, .T. ) ;
#6111 = CARTESIAN_POINT ( 'NONE',  ( -11.99184458728948854, 15.91436016346103521, -43.84833580087946103 ) ) ;
#6112 = CARTESIAN_POINT ( 'NONE',  ( -22.72703367706670008, -51.79319149329504057, -2.106577769823402058 ) ) ;
#6113 = CARTESIAN_POINT ( 'NONE',  ( -5.750000000000000000, 8.887536495738197928, -24.49634816116376257 ) ) ;
#6114 = VERTEX_POINT ( 'NONE', #6483 ) ;
#6115 = ORIENTED_EDGE ( 'NONE', *, *, #1606, .F. ) ;
#6116 = CARTESIAN_POINT ( 'NONE',  ( -1.677071834374811887, -112.5639179698588492, 47.35817985951863562 ) ) ;
#6117 = CARTESIAN_POINT ( 'NONE',  ( -0.4224384082576181920, -58.16429889632824768, 22.35724103793142703 ) ) ;
#6118 = VERTEX_POINT ( 'NONE', #269 ) ;
#6119 = CARTESIAN_POINT ( 'NONE',  ( -20.23105298398809992, -56.84697157599856610, 17.72661140917833933 ) ) ;
#6120 = AXIS2_PLACEMENT_3D ( 'NONE', #1319, #2027, #2710 ) ;
#6121 =( BOUNDED_CURVE ( )  B_SPLINE_CURVE ( 2, ( #2438, #7848, #7140 ),
 .UNSPECIFIED., .F., .T. ) 
 B_SPLINE_CURVE_WITH_KNOTS ( ( 3, 3 ),
 ( 0.000000000000000000, 1.000000000000000000 ),
 .UNSPECIFIED. ) 
 CURVE ( )  GEOMETRIC_REPRESENTATION_ITEM ( )  RATIONAL_B_SPLINE_CURVE ( ( 1.000000000000000000, 0.7071067811865466846, 1.000000000000000000 ) ) 
 REPRESENTATION_ITEM ( '' )  );
#6122 = LINE ( 'NONE', #1280, #2405 ) ;
#6123 = PLANE ( 'NONE',  #5412 ) ;
#6124 = CARTESIAN_POINT ( 'NONE',  ( -4.130787569786499525, -91.53577674266631448, 5.789274385423635927 ) ) ;
#6125 = VECTOR ( 'NONE', #505, 1000.000000000000000 ) ;
#6126 = ORIENTED_EDGE ( 'NONE', *, *, #5681, .F. ) ;
#6127 = CARTESIAN_POINT ( 'NONE',  ( -11.53105070145278255, 17.43697398524937370, -45.29633887683244353 ) ) ;
#6128 = CARTESIAN_POINT ( 'NONE',  ( -17.36252504363606874, -72.45737090704351147, 11.50199642869287864 ) ) ;
#6129 = CARTESIAN_POINT ( 'NONE',  ( -14.40763592226478451, -45.32301162229986602, -17.71882331654043696 ) ) ;
#6130 = CARTESIAN_POINT ( 'NONE',  ( -1.253984747379908615, -125.6797723736628711, 18.97019296496761243 ) ) ;
#6131 = CARTESIAN_POINT ( 'NONE',  ( -22.63637647320171453, 14.96152536129488375, -19.24145991071400630 ) ) ;
#6132 = ORIENTED_EDGE ( 'NONE', *, *, #3744, .T. ) ;
#6133 = ORIENTED_EDGE ( 'NONE', *, *, #2100, .F. ) ;
#6134 = CARTESIAN_POINT ( 'NONE',  ( -15.00000000000000000, -116.9644244636316728, 34.60436465446020549 ) ) ;
#6135 = AXIS2_PLACEMENT_3D ( 'NONE', #6881, #740, #2475 ) ;
#6136 = CARTESIAN_POINT ( 'NONE',  ( -6.550000000000000711, 10.71562816763628412, -12.65297644718270220 ) ) ;
#6137 = CARTESIAN_POINT ( 'NONE',  ( -15.00000000000000355, -94.34771466488518854, 20.65720517637853249 ) ) ;
#6138 = CARTESIAN_POINT ( 'NONE',  ( -4.000000000000000000, -31.50781046928428353, -8.964923461182939590 ) ) ;
#6139 = EDGE_LOOP ( 'NONE', ( #761, #4683, #645, #8021 ) ) ;
#6140 = CARTESIAN_POINT ( 'NONE',  ( -15.00000000000000178, -104.4720218044247275, 45.37448702326444305 ) ) ;
#6141 = PLANE ( 'NONE',  #81 ) ;
#6142 = VERTEX_POINT ( 'NONE', #1735 ) ;
#6143 = ORIENTED_EDGE ( 'NONE', *, *, #3297, .F. ) ;
#6144 = FACE_OUTER_BOUND ( 'NONE', #3196, .T. ) ;
#6145 = EDGE_CURVE ( 'NONE', #1572, #6800, #7903, .T. ) ;
#6146 = DIRECTION ( 'NONE',  ( -0.1251691050984282405, -7.171169197878869310E-17, 0.9921354217690540045 ) ) ;
#6147 = ORIENTED_EDGE ( 'NONE', *, *, #5122, .F. ) ;
#6148 = CARTESIAN_POINT ( 'NONE',  ( -14.04600144484141566, -13.75042464922475283, -21.76591925706008013 ) ) ;
#6149 = CARTESIAN_POINT ( 'NONE',  ( -1.136425555546288990, -128.7878859253054316, 19.63277370326450466 ) ) ;
#6150 = VERTEX_POINT ( 'NONE', #8573 ) ;
#6151 = CARTESIAN_POINT ( 'NONE',  ( -14.41902270314859003, -25.43113537955935399, -43.32865654163798297 ) ) ;
#6152 = CARTESIAN_POINT ( 'NONE',  ( -11.14324619721804588, 16.54003183613001227, -44.28091731893167093 ) ) ;
#6153 = EDGE_CURVE ( 'NONE', #622, #886, #7578, .T. ) ;
#6154 = CARTESIAN_POINT ( 'NONE',  ( -15.79999999999999893, -58.35475180145950702, -2.761313125745556096 ) ) ;
#6155 = DIRECTION ( 'NONE',  ( 0.000000000000000000, 1.000000000000000000, 0.000000000000000000 ) ) ;
#6156 = ORIENTED_EDGE ( 'NONE', *, *, #5229, .F. ) ;
#6157 = VERTEX_POINT ( 'NONE', #4526 ) ;
#6158 = CARTESIAN_POINT ( 'NONE',  ( 0.000000000000000000, -39.23241120174885310, 6.648580071770402888 ) ) ;
#6159 = DIRECTION ( 'NONE',  ( -1.000000000000000000, -0.000000000000000000, -0.000000000000000000 ) ) ;
#6160 = ORIENTED_EDGE ( 'NONE', *, *, #2023, .T. ) ;
#6161 = LINE ( 'NONE', #8821, #4124 ) ;
#6162 = CARTESIAN_POINT ( 'NONE',  ( -15.51065072364477970, -84.56151287986403986, 14.77410841057576363 ) ) ;
#6163 = FACE_OUTER_BOUND ( 'NONE', #3231, .T. ) ;
#6164 = CARTESIAN_POINT ( 'NONE',  ( -6.034157695556142009, -79.63623670357654305, 2.727723340683080089 ) ) ;
#6165 = ORIENTED_EDGE ( 'NONE', *, *, #5385, .F. ) ;
#6166 = DIRECTION ( 'NONE',  ( -1.000000000000000000, -0.000000000000000000, -0.000000000000000000 ) ) ;
#6167 = B_SPLINE_CURVE_WITH_KNOTS ( 'NONE', 3,
 ( #6339, #75, #7551, #2266 ),
 .UNSPECIFIED., .F., .F.,
 ( 4, 4 ),
 ( 0.000000000000000000, 1.000000000000000000 ),
 .UNSPECIFIED. ) ;
#6168 = CARTESIAN_POINT ( 'NONE',  ( -16.84500809923446596, -79.41697151249900344, 2.736003362005913875 ) ) ;
#6169 = CARTESIAN_POINT ( 'NONE',  ( -14.00000000000000000, 0.5375364957381987274, -18.29634816116374907 ) ) ;
#6170 = CARTESIAN_POINT ( 'NONE',  ( -11.91222417296222780, -14.90102586201044943, -43.93497634600214496 ) ) ;
#6171 = VERTEX_POINT ( 'NONE', #3623 ) ;
#6172 = EDGE_LOOP ( 'NONE', ( #2252, #8687, #2517, #3091 ) ) ;
#6173 = CARTESIAN_POINT ( 'NONE',  ( -19.71383824820377484, 21.42720991145441545, -43.54662542183136509 ) ) ;
#6174 = ADVANCED_FACE ( 'NONE', ( #3000 ), #3081, .F. ) ;
#6175 = CARTESIAN_POINT ( 'NONE',  ( -15.00000000000000000, -89.96954021281580083, 29.99080047878761590 ) ) ;
#6176 = CARTESIAN_POINT ( 'NONE',  ( -13.04634899518697999, 15.03038914439874141, -21.29634816116374907 ) ) ;
#6177 = LINE ( 'NONE', #4126, #635 ) ;
#6178 = CARTESIAN_POINT ( 'NONE',  ( -5.999999999999998224, -121.0492985462398252, 26.41804800079848192 ) ) ;
#6179 = EDGE_LOOP ( 'NONE', ( #2426, #5225, #7348, #1460 ) ) ;
#6180 = DIRECTION ( 'NONE',  ( 1.000000000000000000, 0.000000000000000000, 0.000000000000000000 ) ) ;
#6181 = LINE ( 'NONE', #5381, #7920 ) ;
#6182 = EDGE_LOOP ( 'NONE', ( #1272, #8432, #7117, #4866, #4232, #3776, #6584 ) ) ;
#6183 = ORIENTED_EDGE ( 'NONE', *, *, #7123, .F. ) ;
#6184 = CARTESIAN_POINT ( 'NONE',  ( -8.150000000000000355, -76.10435538319671878, 18.57016425251037717 ) ) ;
#6185 = DIRECTION ( 'NONE',  ( 0.000000000000000000, 0.000000000000000000, -1.000000000000000000 ) ) ;
#6186 = CARTESIAN_POINT ( 'NONE',  ( -14.70700594834913488, 26.53753649573820184, -43.29634816116374907 ) ) ;
#6187 = EDGE_LOOP ( 'NONE', ( #7139, #7050, #6312, #4921, #6034, #5576 ) ) ;
#6188 = EDGE_CURVE ( 'NONE', #2693, #8446, #4609, .T. ) ;
#6189 = CARTESIAN_POINT ( 'NONE',  ( -14.71917030734972087, -12.25347049728054927, -20.32832602820850809 ) ) ;
#6190 = CARTESIAN_POINT ( 'NONE',  ( -15.94813931353871261, -50.77253353527386537, 19.59541068890248994 ) ) ;
#6191 = CARTESIAN_POINT ( 'NONE',  ( -15.00000000000000000, -122.3442200681275409, 32.30174611396969908 ) ) ;
#6192 = VECTOR ( 'NONE', #4759, 999.9999999999998863 ) ;
#6193 = CARTESIAN_POINT ( 'NONE',  ( -14.13188676709216196, 13.97416618742185079, -20.51515545568336307 ) ) ;
#6194 = CARTESIAN_POINT ( 'NONE',  ( -22.18381066933914880, -54.83109622320743171, 0.3558155119239347908 ) ) ;
#6195 = DIRECTION ( 'NONE',  ( 1.000000000000000000, 0.000000000000000000, 0.000000000000000000 ) ) ;
#6196 = VERTEX_POINT ( 'NONE', #4032 ) ;
#6197 = VERTEX_POINT ( 'NONE', #8127 ) ;
#6198 = B_SPLINE_CURVE_WITH_KNOTS ( 'NONE', 1,
 ( #6946, #810 ),
 .UNSPECIFIED., .F., .F.,
 ( 2, 2 ),
 ( 0.000000000000000000, 1.000000000000000000 ),
 .UNSPECIFIED. ) ;
#6199 = CARTESIAN_POINT ( 'NONE',  ( -1.249899900653364426, -118.0308317892331189, 48.69836979253257425 ) ) ;
#6200 = LINE ( 'NONE', #5588, #5517 ) ;
#6201 = ADVANCED_FACE ( 'NONE', ( #3850 ), #5243, .F. ) ;
#6202 = ORIENTED_EDGE ( 'NONE', *, *, #397, .T. ) ;
#6203 = CARTESIAN_POINT ( 'NONE',  ( -1.123582429141872785, -120.4859869534280250, 49.30024030737046559 ) ) ;
#6204 = CARTESIAN_POINT ( 'NONE',  ( -15.19193434817933586, -35.66976929447410072, -22.15589275499229771 ) ) ;
#6205 = PLANE ( 'NONE',  #4994 ) ;
#6206 = CARTESIAN_POINT ( 'NONE',  ( 23.44999999999999929, 33.39474714341176309, -13.60563718565184033 ) ) ;
#6207 = CARTESIAN_POINT ( 'NONE',  ( -5.245833619642161771, -88.81139071693864651, 39.69215587619429186 ) ) ;
#6208 = ORIENTED_EDGE ( 'NONE', *, *, #8539, .F. ) ;
#6209 = EDGE_CURVE ( 'NONE', #5807, #2829, #3932, .T. ) ;
#6210 = DIRECTION ( 'NONE',  ( 0.000000000000000000, -0.1736481776669230592, -0.9848077530122093526 ) ) ;
#6211 = EDGE_CURVE ( 'NONE', #3500, #6447, #3933, .T. ) ;
#6212 = DIRECTION ( 'NONE',  ( -1.000000000000000000, 0.000000000000000000, 0.000000000000000000 ) ) ;
#6213 = ADVANCED_FACE ( 'NONE', ( #4569 ), #3214, .T. ) ;
#6214 = CARTESIAN_POINT ( 'NONE',  ( -21.78964906885523334, -56.65072470507384850, 1.858614677800606518 ) ) ;
#6215 = ORIENTED_EDGE ( 'NONE', *, *, #8754, .T. ) ;
#6216 = ORIENTED_EDGE ( 'NONE', *, *, #7625, .F. ) ;
#6217 = DIRECTION ( 'NONE',  ( 1.000000000000000000, -0.000000000000000000, -0.000000000000000000 ) ) ;
#6218 = CARTESIAN_POINT ( 'NONE',  ( -19.66302335565789861, -13.34876659321273706, -21.49868252039552985 ) ) ;
#6219 = EDGE_CURVE ( 'NONE', #1406, #6157, #3259, .T. ) ;
#6220 = B_SPLINE_CURVE_WITH_KNOTS ( 'NONE', 3,
 ( #975, #4261, #6268, #3661, #4339, #5061, #5646, #5605, #2864, #5019, #3710, #4975, #884, #8395, #7694, #847, #6348, #1562 ),
 .UNSPECIFIED., .F., .F.,
 ( 4, 2, 2, 2, 2, 2, 2, 2, 4 ),
 ( 0.000000000000000000, 0.1000000000000006856, 0.1999999999999990952, 0.2999999999999997669, 0.5000000000000011102, 0.7000000000000001776, 0.7999999999999986011, 0.8999999999999993561, 1.000000000000000000 ),
 .UNSPECIFIED. ) ;
#6221 = CARTESIAN_POINT ( 'NONE',  ( 0.000000000000000000, -75.82056510457229592, 11.89424437510743537 ) ) ;
#6222 = DIRECTION ( 'NONE',  ( 0.000000000000000000, -0.9848077530122094636, 0.1736481776669226429 ) ) ;
#6223 = ORIENTED_EDGE ( 'NONE', *, *, #1924, .F. ) ;
#6224 = CIRCLE ( 'NONE', #7356, 2.349999999999999645 ) ;
#6225 = LINE ( 'NONE', #3487, #7888 ) ;
#6226 = DIRECTION ( 'NONE',  ( 0.000000000000000000, -0.9848077530122094636, 0.1736481776669229204 ) ) ;
#6227 = VECTOR ( 'NONE', #5297, 1000.000000000000000 ) ;
#6228 = VERTEX_POINT ( 'NONE', #6760 ) ;
#6229 = VERTEX_POINT ( 'NONE', #8033 ) ;
#6230 = AXIS2_PLACEMENT_3D ( 'NONE', #5910, #2628, #620 ) ;
#6231 = CARTESIAN_POINT ( 'NONE',  ( -20.14524714632837288, 15.27320010041724885, -22.29404742142925855 ) ) ;
#6232 = CARTESIAN_POINT ( 'NONE',  ( -12.11788940167125084, -14.74012254534934385, -43.64125717126521664 ) ) ;
#6233 = ORIENTED_EDGE ( 'NONE', *, *, #3802, .T. ) ;
#6234 = CARTESIAN_POINT ( 'NONE',  ( -15.00000000000000000, -104.4705052956424254, 26.65124883348895324 ) ) ;
#6235 = AXIS2_PLACEMENT_3D ( 'NONE', #2063, #8010, #6195 ) ;
#6236 = CARTESIAN_POINT ( 'NONE',  ( 23.44999999999999929, -23.46246350426182303, -45.29634816116374907 ) ) ;
#6237 = VECTOR ( 'NONE', #3673, 1000.000000000000000 ) ;
#6238 = ORIENTED_EDGE ( 'NONE', *, *, #5402, .F. ) ;
#6239 = CARTESIAN_POINT ( 'NONE',  ( -13.04634899518697999, -13.95531615292233418, -21.29634816116374907 ) ) ;
#6240 = CARTESIAN_POINT ( 'NONE',  ( -12.37589395306699203, 15.60697451510481670, -22.33447360710345819 ) ) ;
#6241 = CARTESIAN_POINT ( 'NONE',  ( -23.44999999999999929, -34.75827009701470871, 6.157848144283614822 ) ) ;
#6242 = FACE_OUTER_BOUND ( 'NONE', #8749, .T. ) ;
#6243 = ORIENTED_EDGE ( 'NONE', *, *, #6219, .F. ) ;
#6244 = ORIENTED_EDGE ( 'NONE', *, *, #4049, .T. ) ;
#6245 = CARTESIAN_POINT ( 'NONE',  ( -13.16383936330193727, 15.34771388378070789, -22.44268340139673157 ) ) ;
#6246 = LINE ( 'NONE', #4869, #69 ) ;
#6247 = ORIENTED_EDGE ( 'NONE', *, *, #5067, .F. ) ;
#6248 = DIRECTION ( 'NONE',  ( -1.000000000000000000, -0.000000000000000000, -0.000000000000000000 ) ) ;
#6249 = DIRECTION ( 'NONE',  ( 2.716844749132481694E-16, 0.3420201433256692125, 0.9396926207859082059 ) ) ;
#6250 = DIRECTION ( 'NONE',  ( 1.000000000000000000, 0.000000000000000000, 0.000000000000000000 ) ) ;
#6251 = CARTESIAN_POINT ( 'NONE',  ( -12.39811334357022687, -14.51363369095713374, -22.27957370554074146 ) ) ;
#6252 = CARTESIAN_POINT ( 'NONE',  ( -15.50579140946021539, 2.739843507326892524, -6.169497359820788063 ) ) ;
#6253 = ORIENTED_EDGE ( 'NONE', *, *, #625, .F. ) ;
#6254 = ADVANCED_FACE ( 'NONE', ( #1191 ), #3172, .F. ) ;
#6255 = CARTESIAN_POINT ( 'NONE',  ( -22.04801215688735638, -12.81295175698431343, -19.00765776121293271 ) ) ;
#6256 = AXIS2_PLACEMENT_3D ( 'NONE', #1587, #2935, #4823 ) ;
#6257 = CARTESIAN_POINT ( 'NONE',  ( -21.92731913537242860, -14.80729970222076375, -19.61265678023186965 ) ) ;
#6258 = DIRECTION ( 'NONE',  ( 0.000000000000000000, -0.7617614198329731856, -0.6478576535428541838 ) ) ;
#6259 = CARTESIAN_POINT ( 'NONE',  ( -12.56535391200178786, -14.85765901450032977, -44.49045809756113812 ) ) ;
#6260 = ORIENTED_EDGE ( 'NONE', *, *, #7972, .T. ) ;
#6261 = VERTEX_POINT ( 'NONE', #2500 ) ;
#6262 = DIRECTION ( 'NONE',  ( -1.000000000000000000, 0.000000000000000000, 0.000000000000000000 ) ) ;
#6263 = VECTOR ( 'NONE', #1087, 1000.000000000000000 ) ;
#6264 = DIRECTION ( 'NONE',  ( 0.000000000000000000, -0.000000000000000000, -1.000000000000000000 ) ) ;
#6265 = ADVANCED_FACE ( 'NONE', ( #8083 ), #8614, .T. ) ;
#6266 = DIRECTION ( 'NONE',  ( 0.000000000000000000, 0.7660444431189812331, -0.6427876096865354771 ) ) ;
#6267 = EDGE_CURVE ( 'NONE', #7210, #1572, #1962, .T. ) ;
#6268 = CARTESIAN_POINT ( 'NONE',  ( -15.00000000000000000, -90.30962319386860315, 30.09507027153647130 ) ) ;
#6269 = CARTESIAN_POINT ( 'NONE',  ( 23.44999999999999929, -90.65206458880942364, 1.945719703071485007 ) ) ;
#6270 = VERTEX_POINT ( 'NONE', #6612 ) ;
#6271 = CARTESIAN_POINT ( 'NONE',  ( 0.000000000000000000, 30.98458179031142024, -11.14980678216003263 ) ) ;
#6272 = ORIENTED_EDGE ( 'NONE', *, *, #1051, .T. ) ;
#6273 = ADVANCED_FACE ( 'NONE', ( #8659 ), #7333, .F. ) ;
#6274 = ORIENTED_EDGE ( 'NONE', *, *, #4731, .F. ) ;
#6275 = VECTOR ( 'NONE', #4736, 1000.000000000000114 ) ;
#6276 = CARTESIAN_POINT ( 'NONE',  ( -21.99146021544691010, -35.34453759848486953, -15.48298232107133465 ) ) ;
#6277 = CARTESIAN_POINT ( 'NONE',  ( -16.48250754687569852, -69.05024385258593611, 30.26534421331277258 ) ) ;
#6278 = CARTESIAN_POINT ( 'NONE',  ( -12.08024718501111749, -14.76990621443731833, -43.71672793114766620 ) ) ;
#6279 =( BOUNDED_CURVE ( )  B_SPLINE_CURVE ( 3, ( #6426, #6252, #5634, #1549 ),
 .UNSPECIFIED., .F., .F. ) 
 B_SPLINE_CURVE_WITH_KNOTS ( ( 4, 4 ),
 ( 0.1065846696172710745, 1.570796326794896558 ),
 .UNSPECIFIED. ) 
 CURVE ( )  GEOMETRIC_REPRESENTATION_ITEM ( )  RATIONAL_B_SPLINE_CURVE ( ( 1.000000000000000000, 0.8291789586652065225, 0.8291789586652065225, 1.000000000000000000 ) ) 
 REPRESENTATION_ITEM ( '' )  );
#6280 = EDGE_LOOP ( 'NONE', ( #7001, #6321, #6608, #2705 ) ) ;
#6281 = CIRCLE ( 'NONE', #3556, 7.000000000000000000 ) ;
#6282 = CARTESIAN_POINT ( 'NONE',  ( -15.14707553785843430, -13.00523704254743329, -21.37038454170853541 ) ) ;
#6283 = CARTESIAN_POINT ( 'NONE',  ( -15.82064678495224541, -51.15057041472908850, 19.91262129502477762 ) ) ;
#6284 = ORIENTED_EDGE ( 'NONE', *, *, #346, .F. ) ;
#6285 = CARTESIAN_POINT ( 'NONE',  ( -13.83207824984870626, -13.60460406646099507, -21.29634523134493307 ) ) ;
#6286 = ADVANCED_FACE ( 'NONE', ( #3392 ), #674, .F. ) ;
#6287 = CARTESIAN_POINT ( 'NONE',  ( -12.91048508637899772, 15.48678923322539269, -22.84684788292921809 ) ) ;
#6288 = LINE ( 'NONE', #1621, #1676 ) ;
#6289 = DIRECTION ( 'NONE',  ( 0.000000000000000000, -0.4419102939782701411, -0.8970592466922343577 ) ) ;
#6290 = ORIENTED_EDGE ( 'NONE', *, *, #8537, .T. ) ;
#6291 = ORIENTED_EDGE ( 'NONE', *, *, #6580, .T. ) ;
#6292 = CARTESIAN_POINT ( 'NONE',  ( -14.65054239839512640, 14.43062576436245870, -21.50573235053251153 ) ) ;
#6293 = ORIENTED_EDGE ( 'NONE', *, *, #7413, .T. ) ;
#6294 = CARTESIAN_POINT ( 'NONE',  ( -9.757152374709427534, -68.45471254841437769, -0.6361167565398309076 ) ) ;
#6295 = DIRECTION ( 'NONE',  ( 0.000000000000000000, 0.000000000000000000, -1.000000000000000000 ) ) ;
#6296 = LINE ( 'NONE', #3643, #697 ) ;
#6297 = CARTESIAN_POINT ( 'NONE',  ( -12.98945416557546118, -14.00637887513689961, -21.35761143048824806 ) ) ;
#6298 = PLANE ( 'NONE',  #8806 ) ;
#6299 = EDGE_LOOP ( 'NONE', ( #2847, #1078, #5908, #511, #1885, #6496 ) ) ;
#6300 = CARTESIAN_POINT ( 'NONE',  ( -21.37536498706619881, -17.09070428359130034, -23.58501837703584769 ) ) ;
#6301 = CARTESIAN_POINT ( 'NONE',  ( -19.27853544290633891, -14.36031599352682342, -22.65191752062497343 ) ) ;
#6302 = CARTESIAN_POINT ( 'NONE',  ( -15.00000000000000000, -94.83578902281104206, 31.43931079701635412 ) ) ;
#6303 = CARTESIAN_POINT ( 'NONE',  ( -12.17183627971221682, -15.45326073926247190, -45.02406509393958345 ) ) ;
#6304 = EDGE_LOOP ( 'NONE', ( #3004, #5438, #6485, #6856 ) ) ;
#6305 = DIRECTION ( 'NONE',  ( -1.000000000000000000, -0.000000000000000000, -0.000000000000000000 ) ) ;
#6306 = CARTESIAN_POINT ( 'NONE',  ( -14.99999999999999467, -90.65346769483215894, 40.59960182453306743 ) ) ;
#6307 = LINE ( 'NONE', #307, #2910 ) ;
#6308 = DIRECTION ( 'NONE',  ( -0.000000000000000000, 0.4048678968484271112, 0.9143751889140099287 ) ) ;
#6309 = ORIENTED_EDGE ( 'NONE', *, *, #5717, .F. ) ;
#6310 = CARTESIAN_POINT ( 'NONE',  ( -23.44999999999999929, 27.99569300269999417, -15.09066213886442753 ) ) ;
#6311 = CARTESIAN_POINT ( 'NONE',  ( -12.19083461222129472, 15.75704869086030158, -23.29634816116374907 ) ) ;
#6312 = ORIENTED_EDGE ( 'NONE', *, *, #7410, .F. ) ;
#6313 = EDGE_CURVE ( 'NONE', #2160, #8627, #3644, .T. ) ;
#6314 = CARTESIAN_POINT ( 'NONE',  ( -16.56158988034721347, -14.53671215020897911, -43.83623863372562113 ) ) ;
#6315 = CARTESIAN_POINT ( 'NONE',  ( -22.64266716213726127, 14.08579955873646661, -19.03718355716641497 ) ) ;
#6316 = CARTESIAN_POINT ( 'NONE',  ( -14.09999999999999964, -51.37579633631954579, -6.267618961749018780 ) ) ;
#6317 = EDGE_LOOP ( 'NONE', ( #1486, #4528, #1131, #2885 ) ) ;
#6318 = EDGE_CURVE ( 'NONE', #155, #3238, #6681, .T. ) ;
#6319 = CARTESIAN_POINT ( 'NONE',  ( -14.73275594171942871, -13.29924981990973087, -21.47874372191179404 ) ) ;
#6320 = CARTESIAN_POINT ( 'NONE',  ( -23.44999999999999929, -34.75827009701470871, 6.157848144283614822 ) ) ;
#6321 = ORIENTED_EDGE ( 'NONE', *, *, #8667, .F. ) ;
#6322 = CARTESIAN_POINT ( 'NONE',  ( -13.87549739308788510, -13.58472166557987215, -21.29634066840078788 ) ) ;
#6323 = CARTESIAN_POINT ( 'NONE',  ( -14.40556723980829368, 14.59560304405804487, -21.59456266214135667 ) ) ;
#6324 = CARTESIAN_POINT ( 'NONE',  ( -18.64002701526201022, -44.61105033216414029, 14.42531240566818873 ) ) ;
#6325 = EDGE_CURVE ( 'NONE', #6229, #2745, #6894, .T. ) ;
#6326 = CARTESIAN_POINT ( 'NONE',  ( -11.60477767372327129, -16.26110152302466005, -45.28880494657298783 ) ) ;
#6327 = VERTEX_POINT ( 'NONE', #7647 ) ;
#6328 = ORIENTED_EDGE ( 'NONE', *, *, #7273, .F. ) ;
#6329 = CARTESIAN_POINT ( 'NONE',  ( -12.81601314994198759, 15.53753055544333606, -23.21165421821665120 ) ) ;
#6330 = CARTESIAN_POINT ( 'NONE',  ( -21.04149594727444494, -59.56341763401245260, 4.223947894067615394 ) ) ;
#6331 = ORIENTED_EDGE ( 'NONE', *, *, #8539, .T. ) ;
#6332 = DIRECTION ( 'NONE',  ( 0.000000000000000000, -0.9396926207859083169, 0.3420201433256687129 ) ) ;
#6333 = FACE_OUTER_BOUND ( 'NONE', #4029, .T. ) ;
#6334 = AXIS2_PLACEMENT_3D ( 'NONE', #1022, #1068, #3092 ) ;
#6335 = CARTESIAN_POINT ( 'NONE',  ( -14.09999999999999964, -49.46863626127934310, -10.21764939810934791 ) ) ;
#6336 = CARTESIAN_POINT ( 'NONE',  ( -12.33456095222643256, -14.56575188430219292, -22.44684832882186498 ) ) ;
#6337 = CARTESIAN_POINT ( 'NONE',  ( 0.000000000000000000, 8.887536495738197928, -24.49634816116376257 ) ) ;
#6338 = ORIENTED_EDGE ( 'NONE', *, *, #2173, .F. ) ;
#6339 = CARTESIAN_POINT ( 'NONE',  ( -14.78275756306299726, -54.23580781553184949, 22.43491794090315494 ) ) ;
#6340 = VECTOR ( 'NONE', #43, 1000.000000000000227 ) ;
#6341 = CARTESIAN_POINT ( 'NONE',  ( 0.000000000000000000, 30.22642330811765277, -23.77596164592430483 ) ) ;
#6342 = DIRECTION ( 'NONE',  ( -1.000000000000000000, 0.000000000000000000, 0.000000000000000000 ) ) ;
#6343 = CARTESIAN_POINT ( 'NONE',  ( -12.81117812862701122, -14.47019513641310340, -43.47776804815617169 ) ) ;
#6344 = ORIENTED_EDGE ( 'NONE', *, *, #7143, .F. ) ;
#6345 = CARTESIAN_POINT ( 'NONE',  ( 3.184081677783118191E-15, 13.53753649573836704, -23.29634816116374907 ) ) ;
#6346 = EDGE_CURVE ( 'NONE', #954, #7312, #1383, .T. ) ;
#6347 = CARTESIAN_POINT ( 'NONE',  ( -5.586750802989270070, -86.99209633547599196, 38.79593311508940445 ) ) ;
#6348 = CARTESIAN_POINT ( 'NONE',  ( -15.00000000000000000, -94.68429866097895342, 31.39613941706713263 ) ) ;
#6349 = CARTESIAN_POINT ( 'NONE',  ( -2.882832718273190320, -102.6231847897281000, 11.68974847046961330 ) ) ;
#6350 = EDGE_LOOP ( 'NONE', ( #5093, #3020, #888, #881, #73 ) ) ;
#6351 = FACE_OUTER_BOUND ( 'NONE', #6172, .T. ) ;
#6352 = VERTEX_POINT ( 'NONE', #4260 ) ;
#6353 = ORIENTED_EDGE ( 'NONE', *, *, #3371, .F. ) ;
#6354 = AXIS2_PLACEMENT_3D ( 'NONE', #7513, #8175, #6613 ) ;
#6355 = LINE ( 'NONE', #8402, #4953 ) ;
#6356 = CARTESIAN_POINT ( 'NONE',  ( -12.19083461222125031, -14.68197569938393343, -43.29634816116375617 ) ) ;
#6357 = VECTOR ( 'NONE', #5868, 1000.000000000000000 ) ;
#6358 = VERTEX_POINT ( 'NONE', #6176 ) ;
#6359 = ADVANCED_FACE ( 'NONE', ( #7562 ), #129, .F. ) ;
#6360 = CARTESIAN_POINT ( 'NONE',  ( -13.29128810456891330, -14.20346296394854768, -22.31608875197216335 ) ) ;
#6361 = CARTESIAN_POINT ( 'NONE',  ( -17.59798156948334835, 17.53753649573836881, -45.29634816116374196 ) ) ;
#6362 = VECTOR ( 'NONE', #1041, 1000.000000000000000 ) ;
#6363 = ORIENTED_EDGE ( 'NONE', *, *, #6077, .T. ) ;
#6364 =( GEOMETRIC_REPRESENTATION_CONTEXT ( 3 ) GLOBAL_UNCERTAINTY_ASSIGNED_CONTEXT ( ( #211 ) ) GLOBAL_UNIT_ASSIGNED_CONTEXT ( ( #465, #7932, #383 ) ) REPRESENTATION_CONTEXT ( 'NONE', 'WORKASPACE' ) );
#6365 = ORIENTED_EDGE ( 'NONE', *, *, #6634, .F. ) ;
#6366 = EDGE_CURVE ( 'NONE', #5452, #2233, #1471, .T. ) ;
#6367 = CARTESIAN_POINT ( 'NONE',  ( -15.00000000000000000, -97.74981868377497563, 32.14947470690940179 ) ) ;
#6368 = CARTESIAN_POINT ( 'NONE',  ( -13.77363997484033931, 14.99340173329452774, -21.92345409917324517 ) ) ;
#6369 = EDGE_CURVE ( 'NONE', #2144, #6228, #3025, .T. ) ;
#6370 = DIRECTION ( 'NONE',  ( 0.000000000000000000, -0.9396926207859083169, 0.3420201433256692680 ) ) ;
#6371 = EDGE_LOOP ( 'NONE', ( #6202, #2650 ) ) ;
#6372 = CIRCLE ( 'NONE', #7373, 2.349999999999999645 ) ;
#6373 = EDGE_CURVE ( 'NONE', #5958, #743, #3484, .T. ) ;
#6374 = ORIENTED_EDGE ( 'NONE', *, *, #889, .T. ) ;
#6375 = AXIS2_PLACEMENT_3D ( 'NONE', #2290, #8697, #2494 ) ;
#6376 = CARTESIAN_POINT ( 'NONE',  ( -17.73005051259273657, 21.47134054516793000, -45.29634816116374196 ) ) ;
#6377 = CARTESIAN_POINT ( 'NONE',  ( -12.86643652016005213, 15.51052590926239638, -22.96625074263823407 ) ) ;
#6378 = DIRECTION ( 'NONE',  ( 0.000000000000000000, -1.387778780781444413E-14, -1.000000000000000000 ) ) ;
#6379 = EDGE_LOOP ( 'NONE', ( #6840, #1780, #4959, #7563 ) ) ;
#6380 = CARTESIAN_POINT ( 'NONE',  ( -16.36603299829170055, -72.51178717788727113, 24.69341315452328800 ) ) ;
#6381 = DIRECTION ( 'NONE',  ( -1.000000000000000000, -0.000000000000000000, -0.000000000000000000 ) ) ;
#6382 = CARTESIAN_POINT ( 'NONE',  ( -12.28070532606816379, -14.60956801994436915, -22.62209774381062033 ) ) ;
#6383 = CARTESIAN_POINT ( 'NONE',  ( 0.000000000000000000, -78.21670427218461441, 10.78275569109506016 ) ) ;
#6384 = ORIENTED_EDGE ( 'NONE', *, *, #6145, .F. ) ;
#6385 = CARTESIAN_POINT ( 'NONE',  ( -8.697062776454734134, -54.17251179335455191, 22.38829588228827205 ) ) ;
#6386 = AXIS2_PLACEMENT_3D ( 'NONE', #7829, #7122, #366 ) ;
#6387 = CARTESIAN_POINT ( 'NONE',  ( -15.12861612773884268, -80.97809411965283743, 35.83330885478851258 ) ) ;
#6388 = CARTESIAN_POINT ( 'NONE',  ( -15.74228304299632342, -74.09813834299346524, 32.44409761703083461 ) ) ;
#6389 = CARTESIAN_POINT ( 'NONE',  ( -22.72703367706670008, -51.79319149329504057, -2.106577769823402058 ) ) ;
#6390 = ORIENTED_EDGE ( 'NONE', *, *, #3619, .F. ) ;
#6391 = CARTESIAN_POINT ( 'NONE',  ( -15.08548988013510872, 26.53753649573820894, -40.29634816116373486 ) ) ;
#6392 = CARTESIAN_POINT ( 'NONE',  ( -14.99999999999985612, -90.88106454808408330, 40.71172083194607438 ) ) ;
#6393 = CARTESIAN_POINT ( 'NONE',  ( -4.000000000000000000, -31.50781046928428353, -8.964923461182939590 ) ) ;
#6394 = CARTESIAN_POINT ( 'NONE',  ( -22.39175801284778800, -42.59141517575194769, -11.03225772054802967 ) ) ;
#6395 = CARTESIAN_POINT ( 'NONE',  ( -14.79850822416201517, -40.56625607262312627, -20.03115030082849657 ) ) ;
#6396 = AXIS2_PLACEMENT_3D ( 'NONE', #1502, #8256, #4874 ) ;
#6397 = VERTEX_POINT ( 'NONE', #1340 ) ;
#6398 = EDGE_CURVE ( 'NONE', #8804, #8417, #2224, .T. ) ;
#6399 = CARTESIAN_POINT ( 'NONE',  ( -14.70700594834913666, 25.20420316240486969, -44.62968149449707767 ) ) ;
#6400 = CARTESIAN_POINT ( 'NONE',  ( -17.71472896448796064, -23.56316551187001451, -43.49339949399869454 ) ) ;
#6401 = DIRECTION ( 'NONE',  ( 0.000000000000000000, 0.000000000000000000, -1.000000000000000000 ) ) ;
#6402 = ORIENTED_EDGE ( 'NONE', *, *, #5324, .F. ) ;
#6403 = CARTESIAN_POINT ( 'NONE',  ( -17.59798156948334835, 17.53753649573836881, -45.29634816116374196 ) ) ;
#6404 = CARTESIAN_POINT ( 'NONE',  ( -13.92816563989168976, -13.82373730093683761, -21.83074034756345583 ) ) ;
#6405 = CIRCLE ( 'NONE', #838, 1.699999999999998401 ) ;
#6406 = CARTESIAN_POINT ( 'NONE',  ( -23.44999999999999929, -151.2816621467982827, 16.52077260404446690 ) ) ;
#6407 = ORIENTED_EDGE ( 'NONE', *, *, #134, .F. ) ;
#6408 = VERTEX_POINT ( 'NONE', #6221 ) ;
#6409 = CARTESIAN_POINT ( 'NONE',  ( -14.99999999999926281, -92.97311786027940173, 41.70260325516036204 ) ) ;
#6410 = LINE ( 'NONE', #277, #7828 ) ;
#6411 = CARTESIAN_POINT ( 'NONE',  ( -17.32333045551451178, 15.55745782333797855, -43.62189846913927482 ) ) ;
#6412 = AXIS2_PLACEMENT_3D ( 'NONE', #7116, #4299, #5643 ) ;
#6413 = CARTESIAN_POINT ( 'NONE',  ( -15.22938338087824839, 14.01978577927140179, -21.35435039140722679 ) ) ;
#6414 = LINE ( 'NONE', #4950, #3812 ) ;
#6415 = CARTESIAN_POINT ( 'NONE',  ( -12.69974704065237958, -14.64734304873423199, -44.13710770113250703 ) ) ;
#6416 = ORIENTED_EDGE ( 'NONE', *, *, #7234, .F. ) ;
#6417 = ORIENTED_EDGE ( 'NONE', *, *, #245, .T. ) ;
#6418 = CARTESIAN_POINT ( 'NONE',  ( -1.010797170395409728, -123.9247955812114981, 50.26550289451237319 ) ) ;
#6419 = CARTESIAN_POINT ( 'NONE',  ( -12.04997207295246930, 15.86882417083948127, -43.76706903483943023 ) ) ;
#6420 = CARTESIAN_POINT ( 'NONE',  ( -23.44990021699235072, 28.02667518938602242, -15.09691605036605111 ) ) ;
#6421 = ORIENTED_EDGE ( 'NONE', *, *, #2998, .T. ) ;
#6422 = CARTESIAN_POINT ( 'NONE',  ( -21.15791345669252976, -25.71624124468724304, -23.78770265884952906 ) ) ;
#6423 = ADVANCED_FACE ( 'NONE', ( #6805 ), #666, .F. ) ;
#6424 = CARTESIAN_POINT ( 'NONE',  ( -15.51935357173244157, -25.33600105284458692, -39.76065024183474605 ) ) ;
#6425 = DIRECTION ( 'NONE',  ( 0.000000000000000000, 0.9396926207859083169, -0.3420201433256692680 ) ) ;
#6426 = CARTESIAN_POINT ( 'NONE',  ( -14.24999999999999822, 2.874200784847784185, -6.193188172902254429 ) ) ;
#6427 = CARTESIAN_POINT ( 'NONE',  ( -3.089670827592278624, -100.5187668141803954, 10.47024997053879503 ) ) ;
#6428 = ORIENTED_EDGE ( 'NONE', *, *, #2817, .T. ) ;
#6429 = LINE ( 'NONE', #6559, #8495 ) ;
#6430 = CARTESIAN_POINT ( 'NONE',  ( -13.65156160829643106, 14.76170009826205920, -21.29632759425166455 ) ) ;
#6431 = CARTESIAN_POINT ( 'NONE',  ( -22.05724005375390107, -59.35170193621375745, -7.146401792698980238 ) ) ;
#6432 = ORIENTED_EDGE ( 'NONE', *, *, #1446, .T. ) ;
#6433 = DIRECTION ( 'NONE',  ( 0.000000000000000000, -0.9848077530122092416, 0.1736481776669232813 ) ) ;
#6434 = LINE ( 'NONE', #128, #251 ) ;
#6435 = EDGE_CURVE ( 'NONE', #6799, #6457, #5563, .T. ) ;
#6436 = DIRECTION ( 'NONE',  ( 0.000000000000000000, -0.9712417126392506317, 0.2380956438693812849 ) ) ;
#6437 = LINE ( 'NONE', #976, #1895 ) ;
#6438 = CARTESIAN_POINT ( 'NONE',  ( -22.35110875524878793, -42.02164834644163705, -11.45492364573356703 ) ) ;
#6439 = ORIENTED_EDGE ( 'NONE', *, *, #2923, .T. ) ;
#6440 = ORIENTED_EDGE ( 'NONE', *, *, #2472, .F. ) ;
#6441 = DIRECTION ( 'NONE',  ( 0.000000000000000000, 0.9848077530122095746, -0.1736481776669221433 ) ) ;
#6442 = CARTESIAN_POINT ( 'NONE',  ( -11.44693665720899567, -15.24914542211580226, -44.21162661060917998 ) ) ;
#6443 = ORIENTED_EDGE ( 'NONE', *, *, #5834, .T. ) ;
#6444 = CARTESIAN_POINT ( 'NONE',  ( -14.85659890898955915, -13.21292192065901716, -21.44221969084448531 ) ) ;
#6445 = CARTESIAN_POINT ( 'NONE',  ( -15.00000000000000000, -123.9937389391436966, 32.68858056700155856 ) ) ;
#6446 =( BOUNDED_CURVE ( )  B_SPLINE_CURVE ( 2, ( #6175, #8172, #6980 ),
 .UNSPECIFIED., .F., .F. ) 
 B_SPLINE_CURVE_WITH_KNOTS ( ( 3, 3 ),
 ( 0.000000000000000000, 1.000000000000000000 ),
 .UNSPECIFIED. ) 
 CURVE ( )  GEOMETRIC_REPRESENTATION_ITEM ( )  RATIONAL_B_SPLINE_CURVE ( ( 1.000000000000000000, 0.7071067811865462405, 1.000000000000000000 ) ) 
 REPRESENTATION_ITEM ( '' )  );
#6447 = VERTEX_POINT ( 'NONE', #4842 ) ;
#6448 = CARTESIAN_POINT ( 'NONE',  ( -14.73372766748169127, -23.31349011795107984, -45.29634816116374907 ) ) ;
#6449 = CARTESIAN_POINT ( 'NONE',  ( -20.44996612925488932, 21.42720991147632148, -37.71181063133003875 ) ) ;
#6450 = EDGE_CURVE ( 'NONE', #219, #4702, #8269, .T. ) ;
#6451 = CARTESIAN_POINT ( 'NONE',  ( -1.677088071870612485, -112.5639186126770710, 47.35818001709250780 ) ) ;
#6452 = CARTESIAN_POINT ( 'NONE',  ( -12.81502797583138786, -14.46402996830338772, -43.38750544663384545 ) ) ;
#6453 = ORIENTED_EDGE ( 'NONE', *, *, #2268, .F. ) ;
#6454 = CARTESIAN_POINT ( 'NONE',  ( -21.65545351559966392, -29.97855420063085674, -19.09246012849895635 ) ) ;
#6455 = CARTESIAN_POINT ( 'NONE',  ( -12.27643746831889615, 16.37292768113262653, -44.92344490699177584 ) ) ;
#6456 = DIRECTION ( 'NONE',  ( -1.000000000000000000, -0.000000000000000000, -0.000000000000000000 ) ) ;
#6457 = VERTEX_POINT ( 'NONE', #3529 ) ;
#6458 = FACE_OUTER_BOUND ( 'NONE', #3597, .T. ) ;
#6459 = CARTESIAN_POINT ( 'NONE',  ( 0.000000000000000000, 26.53753649573820894, -40.29634816116373486 ) ) ;
#6460 = CARTESIAN_POINT ( 'NONE',  ( -14.99687358852318830, -38.19350870439572532, -20.96397071094859754 ) ) ;
#6461 = CARTESIAN_POINT ( 'NONE',  ( 0.000000000000000000, -38.50028961305760333, -20.85005250131177590 ) ) ;
#6462 = ORIENTED_EDGE ( 'NONE', *, *, #2646, .T. ) ;
#6463 = CARTESIAN_POINT ( 'NONE',  ( -9.932741254112062990, -69.39972495225435978, 30.39254493103064902 ) ) ;
#6464 = ADVANCED_FACE ( 'NONE', ( #1002 ), #7882, .T. ) ;
#6465 = SURFACE_STYLE_FILL_AREA ( #1853 ) ;
#6466 = CYLINDRICAL_SURFACE ( 'NONE', #8341, 1.700000000000000400 ) ;
#6467 = DIRECTION ( 'NONE',  ( 0.000000000000000000, 0.7660444431189810111, -0.6427876096865359212 ) ) ;
#6468 = EDGE_LOOP ( 'NONE', ( #7452, #8672, #1558, #5642 ) ) ;
#6469 = PLANE ( 'NONE',  #3122 ) ;
#6470 = CARTESIAN_POINT ( 'NONE',  ( -4.934465383814631956, -90.38772566152385934, 40.46869169736605443 ) ) ;
#6471 = EDGE_CURVE ( 'NONE', #3820, #4713, #5974, .T. ) ;
#6472 = B_SPLINE_CURVE_WITH_KNOTS ( 'NONE', 3,
 ( #1940, #6825, #4681, #2744 ),
 .UNSPECIFIED., .F., .F.,
 ( 4, 4 ),
 ( 0.000000000000000000, 1.000000000000000000 ),
 .UNSPECIFIED. ) ;
#6473 = VECTOR ( 'NONE', #2589, 1000.000000000000000 ) ;
#6474 = EDGE_CURVE ( 'NONE', #2926, #2806, #6636, .T. ) ;
#6475 = CARTESIAN_POINT ( 'NONE',  ( -13.35365064939539437, -58.27056421687057508, 25.23737463463897512 ) ) ;
#6476 = CARTESIAN_POINT ( 'NONE',  ( -3.089670827592271518, -100.5187668141805517, 10.47024997053889273 ) ) ;
#6477 = EDGE_CURVE ( 'NONE', #1568, #8446, #6088, .T. ) ;
#6478 = DIRECTION ( 'NONE',  ( 0.000000000000000000, -0.6427876096865352551, -0.7660444431189813441 ) ) ;
#6479 = CARTESIAN_POINT ( 'NONE',  ( -22.21174825247127416, -39.85404639880587752, -12.94175190505599815 ) ) ;
#6480 = ORIENTED_EDGE ( 'NONE', *, *, #5184, .F. ) ;
#6481 = DIRECTION ( 'NONE',  ( 0.000000000000000000, -0.1736481776669229204, -0.9848077530122093526 ) ) ;
#6482 = EDGE_CURVE ( 'NONE', #5147, #2787, #5266, .T. ) ;
#6483 = CARTESIAN_POINT ( 'NONE',  ( 0.000000000000000000, -18.96246350426187632, -44.29634816116370644 ) ) ;
#6484 = CARTESIAN_POINT ( 'NONE',  ( -10.55000000000000071, 32.26483186922731505, -11.37554941312703427 ) ) ;
#6485 = ORIENTED_EDGE ( 'NONE', *, *, #5363, .T. ) ;
#6486 = CARTESIAN_POINT ( 'NONE',  ( -1.001674089154976688, -34.41234764401430368, -22.92852736967909166 ) ) ;
#6487 = CARTESIAN_POINT ( 'NONE',  ( -15.00000000000000000, -120.1554226140695221, 31.84896853206122103 ) ) ;
#6488 = AXIS2_PLACEMENT_3D ( 'NONE', #6524, #6795, #1374 ) ;
#6489 = ORIENTED_EDGE ( 'NONE', *, *, #4400, .F. ) ;
#6490 = CARTESIAN_POINT ( 'NONE',  ( -14.24999999999999822, 30.63728543497760270, -13.11942228818445599 ) ) ;
#6491 = DIRECTION ( 'NONE',  ( -0.02224014068614565270, 0.9997526574819696199, 1.062793815153877996E-20 ) ) ;
#6492 = CARTESIAN_POINT ( 'NONE',  ( -1.372336740733912430, -116.1835541934470086, 48.24551779610305147 ) ) ;
#6493 = DIRECTION ( 'NONE',  ( 1.000000000000000000, 0.000000000000000000, 0.000000000000000000 ) ) ;
#6494 = CARTESIAN_POINT ( 'NONE',  ( -3.184081677783118191E-15, 0.5375364957382012809, -44.29634816116370644 ) ) ;
#6495 = CARTESIAN_POINT ( 'NONE',  ( -12.71016790609077063, -14.63088220738902479, -44.10069231732536110 ) ) ;
#6496 = ORIENTED_EDGE ( 'NONE', *, *, #6972, .T. ) ;
#6497 = CARTESIAN_POINT ( 'NONE',  ( -21.75411329756708767, -31.22809027480722577, -18.09012022915239015 ) ) ;
#6498 = CARTESIAN_POINT ( 'NONE',  ( -12.01602519141502157, 15.89546482406780470, -43.81722455381784442 ) ) ;
#6499 = PLANE ( 'NONE',  #540 ) ;
#6500 = VECTOR ( 'NONE', #7618, 1000.000000000000000 ) ;
#6501 = ORIENTED_EDGE ( 'NONE', *, *, #4916, .T. ) ;
#6502 = CARTESIAN_POINT ( 'NONE',  ( -19.45527216441557172, -20.62494278151204341, -38.18118423907433368 ) ) ;
#6503 = DIRECTION ( 'NONE',  ( 0.000000000000000000, 0.9848077530122094636, -0.1736481776669229204 ) ) ;
#6504 = VECTOR ( 'NONE', #400, 1000.000000000000000 ) ;
#6505 = FACE_OUTER_BOUND ( 'NONE', #3417, .T. ) ;
#6506 = CARTESIAN_POINT ( 'NONE',  ( -23.15735768332468325, -51.34143852256170248, -3.420973711360931979 ) ) ;
#6507 = VECTOR ( 'NONE', #8841, 1000.000000000000227 ) ;
#6508 = CARTESIAN_POINT ( 'NONE',  ( -14.96148351789102726, -38.50028961305760333, -20.85005250131177590 ) ) ;
#6509 = ORIENTED_EDGE ( 'NONE', *, *, #3077, .T. ) ;
#6510 = VERTEX_POINT ( 'NONE', #5145 ) ;
#6511 = LINE ( 'NONE', #2349, #2058 ) ;
#6512 = CARTESIAN_POINT ( 'NONE',  ( -18.25000000000000000, 27.20581053509669189, -18.75923434280892721 ) ) ;
#6513 = CARTESIAN_POINT ( 'NONE',  ( -22.79198812391647877, -55.36741559178859973, -10.48961499481358040 ) ) ;
#6514 = AXIS2_PLACEMENT_3D ( 'NONE', #2206, #191, #5672 ) ;
#6515 = ORIENTED_EDGE ( 'NONE', *, *, #8588, .T. ) ;
#6516 = CARTESIAN_POINT ( 'NONE',  ( -19.48702382896907537, 23.06559480116065330, -43.53528761618375142 ) ) ;
#6517 = EDGE_CURVE ( 'NONE', #5702, #6352, #3110, .T. ) ;
#6518 = LINE ( 'NONE', #388, #3246 ) ;
#6519 = CIRCLE ( 'NONE', #5390, 38.83706265612282493 ) ;
#6520 = CARTESIAN_POINT ( 'NONE',  ( -11.90668105910535068, -62.67452403673355832, 27.66849618009070966 ) ) ;
#6521 = DIRECTION ( 'NONE',  ( 1.000000000000000000, -0.000000000000000000, -0.000000000000000000 ) ) ;
#6522 = AXIS2_PLACEMENT_3D ( 'NONE', #5144, #5221, #4454 ) ;
#6523 = CARTESIAN_POINT ( 'NONE',  ( -19.36752148022168640, -59.39620614809700783, 19.58958941567368939 ) ) ;
#6524 = CARTESIAN_POINT ( 'NONE',  ( -5.999999999999998224, -120.2201213401917244, 40.11018988692321585 ) ) ;
#6525 = CARTESIAN_POINT ( 'NONE',  ( -21.36456770948786499, -42.41938019745697375, -19.20447253982842639 ) ) ;
#6526 = EDGE_LOOP ( 'NONE', ( #4635, #4016, #2962, #2324 ) ) ;
#6527 = CARTESIAN_POINT ( 'NONE',  ( -20.34192880819632521, -56.50721602861135295, 17.45754806484924515 ) ) ;
#6528 = EDGE_CURVE ( 'NONE', #6913, #462, #8595, .T. ) ;
#6529 = PLANE ( 'NONE',  #222 ) ;
#6530 = DIRECTION ( 'NONE',  ( 0.000000000000000000, -0.9396926207859083169, 0.3420201433256692680 ) ) ;
#6531 = ORIENTED_EDGE ( 'NONE', *, *, #6318, .T. ) ;
#6532 = CARTESIAN_POINT ( 'NONE',  ( 0.000000000000000000, -55.88670924954958963, -7.443061299447535362 ) ) ;
#6533 = CARTESIAN_POINT ( 'NONE',  ( -15.00000000000000000, -96.27004511202133585, 21.97439099029267595 ) ) ;
#6534 = VECTOR ( 'NONE', #3788, 1000.000000000000114 ) ;
#6535 = ORIENTED_EDGE ( 'NONE', *, *, #2200, .F. ) ;
#6536 = CARTESIAN_POINT ( 'NONE',  ( -15.00000000000148148, -96.30463297332121897, 43.02729242997703807 ) ) ;
#6537 = CARTESIAN_POINT ( 'NONE',  ( -9.932741254112062990, -69.39972495225435978, 30.39254493103064902 ) ) ;
#6538 = VECTOR ( 'NONE', #1415, 1000.000000000000000 ) ;
#6539 = CARTESIAN_POINT ( 'NONE',  ( -18.44999999999999929, 33.32528787234499390, -13.99956028685670795 ) ) ;
#6540 = VECTOR ( 'NONE', #176, 1000.000000000000000 ) ;
#6541 = CARTESIAN_POINT ( 'NONE',  ( -14.11446840999476393, -54.13248084427826967, -11.52584828597590061 ) ) ;
#6542 = DIRECTION ( 'NONE',  ( 0.000000000000000000, 0.7660444431189813441, -0.6427876096865353661 ) ) ;
#6543 = VERTEX_POINT ( 'NONE', #6461 ) ;
#6544 = CARTESIAN_POINT ( 'NONE',  ( -19.19860340506338048, -20.57279008854555613, -40.22482922281545115 ) ) ;
#6545 = CARTESIAN_POINT ( 'NONE',  ( -12.71170095441657999, 15.70353179235952545, -44.09514071171043526 ) ) ;
#6546 = FACE_OUTER_BOUND ( 'NONE', #4055, .T. ) ;
#6547 = ORIENTED_EDGE ( 'NONE', *, *, #1866, .F. ) ;
#6548 = CARTESIAN_POINT ( 'NONE',  ( -20.87081398987924175, -31.76900820313986529, -24.99609034366541138 ) ) ;
#6549 = EDGE_CURVE ( 'NONE', #3295, #5147, #3782, .T. ) ;
#6550 = VECTOR ( 'NONE', #8462, 1000.000000000000000 ) ;
#6551 = CARTESIAN_POINT ( 'NONE',  ( -14.25000000000000000, -33.91424913319319501, 0.2936081260902128065 ) ) ;
#6552 = DIRECTION ( 'NONE',  ( 0.000000000000000000, -0.6427876096865348110, -0.7660444431189818992 ) ) ;
#6553 = CARTESIAN_POINT ( 'NONE',  ( -15.30620334063794274, -33.62830256264893336, -23.45590505856586816 ) ) ;
#6554 = CARTESIAN_POINT ( 'NONE',  ( -3.184081677783118191E-15, 0.5375364957382012809, -21.29634816116374907 ) ) ;
#6555 = ORIENTED_EDGE ( 'NONE', *, *, #4090, .F. ) ;
#6556 =( BOUNDED_SURFACE ( )  B_SPLINE_SURFACE ( 2, 3, ( 
 ( #1276, #559, #7979, #8770 ),
 ( #7362, #8646, #4686, #2611 ),
 ( #4639, #8686, #2570, #1317 ) ),
 .UNSPECIFIED., .F., .F., .F. ) 
 B_SPLINE_SURFACE_WITH_KNOTS ( ( 3, 3 ),
 ( 4, 4 ),
 ( 0.000000000000000000, 1.000000000000000000 ),
 ( 0.2377881707718043913, 0.2617948101735551036 ),
 .UNSPECIFIED. ) 
 GEOMETRIC_REPRESENTATION_ITEM ( )  RATIONAL_B_SPLINE_SURFACE ( (
 ( 1.000000000000000000, 1.000000000000000000, 1.000000000000000000, 1.000000000000000000),
 ( 0.6836549494005397243, 0.6843361309824168570, 0.6851200651980886569, 0.6860556961355879224),
 ( 1.000000000000000000, 1.000000000000000000, 1.000000000000000000, 1.000000000000000000) ) ) 
 REPRESENTATION_ITEM ( '' )  SURFACE ( )  );
#6557 = ORIENTED_EDGE ( 'NONE', *, *, #8134, .T. ) ;
#6558 = CARTESIAN_POINT ( 'NONE',  ( -10.48447168601375878, -67.51255360434782915, 29.70567073343264752 ) ) ;
#6559 = CARTESIAN_POINT ( 'NONE',  ( 6.000000000000005329, -117.8612591275757353, 25.25769654673742437 ) ) ;
#6560 = CARTESIAN_POINT ( 'NONE',  ( -14.47966652178310021, 14.37228165610531505, -21.29634816116374196 ) ) ;
#6561 = ADVANCED_FACE ( 'NONE', ( #8511 ), #3067, .T. ) ;
#6562 = CARTESIAN_POINT ( 'NONE',  ( -10.55000000000000071, 15.09691658955379623, 12.19454492654074684 ) ) ;
#6563 = ORIENTED_EDGE ( 'NONE', *, *, #2770, .F. ) ;
#6564 = DIRECTION ( 'NONE',  ( 0.000000000000000000, 0.9396926207859077618, -0.3420201433256705448 ) ) ;
#6565 = CARTESIAN_POINT ( 'NONE',  ( -4.400000000000000355, -119.5755209204604625, 23.59365460226408118 ) ) ;
#6566 = CARTESIAN_POINT ( 'NONE',  ( -17.73005051259273657, 21.47134054516793000, -45.29634816116374196 ) ) ;
#6567 = CARTESIAN_POINT ( 'NONE',  ( -19.65137614680149269, -58.57735115204015131, 19.00500654399214540 ) ) ;
#6568 = FACE_OUTER_BOUND ( 'NONE', #6917, .T. ) ;
#6569 = CARTESIAN_POINT ( 'NONE',  ( -14.09900358748085480, -53.23423536937436751, -12.27956573267440277 ) ) ;
#6570 = VERTEX_POINT ( 'NONE', #5853 ) ;
#6571 = CARTESIAN_POINT ( 'NONE',  ( -23.31600709075583922, 29.12998602498560174, -15.33983228723594472 ) ) ;
#6572 = CARTESIAN_POINT ( 'NONE',  ( -18.44999999999999929, -4.921752535625713243, -7.255575130684863261 ) ) ;
#6573 = DIRECTION ( 'NONE',  ( -0.000000000000000000, -0.9396926207859082059, 0.3420201433256692125 ) ) ;
#6574 = ORIENTED_EDGE ( 'NONE', *, *, #3772, .F. ) ;
#6575 = CARTESIAN_POINT ( 'NONE',  ( -1.128128408936458937, -35.55598260242622644, -22.22479917341791023 ) ) ;
#6576 = CARTESIAN_POINT ( 'NONE',  ( -5.999999999999998224, -121.1330780353519003, 32.03547454657584836 ) ) ;
#6577 = EDGE_CURVE ( 'NONE', #230, #1568, #7800, .T. ) ;
#6578 = LINE ( 'NONE', #7870, #3781 ) ;
#6579 = LINE ( 'NONE', #3768, #3397 ) ;
#6580 = EDGE_CURVE ( 'NONE', #6114, #3949, #5801, .T. ) ;
#6581 = LINE ( 'NONE', #5471, #8745 ) ;
#6582 = CARTESIAN_POINT ( 'NONE',  ( -16.46850821320301250, -71.84169335738617690, 24.53642597186346919 ) ) ;
#6583 = CARTESIAN_POINT ( 'NONE',  ( -12.37106005217770210, -15.15548523502088152, -44.81160011435697754 ) ) ;
#6584 = ORIENTED_EDGE ( 'NONE', *, *, #1530, .F. ) ;
#6585 = CARTESIAN_POINT ( 'NONE',  ( -22.02567167066570875, -36.17823496505037895, -15.06480666215174757 ) ) ;
#6586 = CARTESIAN_POINT ( 'NONE',  ( -11.96684170515585421, 16.82697074740551102, -45.16668424103311708 ) ) ;
#6587 = CARTESIAN_POINT ( 'NONE',  ( -15.00000000000000000, -89.96954021281580083, 29.99080047878761590 ) ) ;
#6588 = VERTEX_POINT ( 'NONE', #6508 ) ;
#6589 = CARTESIAN_POINT ( 'NONE',  ( -19.19860340506338403, -20.57279008854556679, -40.22482922281545115 ) ) ;
#6590 = EDGE_CURVE ( 'NONE', #7011, #4861, #7310, .T. ) ;
#6591 = CARTESIAN_POINT ( 'NONE',  ( -4.400000000000000355, -118.1390363184926713, 27.54036360956488849 ) ) ;
#6592 = EDGE_CURVE ( 'NONE', #5475, #7664, #1804, .T. ) ;
#6593 = DIRECTION ( 'NONE',  ( -1.084202172485504557E-16, -1.000000000000000000, 0.000000000000000000 ) ) ;
#6594 = CARTESIAN_POINT ( 'NONE',  ( -15.08988027025559653, -37.13003281655814902, -21.41637087004159667 ) ) ;
#6595 = DIRECTION ( 'NONE',  ( 0.000000000000000000, -0.6801788427515240709, -0.7330462071883311337 ) ) ;
#6596 = ORIENTED_EDGE ( 'NONE', *, *, #7491, .T. ) ;
#6597 = ORIENTED_EDGE ( 'NONE', *, *, #7943, .T. ) ;
#6598 = CARTESIAN_POINT ( 'NONE',  ( 0.000000000000000000, 31.91753551389348686, -13.34516491915146297 ) ) ;
#6599 = DIRECTION ( 'NONE',  ( -1.000000000000000000, 0.000000000000000000, 0.000000000000000000 ) ) ;
#6600 = LINE ( 'NONE', #7228, #6534 ) ;
#6601 = DIRECTION ( 'NONE',  ( 1.000000000000000000, 0.000000000000000000, 0.000000000000000000 ) ) ;
#6602 = CARTESIAN_POINT ( 'NONE',  ( -22.83101906800076364, -47.76978312703381135, -6.637430358678487963 ) ) ;
#6603 = CARTESIAN_POINT ( 'NONE',  ( -12.26553246215925697, -61.54773159441383967, 27.10066973267549884 ) ) ;
#6604 = CARTESIAN_POINT ( 'NONE',  ( 0.000000000000000000, -76.10435538319671878, 18.57016425251037717 ) ) ;
#6605 = CARTESIAN_POINT ( 'NONE',  ( -12.75000000000000000, -76.37521062310625553, 25.48216967743977079 ) ) ;
#6606 = DIRECTION ( 'NONE',  ( 0.000000000000000000, 0.7660444431189811221, -0.6427876096865354771 ) ) ;
#6607 = CARTESIAN_POINT ( 'NONE',  ( -21.28955169698174643, -40.19660542259499181, -20.19101164585843478 ) ) ;
#6608 = ORIENTED_EDGE ( 'NONE', *, *, #8743, .F. ) ;
#6609 = EDGE_CURVE ( 'NONE', #229, #6800, #1718, .T. ) ;
#6610 = CARTESIAN_POINT ( 'NONE',  ( -21.95774428851574811, -50.32471312447372469, 13.16548708608230278 ) ) ;
#6611 = AXIS2_PLACEMENT_3D ( 'NONE', #1258, #7695, #8351 ) ;
#6612 = CARTESIAN_POINT ( 'NONE',  ( 6.938893903907228378E-15, -116.1242084823501983, 39.94962174011556044 ) ) ;
#6613 = DIRECTION ( 'NONE',  ( 0.000000000000000000, 0.000000000000000000, -1.000000000000000000 ) ) ;
#6614 = ORIENTED_EDGE ( 'NONE', *, *, #4824, .F. ) ;
#6615 = FACE_OUTER_BOUND ( 'NONE', #6317, .T. ) ;
#6616 = CARTESIAN_POINT ( 'NONE',  ( -12.82225732803372331, -14.46026838231075828, -23.29634816116374907 ) ) ;
#6617 = VECTOR ( 'NONE', #885, 1000.000000000000000 ) ;
#6618 = DIRECTION ( 'NONE',  ( -1.000000000000000000, 0.000000000000000000, 0.000000000000000000 ) ) ;
#6619 = ADVANCED_FACE ( 'NONE', ( #1758 ), #4501, .F. ) ;
#6620 = CARTESIAN_POINT ( 'NONE',  ( -18.25000000000000000, 27.20581053509669189, -18.75923434280892721 ) ) ;
#6621 = CARTESIAN_POINT ( 'NONE',  ( 6.000000000000000000, -81.25785408221126715, 11.93452027621733080 ) ) ;
#6622 = CARTESIAN_POINT ( 'NONE',  ( -14.54589831027599445, -23.36917847927024638, -45.29634816116374907 ) ) ;
#6623 = VERTEX_POINT ( 'NONE', #7269 ) ;
#6624 = CARTESIAN_POINT ( 'NONE',  ( -14.24404440307433894, -13.62555846021908756, -21.66425576737555758 ) ) ;
#6625 = CIRCLE ( 'NONE', #5784, 20.50000000000009237 ) ;
#6626 = DIRECTION ( 'NONE',  ( -1.000000000000000000, 0.000000000000000000, 0.000000000000000000 ) ) ;
#6627 = CARTESIAN_POINT ( 'NONE',  ( -10.48447168601375878, -67.51255360434782915, 29.70567073343264752 ) ) ;
#6628 = ORIENTED_EDGE ( 'NONE', *, *, #1456, .T. ) ;
#6629 = EDGE_CURVE ( 'NONE', #395, #2328, #1207, .T. ) ;
#6630 = DIRECTION ( 'NONE',  ( 0.000000000000000000, 0.000000000000000000, -1.000000000000000000 ) ) ;
#6631 = ADVANCED_FACE ( 'NONE', ( #5893 ), #1129, .T. ) ;
#6632 = CARTESIAN_POINT ( 'NONE',  ( 0.000000000000000000, 0.5375364957382012809, -24.79634816116315221 ) ) ;
#6633 = CARTESIAN_POINT ( 'NONE',  ( -3.089670827592271518, -100.5187668141805517, 10.47024997053889273 ) ) ;
#6634 = EDGE_CURVE ( 'NONE', #1333, #4329, #5399, .T. ) ;
#6635 = CARTESIAN_POINT ( 'NONE',  ( -23.27520106189935234, -52.73727658701861287, -2.240780725800050277 ) ) ;
#6636 = LINE ( 'NONE', #336, #2944 ) ;
#6637 = VERTEX_POINT ( 'NONE', #1889 ) ;
#6638 = ORIENTED_EDGE ( 'NONE', *, *, #1703, .F. ) ;
#6639 = CIRCLE ( 'NONE', #1775, 4.000000000000000000 ) ;
#6640 = CARTESIAN_POINT ( 'NONE',  ( -15.00000000000000000, -96.27004511202133585, 21.97439099029267595 ) ) ;
#6641 = CARTESIAN_POINT ( 'NONE',  ( -14.99999999999920064, -108.0786334816344976, 46.25863204946822549 ) ) ;
#6642 = DIRECTION ( 'NONE',  ( 0.000000000000000000, -0.3420201433256692125, -0.9396926207859082059 ) ) ;
#6643 = EDGE_CURVE ( 'NONE', #3975, #7712, #1313, .T. ) ;
#6644 = CARTESIAN_POINT ( 'NONE',  ( -21.16028316371433604, -62.96368274094342610, -4.115590031632200940 ) ) ;
#6645 = AXIS2_PLACEMENT_3D ( 'NONE', #2522, #1170, #2478 ) ;
#6646 = DIRECTION ( 'NONE',  ( -0.000000000000000000, 0.3420201433256698231, 0.9396926207859080948 ) ) ;
#6647 = VECTOR ( 'NONE', #204, 1000.000000000000000 ) ;
#6648 = DIRECTION ( 'NONE',  ( -1.000000000000000000, -0.000000000000000000, -0.000000000000000000 ) ) ;
#6649 = CARTESIAN_POINT ( 'NONE',  ( 0.000000000000000000, -31.33745038076713740, -11.55973543455278296 ) ) ;
#6650 = EDGE_LOOP ( 'NONE', ( #2085, #8724, #8416, #6132, #5422 ) ) ;
#6651 = CARTESIAN_POINT ( 'NONE',  ( -14.09900358748084237, -53.23423536937384171, -12.27956573267485396 ) ) ;
#6652 = CARTESIAN_POINT ( 'NONE',  ( -15.00000000000000000, -126.4815295864666922, 36.45746411267435150 ) ) ;
#6653 = VECTOR ( 'NONE', #6731, 1000.000000000000114 ) ;
#6654 = CARTESIAN_POINT ( 'NONE',  ( -11.65000000000000036, 2.033428258510757480, -8.075790515642111700 ) ) ;
#6655 = VECTOR ( 'NONE', #4626, 1000.000000000000000 ) ;
#6656 = CARTESIAN_POINT ( 'NONE',  ( -15.00000000000000000, -94.34771466488518854, 20.65720517637857867 ) ) ;
#6657 = LINE ( 'NONE', #4396, #2075 ) ;
#6658 = CARTESIAN_POINT ( 'NONE',  ( -12.19083431668648387, -14.68197590742174441, -43.31921359157802698 ) ) ;
#6659 = ORIENTED_EDGE ( 'NONE', *, *, #504, .T. ) ;
#6660 = CARTESIAN_POINT ( 'NONE',  ( -22.20426836183338182, 31.24942237538027001, -15.75057263307835775 ) ) ;
#6661 = CARTESIAN_POINT ( 'NONE',  ( 23.44999999999999929, -23.46246350426182303, -45.29634816116374907 ) ) ;
#6662 = DIRECTION ( 'NONE',  ( 0.000000000000000000, 1.000000000000000000, 0.000000000000000000 ) ) ;
#6663 = EDGE_LOOP ( 'NONE', ( #6023, #1194, #8682, #1649, #1987, #4770, #161, #1695 ) ) ;
#6664 = CARTESIAN_POINT ( 'NONE',  ( -0.6339426659763810479, -34.13375993079959869, -23.11687874807917709 ) ) ;
#6665 = CARTESIAN_POINT ( 'NONE',  ( -15.00000000000000000, -96.76966523223754280, 22.29973616815027881 ) ) ;
#6666 = EDGE_CURVE ( 'NONE', #3518, #1994, #4241, .T. ) ;
#6667 = B_SPLINE_CURVE_WITH_KNOTS ( 'NONE', 3,
 ( #6108, #637, #8098, #3866, #8631, #4542, #3230, #4005, #2560, #6587 ),
 .UNSPECIFIED., .F., .F.,
 ( 4, 2, 2, 2, 4 ),
 ( 0.000000000000000000, 0.2500000000000000000, 0.5000000000000000000, 0.7500000000000000000, 1.000000000000000000 ),
 .UNSPECIFIED. ) ;
#6668 = CARTESIAN_POINT ( 'NONE',  ( -19.08985805587047224, 23.97934899639863815, -43.51543443242022846 ) ) ;
#6669 = CARTESIAN_POINT ( 'NONE',  ( -11.08387210771829423, -15.90961797580669312, -44.62968149449705635 ) ) ;
#6670 = CARTESIAN_POINT ( 'NONE',  ( -15.26230750847630091, -54.19020230263578242, -11.40436909585250902 ) ) ;
#6671 = CARTESIAN_POINT ( 'NONE',  ( -6.749269901708617958, -127.3562875011207467, 42.27491820436465275 ) ) ;
#6672 = ORIENTED_EDGE ( 'NONE', *, *, #3899, .T. ) ;
#6673 = VECTOR ( 'NONE', #7980, 1000.000000000000000 ) ;
#6674 = CARTESIAN_POINT ( 'NONE',  ( -13.01055518142983303, -14.35728331270658842, -22.65509845845604175 ) ) ;
#6675 = CARTESIAN_POINT ( 'NONE',  ( -16.13301656481101887, -79.56730169770409589, 13.42871031883971078 ) ) ;
#6676 = LINE ( 'NONE', #8718, #201 ) ;
#6677 = AXIS2_PLACEMENT_3D ( 'NONE', #3736, #3828, #5802 ) ;
#6678 = LINE ( 'NONE', #550, #2395 ) ;
#6679 = AXIS2_PLACEMENT_3D ( 'NONE', #7582, #5083, #6008 ) ;
#6680 = CARTESIAN_POINT ( 'NONE',  ( -12.06093296842889551, 15.86020181505339011, -43.74969130816808871 ) ) ;
#6681 =( BOUNDED_CURVE ( )  B_SPLINE_CURVE ( 3, ( #7606, #845, #2181, #4793 ),
 .UNSPECIFIED., .F., .F. ) 
 B_SPLINE_CURVE_WITH_KNOTS ( ( 4, 4 ),
 ( 1.396263401595470466, 1.835641623321454530 ),
 .UNSPECIFIED. ) 
 CURVE ( )  GEOMETRIC_REPRESENTATION_ITEM ( )  RATIONAL_B_SPLINE_CURVE ( ( 1.000000000000000000, 0.9839768315916366248, 0.9839768315916366248, 1.000000000000000000 ) ) 
 REPRESENTATION_ITEM ( '' )  );
#6682 = FACE_OUTER_BOUND ( 'NONE', #2588, .T. ) ;
#6683 = DIRECTION ( 'NONE',  ( 1.000000000000000000, 0.000000000000000000, 0.000000000000000000 ) ) ;
#6684 = EDGE_LOOP ( 'NONE', ( #3728, #7474, #7976, #6931 ) ) ;
#6685 = ORIENTED_EDGE ( 'NONE', *, *, #7991, .F. ) ;
#6686 = CARTESIAN_POINT ( 'NONE',  ( -15.47399955415469641, -12.76043421710478931, -21.31766673916837007 ) ) ;
#6687 = DIRECTION ( 'NONE',  ( 0.000000000000000000, -0.5057367576863224246, -0.8626878531223943769 ) ) ;
#6688 = AXIS2_PLACEMENT_3D ( 'NONE', #8419, #5177, #1751 ) ;
#6689 = EDGE_CURVE ( 'NONE', #5807, #5619, #802, .T. ) ;
#6690 = CARTESIAN_POINT ( 'NONE',  ( -5.999999999999998224, -6.012463504261799763, -11.42958778986839263 ) ) ;
#6691 = AXIS2_PLACEMENT_3D ( 'NONE', #5194, #432, #6601 ) ;
#6692 = EDGE_CURVE ( 'NONE', #5014, #4089, #14, .T. ) ;
#6693 = VERTEX_POINT ( 'NONE', #597 ) ;
#6694 = FACE_OUTER_BOUND ( 'NONE', #282, .T. ) ;
#6695 = CARTESIAN_POINT ( 'NONE',  ( -11.99999999999999645, -119.4571793330561178, 36.63996838842680859 ) ) ;
#6696 = DIRECTION ( 'NONE',  ( 0.000000000000000000, 0.000000000000000000, -1.000000000000000000 ) ) ;
#6697 = CARTESIAN_POINT ( 'NONE',  ( -18.94863938597315922, -17.09070428359137495, -42.82011976938764519 ) ) ;
#6698 = ORIENTED_EDGE ( 'NONE', *, *, #8042, .T. ) ;
#6699 = CIRCLE ( 'NONE', #5149, 2.000000000000000000 ) ;
#6700 = CARTESIAN_POINT ( 'NONE',  ( -12.07295503730226649, 16.67335395738949799, -45.10090930989132829 ) ) ;
#6701 = CARTESIAN_POINT ( 'NONE',  ( -6.268209039612823830, -78.84451084266640919, 2.614600949103436545 ) ) ;
#6702 = CARTESIAN_POINT ( 'NONE',  ( -14.09900358748084237, -53.23423536937384171, -12.27956573267485396 ) ) ;
#6703 = CARTESIAN_POINT ( 'NONE',  ( 0.000000000000000000, 0.000000000000000000, 0.000000000000000000 ) ) ;
#6704 = CARTESIAN_POINT ( 'NONE',  ( -22.43335127674605545, 17.45899774495662626, -21.29108252666150847 ) ) ;
#6705 = VERTEX_POINT ( 'NONE', #4052 ) ;
#6706 = ORIENTED_EDGE ( 'NONE', *, *, #3521, .T. ) ;
#6707 = DIRECTION ( 'NONE',  ( 1.000000000000000000, -0.000000000000000000, 0.000000000000000000 ) ) ;
#6708 = EDGE_CURVE ( 'NONE', #8501, #5542, #1222, .T. ) ;
#6709 = CARTESIAN_POINT ( 'NONE',  ( -4.934465383814659489, -90.38772566152134402, 40.46869169736481808 ) ) ;
#6710 = CARTESIAN_POINT ( 'NONE',  ( 41.21423633095623984, -38.85406476150464528, -13.76214029363365476 ) ) ;
#6711 = CARTESIAN_POINT ( 'NONE',  ( -14.99999999999999822, -104.7348418386155799, 33.12806783778555086 ) ) ;
#6712 = ORIENTED_EDGE ( 'NONE', *, *, #7622, .T. ) ;
#6713 = FACE_OUTER_BOUND ( 'NONE', #1287, .T. ) ;
#6714 = LINE ( 'NONE', #6898, #1933 ) ;
#6715 = VERTEX_POINT ( 'NONE', #5446 ) ;
#6716 = ADVANCED_FACE ( 'NONE', ( #5488 ), #8149, .T. ) ;
#6717 = CARTESIAN_POINT ( 'NONE',  ( -16.85919414827954554, -16.69346646696623182, -45.29634816116374907 ) ) ;
#6718 = CYLINDRICAL_SURFACE ( 'NONE', #4108, 49.99999999999999289 ) ;
#6719 = CARTESIAN_POINT ( 'NONE',  ( -7.703719777548943412E-31, -125.6822119262424025, 50.87769490003756090 ) ) ;
#6720 = CARTESIAN_POINT ( 'NONE',  ( -16.79144057184110039, -20.72220477196523802, -45.29634816116373486 ) ) ;
#6721 = ORIENTED_EDGE ( 'NONE', *, *, #24, .F. ) ;
#6722 = CARTESIAN_POINT ( 'NONE',  ( -15.39285803816467535, -12.82230178087270822, -21.32798935625200087 ) ) ;
#6723 = LINE ( 'NONE', #1307, #3804 ) ;
#6724 = CARTESIAN_POINT ( 'NONE',  ( -3.000000000000000888, -122.2275424939940365, 29.02845816006090374 ) ) ;
#6725 = EDGE_LOOP ( 'NONE', ( #2039, #5934, #5395, #5323, #6208, #2026 ) ) ;
#6726 = VERTEX_POINT ( 'NONE', #8723 ) ;
#6727 = EDGE_CURVE ( 'NONE', #1315, #4370, #3959, .T. ) ;
#6728 = CARTESIAN_POINT ( 'NONE',  ( -3.025367420339236002, -43.11520150610495961, 9.906627984094292572 ) ) ;
#6729 = CARTESIAN_POINT ( 'NONE',  ( -12.18715059426205016, 15.76000149238112158, -43.38655504786886041 ) ) ;
#6730 = CARTESIAN_POINT ( 'NONE',  ( -20.67867054853381603, -55.43311934778221683, 16.58429982411920633 ) ) ;
#6731 = DIRECTION ( 'NONE',  ( -0.000000000000000000, 0.1736481776669341892, 0.9848077530122073542 ) ) ;
#6732 = ORIENTED_EDGE ( 'NONE', *, *, #7133, .T. ) ;
#6733 = VERTEX_POINT ( 'NONE', #3414 ) ;
#6734 = B_SPLINE_CURVE_WITH_KNOTS ( 'NONE', 3,
 ( #3244, #2531, #8521, #7983 ),
 .UNSPECIFIED., .F., .F.,
 ( 4, 4 ),
 ( 0.000000000000000000, 1.000000000000000000 ),
 .UNSPECIFIED. ) ;
#6735 = CARTESIAN_POINT ( 'NONE',  ( -15.00000000000000000, -117.9482343767449919, 31.37372816442281831 ) ) ;
#6736 = CARTESIAN_POINT ( 'NONE',  ( -15.00000000000000000, -119.4282453521839358, 35.00974663818664823 ) ) ;
#6737 = CARTESIAN_POINT ( 'NONE',  ( -23.44990021699235072, 28.02667518938602242, -15.09691605036605111 ) ) ;
#6738 = ORIENTED_EDGE ( 'NONE', *, *, #6759, .T. ) ;
#6739 = CARTESIAN_POINT ( 'NONE',  ( -5.999999999999998224, -78.21670427218461441, 10.78275569109506016 ) ) ;
#6740 =( BOUNDED_SURFACE ( )  B_SPLINE_SURFACE ( 2, 3, ( 
 ( #8655, #5744, #5075, #986, #1656, #5280, #3721, #5952, #6445, #319, #7987, #3167 ),
 ( #1863, #5906, #8610, #4605, #8166, #8120, #7504, #1375, #4834, #2037, #660, #4117 ),
 ( #7600, #612, #1331, #6845, #2622, #7555, #8739, #2132, #8077, #6130, #5367, #3335 ) ),
 .UNSPECIFIED., .F., .F., .F. ) 
 B_SPLINE_SURFACE_WITH_KNOTS ( ( 3, 3 ),
 ( 4, 2, 2, 2, 2, 4 ),
 ( 0.000000000000000000, 1.000000000000000000 ),
 ( 0.01408271449371926651, 0.04897049674427830096, 0.08385827899483733194, 0.1187460612453963699, 0.1361899523706758819, 0.1536338434959554078 ),
 .UNSPECIFIED. ) 
 GEOMETRIC_REPRESENTATION_ITEM ( )  RATIONAL_B_SPLINE_SURFACE ( (
 ( 1.000000000000000000, 1.000000000000000000, 1.000000000000000000, 1.000000000000000000, 1.000000000000000000, 1.000000000000000000, 1.000000000000000000, 1.000000000000000000, 1.000000000000000000, 1.000000000000000000, 1.000000000000000000, 1.000000000000000000),
 ( 0.7071067811865474617, 0.7071067811865474617, 0.7071067811865475727, 0.7071067811865475727, 0.7071067811865475727, 0.7071067811865475727, 0.7071067811865474617, 0.7071067811865474617, 0.7071067811865475727, 0.7071067811865475727, 0.7071067811865475727, 0.7071067811865475727),
 ( 1.000000000000000000, 1.000000000000000000, 1.000000000000000000, 1.000000000000000000, 1.000000000000000000, 1.000000000000000000, 1.000000000000000000, 1.000000000000000000, 1.000000000000000000, 1.000000000000000000, 1.000000000000000000, 1.000000000000000000) ) ) 
 REPRESENTATION_ITEM ( '' )  SURFACE ( )  );
#6741 = CARTESIAN_POINT ( 'NONE',  ( -4.553157690273145874, 33.01173391841426508, -15.58567747617491506 ) ) ;
#6742 = CARTESIAN_POINT ( 'NONE',  ( 0.000000000000000000, 24.53753649573820184, -45.29634816116374196 ) ) ;
#6743 = LINE ( 'NONE', #1370, #3391 ) ;
#6744 = VERTEX_POINT ( 'NONE', #643 ) ;
#6745 = EDGE_CURVE ( 'NONE', #2093, #1504, #2020, .T. ) ;
#6746 = CARTESIAN_POINT ( 'NONE',  ( -12.43553216281913443, 16.13257180562439785, -44.72122049299019153 ) ) ;
#6747 = B_SPLINE_CURVE_WITH_KNOTS ( 'NONE', 3,
 ( #4604, #4744, #33, #571, #7326, #8165, #1186, #526, #6081, #3382, #7376, #3251, #8119, #6129, #5995, #5463, #8830, #8696, #2717, #1329, #2036, #2579, #5319, #4785, #1998, #8026, #1907, #1237, #3982, #6702 ),
 .UNSPECIFIED., .F., .F.,
 ( 4, 2, 2, 2, 2, 2, 2, 2, 2, 2, 2, 2, 2, 2, 4 ),
 ( 0.000000000000000000, 0.1000000000000001027, 0.1499999999999999944, 0.2000000000000002054, 0.2500000000000001110, 0.2999999999999999889, 0.4000000000000000777, 0.5000000000000002220, 0.5500000000000003775, 0.6000000000000003109, 0.7000000000000003997, 0.8000000000000001554, 0.9000000000000002442, 0.9500000000000000666, 1.000000000000000000 ),
 .UNSPECIFIED. ) ;
#6748 = CARTESIAN_POINT ( 'NONE',  ( -15.12130408122769154, -84.65021609391138213, 28.37852982225972553 ) ) ;
#6749 = DIRECTION ( 'NONE',  ( 0.000000000000000000, -0.1736481776669232535, -0.9848077530122092416 ) ) ;
#6750 = DIRECTION ( 'NONE',  ( 0.000000000000000000, 0.000000000000000000, 1.000000000000000000 ) ) ;
#6751 = CARTESIAN_POINT ( 'NONE',  ( -17.73005051259273657, 21.47134054516793000, -45.29634816116374196 ) ) ;
#6752 = EDGE_LOOP ( 'NONE', ( #1165, #6964 ) ) ;
#6753 = EDGE_CURVE ( 'NONE', #3975, #5029, #7354, .T. ) ;
#6754 = VERTEX_POINT ( 'NONE', #2703 ) ;
#6755 = EDGE_CURVE ( 'NONE', #868, #8734, #6372, .T. ) ;
#6756 = CARTESIAN_POINT ( 'NONE',  ( -15.00000000000000000, -106.0414514223443092, 33.23930582977126846 ) ) ;
#6757 = PRODUCT_DEFINITION_CONTEXT ( 'detailed design', #8827, 'design' ) ;
#6758 = CARTESIAN_POINT ( 'NONE',  ( -2.999999999999999556, -123.6640270959618420, 25.08174915276002537 ) ) ;
#6759 = EDGE_CURVE ( 'NONE', #8584, #402, #8815, .T. ) ;
#6760 = CARTESIAN_POINT ( 'NONE',  ( 0.000000000000000000, -121.2461817701687323, 37.29111202456548568 ) ) ;
#6761 = CARTESIAN_POINT ( 'NONE',  ( -20.23105298398809992, -56.84697157599856610, 17.72661140917833933 ) ) ;
#6762 = EDGE_CURVE ( 'NONE', #6913, #1406, #3941, .T. ) ;
#6763 = VERTEX_POINT ( 'NONE', #2657 ) ;
#6764 = DIRECTION ( 'NONE',  ( 0.000000000000000000, -0.1736481776669232535, -0.9848077530122092416 ) ) ;
#6765 = CARTESIAN_POINT ( 'NONE',  ( -2.288833772969503411, -109.2179467312053873, 14.85253907440456977 ) ) ;
#6766 = ORIENTED_EDGE ( 'NONE', *, *, #2761, .F. ) ;
#6767 = EDGE_CURVE ( 'NONE', #352, #2292, #6472, .T. ) ;
#6768 = AXIS2_PLACEMENT_3D ( 'NONE', #6269, #6308, #2184 ) ;
#6769 = CYLINDRICAL_SURFACE ( 'NONE', #4251, 2.000000000000001776 ) ;
#6770 = FACE_OUTER_BOUND ( 'NONE', #8231, .T. ) ;
#6771 = CARTESIAN_POINT ( 'NONE',  ( -23.01068844095272681, -49.69387347628757823, -4.874037137159397126 ) ) ;
#6772 = CARTESIAN_POINT ( 'NONE',  ( -14.24999999999999822, 30.63728543497760270, -13.11942228818445599 ) ) ;
#6773 = ORIENTED_EDGE ( 'NONE', *, *, #8782, .T. ) ;
#6774 = AXIS2_PLACEMENT_3D ( 'NONE', #7731, #262, #2992 ) ;
#6775 = CARTESIAN_POINT ( 'NONE',  ( -13.69875924012647239, -13.96335773133121982, -21.97275567917452932 ) ) ;
#6776 = CARTESIAN_POINT ( 'NONE',  ( -16.56999303613046948, -81.01410668308584206, 2.909620740086306778 ) ) ;
#6777 = DIRECTION ( 'NONE',  ( 1.000000000000000000, -0.000000000000000000, -0.000000000000000000 ) ) ;
#6778 = CARTESIAN_POINT ( 'NONE',  ( -14.90685268092943261, -13.07582444887822604, -21.29634816116375262 ) ) ;
#6779 = CARTESIAN_POINT ( 'NONE',  ( -11.17787077463586520, 16.51586486763838479, -44.27602667930935354 ) ) ;
#6780 = CARTESIAN_POINT ( 'NONE',  ( -13.47066187194154097, -58.40504062752506087, -7.940744947670686393 ) ) ;
#6781 = DIRECTION ( 'NONE',  ( 0.000000000000000000, 0.000000000000000000, -1.000000000000000000 ) ) ;
#6782 = EDGE_LOOP ( 'NONE', ( #4636, #1434, #5413, #2751 ) ) ;
#6783 = ORIENTED_EDGE ( 'NONE', *, *, #4409, .F. ) ;
#6784 = CARTESIAN_POINT ( 'NONE',  ( -15.00000000000000000, -109.3281655742330116, 33.58559679586905133 ) ) ;
#6785 = VECTOR ( 'NONE', #5166, 999.9999999999998863 ) ;
#6786 = CARTESIAN_POINT ( 'NONE',  ( 0.000000000000000000, -133.7038235893525382, 48.66421199410356735 ) ) ;
#6787 = ORIENTED_EDGE ( 'NONE', *, *, #1201, .F. ) ;
#6788 = CARTESIAN_POINT ( 'NONE',  ( -5.999999999999998224, -54.60113403017650313, -5.910972413209566234 ) ) ;
#6789 = CARTESIAN_POINT ( 'NONE',  ( -15.79999999999999893, -66.93444956439211069, 4.437908102743637784 ) ) ;
#6790 = LINE ( 'NONE', #3427, #391 ) ;
#6791 = CIRCLE ( 'NONE', #5092, 1.700000000000010614 ) ;
#6792 = EDGE_LOOP ( 'NONE', ( #3506, #1017, #663, #1417, #6374 ) ) ;
#6793 = CARTESIAN_POINT ( 'NONE',  ( -11.93121423963052763, 16.87808613834609872, -45.18526258736621770 ) ) ;
#6794 = CARTESIAN_POINT ( 'NONE',  ( -17.61817447802842906, -75.52279487660989332, 1.992966352848965617 ) ) ;
#6795 = DIRECTION ( 'NONE',  ( -1.000000000000000000, -0.000000000000000000, 0.000000000000000000 ) ) ;
#6796 =( BOUNDED_CURVE ( )  B_SPLINE_CURVE ( 2, ( #1388, #6140, #4173 ),
 .UNSPECIFIED., .F., .F. ) 
 B_SPLINE_CURVE_WITH_KNOTS ( ( 3, 3 ),
 ( 0.000000000000000000, 1.000000000000000000 ),
 .UNSPECIFIED. ) 
 CURVE ( )  GEOMETRIC_REPRESENTATION_ITEM ( )  RATIONAL_B_SPLINE_CURVE ( ( 1.000000000000000000, 0.6984180809158440084, 1.000000000000000000 ) ) 
 REPRESENTATION_ITEM ( '' )  );
#6797 = CARTESIAN_POINT ( 'NONE',  ( -11.67464919913904886, -15.08149340846208730, -44.11155774366553572 ) ) ;
#6798 = CIRCLE ( 'NONE', #5524, 1.000000000000000888 ) ;
#6799 = VERTEX_POINT ( 'NONE', #4816 ) ;
#6800 = VERTEX_POINT ( 'NONE', #732 ) ;
#6801 = ADVANCED_FACE ( 'NONE', ( #6064 ), #3458, .F. ) ;
#6802 = DIRECTION ( 'NONE',  ( 0.1251691050984282405, 7.171169197878868078E-17, -0.9921354217690540045 ) ) ;
#6803 = CARTESIAN_POINT ( 'NONE',  ( -4.792071102610903743, -91.22629288398167091, 40.87561440479991859 ) ) ;
#6804 = VECTOR ( 'NONE', #509, 1000.000000000000000 ) ;
#6805 = FACE_OUTER_BOUND ( 'NONE', #1747, .T. ) ;
#6806 = CARTESIAN_POINT ( 'NONE',  ( -12.39922494747288262, -14.60880496767662251, -23.29634816116374907 ) ) ;
#6807 = ORIENTED_EDGE ( 'NONE', *, *, #3389, .T. ) ;
#6808 = LINE ( 'NONE', #8708, #3474 ) ;
#6809 = DIRECTION ( 'NONE',  ( 1.000000000000000000, -0.000000000000000000, -0.000000000000000000 ) ) ;
#6810 = ORIENTED_EDGE ( 'NONE', *, *, #360, .F. ) ;
#6811 = EDGE_LOOP ( 'NONE', ( #242, #3920, #8133, #2456 ) ) ;
#6812 = ADVANCED_FACE ( 'NONE', ( #5305 ), #4727, .T. ) ;
#6813 = ADVANCED_FACE ( 'NONE', ( #5584, #4362 ), #3504, .T. ) ;
#6814 = CARTESIAN_POINT ( 'NONE',  ( -21.44999999999999574, -38.54927497525915925, 5.680307991813230650 ) ) ;
#6815 = DIRECTION ( 'NONE',  ( 0.1251691050984282405, 3.585584598939436011E-16, -0.9921354217690540045 ) ) ;
#6816 = LINE ( 'NONE', #3896, #2208 ) ;
#6817 = ORIENTED_EDGE ( 'NONE', *, *, #2535, .F. ) ;
#6818 = AXIS2_PLACEMENT_3D ( 'NONE', #4615, #627, #7338 ) ;
#6819 = CIRCLE ( 'NONE', #238, 7.000000000000000000 ) ;
#6820 = CARTESIAN_POINT ( 'NONE',  ( -12.81213267600957550, 15.54374495023307823, -43.47676193468674910 ) ) ;
#6821 = VERTEX_POINT ( 'NONE', #5536 ) ;
#6822 = DIRECTION ( 'NONE',  ( 0.000000000000000000, -0.6427876096865405842, -0.7660444431189770143 ) ) ;
#6823 = CARTESIAN_POINT ( 'NONE',  ( -9.099999999999999645, -69.02821919591445976, 13.76615170645137987 ) ) ;
#6824 = CARTESIAN_POINT ( 'NONE',  ( -13.79342854345771663, -56.58780485939625038, -9.465586810469710954 ) ) ;
#6825 = CARTESIAN_POINT ( 'NONE',  ( -16.11716322512130617, -74.13916700189051312, 25.07466987467967101 ) ) ;
#6826 = ORIENTED_EDGE ( 'NONE', *, *, #3940, .T. ) ;
#6827 = CARTESIAN_POINT ( 'NONE',  ( -14.99999999999999822, -119.8324386568265538, 49.14002581033751227 ) ) ;
#6828 = VECTOR ( 'NONE', #7936, 1000.000000000000000 ) ;
#6829 = CARTESIAN_POINT ( 'NONE',  ( -4.400000000000000355, -135.9270157972179902, 29.54511202316014007 ) ) ;
#6830 = ADVANCED_FACE ( 'NONE', ( #4907 ), #7749, .T. ) ;
#6831 = VERTEX_POINT ( 'NONE', #2970 ) ;
#6832 = DIRECTION ( 'NONE',  ( 0.000000000000000000, 0.000000000000000000, -1.000000000000000000 ) ) ;
#6833 = DIRECTION ( 'NONE',  ( 0.000000000000000000, 0.000000000000000000, -1.000000000000000000 ) ) ;
#6834 = VECTOR ( 'NONE', #195, 1000.000000000000000 ) ;
#6835 = CARTESIAN_POINT ( 'NONE',  ( 0.000000000000000000, -120.4859869534280250, 49.30024030737046559 ) ) ;
#6836 = EDGE_CURVE ( 'NONE', #4351, #3279, #1217, .T. ) ;
#6837 = CARTESIAN_POINT ( 'NONE',  ( -3.047694877180502360, -101.7075048365694698, 44.69097266409707458 ) ) ;
#6838 = CARTESIAN_POINT ( 'NONE',  ( -9.099999999999999645, -71.59936963466060433, 10.70197393397544339 ) ) ;
#6839 = AXIS2_PLACEMENT_3D ( 'NONE', #1356, #641, #8813 ) ;
#6840 = ORIENTED_EDGE ( 'NONE', *, *, #677, .F. ) ;
#6841 = CARTESIAN_POINT ( 'NONE',  ( -12.71170095441657999, 15.70353179235952545, -44.09514071171043526 ) ) ;
#6842 = VECTOR ( 'NONE', #6646, 999.9999999999998863 ) ;
#6843 = DIRECTION ( 'NONE',  ( 0.000000000000000000, -0.7660444431189812331, 0.6427876096865353661 ) ) ;
#6844 = FACE_OUTER_BOUND ( 'NONE', #5311, .T. ) ;
#6845 = CARTESIAN_POINT ( 'NONE',  ( -1.033664157649757387, -132.9772188151644912, 20.87278624234435398 ) ) ;
#6846 = FACE_OUTER_BOUND ( 'NONE', #3261, .T. ) ;
#6847 = ORIENTED_EDGE ( 'NONE', *, *, #300, .F. ) ;
#6848 = ORIENTED_EDGE ( 'NONE', *, *, #4136, .F. ) ;
#6849 = CARTESIAN_POINT ( 'NONE',  ( -15.00000000000000000, -123.1299949735039974, 35.68862825949813100 ) ) ;
#6850 = VECTOR ( 'NONE', #2388, 1000.000000000000000 ) ;
#6851 = ADVANCED_FACE ( 'NONE', ( #4281, #188 ), #5712, .T. ) ;
#6852 = CARTESIAN_POINT ( 'NONE',  ( -14.99999999999777955, -102.6009363840883708, 44.94644214778368507 ) ) ;
#6853 = DIRECTION ( 'NONE',  ( -0.02224014068614567005, 0.9997526574819696199, 1.337493373819828587E-16 ) ) ;
#6854 = DIRECTION ( 'NONE',  ( -1.000000000000000000, -0.000000000000000000, -0.000000000000000000 ) ) ;
#6855 = DIRECTION ( 'NONE',  ( 0.000000000000000000, -1.000000000000000000, 0.000000000000000000 ) ) ;
#6856 = ORIENTED_EDGE ( 'NONE', *, *, #3461, .T. ) ;
#6857 = PLANE ( 'NONE',  #4917 ) ;
#6858 = CARTESIAN_POINT ( 'NONE',  ( -15.00000000000000000, -125.6822119262423740, 50.87769490003756800 ) ) ;
#6859 = B_SPLINE_CURVE_WITH_KNOTS ( 'NONE', 3,
 ( #4862, #4315, #8283, #7580 ),
 .UNSPECIFIED., .F., .F.,
 ( 4, 4 ),
 ( 0.000000000000000000, 1.000000000000000000 ),
 .UNSPECIFIED. ) ;
#6860 = ORIENTED_EDGE ( 'NONE', *, *, #1655, .T. ) ;
#6861 = ORIENTED_EDGE ( 'NONE', *, *, #681, .T. ) ;
#6862 = CARTESIAN_POINT ( 'NONE',  ( -22.30387827866600503, 17.91757756598603279, -22.39819215002520281 ) ) ;
#6863 = CARTESIAN_POINT ( 'NONE',  ( 0.000000000000000000, -50.09526626644275638, 16.41630139475327965 ) ) ;
#6864 = ORIENTED_EDGE ( 'NONE', *, *, #5568, .F. ) ;
#6865 = EDGE_CURVE ( 'NONE', #3813, #1591, #3685, .T. ) ;
#6866 = ORIENTED_EDGE ( 'NONE', *, *, #6528, .F. ) ;
#6867 = ADVANCED_FACE ( 'NONE', ( #6242 ), #4865, .T. ) ;
#6868 = CARTESIAN_POINT ( 'NONE',  ( -13.47056855496074412, -13.76783869350101419, -21.29633498043717310 ) ) ;
#6869 = CARTESIAN_POINT ( 'NONE',  ( -13.01055518142989698, 15.43235630418297788, -22.65509845845604175 ) ) ;
#6870 = ADVANCED_FACE ( 'NONE', ( #5039 ), #2251, .F. ) ;
#6871 = DIRECTION ( 'NONE',  ( 1.000000000000000000, 0.000000000000000000, 0.000000000000000000 ) ) ;
#6872 = VERTEX_POINT ( 'NONE', #951 ) ;
#6873 = B_SPLINE_CURVE_WITH_KNOTS ( 'NONE', 3,
 ( #6541, #8670, #6670, #7257, #5921, #2556, #4619, #8545, #2424, #5173, #4487, #5212, #8713, #4671, #542, #8092, #131, #7438, #2595, #5336, #2691, #3355, #6982, #5647, #7609, #6771 ),
 .UNSPECIFIED., .F., .F.,
 ( 4, 2, 2, 2, 2, 2, 1, 1, 2, 2, 2, 2, 2, 4 ),
 ( 0.000000000000000000, 0.1249999999999945044, 0.2499999999999890088, 0.3749999999999835132, 0.4374999999999809042, 0.4687499999999795164, 0.4843749999999789058, 0.4921874999999786282, 0.4960937499999786282, 0.4999999999999785727, 0.6249999999999839018, 0.7499999999999893419, 0.8749999999999946709, 1.000000000000000000 ),
 .UNSPECIFIED. ) ;
#6874 = ORIENTED_EDGE ( 'NONE', *, *, #4131, .T. ) ;
#6875 = CARTESIAN_POINT ( 'NONE',  ( -15.90000000000001101, 0.5375364957381988384, -18.29634816116374907 ) ) ;
#6876 = CARTESIAN_POINT ( 'NONE',  ( -15.72739039502742209, -77.24642305143443366, 26.04948562518106669 ) ) ;
#6877 = ORIENTED_EDGE ( 'NONE', *, *, #1875, .T. ) ;
#6878 = CARTESIAN_POINT ( 'NONE',  ( -6.148055612555610061, -79.25245998215186205, 2.675510928126931809 ) ) ;
#6879 = CARTESIAN_POINT ( 'NONE',  ( -15.30620334063794274, -33.62830256264893336, -23.45590505856586816 ) ) ;
#6880 = ADVANCED_FACE ( 'NONE', ( #1537 ), #7084, .F. ) ;
#6881 = CARTESIAN_POINT ( 'NONE',  ( -6.000000000000000000, 0.000000000000000000, 0.000000000000000000 ) ) ;
#6882 = CARTESIAN_POINT ( 'NONE',  ( -19.65137614678898359, -86.78479415594772206, -41.12892836336479974 ) ) ;
#6883 = CARTESIAN_POINT ( 'NONE',  ( -4.962683248572650641, -90.24870506460183606, 40.40020722091550454 ) ) ;
#6884 = ORIENTED_EDGE ( 'NONE', *, *, #5578, .T. ) ;
#6885 = CARTESIAN_POINT ( 'NONE',  ( -11.60494623784883395, 17.33594753915444997, -45.28880826266316717 ) ) ;
#6886 = FACE_OUTER_BOUND ( 'NONE', #265, .T. ) ;
#6887 = CARTESIAN_POINT ( 'NONE',  ( -16.62831831183511255, -80.66479089820653314, 2.877765266139029610 ) ) ;
#6888 = CARTESIAN_POINT ( 'NONE',  ( 0.000000000000000000, -46.00175890828305825, -11.66920211694405296 ) ) ;
#6889 = CARTESIAN_POINT ( 'NONE',  ( -12.80069133473664600, -14.48697445318985011, -43.61174070877564901 ) ) ;
#6890 = ORIENTED_EDGE ( 'NONE', *, *, #6755, .F. ) ;
#6891 = ORIENTED_EDGE ( 'NONE', *, *, #6590, .T. ) ;
#6892 = DIRECTION ( 'NONE',  ( -0.000000000000000000, -0.000000000000000000, -1.000000000000000000 ) ) ;
#6893 = CARTESIAN_POINT ( 'NONE',  ( -4.650400297784932135, -92.04613616433483969, 41.25624586320131471 ) ) ;
#6894 = LINE ( 'NONE', #7512, #5095 ) ;
#6895 = PLANE ( 'NONE',  #3189 ) ;
#6896 = ORIENTED_EDGE ( 'NONE', *, *, #306, .T. ) ;
#6897 = CARTESIAN_POINT ( 'NONE',  ( -18.44999999999999218, 29.59942153318571911, -6.336145902737857938 ) ) ;
#6898 = CARTESIAN_POINT ( 'NONE',  ( 0.000000000000000000, 40.26511950760994552, -14.81706920097372659 ) ) ;
#6899 = VERTEX_POINT ( 'NONE', #150 ) ;
#6900 = ORIENTED_EDGE ( 'NONE', *, *, #7360, .T. ) ;
#6901 = CARTESIAN_POINT ( 'NONE',  ( -20.35288854412480219, 14.05610235063749336, -21.36031500658735283 ) ) ;
#6902 = DIRECTION ( 'NONE',  ( 0.000000000000000000, 0.000000000000000000, 1.000000000000000000 ) ) ;
#6903 = VERTEX_POINT ( 'NONE', #59 ) ;
#6904 = CARTESIAN_POINT ( 'NONE',  ( -13.54921296899220984, -13.48785508755927154, -20.84820957030796507 ) ) ;
#6905 = CARTESIAN_POINT ( 'NONE',  ( -23.45573408104995394, 28.03636386174639128, -15.05238311641965687 ) ) ;
#6906 = ORIENTED_EDGE ( 'NONE', *, *, #7018, .F. ) ;
#6907 = ADVANCED_FACE ( 'NONE', ( #7000 ), #774, .F. ) ;
#6908 = CARTESIAN_POINT ( 'NONE',  ( -15.00000000000000000, -120.9908876172331560, 32.01899700529308035 ) ) ;
#6909 = VECTOR ( 'NONE', #6521, 1000.000000000000000 ) ;
#6910 = CARTESIAN_POINT ( 'NONE',  ( -12.46895110751318647, 15.53016839124775927, -22.11845563975744255 ) ) ;
#6911 = CARTESIAN_POINT ( 'NONE',  ( -20.34192880819632521, -56.50721602861135295, 17.45754806484924515 ) ) ;
#6912 = CARTESIAN_POINT ( 'NONE',  ( -5.999999999999998224, -122.9523421383642727, 24.82271701201955949 ) ) ;
#6913 = VERTEX_POINT ( 'NONE', #6912 ) ;
#6914 = EDGE_LOOP ( 'NONE', ( #8189, #7152, #6407, #2348 ) ) ;
#6915 = CARTESIAN_POINT ( 'NONE',  ( -13.28480771056362109, 15.27963025806919717, -22.31116282529315242 ) ) ;
#6916 = CARTESIAN_POINT ( 'NONE',  ( 0.000000000000000000, -124.4758996252395917, 18.76861490077999406 ) ) ;
#6917 = EDGE_LOOP ( 'NONE', ( #4069, #2582, #2971, #4166 ) ) ;
#6918 = ADVANCED_FACE ( 'NONE', ( #7627 ), #4997, .F. ) ;
#6919 = CARTESIAN_POINT ( 'NONE',  ( -10.48447168601375878, -67.51255360434782915, 29.70567073343264752 ) ) ;
#6920 = EDGE_CURVE ( 'NONE', #2160, #8456, #3821, .T. ) ;
#6921 = DIRECTION ( 'NONE',  ( -1.000000000000000000, 0.000000000000000000, 0.000000000000000000 ) ) ;
#6922 = CARTESIAN_POINT ( 'NONE',  ( -12.89256779264288433, -14.09257709298555206, -21.46765821339136338 ) ) ;
#6923 = DIRECTION ( 'NONE',  ( 1.000000000000000000, 0.000000000000000000, -0.000000000000000000 ) ) ;
#6924 = ORIENTED_EDGE ( 'NONE', *, *, #6865, .T. ) ;
#6925 = EDGE_CURVE ( 'NONE', #1902, #3338, #3727, .T. ) ;
#6926 = CARTESIAN_POINT ( 'NONE',  ( -21.56663957331940651, -16.85692231816131681, -22.11012916387558391 ) ) ;
#6927 = CARTESIAN_POINT ( 'NONE',  ( -21.67822908354408185, -16.48572544864677170, -21.29108252665573175 ) ) ;
#6928 = DIRECTION ( 'NONE',  ( -0.000000000000000000, 0.7660444431189817882, -0.6427876096865347000 ) ) ;
#6929 = FACE_OUTER_BOUND ( 'NONE', #7392, .T. ) ;
#6930 = ORIENTED_EDGE ( 'NONE', *, *, #1977, .F. ) ;
#6931 = ORIENTED_EDGE ( 'NONE', *, *, #5453, .T. ) ;
#6932 = LINE ( 'NONE', #5732, #4421 ) ;
#6933 = CARTESIAN_POINT ( 'NONE',  ( -15.00000000000130917, -91.95517276169655929, 41.24084917902895597 ) ) ;
#6934 = DIRECTION ( 'NONE',  ( 1.000000000000000000, -0.000000000000000000, -0.000000000000000000 ) ) ;
#6935 = VECTOR ( 'NONE', #6599, 1000.000000000000000 ) ;
#6936 = LINE ( 'NONE', #169, #762 ) ;
#6937 = ORIENTED_EDGE ( 'NONE', *, *, #8588, .F. ) ;
#6938 = LINE ( 'NONE', #4536, #49 ) ;
#6939 = CARTESIAN_POINT ( 'NONE',  ( -22.04677019118922487, -36.70754567823840375, -14.80424042739088009 ) ) ;
#6940 = CIRCLE ( 'NONE', #7206, 1.699999999999998401 ) ;
#6941 = CARTESIAN_POINT ( 'NONE',  ( -14.40763592226072198, -45.32301162229980918, -17.71882331654046183 ) ) ;
#6942 = VERTEX_POINT ( 'NONE', #992 ) ;
#6943 = ADVANCED_FACE ( 'NONE', ( #3770 ), #8454, .F. ) ;
#6944 = AXIS2_PLACEMENT_3D ( 'NONE', #7223, #1089, #3830 ) ;
#6945 = VECTOR ( 'NONE', #4102, 1000.000000000000000 ) ;
#6946 = CARTESIAN_POINT ( 'NONE',  ( -19.08726085664622474, -14.46246350426197758, -23.29634816116374907 ) ) ;
#6947 = CARTESIAN_POINT ( 'NONE',  ( -12.18990465993728201, -14.68272072496451841, -43.34192680389767816 ) ) ;
#6948 = EDGE_LOOP ( 'NONE', ( #5066, #3367, #7409, #6092 ) ) ;
#6949 = CARTESIAN_POINT ( 'NONE',  ( -6.000000000000000000, -1.319726150268616616, -7.484538922892792101 ) ) ;
#6950 = CARTESIAN_POINT ( 'NONE',  ( -12.26537268658029767, -14.62197947640173723, -22.68138828553304620 ) ) ;
#6951 = AXIS2_PLACEMENT_3D ( 'NONE', #8058, #1491, #7039 ) ;
#6952 = EDGE_CURVE ( 'NONE', #8140, #1206, #451, .T. ) ;
#6953 = DIRECTION ( 'NONE',  ( -1.000000000000000000, -0.000000000000000000, 0.000000000000000000 ) ) ;
#6954 = ORIENTED_EDGE ( 'NONE', *, *, #1107, .T. ) ;
#6955 = CARTESIAN_POINT ( 'NONE',  ( -17.50565447944406827, -23.81117149923301568, -43.48294845704389644 ) ) ;
#6956 = ADVANCED_FACE ( 'NONE', ( #4537 ), #5843, .T. ) ;
#6957 = CARTESIAN_POINT ( 'NONE',  ( -12.28070532606821530, 15.68464101142072842, -22.62209774381062388 ) ) ;
#6958 = CARTESIAN_POINT ( 'NONE',  ( 0.000000000000000000, -138.6721633577474506, 35.01381066826016308 ) ) ;
#6959 = CARTESIAN_POINT ( 'NONE',  ( -14.09999999999999964, 0.000000000000000000, 0.000000000000000000 ) ) ;
#6960 = ORIENTED_EDGE ( 'NONE', *, *, #3039, .T. ) ;
#6961 = EDGE_LOOP ( 'NONE', ( #1544, #3783, #4408, #939 ) ) ;
#6962 = DIRECTION ( 'NONE',  ( 0.000000000000000000, 0.000000000000000000, -1.000000000000000000 ) ) ;
#6963 = PLANE ( 'NONE',  #1198 ) ;
#6964 = ORIENTED_EDGE ( 'NONE', *, *, #504, .F. ) ;
#6965 = CARTESIAN_POINT ( 'NONE',  ( 0.000000000000000000, -60.96200874009102222, 17.04943361583019623 ) ) ;
#6966 = DIRECTION ( 'NONE',  ( 1.000000000000000000, 0.000000000000000000, 0.000000000000000000 ) ) ;
#6967 = LINE ( 'NONE', #114, #6988 ) ;
#6968 = CARTESIAN_POINT ( 'NONE',  ( -12.00000000000008704, -121.1330780353519003, 32.03547454657585547 ) ) ;
#6969 = CARTESIAN_POINT ( 'NONE',  ( -15.36421421055057124, -31.74791632362289207, -25.01916795971795082 ) ) ;
#6970 = VERTEX_POINT ( 'NONE', #7209 ) ;
#6971 = CARTESIAN_POINT ( 'NONE',  ( -22.05467413601620663, -12.51336385184712086, -19.00767794529165400 ) ) ;
#6972 = EDGE_CURVE ( 'NONE', #5307, #1105, #6083, .T. ) ;
#6973 = VECTOR ( 'NONE', #4827, 1000.000000000000000 ) ;
#6974 = CARTESIAN_POINT ( 'NONE',  ( -5.969771146047200716, -84.87245564408929965, 37.75175343073422596 ) ) ;
#6975 = CARTESIAN_POINT ( 'NONE',  ( -20.34495672306512759, 13.53753649573836704, -21.29634816116374907 ) ) ;
#6976 = CARTESIAN_POINT ( 'NONE',  ( -12.27334915806638627, -15.30247509771331060, -44.92676732616982349 ) ) ;
#6977 = ORIENTED_EDGE ( 'NONE', *, *, #1201, .T. ) ;
#6978 = CARTESIAN_POINT ( 'NONE',  ( -16.87146922001542748, -17.12414052807964993, -45.29634816116374907 ) ) ;
#6979 = AXIS2_PLACEMENT_3D ( 'NONE', #640, #6109, #6822 ) ;
#6980 = CARTESIAN_POINT ( 'NONE',  ( -5.785511251114816567, -85.89756278093665287, 38.25674281451664882 ) ) ;
#6981 = CARTESIAN_POINT ( 'NONE',  ( -3.120964222062970528, -100.2237600150156851, 10.29154079736028748 ) ) ;
#6982 = CARTESIAN_POINT ( 'NONE',  ( -22.53105566300504137, -50.95783830182588048, -6.539929235140999886 ) ) ;
#6983 = ORIENTED_EDGE ( 'NONE', *, *, #3834, .T. ) ;
#6984 = CARTESIAN_POINT ( 'NONE',  ( -11.65000000000000036, 0.5375364957381989495, -7.812024437645774810 ) ) ;
#6985 = CARTESIAN_POINT ( 'NONE',  ( -14.96148351789105391, -38.50028961305258690, -20.85005250131363397 ) ) ;
#6986 = ADVANCED_FACE ( 'NONE', ( #3141 ), #5880, .T. ) ;
#6987 = VERTEX_POINT ( 'NONE', #7258 ) ;
#6988 = VECTOR ( 'NONE', #8337, 1000.000000000000114 ) ;
#6989 = EDGE_CURVE ( 'NONE', #6171, #16, #6639, .T. ) ;
#6990 = CARTESIAN_POINT ( 'NONE',  ( -23.44999999999999929, -16.46246350426196869, -43.29634816116374907 ) ) ;
#6991 = CARTESIAN_POINT ( 'NONE',  ( -15.00000000000000000, -130.5636817935659053, 34.92882432268652337 ) ) ;
#6992 = ORIENTED_EDGE ( 'NONE', *, *, #7241, .F. ) ;
#6993 = CARTESIAN_POINT ( 'NONE',  ( -20.34827234278492369, 14.18196713623609462, -21.39849567188189639 ) ) ;
#6994 = CARTESIAN_POINT ( 'NONE',  ( -13.16383936330187510, -14.27264089230431310, -22.44268340139672802 ) ) ;
#6995 = CARTESIAN_POINT ( 'NONE',  ( -10.55000000000000071, -20.10861407777597520, -8.944056119628848833 ) ) ;
#6996 = ORIENTED_EDGE ( 'NONE', *, *, #2723, .T. ) ;
#6997 = CARTESIAN_POINT ( 'NONE',  ( -14.59613928500860602, -13.23879420810699870, -21.29635071831706838 ) ) ;
#6998 = CARTESIAN_POINT ( 'NONE',  ( -13.92816563989172884, 14.89881029241322707, -21.83074034756345938 ) ) ;
#6999 = DIRECTION ( 'NONE',  ( 1.000000000000000000, -0.000000000000000000, -0.000000000000000000 ) ) ;
#7000 = FACE_OUTER_BOUND ( 'NONE', #6663, .T. ) ;
#7001 = ORIENTED_EDGE ( 'NONE', *, *, #7459, .T. ) ;
#7002 = ORIENTED_EDGE ( 'NONE', *, *, #5229, .T. ) ;
#7003 = CARTESIAN_POINT ( 'NONE',  ( -14.25000000000000000, 2.874200784847782852, 53.36789795213029919 ) ) ;
#7004 = DIRECTION ( 'NONE',  ( 0.000000000000000000, 0.9396926207859084279, -0.3420201433256687684 ) ) ;
#7005 = EDGE_CURVE ( 'NONE', #6157, #111, #4653, .T. ) ;
#7006 = ORIENTED_EDGE ( 'NONE', *, *, #4591, .T. ) ;
#7007 = DIRECTION ( 'NONE',  ( 1.000000000000000000, 0.000000000000000000, -0.000000000000000000 ) ) ;
#7008 = CARTESIAN_POINT ( 'NONE',  ( -10.55000000000000071, 0.000000000000000000, 0.000000000000000000 ) ) ;
#7009 = LINE ( 'NONE', #2214, #1542 ) ;
#7010 = DIRECTION ( 'NONE',  ( 1.000000000000000000, 0.000000000000000000, 0.000000000000000000 ) ) ;
#7011 = VERTEX_POINT ( 'NONE', #4672 ) ;
#7012 = CARTESIAN_POINT ( 'NONE',  ( -5.020967314324161990, -56.48764015050576859, 24.06077933937411828 ) ) ;
#7013 = CARTESIAN_POINT ( 'NONE',  ( -19.35347489591884340, -14.26012914504228490, -22.41004507224217335 ) ) ;
#7014 = DIRECTION ( 'NONE',  ( 0.000000000000000000, 0.4246765432456733325, 0.9053451461276553758 ) ) ;
#7015 = CARTESIAN_POINT ( 'NONE',  ( -11.45643923738951386, -16.46246350426196869, -45.29634816116374907 ) ) ;
#7016 = EDGE_LOOP ( 'NONE', ( #584, #501, #828, #7557, #5034, #8559, #6390, #7953, #443, #2451, #644, #4829, #1224, #3289, #7754, #4179, #1919, #6, #2053, #1253, #4836, #2631 ) ) ;
#7017 = CARTESIAN_POINT ( 'NONE',  ( -1.103484295533804449, -120.8706988978681807, 49.39455075236444515 ) ) ;
#7018 = EDGE_CURVE ( 'NONE', #5014, #4001, #495, .T. ) ;
#7019 = CARTESIAN_POINT ( 'NONE',  ( -5.643570862251523934, -86.68158438632700324, 38.64296838367599207 ) ) ;
#7020 = B_SPLINE_CURVE_WITH_KNOTS ( 'NONE', 3,
 ( #4760, #6720, #8002, #3356, #7478, #632, #1881, #4620, #3312, #8758, #7342, #1349, #2642, #2692, #6622, #2557, #8714, #543 ),
 .UNSPECIFIED., .F., .F.,
 ( 4, 2, 2, 2, 2, 2, 2, 2, 4 ),
 ( 0.000000000000000000, 0.1249999999999997918, 0.2500000000000001665, 0.3750000000000004996, 0.5000000000000003331, 0.6250000000000001110, 0.7499999999999998890, 0.8749999999999996669, 1.000000000000000000 ),
 .UNSPECIFIED. ) ;
#7021 = CARTESIAN_POINT ( 'NONE',  ( -3.006515050619983587, -101.3407937816511151, 10.96161919021942666 ) ) ;
#7022 = ORIENTED_EDGE ( 'NONE', *, *, #6952, .F. ) ;
#7023 = CARTESIAN_POINT ( 'NONE',  ( -14.00000000000000000, 0.5375364957381987274, -21.29634816116374907 ) ) ;
#7024 = EDGE_CURVE ( 'NONE', #425, #1105, #6011, .T. ) ;
#7025 = DIRECTION ( 'NONE',  ( 0.000000000000000000, -0.9463118589240424594, 0.3232551092554040162 ) ) ;
#7026 = VERTEX_POINT ( 'NONE', #1973 ) ;
#7027 = EDGE_CURVE ( 'NONE', #7026, #7670, #6816, .T. ) ;
#7028 = EDGE_CURVE ( 'NONE', #5785, #3459, #7439, .T. ) ;
#7029 = CARTESIAN_POINT ( 'NONE',  ( -22.60776600873024478, 15.78057199852089099, -19.61265678022795456 ) ) ;
#7030 = CARTESIAN_POINT ( 'NONE',  ( -15.00000000000000000, -126.1787083748112934, 33.31342333416193213 ) ) ;
#7031 = EDGE_LOOP ( 'NONE', ( #5697, #5256, #798, #6489 ) ) ;
#7032 = DIRECTION ( 'NONE',  ( 0.000000000000000000, 0.9848077530122093526, -0.1736481776669232258 ) ) ;
#7033 = CARTESIAN_POINT ( 'NONE',  ( -13.56033668858639807, -14.04894875655353204, -22.08331716246255993 ) ) ;
#7034 = EDGE_CURVE ( 'NONE', #3160, #4020, #1303, .T. ) ;
#7035 = VERTEX_POINT ( 'NONE', #4000 ) ;
#7036 = ORIENTED_EDGE ( 'NONE', *, *, #8155, .T. ) ;
#7037 = CARTESIAN_POINT ( 'NONE',  ( -14.99999999999980993, -100.5331638244086889, 44.39217291236446528 ) ) ;
#7038 = CARTESIAN_POINT ( 'NONE',  ( -13.54921296899223115, 14.56292807903564501, -20.84820957030799704 ) ) ;
#7039 = DIRECTION ( 'NONE',  ( 0.000000000000000000, -0.7949648775762689912, -0.6066554569276927378 ) ) ;
#7040 = ORIENTED_EDGE ( 'NONE', *, *, #7855, .T. ) ;
#7041 = VERTEX_POINT ( 'NONE', #8139 ) ;
#7042 = CARTESIAN_POINT ( 'NONE',  ( -15.39285803816468956, 13.89737477234909591, -21.32798935625200443 ) ) ;
#7043 = CARTESIAN_POINT ( 'NONE',  ( -9.099999999999997868, 0.000000000000000000, 0.000000000000000000 ) ) ;
#7044 = VERTEX_POINT ( 'NONE', #6671 ) ;
#7045 = CARTESIAN_POINT ( 'NONE',  ( -15.29367724801709549, -28.16306545142618489, -29.43125852206127391 ) ) ;
#7046 = VECTOR ( 'NONE', #7472, 1000.000000000000000 ) ;
#7047 = CARTESIAN_POINT ( 'NONE',  ( 25.00505927025263730, -11.31787079359411230, -12.52495456488326830 ) ) ;
#7048 = PLANE ( 'NONE',  #6396 ) ;
#7049 = DIRECTION ( 'NONE',  ( 0.6957347208936441874, 0.7182988223177335652, 0.000000000000000000 ) ) ;
#7050 = ORIENTED_EDGE ( 'NONE', *, *, #6104, .T. ) ;
#7051 = CARTESIAN_POINT ( 'NONE',  ( -37.07224088444629473, -55.88670924954958963, -7.443061299447535362 ) ) ;
#7052 = VECTOR ( 'NONE', #4535, 999.9999999999998863 ) ;
#7053 = CARTESIAN_POINT ( 'NONE',  ( -21.37536498706619525, -17.09070428359132876, -23.58501837703585480 ) ) ;
#7054 = CARTESIAN_POINT ( 'NONE',  ( -6.505213034913026604E-16, 2.887536495738198372, -34.50673323046109431 ) ) ;
#7055 = CARTESIAN_POINT ( 'NONE',  ( -12.75647181878591141, -14.55748154484248325, -43.90691294796270228 ) ) ;
#7056 = VERTEX_POINT ( 'NONE', #1259 ) ;
#7057 = CYLINDRICAL_SURFACE ( 'NONE', #3549, 2.000000000000001776 ) ;
#7058 = CARTESIAN_POINT ( 'NONE',  ( -12.19083461222129472, 15.75704869086030158, -21.29634816116374907 ) ) ;
#7059 = LINE ( 'NONE', #5692, #4923 ) ;
#7060 = CARTESIAN_POINT ( 'NONE',  ( -1.678468424782574520, -117.5760481090031959, 17.49673340795115806 ) ) ;
#7061 = CARTESIAN_POINT ( 'NONE',  ( -22.40548326761968312, -42.78019723654003315, -10.89017903562839429 ) ) ;
#7062 = CIRCLE ( 'NONE', #4493, 14.00000000000000000 ) ;
#7063 = EDGE_CURVE ( 'NONE', #7672, #4673, #8803, .T. ) ;
#7064 = FACE_OUTER_BOUND ( 'NONE', #5926, .T. ) ;
#7065 = ORIENTED_EDGE ( 'NONE', *, *, #5938, .F. ) ;
#7066 = CARTESIAN_POINT ( 'NONE',  ( -18.84104858129222038, -17.80697485524536106, -43.54662542183132246 ) ) ;
#7067 = VECTOR ( 'NONE', #4103, 1000.000000000000000 ) ;
#7068 = CARTESIAN_POINT ( 'NONE',  ( -15.07449932824915173, -90.83817211593597563, 18.07064690521800543 ) ) ;
#7069 = CARTESIAN_POINT ( 'NONE',  ( -11.91222417296222780, -14.90102586201044943, -43.93497634600214496 ) ) ;
#7070 = AXIS2_PLACEMENT_3D ( 'NONE', #5247, #1874, #2458 ) ;
#7071 = VERTEX_POINT ( 'NONE', #6053 ) ;
#7072 = CARTESIAN_POINT ( 'NONE',  ( -20.35288854412480219, 14.05610235063749336, -21.36031500658735283 ) ) ;
#7073 = CARTESIAN_POINT ( 'NONE',  ( -12.89436615768721417, -14.42041486935124439, -22.88637491074265640 ) ) ;
#7074 = EDGE_CURVE ( 'NONE', #4523, #7743, #7020, .T. ) ;
#7075 = DIRECTION ( 'NONE',  ( 0.000000000000000000, 0.000000000000000000, 1.000000000000000000 ) ) ;
#7076 = VECTOR ( 'NONE', #5933, 1000.000000000000000 ) ;
#7077 = ORIENTED_EDGE ( 'NONE', *, *, #7250, .F. ) ;
#7078 = VECTOR ( 'NONE', #3348, 1000.000000000000000 ) ;
#7079 = EDGE_LOOP ( 'NONE', ( #8534, #2795, #3839, #2542 ) ) ;
#7080 = CARTESIAN_POINT ( 'NONE',  ( -14.99999999999999289, -92.09851064108380569, 41.31146043983113003 ) ) ;
#7081 = CARTESIAN_POINT ( 'NONE',  ( -21.32931639001249735, -58.49733327816714734, 3.395936393980876211 ) ) ;
#7082 = CARTESIAN_POINT ( 'NONE',  ( -15.14707553785846983, 14.08031003402382453, -21.37038454170853896 ) ) ;
#7083 = CARTESIAN_POINT ( 'NONE',  ( -15.60259264748206753, -51.84289290795585003, 20.49354884374707453 ) ) ;
#7084 = PLANE ( 'NONE',  #3220 ) ;
#7085 = ORIENTED_EDGE ( 'NONE', *, *, #21, .T. ) ;
#7086 = AXIS2_PLACEMENT_3D ( 'NONE', #3552, #6289, #864 ) ;
#7087 = ORIENTED_EDGE ( 'NONE', *, *, #8752, .F. ) ;
#7088 = CIRCLE ( 'NONE', #7516, 6.000000000000001776 ) ;
#7089 = CARTESIAN_POINT ( 'NONE',  ( -11.73930373626334678, 16.10802900876756993, -44.07271871850461764 ) ) ;
#7090 = CARTESIAN_POINT ( 'NONE',  ( -11.10606415171701578, -65.59960030976782264, -2.329679598540119745 ) ) ;
#7091 = EDGE_LOOP ( 'NONE', ( #865, #2021, #716, #979 ) ) ;
#7092 = CARTESIAN_POINT ( 'NONE',  ( -19.83266584073294680, -20.94090324145922111, -35.13411364277967408 ) ) ;
#7093 = PLANE ( 'NONE',  #1827 ) ;
#7094 = DIRECTION ( 'NONE',  ( 1.000000000000000000, 0.000000000000000000, 0.000000000000000000 ) ) ;
#7095 = CARTESIAN_POINT ( 'NONE',  ( -13.00000000000000000, 0.5375364957381987274, -19.19634816116375831 ) ) ;
#7096 = ORIENTED_EDGE ( 'NONE', *, *, #3405, .F. ) ;
#7097 = DIRECTION ( 'NONE',  ( 0.000000000000000000, 0.6427876096865382527, 0.7660444431189789016 ) ) ;
#7098 = CARTESIAN_POINT ( 'NONE',  ( -15.00156283338960073, -84.94569288430352572, 37.78783163904621745 ) ) ;
#7099 = CARTESIAN_POINT ( 'NONE',  ( -15.00000000000000000, -120.9908876172331560, 32.01899700529308035 ) ) ;
#7100 = DIRECTION ( 'NONE',  ( 0.000000000000000000, -0.9053451461276553758, 0.4246765432456733880 ) ) ;
#7101 = ORIENTED_EDGE ( 'NONE', *, *, #1816, .T. ) ;
#7102 = FACE_OUTER_BOUND ( 'NONE', #7921, .T. ) ;
#7103 = DIRECTION ( 'NONE',  ( -0.000000000000000000, 1.000000000000000000, 1.334402673828313339E-16 ) ) ;
#7104 = CARTESIAN_POINT ( 'NONE',  ( -22.51833391016648633, -44.25241678748313490, -9.736092157666664804 ) ) ;
#7105 = CARTESIAN_POINT ( 'NONE',  ( -14.32729820457770842, -46.55127253252840092, -17.01279813662056384 ) ) ;
#7106 = VERTEX_POINT ( 'NONE', #3269 ) ;
#7107 = CIRCLE ( 'NONE', #6256, 1.700000000000000400 ) ;
#7108 = CARTESIAN_POINT ( 'NONE',  ( -15.05359001427611965, -91.37188114468487754, 18.42777760891077321 ) ) ;
#7109 = CARTESIAN_POINT ( 'NONE',  ( -15.00000000000000000, -94.83578902281104206, 31.43931079701635412 ) ) ;
#7110 = ORIENTED_EDGE ( 'NONE', *, *, #3680, .T. ) ;
#7111 = CARTESIAN_POINT ( 'NONE',  ( -17.55869532855282955, 17.31664260450494552, -45.29634816116373486 ) ) ;
#7112 = CARTESIAN_POINT ( 'NONE',  ( -15.02999625342518719, -13.09873780655650677, -21.40826750403276790 ) ) ;
#7113 = AXIS2_PLACEMENT_3D ( 'NONE', #109, #2164, #7004 ) ;
#7114 = VECTOR ( 'NONE', #1935, 1000.000000000000000 ) ;
#7115 = PLANE ( 'NONE',  #7663 ) ;
#7116 = CARTESIAN_POINT ( 'NONE',  ( 0.000000000000000000, -53.73861911023332993, -77.13794600415835134 ) ) ;
#7117 = ORIENTED_EDGE ( 'NONE', *, *, #1215, .F. ) ;
#7118 = ORIENTED_EDGE ( 'NONE', *, *, #2634, .T. ) ;
#7119 = CARTESIAN_POINT ( 'NONE',  ( -15.00000000000074252, -93.78918614991111724, 42.04952566762978705 ) ) ;
#7120 = CARTESIAN_POINT ( 'NONE',  ( -20.15686062146828306, 26.53753649573819828, -40.93615894040511449 ) ) ;
#7121 = VECTOR ( 'NONE', #6248, 1000.000000000000000 ) ;
#7122 = DIRECTION ( 'NONE',  ( -1.000000000000000000, -0.000000000000000000, -0.000000000000000000 ) ) ;
#7123 = EDGE_CURVE ( 'NONE', #886, #4523, #1668, .T. ) ;
#7124 = CARTESIAN_POINT ( 'NONE',  ( -12.78489924545876555, -14.51219993231006988, -43.74175753272466238 ) ) ;
#7125 = EDGE_LOOP ( 'NONE', ( #1249, #5100, #3321, #6165 ) ) ;
#7126 = CARTESIAN_POINT ( 'NONE',  ( -21.87194704301920467, -32.98603495586348799, -16.84615443279185243 ) ) ;
#7127 =( BOUNDED_CURVE ( )  B_SPLINE_CURVE ( 3, ( #4722, #2697, #6016, #2600 ),
 .UNSPECIFIED., .F., .F. ) 
 B_SPLINE_CURVE_WITH_KNOTS ( ( 4, 4 ),
 ( 0.03342531065709173493, 0.1191359379764200810 ),
 .UNSPECIFIED. ) 
 CURVE ( )  GEOMETRIC_REPRESENTATION_ITEM ( )  RATIONAL_B_SPLINE_CURVE ( ( 1.000000000000000000, 0.9993879010529307383, 0.9993879010529307383, 1.000000000000000000 ) ) 
 REPRESENTATION_ITEM ( '' )  );
#7128 = CARTESIAN_POINT ( 'NONE',  ( -12.16191811742482187, 15.78016723592955195, -43.51656884509724676 ) ) ;
#7129 = CARTESIAN_POINT ( 'NONE',  ( -12.41668660893601484, -62.45288312884219550, -4.544201797751822092 ) ) ;
#7130 = ORIENTED_EDGE ( 'NONE', *, *, #318, .T. ) ;
#7131 = EDGE_CURVE ( 'NONE', #6570, #1902, #2596, .T. ) ;
#7132 = CARTESIAN_POINT ( 'NONE',  ( -15.03043323671804110, -37.85873764820056664, -21.09676616924241799 ) ) ;
#7133 = EDGE_CURVE ( 'NONE', #1942, #5339, #5387, .T. ) ;
#7134 = CARTESIAN_POINT ( 'NONE',  ( -17.53068050820106549, 30.22642330811765277, -23.77596164592430483 ) ) ;
#7135 = DIRECTION ( 'NONE',  ( 1.000000000000000000, -0.000000000000000000, -0.000000000000000000 ) ) ;
#7136 = EDGE_CURVE ( 'NONE', #5136, #7672, #8093, .T. ) ;
#7137 = CARTESIAN_POINT ( 'NONE',  ( -14.48506083476680573, -25.51271872940406737, -37.96317803608577179 ) ) ;
#7138 = CARTESIAN_POINT ( 'NONE',  ( 41.21423633095623984, -42.49399750307080126, -8.992351028176036820 ) ) ;
#7139 = ORIENTED_EDGE ( 'NONE', *, *, #2338, .F. ) ;
#7140 = CARTESIAN_POINT ( 'NONE',  ( -1.123582429141872785, -120.4859869534280250, 49.30024030737046559 ) ) ;
#7141 = LINE ( 'NONE', #5150, #1211 ) ;
#7142 = CARTESIAN_POINT ( 'NONE',  ( -14.43187499921480210, 14.39592821839954162, -21.29634918625413320 ) ) ;
#7143 = EDGE_CURVE ( 'NONE', #3909, #1350, #4774, .T. ) ;
#7144 = CARTESIAN_POINT ( 'NONE',  ( -21.16028316371425433, -62.96368274094366058, -4.115590031631955803 ) ) ;
#7145 = ORIENTED_EDGE ( 'NONE', *, *, #5402, .T. ) ;
#7146 = FACE_OUTER_BOUND ( 'NONE', #7567, .T. ) ;
#7147 = DIRECTION ( 'NONE',  ( 1.000000000000000000, 0.000000000000000000, 0.000000000000000000 ) ) ;
#7148 = DIRECTION ( 'NONE',  ( -1.000000000000000000, 0.000000000000000000, 0.000000000000000000 ) ) ;
#7149 = CARTESIAN_POINT ( 'NONE',  ( -42.37127364850559985, -50.75421148065240118, -11.74973828434730372 ) ) ;
#7150 = CARTESIAN_POINT ( 'NONE',  ( -12.75000000000000000, -76.37521062310625553, 25.48216967743977079 ) ) ;
#7151 = CARTESIAN_POINT ( 'NONE',  ( -21.92946336356893511, -52.40217637240035486, -12.96666976168548047 ) ) ;
#7152 = ORIENTED_EDGE ( 'NONE', *, *, #7685, .T. ) ;
#7153 = LINE ( 'NONE', #7330, #7778 ) ;
#7154 = FACE_OUTER_BOUND ( 'NONE', #8039, .T. ) ;
#7155 = CARTESIAN_POINT ( 'NONE',  ( -3.184081677783118191E-15, 0.5375364957382012809, -21.29634816116374907 ) ) ;
#7156 = EDGE_LOOP ( 'NONE', ( #3930, #2721, #1759, #3807 ) ) ;
#7157 = CARTESIAN_POINT ( 'NONE',  ( -12.82604529541110061, -14.45711129955116547, -23.12868292992026298 ) ) ;
#7158 = EDGE_LOOP ( 'NONE', ( #6046, #8233, #673, #1361, #7343, #6054 ) ) ;
#7159 = CARTESIAN_POINT ( 'NONE',  ( -14.54589831027599445, -23.36917847927024638, -45.29634816116374907 ) ) ;
#7160 = CARTESIAN_POINT ( 'NONE',  ( -2.926504147419392687, -102.6166046680697406, 44.91963965419321170 ) ) ;
#7161 = DIRECTION ( 'NONE',  ( -0.000000000000000000, -0.9396926207859082059, 0.3420201433256692125 ) ) ;
#7162 = DIRECTION ( 'NONE',  ( 0.000000000000000000, 0.9143751889140099287, -0.4048678968484271112 ) ) ;
#7163 = VERTEX_POINT ( 'NONE', #8658 ) ;
#7164 = CARTESIAN_POINT ( 'NONE',  ( -15.00000000000000000, -125.6822119262424309, 50.87769490003758932 ) ) ;
#7165 = CARTESIAN_POINT ( 'NONE',  ( -12.52503907918842252, 15.99518668994429760, -44.57141096659933766 ) ) ;
#7166 = CARTESIAN_POINT ( 'NONE',  ( 4.400000000000000355, -118.1390363184926713, 27.54036360956488849 ) ) ;
#7167 = EDGE_CURVE ( 'NONE', #3903, #780, #7153, .T. ) ;
#7168 = VERTEX_POINT ( 'NONE', #4472 ) ;
#7169 = DIRECTION ( 'NONE',  ( 0.000000000000000000, 0.3541770153953563427, 0.9351784010367421018 ) ) ;
#7170 = CARTESIAN_POINT ( 'NONE',  ( -23.44999999999999929, 28.40124910728394525, -13.13131939852209307 ) ) ;
#7171 = CARTESIAN_POINT ( 'NONE',  ( -23.03592410938320612, -49.96666277379465981, -4.625910024308901747 ) ) ;
#7172 = CARTESIAN_POINT ( 'NONE',  ( -5.999999999999998224, -38.85406476150464528, -13.76214029363365476 ) ) ;
#7173 = ORIENTED_EDGE ( 'NONE', *, *, #4136, .T. ) ;
#7174 =( BOUNDED_CURVE ( )  B_SPLINE_CURVE ( 3, ( #5787, #6411, #1074, #1743 ),
 .UNSPECIFIED., .F., .F. ) 
 B_SPLINE_CURVE_WITH_KNOTS ( ( 4, 4 ),
 ( 3.033396732621632452, 3.277863007973939258 ),
 .UNSPECIFIED. ) 
 CURVE ( )  GEOMETRIC_REPRESENTATION_ITEM ( )  RATIONAL_B_SPLINE_CURVE ( ( 1.000000000000000000, 0.9950258844773852696, 0.9950258844773852696, 1.000000000000000000 ) ) 
 REPRESENTATION_ITEM ( '' )  );
#7175 = EDGE_LOOP ( 'NONE', ( #2104, #2894, #4335, #787 ) ) ;
#7176 = CARTESIAN_POINT ( 'NONE',  ( 0.000000000000000000, -76.10435538319671878, 16.87016425251036722 ) ) ;
#7177 = EDGE_CURVE ( 'NONE', #4070, #4112, #7860, .T. ) ;
#7178 = CARTESIAN_POINT ( 'NONE',  ( -14.09999999999999964, -60.96200874009102222, 17.04943361583019623 ) ) ;
#7179 = CARTESIAN_POINT ( 'NONE',  ( 0.000000000000000000, -0.1910129954336154956, -1.083288528313429699 ) ) ;
#7180 = AXIS2_PLACEMENT_3D ( 'NONE', #6897, #5473, #5329 ) ;
#7181 = ADVANCED_FACE ( 'NONE', ( #1018 ), #5161, .F. ) ;
#7182 = DIRECTION ( 'NONE',  ( 3.097720492815729631E-16, -0.3420201433256728207, -0.9396926207859068736 ) ) ;
#7183 = ORIENTED_EDGE ( 'NONE', *, *, #221, .F. ) ;
#7184 = PLANE ( 'NONE',  #4278 ) ;
#7185 = CARTESIAN_POINT ( 'NONE',  ( -14.09999999999999964, -74.66354740713653371, 13.27312437272159151 ) ) ;
#7186 = VECTOR ( 'NONE', #7103, 1000.000000000000000 ) ;
#7187 = CARTESIAN_POINT ( 'NONE',  ( -18.24216869291091925, -63.20516496320392719, 21.75489714987485357 ) ) ;
#7188 = CARTESIAN_POINT ( 'NONE',  ( -17.53068050820106549, 25.70134166703709866, -21.64907750673015485 ) ) ;
#7189 = FACE_OUTER_BOUND ( 'NONE', #7016, .T. ) ;
#7190 = CARTESIAN_POINT ( 'NONE',  ( -21.65516948301725719, -48.44447118188231372, -15.83867208574149288 ) ) ;
#7191 = VERTEX_POINT ( 'NONE', #1777 ) ;
#7192 = DIRECTION ( 'NONE',  ( 0.02224014068614567005, -0.9997526574819696199, -1.334072619310902117E-16 ) ) ;
#7193 = CARTESIAN_POINT ( 'NONE',  ( 0.000000000000000000, -73.39533097835840181, 32.09787989477760561 ) ) ;
#7194 = LINE ( 'NONE', #8615, #8653 ) ;
#7195 = ORIENTED_EDGE ( 'NONE', *, *, #8647, .F. ) ;
#7196 = FACE_OUTER_BOUND ( 'NONE', #6096, .T. ) ;
#7197 = CARTESIAN_POINT ( 'NONE',  ( -8.657851095430727284, -73.39533097835840181, 32.09787989477760561 ) ) ;
#7198 = CARTESIAN_POINT ( 'NONE',  ( -12.82226486367358831, -14.46026246737064724, -23.21207768793138015 ) ) ;
#7199 = VECTOR ( 'NONE', #485, 1000.000000000000000 ) ;
#7200 = EDGE_CURVE ( 'NONE', #5651, #1096, #353, .T. ) ;
#7201 = AXIS2_PLACEMENT_3D ( 'NONE', #7244, #5117, #5826 ) ;
#7202 = ORIENTED_EDGE ( 'NONE', *, *, #4733, .F. ) ;
#7203 = CARTESIAN_POINT ( 'NONE',  ( -15.00000000000000000, -99.47861474819958971, 32.47320903368549239 ) ) ;
#7204 = CARTESIAN_POINT ( 'NONE',  ( -20.56382452842841246, -61.19804973827540806, 5.407011055276652378 ) ) ;
#7205 = CARTESIAN_POINT ( 'NONE',  ( -8.150000000000000355, -76.10435538319671878, 15.17016425251035550 ) ) ;
#7206 = AXIS2_PLACEMENT_3D ( 'NONE', #1242, #5372, #3987 ) ;
#7207 = CARTESIAN_POINT ( 'NONE',  ( -2.060461227072599488, -109.0439375431202222, 46.49527210420391299 ) ) ;
#7208 = LINE ( 'NONE', #5254, #3614 ) ;
#7209 = CARTESIAN_POINT ( 'NONE',  ( -18.25000000000000000, 28.87998371521744900, -19.05443624484269449 ) ) ;
#7210 = VERTEX_POINT ( 'NONE', #5909 ) ;
#7211 = ADVANCED_FACE ( 'NONE', ( #2543 ), #8613, .T. ) ;
#7212 = CARTESIAN_POINT ( 'NONE',  ( -19.45527216441557172, -20.62494278151204341, -38.18118423907433368 ) ) ;
#7213 = CARTESIAN_POINT ( 'NONE',  ( -12.17662283090875519, 15.76842212079090544, -43.45210263157891006 ) ) ;
#7214 = DIRECTION ( 'NONE',  ( 0.000000000000000000, -0.3420201433256735979, -0.9396926207859065405 ) ) ;
#7215 = VECTOR ( 'NONE', #5950, 1000.000000000000114 ) ;
#7216 = EDGE_LOOP ( 'NONE', ( #7487, #5466, #4908, #1946 ) ) ;
#7217 = ADVANCED_FACE ( 'NONE', ( #8483 ), #5284, .F. ) ;
#7218 = CARTESIAN_POINT ( 'NONE',  ( 0.000000000000000000, 0.5375364957382012809, -21.29634816116374907 ) ) ;
#7219 = AXIS2_PLACEMENT_3D ( 'NONE', #6710, #3301, #6044 ) ;
#7220 = CARTESIAN_POINT ( 'NONE',  ( -10.55000000000000071, -20.10861407777597520, -8.944056119628848833 ) ) ;
#7221 = CARTESIAN_POINT ( 'NONE',  ( -15.19193434817933586, -35.66976929447410072, -22.15589275499229771 ) ) ;
#7222 = CIRCLE ( 'NONE', #2066, 1.000000000000000888 ) ;
#7223 = CARTESIAN_POINT ( 'NONE',  ( -8.150000000000000355, -76.10435538319671878, 16.87016425251036722 ) ) ;
#7224 = EDGE_LOOP ( 'NONE', ( #8616, #4149, #7579, #6453, #8313, #4757, #4682 ) ) ;
#7225 = ORIENTED_EDGE ( 'NONE', *, *, #513, .F. ) ;
#7226 = DIRECTION ( 'NONE',  ( 1.000000000000000000, 0.000000000000000000, -0.000000000000000000 ) ) ;
#7227 = CARTESIAN_POINT ( 'NONE',  ( -13.47028727886281807, 14.84307302905859594, -21.29634816116374907 ) ) ;
#7228 = CARTESIAN_POINT ( 'NONE',  ( -10.55000000000000071, 8.203262318468331316, 13.41008217020920767 ) ) ;
#7229 = AXIS2_PLACEMENT_3D ( 'NONE', #814, #1485, #7529 ) ;
#7230 = EDGE_LOOP ( 'NONE', ( #5600, #8307 ) ) ;
#7231 = DIRECTION ( 'NONE',  ( 1.000000000000000000, 0.000000000000000000, 0.000000000000000000 ) ) ;
#7232 = CARTESIAN_POINT ( 'NONE',  ( -23.01068844095272681, -49.69387347628757823, -4.874037137159397126 ) ) ;
#7233 = CARTESIAN_POINT ( 'NONE',  ( -16.82077939958334412, -16.46246350426196869, -45.29634816116374907 ) ) ;
#7234 = EDGE_CURVE ( 'NONE', #1504, #8282, #3128, .T. ) ;
#7235 = VECTOR ( 'NONE', #2653, 1000.000000000000000 ) ;
#7236 = CARTESIAN_POINT ( 'NONE',  ( -12.26553246215925697, -61.54773159441383967, 27.10066973267549884 ) ) ;
#7237 = CARTESIAN_POINT ( 'NONE',  ( 0.000000000000000000, -1.840670683269387320, -10.43896218192943337 ) ) ;
#7238 = DIRECTION ( 'NONE',  ( 0.000000000000000000, -0.7617614198329730746, -0.6478576535428541838 ) ) ;
#7239 = CARTESIAN_POINT ( 'NONE',  ( -21.54662529324630071, -46.50249407273411606, -17.04145539942419774 ) ) ;
#7240 = ORIENTED_EDGE ( 'NONE', *, *, #6643, .F. ) ;
#7241 = EDGE_CURVE ( 'NONE', #6408, #380, #2366, .T. ) ;
#7242 = DIRECTION ( 'NONE',  ( 1.000000000000000000, -0.000000000000000000, 0.000000000000000000 ) ) ;
#7243 = DIRECTION ( 'NONE',  ( 0.000000000000000000, 0.000000000000000000, -1.000000000000000000 ) ) ;
#7244 = CARTESIAN_POINT ( 'NONE',  ( -12.75000000000000000, -79.93222011369321933, 15.70936642126634375 ) ) ;
#7245 = VERTEX_POINT ( 'NONE', #3849 ) ;
#7246 = CARTESIAN_POINT ( 'NONE',  ( 0.000000000000000000, -79.47824045473380750, 16.95666528314903232 ) ) ;
#7248 = AXIS2_PLACEMENT_3D ( 'NONE', #3904, #7444, #8007 ) ;
#7247 = CARTESIAN_POINT ( 'NONE',  ( -14.99999999999493028, -109.2179467312203514, 14.85253907440060672 ) ) ;
#7249 = VECTOR ( 'NONE', #2757, 999.9999999999998863 ) ;
#7250 = EDGE_CURVE ( 'NONE', #3460, #2829, #2099, .T. ) ;
#7251 = CARTESIAN_POINT ( 'NONE',  ( -15.00000000000147615, -102.1302805170800241, 44.82741152504883075 ) ) ;
#7252 = CARTESIAN_POINT ( 'NONE',  ( -8.657851095430727284, -73.39533097835840181, 32.09787989477761272 ) ) ;
#7253 = AXIS2_PLACEMENT_3D ( 'NONE', #3437, #1338, #4074 ) ;
#7254 = LINE ( 'NONE', #4445, #7959 ) ;
#7255 = VECTOR ( 'NONE', #8368, 999.9999999999998863 ) ;
#7256 = DIRECTION ( 'NONE',  ( -1.000000000000000000, -0.000000000000000000, 0.000000000000000000 ) ) ;
#7257 = CARTESIAN_POINT ( 'NONE',  ( -16.38153253097104667, -54.13131916961239654, -11.16866774089353598 ) ) ;
#7258 = CARTESIAN_POINT ( 'NONE',  ( -23.01068844095272681, -49.69387347628757823, -4.874037137159397126 ) ) ;
#7259 = VERTEX_POINT ( 'NONE', #710 ) ;
#7260 = B_SPLINE_CURVE_WITH_KNOTS ( 'NONE', 3,
 ( #7497, #6032, #6837, #702, #5499, #8732, #2616, #4691, #6073, #2892, #5048, #7758, #8338, #1630, #197, #247, #5547, #7719, #4374, #2169 ),
 .UNSPECIFIED., .F., .F.,
 ( 4, 2, 2, 2, 2, 2, 2, 2, 2, 4 ),
 ( 0.000000000000000000, 0.1000000000000003664, 0.2000000000000007327, 0.2500000000000004441, 0.3000000000000001554, 0.5000000000000000000, 0.6999999999999998446, 0.7999999999999992673, 0.8999999999999996891, 1.000000000000000000 ),
 .UNSPECIFIED. ) ;
#7261 = CARTESIAN_POINT ( 'NONE',  ( -11.99184458728948854, 15.91436016346103521, -43.84833580087946103 ) ) ;
#7262 = CARTESIAN_POINT ( 'NONE',  ( -4.400000000000000355, -140.1086479597152561, 31.06710166095935222 ) ) ;
#7263 = EDGE_LOOP ( 'NONE', ( #3637, #760, #4881, #373, #8258 ) ) ;
#7264 = CARTESIAN_POINT ( 'NONE',  ( -21.25571124827481384, -38.97054437680492356, -20.67543087641031718 ) ) ;
#7265 = AXIS2_PLACEMENT_3D ( 'NONE', #4918, #7544, #68 ) ;
#7266 = LINE ( 'NONE', #7879, #545 ) ;
#7267 = LINE ( 'NONE', #2433, #2237 ) ;
#7268 = CARTESIAN_POINT ( 'NONE',  ( -3.000000000000000000, 33.11691005914468633, -15.18132959047137476 ) ) ;
#7269 = CARTESIAN_POINT ( 'NONE',  ( 0.000000000000000000, -37.81217569550310742, -7.853293775560399759 ) ) ;
#7270 = VERTEX_POINT ( 'NONE', #2003 ) ;
#7271 = ORIENTED_EDGE ( 'NONE', *, *, #7360, .F. ) ;
#7272 = DIRECTION ( 'NONE',  ( 0.000000000000000000, 0.000000000000000000, 1.000000000000000000 ) ) ;
#7273 = EDGE_CURVE ( 'NONE', #5355, #4225, #1959, .T. ) ;
#7274 = CARTESIAN_POINT ( 'NONE',  ( -17.65479638729886247, 18.08847022924864945, -45.29634816116374196 ) ) ;
#7275 = CARTESIAN_POINT ( 'NONE',  ( -14.99999999999805489, -123.8430292689904348, 18.66892793407111384 ) ) ;
#7276 = CARTESIAN_POINT ( 'NONE',  ( -13.79342854345771663, -56.58780485939625038, -9.465586810469710954 ) ) ;
#7277 = CARTESIAN_POINT ( 'NONE',  ( -14.70700594834913666, 26.53753649573820184, -43.29634816116374196 ) ) ;
#7278 = CIRCLE ( 'NONE', #7706, 1.700000000000010614 ) ;
#7279 = FACE_OUTER_BOUND ( 'NONE', #8410, .T. ) ;
#7280 = CARTESIAN_POINT ( 'NONE',  ( 0.000000000000000000, 8.887536495738197928, -21.29634816116374907 ) ) ;
#7281 = DIRECTION ( 'NONE',  ( -0.000000000000000000, 0.000000000000000000, -1.000000000000000000 ) ) ;
#7282 = B_SPLINE_CURVE_WITH_KNOTS ( 'NONE', 3,
 ( #6314, #8651, #268, #520, #3919, #1180, #1858, #7320, #5946, #7233 ),
 .UNSPECIFIED., .F., .F.,
 ( 4, 2, 2, 2, 4 ),
 ( 0.000000000000000000, 0.0006486541358538605237, 0.001297308271707721047, 0.001945962407561581571, 0.002594616543415442095 ),
 .UNSPECIFIED. ) ;
#7283 = LINE ( 'NONE', #1238, #3657 ) ;
#7284 = CARTESIAN_POINT ( 'NONE',  ( -22.57832631232297516, -44.98629952913750429, -9.131167436640712509 ) ) ;
#7285 = ORIENTED_EDGE ( 'NONE', *, *, #5724, .T. ) ;
#7286 = EDGE_CURVE ( 'NONE', #1425, #6821, #7861, .T. ) ;
#7287 = CARTESIAN_POINT ( 'NONE',  ( -10.55000000000000071, 15.09691658955379623, 12.19454492654074684 ) ) ;
#7288 = DIRECTION ( 'NONE',  ( 1.000000000000000000, 0.000000000000000000, 0.000000000000000000 ) ) ;
#7289 = CARTESIAN_POINT ( 'NONE',  ( 0.000000000000000000, 0.000000000000000000, 0.000000000000000000 ) ) ;
#7290 = PRODUCT ( 'ThermallerBodyPart2', 'ThermallerBodyPart2', '', ( #5419 ) ) ;
#7291 = ORIENTED_EDGE ( 'NONE', *, *, #6153, .F. ) ;
#7292 = EDGE_CURVE ( 'NONE', #8501, #4888, #2626, .T. ) ;
#7293 = CARTESIAN_POINT ( 'NONE',  ( -0.1671970897410885448, -36.18423030047151912, -21.88150675410482293 ) ) ;
#7294 = DIRECTION ( 'NONE',  ( -0.02224014068614567005, 0.9997526574819696199, 1.337493373819828587E-16 ) ) ;
#7295 = EDGE_CURVE ( 'NONE', #1689, #1035, #2584, .T. ) ;
#7296 = EDGE_CURVE ( 'NONE', #3723, #7384, #8744, .T. ) ;
#7297 = CARTESIAN_POINT ( 'NONE',  ( -16.87613152547227102, -16.91455766903860081, -45.29634816116374907 ) ) ;
#7298 = CARTESIAN_POINT ( 'NONE',  ( -16.56158988034721347, -14.53671215020897911, -43.83623863372562113 ) ) ;
#7299 = DIRECTION ( 'NONE',  ( 0.000000000000000000, -0.3420201433256735979, -0.9396926207859065405 ) ) ;
#7300 = EDGE_CURVE ( 'NONE', #4771, #894, #6940, .T. ) ;
#7301 = DIRECTION ( 'NONE',  ( -1.000000000000000000, -0.000000000000000000, -0.000000000000000000 ) ) ;
#7302 = ORIENTED_EDGE ( 'NONE', *, *, #1054, .T. ) ;
#7303 = CARTESIAN_POINT ( 'NONE',  ( -21.95930522510519012, -34.64506605826852592, -15.86119006379795415 ) ) ;
#7304 = CARTESIAN_POINT ( 'NONE',  ( -1.104829692298527899, -129.8274270347635309, 19.90241600830837854 ) ) ;
#7305 = DIRECTION ( 'NONE',  ( 0.000000000000000000, -0.9396926207859082059, 0.3420201433256692125 ) ) ;
#7306 = ORIENTED_EDGE ( 'NONE', *, *, #3899, .F. ) ;
#7307 = DIRECTION ( 'NONE',  ( 0.000000000000000000, -0.7071067811865389130, -0.7071067811865561215 ) ) ;
#7308 = CARTESIAN_POINT ( 'NONE',  ( -15.79999999999999893, -53.46956596784184512, 3.060624641958697989 ) ) ;
#7309 = CARTESIAN_POINT ( 'NONE',  ( -22.88460719411718003, -48.32934202652738520, -6.114006233572744087 ) ) ;
#7310 = LINE ( 'NONE', #8557, #497 ) ;
#7311 = ORIENTED_EDGE ( 'NONE', *, *, #8365, .F. ) ;
#7312 = VERTEX_POINT ( 'NONE', #6173 ) ;
#7313 = CARTESIAN_POINT ( 'NONE',  ( -15.00000000000000000, -98.26056806849258862, 23.24576256901220361 ) ) ;
#7314 = B_SPLINE_CURVE_WITH_KNOTS ( 'NONE', 3,
 ( #2809, #5727, #4295, #2269, #77, #8429, #5552, #2130 ),
 .UNSPECIFIED., .F., .F.,
 ( 4, 2, 2, 4 ),
 ( 0.000000000000000000, 0.5000000000000000000, 0.7499999999999992228, 1.000000000000000000 ),
 .UNSPECIFIED. ) ;
#7315 = DIRECTION ( 'NONE',  ( -0.000000000000000000, 0.9848077530122093526, -0.1736481776669229482 ) ) ;
#7316 = CARTESIAN_POINT ( 'NONE',  ( -3.000000000000000444, 31.36186134535934400, -16.49654972879051584 ) ) ;
#7317 = DIRECTION ( 'NONE',  ( 9.888506198066338695E-17, -0.9396926207859097602, 0.3420201433256649381 ) ) ;
#7318 = DIRECTION ( 'NONE',  ( 0.000000000000000000, 0.000000000000000000, 1.000000000000000000 ) ) ;
#7319 = PLANE ( 'NONE',  #3974 ) ;
#7320 = CARTESIAN_POINT ( 'NONE',  ( -16.76354566047266914, -16.03037194890902484, -45.26115765802401825 ) ) ;
#7321 = ORIENTED_EDGE ( 'NONE', *, *, #1213, .T. ) ;
#7322 = CARTESIAN_POINT ( 'NONE',  ( -18.35505484950239818, -60.43737921771437271, 26.52327203521949173 ) ) ;
#7323 = LINE ( 'NONE', #1183, #7480 ) ;
#7324 = ADVANCED_FACE ( 'NONE', ( #8081 ), #5510, .F. ) ;
#7325 = LINE ( 'NONE', #5318, #8354 ) ;
#7326 = CARTESIAN_POINT ( 'NONE',  ( -14.77553954805768832, -40.82883424570767517, -19.91909788900592559 ) ) ;
#7327 = FACE_OUTER_BOUND ( 'NONE', #6182, .T. ) ;
#7328 = CARTESIAN_POINT ( 'NONE',  ( -22.06855065993289600, -37.19532997881294989, -14.54559105230691252 ) ) ;
#7329 = ORIENTED_EDGE ( 'NONE', *, *, #2382, .F. ) ;
#7330 = CARTESIAN_POINT ( 'NONE',  ( 0.000000000000000000, -77.10614032394536821, 10.36215548886946713 ) ) ;
#7331 = B_SPLINE_CURVE_WITH_KNOTS ( 'NONE', 3,
 ( #1289, #6756, #5467, #8219, #7467, #664, #4838, #1426, #4030, #4121, #3387, #1336, #6134, #7508, #2041, #4790, #1380, #8031, #6849, #6086 ),
 .UNSPECIFIED., .F., .F.,
 ( 4, 2, 2, 2, 2, 2, 2, 2, 2, 4 ),
 ( 0.000000000000000000, 0.1000000000000000611, 0.2000000000000001221, 0.2500000000000001665, 0.3000000000000002109, 0.5000000000000003331, 0.7000000000000003997, 0.8000000000000004885, 0.9000000000000005773, 1.000000000000000000 ),
 .UNSPECIFIED. ) ;
#7332 = AXIS2_PLACEMENT_3D ( 'NONE', #8229, #8796, #8178 ) ;
#7333 = PLANE ( 'NONE',  #79 ) ;
#7334 = CARTESIAN_POINT ( 'NONE',  ( -14.99999999999999822, -104.0064331658183221, 33.05978825752103489 ) ) ;
#7335 = EDGE_LOOP ( 'NONE', ( #8816, #3985, #855, #1617 ) ) ;
#7336 = CARTESIAN_POINT ( 'NONE',  ( -9.479443700773710901, -70.78946094895435692, 30.89836746731775463 ) ) ;
#7337 = CARTESIAN_POINT ( 'NONE',  ( -1.406703337988063351, -122.2705011474571961, 18.42123019163070907 ) ) ;
#7338 = DIRECTION ( 'NONE',  ( 0.000000000000000000, -1.000000000000000000, -1.334402673828313339E-16 ) ) ;
#7339 = CARTESIAN_POINT ( 'NONE',  ( -17.73005051259273657, 21.47134054516793000, -45.29634816116374196 ) ) ;
#7340 = CARTESIAN_POINT ( 'NONE',  ( -15.85086760509275550, 13.53753649573836704, -21.29634816116374907 ) ) ;
#7341 = DIRECTION ( 'NONE',  ( 1.000000000000000000, -0.000000000000000000, -0.000000000000000000 ) ) ;
#7342 = CARTESIAN_POINT ( 'NONE',  ( -15.59488246618209395, -22.86436072221680504, -45.29634816116374907 ) ) ;
#7343 = ORIENTED_EDGE ( 'NONE', *, *, #8474, .T. ) ;
#7344 = EDGE_CURVE ( 'NONE', #529, #1425, #7331, .T. ) ;
#7345 = AXIS2_PLACEMENT_3D ( 'NONE', #2175, #7014, #792 ) ;
#7346 = CARTESIAN_POINT ( 'NONE',  ( 0.000000000000000000, -50.41666007128599603, 16.03327917319381513 ) ) ;
#7347 = LINE ( 'NONE', #7967, #3341 ) ;
#7348 = ORIENTED_EDGE ( 'NONE', *, *, #7937, .T. ) ;
#7349 = ORIENTED_EDGE ( 'NONE', *, *, #3444, .T. ) ;
#7350 = EDGE_LOOP ( 'NONE', ( #3600, #496, #1189, #3722 ) ) ;
#7351 = CARTESIAN_POINT ( 'NONE',  ( 25.00505927025263730, -6.012463504261799763, -11.42958778986839263 ) ) ;
#7352 = CARTESIAN_POINT ( 'NONE',  ( -3.120964222062970528, -100.2237600150156851, 10.29154079736028748 ) ) ;
#7353 = CARTESIAN_POINT ( 'NONE',  ( -14.09900358748084592, -53.23423536937421119, -12.27956573267454488 ) ) ;
#7354 = LINE ( 'NONE', #4769, #8637 ) ;
#7355 = VERTEX_POINT ( 'NONE', #1912 ) ;
#7356 = AXIS2_PLACEMENT_3D ( 'NONE', #2119, #4285, #3463 ) ;
#7357 = ORIENTED_EDGE ( 'NONE', *, *, #3862, .T. ) ;
#7358 = AXIS2_PLACEMENT_3D ( 'NONE', #1132, #5856, #8560 ) ;
#7359 = CARTESIAN_POINT ( 'NONE',  ( -15.87424617105140356, -12.44503733260159528, -21.29216706782821689 ) ) ;
#7360 = EDGE_CURVE ( 'NONE', #5146, #8501, #3210, .T. ) ;
#7361 = CARTESIAN_POINT ( 'NONE',  ( -2.590965651673464709, -104.8287850599220263, 45.46194596980852509 ) ) ;
#7362 = CARTESIAN_POINT ( 'NONE',  ( -20.56914544263591793, -53.48274671821675952, 21.86954957112186193 ) ) ;
#7363 = ORIENTED_EDGE ( 'NONE', *, *, #6759, .F. ) ;
#7364 = CARTESIAN_POINT ( 'NONE',  ( -14.10000000000000142, -66.93444956439211069, 4.437908102743636896 ) ) ;
#7365 = VECTOR ( 'NONE', #3888, 1000.000000000000000 ) ;
#7366 =( BOUNDED_CURVE ( )  B_SPLINE_CURVE ( 3, ( #7747, #5082, #7789, #1660, #4404, #6492, #3097, #3726, #6451, #323, #7207, #5788, #2380, #5171, #7871, #5128, #1702, #1028, #4486, #7160 ),
 .UNSPECIFIED., .F., .T. ) 
 B_SPLINE_CURVE_WITH_KNOTS ( ( 4, 2, 2, 2, 2, 2, 2, 2, 2, 4 ),
 ( 0.000000000000000000, 0.09999999999999943656, 0.1999999999999995115, 0.2999999999999995448, 0.4999999999999996669, 0.6999999999999998446, 0.7499999999999998890, 0.7999999999999998224, 0.8999999999999999112, 1.000000000000000000 ),
 .UNSPECIFIED. ) 
 CURVE ( )  GEOMETRIC_REPRESENTATION_ITEM ( )  RATIONAL_B_SPLINE_CURVE ( ( 0.9999994948678400108, 0.9999994948678400108, 0.9999994948678400108, 0.9999994948678400108, 0.9999994948695685171, 0.9999994948621812041, 0.9999994948565267272, 0.9999994946316502764, 0.9999994941328611553, 0.9999994909425187206, 0.9999994881699663107, 0.9999994849104306693, 0.9999994842780247639, 0.9999994831105877280, 0.9999994825759681571, 0.9999994811841392828, 0.9999994805568188649, 0.9999994799060318851, 0.9999994798830549314, 0.9999994798830549314 ) ) 
 REPRESENTATION_ITEM ( '' )  );
#7367 = DIRECTION ( 'NONE',  ( 0.000000000000000000, 0.000000000000000000, -1.000000000000000000 ) ) ;
#7368 = VECTOR ( 'NONE', #121, 1000.000000000000000 ) ;
#7369 = PLANE ( 'NONE',  #3113 ) ;
#7370 = CARTESIAN_POINT ( 'NONE',  ( -14.44873850346428945, -55.15111443542608782, 23.13504997546663589 ) ) ;
#7371 = ORIENTED_EDGE ( 'NONE', *, *, #8693, .T. ) ;
#7372 = CARTESIAN_POINT ( 'NONE',  ( -12.81213267600957550, 15.54374495023307823, -43.47676193468674910 ) ) ;
#7373 = AXIS2_PLACEMENT_3D ( 'NONE', #3278, #2606, #6871 ) ;
#7374 = FACE_OUTER_BOUND ( 'NONE', #8247, .T. ) ;
#7375 = CIRCLE ( 'NONE', #4521, 10.00000000000000533 ) ;
#7376 = CARTESIAN_POINT ( 'NONE',  ( -14.57787953480197096, -43.06596730526856476, -18.89226978562751569 ) ) ;
#7377 = DIRECTION ( 'NONE',  ( 0.000000000000000000, -0.1736481776669226429, -0.9848077530122093526 ) ) ;
#7378 = CARTESIAN_POINT ( 'NONE',  ( -11.64259972576112290, -15.10540089338433667, -44.12882106262451742 ) ) ;
#7379 = VERTEX_POINT ( 'NONE', #2895 ) ;
#7380 = ORIENTED_EDGE ( 'NONE', *, *, #4113, .T. ) ;
#7381 = DIRECTION ( 'NONE',  ( 1.000000000000000000, 0.000000000000000000, 0.000000000000000000 ) ) ;
#7382 = CARTESIAN_POINT ( 'NONE',  ( -4.130787569786499525, -91.53577674266631448, 5.789274385423635927 ) ) ;
#7383 = CARTESIAN_POINT ( 'NONE',  ( -20.63200071300148863, 16.37968319045804222, -23.39257156645446400 ) ) ;
#7384 = VERTEX_POINT ( 'NONE', #1419 ) ;
#7385 = CARTESIAN_POINT ( 'NONE',  ( 23.44999999999999929, -25.46246350426179816, -43.29634816116374907 ) ) ;
#7386 = CARTESIAN_POINT ( 'NONE',  ( -1.507893216433098260, -120.4563936295451043, 18.11499359570927226 ) ) ;
#7387 = ORIENTED_EDGE ( 'NONE', *, *, #2474, .F. ) ;
#7388 = FACE_OUTER_BOUND ( 'NONE', #3489, .T. ) ;
#7389 = CARTESIAN_POINT ( 'NONE',  ( -16.05615106662524738, -14.46246350426196869, -47.32201637687846585 ) ) ;
#7390 = CARTESIAN_POINT ( 'NONE',  ( 0.000000000000000000, -74.66354740713653371, 13.27312437272159151 ) ) ;
#7391 = DIRECTION ( 'NONE',  ( -0.000000000000000000, 0.3232551092554108996, 0.9463118589240400169 ) ) ;
#7392 = EDGE_LOOP ( 'NONE', ( #2659, #2046, #6924, #166 ) ) ;
#7393 = AXIS2_PLACEMENT_3D ( 'NONE', #3378, #28, #8733 ) ;
#7394 = CARTESIAN_POINT ( 'NONE',  ( -14.40556723980825993, -13.52053005258165186, -21.59456266214134246 ) ) ;
#7395 = CARTESIAN_POINT ( 'NONE',  ( -14.10000000000000142, -54.60113403017650313, -5.910972413209566234 ) ) ;
#7396 = PLANE ( 'NONE',  #8409 ) ;
#7397 = AXIS2_PLACEMENT_3D ( 'NONE', #5970, #8679, #8054 ) ;
#7398 = EDGE_CURVE ( 'NONE', #6196, #5086, #3164, .T. ) ;
#7399 = PLANE ( 'NONE',  #6979 ) ;
#7400 = LINE ( 'NONE', #7308, #5249 ) ;
#7401 = CARTESIAN_POINT ( 'NONE',  ( -21.15428731910337135, -53.77466363643519287, 15.33429553255528077 ) ) ;
#7402 = CARTESIAN_POINT ( 'NONE',  ( -18.44999999999999929, 28.40124910728394880, -13.13131939852209307 ) ) ;
#7403 = ORIENTED_EDGE ( 'NONE', *, *, #3979, .F. ) ;
#7404 = VERTEX_POINT ( 'NONE', #2220 ) ;
#7405 = CARTESIAN_POINT ( 'NONE',  ( -15.00000000000000000, -115.6261272776792737, 30.78144290943647832 ) ) ;
#7406 = EDGE_CURVE ( 'NONE', #8161, #7432, #162, .T. ) ;
#7407 = CARTESIAN_POINT ( 'NONE',  ( -1.565221250566802169, -113.7656621670444252, 47.65278217598800126 ) ) ;
#7408 = CARTESIAN_POINT ( 'NONE',  ( -0.8438348351004418824, -58.14004612384605508, 22.34466863858732566 ) ) ;
#7409 = ORIENTED_EDGE ( 'NONE', *, *, #4254, .F. ) ;
#7410 = EDGE_CURVE ( 'NONE', #5307, #4329, #8182, .T. ) ;
#7411 = CARTESIAN_POINT ( 'NONE',  ( -19.65137614678898359, -58.57735115207956511, 19.00500654401064793 ) ) ;
#7412 = CARTESIAN_POINT ( 'NONE',  ( -5.999999999999998224, -116.1242084823501983, 39.94962174011556044 ) ) ;
#7413 = EDGE_CURVE ( 'NONE', #3789, #6831, #6167, .T. ) ;
#7414 = CARTESIAN_POINT ( 'NONE',  ( -15.15298710458610287, -89.20343762010806188, 17.04630529404437667 ) ) ;
#7415 = DIRECTION ( 'NONE',  ( 0.000000000000000000, -0.7071067811865475727, 0.7071067811865475727 ) ) ;
#7416 = CARTESIAN_POINT ( 'NONE',  ( 0.000000000000000000, 34.52346029824676776, -7.204386791072463936 ) ) ;
#7417 = ORIENTED_EDGE ( 'NONE', *, *, #2034, .F. ) ;
#7418 = VECTOR ( 'NONE', #1545, 1000.000000000000000 ) ;
#7419 = CARTESIAN_POINT ( 'NONE',  ( -12.77925525088327596, 15.59627742602075884, -43.77943824049257415 ) ) ;
#7420 = EDGE_CURVE ( 'NONE', #8297, #1345, #2215, .T. ) ;
#7421 = CARTESIAN_POINT ( 'NONE',  ( -9.099999999999999645, -71.59936963466060433, 10.70197393397544339 ) ) ;
#7422 = CARTESIAN_POINT ( 'NONE',  ( -15.00000000000000355, -94.04369232864578976, 20.43189066072880422 ) ) ;
#7423 = B_SPLINE_CURVE_WITH_KNOTS ( 'NONE', 3,
 ( #6420, #2340, #1082, #3823 ),
 .UNSPECIFIED., .F., .F.,
 ( 4, 4 ),
 ( 3.469446951953614189E-18, 3.160723425999997939E-05 ),
 .UNSPECIFIED. ) ;
#7424 =( BOUNDED_CURVE ( )  B_SPLINE_CURVE ( 2, ( #447, #8452, #3177 ),
 .UNSPECIFIED., .F., .F. ) 
 B_SPLINE_CURVE_WITH_KNOTS ( ( 3, 3 ),
 ( 0.000000000000000000, 1.000000000000000000 ),
 .UNSPECIFIED. ) 
 CURVE ( )  GEOMETRIC_REPRESENTATION_ITEM ( )  RATIONAL_B_SPLINE_CURVE ( ( 1.000000000000000000, 0.7071067811865475727, 1.000000000000000000 ) ) 
 REPRESENTATION_ITEM ( '' )  );
#7425 = CARTESIAN_POINT ( 'NONE',  ( -12.17626736718826308, -14.69363334582544312, -43.45404443497120184 ) ) ;
#7426 = ORIENTED_EDGE ( 'NONE', *, *, #2242, .F. ) ;
#7427 = ORIENTED_EDGE ( 'NONE', *, *, #891, .F. ) ;
#7428 = CARTESIAN_POINT ( 'NONE',  ( -18.61193008717060948, 32.94072101152944043, -15.90142032974124042 ) ) ;
#7429 = DIRECTION ( 'NONE',  ( -1.000000000000000000, 0.000000000000000000, 0.000000000000000000 ) ) ;
#7430 = CARTESIAN_POINT ( 'NONE',  ( -15.26520051939480815, -92.17906822924776122, 6.048610635819530401 ) ) ;
#7431 = CARTESIAN_POINT ( 'NONE',  ( -14.99999999999999822, -103.6513834066037845, 33.02480903446488725 ) ) ;
#7432 = VERTEX_POINT ( 'NONE', #7723 ) ;
#7433 = CARTESIAN_POINT ( 'NONE',  ( 15.00000000000000355, -120.4859869534280250, 49.30024030737046559 ) ) ;
#7434 = DIRECTION ( 'NONE',  ( 0.000000000000000000, 0.1736481776669232813, 0.9848077530122092416 ) ) ;
#7435 = ORIENTED_EDGE ( 'NONE', *, *, #2069, .F. ) ;
#7436 = CARTESIAN_POINT ( 'NONE',  ( -16.58246250791178156, -68.47573229189882227, 30.05623910598079718 ) ) ;
#7437 = DIRECTION ( 'NONE',  ( -0.000000000000000000, 0.9396926207859085389, -0.3420201433256683243 ) ) ;
#7438 = CARTESIAN_POINT ( 'NONE',  ( -20.47607904672179657, -52.87680728615082160, -9.137495951399770888 ) ) ;
#7439 = LINE ( 'NONE', #3227, #4504 ) ;
#7440 = ORIENTED_EDGE ( 'NONE', *, *, #2088, .F. ) ;
#7441 = LINE ( 'NONE', #3901, #4243 ) ;
#7442 = FACE_OUTER_BOUND ( 'NONE', #7263, .T. ) ;
#7443 = ORIENTED_EDGE ( 'NONE', *, *, #5782, .F. ) ;
#7444 = DIRECTION ( 'NONE',  ( 0.6612218396122967468, 0.01470930497426023442, 0.7500462086877743850 ) ) ;
#7445 = CARTESIAN_POINT ( 'NONE',  ( -12.17662283090875519, 15.76842212079090544, -43.45210263157891006 ) ) ;
#7446 = CARTESIAN_POINT ( 'NONE',  ( -13.69570080080609564, -57.20396620131887033, -8.948566055716742795 ) ) ;
#7447 = DIRECTION ( 'NONE',  ( 0.000000000000000000, -0.7660444431189817882, 0.6427876096865347000 ) ) ;
#7448 = ORIENTED_EDGE ( 'NONE', *, *, #766, .T. ) ;
#7449 = ORIENTED_EDGE ( 'NONE', *, *, #7024, .T. ) ;
#7450 = ADVANCED_FACE ( 'NONE', ( #6886 ), #202, .F. ) ;
#7451 = CARTESIAN_POINT ( 'NONE',  ( -15.00000000000159339, -116.2297133131423408, 48.25683350174870156 ) ) ;
#7452 = ORIENTED_EDGE ( 'NONE', *, *, #1290, .F. ) ;
#7453 = PLANE ( 'NONE',  #6120 ) ;
#7454 = CARTESIAN_POINT ( 'NONE',  ( -3.630759203310287120, 32.76893402286514601, -16.62210686536052862 ) ) ;
#7455 = DIRECTION ( 'NONE',  ( 0.000000000000000000, -0.3420201433256705448, -0.9396926207859077618 ) ) ;
#7456 = CARTESIAN_POINT ( 'NONE',  ( -3.347396441573647241, -98.02766742724880089, 8.949633549120218134 ) ) ;
#7457 = ORIENTED_EDGE ( 'NONE', *, *, #2836, .T. ) ;
#7458 = DIRECTION ( 'NONE',  ( 1.000000000000000000, -0.000000000000000000, -0.000000000000000000 ) ) ;
#7459 = EDGE_CURVE ( 'NONE', #3526, #7568, #5596, .T. ) ;
#7460 = ADVANCED_FACE ( 'NONE', ( #5550 ), #8298, .F. ) ;
#7461 = CARTESIAN_POINT ( 'NONE',  ( -15.31500696584111232, -81.50422088149022670, 27.41257793996683390 ) ) ;
#7462 = CARTESIAN_POINT ( 'NONE',  ( -5.999999999999998224, -6.012463504261799763, -21.29634816116374907 ) ) ;
#7463 = APPLICATION_PROTOCOL_DEFINITION ( 'draft international standard', 'automotive_design', 1998, #8827 ) ;
#7464 = CARTESIAN_POINT ( 'NONE',  ( -12.13420490080192238, -14.72716720648485911, -43.60163055454967918 ) ) ;
#7465 = EDGE_LOOP ( 'NONE', ( #5078, #3398 ) ) ;
#7466 = ORIENTED_EDGE ( 'NONE', *, *, #4792, .T. ) ;
#7467 = CARTESIAN_POINT ( 'NONE',  ( -15.00000000000000000, -108.3892695076681747, 33.47571909227831100 ) ) ;
#7468 = CARTESIAN_POINT ( 'NONE',  ( -3.425827590232191966, -99.19646062303706913, 43.97355339616488124 ) ) ;
#7469 = DIRECTION ( 'NONE',  ( 1.000000000000000000, 0.000000000000000000, 0.000000000000000000 ) ) ;
#7470 = PLANE ( 'NONE',  #4796 ) ;
#7471 = EDGE_LOOP ( 'NONE', ( #275, #8833, #6338, #8035, #2524, #2583 ) ) ;
#7472 = DIRECTION ( 'NONE',  ( -0.000000000000000000, -0.7660444431189818992, 0.6427876096865347000 ) ) ;
#7473 = CARTESIAN_POINT ( 'NONE',  ( -6.000000000000000000, -49.46863626127934310, -10.21764939810934791 ) ) ;
#7474 = ORIENTED_EDGE ( 'NONE', *, *, #8492, .T. ) ;
#7475 = VECTOR ( 'NONE', #4035, 1000.000000000000114 ) ;
#7476 = DIRECTION ( 'NONE',  ( 0.000000000000000000, 0.000000000000000000, -1.000000000000000000 ) ) ;
#7477 = CARTESIAN_POINT ( 'NONE',  ( -16.24173889606021248, 24.13005304673215079, -45.29634816116374196 ) ) ;
#7478 = CARTESIAN_POINT ( 'NONE',  ( -16.62441015492698781, -21.47862072718013593, -45.29634816116374907 ) ) ;
#7479 = ORIENTED_EDGE ( 'NONE', *, *, #4440, .F. ) ;
#7480 = VECTOR ( 'NONE', #3844, 1000.000000000000000 ) ;
#7481 = CARTESIAN_POINT ( 'NONE',  ( -6.034157695556142009, -79.63623670357654305, 2.727723340683080089 ) ) ;
#7482 = CARTESIAN_POINT ( 'NONE',  ( -4.400000000000000355, -140.1086479597152561, 31.06710166095935577 ) ) ;
#7483 = CARTESIAN_POINT ( 'NONE',  ( -11.24676431252964370, 16.46744751756637015, -44.26412280698345825 ) ) ;
#7484 = CARTESIAN_POINT ( 'NONE',  ( -13.05694329451492663, -60.27105260366889894, -6.374974986716019032 ) ) ;
#7485 = CARTESIAN_POINT ( 'NONE',  ( -23.44999999999999929, 17.53753649573836881, -45.29634816116374196 ) ) ;
#7486 = ORIENTED_EDGE ( 'NONE', *, *, #31, .T. ) ;
#7487 = ORIENTED_EDGE ( 'NONE', *, *, #2701, .F. ) ;
#7488 = CARTESIAN_POINT ( 'NONE',  ( -15.00000000000000000, -108.3892695076681747, 33.47571909227831100 ) ) ;
#7489 = B_SPLINE_CURVE_WITH_KNOTS ( 'NONE', 3,
 ( #552, #8104, #2743, #6194, #1938, #1980, #3277, #6021, #6112, #5487, #6063, #2114, #4768, #4051 ),
 .UNSPECIFIED., .F., .F.,
 ( 4, 2, 2, 2, 2, 2, 4 ),
 ( 0.000000000000000000, 0.2472902208876404384, 0.3709353313314601719, 0.4945804417752799331, 0.7418706626629193446, 0.9891608835505598663, 1.000000000000000000 ),
 .UNSPECIFIED. ) ;
#7490 = LINE ( 'NONE', #1894, #7067 ) ;
#7491 = EDGE_CURVE ( 'NONE', #6157, #2415, #7637, .T. ) ;
#7492 = ORIENTED_EDGE ( 'NONE', *, *, #4400, .T. ) ;
#7493 = LINE ( 'NONE', #3601, #4712 ) ;
#7494 = DIRECTION ( 'NONE',  ( 0.000000000000000000, -0.3420201433256649381, -0.9396926207859097602 ) ) ;
#7495 = CIRCLE ( 'NONE', #2630, 1.900000000000011013 ) ;
#7496 = DIRECTION ( 'NONE',  ( 0.000000000000000000, -0.9396926207859082059, 0.3420201433256692125 ) ) ;
#7497 = CARTESIAN_POINT ( 'NONE',  ( -2.926504147419392687, -102.6166046680697406, 44.91963965419321170 ) ) ;
#7498 = CARTESIAN_POINT ( 'NONE',  ( 0.000000000000000000, -22.82182225824879751, -14.25357600088131171 ) ) ;
#7499 = AXIS2_PLACEMENT_3D ( 'NONE', #1734, #7242, #1106 ) ;
#7500 = ORIENTED_EDGE ( 'NONE', *, *, #2474, .T. ) ;
#7501 = CARTESIAN_POINT ( 'NONE',  ( -12.74032748668713744, 15.65819480328194402, -43.98177491355170332 ) ) ;
#7502 = CARTESIAN_POINT ( 'NONE',  ( -19.65137614678862832, -64.06520621715407060, 7.305742657561768105 ) ) ;
#7503 = AXIS2_PLACEMENT_3D ( 'NONE', #6990, #2191, #6185 ) ;
#7504 = CARTESIAN_POINT ( 'NONE',  ( -15.00000000000186517, -128.7878859253364396, 19.63277370312812309 ) ) ;
#7505 = CARTESIAN_POINT ( 'NONE',  ( -12.14169325103823383, -14.72121049215024868, -43.58139259625534834 ) ) ;
#7506 = ORIENTED_EDGE ( 'NONE', *, *, #144, .F. ) ;
#7507 = ORIENTED_EDGE ( 'NONE', *, *, #656, .T. ) ;
#7508 = CARTESIAN_POINT ( 'NONE',  ( -15.00000000000000000, -118.8118010860180789, 34.90563858678819997 ) ) ;
#7509 = EDGE_CURVE ( 'NONE', #1425, #4010, #6121, .T. ) ;
#7510 = CARTESIAN_POINT ( 'NONE',  ( -4.863171442739662176, -90.80977038054355432, 40.67659982221045567 ) ) ;
#7511 = VECTOR ( 'NONE', #4231, 1000.000000000000000 ) ;
#7512 = CARTESIAN_POINT ( 'NONE',  ( 0.000000000000000000, -76.37521062310625553, 25.48216967743977079 ) ) ;
#7513 = CARTESIAN_POINT ( 'NONE',  ( -8.150000000000000355, -76.10435538319671878, 16.87016425251036722 ) ) ;
#7514 = B_SPLINE_SURFACE_WITH_KNOTS ( 'NONE', 1, 3, ( 
 ( #147, #8321, #6151, #3455, #2788, #101, #5581, #4903, #1488, #6955, #3009, #2293, #2420, #364, #3815, #1659, #4357, #1618 ),
 ( #3136, #3724, #5786, #7159, #6448, #5747, #5125, #8451, #321, #946, #1025, #3052, #5080, #7869, #3765, #2330, #7826, #5035 ) ),
 .UNSPECIFIED., .F., .F., .F.,
 ( 2, 2 ),
 ( 4, 2, 2, 2, 2, 2, 2, 2, 4 ),
 ( 0.000000000000000000, 1.000000000000000000 ),
 ( 4.712388980384688786, 4.905980132762865153, 5.099571285141040633, 5.293162437519216112, 5.486753589897391592, 5.680344742275567071, 5.873935894653743439, 6.067527047031919807, 6.261118199410095286 ),
 .UNSPECIFIED. ) ;
#7515 = LINE ( 'NONE', #6009, #2042 ) ;
#7516 = AXIS2_PLACEMENT_3D ( 'NONE', #2738, #6953, #5482 ) ;
#7517 = ORIENTED_EDGE ( 'NONE', *, *, #5449, .T. ) ;
#7518 = LINE ( 'NONE', #7385, #8317 ) ;
#7519 = LINE ( 'NONE', #91, #4660 ) ;
#7520 = EDGE_CURVE ( 'NONE', #4234, #5147, #1199, .T. ) ;
#7521 = ORIENTED_EDGE ( 'NONE', *, *, #5561, .T. ) ;
#7522 = VERTEX_POINT ( 'NONE', #1807 ) ;
#7523 = ADVANCED_FACE ( 'NONE', ( #7885 ), #3156, .F. ) ;
#7524 = DIRECTION ( 'NONE',  ( 0.000000000000000000, 0.6427876096865348110, 0.7660444431189818992 ) ) ;
#7525 = CARTESIAN_POINT ( 'NONE',  ( -17.00893553347697562, 23.49298626163044545, -45.29634816116374196 ) ) ;
#7526 = ORIENTED_EDGE ( 'NONE', *, *, #5142, .F. ) ;
#7527 = ADVANCED_FACE ( 'NONE', ( #1761 ), #7802, .F. ) ;
#7528 = VECTOR ( 'NONE', #6530, 999.9999999999998863 ) ;
#7529 = DIRECTION ( 'NONE',  ( 0.000000000000000000, -2.312964634635742267E-15, -1.000000000000000000 ) ) ;
#7530 = CARTESIAN_POINT ( 'NONE',  ( -21.68447591565696086, 23.18040418313003670, -28.23577675914007301 ) ) ;
#7531 = CARTESIAN_POINT ( 'NONE',  ( -13.78989587259941452, -13.62387424746987996, -21.29634816116374907 ) ) ;
#7532 = CARTESIAN_POINT ( 'NONE',  ( -13.48358945513046692, 15.16543602431547733, -22.13235975456259652 ) ) ;
#7533 = DIRECTION ( 'NONE',  ( 0.000000000000000000, 1.000000000000000000, 2.118471673958353777E-16 ) ) ;
#7534 = CARTESIAN_POINT ( 'NONE',  ( -14.09999999999999964, -39.23241120174885310, 6.648580071770402888 ) ) ;
#7535 = ORIENTED_EDGE ( 'NONE', *, *, #6528, .T. ) ;
#7536 = ORIENTED_EDGE ( 'NONE', *, *, #5823, .F. ) ;
#7537 = CARTESIAN_POINT ( 'NONE',  ( -15.00000000000000000, -118.8118010860180789, 34.90563858678819997 ) ) ;
#7538 = AXIS2_PLACEMENT_3D ( 'NONE', #2345, #5096, #4498 ) ;
#7539 = DIRECTION ( 'NONE',  ( 0.000000000000000000, -0.1736481776669252519, -0.9848077530122090195 ) ) ;
#7540 = EDGE_LOOP ( 'NONE', ( #2065, #1824, #608, #1841, #29, #3746 ) ) ;
#7541 = CARTESIAN_POINT ( 'NONE',  ( -6.702789537613828230, -77.30230104914156186, 2.344414059612009105 ) ) ;
#7542 = LINE ( 'NONE', #113, #682 ) ;
#7543 = AXIS2_PLACEMENT_3D ( 'NONE', #6649, #5276, #5739 ) ;
#7544 = DIRECTION ( 'NONE',  ( -1.000000000000000000, 0.000000000000000000, 0.000000000000000000 ) ) ;
#7545 = PLANE ( 'NONE',  #7956 ) ;
#7546 = CARTESIAN_POINT ( 'NONE',  ( -6.749269901708617958, -127.3562875011207467, 42.27491820436465275 ) ) ;
#7547 = ORIENTED_EDGE ( 'NONE', *, *, #3732, .F. ) ;
#7548 = B_SPLINE_CURVE_WITH_KNOTS ( 'NONE', 3,
 ( #5943, #3790, #3120, #3840, #6516, #344, #3161, #5815, #8565, #1010, #5901, #8604, #2402, #5233, #3075, #4556, #5154, #7277 ),
 .UNSPECIFIED., .F., .F.,
 ( 4, 2, 2, 2, 2, 2, 2, 2, 4 ),
 ( 0.000000000000000000, 0.1249999999999999584, 0.2500000000000002220, 0.3750000000000001665, 0.5000000000000001110, 0.6249999999999997780, 0.7500000000000001110, 0.8750000000000003331, 1.000000000000000000 ),
 .UNSPECIFIED. ) ;
#7549 = CARTESIAN_POINT ( 'NONE',  ( -11.82352145676331467, 17.03119556727226680, -45.23189745280269847 ) ) ;
#7550 = AXIS2_PLACEMENT_3D ( 'NONE', #7166, #7753, #4368 ) ;
#7551 = CARTESIAN_POINT ( 'NONE',  ( -15.20429097852305844, -53.04568062290189090, 21.50280757174296298 ) ) ;
#7552 = AXIS2_PLACEMENT_3D ( 'NONE', #7633, #6250, #2124 ) ;
#7553 = CARTESIAN_POINT ( 'NONE',  ( -15.59936844847731585, -78.35241203225825757, 26.41712687293035344 ) ) ;
#7554 = DIRECTION ( 'NONE',  ( 0.000000000000000000, -0.3420201433256692680, -0.9396926207859083169 ) ) ;
#7555 = CARTESIAN_POINT ( 'NONE',  ( -1.104829692298527899, -129.8274270347635309, 19.90241600830837854 ) ) ;
#7556 = CARTESIAN_POINT ( 'NONE',  ( -22.83101906800077430, -47.76978312703393215, -6.637430358678389375 ) ) ;
#7557 = ORIENTED_EDGE ( 'NONE', *, *, #656, .F. ) ;
#7558 = ORIENTED_EDGE ( 'NONE', *, *, #8218, .T. ) ;
#7559 = CARTESIAN_POINT ( 'NONE',  ( -18.44999999999999929, 32.94301637382660175, -15.89135599806355792 ) ) ;
#7560 = CIRCLE ( 'NONE', #2120, 4.000000000000000000 ) ;
#7561 = CARTESIAN_POINT ( 'NONE',  ( -19.08726085664622474, -14.46246350426197758, -23.29634816116374907 ) ) ;
#7562 = FACE_OUTER_BOUND ( 'NONE', #5965, .T. ) ;
#7563 = ORIENTED_EDGE ( 'NONE', *, *, #7300, .T. ) ;
#7564 = LINE ( 'NONE', #4755, #6473 ) ;
#7565 = LINE ( 'NONE', #5430, #2503 ) ;
#7566 = ADVANCED_FACE ( 'NONE', ( #5189 ), #965, .F. ) ;
#7567 = EDGE_LOOP ( 'NONE', ( #479, #47, #8570, #2165 ) ) ;
#7568 = VERTEX_POINT ( 'NONE', #3833 ) ;
#7569 = CARTESIAN_POINT ( 'NONE',  ( -10.48447168601378898, -67.51255360434669228, 29.70567073343223541 ) ) ;
#7570 = EDGE_CURVE ( 'NONE', #3069, #1623, #5520, .T. ) ;
#7571 = CARTESIAN_POINT ( 'NONE',  ( -15.00000000000000000, -131.2712852580012282, 35.24213764297361706 ) ) ;
#7572 = ORIENTED_EDGE ( 'NONE', *, *, #7820, .F. ) ;
#7573 = EDGE_CURVE ( 'NONE', #5508, #3415, #6791, .T. ) ;
#7574 = CARTESIAN_POINT ( 'NONE',  ( -12.46895110751311186, -14.45509539977140889, -22.11845563975744255 ) ) ;
#7575 = EDGE_CURVE ( 'NONE', #7312, #155, #5764, .T. ) ;
#7576 = FACE_OUTER_BOUND ( 'NONE', #4324, .T. ) ;
#7577 = CARTESIAN_POINT ( 'NONE',  ( -17.53068050820106905, 30.22642330811766342, -23.77596164592427286 ) ) ;
#7578 = B_SPLINE_CURVE_WITH_KNOTS ( 'NONE', 3,
 ( #354, #2454, #3045, #2369, #3089, #5779, #8444, #1693, #5070, #8485, #6400, #5825, #7817, #1651, #4474, #5740, #1778, #8532 ),
 .UNSPECIFIED., .F., .F.,
 ( 4, 2, 2, 2, 2, 2, 2, 2, 4 ),
 ( 0.000000000000000000, 0.1250000000000003608, 0.2500000000000001665, 0.3749999999999999445, 0.4999999999999997224, 0.6249999999999994449, 0.7499999999999998890, 0.8750000000000002220, 1.000000000000000000 ),
 .UNSPECIFIED. ) ;
#7579 = ORIENTED_EDGE ( 'NONE', *, *, #7074, .F. ) ;
#7580 = CARTESIAN_POINT ( 'NONE',  ( -11.45643923738952097, 17.53753649573836881, -45.29634816116374196 ) ) ;
#7581 = CARTESIAN_POINT ( 'NONE',  ( -12.86643652016005213, 15.51052590926239638, -22.96625074263823407 ) ) ;
#7582 = CARTESIAN_POINT ( 'NONE',  ( 2.499999999999999781E-05, 15.53753649573837059, -45.29634816116374907 ) ) ;
#7583 = CARTESIAN_POINT ( 'NONE',  ( 0.000000000000000000, -31.33745038076713740, -11.55973543455278296 ) ) ;
#7584 = EDGE_LOOP ( 'NONE', ( #614, #3596, #3464, #4390, #199 ) ) ;
#7585 = ORIENTED_EDGE ( 'NONE', *, *, #5009, .T. ) ;
#7586 = CARTESIAN_POINT ( 'NONE',  ( -13.88911518765531383, 14.92285071689897791, -21.85343195553388540 ) ) ;
#7587 = CARTESIAN_POINT ( 'NONE',  ( -4.000000000000000000, -32.28376223969119962, -11.23648032529736263 ) ) ;
#7588 = ORIENTED_EDGE ( 'NONE', *, *, #3200, .T. ) ;
#7589 = CARTESIAN_POINT ( 'NONE',  ( -15.79999999999999893, 0.000000000000000000, 0.000000000000000000 ) ) ;
#7590 = DIRECTION ( 'NONE',  ( -1.000000000000000000, 0.000000000000000000, 0.000000000000000000 ) ) ;
#7591 = CARTESIAN_POINT ( 'NONE',  ( -21.96536483574856291, -52.84824844704488811, -12.60344721684034042 ) ) ;
#7592 = CARTESIAN_POINT ( 'NONE',  ( -15.00000000000000000, -131.2712852580012282, 35.24213764297361706 ) ) ;
#7593 = CARTESIAN_POINT ( 'NONE',  ( -5.416239561651122969, -87.91332922728801691, 39.24975185620850482 ) ) ;
#7594 = EDGE_LOOP ( 'NONE', ( #915, #6238, #1851, #3707, #1639, #1083 ) ) ;
#7595 = CARTESIAN_POINT ( 'NONE',  ( -15.00000000000000000, -121.2753247452561425, 49.49857288437914349 ) ) ;
#7596 = CARTESIAN_POINT ( 'NONE',  ( -9.598141258491674321, -53.17999810488484513, 21.60694700495926313 ) ) ;
#7597 = EDGE_CURVE ( 'NONE', #6763, #2514, #4664, .T. ) ;
#7598 = FACE_OUTER_BOUND ( 'NONE', #6468, .T. ) ;
#7599 = LINE ( 'NONE', #1464, #2055 ) ;
#7600 = CARTESIAN_POINT ( 'NONE',  ( -0.9999999999999974465, -136.9394358138792427, 22.44088499817750915 ) ) ;
#7601 = CARTESIAN_POINT ( 'NONE',  ( -11.96398543452576391, -15.75600128223172902, -45.16821624951408154 ) ) ;
#7602 = VERTEX_POINT ( 'NONE', #3785 ) ;
#7603 = ORIENTED_EDGE ( 'NONE', *, *, #245, .F. ) ;
#7604 = CARTESIAN_POINT ( 'NONE',  ( 0.000000000000000000, -121.1330780353519003, 32.03547454657585547 ) ) ;
#7605 = CARTESIAN_POINT ( 'NONE',  ( -5.671974767593654931, -86.52567134008968708, 38.56616233061781429 ) ) ;
#7606 = CARTESIAN_POINT ( 'NONE',  ( -20.04495921916269552, 21.42720991145444742, -40.92204131283278201 ) ) ;
#7607 = EDGE_CURVE ( 'NONE', #2709, #5900, #5808, .T. ) ;
#7608 = CARTESIAN_POINT ( 'NONE',  ( -15.00455547365310593, -93.49724588894035548, 20.00814953026694454 ) ) ;
#7609 = CARTESIAN_POINT ( 'NONE',  ( -22.95118024546436786, -50.01043046570479333, -5.289902995492905546 ) ) ;
#7610 = ORIENTED_EDGE ( 'NONE', *, *, #5064, .F. ) ;
#7611 = CARTESIAN_POINT ( 'NONE',  ( -22.13301231538912361, -38.47424592615409011, -13.80913735994169578 ) ) ;
#7612 = CARTESIAN_POINT ( 'NONE',  ( -14.47944345475639061, -44.32619634389249086, -18.25629345966715178 ) ) ;
#7613 = ORIENTED_EDGE ( 'NONE', *, *, #8484, .T. ) ;
#7614 = CARTESIAN_POINT ( 'NONE',  ( -19.86929933619549971, 15.53753649573836881, -23.29634816116375262 ) ) ;
#7615 = CARTESIAN_POINT ( 'NONE',  ( -17.53068050820106549, 30.22642330811765277, -23.77596164592430483 ) ) ;
#7616 = VERTEX_POINT ( 'NONE', #6598 ) ;
#7617 = CARTESIAN_POINT ( 'NONE',  ( -17.43086874078286286, 15.98179683303996335, -44.57279587168127222 ) ) ;
#7618 = DIRECTION ( 'NONE',  ( 0.000000000000000000, -2.118471673958353777E-16, 1.000000000000000000 ) ) ;
#7619 = CARTESIAN_POINT ( 'NONE',  ( -22.80510065780973150, 26.67457930543511324, -19.96941867397929826 ) ) ;
#7620 = ORIENTED_EDGE ( 'NONE', *, *, #3497, .F. ) ;
#7621 = CARTESIAN_POINT ( 'NONE',  ( -15.00000000000000000, -121.7164434134138702, 32.16958150831387542 ) ) ;
#7622 = EDGE_CURVE ( 'NONE', #2613, #3337, #6511, .T. ) ;
#7623 = AXIS2_PLACEMENT_3D ( 'NONE', #3895, #1745, #3947 ) ;
#7624 = CARTESIAN_POINT ( 'NONE',  ( -12.31541871342054861, 15.65643076142906054, -22.50441391724000084 ) ) ;
#7625 = EDGE_CURVE ( 'NONE', #4133, #5483, #381, .T. ) ;
#7626 = DIRECTION ( 'NONE',  ( 0.000000000000000000, -0.6427876096865345890, -0.7660444431189820103 ) ) ;
#7627 = FACE_OUTER_BOUND ( 'NONE', #8122, .T. ) ;
#7628 = ORIENTED_EDGE ( 'NONE', *, *, #3290, .F. ) ;
#7629 = ORIENTED_EDGE ( 'NONE', *, *, #1825, .F. ) ;
#7630 = CARTESIAN_POINT ( 'NONE',  ( -13.34917551253261969, 15.24299959284100936, -22.24929753470344096 ) ) ;
#7631 = DIRECTION ( 'NONE',  ( 0.000000000000000000, 0.000000000000000000, -1.000000000000000000 ) ) ;
#7632 = ORIENTED_EDGE ( 'NONE', *, *, #6643, .T. ) ;
#7633 = CARTESIAN_POINT ( 'NONE',  ( 23.28325370891903745, -118.8873195575527433, 22.43861868437969775 ) ) ;
#7634 = CARTESIAN_POINT ( 'NONE',  ( -12.20038454931435901, -14.67433901703587651, -23.04485031415798701 ) ) ;
#7635 = CARTESIAN_POINT ( 'NONE',  ( -15.36843112759067331, -30.07930302153903668, -26.79218022828723633 ) ) ;
#7636 = ORIENTED_EDGE ( 'NONE', *, *, #138, .F. ) ;
#7637 = LINE ( 'NONE', #2481, #7912 ) ;
#7638 = CARTESIAN_POINT ( 'NONE',  ( -22.00980253202574843, -13.70019007887383644, -19.15407695920615794 ) ) ;
#7639 = LINE ( 'NONE', #1421, #2204 ) ;
#7640 = ADVANCED_FACE ( 'NONE', ( #2396 ), #5227, .F. ) ;
#7641 = VECTOR ( 'NONE', #3889, 1000.000000000000114 ) ;
#7642 = CARTESIAN_POINT ( 'NONE',  ( -12.67794131111627465, -14.68171221009659888, -44.20764637131598107 ) ) ;
#7644 = EDGE_LOOP ( 'NONE', ( #1214, #7815, #4910, #3621 ) ) ;
#7643 = B_SPLINE_CURVE_WITH_KNOTS ( 'NONE', 1,
 ( #4912, #5001 ),
 .UNSPECIFIED., .F., .F.,
 ( 2, 2 ),
 ( 0.000000000000000000, 1.000000000000000000 ),
 .UNSPECIFIED. ) ;
#7645 = DIRECTION ( 'NONE',  ( -1.000000000000000000, 0.000000000000000000, 0.000000000000000000 ) ) ;
#7646 = CARTESIAN_POINT ( 'NONE',  ( -14.99999999999985612, -87.02701687991333301, 38.81313571136776375 ) ) ;
#7647 = CARTESIAN_POINT ( 'NONE',  ( -8.673617379884035472E-16, 31.36186134535934400, -16.49654972879051584 ) ) ;
#7648 = CARTESIAN_POINT ( 'NONE',  ( 0.000000000000000000, -90.38772566153639332, 40.46869169737222194 ) ) ;
#7649 = ORIENTED_EDGE ( 'NONE', *, *, #297, .T. ) ;
#7650 = CARTESIAN_POINT ( 'NONE',  ( -22.48931485607983305, -43.88663077459538187, -10.03060557830980137 ) ) ;
#7651 = CARTESIAN_POINT ( 'NONE',  ( -14.16796989913998317, -49.63935872243285985, -15.03266196037018432 ) ) ;
#7652 = B_SPLINE_CURVE_WITH_KNOTS ( 'NONE', 3,
 ( #6311, #5649, #4216, #135, #8309, #7698, #851, #3533, #1477, #8398, #3578, #173, #2908, #8355, #4981, #2953, #1566, #2282, #2188, #4306 ),
 .UNSPECIFIED., .F., .F.,
 ( 4, 2, 2, 2, 2, 2, 2, 2, 2, 4 ),
 ( 0.000000000000000000, 0.1561388013004285369, 0.2342082019506428470, 0.3122776026008570738, 0.3903470032510713561, 0.4684164039012856939, 0.6245552052017141476, 0.7806940065021427122, 0.9368328078025713879, 1.000000000000000000 ),
 .UNSPECIFIED. ) ;
#7653 = ORIENTED_EDGE ( 'NONE', *, *, #7575, .T. ) ;
#7654 = AXIS2_PLACEMENT_3D ( 'NONE', #3343, #7288, #7951 ) ;
#7655 = VECTOR ( 'NONE', #2539, 1000.000000000000000 ) ;
#7656 = CARTESIAN_POINT ( 'NONE',  ( -20.34495672306512404, 13.53753649573836704, -21.29634816116374907 ) ) ;
#7657 = CARTESIAN_POINT ( 'NONE',  ( -11.99078602680291539, -14.84011276587283135, -43.84964650824306887 ) ) ;
#7658 = VERTEX_POINT ( 'NONE', #5937 ) ;
#7659 = EDGE_CURVE ( 'NONE', #7712, #7384, #427, .T. ) ;
#7660 = CARTESIAN_POINT ( 'NONE',  ( -15.48154784662274608, -12.76550385430303258, -21.32756014627797114 ) ) ;
#7661 = CARTESIAN_POINT ( 'NONE',  ( -16.62356918122643989, -48.97335246964942002, 18.08571852031589344 ) ) ;
#7662 = CARTESIAN_POINT ( 'NONE',  ( -17.13376508971724732, 29.01661983803557376, -26.34989567970675850 ) ) ;
#7663 = AXIS2_PLACEMENT_3D ( 'NONE', #6406, #2540, #5996 ) ;
#7664 = VERTEX_POINT ( 'NONE', #2309 ) ;
#7665 = CARTESIAN_POINT ( 'NONE',  ( -13.71273893574757530, -13.65901445995839225, -21.29634816116374552 ) ) ;
#7666 = CARTESIAN_POINT ( 'NONE',  ( -13.28480771056362109, 15.27963025806919717, -22.31116282529315242 ) ) ;
#7667 = CARTESIAN_POINT ( 'NONE',  ( -15.94813931353871261, -50.77253353527386537, 19.59541068890248994 ) ) ;
#7668 = VECTOR ( 'NONE', #6425, 999.9999999999998863 ) ;
#7669 = DIRECTION ( 'NONE',  ( 0.000000000000000000, -0.9463118589240399059, 0.3232551092554114547 ) ) ;
#7670 = VERTEX_POINT ( 'NONE', #5052 ) ;
#7671 = VECTOR ( 'NONE', #5750, 1000.000000000000000 ) ;
#7672 = VERTEX_POINT ( 'NONE', #7761 ) ;
#7673 = LINE ( 'NONE', #7003, #8215 ) ;
#7674 = CARTESIAN_POINT ( 'NONE',  ( -5.999999999999998224, -50.75421148065240828, -11.74973828434730194 ) ) ;
#7675 = EDGE_CURVE ( 'NONE', #141, #2097, #8473, .T. ) ;
#7676 = ORIENTED_EDGE ( 'NONE', *, *, #4947, .F. ) ;
#7677 = CARTESIAN_POINT ( 'NONE',  ( 0.000000000000000000, -81.25785408221126715, 11.93452027621733080 ) ) ;
#7678 = CARTESIAN_POINT ( 'NONE',  ( -15.79999999999999893, -58.35475180145950702, -2.761313125745556096 ) ) ;
#7679 = DIRECTION ( 'NONE',  ( -0.000000000000000000, 0.6427876096865405842, 0.7660444431189770143 ) ) ;
#7680 = DIRECTION ( 'NONE',  ( 1.000000000000000000, 0.000000000000000000, 0.000000000000000000 ) ) ;
#7681 = LINE ( 'NONE', #5097, #2686 ) ;
#7682 = EDGE_LOOP ( 'NONE', ( #662, #6233, #3875, #7002 ) ) ;
#7683 = EDGE_CURVE ( 'NONE', #4713, #16, #3450, .T. ) ;
#7684 = CARTESIAN_POINT ( 'NONE',  ( -21.78209280789293700, -15.96187295069484158, -20.56019055771220749 ) ) ;
#7685 = EDGE_CURVE ( 'NONE', #5029, #5763, #1484, .T. ) ;
#7686 = CARTESIAN_POINT ( 'NONE',  ( -15.08193198524772782, -81.94955934100832451, 36.31187310027288362 ) ) ;
#7687 = DIRECTION ( 'NONE',  ( 1.000000000000000000, 0.000000000000000000, 0.000000000000000000 ) ) ;
#7688 = ADVANCED_FACE ( 'NONE', ( #4684 ), #651, .F. ) ;
#7689 = CARTESIAN_POINT ( 'NONE',  ( -12.79595765819839315, -14.49454228379637399, -43.65581637810822713 ) ) ;
#7690 = ORIENTED_EDGE ( 'NONE', *, *, #677, .T. ) ;
#7691 = FACE_OUTER_BOUND ( 'NONE', #734, .T. ) ;
#7692 = CARTESIAN_POINT ( 'NONE',  ( -15.00000000000029132, -87.83388305796361806, 39.21061499855714061 ) ) ;
#7693 = EDGE_CURVE ( 'NONE', #886, #4208, #1739, .T. ) ;
#7694 = CARTESIAN_POINT ( 'NONE',  ( -15.00000000000000000, -94.22361619048319881, 31.26372337889589303 ) ) ;
#7695 = DIRECTION ( 'NONE',  ( 0.000000000000000000, 0.1736481776669230870, 0.9848077530122093526 ) ) ;
#7696 = ORIENTED_EDGE ( 'NONE', *, *, #7520, .T. ) ;
#7697 = DIRECTION ( 'NONE',  ( -1.000000000000000000, 2.592365900567902216E-17, -4.571040521386995250E-18 ) ) ;
#7698 = CARTESIAN_POINT ( 'NONE',  ( -12.26537268658037760, 15.69705246787808939, -22.68138828553306396 ) ) ;
#7699 = VERTEX_POINT ( 'NONE', #6576 ) ;
#7700 = VECTOR ( 'NONE', #6921, 1000.000000000000000 ) ;
#7701 = FACE_OUTER_BOUND ( 'NONE', #6650, .T. ) ;
#7702 = CARTESIAN_POINT ( 'NONE',  ( -15.00000000000000000, -129.8537529570932634, 34.63416893920771855 ) ) ;
#7703 = ORIENTED_EDGE ( 'NONE', *, *, #3955, .T. ) ;
#7704 = CARTESIAN_POINT ( 'NONE',  ( -14.41259434578332055, -13.52235537828557632, -21.60307158963392737 ) ) ;
#7705 = CARTESIAN_POINT ( 'NONE',  ( -3.000000000000000444, 39.70944533907579910, -17.96845401061278125 ) ) ;
#7706 = AXIS2_PLACEMENT_3D ( 'NONE', #1123, #4675, #4627 ) ;
#7707 = VERTEX_POINT ( 'NONE', #1834 ) ;
#7708 = DIRECTION ( 'NONE',  ( 1.000000000000000000, -0.000000000000000000, -0.000000000000000000 ) ) ;
#7709 = CARTESIAN_POINT ( 'NONE',  ( -14.28985504348061397, 13.80604958047172381, -20.44999541172005308 ) ) ;
#7710 = CARTESIAN_POINT ( 'NONE',  ( -21.10680849180458196, -51.67946509452050208, 20.35641662576981403 ) ) ;
#7711 = CARTESIAN_POINT ( 'NONE',  ( -11.82231663218167839, -15.95815976518933788, -45.23463046153947431 ) ) ;
#7712 = VERTEX_POINT ( 'NONE', #4478 ) ;
#7713 = ORIENTED_EDGE ( 'NONE', *, *, #6366, .T. ) ;
#7714 = CARTESIAN_POINT ( 'NONE',  ( -15.14707553785846983, 14.08031003402382453, -21.37038454170853896 ) ) ;
#7715 = LINE ( 'NONE', #5493, #3925 ) ;
#7716 = ORIENTED_EDGE ( 'NONE', *, *, #2856, .T. ) ;
#7717 = CARTESIAN_POINT ( 'NONE',  ( -14.48506083476680573, -25.51271872940406737, -37.96317803608577179 ) ) ;
#7718 = FACE_OUTER_BOUND ( 'NONE', #720, .T. ) ;
#7719 = CARTESIAN_POINT ( 'NONE',  ( -4.792071102610903743, -91.22629288398167091, 40.87561440479991859 ) ) ;
#7720 = FACE_OUTER_BOUND ( 'NONE', #1910, .T. ) ;
#7721 = ORIENTED_EDGE ( 'NONE', *, *, #4902, .T. ) ;
#7722 = EDGE_CURVE ( 'NONE', #6543, #743, #4945, .T. ) ;
#7723 = CARTESIAN_POINT ( 'NONE',  ( 0.000000000000000000, 32.26483186922731505, -11.37554941312703427 ) ) ;
#7724 = CARTESIAN_POINT ( 'NONE',  ( -21.74848742844213945, -16.15284120336576379, -20.79288604686765396 ) ) ;
#7725 = CARTESIAN_POINT ( 'NONE',  ( -5.999999999999998224, -49.46863626127934310, -10.21764939810934791 ) ) ;
#7726 = CARTESIAN_POINT ( 'NONE',  ( -21.58334415447093591, -57.47830971295942959, 2.547588195108581477 ) ) ;
#7727 = ORIENTED_EDGE ( 'NONE', *, *, #3557, .F. ) ;
#7728 = CARTESIAN_POINT ( 'NONE',  ( -21.44999999999999929, 30.98458179031142024, -11.14980678216003263 ) ) ;
#7729 = CARTESIAN_POINT ( 'NONE',  ( -5.302615664173624843, -88.51459565383586892, 39.54594837198466450 ) ) ;
#7730 = EDGE_CURVE ( 'NONE', #4313, #4263, #1066, .T. ) ;
#7731 = CARTESIAN_POINT ( 'NONE',  ( 0.000000000000000000, -31.33745038076713740, -11.55973543455278296 ) ) ;
#7732 = DIRECTION ( 'NONE',  ( -1.000000000000000000, -0.000000000000000000, -0.000000000000000000 ) ) ;
#7733 = CARTESIAN_POINT ( 'NONE',  ( -22.60936550526009725, -45.35478775904871895, -8.820165193902989031 ) ) ;
#7734 = DIRECTION ( 'NONE',  ( 0.000000000000000000, -0.3232551092554040162, -0.9463118589240424594 ) ) ;
#7735 = ORIENTED_EDGE ( 'NONE', *, *, #6450, .T. ) ;
#7736 = CARTESIAN_POINT ( 'NONE',  ( -11.20039882815572518, -64.97180698876599081, 28.71882970344720931 ) ) ;
#7737 = LINE ( 'NONE', #4435, #361 ) ;
#7738 = CARTESIAN_POINT ( 'NONE',  ( -12.04867804548370103, -14.79476802153760673, -43.76905446313162429 ) ) ;
#7739 = ORIENTED_EDGE ( 'NONE', *, *, #7659, .T. ) ;
#7740 = CARTESIAN_POINT ( 'NONE',  ( -20.33165866602503158, 14.42383958470099437, -21.49868252040045391 ) ) ;
#7741 = CARTESIAN_POINT ( 'NONE',  ( -13.35568730546562222, -14.16698864912079081, -22.25453278783559341 ) ) ;
#7742 = FACE_OUTER_BOUND ( 'NONE', #5316, .T. ) ;
#7743 = VERTEX_POINT ( 'NONE', #1069 ) ;
#7744 = ORIENTED_EDGE ( 'NONE', *, *, #1292, .F. ) ;
#7745 = CARTESIAN_POINT ( 'NONE',  ( -15.00000000000000000, -95.59509845033032605, 31.64949144815125237 ) ) ;
#7746 = ADVANCED_FACE ( 'NONE', ( #1918 ), #2550, .T. ) ;
#7747 = CARTESIAN_POINT ( 'NONE',  ( -1.123582429141872785, -120.4859869534280250, 49.30024030737046559 ) ) ;
#7748 = CARTESIAN_POINT ( 'NONE',  ( -15.82064678495224541, -51.15057041472908850, 19.91262129502477762 ) ) ;
#7749 = CYLINDRICAL_SURFACE ( 'NONE', #8074, 5.000000000000000000 ) ;
#7750 = ORIENTED_EDGE ( 'NONE', *, *, #7950, .T. ) ;
#7751 = VERTEX_POINT ( 'NONE', #486 ) ;
#7752 = CARTESIAN_POINT ( 'NONE',  ( -11.24676431252964370, 16.46744751756637015, -44.26412280698345825 ) ) ;
#7753 = DIRECTION ( 'NONE',  ( 0.000000000000000000, 0.3420201433256692680, 0.9396926207859083169 ) ) ;
#7754 = ORIENTED_EDGE ( 'NONE', *, *, #1799, .T. ) ;
#7755 = CARTESIAN_POINT ( 'NONE',  ( -15.11724466667444133, -36.75764474063643661, -21.59167978725307790 ) ) ;
#7756 = AXIS2_PLACEMENT_3D ( 'NONE', #4799, #5518, #4847 ) ;
#7757 = CARTESIAN_POINT ( 'NONE',  ( -12.67335791100572351, -61.71939882608335637, -5.159668205671061436 ) ) ;
#7758 = CARTESIAN_POINT ( 'NONE',  ( -4.023718307999082811, -95.57530109429902154, 42.73319754226404399 ) ) ;
#7759 = CARTESIAN_POINT ( 'NONE',  ( -5.750000000000000000, 2.887536495738198372, -34.50673323046109431 ) ) ;
#7760 = ORIENTED_EDGE ( 'NONE', *, *, #7722, .T. ) ;
#7761 = CARTESIAN_POINT ( 'NONE',  ( -14.25000000000000000, -34.26154548852704096, -1.676007379934206343 ) ) ;
#7762 = CARTESIAN_POINT ( 'NONE',  ( -7.305930081347459470, -78.60040381889797345, 34.66200849344340895 ) ) ;
#7763 = CARTESIAN_POINT ( 'NONE',  ( -15.00000000000000000, -121.7164434134138702, 32.16958150831387542 ) ) ;
#7764 = CARTESIAN_POINT ( 'NONE',  ( -10.89758854288269774, -15.63319521157902692, -44.29634816116371354 ) ) ;
#7765 = ORIENTED_EDGE ( 'NONE', *, *, #2688, .F. ) ;
#7766 = CARTESIAN_POINT ( 'NONE',  ( -3.184081677783118191E-15, 0.5375364957382012809, -21.29634816116374907 ) ) ;
#7767 = CARTESIAN_POINT ( 'NONE',  ( -15.00000000000000000, -94.68429866097895342, 31.39613941706713263 ) ) ;
#7768 = CARTESIAN_POINT ( 'NONE',  ( -2.441816336293519907, -107.4206068717840594, 14.09617504728798920 ) ) ;
#7769 = DIRECTION ( 'NONE',  ( 0.000000000000000000, 0.1736481776669252519, 0.9848077530122090195 ) ) ;
#7770 = VECTOR ( 'NONE', #5470, 1000.000000000000000 ) ;
#7771 = CARTESIAN_POINT ( 'NONE',  ( 23.44999999999999929, -84.61356077063126691, -17.27896030586277831 ) ) ;
#7772 = CARTESIAN_POINT ( 'NONE',  ( -14.59833531060935741, -42.80846972751886881, -19.01730599821672030 ) ) ;
#7773 = ORIENTED_EDGE ( 'NONE', *, *, #2882, .T. ) ;
#7774 = ADVANCED_FACE ( 'NONE', ( #446 ), #2108, .F. ) ;
#7775 = CARTESIAN_POINT ( 'NONE',  ( -1.368741703797061948, -123.1118728735869183, 18.55375938094162080 ) ) ;
#7776 = DIRECTION ( 'NONE',  ( 1.000000000000000000, 0.000000000000000000, 0.000000000000000000 ) ) ;
#7777 = CARTESIAN_POINT ( 'NONE',  ( -12.00000000000008704, -121.1330780353518861, 32.03547454657584836 ) ) ;
#7778 = VECTOR ( 'NONE', #3043, 1000.000000000000114 ) ;
#7779 = ORIENTED_EDGE ( 'NONE', *, *, #8400, .F. ) ;
#7780 = EDGE_CURVE ( 'NONE', #7071, #1733, #7519, .T. ) ;
#7781 = CARTESIAN_POINT ( 'NONE',  ( -15.40036674940274963, -12.82710734920430795, -21.33783115027657473 ) ) ;
#7782 = EDGE_CURVE ( 'NONE', #8264, #7825, #2822, .T. ) ;
#7783 = CARTESIAN_POINT ( 'NONE',  ( -5.999999999999998224, -42.11065726885905747, 1.738856025306405817 ) ) ;
#7784 = ORIENTED_EDGE ( 'NONE', *, *, #7028, .F. ) ;
#7785 = COLOUR_RGB ( '',0.7921568627450980005, 0.8196078431372548767, 0.9333333333333333481 ) ;
#7786 = ORIENTED_EDGE ( 'NONE', *, *, #5023, .F. ) ;
#7787 = CARTESIAN_POINT ( 'NONE',  ( -15.00000000000000000, -102.9604000183755375, 32.95377308256779258 ) ) ;
#7788 = FACE_OUTER_BOUND ( 'NONE', #8169, .T. ) ;
#7789 = CARTESIAN_POINT ( 'NONE',  ( -1.180866306750478989, -119.2494020591774131, 48.99709694689230588 ) ) ;
#7790 = EDGE_CURVE ( 'NONE', #797, #151, #6798, .T. ) ;
#7791 = CARTESIAN_POINT ( 'NONE',  ( -12.50851662568411271, -14.94552753249225496, -44.60022081100257907 ) ) ;
#7792 = ORIENTED_EDGE ( 'NONE', *, *, #4905, .F. ) ;
#7793 = VECTOR ( 'NONE', #6155, 1000.000000000000000 ) ;
#7794 = CARTESIAN_POINT ( 'NONE',  ( -11.58230842518807790, 16.22516574429701564, -44.15827988271885118 ) ) ;
#7795 = CARTESIAN_POINT ( 'NONE',  ( -20.92029423318590275, -63.82511057037152824, -3.450822366008791775 ) ) ;
#7796 = ORIENTED_EDGE ( 'NONE', *, *, #3891, .F. ) ;
#7797 = DIRECTION ( 'NONE',  ( -1.000000000000000000, -0.000000000000000000, -0.000000000000000000 ) ) ;
#7798 = LINE ( 'NONE', #3192, #6263 ) ;
#7799 = CARTESIAN_POINT ( 'NONE',  ( -14.23913406603579901, -25.46246350426179816, -39.59913607114618372 ) ) ;
#7800 = LINE ( 'NONE', #7138, #7076 ) ;
#7801 = VERTEX_POINT ( 'NONE', #2141 ) ;
#7802 = PLANE ( 'NONE',  #3791 ) ;
#7803 = CARTESIAN_POINT ( 'NONE',  ( -2.034794994816789160, -42.90995794794194751, 9.726980599042342135 ) ) ;
#7804 = CARTESIAN_POINT ( 'NONE',  ( -1.406703337988063351, -122.2705011474570824, 18.42123019163070197 ) ) ;
#7805 = CARTESIAN_POINT ( 'NONE',  ( -135.0000000000000000, -116.7392020829909853, -27.07800594130560512 ) ) ;
#7806 = ORIENTED_EDGE ( 'NONE', *, *, #7683, .T. ) ;
#7807 = FACE_OUTER_BOUND ( 'NONE', #7350, .T. ) ;
#7808 = CARTESIAN_POINT ( 'NONE',  ( -6.000000000000000000, -78.95921289866504367, 14.80653258212103651 ) ) ;
#7809 = CARTESIAN_POINT ( 'NONE',  ( -17.52730295724013843, -63.72409350529338212, 28.18001599981544558 ) ) ;
#7810 = PLANE ( 'NONE',  #3050 ) ;
#7811 = CIRCLE ( 'NONE', #8525, 6.000000000000000000 ) ;
#7812 = DIRECTION ( 'NONE',  ( -1.000000000000000000, 0.000000000000000000, 0.000000000000000000 ) ) ;
#7813 = CARTESIAN_POINT ( 'NONE',  ( -14.09780191659383419, -52.78228810269453675, -12.65530069856900042 ) ) ;
#7814 = VECTOR ( 'NONE', #5005, 1000.000000000000000 ) ;
#7815 = ORIENTED_EDGE ( 'NONE', *, *, #3926, .F. ) ;
#7816 = CARTESIAN_POINT ( 'NONE',  ( -21.35730267545118721, -52.98252642993998762, 14.80278073477172818 ) ) ;
#7817 = CARTESIAN_POINT ( 'NONE',  ( -18.23857707116227900, -22.74807649635295803, -43.51958516615475503 ) ) ;
#7818 = DIRECTION ( 'NONE',  ( 0.000000000000000000, -0.9848077530122092416, 0.1736481776669232535 ) ) ;
#7819 = ORIENTED_EDGE ( 'NONE', *, *, #5645, .F. ) ;
#7820 = EDGE_CURVE ( 'NONE', #6408, #7035, #7565, .T. ) ;
#7821 = LINE ( 'NONE', #6532, #8736 ) ;
#7822 = CARTESIAN_POINT ( 'NONE',  ( -14.65054239839509620, -13.35555277288606923, -21.50573235053251153 ) ) ;
#7823 = AXIS2_PLACEMENT_3D ( 'NONE', #867, #696, #7631 ) ;
#7824 = VECTOR ( 'NONE', #7307, 1000.000000000000000 ) ;
#7825 = VERTEX_POINT ( 'NONE', #3488 ) ;
#7826 = CARTESIAN_POINT ( 'NONE',  ( -16.79144057184110039, -20.72220477196523802, -45.29634816116373486 ) ) ;
#7827 = DIRECTION ( 'NONE',  ( 1.000000000000000000, -0.000000000000000000, -0.000000000000000000 ) ) ;
#7828 = VECTOR ( 'NONE', #2331, 1000.000000000000000 ) ;
#7829 = CARTESIAN_POINT ( 'NONE',  ( 0.000000000000000000, -48.42838073599382653, -8.489342606638979660 ) ) ;
#7830 = EDGE_CURVE ( 'NONE', #890, #7616, #6714, .T. ) ;
#7831 = CARTESIAN_POINT ( 'NONE',  ( -11.99999999999999645, -119.4571793330561178, 36.63996838842680859 ) ) ;
#7832 = CARTESIAN_POINT ( 'NONE',  ( -12.75647181878591141, -14.55748154484248325, -43.90691294796270228 ) ) ;
#7833 = ORIENTED_EDGE ( 'NONE', *, *, #347, .T. ) ;
#7834 = EDGE_CURVE ( 'NONE', #6821, #7522, #3416, .T. ) ;
#7835 = CARTESIAN_POINT ( 'NONE',  ( -9.099999999999999645, -48.31161856384360931, -8.838769400495159800 ) ) ;
#7836 = B_SPLINE_CURVE_WITH_KNOTS ( 'NONE', 3,
 ( #2025, #4773, #3240, #5310 ),
 .UNSPECIFIED., .F., .F.,
 ( 4, 4 ),
 ( 0.000000000000000000, 1.000000000000000000 ),
 .UNSPECIFIED. ) ;
#7837 = CARTESIAN_POINT ( 'NONE',  ( -12.66791935874139341, 15.77255160749568574, -44.23778990852462556 ) ) ;
#7838 = CARTESIAN_POINT ( 'NONE',  ( 0.000000000000000000, -120.1551743427748278, 25.15754204548965589 ) ) ;
#7839 = ORIENTED_EDGE ( 'NONE', *, *, #3862, .F. ) ;
#7840 = CARTESIAN_POINT ( 'NONE',  ( -14.96148351789102549, -38.50028961305444852, -20.85005250131294474 ) ) ;
#7841 = EDGE_CURVE ( 'NONE', #1333, #1689, #4376, .T. ) ;
#7842 = CARTESIAN_POINT ( 'NONE',  ( -14.23913406603579901, -25.46246350426179816, -39.59913607114618372 ) ) ;
#7843 = CARTESIAN_POINT ( 'NONE',  ( -14.09999999999999964, -49.46863626127934310, -10.21764939810934791 ) ) ;
#7844 = CARTESIAN_POINT ( 'NONE',  ( -10.55000000000000071, 30.98458179031142024, -11.14980678216003085 ) ) ;
#7845 = DIRECTION ( 'NONE',  ( 1.000000000000000000, 8.896017825522052114E-16, 0.000000000000000000 ) ) ;
#7846 = ORIENTED_EDGE ( 'NONE', *, *, #5121, .T. ) ;
#7847 = ORIENTED_EDGE ( 'NONE', *, *, #3692, .T. ) ;
#7848 = CARTESIAN_POINT ( 'NONE',  ( -15.00000000000000000, -120.4859869534278403, 49.30024030737045848 ) ) ;
#7849 = CARTESIAN_POINT ( 'NONE',  ( -19.55686592545413305, -13.78411648788435784, -21.78957402003993593 ) ) ;
#7850 = CARTESIAN_POINT ( 'NONE',  ( -15.64249771991845961, 13.69855856575736475, -21.29634816116400131 ) ) ;
#7851 = CARTESIAN_POINT ( 'NONE',  ( -14.14707854819928201, -53.83002006436035458, -11.77964301485060616 ) ) ;
#7852 = VERTEX_POINT ( 'NONE', #3306 ) ;
#7853 = PLANE ( 'NONE',  #1683 ) ;
#7854 = LINE ( 'NONE', #5945, #6828 ) ;
#7855 = EDGE_CURVE ( 'NONE', #4702, #7041, #718, .T. ) ;
#7856 = CARTESIAN_POINT ( 'NONE',  ( -1.406703337988063351, -122.2705011474578640, 18.42123019163082631 ) ) ;
#7857 = DIRECTION ( 'NONE',  ( 0.000000000000000000, -0.7660444431189814551, 0.6427876096865353661 ) ) ;
#7858 = CARTESIAN_POINT ( 'NONE',  ( -22.43311937161062986, -43.15282042112669103, -10.60542179783800165 ) ) ;
#7859 = ORIENTED_EDGE ( 'NONE', *, *, #557, .T. ) ;
#7860 = LINE ( 'NONE', #8572, #8207 ) ;
#7861 = B_SPLINE_CURVE_WITH_KNOTS ( 'NONE', 3,
 ( #616, #8170, #4656, #2086, #6000, #39, #4748, #576 ),
 .UNSPECIFIED., .F., .F.,
 ( 4, 2, 2, 4 ),
 ( 0.000000000000000000, 0.2499999999999994726, 0.4999999999999989453, 1.000000000000000000 ),
 .UNSPECIFIED. ) ;
#7862 = EDGE_CURVE ( 'NONE', #2371, #5355, #6181, .T. ) ;
#7863 = DIRECTION ( 'NONE',  ( 0.000000000000000000, 0.000000000000000000, -1.000000000000000000 ) ) ;
#7864 = CARTESIAN_POINT ( 'NONE',  ( 0.000000000000000000, -119.5755209204604625, 23.59365460226408118 ) ) ;
#7865 = ORIENTED_EDGE ( 'NONE', *, *, #3534, .F. ) ;
#7866 = DIRECTION ( 'NONE',  ( 0.000000000000000000, -0.7660444431189816772, 0.6427876096865349220 ) ) ;
#7867 = CARTESIAN_POINT ( 'NONE',  ( -12.83230190287206796, -14.45493902237631723, -23.12952125607788645 ) ) ;
#7868 = ORIENTED_EDGE ( 'NONE', *, *, #714, .F. ) ;
#7869 = CARTESIAN_POINT ( 'NONE',  ( -16.62441015492698781, -21.47862072718013593, -45.29634816116374907 ) ) ;
#7870 = CARTESIAN_POINT ( 'NONE',  ( -10.55000000000000071, -1.319726150268616616, -7.484538922892792101 ) ) ;
#7871 = CARTESIAN_POINT ( 'NONE',  ( -2.393926605985069678, -106.3267129043772456, 45.82915640768901966 ) ) ;
#7872 = CARTESIAN_POINT ( 'NONE',  ( -6.749269901708617958, -126.7748532574671003, 43.87239565970069322 ) ) ;
#7873 = DIRECTION ( 'NONE',  ( 0.000000000000000000, -0.3420201433256692680, -0.9396926207859083169 ) ) ;
#7874 = ORIENTED_EDGE ( 'NONE', *, *, #6106, .T. ) ;
#7875 = CARTESIAN_POINT ( 'NONE',  ( -11.85812810023546326, 16.01771896524974892, -43.98493177472611393 ) ) ;
#7876 = CARTESIAN_POINT ( 'NONE',  ( -20.07723803239859706, -66.61147657565314262, -1.638222650135845893 ) ) ;
#7877 = ORIENTED_EDGE ( 'NONE', *, *, #2964, .T. ) ;
#7878 = EDGE_CURVE ( 'NONE', #3187, #4821, #46, .T. ) ;
#7879 = CARTESIAN_POINT ( 'NONE',  ( -3.000000000000000888, -115.3452963516033805, 26.52352541933727181 ) ) ;
#7880 = CARTESIAN_POINT ( 'NONE',  ( 0.000000000000000000, -118.1390363184926713, 27.54036360956488849 ) ) ;
#7881 = CARTESIAN_POINT ( 'NONE',  ( -22.33166936668621716, -57.22902921529500020, -8.927535689930746088 ) ) ;
#7882 = PLANE ( 'NONE',  #6645 ) ;
#7883 = EDGE_LOOP ( 'NONE', ( #4314, #4502, #5923, #8826, #8683 ) ) ;
#7884 = ORIENTED_EDGE ( 'NONE', *, *, #7878, .F. ) ;
#7885 = FACE_OUTER_BOUND ( 'NONE', #7917, .T. ) ;
#7886 = EDGE_CURVE ( 'NONE', #5187, #4053, #8087, .T. ) ;
#7887 = CARTESIAN_POINT ( 'NONE',  ( -14.55249454896503991, 14.33600794948106127, -21.29634816116375617 ) ) ;
#7888 = VECTOR ( 'NONE', #90, 1000.000000000000114 ) ;
#7889 = CARTESIAN_POINT ( 'NONE',  ( -13.69570080080609564, -57.20396620131887033, -8.948566055716742795 ) ) ;
#7890 = ORIENTED_EDGE ( 'NONE', *, *, #5389, .T. ) ;
#7891 = CARTESIAN_POINT ( 'NONE',  ( -8.150000000000000355, -76.10435538319671878, 16.87016425251036722 ) ) ;
#7892 = LINE ( 'NONE', #3841, #4986 ) ;
#7893 = EDGE_CURVE ( 'NONE', #6970, #8186, #5944, .T. ) ;
#7894 = VECTOR ( 'NONE', #3205, 1000.000000000000000 ) ;
#7895 = CARTESIAN_POINT ( 'NONE',  ( -19.07373439495209411, -60.30780908359682968, 20.17558124092684224 ) ) ;
#7896 = DIRECTION ( 'NONE',  ( 1.000000000000000000, 0.000000000000000000, 0.000000000000000000 ) ) ;
#7897 = EDGE_CURVE ( 'NONE', #4256, #6142, #4036, .T. ) ;
#7898 = CARTESIAN_POINT ( 'NONE',  ( -18.50768833877519626, -62.22464902627926620, 21.26554513785332645 ) ) ;
#7899 = CARTESIAN_POINT ( 'NONE',  ( -21.94688812744220030, -52.62132314562491331, -12.78991331677892518 ) ) ;
#7900 = VERTEX_POINT ( 'NONE', #2009 ) ;
#7901 = DIRECTION ( 'NONE',  ( -0.000000000000000000, -0.9396926207859072067, 0.3420201433256719326 ) ) ;
#7902 = B_SPLINE_CURVE_WITH_KNOTS ( 'NONE', 3,
 ( #6656, #7422, #3334, #4116 ),
 .UNSPECIFIED., .F., .F.,
 ( 4, 4 ),
 ( 0.000000000000000000, 1.000000000000000000 ),
 .UNSPECIFIED. ) ;
#7903 = LINE ( 'NONE', #4349, #6504 ) ;
#7904 = CARTESIAN_POINT ( 'NONE',  ( -10.89758854288269774, -15.63319521157902692, -44.29634816116370644 ) ) ;
#7905 = ORIENTED_EDGE ( 'NONE', *, *, #8693, .F. ) ;
#7906 = DIRECTION ( 'NONE',  ( 0.000000000000000000, 8.673617379884035472E-16, -1.000000000000000000 ) ) ;
#7907 = CARTESIAN_POINT ( 'NONE',  ( -5.999999999999998224, -118.8873195575527433, 22.43861868437969775 ) ) ;
#7908 = CIRCLE ( 'NONE', #3184, 40.00000000000000000 ) ;
#7909 = VECTOR ( 'NONE', #2091, 999.9999999999998863 ) ;
#7910 = CARTESIAN_POINT ( 'NONE',  ( -15.00000000000000000, -98.78539539716105367, 32.35135956918980327 ) ) ;
#7911 = DIRECTION ( 'NONE',  ( -1.000000000000000000, -0.000000000000000000, -0.000000000000000000 ) ) ;
#7912 = VECTOR ( 'NONE', #3701, 1000.000000000000000 ) ;
#7913 = EDGE_CURVE ( 'NONE', #8597, #7270, #8797, .T. ) ;
#7914 = CARTESIAN_POINT ( 'NONE',  ( -17.21711642217659133, -73.15148473600081047, 11.74802236046060777 ) ) ;
#7915 = CARTESIAN_POINT ( 'NONE',  ( -14.24999999999999822, 30.63728543497760270, -13.11942228818445599 ) ) ;
#7916 = DIRECTION ( 'NONE',  ( -0.000000000000000000, -0.6427876096865354771, -0.7660444431189813441 ) ) ;
#7917 = EDGE_LOOP ( 'NONE', ( #2110, #1674, #8364, #3686 ) ) ;
#7918 = CARTESIAN_POINT ( 'NONE',  ( -11.54985179996980271, 16.24907946340569254, -44.17257523570467015 ) ) ;
#7919 = DIRECTION ( 'NONE',  ( 0.000000000000000000, 0.000000000000000000, -1.000000000000000000 ) ) ;
#7920 = VECTOR ( 'NONE', #6809, 1000.000000000000000 ) ;
#7921 = EDGE_LOOP ( 'NONE', ( #4272, #672, #3472, #4611 ) ) ;
#7922 = CARTESIAN_POINT ( 'NONE',  ( -19.18447655375884864, -21.21793681849138835, -40.22304696074024122 ) ) ;
#7923 = VECTOR ( 'NONE', #5099, 999.9999999999998863 ) ;
#7924 = CYLINDRICAL_SURFACE ( 'NONE', #6105, 2.349999999999999645 ) ;
#7925 = CARTESIAN_POINT ( 'NONE',  ( -17.84552477795712733, 26.66221165061519471, -45.29634816116374196 ) ) ;
#7926 = VECTOR ( 'NONE', #769, 1000.000000000000114 ) ;
#7927 = DIRECTION ( 'NONE',  ( 0.000000000000000000, -0.3232551092554114547, -0.9463118589240397949 ) ) ;
#7928 = VERTEX_POINT ( 'NONE', #7473 ) ;
#7929 = EDGE_LOOP ( 'NONE', ( #8116, #770, #274, #7703 ) ) ;
#7930 = DIRECTION ( 'NONE',  ( 0.000000000000000000, -0.6427876096865345890, -0.7660444431189818992 ) ) ;
#7931 = ADVANCED_FACE ( 'NONE', ( #4080, #670 ), #6141, .T. ) ;
#7932 =( NAMED_UNIT ( * ) PLANE_ANGLE_UNIT ( ) SI_UNIT ( $, .RADIAN. ) );
#7933 = CARTESIAN_POINT ( 'NONE',  ( -14.00656628203914167, 14.59956181832575695, -21.29631995759106644 ) ) ;
#7934 = CARTESIAN_POINT ( 'NONE',  ( -22.90826108930929195, -54.53303526238052257, -11.18974322147946943 ) ) ;
#7935 = CARTESIAN_POINT ( 'NONE',  ( -12.81600561797617566, -14.46246350426197758, -23.29634816116374907 ) ) ;
#7936 = DIRECTION ( 'NONE',  ( -1.000000000000000000, 0.000000000000000000, 0.000000000000000000 ) ) ;
#7937 = EDGE_CURVE ( 'NONE', #4120, #6899, #1539, .T. ) ;
#7938 = CARTESIAN_POINT ( 'NONE',  ( -17.44566210055246458, 22.82474876421314747, -45.29634816116374196 ) ) ;
#7939 = ADVANCED_FACE ( 'NONE', ( #2952 ), #8353, .T. ) ;
#7940 = VECTOR ( 'NONE', #3400, 1000.000000000000000 ) ;
#7941 = CARTESIAN_POINT ( 'NONE',  ( -19.63162937956659704, -56.28958714286232379, 23.96400018321171999 ) ) ;
#7942 = DIRECTION ( 'NONE',  ( -0.000000000000000000, 0.1736481776669230592, 0.9848077530122093526 ) ) ;
#7943 = EDGE_CURVE ( 'NONE', #5768, #6261, #1476, .T. ) ;
#7944 = VECTOR ( 'NONE', #7818, 1000.000000000000227 ) ;
#7945 = CARTESIAN_POINT ( 'NONE',  ( -14.09999999999999964, -46.25982028992389417, -5.338803418062262551 ) ) ;
#7946 = CYLINDRICAL_SURFACE ( 'NONE', #6375, 38.83706265612282493 ) ;
#7947 = CARTESIAN_POINT ( 'NONE',  ( -21.51309246863714009, -45.84912971206966148, -17.42245441321698252 ) ) ;
#7948 = ORIENTED_EDGE ( 'NONE', *, *, #5172, .T. ) ;
#7949 = CARTESIAN_POINT ( 'NONE',  ( -23.12283787649287703, 29.74242789158079958, -15.46690031546179078 ) ) ;
#7950 = EDGE_CURVE ( 'NONE', #1982, #8282, #8439, .T. ) ;
#7951 = DIRECTION ( 'NONE',  ( 0.000000000000000000, 0.000000000000000000, -1.000000000000000000 ) ) ;
#7952 = CARTESIAN_POINT ( 'NONE',  ( -11.34685751792189912, -15.32123210711984207, -44.24141050014576848 ) ) ;
#7953 = ORIENTED_EDGE ( 'NONE', *, *, #6989, .T. ) ;
#7954 = CARTESIAN_POINT ( 'NONE',  ( 0.000000000000000000, -38.85406476150464528, -7.762140293633654764 ) ) ;
#7956 = AXIS2_PLACEMENT_3D ( 'NONE', #8159, #27, #6696 ) ;
#7955 = CARTESIAN_POINT ( 'NONE',  ( -15.00000000000000000, -99.27017965866524207, 23.85125697612410178 ) ) ;
#7957 = AXIS2_PLACEMENT_3D ( 'NONE', #23, #7317, #7494 ) ;
#7958 = CARTESIAN_POINT ( 'NONE',  ( -3.184081677783118191E-15, 0.5375364957382012809, -45.29634816116374907 ) ) ;
#7959 = VECTOR ( 'NONE', #5919, 1000.000000000000000 ) ;
#7960 = CARTESIAN_POINT ( 'NONE',  ( -10.70205166274274333, -66.46367145505251983, -1.807991751991009588 ) ) ;
#7961 = DIRECTION ( 'NONE',  ( 0.000000000000000000, -0.9848077530122095746, 0.1736481776669221433 ) ) ;
#7962 = FACE_OUTER_BOUND ( 'NONE', #2098, .T. ) ;
#7963 = CARTESIAN_POINT ( 'NONE',  ( -12.79595765819839315, -14.49454228379637399, -43.65581637810822713 ) ) ;
#7964 = ORIENTED_EDGE ( 'NONE', *, *, #6398, .F. ) ;
#7965 = CIRCLE ( 'NONE', #3694, 50.00000000000000000 ) ;
#7966 = DIRECTION ( 'NONE',  ( 0.000000000000000000, 0.3420201433256687684, 0.9396926207859084279 ) ) ;
#7967 = CARTESIAN_POINT ( 'NONE',  ( -23.44999999999999929, 29.79043452861932906, -5.252857374424420023 ) ) ;
#7968 = ORIENTED_EDGE ( 'NONE', *, *, #3629, .F. ) ;
#7969 = VECTOR ( 'NONE', #7769, 1000.000000000000000 ) ;
#7970 = LINE ( 'NONE', #8811, #7114 ) ;
#7971 = FACE_OUTER_BOUND ( 'NONE', #2154, .T. ) ;
#7972 = EDGE_CURVE ( 'NONE', #4817, #6637, #2187, .T. ) ;
#7973 = DIRECTION ( 'NONE',  ( -1.000000000000000000, -0.000000000000000000, -0.000000000000000000 ) ) ;
#7974 = CARTESIAN_POINT ( 'NONE',  ( -5.999999999999998224, -121.7846418543900171, 24.39770886610873646 ) ) ;
#7975 = EDGE_LOOP ( 'NONE', ( #5298, #5282, #5708, #599, #1765, #3195, #560, #8779, #7443 ) ) ;
#7976 = ORIENTED_EDGE ( 'NONE', *, *, #7607, .T. ) ;
#7977 = CARTESIAN_POINT ( 'NONE',  ( -15.00000000000000000, -99.27017965866524207, 23.85125697612410178 ) ) ;
#7978 = CARTESIAN_POINT ( 'NONE',  ( -19.75990802646938960, -12.59336392978394947, -21.29633934203437562 ) ) ;
#7979 = CARTESIAN_POINT ( 'NONE',  ( -19.85963318215450002, -57.97148322379582908, 18.58697367847707227 ) ) ;
#7980 = DIRECTION ( 'NONE',  ( 1.000000000000000000, -0.000000000000000000, -0.000000000000000000 ) ) ;
#7981 = FACE_OUTER_BOUND ( 'NONE', #4992, .T. ) ;
#7982 = VECTOR ( 'NONE', #5300, 1000.000000000000000 ) ;
#7983 = CARTESIAN_POINT ( 'NONE',  ( -19.65137614678898359, -58.57735115207956511, 19.00500654401064793 ) ) ;
#7984 = CARTESIAN_POINT ( 'NONE',  ( -17.35330133953213760, 23.00262399613277964, -45.29634816116374196 ) ) ;
#7985 = FACE_OUTER_BOUND ( 'NONE', #5447, .T. ) ;
#7986 = DIRECTION ( 'NONE',  ( 1.000000000000000000, 0.000000000000000000, 0.000000000000000000 ) ) ;
#7987 = CARTESIAN_POINT ( 'NONE',  ( -15.00000000000000000, -122.7932753143338545, 32.39628484798422647 ) ) ;
#7988 = CARTESIAN_POINT ( 'NONE',  ( -22.74924559936156143, -46.91275470222622346, -7.436713566223793315 ) ) ;
#7989 = EDGE_LOOP ( 'NONE', ( #3700, #2685 ) ) ;
#7990 = CARTESIAN_POINT ( 'NONE',  ( -2.999999999999999556, -116.7817809535712144, 22.57681641203646805 ) ) ;
#7991 = EDGE_CURVE ( 'NONE', #6693, #3611, #3482, .T. ) ;
#7992 = CARTESIAN_POINT ( 'NONE',  ( -3.188798608406904211, -99.68960827893434384, 9.958714539438526359 ) ) ;
#7993 = FACE_OUTER_BOUND ( 'NONE', #8725, .T. ) ;
#7994 = ORIENTED_EDGE ( 'NONE', *, *, #7295, .T. ) ;
#7995 = CARTESIAN_POINT ( 'NONE',  ( -16.11716322512130617, -74.13916700189051312, 25.07466987467967101 ) ) ;
#7996 = CARTESIAN_POINT ( 'NONE',  ( -12.91678288398204799, -14.40973772396705321, -22.84909538432041387 ) ) ;
#7997 = DIRECTION ( 'NONE',  ( -0.000000000000000000, -0.000000000000000000, 1.000000000000000000 ) ) ;
#7998 = CARTESIAN_POINT ( 'NONE',  ( -15.10837202238299248, 24.51764951894167766, -45.29634816116374196 ) ) ;
#7999 = EDGE_CURVE ( 'NONE', #988, #5807, #133, .T. ) ;
#8000 = CARTESIAN_POINT ( 'NONE',  ( 0.000000000000000000, -29.51440953603716366, -9.316413829083826315 ) ) ;
#8001 = CARTESIAN_POINT ( 'NONE',  ( -14.09999999999999964, -60.96200874009102222, 23.04943361583019268 ) ) ;
#8002 = CARTESIAN_POINT ( 'NONE',  ( -16.76818134467860588, -20.91532720753703245, -45.29634816116374907 ) ) ;
#8003 = VERTEX_POINT ( 'NONE', #6310 ) ;
#8004 = CARTESIAN_POINT ( 'NONE',  ( -1.276495562076102264, -125.0994693662033654, 18.86683687530353026 ) ) ;
#8005 = DIRECTION ( 'NONE',  ( 0.000000000000000000, -0.7660444431189822323, 0.6427876096865343669 ) ) ;
#8006 = ORIENTED_EDGE ( 'NONE', *, *, #5831, .F. ) ;
#8007 = DIRECTION ( 'NONE',  ( 0.02224014068614566658, -0.9997526574819696199, -1.335061558772941613E-16 ) ) ;
#8008 = CARTESIAN_POINT ( 'NONE',  ( -11.73930373626334678, 16.10802900876756993, -44.07271871850461764 ) ) ;
#8009 = CARTESIAN_POINT ( 'NONE',  ( -14.28961315255799391, -57.62363714510546941, -8.596420321569596013 ) ) ;
#8010 = DIRECTION ( 'NONE',  ( 0.000000000000000000, 0.000000000000000000, -1.000000000000000000 ) ) ;
#8011 = VERTEX_POINT ( 'NONE', #6984 ) ;
#8012 = EDGE_LOOP ( 'NONE', ( #5045, #7302, #4424, #1760, #5935, #5674, #2078, #7547, #1241, #3254, #5050 ) ) ;
#8013 = CARTESIAN_POINT ( 'NONE',  ( -12.22758573455966236, -14.65246953717364420, -22.86167427311791656 ) ) ;
#8014 = CARTESIAN_POINT ( 'NONE',  ( -2.926504147421376878, -102.6166046680699537, 44.91963965419326854 ) ) ;
#8015 = CARTESIAN_POINT ( 'NONE',  ( -4.874736054602599289, -57.10528308197181246, 21.64570027454408674 ) ) ;
#8016 = VERTEX_POINT ( 'NONE', #850 ) ;
#8017 = LINE ( 'NONE', #6070, #2825 ) ;
#8018 = LINE ( 'NONE', #6695, #6275 ) ;
#8019 = DIRECTION ( 'NONE',  ( 0.000000000000000000, -0.1736481776669252519, -0.9848077530122090195 ) ) ;
#8020 = CARTESIAN_POINT ( 'NONE',  ( -17.59310362560139751, 22.45437147898829267, -45.29634816116374196 ) ) ;
#8021 = ORIENTED_EDGE ( 'NONE', *, *, #1501, .T. ) ;
#8022 = ADVANCED_FACE ( 'NONE', ( #6351 ), #171, .F. ) ;
#8023 = DIRECTION ( 'NONE',  ( -1.000000000000000000, -0.000000000000000000, -0.000000000000000000 ) ) ;
#8024 = CARTESIAN_POINT ( 'NONE',  ( -15.00000000000000000, -129.3550631442867882, 37.31601460357121169 ) ) ;
#8025 = CARTESIAN_POINT ( 'NONE',  ( -15.23919355886468630, -82.57339977363319861, 27.74696201452214694 ) ) ;
#8026 = CARTESIAN_POINT ( 'NONE',  ( -14.10361265830636768, -52.13068720367289188, -13.18008346223062510 ) ) ;
#8027 = DIRECTION ( 'NONE',  ( -0.000000000000000000, -0.5057367576863220915, -0.8626878531223945989 ) ) ;
#8028 = DIRECTION ( 'NONE',  ( -1.000000000000000000, -0.000000000000000000, 0.000000000000000000 ) ) ;
#8029 = EDGE_LOOP ( 'NONE', ( #1377, #3486, #5041, #6328 ) ) ;
#8030 = ORIENTED_EDGE ( 'NONE', *, *, #3409, .F. ) ;
#8031 = CARTESIAN_POINT ( 'NONE',  ( -15.00000000000000000, -122.5396816060783465, 35.57536150369489292 ) ) ;
#8032 = VECTOR ( 'NONE', #2407, 1000.000000000000000 ) ;
#8033 = CARTESIAN_POINT ( 'NONE',  ( 0.000000000000000000, -76.37521062310625553, 25.48216967743977079 ) ) ;
#8034 = CARTESIAN_POINT ( 'NONE',  ( -3.000000000000000000, 31.91753551389348686, -13.34516491915146297 ) ) ;
#8035 = ORIENTED_EDGE ( 'NONE', *, *, #4789, .F. ) ;
#8036 = LINE ( 'NONE', #6005, #2467 ) ;
#8037 = CARTESIAN_POINT ( 'NONE',  ( -15.00000000000000000, -103.9113647349008005, 12.38677906999317635 ) ) ;
#8038 = EDGE_CURVE ( 'NONE', #8011, #4001, #4624, .T. ) ;
#8039 = EDGE_LOOP ( 'NONE', ( #1494, #4592, #3937, #7713 ) ) ;
#8040 = EDGE_CURVE ( 'NONE', #2387, #1492, #7222, .T. ) ;
#8041 = DIRECTION ( 'NONE',  ( 0.000000000000000000, 0.000000000000000000, -1.000000000000000000 ) ) ;
#8042 = EDGE_CURVE ( 'NONE', #6543, #575, #218, .T. ) ;
#8043 = CARTESIAN_POINT ( 'NONE',  ( 0.000000000000000000, -40.26469468498790860, 10.77828698515736683 ) ) ;
#8044 = CARTESIAN_POINT ( 'NONE',  ( -9.099999999999999645, -48.31161856384360931, -8.838769400495159800 ) ) ;
#8045 = CARTESIAN_POINT ( 'NONE',  ( -12.19083461222129472, 15.75704869086030158, -21.29634816116374907 ) ) ;
#8046 = EDGE_LOOP ( 'NONE', ( #1387, #7006, #1983, #7806 ) ) ;
#8047 = ADVANCED_FACE ( 'NONE', ( #3082 ), #3751, .F. ) ;
#8048 = CARTESIAN_POINT ( 'NONE',  ( -15.14707553785843430, -13.00523704254743329, -21.37038454170853541 ) ) ;
#8049 = ADVANCED_FACE ( 'NONE', ( #6568 ), #4520, .F. ) ;
#8050 = VECTOR ( 'NONE', #3678, 1000.000000000000000 ) ;
#8051 = DIRECTION ( 'NONE',  ( -1.000000000000000000, -0.000000000000000000, -0.000000000000000000 ) ) ;
#8052 = LINE ( 'NONE', #7262, #5007 ) ;
#8053 = ORIENTED_EDGE ( 'NONE', *, *, #5578, .F. ) ;
#8054 = DIRECTION ( 'NONE',  ( 0.000000000000000000, 0.000000000000000000, -1.000000000000000000 ) ) ;
#8055 = ADVANCED_FACE ( 'NONE', ( #350 ), #2408, .F. ) ;
#8056 = CARTESIAN_POINT ( 'NONE',  ( -11.85812810023546326, 16.01771896524974892, -43.98493177472611393 ) ) ;
#8057 = CARTESIAN_POINT ( 'NONE',  ( -21.76016592451083653, -51.25867265896834368, 13.71934500256969791 ) ) ;
#8058 = CARTESIAN_POINT ( 'NONE',  ( 41.21423633095623984, -48.22832050784651869, -13.36834101309136891 ) ) ;
#8059 = ORIENTED_EDGE ( 'NONE', *, *, #8400, .T. ) ;
#8060 = ORIENTED_EDGE ( 'NONE', *, *, #8801, .F. ) ;
#8061 = AXIS2_PLACEMENT_3D ( 'NONE', #5896, #5101, #4505 ) ;
#8062 = CARTESIAN_POINT ( 'NONE',  ( -12.33456095222643256, -14.56575188430219292, -22.44684832882186498 ) ) ;
#8063 = CARTESIAN_POINT ( 'NONE',  ( -15.00000000000000000, -105.4912514368439673, 33.19335686479195147 ) ) ;
#8064 = ORIENTED_EDGE ( 'NONE', *, *, #1724, .T. ) ;
#8065 = LINE ( 'NONE', #1279, #8387 ) ;
#8066 = AXIS2_PLACEMENT_3D ( 'NONE', #5383, #2510, #1200 ) ;
#8067 = CARTESIAN_POINT ( 'NONE',  ( -4.174548639156927976, 32.85144997582558801, -16.28532177302195549 ) ) ;
#8068 = VECTOR ( 'NONE', #5865, 1000.000000000000114 ) ;
#8069 = DIRECTION ( 'NONE',  ( 4.785347698807420043E-17, -1.000000000000000000, 0.000000000000000000 ) ) ;
#8070 = CARTESIAN_POINT ( 'NONE',  ( -3.615148573051139902, -95.63694774300400070, 7.659599101527950538 ) ) ;
#8071 = ORIENTED_EDGE ( 'NONE', *, *, #7344, .T. ) ;
#8072 = CARTESIAN_POINT ( 'NONE',  ( -12.75726792199136028, 15.63128866980962783, -43.90293998383278762 ) ) ;
#8073 = PLANE ( 'NONE',  #904 ) ;
#8074 = AXIS2_PLACEMENT_3D ( 'NONE', #8370, #236, #1448 ) ;
#8075 = CARTESIAN_POINT ( 'NONE',  ( -8.829489423671422088, -70.72737839617248312, 0.4191111198346522126 ) ) ;
#8076 = CARTESIAN_POINT ( 'NONE',  ( 0.000000000000000000, 0.5375364957382012809, -24.79634816116400486 ) ) ;
#8077 = CARTESIAN_POINT ( 'NONE',  ( -1.211741272293924698, -126.7721474808207489, 19.18228595737917175 ) ) ;
#8078 = CARTESIAN_POINT ( 'NONE',  ( -11.93923636073179928, -14.88014573994437306, -43.90755210557549759 ) ) ;
#8079 = VERTEX_POINT ( 'NONE', #1731 ) ;
#8080 = VERTEX_POINT ( 'NONE', #7945 ) ;
#8081 = FACE_OUTER_BOUND ( 'NONE', #6350, .T. ) ;
#8082 = FACE_OUTER_BOUND ( 'NONE', #4687, .T. ) ;
#8083 = FACE_OUTER_BOUND ( 'NONE', #944, .T. ) ;
#8084 = CARTESIAN_POINT ( 'NONE',  ( -5.999999999999998224, -33.91424913319319501, 0.2936081260902095869 ) ) ;
#8085 = ORIENTED_EDGE ( 'NONE', *, *, #7406, .F. ) ;
#8086 = CARTESIAN_POINT ( 'NONE',  ( -23.44999999999999218, -49.62651503686617360, -78.44929296875443470 ) ) ;
#8087 = LINE ( 'NONE', #1966, #3647 ) ;
#8088 = ORIENTED_EDGE ( 'NONE', *, *, #3412, .T. ) ;
#8089 = CARTESIAN_POINT ( 'NONE',  ( -16.57173073964465004, -71.20450951774667203, 24.38864448283394282 ) ) ;
#8090 = EDGE_CURVE ( 'NONE', #2480, #2933, #4469, .T. ) ;
#8091 = CARTESIAN_POINT ( 'NONE',  ( -17.44566210055246458, 22.82474876421314747, -45.29634816116374196 ) ) ;
#8092 = CARTESIAN_POINT ( 'NONE',  ( -20.05366043856669123, -53.09288225047107801, -9.448911866660180792 ) ) ;
#8093 = LINE ( 'NONE', #480, #4801 ) ;
#8094 = ORIENTED_EDGE ( 'NONE', *, *, #7897, .F. ) ;
#8095 = VECTOR ( 'NONE', #1282, 1000.000000000000227 ) ;
#8096 = DIRECTION ( 'NONE',  ( 0.000000000000000000, 0.3420201433256638834, 0.9396926207859100932 ) ) ;
#8097 = DIRECTION ( 'NONE',  ( 0.000000000000000000, 0.3420201433256697676, 0.9396926207859080948 ) ) ;
#8098 = CARTESIAN_POINT ( 'NONE',  ( -15.49624138013690455, -79.38864125209366307, 26.74549270907063203 ) ) ;
#8099 = CIRCLE ( 'NONE', #8385, 35.00000000000000000 ) ;
#8100 = DIRECTION ( 'NONE',  ( -1.000000000000000000, -0.000000000000000000, -0.000000000000000000 ) ) ;
#8101 = VECTOR ( 'NONE', #7437, 1000.000000000000114 ) ;
#8102 = CARTESIAN_POINT ( 'NONE',  ( -11.91406156313109221, 15.97471158810375513, -43.93387956388127691 ) ) ;
#8103 = ADVANCED_FACE ( 'NONE', ( #7189 ), #8609, .T. ) ;
#8104 = CARTESIAN_POINT ( 'NONE',  ( -21.78964906885523334, -56.65072470507384850, 1.858614677800606518 ) ) ;
#8105 = CARTESIAN_POINT ( 'NONE',  ( -21.44999999999999929, 30.98458179031142024, -11.14980678216003263 ) ) ;
#8106 = ORIENTED_EDGE ( 'NONE', *, *, #3741, .T. ) ;
#8107 = ORIENTED_EDGE ( 'NONE', *, *, #7830, .T. ) ;
#8108 = CARTESIAN_POINT ( 'NONE',  ( -15.00000000000000000, -106.0414514223443092, 33.23930582977126846 ) ) ;
#8109 = LINE ( 'NONE', #3913, #3346 ) ;
#8110 = VECTOR ( 'NONE', #7679, 1000.000000000000000 ) ;
#8111 = ORIENTED_EDGE ( 'NONE', *, *, #5142, .T. ) ;
#8112 = DIRECTION ( 'NONE',  ( -0.000000000000000000, 0.1736481776669225319, 0.9848077530122094636 ) ) ;
#8113 = CARTESIAN_POINT ( 'NONE',  ( -15.01084121015089856, -92.91523748974506702, 19.55028924043607219 ) ) ;
#8114 = FACE_OUTER_BOUND ( 'NONE', #5124, .T. ) ;
#8115 = LINE ( 'NONE', #4063, #2389 ) ;
#8116 = ORIENTED_EDGE ( 'NONE', *, *, #5230, .F. ) ;
#8117 = CARTESIAN_POINT ( 'NONE',  ( -12.37319905831013145, 16.22731887565705833, -44.80878497588665965 ) ) ;
#8118 = FACE_OUTER_BOUND ( 'NONE', #1049, .T. ) ;
#8119 = CARTESIAN_POINT ( 'NONE',  ( -14.47944345476039096, -44.32619634389259033, -18.25629345966708783 ) ) ;
#8120 = CARTESIAN_POINT ( 'NONE',  ( -15.00000000000000000, -129.8274270347771449, 19.90241600826421831 ) ) ;
#8121 = CARTESIAN_POINT ( 'NONE',  ( -12.09015971554738123, -14.76207727770160538, -43.69852023924961770 ) ) ;
#8122 = EDGE_LOOP ( 'NONE', ( #4128, #8466, #6555, #3057, #6509 ) ) ;
#8123 = ORIENTED_EDGE ( 'NONE', *, *, #6727, .T. ) ;
#8124 = CARTESIAN_POINT ( 'NONE',  ( -19.26418475786768170, 32.86903355457798170, -15.92771975884532409 ) ) ;
#8125 = EDGE_CURVE ( 'NONE', #7163, #6397, #3798, .T. ) ;
#8126 = CARTESIAN_POINT ( 'NONE',  ( 0.000000000000000000, -23.46246350426182303, -45.29634816116374907 ) ) ;
#8127 = CARTESIAN_POINT ( 'NONE',  ( -10.70205166274274333, -66.46367145505251983, -1.807991751991009588 ) ) ;
#8128 = FACE_OUTER_BOUND ( 'NONE', #7594, .T. ) ;
#8129 = ORIENTED_EDGE ( 'NONE', *, *, #8276, .T. ) ;
#8130 = ADVANCED_FACE ( 'NONE', ( #8695 ), #1143, .F. ) ;
#8131 = DIRECTION ( 'NONE',  ( -0.000000000000000000, -0.7071067811865426878, 0.7071067811865524577 ) ) ;
#8132 = CARTESIAN_POINT ( 'NONE',  ( -18.25000000000000000, 27.20581053509669189, -18.75923434280892721 ) ) ;
#8133 = ORIENTED_EDGE ( 'NONE', *, *, #5573, .F. ) ;
#8134 = EDGE_CURVE ( 'NONE', #5379, #7852, #2194, .T. ) ;
#8135 = CARTESIAN_POINT ( 'NONE',  ( -21.75411329756708767, -31.22809027480722577, -18.09012022915239015 ) ) ;
#8136 = CARTESIAN_POINT ( 'NONE',  ( 18.44999999999999218, 34.52346029824676776, -7.204386791072464824 ) ) ;
#8137 = CARTESIAN_POINT ( 'NONE',  ( -17.59310362560139751, 22.45437147898829267, -45.29634816116374196 ) ) ;
#8138 = PLANE ( 'NONE',  #1479 ) ;
#8139 = CARTESIAN_POINT ( 'NONE',  ( 0.000000000000000000, -6.012463504261799763, -11.42958778986839263 ) ) ;
#8140 = VERTEX_POINT ( 'NONE', #5237 ) ;
#8141 = EDGE_CURVE ( 'NONE', #3909, #8766, #4563, .T. ) ;
#8142 = CARTESIAN_POINT ( 'NONE',  ( -12.81600561797617566, -14.46246350426197758, -23.29634816116374907 ) ) ;
#8143 = CARTESIAN_POINT ( 'NONE',  ( -6.000000000000000000, -81.34295218669909389, 11.96611981446149464 ) ) ;
#8144 = DIRECTION ( 'NONE',  ( -1.000000000000000000, -0.000000000000000000, -0.000000000000000000 ) ) ;
#8145 = VERTEX_POINT ( 'NONE', #6605 ) ;
#8146 = CARTESIAN_POINT ( 'NONE',  ( -8.150000000000000355, -22.82182225824879751, -14.25357600088131171 ) ) ;
#8147 = CARTESIAN_POINT ( 'NONE',  ( -12.08176384139895632, 15.84378220422059869, -43.71400888829118259 ) ) ;
#8148 = FACE_OUTER_BOUND ( 'NONE', #3897, .T. ) ;
#8149 = PLANE ( 'NONE',  #5812 ) ;
#8150 = ORIENTED_EDGE ( 'NONE', *, *, #779, .F. ) ;
#8151 = ORIENTED_EDGE ( 'NONE', *, *, #6689, .F. ) ;
#8152 = CARTESIAN_POINT ( 'NONE',  ( -15.00000000000000000, -121.3046707256536223, 35.34369902308387168 ) ) ;
#8153 = EDGE_CURVE ( 'NONE', #890, #668, #475, .T. ) ;
#8154 = CARTESIAN_POINT ( 'NONE',  ( 2.031168651311668684E-19, -58.16429889632826189, 22.35724103793143058 ) ) ;
#8155 = EDGE_CURVE ( 'NONE', #4673, #1430, #8654, .T. ) ;
#8156 = EDGE_LOOP ( 'NONE', ( #183, #7890, #1405, #4936, #8425, #1161 ) ) ;
#8157 = CARTESIAN_POINT ( 'NONE',  ( -15.38717015118669096, -52.47418028630455922, 21.02326185008634596 ) ) ;
#8158 = CARTESIAN_POINT ( 'NONE',  ( -6.000000000000000000, -49.46863626127934310, -10.21764939810934791 ) ) ;
#8159 = CARTESIAN_POINT ( 'NONE',  ( -8.150000000000000355, -76.10435538319671878, 16.87016425251036722 ) ) ;
#8160 = LINE ( 'NONE', #2077, #1961 ) ;
#8161 = VERTEX_POINT ( 'NONE', #4603 ) ;
#8162 = EDGE_CURVE ( 'NONE', #4313, #1406, #7325, .T. ) ;
#8163 = CARTESIAN_POINT ( 'NONE',  ( 78.44999999999998863, -55.71891921922760105, 67.98024976246698259 ) ) ;
#8164 = CARTESIAN_POINT ( 'NONE',  ( -18.80810134034933156, -70.61075933743740052, 0.4399770242932217745 ) ) ;
#8165 = CARTESIAN_POINT ( 'NONE',  ( -14.72972840463463662, -41.33000182634377495, -19.70057136043568491 ) ) ;
#8166 = CARTESIAN_POINT ( 'NONE',  ( -15.00000000000000000, -131.9225896424078712, 20.52199534368734035 ) ) ;
#8167 = CARTESIAN_POINT ( 'NONE',  ( -22.81366031155521767, -47.59036696534682420, -6.806658026197471401 ) ) ;
#8168 = ORIENTED_EDGE ( 'NONE', *, *, #4909, .T. ) ;
#8169 = EDGE_LOOP ( 'NONE', ( #1521, #6531, #8088, #1260 ) ) ;
#8170 = CARTESIAN_POINT ( 'NONE',  ( -15.00000000000000000, -124.2861655110359180, 35.92384851300993631 ) ) ;
#8171 = ADVANCED_FACE ( 'NONE', ( #7374 ), #2448, .F. ) ;
#8172 = CARTESIAN_POINT ( 'NONE',  ( -15.00000000000001599, -85.89756278093659603, 38.25674281451664882 ) ) ;
#8173 = ADVANCED_FACE ( 'NONE', ( #8118 ), #1954, .T. ) ;
#8174 = CARTESIAN_POINT ( 'NONE',  ( -3.184081677783118191E-15, 0.5375364957382012809, -45.29634816116374907 ) ) ;
#8175 = DIRECTION ( 'NONE',  ( 1.000000000000000000, 0.000000000000000000, 0.000000000000000000 ) ) ;
#8176 = CARTESIAN_POINT ( 'NONE',  ( 0.000000000000000000, -25.46246350426179816, -43.29634816116374907 ) ) ;
#8177 = ORIENTED_EDGE ( 'NONE', *, *, #8276, .F. ) ;
#8178 = DIRECTION ( 'NONE',  ( 0.000000000000000000, -0.9848077530122092416, 0.1736481776669232813 ) ) ;
#8179 = CARTESIAN_POINT ( 'NONE',  ( -1.864450967224376754, -114.7335992036454542, 16.76397644910646889 ) ) ;
#8180 = VERTEX_POINT ( 'NONE', #7421 ) ;
#8181 = ORIENTED_EDGE ( 'NONE', *, *, #6188, .F. ) ;
#8182 = B_SPLINE_CURVE_WITH_KNOTS ( 'NONE', 3,
 ( #252, #4877, #7596, #2855, #6385, #4202, #8343, #4294, #7012, #2984, #1552, #837, #876, #3607, #1462, #4922 ),
 .UNSPECIFIED., .F., .F.,
 ( 4, 2, 2, 2, 2, 2, 2, 4 ),
 ( 0.0007862578034273130182, 0.002332674668231780098, 0.003879091533036247395, 0.006971925262645168112, 0.008518342127449630638, 0.01006475899225409143, 0.01161117585705855396, 0.01315759272186301301 ),
 .UNSPECIFIED. ) ;
#8183 = VECTOR ( 'NONE', #8840, 1000.000000000000000 ) ;
#8184 = DIRECTION ( 'NONE',  ( 0.000000000000000000, 0.3232551092554108996, 0.9463118589240400169 ) ) ;
#8185 = CARTESIAN_POINT ( 'NONE',  ( -19.57823910394217037, 22.74478506098313346, -43.53984720751495985 ) ) ;
#8186 = VERTEX_POINT ( 'NONE', #4832 ) ;
#8187 = AXIS2_PLACEMENT_3D ( 'NONE', #8437, #3573, #2230 ) ;
#8188 = CARTESIAN_POINT ( 'NONE',  ( -19.19860340506338048, -20.57279008854555613, -40.22482922281545115 ) ) ;
#8189 = ORIENTED_EDGE ( 'NONE', *, *, #6753, .T. ) ;
#8190 = ADVANCED_FACE ( 'NONE', ( #4024 ), #4054, .F. ) ;
#8191 = CARTESIAN_POINT ( 'NONE',  ( -8.150000000000000355, -22.82182225824879751, -12.55357600088131598 ) ) ;
#8192 = CARTESIAN_POINT ( 'NONE',  ( -11.54985179996980271, 16.24907946340569254, -44.17257523570467015 ) ) ;
#8193 = CARTESIAN_POINT ( 'NONE',  ( -12.00000000000008704, -121.1330780353518861, 32.03547454657584836 ) ) ;
#8194 = DIRECTION ( 'NONE',  ( 0.000000000000000000, 0.9848077530122093526, -0.1736481776669230037 ) ) ;
#8195 = ORIENTED_EDGE ( 'NONE', *, *, #5105, .F. ) ;
#8196 = VECTOR ( 'NONE', #8837, 1000.000000000000000 ) ;
#8197 = ORIENTED_EDGE ( 'NONE', *, *, #684, .T. ) ;
#8198 = CARTESIAN_POINT ( 'NONE',  ( -15.00000000000000178, -104.4720218044086977, 45.37448702326108929 ) ) ;
#8199 = FACE_OUTER_BOUND ( 'NONE', #1314, .T. ) ;
#8200 = VERTEX_POINT ( 'NONE', #6341 ) ;
#8201 = CARTESIAN_POINT ( 'NONE',  ( -8.829489423671422088, -70.72737839617248312, 0.4191111198346522126 ) ) ;
#8202 = CARTESIAN_POINT ( 'NONE',  ( -11.45643923738952097, 17.53753649573836881, -45.29634816116374196 ) ) ;
#8203 = DIRECTION ( 'NONE',  ( 0.000000000000000000, 2.118471673958353777E-16, -1.000000000000000000 ) ) ;
#8204 = VECTOR ( 'NONE', #4732, 999.9999999999998863 ) ;
#8205 = DIRECTION ( 'NONE',  ( 1.000000000000000000, 0.000000000000000000, 0.000000000000000000 ) ) ;
#8206 = CARTESIAN_POINT ( 'NONE',  ( -12.81600561797618631, -14.46246350426196869, -45.29634816116374907 ) ) ;
#8207 = VECTOR ( 'NONE', #7192, 1000.000000000000000 ) ;
#8208 = VERTEX_POINT ( 'NONE', #4924 ) ;
#8209 = EDGE_CURVE ( 'NONE', #4729, #6197, #7314, .T. ) ;
#8210 = CARTESIAN_POINT ( 'NONE',  ( -12.46623723358155011, 16.08561245727462108, -44.67351538828688007 ) ) ;
#8211 = CARTESIAN_POINT ( 'NONE',  ( -17.21711642217659133, -73.15148473600081047, 11.74802236046060777 ) ) ;
#8212 = FACE_OUTER_BOUND ( 'NONE', #3047, .T. ) ;
#8213 = VECTOR ( 'NONE', #4549, 1000.000000000000114 ) ;
#8214 = CARTESIAN_POINT ( 'NONE',  ( -22.33827679259010424, 17.83019461446938436, -22.11012916388044403 ) ) ;
#8215 = VECTOR ( 'NONE', #5587, 1000.000000000000000 ) ;
#8216 = ORIENTED_EDGE ( 'NONE', *, *, #3200, .F. ) ;
#8217 = ORIENTED_EDGE ( 'NONE', *, *, #2210, .T. ) ;
#8218 = EDGE_CURVE ( 'NONE', #6270, #271, #2310, .T. ) ;
#8219 = CARTESIAN_POINT ( 'NONE',  ( -15.00000000000000000, -107.7833220828870964, 33.40977419714164398 ) ) ;
#8220 = CARTESIAN_POINT ( 'NONE',  ( -19.58613519126880220, -13.68244369660766679, -21.70613331663363965 ) ) ;
#8221 = EDGE_CURVE ( 'NONE', #1433, #7616, #4878, .T. ) ;
#8222 = VECTOR ( 'NONE', #415, 1000.000000000000114 ) ;
#8223 = DIRECTION ( 'NONE',  ( 0.000000000000000000, 0.7660444431189955550, -0.6427876096865186017 ) ) ;
#8224 = LINE ( 'NONE', #713, #5506 ) ;
#8225 = ADVANCED_FACE ( 'NONE', ( #7598 ), #5604, .F. ) ;
#8226 = CARTESIAN_POINT ( 'NONE',  ( 0.000000000000000000, -29.51440953603716366, -9.316413829083826315 ) ) ;
#8227 = AXIS2_PLACEMENT_3D ( 'NONE', #2580, #4564, #3252 ) ;
#8228 = EDGE_LOOP ( 'NONE', ( #4158, #3832, #6004, #4999 ) ) ;
#8229 = CARTESIAN_POINT ( 'NONE',  ( 0.000000000000000000, -0.9724297949347702197, -5.514923416868372286 ) ) ;
#8230 = DIRECTION ( 'NONE',  ( -1.000000000000000000, 0.000000000000000000, 0.000000000000000000 ) ) ;
#8231 = EDGE_LOOP ( 'NONE', ( #2869, #776, #3490, #6365, #4132 ) ) ;
#8232 = ADVANCED_FACE ( 'NONE', ( #5897 ), #4459, .F. ) ;
#8233 = ORIENTED_EDGE ( 'NONE', *, *, #1534, .F. ) ;
#8234 = CARTESIAN_POINT ( 'NONE',  ( -20.35456303171942949, 13.79933192890375260, -21.30924019412722004 ) ) ;
#8235 = CARTESIAN_POINT ( 'NONE',  ( -12.16124562372770868, -14.70563082979759173, -43.51905284694988296 ) ) ;
#8236 = ORIENTED_EDGE ( 'NONE', *, *, #6104, .F. ) ;
#8237 = CARTESIAN_POINT ( 'NONE',  ( -10.55000000000000071, 10.71562816763628412, -12.65297644718270220 ) ) ;
#8238 = DIRECTION ( 'NONE',  ( 0.000000000000000000, -0.1736481776669232813, -0.9848077530122092416 ) ) ;
#8239 = CARTESIAN_POINT ( 'NONE',  ( -22.33050015842062308, 29.97398186782806206, -24.31304690875162322 ) ) ;
#8240 = ORIENTED_EDGE ( 'NONE', *, *, #7693, .T. ) ;
#8241 = CARTESIAN_POINT ( 'NONE',  ( -14.00731390355238659, -13.52383037602949578, -21.29632562903812598 ) ) ;
#8242 = CARTESIAN_POINT ( 'NONE',  ( -13.24874292574929235, 14.84569544953171771, -21.09793644076461661 ) ) ;
#8243 = CARTESIAN_POINT ( 'NONE',  ( 25.00505927025263730, -8.012463504261800651, -21.29634816116374907 ) ) ;
#8244 = AXIS2_PLACEMENT_3D ( 'NONE', #4891, #7025, #7734 ) ;
#8245 = DIRECTION ( 'NONE',  ( 0.000000000000000000, 0.3232551092554114547, 0.9463118589240399059 ) ) ;
#8246 = ORIENTED_EDGE ( 'NONE', *, *, #7398, .F. ) ;
#8247 = EDGE_LOOP ( 'NONE', ( #1882, #3015, #2913, #1658 ) ) ;
#8248 = CARTESIAN_POINT ( 'NONE',  ( -14.89802290457636680, 14.25886632336263560, -21.43069403968375042 ) ) ;
#8249 = DIRECTION ( 'NONE',  ( 0.02224014068614567005, -0.9997526574819696199, -1.334072619310902117E-16 ) ) ;
#8250 = VERTEX_POINT ( 'NONE', #3157 ) ;
#8251 = CARTESIAN_POINT ( 'NONE',  ( -23.44999999999999929, -34.75827009701470871, 6.157848144283614822 ) ) ;
#8252 = CARTESIAN_POINT ( 'NONE',  ( -15.36843112759067331, -30.07930302153903668, -26.79218022828723633 ) ) ;
#8253 = VECTOR ( 'NONE', #5454, 1000.000000000000000 ) ;
#8254 = EDGE_CURVE ( 'NONE', #5624, #5188, #7141, .T. ) ;
#8255 = CARTESIAN_POINT ( 'NONE',  ( -12.19083461222129472, 15.75704869086030158, -23.29634816116374907 ) ) ;
#8256 = DIRECTION ( 'NONE',  ( 0.000000000000000000, -0.1555971730756354476, -0.9878205908619595021 ) ) ;
#8257 = CARTESIAN_POINT ( 'NONE',  ( 2.031168651311668684E-19, -58.16429889632826189, 22.35724103793143058 ) ) ;
#8258 = ORIENTED_EDGE ( 'NONE', *, *, #6373, .T. ) ;
#8259 = DIRECTION ( 'NONE',  ( 1.000000000000000000, -0.000000000000000000, -0.000000000000000000 ) ) ;
#8260 = VECTOR ( 'NONE', #7318, 1000.000000000000000 ) ;
#8261 = CARTESIAN_POINT ( 'NONE',  ( -8.363281706080176292, -74.47684251996058435, 32.63065527728731041 ) ) ;
#8262 = CARTESIAN_POINT ( 'NONE',  ( -10.55000000000000071, 30.63728543497760981, -13.11942228818445599 ) ) ;
#8263 = CARTESIAN_POINT ( 'NONE',  ( -12.81600530728580445, -14.46246394167478755, -43.34207902199230489 ) ) ;
#8264 = VERTEX_POINT ( 'NONE', #1046 ) ;
#8265 = ORIENTED_EDGE ( 'NONE', *, *, #6077, .F. ) ;
#8266 = CARTESIAN_POINT ( 'NONE',  ( -17.65479638729886247, 18.08847022924864945, -45.29634816116374196 ) ) ;
#8267 = CIRCLE ( 'NONE', #1690, 1.000000000000000888 ) ;
#8268 = CARTESIAN_POINT ( 'NONE',  ( -19.49398867747666486, -13.96923764538579782, -21.97469517754138479 ) ) ;
#8269 = LINE ( 'NONE', #2863, #5942 ) ;
#8270 = ORIENTED_EDGE ( 'NONE', *, *, #8590, .T. ) ;
#8271 = PLANE ( 'NONE',  #8461 ) ;
#8272 = DIRECTION ( 'NONE',  ( 0.000000000000000000, -0.9848077530122094636, 0.1736481776669225041 ) ) ;
#8273 = MANIFOLD_SOLID_BREP ( 'Stock-ThermallerMain-1', #3101 ) ;
#8274 = CARTESIAN_POINT ( 'NONE',  ( -14.91455520716882255, -39.14357979000045162, -20.61117692866330131 ) ) ;
#8275 = ORIENTED_EDGE ( 'NONE', *, *, #3308, .F. ) ;
#8276 = EDGE_CURVE ( 'NONE', #3820, #395, #339, .T. ) ;
#8277 = CARTESIAN_POINT ( 'NONE',  ( -10.30419141748834555, -68.10408723553941002, 29.92097136775378985 ) ) ;
#8278 = DIRECTION ( 'NONE',  ( -1.000000000000000000, 0.000000000000000000, 0.000000000000000000 ) ) ;
#8279 = ORIENTED_EDGE ( 'NONE', *, *, #4749, .F. ) ;
#8280 = CARTESIAN_POINT ( 'NONE',  ( -13.21159737362351194, -13.80492403933242151, -21.13197385271872974 ) ) ;
#8281 = CARTESIAN_POINT ( 'NONE',  ( -23.43127306838426094, 32.89923068065834855, -16.10372453915973523 ) ) ;
#8282 = VERTEX_POINT ( 'NONE', #3836 ) ;
#8283 = CARTESIAN_POINT ( 'NONE',  ( -11.27015567255393691, 17.26111373151070438, -44.96301482783041337 ) ) ;
#8284 = EDGE_CURVE ( 'NONE', #1591, #2436, #2483, .T. ) ;
#8285 = CARTESIAN_POINT ( 'NONE',  ( -14.01408492016311769, 14.09734136075788058, -20.56994150228880613 ) ) ;
#8286 = CARTESIAN_POINT ( 'NONE',  ( -23.45000000000718643, -37.93328311074122183, 8.822000393121067319 ) ) ;
#8287 = DIRECTION ( 'NONE',  ( -0.000000000000000000, 0.000000000000000000, -1.000000000000000000 ) ) ;
#8288 = ORIENTED_EDGE ( 'NONE', *, *, #8380, .F. ) ;
#8289 = ORIENTED_EDGE ( 'NONE', *, *, #6989, .F. ) ;
#8290 = DIRECTION ( 'NONE',  ( -0.000000000000000000, 1.387778780781444689E-15, 1.000000000000000000 ) ) ;
#8291 = CARTESIAN_POINT ( 'NONE',  ( -15.00000000000000000, -94.83578902281104206, 31.43931079701635412 ) ) ;
#8292 = ORIENTED_EDGE ( 'NONE', *, *, #7123, .T. ) ;
#8293 = LINE ( 'NONE', #7678, #3969 ) ;
#8294 = PLANE ( 'NONE',  #1114 ) ;
#8295 = CARTESIAN_POINT ( 'NONE',  ( -13.01772889051133397, -13.98107956516400030, -21.32663370643764722 ) ) ;
#8296 = CARTESIAN_POINT ( 'NONE',  ( -14.36816476452923474, -25.46246350426178751, -38.78094102822789324 ) ) ;
#8297 = VERTEX_POINT ( 'NONE', #8561 ) ;
#8298 = CYLINDRICAL_SURFACE ( 'NONE', #3076, 60.00000000000000000 ) ;
#8299 = CARTESIAN_POINT ( 'NONE',  ( -21.95112748607713726, -14.54181933374711377, -19.47075456690594564 ) ) ;
#8300 = DIRECTION ( 'NONE',  ( 0.000000000000000000, 0.9463118589240399059, -0.3232551092554114547 ) ) ;
#8301 = CARTESIAN_POINT ( 'NONE',  ( -22.38180892622856888, -53.81546268642408393, -0.4755820375708863512 ) ) ;
#8302 = EDGE_LOOP ( 'NONE', ( #8288, #6672, #6216, #4419 ) ) ;
#8303 = CARTESIAN_POINT ( 'NONE',  ( -1.123582429141872785, -120.4859869534280250, 49.30024030737046559 ) ) ;
#8304 = CARTESIAN_POINT ( 'NONE',  ( -15.00000000000000000, -93.59807247114143536, 31.08184805475701040 ) ) ;
#8305 = CARTESIAN_POINT ( 'NONE',  ( -15.00000000000000355, -94.04369232864578976, 20.43189066072880422 ) ) ;
#8306 = DIRECTION ( 'NONE',  ( 0.000000000000000000, 0.3232551092554114547, 0.9463118589240399059 ) ) ;
#8307 = ORIENTED_EDGE ( 'NONE', *, *, #4803, .T. ) ;
#8308 = CARTESIAN_POINT ( 'NONE',  ( -22.10094539372660805, -37.86187703272648974, -14.17128849186840611 ) ) ;
#8309 = CARTESIAN_POINT ( 'NONE',  ( -12.23880547039633981, 15.71850919552246140, -22.80120203337452267 ) ) ;
#8310 = ORIENTED_EDGE ( 'NONE', *, *, #1342, .T. ) ;
#8311 = CARTESIAN_POINT ( 'NONE',  ( -22.48879917349735891, 17.12611349966797292, -20.79288604686187725 ) ) ;
#8312 = CARTESIAN_POINT ( 'NONE',  ( -12.01494837495039292, -14.82123403011275542, -43.81865638291368015 ) ) ;
#8313 = ORIENTED_EDGE ( 'NONE', *, *, #5828, .F. ) ;
#8314 = EDGE_CURVE ( 'NONE', #4112, #8584, #4575, .T. ) ;
#8315 = CARTESIAN_POINT ( 'NONE',  ( -20.26983112241058649, 14.85918947934891676, -21.78957402002809829 ) ) ;
#8316 = CARTESIAN_POINT ( 'NONE',  ( -15.23681234838114662, -12.94899587012133324, -21.36406038025599941 ) ) ;
#8317 = VECTOR ( 'NONE', #1917, 1000.000000000000000 ) ;
#8318 = CARTESIAN_POINT ( 'NONE',  ( -17.53068050820105483, 30.22642330811762434, -23.77596164592439720 ) ) ;
#8319 = ORIENTED_EDGE ( 'NONE', *, *, #7886, .F. ) ;
#8320 = EDGE_CURVE ( 'NONE', #4263, #2431, #6429, .T. ) ;
#8321 = CARTESIAN_POINT ( 'NONE',  ( -14.09586214389709014, -25.46248434132746041, -43.31250266735550980 ) ) ;
#8322 = ADVANCED_BREP_SHAPE_REPRESENTATION ( 'ThermallerBodyPart2', ( #8273, #6097 ), #2232 ) ;
#8323 = AXIS2_PLACEMENT_3D ( 'NONE', #5084, #6493, #3485 ) ;
#8324 = CARTESIAN_POINT ( 'NONE',  ( -13.03391402783179664, 15.41955320779442928, -22.61849852411658190 ) ) ;
#8325 = EDGE_CURVE ( 'NONE', #6637, #5798, #8645, .T. ) ;
#8326 = CARTESIAN_POINT ( 'NONE',  ( -23.20512737964460470, -41.10981444642604288, 11.48742666526990419 ) ) ;
#8327 = DIRECTION ( 'NONE',  ( 0.000000000000000000, -1.000000000000000000, -0.000000000000000000 ) ) ;
#8328 = ORIENTED_EDGE ( 'NONE', *, *, #3834, .F. ) ;
#8329 = EDGE_CURVE ( 'NONE', #1035, #4888, #2403, .T. ) ;
#8330 = ORIENTED_EDGE ( 'NONE', *, *, #5872, .F. ) ;
#8331 = CARTESIAN_POINT ( 'NONE',  ( -15.75302455562105663, 13.61707012972171071, -21.29632899273593694 ) ) ;
#8332 = CARTESIAN_POINT ( 'NONE',  ( -20.39612062771130141, -61.75182069884252911, 5.793629176808388515 ) ) ;
#8333 = ORIENTED_EDGE ( 'NONE', *, *, #2770, .T. ) ;
#8334 = DIRECTION ( 'NONE',  ( 0.000000000000000000, 0.000000000000000000, 1.000000000000000000 ) ) ;
#8335 = CARTESIAN_POINT ( 'NONE',  ( 6.000000000000011546, -121.2461817701687323, 37.29111202456548568 ) ) ;
#8336 = EDGE_CURVE ( 'NONE', #1437, #5188, #5858, .T. ) ;
#8337 = DIRECTION ( 'NONE',  ( -0.000000000000000000, 0.7660444431189818992, -0.6427876096865347000 ) ) ;
#8338 = CARTESIAN_POINT ( 'NONE',  ( -4.161032917956139165, -94.78879923593592594, 42.42770921878686607 ) ) ;
#8339 = DIRECTION ( 'NONE',  ( -0.000000000000000000, -0.000000000000000000, 1.000000000000000000 ) ) ;
#8340 = ORIENTED_EDGE ( 'NONE', *, *, #3577, .T. ) ;
#8341 = AXIS2_PLACEMENT_3D ( 'NONE', #6512, #1762, #4507 ) ;
#8342 = AXIS2_PLACEMENT_3D ( 'NONE', #4583, #1210, #3953 ) ;
#8343 = CARTESIAN_POINT ( 'NONE',  ( -6.829621109990155148, -55.62639824142126344, 23.46457592833517225 ) ) ;
#8344 = CARTESIAN_POINT ( 'NONE',  ( -21.64157902634170938, -16.62762766198262554, -21.55656289514940482 ) ) ;
#8345 = DIRECTION ( 'NONE',  ( 0.000000000000000000, -1.209350080395259731E-13, -1.000000000000000000 ) ) ;
#8346 = VECTOR ( 'NONE', #1285, 1000.000000000000000 ) ;
#8347 = CARTESIAN_POINT ( 'NONE',  ( -12.63109957367847969, -14.75526307141514515, -44.34096460462836120 ) ) ;
#8348 = EDGE_LOOP ( 'NONE', ( #7786, #6896, #2253, #5657, #92 ) ) ;
#8349 = CARTESIAN_POINT ( 'NONE',  ( -6.598581621424981059, -81.66806646569143879, 36.17320377632950823 ) ) ;
#8350 = CARTESIAN_POINT ( 'NONE',  ( -15.00000000000000000, -90.81628673717627009, 30.24969710963827296 ) ) ;
#8351 = DIRECTION ( 'NONE',  ( 0.000000000000000000, -0.9848077530122093526, 0.1736481776669230870 ) ) ;
#8352 = ORIENTED_EDGE ( 'NONE', *, *, #407, .T. ) ;
#8353 = CYLINDRICAL_SURFACE ( 'NONE', #500, 50.00000000000000000 ) ;
#8354 = VECTOR ( 'NONE', #4161, 1000.000000000000000 ) ;
#8355 = CARTESIAN_POINT ( 'NONE',  ( -12.63676831002820045, 15.38906052249568113, -21.81857015739235095 ) ) ;
#8356 = VERTEX_POINT ( 'NONE', #4014 ) ;
#8357 = AXIS2_PLACEMENT_3D ( 'NONE', #4218, #2733, #8184 ) ;
#8358 = CARTESIAN_POINT ( 'NONE',  ( -19.94423420603397190, 15.52464446276646015, -23.03455272795594766 ) ) ;
#8359 = CARTESIAN_POINT ( 'NONE',  ( -15.00000000000000000, -123.9937389391436966, 32.68858056700155856 ) ) ;
#8360 = ORIENTED_EDGE ( 'NONE', *, *, #836, .F. ) ;
#8361 = CARTESIAN_POINT ( 'NONE',  ( -20.31966187831386250, 14.53983723545765194, -21.56068455647470827 ) ) ;
#8362 = CARTESIAN_POINT ( 'NONE',  ( -14.90529023282249099, -13.18705594847563134, -21.44002231029114824 ) ) ;
#8363 = CARTESIAN_POINT ( 'NONE',  ( -15.60259264748206753, -51.84289290795585003, 20.49354884374707453 ) ) ;
#8364 = ORIENTED_EDGE ( 'NONE', *, *, #3241, .F. ) ;
#8365 = EDGE_CURVE ( 'NONE', #8519, #3813, #5352, .T. ) ;
#8366 = CARTESIAN_POINT ( 'NONE',  ( -37.07224088444629473, -80.69594337995211220, 4.236506883837865445 ) ) ;
#8367 = CARTESIAN_POINT ( 'NONE',  ( -12.69799621922733479, 15.33679481722363569, -21.72577222148835929 ) ) ;
#8368 = DIRECTION ( 'NONE',  ( 0.000000000000000000, 0.3420201433256692680, 0.9396926207859083169 ) ) ;
#8369 = TOROIDAL_SURFACE ( 'NONE', #4106, 33.83706265612283204, 5.000000000000000000 ) ;
#8370 = CARTESIAN_POINT ( 'NONE',  ( -14.59561569588435859, 21.53753649573819828, -44.17926743284183999 ) ) ;
#8371 = ORIENTED_EDGE ( 'NONE', *, *, #3371, .T. ) ;
#8372 = ORIENTED_EDGE ( 'NONE', *, *, #6634, .T. ) ;
#8373 =( BOUNDED_CURVE ( )  B_SPLINE_CURVE ( 2, ( #6119, #3374, #8157 ),
 .UNSPECIFIED., .F., .F. ) 
 B_SPLINE_CURVE_WITH_KNOTS ( ( 3, 3 ),
 ( 0.000000000000000000, 1.000000000000000000 ),
 .UNSPECIFIED. ) 
 CURVE ( )  GEOMETRIC_REPRESENTATION_ITEM ( )  RATIONAL_B_SPLINE_CURVE ( ( 1.000000000000000000, 0.6836549494005502714, 1.000000000000000000 ) ) 
 REPRESENTATION_ITEM ( '' )  );
#8374 = CARTESIAN_POINT ( 'NONE',  ( -13.01055518142989698, 15.43235630418297788, -22.65509845845604175 ) ) ;
#8375 = CARTESIAN_POINT ( 'NONE',  ( -21.32931639001249735, -58.49733327816714734, 3.395936393980876211 ) ) ;
#8376 = APPLICATION_CONTEXT ( 'automotive_design' ) ;
#8377 = ORIENTED_EDGE ( 'NONE', *, *, #6313, .F. ) ;
#8378 = LINE ( 'NONE', #5003, #5123 ) ;
#8379 = ADVANCED_FACE ( 'NONE', ( #1944 ), #4979, .F. ) ;
#8380 = EDGE_CURVE ( 'NONE', #7404, #5565, #1583, .T. ) ;
#8381 = CARTESIAN_POINT ( 'NONE',  ( -5.999999999999998224, -123.6640270959618277, 25.08174915276007155 ) ) ;
#8382 = CARTESIAN_POINT ( 'NONE',  ( -4.664470381029929946, -136.7919090266687761, 22.77406733981417020 ) ) ;
#8383 = FACE_OUTER_BOUND ( 'NONE', #633, .T. ) ;
#8384 = VERTEX_POINT ( 'NONE', #2844 ) ;
#8385 = AXIS2_PLACEMENT_3D ( 'NONE', #1728, #6648, #1812 ) ;
#8386 = CARTESIAN_POINT ( 'NONE',  ( -10.55000000000000071, 32.26483186922731505, -11.37554941312703427 ) ) ;
#8387 = VECTOR ( 'NONE', #4596, 1000.000000000000227 ) ;
#8388 = CARTESIAN_POINT ( 'NONE',  ( -6.826964507114936964, -80.63512390836481813, 35.66435449925663903 ) ) ;
#8389 = CARTESIAN_POINT ( 'NONE',  ( -12.19083461222128761, 15.75704869086030513, -43.29634816116374196 ) ) ;
#8390 = CARTESIAN_POINT ( 'NONE',  ( -12.81502797583138786, -14.46402996830338772, -43.38750544663384545 ) ) ;
#8391 = ORIENTED_EDGE ( 'NONE', *, *, #4254, .T. ) ;
#8392 = LINE ( 'NONE', #2990, #1266 ) ;
#8393 = VECTOR ( 'NONE', #3871, 1000.000000000000114 ) ;
#8394 = CARTESIAN_POINT ( 'NONE',  ( -15.00000000000000000, -92.14849162001786453, 30.65255093690511146 ) ) ;
#8395 = CARTESIAN_POINT ( 'NONE',  ( -15.00000000000000000, -94.06842296585499241, 31.21881860457415314 ) ) ;
#8396 = CARTESIAN_POINT ( 'NONE',  ( -2.288833772969503411, -109.2179467312053873, 14.85253907440456977 ) ) ;
#8397 = CARTESIAN_POINT ( 'NONE',  ( -15.00000000000000000, -122.3442200681275409, 32.30174611396969908 ) ) ;
#8398 = CARTESIAN_POINT ( 'NONE',  ( -12.37589395306699203, 15.60697451510481670, -22.33447360710345819 ) ) ;
#8399 = ORIENTED_EDGE ( 'NONE', *, *, #5105, .T. ) ;
#8400 = EDGE_CURVE ( 'NONE', #4654, #4001, #7673, .T. ) ;
#8401 = VECTOR ( 'NONE', #2213, 1000.000000000000114 ) ;
#8402 = CARTESIAN_POINT ( 'NONE',  ( -11.65000000000000036, 0.5375364957381989495, 53.36789795213029919 ) ) ;
#8403 = CARTESIAN_POINT ( 'NONE',  ( -15.00000000000000000, -128.4297167077102131, 34.08136697702980911 ) ) ;
#8404 = ORIENTED_EDGE ( 'NONE', *, *, #1896, .T. ) ;
#8405 = CARTESIAN_POINT ( 'NONE',  ( -20.14524714632837288, 15.27320010041724885, -22.29404742142925855 ) ) ;
#8406 = CARTESIAN_POINT ( 'NONE',  ( -12.81600561797617388, -14.46246350426197758, -23.29634816116374907 ) ) ;
#8407 = LINE ( 'NONE', #2327, #4382 ) ;
#8408 = ORIENTED_EDGE ( 'NONE', *, *, #6110, .T. ) ;
#8409 = AXIS2_PLACEMENT_3D ( 'NONE', #5259, #591, #8005 ) ;
#8410 = EDGE_LOOP ( 'NONE', ( #3068, #2236, #5738, #952, #4451, #3960, #3563, #1318, #1666, #8129, #1897, #2884, #3228, #3394, #1298, #190 ) ) ;
#8411 = CARTESIAN_POINT ( 'NONE',  ( -15.00000000000000000, -102.6120857302048393, 32.91477050087829070 ) ) ;
#8412 = CARTESIAN_POINT ( 'NONE',  ( -12.82604529541116101, 15.53218429102754783, -23.12868292992026298 ) ) ;
#8413 = CARTESIAN_POINT ( 'NONE',  ( -4.058300524425791700, 33.32528787234499390, -13.99956028685670262 ) ) ;
#8414 = CARTESIAN_POINT ( 'NONE',  ( -15.85086760509274484, -12.46246350426197580, -21.29634816116374907 ) ) ;
#8415 = CARTESIAN_POINT ( 'NONE',  ( -15.79999999999999893, -53.46956596784184512, 3.060624641958697989 ) ) ;
#8416 = ORIENTED_EDGE ( 'NONE', *, *, #6920, .F. ) ;
#8417 = VERTEX_POINT ( 'NONE', #6875 ) ;
#8418 = CARTESIAN_POINT ( 'NONE',  ( -13.55372511535928126, 15.12445371175696707, -22.07722152930343995 ) ) ;
#8419 = CARTESIAN_POINT ( 'NONE',  ( -18.25000000000000000, 28.62104318308211859, -10.73305115575941571 ) ) ;
#8420 = ORIENTED_EDGE ( 'NONE', *, *, #3303, .F. ) ;
#8421 = CARTESIAN_POINT ( 'NONE',  ( -14.99687358852318830, -38.19350870439572532, -20.96397071094859754 ) ) ;
#8422 = LINE ( 'NONE', #1629, #5709 ) ;
#8423 = CARTESIAN_POINT ( 'NONE',  ( -12.19083461222122722, -14.68197569938395297, -23.29634816116374907 ) ) ;
#8424 = DIRECTION ( 'NONE',  ( 0.7071067811865480168, 0.000000000000000000, 0.7071067811865470176 ) ) ;
#8425 = ORIENTED_EDGE ( 'NONE', *, *, #3763, .T. ) ;
#8426 = ADVANCED_FACE ( 'NONE', ( #2973 ), #2930, .F. ) ;
#8427 = DIRECTION ( 'NONE',  ( -1.000000000000000000, 0.000000000000000000, 0.000000000000000000 ) ) ;
#8428 = EDGE_CURVE ( 'NONE', #3525, #5355, #1551, .T. ) ;
#8429 = CARTESIAN_POINT ( 'NONE',  ( -11.10606415171701578, -65.59960030976782264, -2.329679598540119745 ) ) ;
#8430 = CARTESIAN_POINT ( 'NONE',  ( -14.72915595512906606, 14.24554712034965043, -21.29635686599872813 ) ) ;
#8431 = CARTESIAN_POINT ( 'NONE',  ( -23.09883163392442995, -48.88557276380470995, -4.434952688729846493 ) ) ;
#8432 = ORIENTED_EDGE ( 'NONE', *, *, #8752, .T. ) ;
#8433 = CARTESIAN_POINT ( 'NONE',  ( -7.305930081347459470, -78.60040381889797345, 34.66200849344340895 ) ) ;
#8434 = FACE_OUTER_BOUND ( 'NONE', #5421, .T. ) ;
#8435 = EDGE_CURVE ( 'NONE', #3061, #4977, #8640, .T. ) ;
#8436 = ADVANCED_FACE ( 'NONE', ( #1407 ), #8, .F. ) ;
#8437 = CARTESIAN_POINT ( 'NONE',  ( 23.44999999999999929, -59.22789547348781980, 26.69030177272813020 ) ) ;
#8438 = CARTESIAN_POINT ( 'NONE',  ( 3.000000000000000000, -122.2275424939940365, 29.02845816006089663 ) ) ;
#8439 = LINE ( 'NONE', #1602, #8632 ) ;
#8440 = CARTESIAN_POINT ( 'NONE',  ( -14.70674478515483763, -41.56412907867603224, -19.59620401428198377 ) ) ;
#8441 = EDGE_LOOP ( 'NONE', ( #996, #7649, #4266, #6515 ) ) ;
#8442 = EDGE_CURVE ( 'NONE', #6899, #544, #3145, .T. ) ;
#8443 = CARTESIAN_POINT ( 'NONE',  ( -10.48447168601375878, -67.51255360434782915, 29.70567073343264752 ) ) ;
#8444 = CARTESIAN_POINT ( 'NONE',  ( -16.25027507957221928, -24.81968674166479616, -43.42019562282024481 ) ) ;
#8445 = CARTESIAN_POINT ( 'NONE',  ( -19.76657000559823274, -12.46246350426197580, -21.29634816116374907 ) ) ;
#8446 = VERTEX_POINT ( 'NONE', #2016 ) ;
#8447 = CARTESIAN_POINT ( 'NONE',  ( -12.85464141326600362, -14.44178397176682793, -23.00656556908635508 ) ) ;
#8448 = DIRECTION ( 'NONE',  ( -0.000000000000000000, 0.6427876096865340338, 0.7660444431189825654 ) ) ;
#8449 = ORIENTED_EDGE ( 'NONE', *, *, #5842, .F. ) ;
#8450 = ORIENTED_EDGE ( 'NONE', *, *, #6482, .F. ) ;
#8451 = CARTESIAN_POINT ( 'NONE',  ( -15.59488246618209395, -22.86436072221680504, -45.29634816116374907 ) ) ;
#8452 = CARTESIAN_POINT ( 'NONE',  ( -15.00000000000000000, -122.2705011474571108, 18.42123019163070552 ) ) ;
#8453 = CARTESIAN_POINT ( 'NONE',  ( -21.43515204638936567, -50.48297605001762633, 19.35244310981846638 ) ) ;
#8454 = CYLINDRICAL_SURFACE ( 'NONE', #5529, 4.000000000000000000 ) ;
#8455 = VERTEX_POINT ( 'NONE', #1843 ) ;
#8456 = VERTEX_POINT ( 'NONE', #5440 ) ;
#8457 = CARTESIAN_POINT ( 'NONE',  ( -12.09161798103019159, 15.83599767339945252, -43.69574443643768547 ) ) ;
#8458 = PLANE ( 'NONE',  #7550 ) ;
#8459 = ORIENTED_EDGE ( 'NONE', *, *, #602, .T. ) ;
#8460 = CARTESIAN_POINT ( 'NONE',  ( -15.07568522070490502, -37.31818412993879974, -21.33142416753797477 ) ) ;
#8461 = AXIS2_PLACEMENT_3D ( 'NONE', #2140, #4889, #2821 ) ;
#8462 = DIRECTION ( 'NONE',  ( 0.000000000000000000, -0.9848077530122093526, 0.1736481776669230592 ) ) ;
#8463 = CARTESIAN_POINT ( 'NONE',  ( -9.099999999999999645, -74.66354740713653371, 13.27312437272159151 ) ) ;
#8464 = LINE ( 'NONE', #7759, #3107 ) ;
#8465 = DIRECTION ( 'NONE',  ( 0.000000000000000000, -1.334402673828313339E-16, 1.000000000000000000 ) ) ;
#8466 = ORIENTED_EDGE ( 'NONE', *, *, #1614, .T. ) ;
#8467 = CARTESIAN_POINT ( 'NONE',  ( -10.30419141748834555, -68.10408723553941002, 29.92097136775378985 ) ) ;
#8468 = CARTESIAN_POINT ( 'NONE',  ( -9.099999999999999645, -71.57304480356395970, 15.90151393524055123 ) ) ;
#8469 = CARTESIAN_POINT ( 'NONE',  ( -1.300011015784762636, -124.4758996252391086, 18.76861490077991945 ) ) ;
#8470 = CARTESIAN_POINT ( 'NONE',  ( -14.04694059005661799, -54.74710776445026283, -11.01011506394795525 ) ) ;
#8471 = EDGE_LOOP ( 'NONE', ( #8817, #8265 ) ) ;
#8472 = LINE ( 'NONE', #2356, #2694 ) ;
#8473 = B_SPLINE_CURVE_WITH_KNOTS ( 'NONE', 3,
 ( #1634, #4378, #6735, #7405, #1852, #5577, #1943, #6234, #4593, #7977, #7313, #4180, #6640, #98, #3281, #8644 ),
 .UNSPECIFIED., .F., .F.,
 ( 4, 2, 2, 2, 2, 2, 2, 4 ),
 ( 0.000000000000000000, 0.1250000000000000000, 0.2500000000000000000, 0.5000000000000000000, 0.7500000000000000000, 0.8750000000000000000, 0.9375000000000001110, 1.000000000000000000 ),
 .UNSPECIFIED. ) ;
#8474 = EDGE_CURVE ( 'NONE', #6715, #8455, #7441, .T. ) ;
#8475 = DIRECTION ( 'NONE',  ( 0.000000000000000000, -0.9878205908619593911, 0.1555971730756354199 ) ) ;
#8476 = DIRECTION ( 'NONE',  ( -0.000000000000000000, 0.3420201433256692680, 0.9396926207859083169 ) ) ;
#8477 = DIRECTION ( 'NONE',  ( 0.000000000000000000, 0.9848077530122093526, -0.1736481776669232258 ) ) ;
#8478 = VECTOR ( 'NONE', #4794, 1000.000000000000114 ) ;
#8479 = CARTESIAN_POINT ( 'NONE',  ( -22.19974543573562542, -39.64967620310434171, -13.07292653432055829 ) ) ;
#8480 = CARTESIAN_POINT ( 'NONE',  ( -22.35110875524878793, -42.02164834644163705, -11.45492364573356703 ) ) ;
#8481 = ORIENTED_EDGE ( 'NONE', *, *, #2423, .F. ) ;
#8482 = ADVANCED_FACE ( 'NONE', ( #5258 ), #5393, .F. ) ;
#8483 = FACE_OUTER_BOUND ( 'NONE', #6029, .T. ) ;
#8484 = EDGE_CURVE ( 'NONE', #380, #5165, #6723, .T. ) ;
#8485 = CARTESIAN_POINT ( 'NONE',  ( -17.50565447944406827, -23.81117149923301568, -43.48294845704389644 ) ) ;
#8486 = CARTESIAN_POINT ( 'NONE',  ( -14.99999999999999822, -99.47861474819956129, 32.47320903368568423 ) ) ;
#8487 = AXIS2_PLACEMENT_3D ( 'NONE', #8583, #2465, #2513 ) ;
#8488 = ORIENTED_EDGE ( 'NONE', *, *, #2585, .F. ) ;
#8489 = CARTESIAN_POINT ( 'NONE',  ( -0.3332306630044228890, -36.15367838274909218, -21.89742161218964966 ) ) ;
#8490 = B_SPLINE_CURVE_WITH_KNOTS ( 'NONE', 1,
 ( #6751, #1332 ),
 .UNSPECIFIED., .F., .F.,
 ( 2, 2 ),
 ( 0.000000000000000000, 1.000000000000000000 ),
 .UNSPECIFIED. ) ;
#8491 = CARTESIAN_POINT ( 'NONE',  ( -14.86384603040853314, -13.21606020790615155, -21.45149033319609444 ) ) ;
#8492 = EDGE_CURVE ( 'NONE', #3094, #2709, #5885, .T. ) ;
#8493 = VECTOR ( 'NONE', #5286, 999.9999999999998863 ) ;
#8494 = VERTEX_POINT ( 'NONE', #8143 ) ;
#8495 = VECTOR ( 'NONE', #3029, 1000.000000000000000 ) ;
#8496 = CARTESIAN_POINT ( 'NONE',  ( -15.00000000000000000, -103.1315814959612993, 32.97161845532333757 ) ) ;
#8497 = DIRECTION ( 'NONE',  ( 0.000000000000000000, -0.3232551092554115102, -0.9463118589240397949 ) ) ;
#8498 = CARTESIAN_POINT ( 'NONE',  ( 0.000000000000000000, 31.76599858981257896, -6.718171893605090261 ) ) ;
#8499 = DIRECTION ( 'NONE',  ( 1.000000000000000000, -0.000000000000000000, -0.000000000000000000 ) ) ;
#8500 = CARTESIAN_POINT ( 'NONE',  ( 0.000000000000000000, -90.65206458880942364, 1.945719703071485007 ) ) ;
#8501 = VERTEX_POINT ( 'NONE', #1883 ) ;
#8502 = AXIS2_PLACEMENT_3D ( 'NONE', #7402, #1270, #8194 ) ;
#8503 = AXIS2_PLACEMENT_3D ( 'NONE', #240, #913, #6962 ) ;
#8504 = CARTESIAN_POINT ( 'NONE',  ( -20.76011519141098915, -23.51021683494181502, -27.32977664806313101 ) ) ;
#8505 = CARTESIAN_POINT ( 'NONE',  ( -12.60681097638096304, 15.86829395095046991, -44.40032344059599012 ) ) ;
#8506 = DIRECTION ( 'NONE',  ( -1.000000000000000000, 0.000000000000000000, 0.000000000000000000 ) ) ;
#8507 = ORIENTED_EDGE ( 'NONE', *, *, #2526, .F. ) ;
#8508 = DIRECTION ( 'NONE',  ( -2.632357323181799667E-17, -0.9848077530122093526, 0.1736481776669232258 ) ) ;
#8509 = CARTESIAN_POINT ( 'NONE',  ( -14.00000000000000000, 0.5375364957381987274, 53.36789795213029919 ) ) ;
#8510 = CARTESIAN_POINT ( 'NONE',  ( -23.21665796280323590, -52.03713650964115800, -2.828268006515078259 ) ) ;
#8511 = FACE_OUTER_BOUND ( 'NONE', #3349, .T. ) ;
#8512 = ORIENTED_EDGE ( 'NONE', *, *, #2182, .F. ) ;
#8513 = EDGE_LOOP ( 'NONE', ( #4432, #8006, #4952, #5472 ) ) ;
#8514 = DIRECTION ( 'NONE',  ( -0.1251691050984282683, 1.377370334337848965E-15, 0.9921354217690540045 ) ) ;
#8515 = CARTESIAN_POINT ( 'NONE',  ( -1.026354678952469790, -42.79618956572024047, 9.619576477928129421 ) ) ;
#8516 = CARTESIAN_POINT ( 'NONE',  ( -6.505213034913026604E-16, 2.887536495738198372, -21.29634816116374907 ) ) ;
#8517 = EDGE_CURVE ( 'NONE', #5847, #2926, #5554, .T. ) ;
#8518 = CARTESIAN_POINT ( 'NONE',  ( -21.90992339456257199, -60.01289198410596271, -6.591597467377001252 ) ) ;
#8519 = VERTEX_POINT ( 'NONE', #8674 ) ;
#8520 = DIRECTION ( 'NONE',  ( 0.000000000000000000, 0.3420201433256705448, 0.9396926207859077618 ) ) ;
#8521 = CARTESIAN_POINT ( 'NONE',  ( -19.85963318215450002, -57.97148322379582908, 18.58697367847707227 ) ) ;
#8522 = ADVANCED_FACE ( 'NONE', ( #2559 ), #8807, .F. ) ;
#8523 = CARTESIAN_POINT ( 'NONE',  ( -17.50974606627012875, -66.24491531063833349, 23.02065362722591146 ) ) ;
#8524 = CARTESIAN_POINT ( 'NONE',  ( -1.619402183822475694, -118.5407681345932787, 17.72030871944969377 ) ) ;
#8525 = AXIS2_PLACEMENT_3D ( 'NONE', #1500, #7007, #6295 ) ;
#8526 = DIRECTION ( 'NONE',  ( 0.000000000000000000, 0.3420201433256697676, 0.9396926207859080948 ) ) ;
#8527 = DIRECTION ( 'NONE',  ( 0.000000000000000000, 0.7660444431189812331, -0.6427876096865353661 ) ) ;
#8528 = CARTESIAN_POINT ( 'NONE',  ( -21.59303367565059162, -47.36407093454837280, -16.52168659421742092 ) ) ;
#8529 = ORIENTED_EDGE ( 'NONE', *, *, #8442, .F. ) ;
#8530 = AXIS2_PLACEMENT_3D ( 'NONE', #6863, #1923, #4716 ) ;
#8531 = DIRECTION ( 'NONE',  ( -2.632357323181799667E-17, -0.9848077530122093526, 0.1736481776669232258 ) ) ;
#8532 = CARTESIAN_POINT ( 'NONE',  ( -18.77952124306501247, -20.57279008854559521, -43.54662542183100271 ) ) ;
#8533 = CARTESIAN_POINT ( 'NONE',  ( -14.99999999999999822, -96.69663446347601621, 31.92223852912753301 ) ) ;
#8534 = ORIENTED_EDGE ( 'NONE', *, *, #3705, .T. ) ;
#8535 = DIRECTION ( 'NONE',  ( -1.000000000000000000, -0.000000000000000000, -0.000000000000000000 ) ) ;
#8536 = CARTESIAN_POINT ( 'NONE',  ( -15.00000000000000000, -94.34771466488538749, 20.65720517637866038 ) ) ;
#8537 = EDGE_CURVE ( 'NONE', #3284, #4234, #547, .T. ) ;
#8538 = AXIS2_PLACEMENT_3D ( 'NONE', #971, #1727, #7231 ) ;
#8539 = EDGE_CURVE ( 'NONE', #4888, #6118, #7375, .T. ) ;
#8540 = EDGE_LOOP ( 'NONE', ( #8319, #7426, #7479, #4175 ) ) ;
#8541 = CARTESIAN_POINT ( 'NONE',  ( -15.00000000000074074, -94.90588680724096093, 42.49846220660915463 ) ) ;
#8542 = LINE ( 'NONE', #1701, #3066 ) ;
#8543 = AXIS2_PLACEMENT_3D ( 'NONE', #1418, #6166, #3291 ) ;
#8544 = DIRECTION ( 'NONE',  ( -1.589059672650510312E-16, 0.9848077530122093526, -0.1736481776669230870 ) ) ;
#8545 = CARTESIAN_POINT ( 'NONE',  ( -19.09543287692359925, -53.51198351187129276, -10.07075900122703871 ) ) ;
#8546 = CARTESIAN_POINT ( 'NONE',  ( -6.749269901708617958, -126.7748532574671003, 43.87239565970069322 ) ) ;
#8547 = EDGE_LOOP ( 'NONE', ( #3852, #5521, #3636, #751 ) ) ;
#8548 = CARTESIAN_POINT ( 'NONE',  ( -20.07716457044297087, -21.36545584719819502, -33.12126854625204686 ) ) ;
#8549 = CARTESIAN_POINT ( 'NONE',  ( -12.17225912059763537, 15.77191049926356747, -43.47376802513870331 ) ) ;
#8550 = CARTESIAN_POINT ( 'NONE',  ( 0.000000000000000000, -120.2201213401917244, 40.11018988692321585 ) ) ;
#8551 = ORIENTED_EDGE ( 'NONE', *, *, #3809, .T. ) ;
#8552 = EDGE_CURVE ( 'NONE', #7168, #369, #8717, .T. ) ;
#8553 = DIRECTION ( 'NONE',  ( -1.000000000000000000, -0.000000000000000000, -0.000000000000000000 ) ) ;
#8554 = EDGE_CURVE ( 'NONE', #2739, #5669, #3943, .T. ) ;
#8555 = DIRECTION ( 'NONE',  ( 0.000000000000000000, 0.1736481776669230592, 0.9848077530122093526 ) ) ;
#8556 = CARTESIAN_POINT ( 'NONE',  ( -14.10657373858536090, -53.82259209078266338, -11.78587582474004414 ) ) ;
#8557 = CARTESIAN_POINT ( 'NONE',  ( -4.400000000000000355, -138.6721633577474506, 35.01381066826016308 ) ) ;
#8558 = VERTEX_POINT ( 'NONE', #7395 ) ;
#8559 = ORIENTED_EDGE ( 'NONE', *, *, #8593, .T. ) ;
#8560 = DIRECTION ( 'NONE',  ( 0.000000000000000000, 0.5057367576863224246, 0.8626878531223943769 ) ) ;
#8561 = CARTESIAN_POINT ( 'NONE',  ( -16.35000000000000142, 0.5375364957381987274, -5.781171213874287673 ) ) ;
#8562 = CARTESIAN_POINT ( 'NONE',  ( -15.08081535185777966, 14.05484910053940695, -21.29634816116374196 ) ) ;
#8563 = FACE_OUTER_BOUND ( 'NONE', #1334, .T. ) ;
#8564 = ORIENTED_EDGE ( 'NONE', *, *, #397, .F. ) ;
#8565 = CARTESIAN_POINT ( 'NONE',  ( -18.51951190182737861, 24.79661943889204423, -43.48692445554915764 ) ) ;
#8566 = FACE_BOUND ( 'NONE', #1518, .T. ) ;
#8567 = LINE ( 'NONE', #2360, #6617 ) ;
#8568 = CARTESIAN_POINT ( 'NONE',  ( 0.000000000000000000, -45.46246350426179106, -39.59913607114618372 ) ) ;
#8569 = CARTESIAN_POINT ( 'NONE',  ( -21.27227820482458043, -39.60626051916977275, -20.43202130225664703 ) ) ;
#8570 = ORIENTED_EDGE ( 'NONE', *, *, #1438, .T. ) ;
#8571 = EDGE_CURVE ( 'NONE', #6831, #3909, #2720, .T. ) ;
#8572 = CARTESIAN_POINT ( 'NONE',  ( -17.84552477795709535, 26.66221165061519471, -45.29634816116374196 ) ) ;
#8573 = CARTESIAN_POINT ( 'NONE',  ( -6.505213034913026604E-16, 2.887536495738198372, -24.49634816116376612 ) ) ;
#8574 = LINE ( 'NONE', #5204, #1493 ) ;
#8575 = EDGE_LOOP ( 'NONE', ( #3715, #3606, #5267, #5448 ) ) ;
#8576 = CARTESIAN_POINT ( 'NONE',  ( -15.00000000000000000, -137.5734138895658702, 38.03260002172675058 ) ) ;
#8577 = CARTESIAN_POINT ( 'NONE',  ( -14.99999999999999467, -104.7798680589204139, 12.82968018064283200 ) ) ;
#8578 = CARTESIAN_POINT ( 'NONE',  ( -15.00000000000000000, -96.33415001324334526, 31.83641859640548688 ) ) ;
#8579 = PLANE ( 'NONE',  #1632 ) ;
#8580 = CARTESIAN_POINT ( 'NONE',  ( -14.89802290457636680, 14.25886632336263560, -21.43069403968375042 ) ) ;
#8581 = EDGE_CURVE ( 'NONE', #5136, #8011, #3031, .T. ) ;
#8582 = CARTESIAN_POINT ( 'NONE',  ( -19.88669774594865558, 18.06397657989736416, -41.58344998772472678 ) ) ;
#8583 = CARTESIAN_POINT ( 'NONE',  ( 25.00505927025263730, -12.01246350426180243, -16.46418557693210616 ) ) ;
#8584 = VERTEX_POINT ( 'NONE', #6361 ) ;
#8585 = CARTESIAN_POINT ( 'NONE',  ( -11.45643923738952452, 17.53753649573836881, -45.29634816116374196 ) ) ;
#8586 = CARTESIAN_POINT ( 'NONE',  ( 23.44999999999999929, -84.21696516511207165, -31.97122371483544612 ) ) ;
#8587 = VERTEX_POINT ( 'NONE', #2056 ) ;
#8588 = EDGE_CURVE ( 'NONE', #1582, #2001, #4991, .T. ) ;
#8589 = CARTESIAN_POINT ( 'NONE',  ( -21.20363900908261456, -37.12627000857656157, -21.41336953529475551 ) ) ;
#8590 = EDGE_CURVE ( 'NONE', #230, #2693, #5951, .T. ) ;
#8591 = CARTESIAN_POINT ( 'NONE',  ( -16.70502739792345892, -24.84869237484609528, -39.91023640568557340 ) ) ;
#8592 = CARTESIAN_POINT ( 'NONE',  ( -11.03885129950063337, 16.61239052852473463, -44.29257821190413580 ) ) ;
#8593 = EDGE_CURVE ( 'NONE', #8446, #7191, #7088, .T. ) ;
#8594 = LINE ( 'NONE', #5973, #5392 ) ;
#8595 = LINE ( 'NONE', #7974, #7923 ) ;
#8596 = ORIENTED_EDGE ( 'NONE', *, *, #4201, .F. ) ;
#8597 = VERTEX_POINT ( 'NONE', #4141 ) ;
#8598 = DIRECTION ( 'NONE',  ( 0.000000000000000000, 0.3232551092554114547, 0.9463118589240399059 ) ) ;
#8599 = DIRECTION ( 'NONE',  ( -1.000000000000000000, 0.000000000000000000, 0.000000000000000000 ) ) ;
#8600 = CARTESIAN_POINT ( 'NONE',  ( -13.69740848386251741, 14.74096669163631113, -21.29633882294027813 ) ) ;
#8601 = EDGE_CURVE ( 'NONE', #5056, #7743, #1399, .T. ) ;
#8602 = VECTOR ( 'NONE', #805, 1000.000000000000000 ) ;
#8603 = PLANE ( 'NONE',  #1818 ) ;
#8604 = CARTESIAN_POINT ( 'NONE',  ( -17.24886410854001184, 25.85839741406316961, -43.42340839790396956 ) ) ;
#8605 = DIRECTION ( 'NONE',  ( 0.000000000000000000, -0.9396926207859082059, 0.3420201433256692125 ) ) ;
#8606 = CARTESIAN_POINT ( 'NONE',  ( -15.50181708277012937, 24.43888396216890868, -45.29634816116374196 ) ) ;
#8607 = VECTOR ( 'NONE', #6855, 1000.000000000000000 ) ;
#8608 = CARTESIAN_POINT ( 'NONE',  ( -19.29749643196187492, -57.28770307066443479, 24.63410022353852824 ) ) ;
#8609 = PLANE ( 'NONE',  #2226 ) ;
#8610 = CARTESIAN_POINT ( 'NONE',  ( -15.00000000000000000, -134.9667497062392840, 21.60532227208684120 ) ) ;
#8611 = CARTESIAN_POINT ( 'NONE',  ( -14.11404806172788007, -51.47214512253738405, -13.69548863397784544 ) ) ;
#8612 = EDGE_LOOP ( 'NONE', ( #7676, #1596, #2384, #4940 ) ) ;
#8613 = PLANE ( 'NONE',  #356 ) ;
#8614 = PLANE ( 'NONE',  #7654 ) ;
#8615 = CARTESIAN_POINT ( 'NONE',  ( -9.099999999999999645, -51.37579633631954579, -6.267618961749018780 ) ) ;
#8616 = ORIENTED_EDGE ( 'NONE', *, *, #2856, .F. ) ;
#8617 = CARTESIAN_POINT ( 'NONE',  ( -1.092772315331390853, -34.53049375404346932, -22.85052944410972842 ) ) ;
#8618 = CARTESIAN_POINT ( 'NONE',  ( -1.619402183822475694, -118.5407681345932787, 17.72030871944969377 ) ) ;
#8619 = VECTOR ( 'NONE', #3010, 1000.000000000000000 ) ;
#8620 = VECTOR ( 'NONE', #1363, 1000.000000000000000 ) ;
#8621 = CARTESIAN_POINT ( 'NONE',  ( -3.184081677783118191E-15, 0.5375364957382012809, -44.29634816116374907 ) ) ;
#8622 = AXIS2_PLACEMENT_3D ( 'NONE', #3819, #7916, #6542 ) ;
#8623 = LINE ( 'NONE', #2592, #374 ) ;
#8624 = CARTESIAN_POINT ( 'NONE',  ( 0.000000000000000000, -38.85406476150464528, -13.76214029363365476 ) ) ;
#8625 = LINE ( 'NONE', #6621, #2612 ) ;
#8626 = CARTESIAN_POINT ( 'NONE',  ( -12.80830890302721414, -14.47478904253726739, -43.52255968557860655 ) ) ;
#8627 = VERTEX_POINT ( 'NONE', #899 ) ;
#8628 = VECTOR ( 'NONE', #5762, 1000.000000000000000 ) ;
#8629 = CARTESIAN_POINT ( 'NONE',  ( -1.085710871922742404, -121.2753247451772012, 49.49857288466946414 ) ) ;
#8630 = CARTESIAN_POINT ( 'NONE',  ( -12.19082958316918308, 15.75705230899675868, -43.34192799320360479 ) ) ;
#8631 = CARTESIAN_POINT ( 'NONE',  ( -15.23919355886468630, -82.57339977363319861, 27.74696201452214694 ) ) ;
#8632 = VECTOR ( 'NONE', #5608, 1000.000000000000000 ) ;
#8633 = ADVANCED_FACE ( 'NONE', ( #5618 ), #5833, .T. ) ;
#8634 = VERTEX_POINT ( 'NONE', #8188 ) ;
#8635 = CARTESIAN_POINT ( 'NONE',  ( 0.000000000000000000, -64.84915466134815176, 21.62000213482803446 ) ) ;
#8636 = CARTESIAN_POINT ( 'NONE',  ( 0.000000000000000000, -69.39972495225435978, 30.39254493103064902 ) ) ;
#8637 = VECTOR ( 'NONE', #3320, 1000.000000000000000 ) ;
#8638 = DIRECTION ( 'NONE',  ( -1.000000000000000000, 0.000000000000000000, 0.000000000000000000 ) ) ;
#8639 = CARTESIAN_POINT ( 'NONE',  ( -14.10110959674953435, -53.51706866690651765, -12.04224041703053416 ) ) ;
#8640 = CIRCLE ( 'NONE', #6514, 1.699999999999994849 ) ;
#8641 = DIRECTION ( 'NONE',  ( 0.000000000000000000, -0.3420201433256667145, -0.9396926207859090940 ) ) ;
#8642 = ORIENTED_EDGE ( 'NONE', *, *, #7625, .T. ) ;
#8643 = ORIENTED_EDGE ( 'NONE', *, *, #4072, .F. ) ;
#8644 = CARTESIAN_POINT ( 'NONE',  ( -15.00000000000000000, -94.34771466488518854, 20.65720517637857867 ) ) ;
#8645 = LINE ( 'NONE', #8468, #4956 ) ;
#8646 = CARTESIAN_POINT ( 'NONE',  ( -20.37789781028472191, -54.09823571236540118, 22.36038769299463169 ) ) ;
#8647 = EDGE_CURVE ( 'NONE', #7699, #8597, #2784, .T. ) ;
#8648 = DIRECTION ( 'NONE',  ( 0.000000000000000000, -0.1736481776669225041, -0.9848077530122094636 ) ) ;
#8649 = CARTESIAN_POINT ( 'NONE',  ( -14.09999999999999964, -39.23241120174885310, 6.648580071770402888 ) ) ;
#8650 = CARTESIAN_POINT ( 'NONE',  ( -14.24999999999999822, -1.799127793371373185, -7.400007478617809831 ) ) ;
#8651 = CARTESIAN_POINT ( 'NONE',  ( -16.58713382503011502, -14.59551061279675821, -44.04596861545201136 ) ) ;
#8652 = CARTESIAN_POINT ( 'NONE',  ( -15.00000000000000000, -124.2861655110359180, 35.92384851300993631 ) ) ;
#8653 = VECTOR ( 'NONE', #1065, 1000.000000000000000 ) ;
#8654 = LINE ( 'NONE', #5279, #5098 ) ;
#8655 = CARTESIAN_POINT ( 'NONE',  ( -15.00000000000000000, -131.2712852580012282, 35.24213764297363127 ) ) ;
#8656 = CARTESIAN_POINT ( 'NONE',  ( -22.67114712132007526, -46.06204005677530944, -8.205754184649364902 ) ) ;
#8657 = ORIENTED_EDGE ( 'NONE', *, *, #2902, .T. ) ;
#8658 = CARTESIAN_POINT ( 'NONE',  ( -14.10000000000000142, -55.88670924954958963, -7.443061299447535362 ) ) ;
#8659 = FACE_OUTER_BOUND ( 'NONE', #1449, .T. ) ;
#8660 = DIRECTION ( 'NONE',  ( 0.000000000000000000, -0.9848077530122093526, 0.1736481776669230037 ) ) ;
#8661 = B_SPLINE_CURVE_WITH_KNOTS ( 'NONE', 3,
 ( #8793, #7383, #8748, #2044 ),
 .UNSPECIFIED., .F., .F.,
 ( 4, 4 ),
 ( 0.000000000000000000, 1.000000000000000000 ),
 .UNSPECIFIED. ) ;
#8662 = ORIENTED_EDGE ( 'NONE', *, *, #2919, .F. ) ;
#8663 = CARTESIAN_POINT ( 'NONE',  ( -15.89539083893972560, -75.79505752632555016, 25.56703793074026265 ) ) ;
#8665 = VECTOR ( 'NONE', #7135, 1000.000000000000000 ) ;
#8664 = CARTESIAN_POINT ( 'NONE',  ( -15.00000000000000000, -121.3880443415104793, 18.28222946107700153 ) ) ;
#8666 = VECTOR ( 'NONE', #5411, 999.9999999999998863 ) ;
#8667 = EDGE_CURVE ( 'NONE', #4876, #7568, #726, .T. ) ;
#8668 = LINE ( 'NONE', #1970, #1523 ) ;
#8669 = DIRECTION ( 'NONE',  ( -0.000000000000000000, -0.3420201433256691570, -0.9396926207859082059 ) ) ;
#8670 = CARTESIAN_POINT ( 'NONE',  ( -14.68711239527476309, -54.18161185375470978, -11.48462247404483172 ) ) ;
#8671 = DIRECTION ( 'NONE',  ( 0.000000000000000000, -0.9351784010367419908, 0.3541770153953562872 ) ) ;
#8672 = ORIENTED_EDGE ( 'NONE', *, *, #5018, .T. ) ;
#8673 = AXIS2_PLACEMENT_3D ( 'NONE', #3778, #3063, #6503 ) ;
#8674 = CARTESIAN_POINT ( 'NONE',  ( 0.000000000000000000, -41.79580004548980554, 2.275940779262466851 ) ) ;
#8675 = CARTESIAN_POINT ( 'NONE',  ( -37.07224088444629473, -54.60113403017650313, -5.910972413209566234 ) ) ;
#8676 = ORIENTED_EDGE ( 'NONE', *, *, #2069, .T. ) ;
#8677 = VECTOR ( 'NONE', #2948, 1000.000000000000000 ) ;
#8678 = EDGE_CURVE ( 'NONE', #849, #1952, #2832, .T. ) ;
#8679 = DIRECTION ( 'NONE',  ( -1.000000000000000000, 0.000000000000000000, 0.000000000000000000 ) ) ;
#8680 = CARTESIAN_POINT ( 'NONE',  ( -11.28103336111893817, 16.44319705519183472, -44.25711060734330005 ) ) ;
#8681 = CARTESIAN_POINT ( 'NONE',  ( 5.999999999999998224, -76.19643011214637340, 9.598817985670732966 ) ) ;
#8682 = ORIENTED_EDGE ( 'NONE', *, *, #4113, .F. ) ;
#8683 = ORIENTED_EDGE ( 'NONE', *, *, #346, .T. ) ;
#8684 = CARTESIAN_POINT ( 'NONE',  ( -15.09989269929278599, -11.80345299103921874, -20.29007652116041882 ) ) ;
#8685 = CARTESIAN_POINT ( 'NONE',  ( -15.00000000000000000, -120.6722839088959773, 35.22818942301460510 ) ) ;
#8686 = CARTESIAN_POINT ( 'NONE',  ( -15.20429097852305844, -53.04568062290189090, 21.50280757174296298 ) ) ;
#8687 = ORIENTED_EDGE ( 'NONE', *, *, #4749, .T. ) ;
#8688 = DIRECTION ( 'NONE',  ( 0.000000000000000000, -0.7660444431189817882, 0.6427876096865350330 ) ) ;
#8689 = DIRECTION ( 'NONE',  ( 0.000000000000000000, -0.6427876096865382527, -0.7660444431189789016 ) ) ;
#8690 = CARTESIAN_POINT ( 'NONE',  ( -6.000000000000005329, -120.1551743427748278, 25.15754204548965589 ) ) ;
#8691 = CARTESIAN_POINT ( 'NONE',  ( -17.00893553347697562, 23.49298626163044545, -45.29634816116374196 ) ) ;
#8692 = EDGE_LOOP ( 'NONE', ( #5781, #3691, #1424, #89 ) ) ;
#8693 = EDGE_CURVE ( 'NONE', #1003, #7011, #2109, .T. ) ;
#8694 = CYLINDRICAL_SURFACE ( 'NONE', #8543, 38.83706265612281783 ) ;
#8695 = FACE_OUTER_BOUND ( 'NONE', #901, .T. ) ;
#8696 = CARTESIAN_POINT ( 'NONE',  ( -14.28354493679097281, -47.27309148729073485, -16.57756108198710265 ) ) ;
#8697 = DIRECTION ( 'NONE',  ( -1.000000000000000000, -0.000000000000000000, -0.000000000000000000 ) ) ;
#8698 = CARTESIAN_POINT ( 'NONE',  ( -12.18990465993728201, -14.68272072496451841, -43.34192680389767816 ) ) ;
#8699 = ORIENTED_EDGE ( 'NONE', *, *, #2264, .F. ) ;
#8700 = ORIENTED_EDGE ( 'NONE', *, *, #4669, .F. ) ;
#8701 = ADVANCED_FACE ( 'NONE', ( #7576 ), #1440, .T. ) ;
#8702 = DIRECTION ( 'NONE',  ( 0.000000000000000000, -0.6427876096865340338, -0.7660444431189825654 ) ) ;
#8703 = EDGE_CURVE ( 'NONE', #2436, #1430, #942, .T. ) ;
#8704 = CARTESIAN_POINT ( 'NONE',  ( -3.265221404279694095, -98.79555518469611286, 9.397071408471980192 ) ) ;
#8705 = CARTESIAN_POINT ( 'NONE',  ( 0.000000000000000000, -70.65206458880940943, 2.335728341262185648 ) ) ;
#8706 = ADVANCED_FACE ( 'NONE', ( #7742 ), #7115, .F. ) ;
#8707 = ORIENTED_EDGE ( 'NONE', *, *, #2879, .T. ) ;
#8708 = CARTESIAN_POINT ( 'NONE',  ( -6.000000000000000000, -75.82056510457229592, 11.89424437510743537 ) ) ;
#8709 = CARTESIAN_POINT ( 'NONE',  ( -15.00000000000169109, -117.5760481090024143, 17.49673340792808318 ) ) ;
#8710 = ADVANCED_FACE ( 'NONE', ( #7327 ), #7946, .T. ) ;
#8711 = DIRECTION ( 'NONE',  ( -0.000000000000000000, 0.1736481776669232535, 0.9848077530122092416 ) ) ;
#8712 = DIRECTION ( 'NONE',  ( 0.000000000000000000, -0.1736481776669231980, -0.9848077530122093526 ) ) ;
#8713 = CARTESIAN_POINT ( 'NONE',  ( -19.91696609289682485, -53.16100670153034002, -9.547545027337964285 ) ) ;
#8714 = CARTESIAN_POINT ( 'NONE',  ( -13.96781570782629522, -23.46247600650121612, -45.29634816116373486 ) ) ;
#8715 = EDGE_LOOP ( 'NONE', ( #3641, #6243, #5516, #1633 ) ) ;
#8716 = CARTESIAN_POINT ( 'NONE',  ( -13.77363997484028602, -13.91832874181812407, -21.92345409917324162 ) ) ;
#8717 = LINE ( 'NONE', #6107, #3365 ) ;
#8718 = CARTESIAN_POINT ( 'NONE',  ( 23.44999999999999929, -52.47418028630455922, 21.02326185008634596 ) ) ;
#8719 = ORIENTED_EDGE ( 'NONE', *, *, #4623, .F. ) ;
#8720 = CARTESIAN_POINT ( 'NONE',  ( -3.000000000000000444, 31.36186134535934400, -16.49654972879051584 ) ) ;
#8721 = CARTESIAN_POINT ( 'NONE',  ( -12.01602519141502157, 15.89546482406780470, -43.81722455381784442 ) ) ;
#8722 = CARTESIAN_POINT ( 'NONE',  ( -13.96923722205835894, -55.36107416088417210, -10.49493608714502990 ) ) ;
#8723 = CARTESIAN_POINT ( 'NONE',  ( -14.09999999999999964, -53.46956596784184512, 3.060624641958697989 ) ) ;
#8724 = ORIENTED_EDGE ( 'NONE', *, *, #2148, .T. ) ;
#8725 = EDGE_LOOP ( 'NONE', ( #6614, #5179, #1680, #574 ) ) ;
#8726 = CARTESIAN_POINT ( 'NONE',  ( -13.24874292574926216, -13.77062245805534424, -21.09793644076458818 ) ) ;
#8727 = CARTESIAN_POINT ( 'NONE',  ( -15.00000000000000000, -122.5396816060783465, 35.57536150369489292 ) ) ;
#8728 = CARTESIAN_POINT ( 'NONE',  ( 0.000000000000000000, 29.59942153318571556, -6.336145902737852609 ) ) ;
#8729 = EDGE_LOOP ( 'NONE', ( #4870, #4590, #6861, #2906 ) ) ;
#8730 = FACE_OUTER_BOUND ( 'NONE', #7883, .T. ) ;
#8731 = CARTESIAN_POINT ( 'NONE',  ( -3.000000000000000444, 32.73954237941581624, -16.73947206590499803 ) ) ;
#8732 = CARTESIAN_POINT ( 'NONE',  ( -3.329571150728626971, -99.80613959774122179, 44.15830998371907157 ) ) ;
#8733 = DIRECTION ( 'NONE',  ( 0.000000000000000000, 8.326672684688674053E-16, -1.000000000000000000 ) ) ;
#8734 = VERTEX_POINT ( 'NONE', #3983 ) ;
#8735 = CARTESIAN_POINT ( 'NONE',  ( -12.76507206887702139, 15.61887170451126750, -43.86253773364913400 ) ) ;
#8736 = VECTOR ( 'NONE', #7866, 1000.000000000000000 ) ;
#8737 = CARTESIAN_POINT ( 'NONE',  ( -18.12808794898061038, -69.01345922458936855, 10.17903556682123956 ) ) ;
#8738 = FACE_OUTER_BOUND ( 'NONE', #3824, .T. ) ;
#8739 = CARTESIAN_POINT ( 'NONE',  ( -1.136425555546288990, -128.7878859253054316, 19.63277370326450466 ) ) ;
#8740 = CARTESIAN_POINT ( 'NONE',  ( -12.18351334678224873, -14.68783784563660788, -43.40945392336966790 ) ) ;
#8741 = ORIENTED_EDGE ( 'NONE', *, *, #4961, .F. ) ;
#8742 = ORIENTED_EDGE ( 'NONE', *, *, #8517, .T. ) ;
#8743 = EDGE_CURVE ( 'NONE', #7707, #4876, #6657, .T. ) ;
#8744 = LINE ( 'NONE', #3255, #3929 ) ;
#8745 = VECTOR ( 'NONE', #7961, 999.9999999999998863 ) ;
#8746 = CARTESIAN_POINT ( 'NONE',  ( -19.70426590757803709, -13.10689414477158188, -21.39849567188682045 ) ) ;
#8747 = DIRECTION ( 'NONE',  ( 1.000000000000000000, -0.000000000000000000, -0.000000000000000000 ) ) ;
#8748 = CARTESIAN_POINT ( 'NONE',  ( -21.39470208980747756, 17.22182988517771562, -23.48879497174516828 ) ) ;
#8749 = EDGE_LOOP ( 'NONE', ( #2139, #6384, #6272, #3085 ) ) ;
#8750 = CARTESIAN_POINT ( 'NONE',  ( 0.000000000000000000, 26.53753649573820184, -45.29634816116374196 ) ) ;
#8751 = CARTESIAN_POINT ( 'NONE',  ( -2.923924004966644841, -102.1907507554157775, 11.44887388748570523 ) ) ;
#8752 = EDGE_CURVE ( 'NONE', #8200, #4646, #7283, .T. ) ;
#8753 = ORIENTED_EDGE ( 'NONE', *, *, #4947, .T. ) ;
#8754 = EDGE_CURVE ( 'NONE', #588, #7041, #1187, .T. ) ;
#8755 = CARTESIAN_POINT ( 'NONE',  ( -16.36603299829168989, -72.51178717788727113, 24.69341315452328800 ) ) ;
#8756 = CARTESIAN_POINT ( 'NONE',  ( -19.69531594236417860, 22.09146217814459590, -43.54569954461216241 ) ) ;
#8757 = FACE_OUTER_BOUND ( 'NONE', #8715, .T. ) ;
#8758 = CARTESIAN_POINT ( 'NONE',  ( -15.74761452953088181, -22.74243160378317086, -45.29634816116374907 ) ) ;
#8759 = ORIENTED_EDGE ( 'NONE', *, *, #2156, .T. ) ;
#8760 = DIRECTION ( 'NONE',  ( 0.000000000000000000, -0.000000000000000000, 1.000000000000000000 ) ) ;
#8761 = DIRECTION ( 'NONE',  ( 1.000000000000000000, 0.000000000000000000, 0.000000000000000000 ) ) ;
#8762 = CARTESIAN_POINT ( 'NONE',  ( -15.13650624257543242, -12.94669149271129172, -21.29634816116374196 ) ) ;
#8763 = CARTESIAN_POINT ( 'NONE',  ( -12.17225912059763537, 15.77191049926356747, -43.47376802513870331 ) ) ;
#8764 = DIRECTION ( 'NONE',  ( -0.000000000000000000, -0.6427876096865350330, -0.7660444431189815662 ) ) ;
#8765 = DIRECTION ( 'NONE',  ( 0.000000000000000000, 0.9396926207859086499, -0.3420201433256681578 ) ) ;
#8766 = VERTEX_POINT ( 'NONE', #527 ) ;
#8767 = ORIENTED_EDGE ( 'NONE', *, *, #2923, .F. ) ;
#8768 = VECTOR ( 'NONE', #7294, 1000.000000000000114 ) ;
#8769 = CARTESIAN_POINT ( 'NONE',  ( -15.00000000000000000, -123.1299949735039974, 35.68862825949813100 ) ) ;
#8770 = CARTESIAN_POINT ( 'NONE',  ( -19.65137614680267930, -58.57735115203635701, 19.00500654399037970 ) ) ;
#8771 = ADVANCED_FACE ( 'NONE', ( #1821 ), #5032, .T. ) ;
#8772 = EDGE_LOOP ( 'NONE', ( #3428, #4276, #7874, #812 ) ) ;
#8773 = LINE ( 'NONE', #1898, #8253 ) ;
#8774 = VECTOR ( 'NONE', #4886, 1000.000000000000114 ) ;
#8775 = CARTESIAN_POINT ( 'NONE',  ( -4.058300524425791700, 33.32528787234499390, -13.99956028685670262 ) ) ;
#8776 = AXIS2_PLACEMENT_3D ( 'NONE', #7150, #3125, #8526 ) ;
#8777 = CARTESIAN_POINT ( 'NONE',  ( -3.089670827592271518, -100.5187668141805517, 10.47024997053889273 ) ) ;
#8778 = CARTESIAN_POINT ( 'NONE',  ( -4.990931281906481942, -90.10844352106579436, 40.33111142800503757 ) ) ;
#8779 = ORIENTED_EDGE ( 'NONE', *, *, #5283, .F. ) ;
#8780 = CARTESIAN_POINT ( 'NONE',  ( -16.56158988034721347, -14.53671215020897911, -43.83623863372562113 ) ) ;
#8781 = CARTESIAN_POINT ( 'NONE',  ( 0.000000000000000000, -133.7038235893525382, 48.66421199410356735 ) ) ;
#8782 = EDGE_CURVE ( 'NONE', #6457, #3459, #3884, .T. ) ;
#8783 = CARTESIAN_POINT ( 'NONE',  ( -18.87103667168908316, -66.36668832924701178, 8.805398689792779621 ) ) ;
#8784 = VECTOR ( 'NONE', #8238, 1000.000000000000114 ) ;
#8785 = CARTESIAN_POINT ( 'NONE',  ( -22.63972792551156488, 13.78622405329032397, -19.00765776121294692 ) ) ;
#8786 = ORIENTED_EDGE ( 'NONE', *, *, #7937, .F. ) ;
#8787 = ORIENTED_EDGE ( 'NONE', *, *, #2054, .T. ) ;
#8788 = CARTESIAN_POINT ( 'NONE',  ( -14.09999999999999964, -46.97192716422416936, 5.310361325380401176 ) ) ;
#8789 = EDGE_CURVE ( 'NONE', #6726, #2624, #5320, .T. ) ;
#8790 = LINE ( 'NONE', #6758, #4693 ) ;
#8791 = VECTOR ( 'NONE', #8544, 1000.000000000000000 ) ;
#8792 = CARTESIAN_POINT ( 'NONE',  ( -15.66831097632016778, -87.45874446777430933, 4.277408614061910974 ) ) ;
#8793 = CARTESIAN_POINT ( 'NONE',  ( -19.86929933619549971, 15.53753649573836881, -23.29634816116374907 ) ) ;
#8794 = VECTOR ( 'NONE', #2201, 1000.000000000000000 ) ;
#8795 = VERTEX_POINT ( 'NONE', #3208 ) ;
#8796 = DIRECTION ( 'NONE',  ( -0.000000000000000000, 0.1736481776669233090, 0.9848077530122093526 ) ) ;
#8797 = LINE ( 'NONE', #4756, #796 ) ;
#8798 = VERTEX_POINT ( 'NONE', #3006 ) ;
#8799 = CARTESIAN_POINT ( 'NONE',  ( -16.87146922001542748, -17.12414052807964993, -45.29634816116374907 ) ) ;
#8800 = LINE ( 'NONE', #2593, #2830 ) ;
#8801 = EDGE_CURVE ( 'NONE', #320, #6196, #4651, .T. ) ;
#8802 = CARTESIAN_POINT ( 'NONE',  ( -22.49014984722865407, 25.59101508275333714, -22.27477065839919845 ) ) ;
#8803 = LINE ( 'NONE', #1926, #3499 ) ;
#8804 = VERTEX_POINT ( 'NONE', #2961 ) ;
#8805 = EDGE_CURVE ( 'NONE', #598, #1333, #8407, .T. ) ;
#8806 = AXIS2_PLACEMENT_3D ( 'NONE', #834, #1590, #2262 ) ;
#8807 = PLANE ( 'NONE',  #3222 ) ;
#8808 = DIRECTION ( 'NONE',  ( 1.000000000000000000, -0.000000000000000000, -0.000000000000000000 ) ) ;
#8809 = VECTOR ( 'NONE', #8475, 1000.000000000000114 ) ;
#8810 = ADVANCED_FACE ( 'NONE', ( #1616 ), #6740, .F. ) ;
#8811 = CARTESIAN_POINT ( 'NONE',  ( -8.150000000000000355, -76.10435538319671878, 18.57016425251037717 ) ) ;
#8812 = AXIS2_PLACEMENT_3D ( 'NONE', #3605, #4328, #7049 ) ;
#8813 = DIRECTION ( 'NONE',  ( 0.000000000000000000, -7.146672203659338804E-16, -1.000000000000000000 ) ) ;
#8814 = CARTESIAN_POINT ( 'NONE',  ( -13.34437662706855576, -59.01209716766541646, -7.431364028735166549 ) ) ;
#8815 = LINE ( 'NONE', #7485, #5104 ) ;
#8816 = ORIENTED_EDGE ( 'NONE', *, *, #3940, .F. ) ;
#8817 = ORIENTED_EDGE ( 'NONE', *, *, #629, .F. ) ;
#8818 = CARTESIAN_POINT ( 'NONE',  ( -1.372320121878976673, -116.1835541371538341, 48.24551778231346333 ) ) ;
#8819 = CARTESIAN_POINT ( 'NONE',  ( 0.000000000000000000, -135.9018001968095177, 42.62532089662601464 ) ) ;
#8820 = ORIENTED_EDGE ( 'NONE', *, *, #4344, .T. ) ;
#8821 = CARTESIAN_POINT ( 'NONE',  ( -13.00000000000000000, 0.5375364957381987274, 53.36789795213030629 ) ) ;
#8822 = ADVANCED_FACE ( 'NONE', ( #1999 ), #4963, .F. ) ;
#8823 = CARTESIAN_POINT ( 'NONE',  ( 2.081668171172168513E-14, -102.6166046680697406, 44.91963965419321170 ) ) ;
#8824 = DIRECTION ( 'NONE',  ( -1.000000000000000000, -4.785347698807420043E-17, 8.437859113708776283E-18 ) ) ;
#8825 = LINE ( 'NONE', #2805, #3536 ) ;
#8826 = ORIENTED_EDGE ( 'NONE', *, *, #1292, .T. ) ;
#8827 = APPLICATION_CONTEXT ( 'automotive_design' ) ;
#8828 = PLANE ( 'NONE',  #2411 ) ;
#8829 = CARTESIAN_POINT ( 'NONE',  ( -16.59995263183133929, -80.83351440890335482, 2.893801408407391751 ) ) ;
#8830 = CARTESIAN_POINT ( 'NONE',  ( -14.31231975691218139, -46.79372036731462003, -16.86844890199035873 ) ) ;
#8831 = CARTESIAN_POINT ( 'NONE',  ( -11.44693665720899567, -15.24914542211580226, -44.21162661060917998 ) ) ;
#8832 = EDGE_LOOP ( 'NONE', ( #6480, #6960, #7202, #5854, #5611, #2185, #6698, #1792, #8450, #1234, #4119, #1564, #5713, #7727, #5998, #1845, #1958, #859, #2010, #6996, #4538, #220, #4837, #5205, #2929, #4709, #2766, #3617, #6574, #5844, #626 ) ) ;
#8833 = ORIENTED_EDGE ( 'NONE', *, *, #3705, .F. ) ;
#8834 = CARTESIAN_POINT ( 'NONE',  ( 0.000000000000000000, -45.97015368852887462, 5.775180860733512667 ) ) ;
#8835 = CARTESIAN_POINT ( 'NONE',  ( -3.171510059732967068, -100.8392910601042729, 44.45673191537909474 ) ) ;
#8836 = CARTESIAN_POINT ( 'NONE',  ( -14.99610348614008082, -100.2551154293987850, 10.31053527493027211 ) ) ;
#8837 = DIRECTION ( 'NONE',  ( 0.000000000000000000, 0.7660444431189822323, -0.6427876096865343669 ) ) ;
#8838 = DIRECTION ( 'NONE',  ( 0.000000000000000000, 0.1736481776669233090, 0.9848077530122093526 ) ) ;
#8839 = VERTEX_POINT ( 'NONE', #2082 ) ;
#8840 = DIRECTION ( 'NONE',  ( -1.000000000000000000, 0.000000000000000000, 0.000000000000000000 ) ) ;
#8841 = DIRECTION ( 'NONE',  ( 0.000000000000000000, -0.9396926207859083169, 0.3420201433256687129 ) ) ;
ENDSEC;
END-ISO-10303-21;
