ISO-10303-21;
HEADER;
FILE_DESCRIPTION (( 'STEP AP214' ),
    '1' );
FILE_NAME ('ThermallerDisplayCover.STEP',
    '2026-05-27T09:45:33',
    ( '' ),
    ( '' ),
    'SwSTEP 2.0',
    'SolidWorks 2025',
    '' );
FILE_SCHEMA (( 'AUTOMOTIVE_DESIGN' ));
ENDSEC;

DATA;
#1 = FACE_OUTER_BOUND ( 'NONE', #710, .T. ) ;
#2 = DIRECTION ( 'NONE',  ( 0.000000000000000000, -0.9848077530122094636, 0.1736481776669225319 ) ) ;
#3 = PLANE ( 'NONE',  #296 ) ;
#4 = EDGE_CURVE ( 'NONE', #1266, #754, #285, .T. ) ;
#5 = AXIS2_PLACEMENT_3D ( 'NONE', #578, #1326, #472 ) ;
#6 = VERTEX_POINT ( 'NONE', #923 ) ;
#7 = EDGE_CURVE ( 'NONE', #273, #197, #279, .T. ) ;
#8 = EDGE_LOOP ( 'NONE', ( #514, #1445, #106, #55 ) ) ;
#9 = AXIS2_PLACEMENT_3D ( 'NONE', #1224, #437, #1130 ) ;
#10 = CARTESIAN_POINT ( 'NONE',  ( -14.25000000000000178, 26.66236309191578258, -5.716720594435862779 ) ) ;
#11 = CARTESIAN_POINT ( 'NONE',  ( 18.75000000000000355, -26.44208816837781839, 4.662453570356884569 ) ) ;
#12 = CARTESIAN_POINT ( 'NONE',  ( 21.25000000000000000, 31.58640185697683833, -6.584961482770480323 ) ) ;
#13 = VERTEX_POINT ( 'NONE', #263 ) ;
#14 = LINE ( 'NONE', #817, #895 ) ;
#15 = DIRECTION ( 'NONE',  ( 0.000000000000000000, 0.5735764363510511554, -0.8191520442889882458 ) ) ;
#16 = CARTESIAN_POINT ( 'NONE',  ( -19.74999999999999645, 23.84115024371376279, -5.016179328599338128 ) ) ;
#17 = EDGE_CURVE ( 'NONE', #67, #384, #36, .T. ) ;
#18 = CARTESIAN_POINT ( 'NONE',  ( 18.25000000000000000, 27.85699120134766105, -15.06620526901313362 ) ) ;
#19 = EDGE_LOOP ( 'NONE', ( #582, #124, #1097, #818 ) ) ;
#20 = EDGE_LOOP ( 'NONE', ( #697, #389, #343, #915, #689, #549, #1198, #704 ) ) ;
#21 = DIRECTION ( 'NONE',  ( 3.081487911019577365E-33, -0.1736481776669230870, -0.9848077530122093526 ) ) ;
#22 = CARTESIAN_POINT ( 'NONE',  ( -14.25000000000000178, 24.57818118152816922, -17.53670357159378668 ) ) ;
#23 = CARTESIAN_POINT ( 'NONE',  ( 19.75000000000000355, -24.80835275508937698, 3.562040648146648891 ) ) ;
#24 = ADVANCED_FACE ( 'NONE', ( #946 ), #839, .F. ) ;
#25 = LINE ( 'NONE', #371, #1106 ) ;
#26 = DIRECTION ( 'NONE',  ( -3.081487911019577365E-33, 0.1736481776669230870, 0.9848077530122093526 ) ) ;
#27 = CIRCLE ( 'NONE', #58, 5.000000000000004441 ) ;
#28 = ORIENTED_EDGE ( 'NONE', *, *, #913, .F. ) ;
#29 = LINE ( 'NONE', #664, #527 ) ;
#30 = CIRCLE ( 'NONE', #1180, 0.9999999999999995559 ) ;
#31 = VECTOR ( 'NONE', #679, 1000.000000000000114 ) ;
#32 = DIRECTION ( 'NONE',  ( 0.000000000000000000, 0.1736481776669230870, 0.9848077530122093526 ) ) ;
#33 = AXIS2_PLACEMENT_3D ( 'NONE', #1357, #826, #701 ) ;
#34 = CARTESIAN_POINT ( 'NONE',  ( 20.55000000000000426, -24.66943421295584926, 4.349886850556424100 ) ) ;
#35 = AXIS2_PLACEMENT_3D ( 'NONE', #91, #424, #885 ) ;
#36 = CIRCLE ( 'NONE', #628, 0.9999999999999995559 ) ;
#37 = DIRECTION ( 'NONE',  ( 0.000000000000000000, 0.1736481776669230870, 0.9848077530122093526 ) ) ;
#38 = CARTESIAN_POINT ( 'NONE',  ( -18.74999999999999645, 23.84115024371376279, -5.016179328599338128 ) ) ;
#39 = ORIENTED_EDGE ( 'NONE', *, *, #380, .T. ) ;
#40 = LINE ( 'NONE', #507, #504 ) ;
#41 = EDGE_CURVE ( 'NONE', #640, #962, #1254, .T. ) ;
#42 = VERTEX_POINT ( 'NONE', #937 ) ;
#43 =( NAMED_UNIT ( * ) PLANE_ANGLE_UNIT ( ) SI_UNIT ( $, .RADIAN. ) );
#44 = LINE ( 'NONE', #844, #275 ) ;
#45 = DIRECTION ( 'NONE',  ( 1.349979358736814994E-16, -0.9848077530122093526, 0.1736481776669230870 ) ) ;
#46 = CARTESIAN_POINT ( 'NONE',  ( 21.24999999999999645, -80.55984312507034417, 12.78327664795059171 ) ) ;
#47 = EDGE_LOOP ( 'NONE', ( #295, #901, #271, #100 ) ) ;
#48 = DIRECTION ( 'NONE',  ( 1.000000000000000000, 0.000000000000000000, 0.000000000000000000 ) ) ;
#49 = ORIENTED_EDGE ( 'NONE', *, *, #544, .F. ) ;
#50 = EDGE_CURVE ( 'NONE', #1265, #955, #767, .T. ) ;
#51 = DIRECTION ( 'NONE',  ( 8.659560562354929160E-17, 0.8191520442889872466, 0.5735764363510527097 ) ) ;
#52 = DIRECTION ( 'NONE',  ( -0.000000000000000000, 0.1736481776669230870, 0.9848077530122093526 ) ) ;
#53 = EDGE_CURVE ( 'NONE', #962, #1149, #489, .T. ) ;
#54 = CARTESIAN_POINT ( 'NONE',  ( -18.25000000000000000, 27.85699120134766105, -15.06620526901313362 ) ) ;
#55 = ORIENTED_EDGE ( 'NONE', *, *, #1044, .F. ) ;
#56 = DIRECTION ( 'NONE',  ( 0.000000000000000000, -0.9848077530122092416, 0.1736481776669232813 ) ) ;
#57 = EDGE_CURVE ( 'NONE', #216, #1265, #727, .T. ) ;
#58 = AXIS2_PLACEMENT_3D ( 'NONE', #764, #642, #864 ) ;
#59 = ORIENTED_EDGE ( 'NONE', *, *, #1175, .T. ) ;
#60 = VECTOR ( 'NONE', #153, 1000.000000000000000 ) ;
#61 = FACE_OUTER_BOUND ( 'NONE', #1093, .T. ) ;
#62 = DIRECTION ( 'NONE',  ( 0.000000000000000000, -0.9848077530122093526, 0.1736481776669230870 ) ) ;
#63 = VECTOR ( 'NONE', #494, 1000.000000000000000 ) ;
#64 = DIRECTION ( 'NONE',  ( 0.000000000000000000, -0.9848077530122094636, 0.1736481776669225319 ) ) ;
#65 = ORIENTED_EDGE ( 'NONE', *, *, #1197, .T. ) ;
#66 = LINE ( 'NONE', #722, #245 ) ;
#67 = VERTEX_POINT ( 'NONE', #719 ) ;
#68 = DIRECTION ( 'NONE',  ( 0.000000000000000000, 0.000000000000000000, 1.000000000000000000 ) ) ;
#69 = DIRECTION ( 'NONE',  ( -1.349979358736814994E-16, 0.9848077530122093526, -0.1736481776669230870 ) ) ;
#70 = LINE ( 'NONE', #1385, #803 ) ;
#71 = DIRECTION ( 'NONE',  ( -0.000000000000000000, 0.9848077530122093526, -0.1736481776669231147 ) ) ;
#72 = EDGE_CURVE ( 'NONE', #215, #1395, #830, .T. ) ;
#73 = VERTEX_POINT ( 'NONE', #1273 ) ;
#74 = VECTOR ( 'NONE', #1034, 1000.000000000000000 ) ;
#75 = ORIENTED_EDGE ( 'NONE', *, *, #72, .T. ) ;
#76 = DIRECTION ( 'NONE',  ( 0.000000000000000000, 0.1736481776669230870, 0.9848077530122093526 ) ) ;
#77 = DIRECTION ( 'NONE',  ( 0.000000000000000000, -0.9848077530122093526, 0.1736481776669231147 ) ) ;
#78 = DIRECTION ( 'NONE',  ( -0.000000000000000000, 0.1736481776669187016, 0.9848077530122102408 ) ) ;
#79 = ORIENTED_EDGE ( 'NONE', *, *, #940, .F. ) ;
#80 = VERTEX_POINT ( 'NONE', #1166 ) ;
#81 = AXIS2_PLACEMENT_3D ( 'NONE', #445, #374, #132 ) ;
#82 = DIRECTION ( 'NONE',  ( 0.000000000000000000, -0.9848077530122092416, 0.1736481776669232813 ) ) ;
#83 = FACE_BOUND ( 'NONE', #683, .T. ) ;
#84 = CARTESIAN_POINT ( 'NONE',  ( 14.25000000000000178, 30.99599805290928956, -9.933307843011997207 ) ) ;
#85 = VERTEX_POINT ( 'NONE', #822 ) ;
#86 = VECTOR ( 'NONE', #1164, 1000.000000000000000 ) ;
#87 = AXIS2_PLACEMENT_3D ( 'NONE', #1101, #32, #1344 ) ;
#88 = ORIENTED_EDGE ( 'NONE', *, *, #906, .F. ) ;
#89 = EDGE_CURVE ( 'NONE', #875, #794, #168, .T. ) ;
#90 = CARTESIAN_POINT ( 'NONE',  ( -21.25000000000000000, 29.50221994658921787, -18.40494445992840511 ) ) ;
#91 = CARTESIAN_POINT ( 'NONE',  ( -18.25000000000000000, 29.43718961811665835, -6.104454716602049302 ) ) ;
#92 = CARTESIAN_POINT ( 'NONE',  ( -21.25000000000000000, 24.57818118152816922, -17.53670357159378668 ) ) ;
#93 = ORIENTED_EDGE ( 'NONE', *, *, #355, .F. ) ;
#94 = ORIENTED_EDGE ( 'NONE', *, *, #1423, .T. ) ;
#95 = ADVANCED_FACE ( 'NONE', ( #611 ), #1052, .F. ) ;
#96 = FACE_OUTER_BOUND ( 'NONE', #909, .T. ) ;
#97 = DIRECTION ( 'NONE',  ( 0.000000000000000000, 0.1736481776669230870, 0.9848077530122093526 ) ) ;
#98 = CARTESIAN_POINT ( 'NONE',  ( 21.25000000000000000, 26.07195928784824446, -9.065066954677380551 ) ) ;
#99 = ORIENTED_EDGE ( 'NONE', *, *, #380, .F. ) ;
#100 = ORIENTED_EDGE ( 'NONE', *, *, #746, .F. ) ;
#101 = CARTESIAN_POINT ( 'NONE',  ( -18.44999999999999929, 29.79043452861933261, -5.252857374424423575 ) ) ;
#102 = CIRCLE ( 'NONE', #647, 1.799999999999996270 ) ;
#103 = CARTESIAN_POINT ( 'NONE',  ( -18.74999999999998934, -25.82789014363496705, 3.538727275211135392 ) ) ;
#104 = CYLINDRICAL_SURFACE ( 'NONE', #458, 1.000000000000002665 ) ;
#105 = AXIS2_PLACEMENT_3D ( 'NONE', #170, #613, #1041 ) ;
#106 = ORIENTED_EDGE ( 'NONE', *, *, #241, .F. ) ;
#107 = CIRCLE ( 'NONE', #1275, 1.000000000000002887 ) ;
#108 = ORIENTED_EDGE ( 'NONE', *, *, #1143, .T. ) ;
#109 = VECTOR ( 'NONE', #732, 1000.000000000000000 ) ;
#110 = VECTOR ( 'NONE', #733, 1000.000000000000000 ) ;
#111 = CARTESIAN_POINT ( 'NONE',  ( 23.44999999999999929, -34.59267914544364686, 5.084196056446754319 ) ) ;
#112 = CARTESIAN_POINT ( 'NONE',  ( -21.25000000000000000, 30.99599805290930021, -9.933307843012000760 ) ) ;
#113 = ORIENTED_EDGE ( 'NONE', *, *, #1084, .T. ) ;
#114 = EDGE_CURVE ( 'NONE', #329, #161, #430, .T. ) ;
#115 = ORIENTED_EDGE ( 'NONE', *, *, #1146, .F. ) ;
#116 = EDGE_CURVE ( 'NONE', #73, #381, #872, .T. ) ;
#117 = CIRCLE ( 'NONE', #699, 1.000000000000002887 ) ;
#118 = CARTESIAN_POINT ( 'NONE',  ( 18.25000000000000000, 28.45238186510444578, -5.930806538935126326 ) ) ;
#119 = CARTESIAN_POINT ( 'NONE',  ( 21.24999999999999645, -33.70587131999288033, 1.475377429704861854 ) ) ;
#120 = EDGE_CURVE ( 'NONE', #384, #236, #525, .T. ) ;
#121 = CARTESIAN_POINT ( 'NONE',  ( 18.74999999999999645, 23.98006878584730117, -4.228333126189578017 ) ) ;
#122 = ORIENTED_EDGE ( 'NONE', *, *, #251, .T. ) ;
#123 = ADVANCED_FACE ( 'NONE', ( #320 ), #1205, .F. ) ;
#124 = ORIENTED_EDGE ( 'NONE', *, *, #383, .T. ) ;
#125 = DIRECTION ( 'NONE',  ( 0.000000000000000000, 0.1736481776669230870, 0.9848077530122093526 ) ) ;
#126 = DIRECTION ( 'NONE',  ( 0.000000000000000000, -0.1736481776669232813, -0.9848077530122092416 ) ) ;
#127 = AXIS2_PLACEMENT_3D ( 'NONE', #423, #1304, #1310 ) ;
#128 = DIRECTION ( 'NONE',  ( -1.000000000000000000, 0.000000000000000000, 0.000000000000000000 ) ) ;
#129 = VECTOR ( 'NONE', #736, 1000.000000000000000 ) ;
#130 = ORIENTED_EDGE ( 'NONE', *, *, #224, .T. ) ;
#131 = ORIENTED_EDGE ( 'NONE', *, *, #873, .T. ) ;
#132 = DIRECTION ( 'NONE',  ( 0.000000000000000000, 0.000000000000000000, 1.000000000000000000 ) ) ;
#133 = VECTOR ( 'NONE', #687, 1000.000000000000114 ) ;
#134 = EDGE_CURVE ( 'NONE', #787, #990, #558, .T. ) ;
#135 = AXIS2_PLACEMENT_3D ( 'NONE', #54, #1062, #64 ) ;
#136 = CARTESIAN_POINT ( 'NONE',  ( 19.75000000000000711, -24.84308239062275803, 3.365079097544213305 ) ) ;
#137 = FACE_OUTER_BOUND ( 'NONE', #877, .T. ) ;
#138 = DIRECTION ( 'NONE',  ( -1.000000000000000000, -1.880459052549384877E-16, 2.350573815686731096E-17 ) ) ;
#139 = ORIENTED_EDGE ( 'NONE', *, *, #544, .T. ) ;
#140 = ORIENTED_EDGE ( 'NONE', *, *, #4, .F. ) ;
#141 = CARTESIAN_POINT ( 'NONE',  ( 18.74999999999999645, 25.75272274126927741, -4.540899845990039374 ) ) ;
#142 = ADVANCED_FACE ( 'NONE', ( #1306, #981 ), #520, .F. ) ;
#143 = EDGE_CURVE ( 'NONE', #154, #632, #1191, .T. ) ;
#144 = LINE ( 'NONE', #1356, #74 ) ;
#145 = LINE ( 'NONE', #172, #342 ) ;
#146 = VECTOR ( 'NONE', #15, 1000.000000000000114 ) ;
#147 = LINE ( 'NONE', #12, #621 ) ;
#148 = DIRECTION ( 'NONE',  ( -0.000000000000000000, 0.1736481776669230592, 0.9848077530122093526 ) ) ;
#149 = ORIENTED_EDGE ( 'NONE', *, *, #214, .F. ) ;
#150 = DIRECTION ( 'NONE',  ( 0.000000000000000000, -0.9848077530122093526, 0.1736481776669231147 ) ) ;
#151 = LINE ( 'NONE', #468, #1140 ) ;
#152 = LINE ( 'NONE', #617, #786 ) ;
#153 = DIRECTION ( 'NONE',  ( -0.000000000000000000, 0.1736481776669230870, 0.9848077530122093526 ) ) ;
#154 = VERTEX_POINT ( 'NONE', #540 ) ;
#155 = ORIENTED_EDGE ( 'NONE', *, *, #1459, .F. ) ;
#156 = LINE ( 'NONE', #606, #1316 ) ;
#157 = AXIS2_PLACEMENT_3D ( 'NONE', #680, #447, #2 ) ;
#158 = CARTESIAN_POINT ( 'NONE',  ( -18.44999999999999929, -25.82789014363496705, 3.538727275211135392 ) ) ;
#159 = AXIS2_PLACEMENT_3D ( 'NONE', #291, #1272, #278 ) ;
#160 = CARTESIAN_POINT ( 'NONE',  ( 18.75000000000000355, -26.44208816837781839, 4.662453570356884569 ) ) ;
#161 = VERTEX_POINT ( 'NONE', #867 ) ;
#162 = ADVANCED_FACE ( 'NONE', ( #1212 ), #988, .F. ) ;
#163 = ORIENTED_EDGE ( 'NONE', *, *, #461, .T. ) ;
#164 = LINE ( 'NONE', #176, #570 ) ;
#165 = ADVANCED_FACE ( 'NONE', ( #854 ), #555, .F. ) ;
#166 = CARTESIAN_POINT ( 'NONE',  ( -18.74999999999998934, -26.44208816837782194, 4.662453570356885457 ) ) ;
#167 = LINE ( 'NONE', #495, #1426 ) ;
#168 = LINE ( 'NONE', #1172, #186 ) ;
#169 = ORIENTED_EDGE ( 'NONE', *, *, #214, .T. ) ;
#170 = CARTESIAN_POINT ( 'NONE',  ( 18.25000000000000000, 29.43718961811665835, -6.104454716602049302 ) ) ;
#171 = DIRECTION ( 'NONE',  ( 1.000000000000000000, 0.000000000000000000, 0.000000000000000000 ) ) ;
#172 = CARTESIAN_POINT ( 'NONE',  ( -18.25000000000000000, 28.45238186510444578, -5.930806538935126326 ) ) ;
#173 = PLANE ( 'NONE',  #179 ) ;
#174 = ORIENTED_EDGE ( 'NONE', *, *, #783, .T. ) ;
#175 = ORIENTED_EDGE ( 'NONE', *, *, #1058, .T. ) ;
#176 = CARTESIAN_POINT ( 'NONE',  ( -18.74999999999999645, 24.79122836119258366, -5.386789056868709125 ) ) ;
#177 = VECTOR ( 'NONE', #731, 1000.000000000000000 ) ;
#178 = ORIENTED_EDGE ( 'NONE', *, *, #681, .F. ) ;
#179 = AXIS2_PLACEMENT_3D ( 'NONE', #853, #1045, #1420 ) ;
#180 = DIRECTION ( 'NONE',  ( 0.000000000000000000, 0.1736481776669230870, 0.9848077530122093526 ) ) ;
#181 = EDGE_CURVE ( 'NONE', #13, #216, #107, .T. ) ;
#182 = DIRECTION ( 'NONE',  ( -0.000000000000000000, 0.1736481776669230870, 0.9848077530122093526 ) ) ;
#183 = DIRECTION ( 'NONE',  ( 0.000000000000000000, -0.1736481776669230592, -0.9848077530122093526 ) ) ;
#184 = VECTOR ( 'NONE', #335, 1000.000000000000000 ) ;
#185 = LINE ( 'NONE', #960, #321 ) ;
#186 = VECTOR ( 'NONE', #619, 1000.000000000000000 ) ;
#187 = EDGE_CURVE ( 'NONE', #1377, #449, #861, .T. ) ;
#188 = EDGE_LOOP ( 'NONE', ( #842, #590, #1341, #439 ) ) ;
#189 = PLANE ( 'NONE',  #127 ) ;
#190 = CARTESIAN_POINT ( 'NONE',  ( -18.74999999999998934, -24.80835275508937343, 3.562040648146663990 ) ) ;
#191 = CARTESIAN_POINT ( 'NONE',  ( 18.25000000000000000, 31.46460770874011459, -5.548059276458197075 ) ) ;
#192 = ORIENTED_EDGE ( 'NONE', *, *, #1256, .F. ) ;
#193 = VERTEX_POINT ( 'NONE', #757 ) ;
#194 = LINE ( 'NONE', #523, #200 ) ;
#195 = CARTESIAN_POINT ( 'NONE',  ( -18.44999999999999929, 29.61678635095240963, -6.237665127436632595 ) ) ;
#196 = LINE ( 'NONE', #1430, #834 ) ;
#197 = VERTEX_POINT ( 'NONE', #292 ) ;
#198 = EDGE_CURVE ( 'NONE', #1031, #1348, #196, .T. ) ;
#199 = ORIENTED_EDGE ( 'NONE', *, *, #615, .F. ) ;
#200 = VECTOR ( 'NONE', #69, 1000.000000000000000 ) ;
#201 = CIRCLE ( 'NONE', #1123, 5.000000000000000888 ) ;
#202 = FACE_OUTER_BOUND ( 'NONE', #622, .T. ) ;
#203 = CARTESIAN_POINT ( 'NONE',  ( -18.25000000000000000, 28.45238186510444578, -5.930806538935124550 ) ) ;
#204 = DIRECTION ( 'NONE',  ( 0.000000000000000000, -0.9848077530122093526, 0.1736481776669229204 ) ) ;
#205 = AXIS2_PLACEMENT_3D ( 'NONE', #313, #744, #213 ) ;
#206 = ORIENTED_EDGE ( 'NONE', *, *, #331, .F. ) ;
#207 = AXIS2_PLACEMENT_3D ( 'NONE', #636, #425, #1312 ) ;
#208 = EDGE_CURVE ( 'NONE', #541, #614, #308, .T. ) ;
#209 = AXIS2_PLACEMENT_3D ( 'NONE', #750, #212, #665 ) ;
#210 = ORIENTED_EDGE ( 'NONE', *, *, #873, .F. ) ;
#211 = DIRECTION ( 'NONE',  ( -1.892707940129186593E-16, 0.9848077530122093526, -0.1736481776669230870 ) ) ;
#212 = DIRECTION ( 'NONE',  ( 0.000000000000000000, 0.1736481776669230870, 0.9848077530122093526 ) ) ;
#213 = DIRECTION ( 'NONE',  ( 0.000000000000000000, -0.1736481776669230592, -0.9848077530122093526 ) ) ;
#214 = EDGE_CURVE ( 'NONE', #863, #1282, #644, .T. ) ;
#215 = VERTEX_POINT ( 'NONE', #84 ) ;
#216 = VERTEX_POINT ( 'NONE', #533 ) ;
#217 = FACE_OUTER_BOUND ( 'NONE', #633, .T. ) ;
#218 = CARTESIAN_POINT ( 'NONE',  ( 18.75000000000000355, -25.79316050810158600, 3.735688825813570979 ) ) ;
#219 = DIRECTION ( 'NONE',  ( 0.000000000000000000, -0.9848077530122092416, 0.1736481776669232813 ) ) ;
#220 = EDGE_LOOP ( 'NONE', ( #850, #556, #79, #575 ) ) ;
#221 = EDGE_LOOP ( 'NONE', ( #823, #542, #1432, #1071 ) ) ;
#222 = LINE ( 'NONE', #357, #827 ) ;
#223 = VECTOR ( 'NONE', #82, 1000.000000000000114 ) ;
#224 = EDGE_CURVE ( 'NONE', #1379, #632, #185, .T. ) ;
#225 = FACE_OUTER_BOUND ( 'NONE', #1313, .T. ) ;
#226 = FACE_OUTER_BOUND ( 'NONE', #1239, .T. ) ;
#227 = ORIENTED_EDGE ( 'NONE', *, *, #1197, .F. ) ;
#228 = AXIS2_PLACEMENT_3D ( 'NONE', #694, #1367, #276 ) ;
#229 = VERTEX_POINT ( 'NONE', #191 ) ;
#230 = ADVANCED_FACE ( 'NONE', ( #1298 ), #1129, .F. ) ;
#231 = CIRCLE ( 'NONE', #1039, 1.900000000000024114 ) ;
#232 = EDGE_CURVE ( 'NONE', #1104, #6, #1235, .T. ) ;
#233 = LINE ( 'NONE', #675, #1108 ) ;
#234 = CARTESIAN_POINT ( 'NONE',  ( -18.74999999999999645, 11.72001982130931985, -73.75852592639975569 ) ) ;
#235 = ORIENTED_EDGE ( 'NONE', *, *, #467, .F. ) ;
#236 = VERTEX_POINT ( 'NONE', #1339 ) ;
#237 = CARTESIAN_POINT ( 'NONE',  ( 18.74999999999999645, 24.82595799672597181, -5.189827506266272650 ) ) ;
#238 = DIRECTION ( 'NONE',  ( -1.000000000000000000, 0.000000000000000000, 0.000000000000000000 ) ) ;
#239 = DIRECTION ( 'NONE',  ( 1.000000000000000000, 9.912705577010328508E-16, -2.478176394252582127E-16 ) ) ;
#240 = VERTEX_POINT ( 'NONE', #451 ) ;
#241 = EDGE_CURVE ( 'NONE', #737, #412, #1006, .T. ) ;
#242 = ORIENTED_EDGE ( 'NONE', *, *, #406, .T. ) ;
#243 = FACE_BOUND ( 'NONE', #759, .T. ) ;
#244 = LINE ( 'NONE', #1351, #532 ) ;
#245 = VECTOR ( 'NONE', #932, 1000.000000000000000 ) ;
#246 = DIRECTION ( 'NONE',  ( 1.019244012036628665E-15, -0.9848077530122093526, 0.1736481776669230592 ) ) ;
#247 = VECTOR ( 'NONE', #378, 1000.000000000000114 ) ;
#248 = VERTEX_POINT ( 'NONE', #1014 ) ;
#249 = ORIENTED_EDGE ( 'NONE', *, *, #1256, .T. ) ;
#250 = CARTESIAN_POINT ( 'NONE',  ( -23.45000000000000284, 29.61678635095240963, -6.237665127436632595 ) ) ;
#251 = EDGE_CURVE ( 'NONE', #350, #73, #483, .T. ) ;
#252 = VECTOR ( 'NONE', #333, 1000.000000000000000 ) ;
#253 = CLOSED_SHELL ( 'NONE', ( #1434, #889, #123, #440, #1274, #1321, #512, #1238, #1372, #641, #720, #760, #1047, #789, #739, #836, #748, #1019, #479, #453, #24, #998, #360, #1383, #347, #334, #314, #1243, #800, #375, #996, #1330, #165, #548, #916, #1100, #656, #1154, #142, #274, #692, #162, #576, #1361, #95, #969, #230, #1185 ) ) ;
#254 = CYLINDRICAL_SURFACE ( 'NONE', #752, 1.000000000000002665 ) ;
#255 = DIRECTION ( 'NONE',  ( 0.000000000000000000, 0.9848077530122093526, -0.1736481776669230870 ) ) ;
#256 = CARTESIAN_POINT ( 'NONE',  ( 19.74999999999999645, 23.84115024371375924, -5.016179328599349674 ) ) ;
#257 = DIRECTION ( 'NONE',  ( 0.000000000000000000, -0.9848077530122094636, 0.1736481776669225319 ) ) ;
#258 = EDGE_CURVE ( 'NONE', #493, #788, #1228, .T. ) ;
#259 = CARTESIAN_POINT ( 'NONE',  ( 18.75000000000000000, 24.79122836119258366, -5.386789056868710013 ) ) ;
#260 = LINE ( 'NONE', #118, #1333 ) ;
#261 = CARTESIAN_POINT ( 'NONE',  ( -19.74999999999999645, 24.82595799672596826, -5.189827506266272650 ) ) ;
#262 = CARTESIAN_POINT ( 'NONE',  ( 21.24999999999999645, -34.66213841651041605, 4.690272955241880481 ) ) ;
#263 = CARTESIAN_POINT ( 'NONE',  ( -18.25000000000000000, 29.81422874929464228, -9.724930029811691412 ) ) ;
#264 = ORIENTED_EDGE ( 'NONE', *, *, #637, .F. ) ;
#265 = DIRECTION ( 'NONE',  ( -0.000000000000000000, 0.1736481776669198951, 0.9848077530122099077 ) ) ;
#266 = PLANE ( 'NONE',  #673 ) ;
#267 = EDGE_CURVE ( 'NONE', #1031, #1067, #797, .T. ) ;
#268 = CARTESIAN_POINT ( 'NONE',  ( -18.44999999999999929, 34.71447329368038481, -6.121098262759039343 ) ) ;
#269 = ORIENTED_EDGE ( 'NONE', *, *, #72, .F. ) ;
#270 = CIRCLE ( 'NONE', #361, 0.9999999999999995559 ) ;
#271 = ORIENTED_EDGE ( 'NONE', *, *, #1202, .F. ) ;
#272 = LINE ( 'NONE', #1267, #1057 ) ;
#273 = VERTEX_POINT ( 'NONE', #1328 ) ;
#274 = ADVANCED_FACE ( 'NONE', ( #137 ), #1335, .F. ) ;
#275 = VECTOR ( 'NONE', #951, 1000.000000000000000 ) ;
#276 = DIRECTION ( 'NONE',  ( 0.000000000000000000, -0.9848077530122094636, 0.1736481776669225319 ) ) ;
#277 = VECTOR ( 'NONE', #97, 1000.000000000000000 ) ;
#278 = DIRECTION ( 'NONE',  ( 0.000000000000000000, 0.000000000000000000, 1.000000000000000000 ) ) ;
#279 = LINE ( 'NONE', #478, #442 ) ;
#280 = EDGE_LOOP ( 'NONE', ( #309, #1381, #113, #391 ) ) ;
#281 = DIRECTION ( 'NONE',  ( 0.000000000000000000, 0.9848077530122093526, -0.1736481776669230870 ) ) ;
#282 = ORIENTED_EDGE ( 'NONE', *, *, #1038, .T. ) ;
#283 = LINE ( 'NONE', #34, #899 ) ;
#284 = CARTESIAN_POINT ( 'NONE',  ( 21.24999999999999645, -38.82687163565633881, 2.378347953572856444 ) ) ;
#285 = LINE ( 'NONE', #1046, #1369 ) ;
#286 = VERTEX_POINT ( 'NONE', #881 ) ;
#287 = CARTESIAN_POINT ( 'NONE',  ( 18.75000000000000355, -24.80835275508937698, 3.562040648146649779 ) ) ;
#288 = EDGE_CURVE ( 'NONE', #721, #712, #244, .T. ) ;
#289 = CARTESIAN_POINT ( 'NONE',  ( 23.44999999999999929, -34.59267914544364686, 5.084196056446754319 ) ) ;
#290 = LINE ( 'NONE', #538, #177 ) ;
#291 = CARTESIAN_POINT ( 'NONE',  ( 21.25000000000000000, 29.50221994658921787, -18.40494445992840511 ) ) ;
#292 = CARTESIAN_POINT ( 'NONE',  ( 23.44999999999999929, 29.79043452861933616, -5.252857374424423575 ) ) ;
#293 = ORIENTED_EDGE ( 'NONE', *, *, #17, .F. ) ;
#294 = DIRECTION ( 'NONE',  ( 0.000000000000000000, -0.9848077530122099077, 0.1736481776669201726 ) ) ;
#295 = ORIENTED_EDGE ( 'NONE', *, *, #1401, .T. ) ;
#296 = AXIS2_PLACEMENT_3D ( 'NONE', #588, #566, #1029 ) ;
#297 = FACE_OUTER_BOUND ( 'NONE', #20, .T. ) ;
#298 = CARTESIAN_POINT ( 'NONE',  ( -21.25000000000000000, 31.58640185697683833, -6.584961482770480323 ) ) ;
#299 = CIRCLE ( 'NONE', #33, 1.900000000000024114 ) ;
#300 = DIRECTION ( 'NONE',  ( 1.000000000000000000, 0.000000000000000000, 0.000000000000000000 ) ) ;
#301 = VECTOR ( 'NONE', #312, 1000.000000000000000 ) ;
#302 = VECTOR ( 'NONE', #1386, 1000.000000000000000 ) ;
#303 = EDGE_LOOP ( 'NONE', ( #1112, #155, #1134, #536 ) ) ;
#304 = ORIENTED_EDGE ( 'NONE', *, *, #954, .F. ) ;
#305 = LINE ( 'NONE', #749, #1417 ) ;
#306 = EDGE_CURVE ( 'NONE', #646, #1104, #1394, .T. ) ;
#307 = DIRECTION ( 'NONE',  ( -1.000000000000000000, 0.000000000000000000, 0.000000000000000000 ) ) ;
#308 = LINE ( 'NONE', #751, #1366 ) ;
#309 = ORIENTED_EDGE ( 'NONE', *, *, #1176, .F. ) ;
#310 = VERTEX_POINT ( 'NONE', #573 ) ;
#311 = CARTESIAN_POINT ( 'NONE',  ( 20.55000000000000426, -24.66943421295584571, 4.349886850556425877 ) ) ;
#312 = DIRECTION ( 'NONE',  ( 1.349979358736814994E-16, -0.9848077530122093526, 0.1736481776669230870 ) ) ;
#313 = CARTESIAN_POINT ( 'NONE',  ( -21.25000000000000000, 29.50221994658921787, -18.40494445992840511 ) ) ;
#314 = ADVANCED_FACE ( 'NONE', ( #226 ), #1120, .T. ) ;
#315 = ORIENTED_EDGE ( 'NONE', *, *, #500, .T. ) ;
#316 = EDGE_CURVE ( 'NONE', #85, #1183, #1159, .T. ) ;
#317 = ORIENTED_EDGE ( 'NONE', *, *, #1084, .F. ) ;
#318 = CARTESIAN_POINT ( 'NONE',  ( 18.75000000000000355, -24.84308239062275803, 3.365079097544215969 ) ) ;
#319 = CARTESIAN_POINT ( 'NONE',  ( -21.24999999999999645, -42.77610345239782674, -41.32630943780211652 ) ) ;
#320 = FACE_OUTER_BOUND ( 'NONE', #963, .T. ) ;
#321 = VECTOR ( 'NONE', #1413, 1000.000000000000000 ) ;
#322 = ORIENTED_EDGE ( 'NONE', *, *, #1156, .T. ) ;
#323 = VECTOR ( 'NONE', #148, 1000.000000000000114 ) ;
#324 = ORIENTED_EDGE ( 'NONE', *, *, #645, .T. ) ;
#325 = DIRECTION ( 'NONE',  ( 0.000000000000000000, -0.9848077530122093526, 0.1736481776669230315 ) ) ;
#326 = CYLINDRICAL_SURFACE ( 'NONE', #87, 5.000000000000004441 ) ;
#327 = DIRECTION ( 'NONE',  ( 0.000000000000000000, 0.9848077530122096857, -0.1736481776669214494 ) ) ;
#328 = ORIENTED_EDGE ( 'NONE', *, *, #116, .T. ) ;
#329 = VERTEX_POINT ( 'NONE', #1230 ) ;
#330 = AXIS2_PLACEMENT_3D ( 'NONE', #473, #1144, #1136 ) ;
#331 = EDGE_CURVE ( 'NONE', #1373, #154, #905, .T. ) ;
#332 = FACE_OUTER_BOUND ( 'NONE', #728, .T. ) ;
#333 = DIRECTION ( 'NONE',  ( 0.000000000000000000, 0.9848077530122093526, -0.1736481776669230870 ) ) ;
#334 = ADVANCED_FACE ( 'NONE', ( #891 ), #792, .F. ) ;
#335 = DIRECTION ( 'NONE',  ( -3.081487911019577365E-33, 0.1736481776669230870, 0.9848077530122093526 ) ) ;
#336 = EDGE_CURVE ( 'NONE', #1389, #967, #1114, .T. ) ;
#337 = ORIENTED_EDGE ( 'NONE', *, *, #1012, .T. ) ;
#338 = CIRCLE ( 'NONE', #1153, 1.000000000000002887 ) ;
#339 = CARTESIAN_POINT ( 'NONE',  ( 21.24999999999999645, -33.70587131999288033, 1.475377429704861854 ) ) ;
#340 = CARTESIAN_POINT ( 'NONE',  ( 18.74999999999999645, 24.96487653885951019, -4.401981303856496552 ) ) ;
#341 = ORIENTED_EDGE ( 'NONE', *, *, #1240, .F. ) ;
#342 = VECTOR ( 'NONE', #1252, 1000.000000000000227 ) ;
#343 = ORIENTED_EDGE ( 'NONE', *, *, #894, .T. ) ;
#344 = FACE_OUTER_BOUND ( 'NONE', #303, .T. ) ;
#345 = CARTESIAN_POINT ( 'NONE',  ( 18.25000000000000000, 29.43718961811665835, -6.104454716602049302 ) ) ;
#346 = STYLED_ITEM ( 'NONE', ( #1293 ), #1451 ) ;
#347 = ADVANCED_FACE ( 'NONE', ( #565 ), #1021, .F. ) ;
#348 = DIRECTION ( 'NONE',  ( -3.081487911019577365E-33, 0.1736481776669230870, 0.9848077530122093526 ) ) ;
#349 = ORIENTED_EDGE ( 'NONE', *, *, #711, .T. ) ;
#350 = VERTEX_POINT ( 'NONE', #1102 ) ;
#351 = DIRECTION ( 'NONE',  ( -0.000000000000000000, 0.1736481776669230870, 0.9848077530122093526 ) ) ;
#352 = DIRECTION ( 'NONE',  ( 3.081487911019577365E-33, -0.1736481776669230870, -0.9848077530122093526 ) ) ;
#353 = DIRECTION ( 'NONE',  ( 0.000000000000000000, -0.9848077530122093526, 0.1736481776669233090 ) ) ;
#354 = ORIENTED_EDGE ( 'NONE', *, *, #849, .F. ) ;
#355 = EDGE_CURVE ( 'NONE', #161, #1406, #1242, .T. ) ;
#356 = ORIENTED_EDGE ( 'NONE', *, *, #1169, .F. ) ;
#357 = CARTESIAN_POINT ( 'NONE',  ( 20.55000000000000426, -24.66943421295584571, 4.349886850556425877 ) ) ;
#358 = FACE_OUTER_BOUND ( 'NONE', #364, .T. ) ;
#359 = LINE ( 'NONE', #912, #438 ) ;
#360 = ADVANCED_FACE ( 'NONE', ( #666 ), #104, .F. ) ;
#361 = AXIS2_PLACEMENT_3D ( 'NONE', #1142, #1262, #150 ) ;
#362 = DIRECTION ( 'NONE',  ( 0.000000000000000000, -0.9848077530122094636, 0.1736481776669225319 ) ) ;
#363 = VECTOR ( 'NONE', #37, 1000.000000000000000 ) ;
#364 = EDGE_LOOP ( 'NONE', ( #199, #1160, #931, #1098 ) ) ;
#365 = VERTEX_POINT ( 'NONE', #469 ) ;
#366 = CARTESIAN_POINT ( 'NONE',  ( -18.25000000000000000, 28.82942099628242971, -9.551281852144766660 ) ) ;
#367 = VECTOR ( 'NONE', #846, 1000.000000000000000 ) ;
#368 = VECTOR ( 'NONE', #756, 1000.000000000000000 ) ;
#369 = CARTESIAN_POINT ( 'NONE',  ( -18.74999999999999645, 23.98006878584730117, -4.228333126189573576 ) ) ;
#370 = DIRECTION ( 'NONE',  ( 0.000000000000000000, 0.1736481776669230870, 0.9848077530122093526 ) ) ;
#371 = CARTESIAN_POINT ( 'NONE',  ( -18.44999999999999929, 24.79122836119258366, -5.386789056868710013 ) ) ;
#372 = DIRECTION ( 'NONE',  ( -0.000000000000000000, 0.9848077530122093526, -0.1736481776669231147 ) ) ;
#373 = ORIENTED_EDGE ( 'NONE', *, *, #487, .F. ) ;
#374 = DIRECTION ( 'NONE',  ( -1.000000000000000000, -0.000000000000000000, 0.000000000000000000 ) ) ;
#375 = ADVANCED_FACE ( 'NONE', ( #837 ), #385, .T. ) ;
#376 = CARTESIAN_POINT ( 'NONE',  ( 18.74999999999999645, 24.82595799672596826, -5.189827506266272650 ) ) ;
#377 = AXIS2_PLACEMENT_3D ( 'NONE', #369, #796, #571 ) ;
#378 = DIRECTION ( 'NONE',  ( 0.7071067811865461294, 0.1227878039689664774, 0.6963642403200214215 ) ) ;
#379 = ORIENTED_EDGE ( 'NONE', *, *, #114, .T. ) ;
#380 = EDGE_CURVE ( 'NONE', #236, #721, #417, .T. ) ;
#381 = VERTEX_POINT ( 'NONE', #1028 ) ;
#382 = DIRECTION ( 'NONE',  ( 8.659560562354929160E-17, 0.8191520442889872466, 0.5735764363510527097 ) ) ;
#383 = EDGE_CURVE ( 'NONE', #85, #229, #152, .T. ) ;
#384 = VERTEX_POINT ( 'NONE', #16 ) ;
#385 = PLANE ( 'NONE',  #1301 ) ;
#386 = LINE ( 'NONE', #618, #1364 ) ;
#387 = ORIENTED_EDGE ( 'NONE', *, *, #331, .T. ) ;
#388 = AXIS2_PLACEMENT_3D ( 'NONE', #709, #246, #682 ) ;
#389 = ORIENTED_EDGE ( 'NONE', *, *, #53, .T. ) ;
#390 = DIRECTION ( 'NONE',  ( 1.000000000000000000, 0.000000000000000000, 0.000000000000000000 ) ) ;
#391 = ORIENTED_EDGE ( 'NONE', *, *, #1221, .T. ) ;
#392 = VECTOR ( 'NONE', #1081, 1000.000000000000114 ) ;
#393 =( NAMED_UNIT ( * ) SI_UNIT ( $, .STERADIAN. ) SOLID_ANGLE_UNIT ( ) );
#394 = LINE ( 'NONE', #1145, #86 ) ;
#395 = VECTOR ( 'NONE', #1075, 1000.000000000000000 ) ;
#396 = CARTESIAN_POINT ( 'NONE',  ( -19.74999999999998934, -24.80835275508938409, 3.562040648146650668 ) ) ;
#397 = ORIENTED_EDGE ( 'NONE', *, *, #405, .F. ) ;
#398 = EDGE_CURVE ( 'NONE', #1282, #1373, #928, .T. ) ;
#399 = EDGE_LOOP ( 'NONE', ( #354, #1213, #1232, #612, #547, #660, #953, #1023, #1040, #667 ) ) ;
#400 = LINE ( 'NONE', #1174, #874 ) ;
#401 = ORIENTED_EDGE ( 'NONE', *, *, #1175, .F. ) ;
#402 = DIRECTION ( 'NONE',  ( 0.7071067811865492381, 0.1227878039689675044, 0.6963642403200182018 ) ) ;
#403 = DIRECTION ( 'NONE',  ( 0.000000000000000000, 0.1736481776669232813, 0.9848077530122092416 ) ) ;
#404 = DIRECTION ( 'NONE',  ( 0.000000000000000000, -0.9848077530122093526, 0.1736481776669231147 ) ) ;
#405 = EDGE_CURVE ( 'NONE', #1373, #529, #359, .T. ) ;
#406 = EDGE_CURVE ( 'NONE', #229, #365, #299, .T. ) ;
#407 = ORIENTED_EDGE ( 'NONE', *, *, #663, .T. ) ;
#408 = DIRECTION ( 'NONE',  ( -1.000000000000000000, -1.003759405264941177E-15, 1.769898652880841310E-16 ) ) ;
#409 = CARTESIAN_POINT ( 'NONE',  ( 21.25000000000000000, 26.66236309191578613, -5.716720594435862779 ) ) ;
#410 = DIRECTION ( 'NONE',  ( -0.000000000000000000, 0.1736481776669230870, 0.9848077530122093526 ) ) ;
#411 = CARTESIAN_POINT ( 'NONE',  ( -14.25000000000000178, 30.99599805290930021, -9.933307843012000760 ) ) ;
#412 = VERTEX_POINT ( 'NONE', #376 ) ;
#413 = ORIENTED_EDGE ( 'NONE', *, *, #1325, .F. ) ;
#414 = UNCERTAINTY_MEASURE_WITH_UNIT (LENGTH_MEASURE( 1.000000000000000082E-05 ), #1177, 'distance_accuracy_value', 'NONE');
#415 = DIRECTION ( 'NONE',  ( 0.000000000000000000, -0.9848077530122093526, 0.1736481776669231147 ) ) ;
#416 = CARTESIAN_POINT ( 'NONE',  ( -18.74999999999999645, 24.82595799672596826, -5.189827506266271762 ) ) ;
#417 = CIRCLE ( 'NONE', #509, 1.799999999999996270 ) ;
#418 = CARTESIAN_POINT ( 'NONE',  ( -18.25000000000000000, 29.59347297801689081, -5.218127738891038980 ) ) ;
#419 = ORIENTED_EDGE ( 'NONE', *, *, #1215, .T. ) ;
#420 = ORIENTED_EDGE ( 'NONE', *, *, #572, .T. ) ;
#421 = ADVANCED_BREP_SHAPE_REPRESENTATION ( 'ThermallerDisplayCover', ( #1451, #1408 ), #638 ) ;
#422 = EDGE_CURVE ( 'NONE', #801, #605, #1375, .T. ) ;
#423 = CARTESIAN_POINT ( 'NONE',  ( -23.45000000000000284, -34.59267914544364686, 5.084196056446754319 ) ) ;
#424 = DIRECTION ( 'NONE',  ( 0.000000000000000000, 0.1736481776669230592, 0.9848077530122093526 ) ) ;
#425 = DIRECTION ( 'NONE',  ( 0.000000000000000000, 0.1736481776669230592, 0.9848077530122093526 ) ) ;
#426 = ORIENTED_EDGE ( 'NONE', *, *, #961, .F. ) ;
#427 = ORIENTED_EDGE ( 'NONE', *, *, #678, .F. ) ;
#428 = LINE ( 'NONE', #1315, #1246 ) ;
#429 = DIRECTION ( 'NONE',  ( 0.000000000000000000, -0.9848077530122092416, 0.1736481776669233368 ) ) ;
#430 = LINE ( 'NONE', #98, #510 ) ;
#431 = ORIENTED_EDGE ( 'NONE', *, *, #770, .F. ) ;
#432 = ORIENTED_EDGE ( 'NONE', *, *, #1012, .F. ) ;
#433 = CIRCLE ( 'NONE', #1440, 0.9999999999999990008 ) ;
#434 = CIRCLE ( 'NONE', #1443, 0.9999999999999987788 ) ;
#435 = DIRECTION ( 'NONE',  ( -0.000000000000000000, 0.000000000000000000, 1.000000000000000000 ) ) ;
#436 = CARTESIAN_POINT ( 'NONE',  ( -23.45000000000000284, -34.59267914544364686, 5.084196056446754319 ) ) ;
#437 = DIRECTION ( 'NONE',  ( -0.000000000000000000, -0.1736481776669230870, -0.9848077530122093526 ) ) ;
#438 = VECTOR ( 'NONE', #1035, 1000.000000000000000 ) ;
#439 = ORIENTED_EDGE ( 'NONE', *, *, #569, .T. ) ;
#440 = ADVANCED_FACE ( 'NONE', ( #1391 ), #602, .F. ) ;
#441 = CONICAL_SURFACE ( 'NONE', #1345, 1.800000000000002487, 0.7853981633974437271 ) ;
#442 = VECTOR ( 'NONE', #503, 1000.000000000000000 ) ;
#443 = EDGE_LOOP ( 'NONE', ( #1447, #933, #108, #1245 ) ) ;
#444 = EDGE_CURVE ( 'NONE', #154, #863, #394, .T. ) ;
#445 = CARTESIAN_POINT ( 'NONE',  ( -14.25000000000000178, 29.50221994658921787, -18.40494445992840511 ) ) ;
#446 = DIRECTION ( 'NONE',  ( 0.000000000000000000, -0.9848077530122093526, 0.1736481776669231147 ) ) ;
#447 = DIRECTION ( 'NONE',  ( -0.000000000000000000, 0.1736481776669232813, 0.9848077530122093526 ) ) ;
#448 = EDGE_LOOP ( 'NONE', ( #491, #522, #1024, #648 ) ) ;
#449 = VERTEX_POINT ( 'NONE', #23 ) ;
#450 = CARTESIAN_POINT ( 'NONE',  ( -20.54999999999998650, -24.66943421295583150, 4.349886850556421436 ) ) ;
#451 = CARTESIAN_POINT ( 'NONE',  ( 19.74999999999999645, 23.84115024371375924, -5.016179328599349674 ) ) ;
#452 = ORIENTED_EDGE ( 'NONE', *, *, #587, .F. ) ;
#453 = ADVANCED_FACE ( 'NONE', ( #609 ), #501, .F. ) ;
#454 = CARTESIAN_POINT ( 'NONE',  ( -21.25000000000000000, 30.99599805290929666, -9.933307843011998983 ) ) ;
#455 = DIRECTION ( 'NONE',  ( 0.000000000000000000, 0.9848077530122093526, -0.1736481776669230592 ) ) ;
#456 = CARTESIAN_POINT ( 'NONE',  ( -19.74999999999998934, -37.91429093050602717, -65.00665777198683770 ) ) ;
#457 = ORIENTED_EDGE ( 'NONE', *, *, #1176, .T. ) ;
#458 = AXIS2_PLACEMENT_3D ( 'NONE', #994, #1050, #486 ) ;
#459 = VERTEX_POINT ( 'NONE', #166 ) ;
#460 = PRESENTATION_LAYER_ASSIGNMENT (  '', '', ( #346 ) ) ;
#461 = EDGE_CURVE ( 'NONE', #967, #1067, #1278, .T. ) ;
#462 = LINE ( 'NONE', #289, #1284 ) ;
#463 = CARTESIAN_POINT ( 'NONE',  ( 18.74999999999999645, 11.72001982130931985, -73.75852592639975569 ) ) ;
#464 = FACE_OUTER_BOUND ( 'NONE', #280, .T. ) ;
#465 = ORIENTED_EDGE ( 'NONE', *, *, #587, .T. ) ;
#466 = CARTESIAN_POINT ( 'NONE',  ( -23.45000000000000284, 29.61678635095240963, -6.237665127436632595 ) ) ;
#467 = EDGE_CURVE ( 'NONE', #856, #646, #283, .T. ) ;
#468 = CARTESIAN_POINT ( 'NONE',  ( 19.74999999999999645, 23.80642060818037464, -5.213140879201786149 ) ) ;
#469 = CARTESIAN_POINT ( 'NONE',  ( 18.25000000000000000, 27.72233824729367058, -4.888196201323879997 ) ) ;
#470 = LINE ( 'NONE', #695, #669 ) ;
#471 = EDGE_LOOP ( 'NONE', ( #337, #815, #887, #88 ) ) ;
#472 = DIRECTION ( 'NONE',  ( 0.000000000000000000, 0.9848077530122093526, -0.1736481776669231147 ) ) ;
#473 = CARTESIAN_POINT ( 'NONE',  ( 18.25000000000000000, 29.59347297801689081, -5.218127738891038980 ) ) ;
#474 = FACE_OUTER_BOUND ( 'NONE', #991, .T. ) ;
#475 = AXIS2_PLACEMENT_3D ( 'NONE', #1054, #1291, #56 ) ;
#476 = PLANE ( 'NONE',  #505 ) ;
#477 = VECTOR ( 'NONE', #1370, 1000.000000000000000 ) ;
#478 = CARTESIAN_POINT ( 'NONE',  ( 23.44999999999999929, -34.41903096777672033, 6.069003809458963339 ) ) ;
#479 = ADVANCED_FACE ( 'NONE', ( #474 ), #266, .F. ) ;
#480 = CONICAL_SURFACE ( 'NONE', #1299, 1.000000000000002887, 0.7853981633974477239 ) ;
#481 = EDGE_LOOP ( 'NONE', ( #269, #139, #465, #1092 ) ) ;
#482 = DIRECTION ( 'NONE',  ( 0.000000000000000000, 0.9848077530122093526, -0.1736481776669230592 ) ) ;
#483 = CIRCLE ( 'NONE', #625, 5.000000000000007994 ) ;
#484 = VECTOR ( 'NONE', #838, 1000.000000000000000 ) ;
#485 = DIRECTION ( 'NONE',  ( 0.000000000000000000, 0.1736481776669230592, 0.9848077530122093526 ) ) ;
#486 = DIRECTION ( 'NONE',  ( 0.000000000000000000, 0.9848077530122096857, -0.1736481776669208388 ) ) ;
#487 = EDGE_CURVE ( 'NONE', #1266, #583, #1155, .T. ) ;
#488 = PLANE ( 'NONE',  #388 ) ;
#489 = LINE ( 'NONE', #589, #323 ) ;
#490 = EDGE_CURVE ( 'NONE', #1265, #787, #145, .T. ) ;
#491 = ORIENTED_EDGE ( 'NONE', *, *, #1117, .T. ) ;
#492 = DIRECTION ( 'NONE',  ( 0.000000000000000000, -0.9848077530122099077, 0.1736481776669197008 ) ) ;
#493 = VERTEX_POINT ( 'NONE', #586 ) ;
#494 = DIRECTION ( 'NONE',  ( -1.000000000000000000, 0.000000000000000000, 0.000000000000000000 ) ) ;
#495 = CARTESIAN_POINT ( 'NONE',  ( -23.45000000000000284, 29.61678635095240963, -6.237665127436632595 ) ) ;
#496 = ORIENTED_EDGE ( 'NONE', *, *, #696, .T. ) ;
#497 = ORIENTED_EDGE ( 'NONE', *, *, #461, .F. ) ;
#498 = FACE_OUTER_BOUND ( 'NONE', #19, .T. ) ;
#499 = VERTEX_POINT ( 'NONE', #1043 ) ;
#500 = EDGE_CURVE ( 'NONE', #640, #1031, #44, .T. ) ;
#501 = PLANE ( 'NONE',  #1109 ) ;
#502 = LINE ( 'NONE', #945, #484 ) ;
#503 = DIRECTION ( 'NONE',  ( 0.000000000000000000, 0.9848077530122093526, -0.1736481776669230870 ) ) ;
#504 = VECTOR ( 'NONE', #408, 1000.000000000000000 ) ;
#505 = AXIS2_PLACEMENT_3D ( 'NONE', #456, #1036, #1376 ) ;
#506 = ORIENTED_EDGE ( 'NONE', *, *, #487, .T. ) ;
#507 = CARTESIAN_POINT ( 'NONE',  ( 21.25000000000000000, 30.99599805290929666, -9.933307843011998983 ) ) ;
#508 = ORIENTED_EDGE ( 'NONE', *, *, #645, .F. ) ;
#509 = AXIS2_PLACEMENT_3D ( 'NONE', #921, #1384, #594 ) ;
#510 = VECTOR ( 'NONE', #300, 1000.000000000000000 ) ;
#511 = PLANE ( 'NONE',  #651 ) ;
#512 = ADVANCED_FACE ( 'NONE', ( #61 ), #511, .T. ) ;
#513 = DIRECTION ( 'NONE',  ( 1.000000000000000000, 0.000000000000000000, 0.000000000000000000 ) ) ;
#514 = ORIENTED_EDGE ( 'NONE', *, *, #1419, .F. ) ;
#515 = ORIENTED_EDGE ( 'NONE', *, *, #982, .F. ) ;
#516 = CARTESIAN_POINT ( 'NONE',  ( -23.45000000000000284, -34.41903096777672033, 6.069003809458963339 ) ) ;
#517 = UNCERTAINTY_MEASURE_WITH_UNIT (LENGTH_MEASURE( 1.000000000000000082E-05 ), #843, 'distance_accuracy_value', 'NONE');
#518 = DIRECTION ( 'NONE',  ( -1.349979358736814994E-16, 0.9848077530122093526, -0.1736481776669230870 ) ) ;
#519 = FACE_OUTER_BOUND ( 'NONE', #448, .T. ) ;
#520 = PLANE ( 'NONE',  #1324 ) ;
#521 = ORIENTED_EDGE ( 'NONE', *, *, #267, .T. ) ;
#522 = ORIENTED_EDGE ( 'NONE', *, *, #535, .T. ) ;
#523 = CARTESIAN_POINT ( 'NONE',  ( 19.74999999999999645, 23.84115024371375569, -5.016179328599348786 ) ) ;
#524 = DIRECTION ( 'NONE',  ( 0.000000000000000000, -0.9848077530122093526, 0.1736481776669230592 ) ) ;
#525 = LINE ( 'NONE', #546, #949 ) ;
#526 = ORIENTED_EDGE ( 'NONE', *, *, #961, .T. ) ;
#527 = VECTOR ( 'NONE', #21, 1000.000000000000000 ) ;
#528 = EDGE_CURVE ( 'NONE', #614, #286, #1189, .T. ) ;
#529 = VERTEX_POINT ( 'NONE', #742 ) ;
#530 = DIRECTION ( 'NONE',  ( 0.000000000000000000, 0.000000000000000000, -1.000000000000000000 ) ) ;
#531 = CARTESIAN_POINT ( 'NONE',  ( -14.25000000000000178, 30.99599805290929666, -9.933307843011998983 ) ) ;
#532 = VECTOR ( 'NONE', #779, 1000.000000000000000 ) ;
#533 = CARTESIAN_POINT ( 'NONE',  ( -18.25000000000000000, 27.84461324327021714, -9.377633674477843684 ) ) ;
#534 = AXIS2_PLACEMENT_3D ( 'NONE', #778, #1204, #552 ) ;
#535 = EDGE_CURVE ( 'NONE', #42, #668, #1402, .T. ) ;
#536 = ORIENTED_EDGE ( 'NONE', *, *, #1392, .T. ) ;
#537 = ORIENTED_EDGE ( 'NONE', *, *, #783, .F. ) ;
#538 = CARTESIAN_POINT ( 'NONE',  ( -21.25000000000000000, 31.58640185697683833, -6.584961482770480323 ) ) ;
#539 = CARTESIAN_POINT ( 'NONE',  ( 18.74999999999999645, 23.98006878584730117, -4.228333126189573576 ) ) ;
#540 = CARTESIAN_POINT ( 'NONE',  ( -21.25000000000000000, 26.07195928784824801, -9.065066954677382327 ) ) ;
#541 = VERTEX_POINT ( 'NONE', #1074 ) ;
#542 = ORIENTED_EDGE ( 'NONE', *, *, #985, .T. ) ;
#543 = CARTESIAN_POINT ( 'NONE',  ( 21.24999999999999645, -42.77610345239782674, -41.32630943780211652 ) ) ;
#544 = EDGE_CURVE ( 'NONE', #215, #329, #1418, .T. ) ;
#545 = DIRECTION ( 'NONE',  ( -0.000000000000000000, -0.1736481776669230870, -0.9848077530122093526 ) ) ;
#546 = CARTESIAN_POINT ( 'NONE',  ( -19.74999999999999645, 23.84115024371376279, -5.016179328599338128 ) ) ;
#547 = ORIENTED_EDGE ( 'NONE', *, *, #116, .F. ) ;
#548 = ADVANCED_FACE ( 'NONE', ( #870 ), #634, .T. ) ;
#549 = ORIENTED_EDGE ( 'NONE', *, *, #852, .F. ) ;
#550 = AXIS2_PLACEMENT_3D ( 'NONE', #907, #353, #798 ) ;
#551 = DIRECTION ( 'NONE',  ( 0.000000000000000000, 0.1736481776669230870, 0.9848077530122093526 ) ) ;
#552 = DIRECTION ( 'NONE',  ( 0.000000000000000000, -0.9848077530122094636, 0.1736481776669225319 ) ) ;
#553 = EDGE_CURVE ( 'NONE', #381, #763, #27, .T. ) ;
#554 = CARTESIAN_POINT ( 'NONE',  ( 21.25000000000000000, 30.99599805290930021, -9.933307843012000760 ) ) ;
#555 = CONICAL_SURFACE ( 'NONE', #1425, 1.800000000000002043, 0.7853981633974526089 ) ;
#556 = ORIENTED_EDGE ( 'NONE', *, *, #17, .T. ) ;
#557 = AXIS2_PLACEMENT_3D ( 'NONE', #1217, #560, #446 ) ;
#558 = CIRCLE ( 'NONE', #858, 1.900000000000024114 ) ;
#559 = ORIENTED_EDGE ( 'NONE', *, *, #1415, .T. ) ;
#560 = DIRECTION ( 'NONE',  ( 0.000000000000000000, 0.1736481776669230870, 0.9848077530122093526 ) ) ;
#561 = CARTESIAN_POINT ( 'NONE',  ( 18.44999999999999218, 29.61678635095241319, -6.237665127436632595 ) ) ;
#562 = ORIENTED_EDGE ( 'NONE', *, *, #954, .T. ) ;
#563 = ORIENTED_EDGE ( 'NONE', *, *, #934, .F. ) ;
#564 = DIRECTION ( 'NONE',  ( 3.081487911019577365E-33, -0.1736481776669230870, -0.9848077530122093526 ) ) ;
#565 = FACE_OUTER_BOUND ( 'NONE', #8, .T. ) ;
#566 = DIRECTION ( 'NONE',  ( 0.000000000000000000, 0.8191520442889875797, 0.5735764363510521546 ) ) ;
#567 = VERTEX_POINT ( 'NONE', #964 ) ;
#568 = PRODUCT_DEFINITION_CONTEXT ( 'detailed design', #1116, 'design' ) ;
#569 = EDGE_CURVE ( 'NONE', #529, #655, #290, .T. ) ;
#570 = VECTOR ( 'NONE', #1380, 1000.000000000000000 ) ;
#571 = DIRECTION ( 'NONE',  ( 0.000000000000000000, -0.9848077530122092416, 0.1736481776669231147 ) ) ;
#572 = EDGE_CURVE ( 'NONE', #583, #1377, #758, .T. ) ;
#573 = CARTESIAN_POINT ( 'NONE',  ( 18.44999999999999218, 34.71447329368038481, -6.121098262759040232 ) ) ;
#574 = PLANE ( 'NONE',  #550 ) ;
#575 = ORIENTED_EDGE ( 'NONE', *, *, #1231, .F. ) ;
#576 = ADVANCED_FACE ( 'NONE', ( #202 ), #1079, .F. ) ;
#577 = ORIENTED_EDGE ( 'NONE', *, *, #187, .T. ) ;
#578 = CARTESIAN_POINT ( 'NONE',  ( -21.24999999999999645, -80.55984312507034417, 12.78327664795059171 ) ) ;
#579 = FACE_OUTER_BOUND ( 'NONE', #1085, .T. ) ;
#580 = DIRECTION ( 'NONE',  ( 0.000000000000000000, 0.1736481776669230592, 0.9848077530122093526 ) ) ;
#581 = CYLINDRICAL_SURFACE ( 'NONE', #685, 1.000000000000002887 ) ;
#582 = ORIENTED_EDGE ( 'NONE', *, *, #316, .F. ) ;
#583 = VERTEX_POINT ( 'NONE', #979 ) ;
#584 = DIRECTION ( 'NONE',  ( -0.000000000000000000, -0.1736481776669230870, -0.9848077530122093526 ) ) ;
#585 = DIRECTION ( 'NONE',  ( -0.000000000000000000, 0.1736481776669232813, 0.9848077530122093526 ) ) ;
#586 = CARTESIAN_POINT ( 'NONE',  ( 18.25000000000000000, 29.81422874929464228, -9.724930029811691412 ) ) ;
#587 = EDGE_CURVE ( 'NONE', #329, #286, #428, .T. ) ;
#588 = CARTESIAN_POINT ( 'NONE',  ( -19.74999999999998934, -25.79316050810158600, 3.735688825813570979 ) ) ;
#589 = CARTESIAN_POINT ( 'NONE',  ( 21.24999999999999645, -42.77610345239782674, -41.32630943780211652 ) ) ;
#590 = ORIENTED_EDGE ( 'NONE', *, *, #398, .T. ) ;
#591 = PRODUCT_RELATED_PRODUCT_CATEGORY ( 'part', '', ( #978 ) ) ;
#592 = DIRECTION ( 'NONE',  ( 0.000000000000000000, 0.1736481776669230592, 0.9848077530122093526 ) ) ;
#593 = DIRECTION ( 'NONE',  ( 0.000000000000000000, -0.9848077530122092416, 0.1736481776669232813 ) ) ;
#594 = DIRECTION ( 'NONE',  ( 0.000000000000000000, -0.9848077530122093526, 0.1736481776669230315 ) ) ;
#595 = VECTOR ( 'NONE', #1088, 1000.000000000000000 ) ;
#596 = LINE ( 'NONE', #1352, #1390 ) ;
#597 = ORIENTED_EDGE ( 'NONE', *, *, #849, .T. ) ;
#598 = EDGE_LOOP ( 'NONE', ( #1300, #1226, #39, #1397, #893, #1220, #1188, #282 ) ) ;
#599 = CARTESIAN_POINT ( 'NONE',  ( -14.25000000000000178, 26.07195928784824801, -9.065066954677382327 ) ) ;
#600 = VECTOR ( 'NONE', #1170, 1000.000000000000000 ) ;
#601 = SURFACE_SIDE_STYLE ('',( #724 ) ) ;
#602 = CYLINDRICAL_SURFACE ( 'NONE', #228, 1.000000000000002887 ) ;
#603 = LINE ( 'NONE', #396, #1011 ) ;
#604 = ORIENTED_EDGE ( 'NONE', *, *, #134, .T. ) ;
#605 = VERTEX_POINT ( 'NONE', #629 ) ;
#606 = CARTESIAN_POINT ( 'NONE',  ( -18.25000000000000000, 30.42199737112887092, -6.278102894268972278 ) ) ;
#607 = EDGE_CURVE ( 'NONE', #449, #240, #194, .T. ) ;
#608 = ORIENTED_EDGE ( 'NONE', *, *, #181, .T. ) ;
#609 = FACE_OUTER_BOUND ( 'NONE', #1329, .T. ) ;
#610 = LINE ( 'NONE', #1061, #971 ) ;
#611 = FACE_OUTER_BOUND ( 'NONE', #983, .T. ) ;
#612 = ORIENTED_EDGE ( 'NONE', *, *, #553, .F. ) ;
#613 = DIRECTION ( 'NONE',  ( 0.000000000000000000, 0.1736481776669230592, 0.9848077530122093526 ) ) ;
#614 = VERTEX_POINT ( 'NONE', #409 ) ;
#615 = EDGE_CURVE ( 'NONE', #955, #1265, #918, .T. ) ;
#616 = PRODUCT_CONTEXT ( 'NONE', #896, 'mechanical' ) ;
#617 = CARTESIAN_POINT ( 'NONE',  ( 18.25000000000000000, 30.42199737112887092, -6.278102894268972278 ) ) ;
#618 = CARTESIAN_POINT ( 'NONE',  ( -21.24999999999999645, -41.29889182287951144, -41.58678170430250276 ) ) ;
#619 = DIRECTION ( 'NONE',  ( 0.000000000000000000, -0.9848077530122093526, 0.1736481776669230870 ) ) ;
#620 = AXIS2_PLACEMENT_3D ( 'NONE', #101, #551, #777 ) ;
#621 = VECTOR ( 'NONE', #239, 1000.000000000000000 ) ;
#622 = EDGE_LOOP ( 'NONE', ( #397, #387, #1340, #1199 ) ) ;
#623 = LINE ( 'NONE', #848, #129 ) ;
#624 = ORIENTED_EDGE ( 'NONE', *, *, #120, .F. ) ;
#625 = AXIS2_PLACEMENT_3D ( 'NONE', #561, #1000, #886 ) ;
#626 = APPLICATION_PROTOCOL_DEFINITION ( 'draft international standard', 'automotive_design', 1998, #896 ) ;
#627 = VECTOR ( 'NONE', #403, 1000.000000000000114 ) ;
#628 = AXIS2_PLACEMENT_3D ( 'NONE', #38, #1030, #404 ) ;
#629 = CARTESIAN_POINT ( 'NONE',  ( -19.74999999999998934, -24.84308239062275447, 3.365079097544212416 ) ) ;
#630 = LINE ( 'NONE', #726, #734 ) ;
#631 = CARTESIAN_POINT ( 'NONE',  ( 18.44999999999999218, 34.54082511601346539, -7.105906015771249251 ) ) ;
#632 = VERTEX_POINT ( 'NONE', #1210 ) ;
#633 = EDGE_LOOP ( 'NONE', ( #1237, #1268, #249, #1414, #174, #1337 ) ) ;
#634 = PLANE ( 'NONE',  #1360 ) ;
#635 = LINE ( 'NONE', #298, #1368 ) ;
#636 = CARTESIAN_POINT ( 'NONE',  ( 18.25000000000000000, 29.43718961811665835, -6.104454716602049302 ) ) ;
#637 = EDGE_CURVE ( 'NONE', #499, #236, #972, .T. ) ;
#638 =( GEOMETRIC_REPRESENTATION_CONTEXT ( 3 ) GLOBAL_UNCERTAINTY_ASSIGNED_CONTEXT ( ( #414 ) ) GLOBAL_UNIT_ASSIGNED_CONTEXT ( ( #1177, #1382, #1400 ) ) REPRESENTATION_CONTEXT ( 'NONE', 'WORKASPACE' ) );
#639 = EDGE_LOOP ( 'NONE', ( #526, #1008, #825, #776, #1261, #349, #506, #420 ) ) ;
#640 = VERTEX_POINT ( 'NONE', #851 ) ;
#641 = ADVANCED_FACE ( 'NONE', ( #297 ), #189, .T. ) ;
#642 = DIRECTION ( 'NONE',  ( 0.000000000000000000, 0.1736481776669230870, 0.9848077530122093526 ) ) ;
#643 = DIRECTION ( 'NONE',  ( 0.000000000000000000, 0.1736481776669230870, 0.9848077530122093526 ) ) ;
#644 = LINE ( 'NONE', #411, #392 ) ;
#645 = EDGE_CURVE ( 'NONE', #567, #1389, #305, .T. ) ;
#646 = VERTEX_POINT ( 'NONE', #311 ) ;
#647 = AXIS2_PLACEMENT_3D ( 'NONE', #986, #584, #325 ) ;
#648 = ORIENTED_EDGE ( 'NONE', *, *, #336, .T. ) ;
#649 = DIRECTION ( 'NONE',  ( 0.000000000000000000, 0.1736481776669230870, 0.9848077530122093526 ) ) ;
#650 = FACE_BOUND ( 'NONE', #1276, .T. ) ;
#651 = AXIS2_PLACEMENT_3D ( 'NONE', #1201, #211, #649 ) ;
#652 = CARTESIAN_POINT ( 'NONE',  ( 0.000000000000000000, -0.7640519817344623155, -4.333154113253721462 ) ) ;
#653 = CIRCLE ( 'NONE', #209, 5.000000000000004441 ) ;
#654 = EDGE_LOOP ( 'NONE', ( #559, #242 ) ) ;
#655 = VERTEX_POINT ( 'NONE', #1448 ) ;
#656 = ADVANCED_FACE ( 'NONE', ( #917 ), #878, .F. ) ;
#657 = PLANE ( 'NONE',  #1082 ) ;
#658 = CARTESIAN_POINT ( 'NONE',  ( 18.44999999999999218, 34.54082511601346539, -7.105906015771249251 ) ) ;
#659 = CARTESIAN_POINT ( 'NONE',  ( -18.74999999999998934, -24.66943421295583860, 4.349886850556428541 ) ) ;
#660 = ORIENTED_EDGE ( 'NONE', *, *, #251, .F. ) ;
#661 = PRODUCT_DEFINITION_FORMATION_WITH_SPECIFIED_SOURCE ( 'ANY', '', #978, .NOT_KNOWN. ) ;
#662 = ORIENTED_EDGE ( 'NONE', *, *, #1240, .T. ) ;
#663 = EDGE_CURVE ( 'NONE', #216, #13, #338, .T. ) ;
#664 = CARTESIAN_POINT ( 'NONE',  ( 18.75000000000000355, -25.82789014363497060, 3.538727275211126067 ) ) ;
#665 = DIRECTION ( 'NONE',  ( 0.000000000000000000, -0.9848077530122093526, 0.1736481776669232535 ) ) ;
#666 = FACE_OUTER_BOUND ( 'NONE', #1048, .T. ) ;
#667 = ORIENTED_EDGE ( 'NONE', *, *, #535, .F. ) ;
#668 = VERTEX_POINT ( 'NONE', #670 ) ;
#669 = VECTOR ( 'NONE', #348, 1000.000000000000000 ) ;
#670 = CARTESIAN_POINT ( 'NONE',  ( 21.24999999999999645, -33.11546751592533866, 4.823723789946366303 ) ) ;
#671 = DIRECTION ( 'NONE',  ( 0.000000000000000000, -0.9848077530122099077, 0.1736481776669200339 ) ) ;
#672 = CARTESIAN_POINT ( 'NONE',  ( -21.24999999999999645, -38.82687163565633881, 2.378347953572856444 ) ) ;
#673 = AXIS2_PLACEMENT_3D ( 'NONE', #707, #1258, #1137 ) ;
#674 = VERTEX_POINT ( 'NONE', #1222 ) ;
#675 = CARTESIAN_POINT ( 'NONE',  ( 21.24999999999999645, -41.29889182287951144, -41.58678170430250276 ) ) ;
#676 = DIRECTION ( 'NONE',  ( 3.081487911019577365E-33, -0.1736481776669230870, -0.9848077530122093526 ) ) ;
#677 = ORIENTED_EDGE ( 'NONE', *, *, #120, .T. ) ;
#678 = EDGE_CURVE ( 'NONE', #6, #583, #29, .T. ) ;
#679 = DIRECTION ( 'NONE',  ( 0.000000000000000000, 0.8191520442889855813, 0.5735764363510549302 ) ) ;
#680 = CARTESIAN_POINT ( 'NONE',  ( 18.25000000000000000, 28.82942099628242971, -9.551281852144766660 ) ) ;
#681 = EDGE_CURVE ( 'NONE', #286, #1395, #926, .T. ) ;
#682 = DIRECTION ( 'NONE',  ( 0.000000000000000000, -0.1736481776669230592, -0.9848077530122093526 ) ) ;
#683 = EDGE_LOOP ( 'NONE', ( #883, #1260, #903, #115 ) ) ;
#684 = ORIENTED_EDGE ( 'NONE', *, *, #198, .T. ) ;
#685 = AXIS2_PLACEMENT_3D ( 'NONE', #18, #821, #362 ) ;
#686 = CARTESIAN_POINT ( 'NONE',  ( -21.24999999999999645, -34.66213841651042316, 4.690272955241871600 ) ) ;
#687 = DIRECTION ( 'NONE',  ( 0.000000000000000000, 0.9848077530122092416, -0.1736481776669232813 ) ) ;
#688 = CARTESIAN_POINT ( 'NONE',  ( -23.45000000000000284, 29.61678635095240963, -6.237665127436632595 ) ) ;
#689 = ORIENTED_EDGE ( 'NONE', *, *, #1151, .F. ) ;
#690 = ORIENTED_EDGE ( 'NONE', *, *, #53, .F. ) ;
#691 = CARTESIAN_POINT ( 'NONE',  ( -18.74999999999998934, -25.79316050810158600, 3.735688825813570535 ) ) ;
#692 = ADVANCED_FACE ( 'NONE', ( #1099 ), #1374, .F. ) ;
#693 = DIRECTION ( 'NONE',  ( 0.000000000000000000, 0.9848077530122096857, -0.1736481776669208388 ) ) ;
#694 = CARTESIAN_POINT ( 'NONE',  ( -18.25000000000000000, 27.85699120134766105, -15.06620526901313362 ) ) ;
#695 = CARTESIAN_POINT ( 'NONE',  ( -19.74999999999999645, 23.98006878584730117, -4.228333126189573576 ) ) ;
#696 = EDGE_CURVE ( 'NONE', #412, #67, #14, .T. ) ;
#697 = ORIENTED_EDGE ( 'NONE', *, *, #1156, .F. ) ;
#698 = FACE_BOUND ( 'NONE', #654, .T. ) ;
#699 = AXIS2_PLACEMENT_3D ( 'NONE', #1119, #585, #1350 ) ;
#700 = PLANE ( 'NONE',  #819 ) ;
#701 = DIRECTION ( 'NONE',  ( 0.000000000000000000, -0.9848077530122093526, 0.1736481776669229204 ) ) ;
#702 = DIRECTION ( 'NONE',  ( 0.000000000000000000, -0.9848077530122092416, 0.1736481776669231147 ) ) ;
#703 = DIRECTION ( 'NONE',  ( -0.000000000000000000, 0.1736481776669230870, 0.9848077530122093526 ) ) ;
#704 = ORIENTED_EDGE ( 'NONE', *, *, #1303, .F. ) ;
#705 = CARTESIAN_POINT ( 'NONE',  ( -18.25000000000000000, 27.72233824729367058, -4.888196201323879997 ) ) ;
#706 = ORIENTED_EDGE ( 'NONE', *, *, #288, .F. ) ;
#707 = CARTESIAN_POINT ( 'NONE',  ( -19.74999999999999645, 12.70482757432152709, -73.93217410406667511 ) ) ;
#708 = VECTOR ( 'NONE', #1018, 1000.000000000000114 ) ;
#709 = CARTESIAN_POINT ( 'NONE',  ( 21.25000000000000000, 29.50221994658921787, -18.40494445992840511 ) ) ;
#710 = EDGE_LOOP ( 'NONE', ( #1416, #99, #624, #293 ) ) ;
#711 = EDGE_CURVE ( 'NONE', #605, #1266, #270, .T. ) ;
#712 = VERTEX_POINT ( 'NONE', #141 ) ;
#713 = CARTESIAN_POINT ( 'NONE',  ( 18.74999999999999645, 23.84115024371376279, -5.016179328599351450 ) ) ;
#714 = AXIS2_PLACEMENT_3D ( 'NONE', #234, #676, #327 ) ;
#715 = ORIENTED_EDGE ( 'NONE', *, *, #942, .T. ) ;
#716 = VECTOR ( 'NONE', #1334, 1000.000000000000000 ) ;
#717 = CARTESIAN_POINT ( 'NONE',  ( -19.74999999999999645, 12.70482757432152709, -73.93217410406667511 ) ) ;
#718 = CARTESIAN_POINT ( 'NONE',  ( 18.74999999999999645, 23.80642060818037464, -5.213140879201786149 ) ) ;
#719 = CARTESIAN_POINT ( 'NONE',  ( -18.74999999999999645, 24.82595799672596826, -5.189827506266271762 ) ) ;
#720 = ADVANCED_FACE ( 'NONE', ( #1363 ), #657, .T. ) ;
#721 = VERTEX_POINT ( 'NONE', #1094 ) ;
#722 = CARTESIAN_POINT ( 'NONE',  ( -23.45000000000000284, -34.59267914544364686, 5.084196056446754319 ) ) ;
#723 = EDGE_LOOP ( 'NONE', ( #315, #521, #1457, #59 ) ) ;
#724 = SURFACE_STYLE_FILL_AREA ( #1042 ) ;
#725 = DIRECTION ( 'NONE',  ( 1.349979358736814994E-16, -0.9848077530122093526, 0.1736481776669230870 ) ) ;
#726 = CARTESIAN_POINT ( 'NONE',  ( -18.74999999999998934, -26.44208816837782194, 4.662453570356885457 ) ) ;
#727 = LINE ( 'NONE', #930, #1131 ) ;
#728 = EDGE_LOOP ( 'NONE', ( #976, #1336, #322, #984 ) ) ;
#729 = DIRECTION ( 'NONE',  ( 0.000000000000000000, 0.1736481776669230870, 0.9848077530122093526 ) ) ;
#730 = EDGE_LOOP ( 'NONE', ( #604, #662 ) ) ;
#731 = DIRECTION ( 'NONE',  ( 1.000000000000000000, 0.000000000000000000, 0.000000000000000000 ) ) ;
#732 = DIRECTION ( 'NONE',  ( -0.000000000000000000, 0.1736481776669230870, 0.9848077530122093526 ) ) ;
#733 = DIRECTION ( 'NONE',  ( -1.000000000000000000, -1.880459052549384877E-16, 2.350573815686731096E-17 ) ) ;
#734 = VECTOR ( 'NONE', #307, 1000.000000000000000 ) ;
#735 = ORIENTED_EDGE ( 'NONE', *, *, #1281, .F. ) ;
#736 = DIRECTION ( 'NONE',  ( 1.000000000000000000, 0.000000000000000000, 0.000000000000000000 ) ) ;
#737 = VERTEX_POINT ( 'NONE', #259 ) ;
#738 = AXIS2_PLACEMENT_3D ( 'NONE', #463, #352, #774 ) ;
#739 = ADVANCED_FACE ( 'NONE', ( #96 ), #1025, .F. ) ;
#740 = CIRCLE ( 'NONE', #1186, 0.9999999999999995559 ) ;
#741 = AXIS2_PLACEMENT_3D ( 'NONE', #1139, #1280, #257 ) ;
#742 = CARTESIAN_POINT ( 'NONE',  ( -21.25000000000000000, 31.58640185697683833, -6.584961482770480323 ) ) ;
#743 = CARTESIAN_POINT ( 'NONE',  ( 21.24999999999999645, -34.59267914544364686, 5.084196056446748102 ) ) ;
#744 = DIRECTION ( 'NONE',  ( 0.000000000000000000, -0.9848077530122093526, 0.1736481776669230592 ) ) ;
#745 = VERTEX_POINT ( 'NONE', #1332 ) ;
#746 = EDGE_CURVE ( 'NONE', #459, #499, #102, .T. ) ;
#747 = ORIENTED_EDGE ( 'NONE', *, *, #1117, .F. ) ;
#748 = ADVANCED_FACE ( 'NONE', ( #332 ), #1439, .F. ) ;
#749 = CARTESIAN_POINT ( 'NONE',  ( 21.24999999999999645, -35.18308294951117432, 1.735849696205250758 ) ) ;
#750 = CARTESIAN_POINT ( 'NONE',  ( 18.44999999999999218, 29.79043452861933616, -5.252857374424423575 ) ) ;
#751 = CARTESIAN_POINT ( 'NONE',  ( 21.25000000000000000, 31.58640185697683833, -6.584961482770480323 ) ) ;
#752 = AXIS2_PLACEMENT_3D ( 'NONE', #920, #564, #693 ) ;
#753 = EDGE_LOOP ( 'NONE', ( #1162, #1002, #1409, #341 ) ) ;
#754 = VERTEX_POINT ( 'NONE', #691 ) ;
#755 = CARTESIAN_POINT ( 'NONE',  ( -19.74999999999999645, 24.82595799672596826, -5.189827506266272650 ) ) ;
#756 = DIRECTION ( 'NONE',  ( 0.7071067811865505703, -0.1227878039689683509, -0.6963642403200166475 ) ) ;
#757 = CARTESIAN_POINT ( 'NONE',  ( -23.45000000000000284, -34.59267914544364686, 5.084196056446754319 ) ) ;
#758 = CIRCLE ( 'NONE', #1033, 0.9999999999999995559 ) ;
#759 = EDGE_LOOP ( 'NONE', ( #407, #608 ) ) ;
#760 = ADVANCED_FACE ( 'NONE', ( #698, #772, #1216, #217 ), #910, .T. ) ;
#761 = CONICAL_SURFACE ( 'NONE', #105, 1.000000000000002887, 0.7853981633974477239 ) ;
#762 = PRODUCT_DEFINITION_SHAPE ( 'NONE', 'NONE',  #1200 ) ;
#763 = VERTEX_POINT ( 'NONE', #250 ) ;
#764 = CARTESIAN_POINT ( 'NONE',  ( -18.44999999999999929, 29.61678635095240963, -6.237665127436632595 ) ) ;
#765 = VECTOR ( 'NONE', #219, 1000.000000000000114 ) ;
#766 = LINE ( 'NONE', #111, #252 ) ;
#767 = CIRCLE ( 'NONE', #741, 1.000000000000002887 ) ;
#768 = DIRECTION ( 'NONE',  ( -0.000000000000000000, 0.1736481776669230870, 0.9848077530122093526 ) ) ;
#769 = ORIENTED_EDGE ( 'NONE', *, *, #607, .T. ) ;
#770 = EDGE_CURVE ( 'NONE', #646, #449, #222, .T. ) ;
#771 = ORIENTED_EDGE ( 'NONE', *, *, #1127, .F. ) ;
#772 = FACE_BOUND ( 'NONE', #730, .T. ) ;
#773 = FACE_BOUND ( 'NONE', #639, .T. ) ;
#774 = DIRECTION ( 'NONE',  ( 0.000000000000000000, 0.9848077530122096857, -0.1736481776669214494 ) ) ;
#775 = EDGE_LOOP ( 'NONE', ( #356, #1454, #75, #1353 ) ) ;
#776 = ORIENTED_EDGE ( 'NONE', *, *, #1231, .T. ) ;
#777 = DIRECTION ( 'NONE',  ( 0.000000000000000000, -0.9848077530122093526, 0.1736481776669230870 ) ) ;
#778 = CARTESIAN_POINT ( 'NONE',  ( 18.25000000000000000, 29.43718961811665835, -6.104454716602049302 ) ) ;
#779 = DIRECTION ( 'NONE',  ( 1.000000000000000000, 0.000000000000000000, 0.000000000000000000 ) ) ;
#780 = ORIENTED_EDGE ( 'NONE', *, *, #422, .F. ) ;
#781 = ORIENTED_EDGE ( 'NONE', *, *, #528, .F. ) ;
#782 = AXIS2_PLACEMENT_3D ( 'NONE', #992, #482, #592 ) ;
#783 = EDGE_CURVE ( 'NONE', #1017, #875, #201, .T. ) ;
#784 = CARTESIAN_POINT ( 'NONE',  ( 21.25000000000000000, 30.99599805290929666, -9.933307843011998983 ) ) ;
#785 = DIRECTION ( 'NONE',  ( 0.000000000000000000, 0.1736481776669230592, 0.9848077530122093526 ) ) ;
#786 = VECTOR ( 'NONE', #51, 1000.000000000000114 ) ;
#787 = VERTEX_POINT ( 'NONE', #705 ) ;
#788 = VERTEX_POINT ( 'NONE', #1398 ) ;
#789 = ADVANCED_FACE ( 'NONE', ( #841 ), #1277, .F. ) ;
#790 = COLOUR_RGB ( '',0.7921568627450980005, 0.8196078431372548767, 0.9333333333333333481 ) ;
#791 = DIRECTION ( 'NONE',  ( 1.000000000000000000, -0.000000000000000000, 0.000000000000000000 ) ) ;
#792 = CYLINDRICAL_SURFACE ( 'NONE', #714, 0.9999999999999992228 ) ;
#793 = DIRECTION ( 'NONE',  ( -1.349979358736814994E-16, 0.9848077530122093526, -0.1736481776669230870 ) ) ;
#794 = VERTEX_POINT ( 'NONE', #516 ) ;
#795 = EDGE_LOOP ( 'NONE', ( #537, #1399, #1152, #862 ) ) ;
#796 = DIRECTION ( 'NONE',  ( -0.000000000000000000, 0.1736481776669228649, 0.9848077530122093526 ) ) ;
#797 = LINE ( 'NONE', #672, #1342 ) ;
#798 = DIRECTION ( 'NONE',  ( 0.000000000000000000, -0.1736481776669232813, -0.9848077530122092416 ) ) ;
#799 = ORIENTED_EDGE ( 'NONE', *, *, #398, .F. ) ;
#800 = ADVANCED_FACE ( 'NONE', ( #1150 ), #1294, .F. ) ;
#801 = VERTEX_POINT ( 'NONE', #1407 ) ;
#802 = DIRECTION ( 'NONE',  ( -0.7071067811865449082, -0.1227878039689632300, -0.6963642403200234199 ) ) ;
#803 = VECTOR ( 'NONE', #410, 1000.000000000000000 ) ;
#804 = CARTESIAN_POINT ( 'NONE',  ( -18.25000000000000000, 29.43718961811665835, -6.104454716602049302 ) ) ;
#805 = DIRECTION ( 'NONE',  ( 0.000000000000000000, -0.9848077530122092416, 0.1736481776669232813 ) ) ;
#806 = CARTESIAN_POINT ( 'NONE',  ( -18.25000000000000000, 28.84179895435987362, -15.23985344668005659 ) ) ;
#807 = ORIENTED_EDGE ( 'NONE', *, *, #306, .F. ) ;
#808 = AXIS2_PLACEMENT_3D ( 'NONE', #195, #643, #1095 ) ;
#809 = AXIS2_PLACEMENT_3D ( 'NONE', #1405, #1037, #1371 ) ;
#810 = ORIENTED_EDGE ( 'NONE', *, *, #828, .F. ) ;
#811 = CARTESIAN_POINT ( 'NONE',  ( 14.25000000000000178, 31.58640185697683123, -6.584961482770478547 ) ) ;
#812 = CARTESIAN_POINT ( 'NONE',  ( 23.44999999999999929, 29.61678635095241319, -6.237665127436632595 ) ) ;
#813 = CARTESIAN_POINT ( 'NONE',  ( -21.25000000000000000, 30.99599805290929666, -9.933307843011998983 ) ) ;
#814 = CARTESIAN_POINT ( 'NONE',  ( -18.25000000000000000, 30.42199737112887092, -6.278102894268974055 ) ) ;
#815 = ORIENTED_EDGE ( 'NONE', *, *, #977, .F. ) ;
#816 = ORIENTED_EDGE ( 'NONE', *, *, #1281, .T. ) ;
#817 = CARTESIAN_POINT ( 'NONE',  ( -18.74999999999999645, 24.82595799672596826, -5.189827506266271762 ) ) ;
#818 = ORIENTED_EDGE ( 'NONE', *, *, #1422, .F. ) ;
#819 = AXIS2_PLACEMENT_3D ( 'NONE', #911, #927, #593 ) ;
#820 = DIRECTION ( 'NONE',  ( 1.000000000000000000, -0.000000000000000000, 0.000000000000000000 ) ) ;
#821 = DIRECTION ( 'NONE',  ( -0.000000000000000000, 0.1736481776669230870, 0.9848077530122093526 ) ) ;
#822 = CARTESIAN_POINT ( 'NONE',  ( 18.25000000000000000, 30.42199737112887092, -6.278102894268974055 ) ) ;
#823 = ORIENTED_EDGE ( 'NONE', *, *, #181, .F. ) ;
#824 = DIRECTION ( 'NONE',  ( 0.000000000000000000, -0.9848077530122099077, 0.1736481776669197563 ) ) ;
#825 = ORIENTED_EDGE ( 'NONE', *, *, #913, .T. ) ;
#826 = DIRECTION ( 'NONE',  ( -0.000000000000000000, -0.1736481776669230870, -0.9848077530122093526 ) ) ;
#827 = VECTOR ( 'NONE', #802, 999.9999999999998863 ) ;
#828 = EDGE_CURVE ( 'NONE', #1406, #215, #40, .T. ) ;
#829 = PLANE ( 'NONE',  #159 ) ;
#830 = LINE ( 'NONE', #1148, #302 ) ;
#831 = ORIENTED_EDGE ( 'NONE', *, *, #572, .F. ) ;
#832 = EDGE_CURVE ( 'NONE', #955, #990, #156, .T. ) ;
#833 = CARTESIAN_POINT ( 'NONE',  ( 18.75000000000000355, -24.66943421295583860, 4.349886850556428541 ) ) ;
#834 = VECTOR ( 'NONE', #71, 1000.000000000000114 ) ;
#835 = ORIENTED_EDGE ( 'NONE', *, *, #607, .F. ) ;
#836 = ADVANCED_FACE ( 'NONE', ( #939 ), #948, .F. ) ;
#837 = FACE_OUTER_BOUND ( 'NONE', #1320, .T. ) ;
#838 = DIRECTION ( 'NONE',  ( -0.000000000000000000, 0.1736481776669230870, 0.9848077530122093526 ) ) ;
#839 = PLANE ( 'NONE',  #809 ) ;
#840 = EDGE_LOOP ( 'NONE', ( #413, #169, #1247, #419 ) ) ;
#841 = FACE_OUTER_BOUND ( 'NONE', #882, .T. ) ;
#842 = ORIENTED_EDGE ( 'NONE', *, *, #1091, .F. ) ;
#843 =( LENGTH_UNIT ( ) NAMED_UNIT ( * ) SI_UNIT ( .MILLI., .METRE. ) );
#844 = CARTESIAN_POINT ( 'NONE',  ( -21.24999999999999645, -38.30592710265556633, 5.332771212609482170 ) ) ;
#845 = LINE ( 'NONE', #1287, #109 ) ;
#846 = DIRECTION ( 'NONE',  ( -3.081487911019577365E-33, 0.1736481776669230870, 0.9848077530122093526 ) ) ;
#847 = ORIENTED_EDGE ( 'NONE', *, *, #1401, .F. ) ;
#848 = CARTESIAN_POINT ( 'NONE',  ( -23.45000000000000284, -34.59267914544364686, 5.084196056446754319 ) ) ;
#849 = EDGE_CURVE ( 'NONE', #80, #42, #400, .T. ) ;
#850 = ORIENTED_EDGE ( 'NONE', *, *, #892, .F. ) ;
#851 = CARTESIAN_POINT ( 'NONE',  ( 21.24999999999999645, -38.30592710265555212, 5.332771212609479505 ) ) ;
#852 = EDGE_CURVE ( 'NONE', #193, #794, #66, .T. ) ;
#853 = CARTESIAN_POINT ( 'NONE',  ( 14.25000000000000178, 29.50221994658921076, -18.40494445992840156 ) ) ;
#854 = FACE_OUTER_BOUND ( 'NONE', #47, .T. ) ;
#855 = ORIENTED_EDGE ( 'NONE', *, *, #143, .F. ) ;
#856 = VERTEX_POINT ( 'NONE', #1283 ) ;
#857 = VECTOR ( 'NONE', #429, 1000.000000000000114 ) ;
#858 = AXIS2_PLACEMENT_3D ( 'NONE', #418, #1288, #204 ) ;
#859 = CARTESIAN_POINT ( 'NONE',  ( -18.25000000000000000, 29.43718961811665835, -6.104454716602049302 ) ) ;
#860 = CARTESIAN_POINT ( 'NONE',  ( 21.24999999999999645, -41.29889182287951144, -41.58678170430250276 ) ) ;
#861 = LINE ( 'NONE', #1421, #367 ) ;
#862 = ORIENTED_EDGE ( 'NONE', *, *, #1026, .T. ) ;
#863 = VERTEX_POINT ( 'NONE', #599 ) ;
#864 = DIRECTION ( 'NONE',  ( 0.000000000000000000, -0.9848077530122093526, 0.1736481776669230592 ) ) ;
#865 = EDGE_CURVE ( 'NONE', #1067, #567, #272, .T. ) ;
#866 = CYLINDRICAL_SURFACE ( 'NONE', #557, 5.000000000000007994 ) ;
#867 = CARTESIAN_POINT ( 'NONE',  ( 21.25000000000000000, 26.07195928784824446, -9.065066954677380551 ) ) ;
#868 = ORIENTED_EDGE ( 'NONE', *, *, #4, .T. ) ;
#869 = ORIENTED_EDGE ( 'NONE', *, *, #187, .F. ) ;
#870 = FACE_OUTER_BOUND ( 'NONE', #995, .T. ) ;
#871 = CARTESIAN_POINT ( 'NONE',  ( -18.25000000000000000, 29.59347297801689081, -5.218127738891038980 ) ) ;
#872 = LINE ( 'NONE', #631, #110 ) ;
#873 = EDGE_CURVE ( 'NONE', #6, #449, #433, .T. ) ;
#874 = VECTOR ( 'NONE', #281, 1000.000000000000000 ) ;
#875 = VERTEX_POINT ( 'NONE', #1168 ) ;
#876 = AXIS2_PLACEMENT_3D ( 'NONE', #121, #1007, #702 ) ;
#877 = EDGE_LOOP ( 'NONE', ( #855, #947, #1107, #130 ) ) ;
#878 = PLANE ( 'NONE',  #782 ) ;
#879 = DIRECTION ( 'NONE',  ( 1.000000000000000000, 0.000000000000000000, 0.000000000000000000 ) ) ;
#880 = CONICAL_SURFACE ( 'NONE', #35, 1.000000000000002887, 0.7853981633974477239 ) ;
#881 = CARTESIAN_POINT ( 'NONE',  ( 14.25000000000000178, 26.66236309191578613, -5.716720594435863667 ) ) ;
#882 = EDGE_LOOP ( 'NONE', ( #163, #1323, #684, #1083, #597, #747 ) ) ;
#883 = ORIENTED_EDGE ( 'NONE', *, *, #224, .F. ) ;
#884 = DIRECTION ( 'NONE',  ( -1.000000000000000000, 0.000000000000000000, -0.000000000000000000 ) ) ;
#885 = DIRECTION ( 'NONE',  ( 0.000000000000000000, -0.9848077530122094636, 0.1736481776669225319 ) ) ;
#886 = DIRECTION ( 'NONE',  ( 0.000000000000000000, -0.9848077530122093526, 0.1736481776669231147 ) ) ;
#887 = ORIENTED_EDGE ( 'NONE', *, *, #1449, .F. ) ;
#888 = ORIENTED_EDGE ( 'NONE', *, *, #1105, .F. ) ;
#889 = ADVANCED_FACE ( 'NONE', ( #498 ), #761, .F. ) ;
#890 = FACE_OUTER_BOUND ( 'NONE', #753, .T. ) ;
#891 = FACE_OUTER_BOUND ( 'NONE', #220, .T. ) ;
#892 = EDGE_CURVE ( 'NONE', #67, #745, #164, .T. ) ;
#893 = ORIENTED_EDGE ( 'NONE', *, *, #977, .T. ) ;
#894 = EDGE_CURVE ( 'NONE', #1149, #968, #623, .T. ) ;
#895 = VECTOR ( 'NONE', #1255, 1000.000000000000000 ) ;
#896 = APPLICATION_CONTEXT ( 'automotive_design' ) ;
#897 = LINE ( 'NONE', #812, #1001 ) ;
#898 = DIRECTION ( 'NONE',  ( -0.7071067811865500152, 0.1227878039689671852, 0.6963642403200174247 ) ) ;
#899 = VECTOR ( 'NONE', #725, 1000.000000000000000 ) ;
#900 = FACE_OUTER_BOUND ( 'NONE', #723, .T. ) ;
#901 = ORIENTED_EDGE ( 'NONE', *, *, #1058, .F. ) ;
#902 = VECTOR ( 'NONE', #351, 1000.000000000000000 ) ;
#903 = ORIENTED_EDGE ( 'NONE', *, *, #569, .F. ) ;
#904 = FACE_OUTER_BOUND ( 'NONE', #1431, .T. ) ;
#905 = LINE ( 'NONE', #112, #765 ) ;
#906 = EDGE_CURVE ( 'NONE', #240, #412, #1249, .T. ) ;
#907 = CARTESIAN_POINT ( 'NONE',  ( -21.44999999999999574, -39.03524944885664638, 1.196578649958210727 ) ) ;
#908 = ORIENTED_EDGE ( 'NONE', *, *, #528, .T. ) ;
#909 = EDGE_LOOP ( 'NONE', ( #950, #94, #690, #941, #401, #324 ) ) ;
#910 = PLANE ( 'NONE',  #620 ) ;
#911 = CARTESIAN_POINT ( 'NONE',  ( 0.000000000000000000, -0.7640519817344623155, -4.333154113253721462 ) ) ;
#912 = CARTESIAN_POINT ( 'NONE',  ( -21.25000000000000000, 29.50221994658921787, -18.40494445992840511 ) ) ;
#913 = EDGE_CURVE ( 'NONE', #737, #745, #25, .T. ) ;
#914 = CARTESIAN_POINT ( 'NONE',  ( -18.44999999999999929, 34.54082511601345828, -7.105906015771249251 ) ) ;
#915 = ORIENTED_EDGE ( 'NONE', *, *, #1459, .T. ) ;
#916 = ADVANCED_FACE ( 'NONE', ( #1347 ), #488, .F. ) ;
#917 = FACE_OUTER_BOUND ( 'NONE', #1167, .T. ) ;
#918 = CIRCLE ( 'NONE', #989, 1.000000000000002887 ) ;
#919 = VECTOR ( 'NONE', #1412, 1000.000000000000000 ) ;
#920 = CARTESIAN_POINT ( 'NONE',  ( 18.75000000000000355, -36.92948317749381459, -65.18030594965375712 ) ) ;
#921 = CARTESIAN_POINT ( 'NONE',  ( -18.74999999999999645, 23.98006878584730117, -4.228333126189578017 ) ) ;
#922 = LINE ( 'NONE', #1138, #477 ) ;
#923 = CARTESIAN_POINT ( 'NONE',  ( 18.75000000000000355, -25.79316050810158600, 3.735688825813570535 ) ) ;
#924 = VECTOR ( 'NONE', #987, 1000.000000000000114 ) ;
#925 = ORIENTED_EDGE ( 'NONE', *, *, #1202, .T. ) ;
#926 = LINE ( 'NONE', #811, #708 ) ;
#927 = DIRECTION ( 'NONE',  ( -0.000000000000000000, 0.1736481776669233090, 0.9848077530122093526 ) ) ;
#928 = LINE ( 'NONE', #813, #63 ) ;
#929 = CARTESIAN_POINT ( 'NONE',  ( 23.44999999999999929, -34.59267914544364686, 5.084196056446754319 ) ) ;
#930 = CARTESIAN_POINT ( 'NONE',  ( -18.25000000000000000, 26.87218344833544847, -14.89255709134621064 ) ) ;
#931 = ORIENTED_EDGE ( 'NONE', *, *, #134, .F. ) ;
#932 = DIRECTION ( 'NONE',  ( 0.000000000000000000, 0.1736481776669230870, 0.9848077530122093526 ) ) ;
#933 = ORIENTED_EDGE ( 'NONE', *, *, #1026, .F. ) ;
#934 = EDGE_CURVE ( 'NONE', #310, #1017, #1022, .T. ) ;
#935 = DIRECTION ( 'NONE',  ( 3.081487911019577365E-33, -0.1736481776669230870, -0.9848077530122093526 ) ) ;
#936 = DIRECTION ( 'NONE',  ( -0.000000000000000000, 0.9848077530122092416, -0.1736481776669233368 ) ) ;
#937 = CARTESIAN_POINT ( 'NONE',  ( -21.24999999999999645, -33.11546751592531024, 4.823723789946367191 ) ) ;
#938 = EDGE_LOOP ( 'NONE', ( #1219, #975, #1359, #1349 ) ) ;
#939 = FACE_OUTER_BOUND ( 'NONE', #1209, .T. ) ;
#940 = EDGE_CURVE ( 'NONE', #674, #384, #470, .T. ) ;
#941 = ORIENTED_EDGE ( 'NONE', *, *, #41, .F. ) ;
#942 = EDGE_CURVE ( 'NONE', #381, #1017, #1236, .T. ) ;
#943 = CARTESIAN_POINT ( 'NONE',  ( -21.24999999999999645, -35.18308294951117432, 1.735849696205250758 ) ) ;
#944 = CIRCLE ( 'NONE', #876, 1.800000000000000044 ) ;
#945 = CARTESIAN_POINT ( 'NONE',  ( 21.25000000000000000, 29.50221994658921787, -18.40494445992840511 ) ) ;
#946 = FACE_OUTER_BOUND ( 'NONE', #1124, .T. ) ;
#947 = ORIENTED_EDGE ( 'NONE', *, *, #444, .T. ) ;
#948 = PLANE ( 'NONE',  #475 ) ;
#949 = VECTOR ( 'NONE', #966, 1000.000000000000000 ) ;
#950 = ORIENTED_EDGE ( 'NONE', *, *, #1444, .T. ) ;
#951 = DIRECTION ( 'NONE',  ( -1.000000000000000000, 0.000000000000000000, 0.000000000000000000 ) ) ;
#952 = LINE ( 'NONE', #1051, #395 ) ;
#953 = ORIENTED_EDGE ( 'NONE', *, *, #1207, .F. ) ;
#954 = EDGE_CURVE ( 'NONE', #161, #614, #922, .T. ) ;
#955 = VERTEX_POINT ( 'NONE', #814 ) ;
#956 = CARTESIAN_POINT ( 'NONE',  ( -21.24999999999999645, -42.77610345239782674, -41.32630943780211652 ) ) ;
#957 = CIRCLE ( 'NONE', #330, 1.900000000000024114 ) ;
#958 = DIRECTION ( 'NONE',  ( 0.000000000000000000, -0.9848077530122094636, 0.1736481776669225319 ) ) ;
#959 = DIRECTION ( 'NONE',  ( 0.000000000000000000, -0.9848077530122101297, 0.1736481776669189236 ) ) ;
#960 = CARTESIAN_POINT ( 'NONE',  ( -21.25000000000000000, 26.66236309191578968, -5.716720594435862779 ) ) ;
#961 = EDGE_CURVE ( 'NONE', #1377, #248, #596, .T. ) ;
#962 = VERTEX_POINT ( 'NONE', #262 ) ;
#963 = EDGE_LOOP ( 'NONE', ( #1290, #457, #1118, #317 ) ) ;
#964 = CARTESIAN_POINT ( 'NONE',  ( 21.24999999999999645, -38.82687163565634592, 2.378347953572863993 ) ) ;
#965 = FACE_OUTER_BOUND ( 'NONE', #481, .T. ) ;
#966 = DIRECTION ( 'NONE',  ( -0.7071067811865486830, 0.1227878039689680179, 0.6963642403200186459 ) ) ;
#967 = VERTEX_POINT ( 'NONE', #1358 ) ;
#968 = VERTEX_POINT ( 'NONE', #929 ) ;
#969 = ADVANCED_FACE ( 'NONE', ( #464 ), #581, .F. ) ;
#970 = VECTOR ( 'NONE', #805, 1000.000000000000114 ) ;
#971 = VECTOR ( 'NONE', #513, 1000.000000000000000 ) ;
#972 = LINE ( 'NONE', #1428, #1225 ) ;
#973 = FACE_OUTER_BOUND ( 'NONE', #471, .T. ) ;
#974 = DIRECTION ( 'NONE',  ( -0.000000000000000000, 0.1736481776669233090, 0.9848077530122093526 ) ) ;
#975 = ORIENTED_EDGE ( 'NONE', *, *, #1221, .F. ) ;
#976 = ORIENTED_EDGE ( 'NONE', *, *, #500, .F. ) ;
#977 = EDGE_CURVE ( 'NONE', #712, #856, #944, .T. ) ;
#978 = PRODUCT ( 'ThermallerDisplayCover', 'ThermallerDisplayCover', '', ( #616 ) ) ;
#979 = CARTESIAN_POINT ( 'NONE',  ( 18.75000000000000000, -25.82789014363496705, 3.538727275211135392 ) ) ;
#980 = LINE ( 'NONE', #319, #924 ) ;
#981 = FACE_OUTER_BOUND ( 'NONE', #1055, .T. ) ;
#982 = EDGE_CURVE ( 'NONE', #1395, #541, #147, .T. ) ;
#983 = EDGE_LOOP ( 'NONE', ( #1004, #1438, #1453, #1427 ) ) ;
#984 = ORIENTED_EDGE ( 'NONE', *, *, #198, .F. ) ;
#985 = EDGE_CURVE ( 'NONE', #13, #955, #1147, .T. ) ;
#986 = CARTESIAN_POINT ( 'NONE',  ( -18.74999999999998934, -24.66943421295583860, 4.349886850556422324 ) ) ;
#987 = DIRECTION ( 'NONE',  ( -0.000000000000000000, 0.1736481776669230592, 0.9848077530122093526 ) ) ;
#988 = PLANE ( 'NONE',  #205 ) ;
#989 = AXIS2_PLACEMENT_3D ( 'NONE', #859, #1411, #958 ) ;
#990 = VERTEX_POINT ( 'NONE', #1121 ) ;
#991 = EDGE_LOOP ( 'NONE', ( #1233, #1053, #997, #1077 ) ) ;
#992 = CARTESIAN_POINT ( 'NONE',  ( 21.25000000000000000, 24.57818118152816567, -17.53670357159378668 ) ) ;
#993 = LINE ( 'NONE', #1338, #857 ) ;
#994 = CARTESIAN_POINT ( 'NONE',  ( -18.74999999999998934, -36.92948317749381459, -65.18030594965375712 ) ) ;
#995 = EDGE_LOOP ( 'NONE', ( #677, #264, #925, #771 ) ) ;
#996 = ADVANCED_FACE ( 'NONE', ( #1016 ), #3, .T. ) ;
#997 = ORIENTED_EDGE ( 'NONE', *, *, #422, .T. ) ;
#998 = ADVANCED_FACE ( 'NONE', ( #1264 ), #476, .F. ) ;
#999 = PLANE ( 'NONE',  #808 ) ;
#1000 = DIRECTION ( 'NONE',  ( 0.000000000000000000, 0.1736481776669230870, 0.9848077530122093526 ) ) ;
#1001 = VECTOR ( 'NONE', #125, 1000.000000000000000 ) ;
#1002 = ORIENTED_EDGE ( 'NONE', *, *, #50, .F. ) ;
#1003 =( GEOMETRIC_REPRESENTATION_CONTEXT ( 3 ) GLOBAL_UNCERTAINTY_ASSIGNED_CONTEXT ( ( #517 ) ) GLOBAL_UNIT_ASSIGNED_CONTEXT ( ( #843, #43, #393 ) ) REPRESENTATION_CONTEXT ( 'NONE', 'WORKASPACE' ) );
#1004 = ORIENTED_EDGE ( 'NONE', *, *, #985, .F. ) ;
#1005 = DIRECTION ( 'NONE',  ( 0.000000000000000000, -0.5735764363510517105, 0.8191520442889878018 ) ) ;
#1006 = LINE ( 'NONE', #340, #184 ) ;
#1007 = DIRECTION ( 'NONE',  ( -0.000000000000000000, -0.1736481776669230870, -0.9848077530122093526 ) ) ;
#1008 = ORIENTED_EDGE ( 'NONE', *, *, #1044, .T. ) ;
#1009 = AXIS2_PLACEMENT_3D ( 'NONE', #90, #1179, #530 ) ;
#1010 = ORIENTED_EDGE ( 'NONE', *, *, #355, .T. ) ;
#1011 = VECTOR ( 'NONE', #45, 1000.000000000000000 ) ;
#1012 = EDGE_CURVE ( 'NONE', #240, #856, #1253, .T. ) ;
#1013 = LINE ( 'NONE', #1020, #146 ) ;
#1014 = CARTESIAN_POINT ( 'NONE',  ( 19.75000000000000000, 23.80642060818037464, -5.213140879201787037 ) ) ;
#1015 = VECTOR ( 'NONE', #1452, 1000.000000000000114 ) ;
#1016 = FACE_OUTER_BOUND ( 'NONE', #1141, .T. ) ;
#1017 = VERTEX_POINT ( 'NONE', #268 ) ;
#1018 = DIRECTION ( 'NONE',  ( -0.000000000000000000, 0.9848077530122093526, -0.1736481776669231147 ) ) ;
#1019 = ADVANCED_FACE ( 'NONE', ( #900 ), #574, .T. ) ;
#1020 = CARTESIAN_POINT ( 'NONE',  ( -18.74999999999998934, -26.44208816837782194, 4.662453570356885457 ) ) ;
#1021 = CYLINDRICAL_SURFACE ( 'NONE', #738, 0.9999999999999992228 ) ;
#1022 = LINE ( 'NONE', #1259, #1206 ) ;
#1023 = ORIENTED_EDGE ( 'NONE', *, *, #894, .F. ) ;
#1024 = ORIENTED_EDGE ( 'NONE', *, *, #1444, .F. ) ;
#1025 = PLANE ( 'NONE',  #1269 ) ;
#1026 = EDGE_CURVE ( 'NONE', #763, #875, #1244, .T. ) ;
#1027 = DIRECTION ( 'NONE',  ( 0.000000000000000000, 0.000000000000000000, -1.000000000000000000 ) ) ;
#1028 = CARTESIAN_POINT ( 'NONE',  ( -18.44999999999999929, 34.54082511601345828, -7.105906015771249251 ) ) ;
#1029 = DIRECTION ( 'NONE',  ( -1.000000000000000000, 0.000000000000000000, 0.000000000000000000 ) ) ;
#1030 = DIRECTION ( 'NONE',  ( -0.000000000000000000, 0.1736481776669228649, 0.9848077530122093526 ) ) ;
#1031 = VERTEX_POINT ( 'NONE', #1279 ) ;
#1032 = DIRECTION ( 'NONE',  ( -0.000000000000000000, 0.1736481776669232813, 0.9848077530122093526 ) ) ;
#1033 = AXIS2_PLACEMENT_3D ( 'NONE', #318, #76, #415 ) ;
#1034 = DIRECTION ( 'NONE',  ( 0.000000000000000000, -0.9848077530122093526, 0.1736481776669230870 ) ) ;
#1035 = DIRECTION ( 'NONE',  ( -0.000000000000000000, 0.1736481776669230870, 0.9848077530122093526 ) ) ;
#1036 = DIRECTION ( 'NONE',  ( 0.000000000000000000, -0.9848077530122093526, 0.1736481776669230870 ) ) ;
#1037 = DIRECTION ( 'NONE',  ( 1.000000000000000000, 1.329470138890466112E-16, -2.344214555326093431E-17 ) ) ;
#1038 = EDGE_CURVE ( 'NONE', #1104, #459, #630, .T. ) ;
#1039 = AXIS2_PLACEMENT_3D ( 'NONE', #871, #545, #1211 ) ;
#1040 = ORIENTED_EDGE ( 'NONE', *, *, #1423, .F. ) ;
#1041 = DIRECTION ( 'NONE',  ( 0.000000000000000000, -0.9848077530122094636, 0.1736481776669225319 ) ) ;
#1042 = FILL_AREA_STYLE ('',( #1270 ) ) ;
#1043 = CARTESIAN_POINT ( 'NONE',  ( -20.54999999999998650, -24.66943421295583150, 4.349886850556421436 ) ) ;
#1044 = EDGE_CURVE ( 'NONE', #248, #737, #30, .T. ) ;
#1045 = DIRECTION ( 'NONE',  ( 1.000000000000000000, 0.000000000000000000, 0.000000000000000000 ) ) ;
#1046 = CARTESIAN_POINT ( 'NONE',  ( -18.74999999999998934, -25.65424196596804762, 4.523535028223351517 ) ) ;
#1047 = ADVANCED_FACE ( 'NONE', ( #519 ), #1393, .F. ) ;
#1048 = EDGE_LOOP ( 'NONE', ( #780, #175, #140, #1122 ) ) ;
#1049 = DIRECTION ( 'NONE',  ( -0.000000000000000000, 0.1736481776669198951, 0.9848077530122099077 ) ) ;
#1050 = DIRECTION ( 'NONE',  ( 3.081487911019577365E-33, -0.1736481776669230870, -0.9848077530122093526 ) ) ;
#1051 = CARTESIAN_POINT ( 'NONE',  ( -21.24999999999999645, -34.66213841651042316, 4.690272955241871600 ) ) ;
#1052 = CYLINDRICAL_SURFACE ( 'NONE', #135, 1.000000000000002887 ) ;
#1053 = ORIENTED_EDGE ( 'NONE', *, *, #1127, .T. ) ;
#1054 = CARTESIAN_POINT ( 'NONE',  ( 0.000000000000000000, -0.7640519817344623155, -4.333154113253721462 ) ) ;
#1055 = EDGE_LOOP ( 'NONE', ( #1424, #49, #810, #93 ) ) ;
#1056 = APPLICATION_PROTOCOL_DEFINITION ( 'draft international standard', 'automotive_design', 1998, #1116 ) ;
#1057 = VECTOR ( 'NONE', #48, 1000.000000000000000 ) ;
#1058 = EDGE_CURVE ( 'NONE', #801, #754, #434, .T. ) ;
#1059 = CARTESIAN_POINT ( 'NONE',  ( 21.25000000000000000, 26.66236309191578613, -5.716720594435862779 ) ) ;
#1060 = AXIS2_PLACEMENT_3D ( 'NONE', #860, #524, #183 ) ;
#1061 = CARTESIAN_POINT ( 'NONE',  ( -23.45000000000000284, -34.41903096777672033, 6.069003809458963339 ) ) ;
#1062 = DIRECTION ( 'NONE',  ( -0.000000000000000000, 0.1736481776669230870, 0.9848077530122093526 ) ) ;
#1063 = ORIENTED_EDGE ( 'NONE', *, *, #232, .F. ) ;
#1064 = DIRECTION ( 'NONE',  ( 0.000000000000000000, 0.000000000000000000, -1.000000000000000000 ) ) ;
#1065 = VECTOR ( 'NONE', #238, 1000.000000000000000 ) ;
#1066 = CIRCLE ( 'NONE', #534, 1.000000000000002887 ) ;
#1067 = VERTEX_POINT ( 'NONE', #1069 ) ;
#1068 = CARTESIAN_POINT ( 'NONE',  ( -18.44999999999999929, -33.11546751592531024, 4.823723789946367191 ) ) ;
#1069 = CARTESIAN_POINT ( 'NONE',  ( -21.24999999999999645, -38.82687163565631749, 2.378347953572859996 ) ) ;
#1070 = DIRECTION ( 'NONE',  ( 0.000000000000000000, -0.9848077530122094636, 0.1736481776669225319 ) ) ;
#1071 = ORIENTED_EDGE ( 'NONE', *, *, #57, .F. ) ;
#1072 = ORIENTED_EDGE ( 'NONE', *, *, #1392, .F. ) ;
#1073 = CONICAL_SURFACE ( 'NONE', #377, 1.800000000000000044, 0.7853981633974511656 ) ;
#1074 = CARTESIAN_POINT ( 'NONE',  ( 21.25000000000000000, 31.58640185697683833, -6.584961482770480323 ) ) ;
#1075 = DIRECTION ( 'NONE',  ( -1.000000000000000000, -0.000000000000000000, -0.000000000000000000 ) ) ;
#1076 = DIRECTION ( 'NONE',  ( -0.000000000000000000, 0.1736481776669230870, 0.9848077530122093526 ) ) ;
#1077 = ORIENTED_EDGE ( 'NONE', *, *, #1289, .F. ) ;
#1078 = EDGE_LOOP ( 'NONE', ( #304, #1010, #1214, #1331 ) ) ;
#1079 = PLANE ( 'NONE',  #1009 ) ;
#1080 = LINE ( 'NONE', #658, #277 ) ;
#1081 = DIRECTION ( 'NONE',  ( 0.000000000000000000, 0.9848077530122092416, -0.1736481776669232813 ) ) ;
#1082 = AXIS2_PLACEMENT_3D ( 'NONE', #466, #1125, #1135 ) ;
#1083 = ORIENTED_EDGE ( 'NONE', *, *, #1303, .T. ) ;
#1084 = EDGE_CURVE ( 'NONE', #788, #1183, #1165, .T. ) ;
#1085 = EDGE_LOOP ( 'NONE', ( #427, #131, #869, #831 ) ) ;
#1086 = AXIS2_PLACEMENT_3D ( 'NONE', #1111, #898, #1346 ) ;
#1087 = VECTOR ( 'NONE', #879, 1000.000000000000000 ) ;
#1088 = DIRECTION ( 'NONE',  ( -1.000000000000000000, 0.000000000000000000, 0.000000000000000000 ) ) ;
#1089 = FACE_OUTER_BOUND ( 'NONE', #399, .T. ) ;
#1090 = DIRECTION ( 'NONE',  ( 0.000000000000000000, -0.9848077530122092416, 0.1736481776669232813 ) ) ;
#1091 = EDGE_CURVE ( 'NONE', #1282, #655, #70, .T. ) ;
#1092 = ORIENTED_EDGE ( 'NONE', *, *, #681, .T. ) ;
#1093 = EDGE_LOOP ( 'NONE', ( #563, #735, #328, #715 ) ) ;
#1094 = CARTESIAN_POINT ( 'NONE',  ( -18.74999999999999645, 25.75272274126928096, -4.540899845990039374 ) ) ;
#1095 = DIRECTION ( 'NONE',  ( 0.000000000000000000, -0.9848077530122093526, 0.1736481776669230870 ) ) ;
#1096 = CARTESIAN_POINT ( 'NONE',  ( -18.25000000000000000, 28.82942099628242971, -9.551281852144766660 ) ) ;
#1097 = ORIENTED_EDGE ( 'NONE', *, *, #1415, .F. ) ;
#1098 = ORIENTED_EDGE ( 'NONE', *, *, #490, .F. ) ;
#1099 = FACE_OUTER_BOUND ( 'NONE', #840, .T. ) ;
#1100 = ADVANCED_FACE ( 'NONE', ( #965 ), #173, .F. ) ;
#1101 = CARTESIAN_POINT ( 'NONE',  ( -18.44999999999999929, 29.61678635095240963, -6.237665127436632595 ) ) ;
#1102 = CARTESIAN_POINT ( 'NONE',  ( 23.44999999999999929, 29.61678635095241319, -6.237665127436632595 ) ) ;
#1103 = AXIS2_PLACEMENT_3D ( 'NONE', #956, #390, #1064 ) ;
#1104 = VERTEX_POINT ( 'NONE', #160 ) ;
#1105 = EDGE_CURVE ( 'NONE', #67, #721, #1305, .T. ) ;
#1106 = VECTOR ( 'NONE', #128, 1000.000000000000000 ) ;
#1107 = ORIENTED_EDGE ( 'NONE', *, *, #1325, .T. ) ;
#1108 = VECTOR ( 'NONE', #1113, 1000.000000000000114 ) ;
#1109 = AXIS2_PLACEMENT_3D ( 'NONE', #717, #255, #370 ) ;
#1110 = CARTESIAN_POINT ( 'NONE',  ( 18.25000000000000000, 28.45238186510444578, -5.930806538935124550 ) ) ;
#1111 = CARTESIAN_POINT ( 'NONE',  ( 19.74999999999999645, 24.82595799672596826, -5.189827506266272650 ) ) ;
#1112 = ORIENTED_EDGE ( 'NONE', *, *, #7, .F. ) ;
#1113 = DIRECTION ( 'NONE',  ( -0.000000000000000000, 0.1736481776669230592, 0.9848077530122093526 ) ) ;
#1114 = LINE ( 'NONE', #119, #1065 ) ;
#1115 = EDGE_LOOP ( 'NONE', ( #1173, #210, #1063, #807 ) ) ;
#1116 = APPLICATION_CONTEXT ( 'automotive_design' ) ;
#1117 = EDGE_CURVE ( 'NONE', #967, #42, #386, .T. ) ;
#1118 = ORIENTED_EDGE ( 'NONE', *, *, #316, .T. ) ;
#1119 = CARTESIAN_POINT ( 'NONE',  ( 18.25000000000000000, 28.82942099628242971, -9.551281852144766660 ) ) ;
#1120 = PLANE ( 'NONE',  #1086 ) ;
#1121 = CARTESIAN_POINT ( 'NONE',  ( -18.25000000000000000, 31.46460770874011459, -5.548059276458197075 ) ) ;
#1122 = ORIENTED_EDGE ( 'NONE', *, *, #711, .F. ) ;
#1123 = AXIS2_PLACEMENT_3D ( 'NONE', #1248, #729, #1388 ) ;
#1124 = EDGE_LOOP ( 'NONE', ( #577, #769, #1192, #426 ) ) ;
#1125 = DIRECTION ( 'NONE',  ( -1.000000000000000000, 0.000000000000000000, 0.000000000000000000 ) ) ;
#1126 = AXIS2_PLACEMENT_3D ( 'NONE', #713, #265, #824 ) ;
#1127 = EDGE_CURVE ( 'NONE', #384, #801, #603, .T. ) ;
#1128 = CARTESIAN_POINT ( 'NONE',  ( 23.44999999999999929, -34.59267914544364686, 5.084196056446754319 ) ) ;
#1129 = CONICAL_SURFACE ( 'NONE', #207, 1.000000000000002887, 0.7853981633974477239 ) ;
#1130 = DIRECTION ( 'NONE',  ( -1.927470528863115400E-15, -0.9848077530122093526, 0.1736481776669228094 ) ) ;
#1131 = VECTOR ( 'NONE', #703, 1000.000000000000000 ) ;
#1132 = DIRECTION ( 'NONE',  ( 0.000000000000000000, 0.1736481776669230870, 0.9848077530122093526 ) ) ;
#1133 = EDGE_LOOP ( 'NONE', ( #868, #65, #1458, #373 ) ) ;
#1134 = ORIENTED_EDGE ( 'NONE', *, *, #1207, .T. ) ;
#1135 = DIRECTION ( 'NONE',  ( 0.000000000000000000, 0.000000000000000000, 1.000000000000000000 ) ) ;
#1136 = DIRECTION ( 'NONE',  ( 0.000000000000000000, -0.9848077530122093526, 0.1736481776669229204 ) ) ;
#1137 = DIRECTION ( 'NONE',  ( 1.329470138890466112E-16, -1.000000000000000000, 0.000000000000000000 ) ) ;
#1138 = CARTESIAN_POINT ( 'NONE',  ( 21.25000000000000000, 24.57818118152816567, -17.53670357159378668 ) ) ;
#1139 = CARTESIAN_POINT ( 'NONE',  ( -18.25000000000000000, 29.43718961811665835, -6.104454716602049302 ) ) ;
#1140 = VECTOR ( 'NONE', #1257, 1000.000000000000000 ) ;
#1141 = EDGE_LOOP ( 'NONE', ( #1227, #227, #847, #1292 ) ) ;
#1142 = CARTESIAN_POINT ( 'NONE',  ( -18.74999999999998934, -24.84308239062275803, 3.365079097544215969 ) ) ;
#1143 = EDGE_CURVE ( 'NONE', #763, #193, #167, .T. ) ;
#1144 = DIRECTION ( 'NONE',  ( -0.000000000000000000, -0.1736481776669230870, -0.9848077530122093526 ) ) ;
#1145 = CARTESIAN_POINT ( 'NONE',  ( -21.25000000000000000, 26.07195928784824801, -9.065066954677382327 ) ) ;
#1146 = EDGE_CURVE ( 'NONE', #632, #529, #635, .T. ) ;
#1147 = LINE ( 'NONE', #806, #60 ) ;
#1148 = CARTESIAN_POINT ( 'NONE',  ( 14.25000000000000178, 29.50221994658921076, -18.40494445992840156 ) ) ;
#1149 = VERTEX_POINT ( 'NONE', #743 ) ;
#1150 = FACE_OUTER_BOUND ( 'NONE', #1115, .T. ) ;
#1151 = EDGE_CURVE ( 'NONE', #794, #273, #610, .T. ) ;
#1152 = ORIENTED_EDGE ( 'NONE', *, *, #553, .T. ) ;
#1153 = AXIS2_PLACEMENT_3D ( 'NONE', #366, #1032, #1355 ) ;
#1154 = ADVANCED_FACE ( 'NONE', ( #1190 ), #829, .F. ) ;
#1155 = LINE ( 'NONE', #158, #600 ) ;
#1156 = EDGE_CURVE ( 'NONE', #962, #1348, #952, .T. ) ;
#1157 = DIRECTION ( 'NONE',  ( -0.000000000000000000, 0.1736481776669187016, 0.9848077530122102408 ) ) ;
#1158 = ORIENTED_EDGE ( 'NONE', *, *, #865, .F. ) ;
#1159 = CIRCLE ( 'NONE', #1446, 1.000000000000002887 ) ;
#1160 = ORIENTED_EDGE ( 'NONE', *, *, #832, .T. ) ;
#1161 = DIRECTION ( 'NONE',  ( -0.000000000000000000, 0.1736481776669198951, 0.9848077530122099077 ) ) ;
#1162 = ORIENTED_EDGE ( 'NONE', *, *, #832, .F. ) ;
#1163 = CARTESIAN_POINT ( 'NONE',  ( 0.000000000000000000, 0.000000000000000000, 0.000000000000000000 ) ) ;
#1164 = DIRECTION ( 'NONE',  ( 1.000000000000000000, 0.000000000000000000, 0.000000000000000000 ) ) ;
#1165 = LINE ( 'NONE', #1171, #1296 ) ;
#1166 = CARTESIAN_POINT ( 'NONE',  ( -21.24999999999999645, -34.59267914544364686, 5.084196056446754319 ) ) ;
#1167 = EDGE_LOOP ( 'NONE', ( #452, #379, #562, #908 ) ) ;
#1168 = CARTESIAN_POINT ( 'NONE',  ( -23.45000000000000284, 29.79043452861933261, -5.252857374424423575 ) ) ;
#1169 = EDGE_CURVE ( 'NONE', #1406, #541, #502, .T. ) ;
#1170 = DIRECTION ( 'NONE',  ( 1.000000000000000000, 0.000000000000000000, -0.000000000000000000 ) ) ;
#1171 = CARTESIAN_POINT ( 'NONE',  ( 18.25000000000000000, 26.87218344833544847, -14.89255709134621064 ) ) ;
#1172 = CARTESIAN_POINT ( 'NONE',  ( -23.45000000000000284, 29.79043452861933261, -5.252857374424423575 ) ) ;
#1173 = ORIENTED_EDGE ( 'NONE', *, *, #770, .T. ) ;
#1174 = CARTESIAN_POINT ( 'NONE',  ( -21.24999999999999645, 29.61678635095240963, -6.237665127436632595 ) ) ;
#1175 = EDGE_CURVE ( 'NONE', #567, #640, #1404, .T. ) ;
#1176 = EDGE_CURVE ( 'NONE', #493, #85, #845, .T. ) ;
#1177 =( LENGTH_UNIT ( ) NAMED_UNIT ( * ) SI_UNIT ( .MILLI., .METRE. ) );
#1178 = VECTOR ( 'NONE', #1295, 1000.000000000000000 ) ;
#1179 = DIRECTION ( 'NONE',  ( 1.000000000000000000, 0.000000000000000000, 0.000000000000000000 ) ) ;
#1180 = AXIS2_PLACEMENT_3D ( 'NONE', #718, #1181, #77 ) ;
#1181 = DIRECTION ( 'NONE',  ( 0.000000000000000000, 0.1736481776669230870, 0.9848077530122093526 ) ) ;
#1182 = DIRECTION ( 'NONE',  ( 0.000000000000000000, -0.9848077530122093526, 0.1736481776669232535 ) ) ;
#1183 = VERTEX_POINT ( 'NONE', #1110 ) ;
#1184 = VECTOR ( 'NONE', #768, 1000.000000000000000 ) ;
#1185 = ADVANCED_FACE ( 'NONE', ( #890 ), #880, .F. ) ;
#1186 = AXIS2_PLACEMENT_3D ( 'NONE', #1450, #1223, #1195 ) ;
#1187 = AXIS2_PLACEMENT_3D ( 'NONE', #1318, #1076, #1070 ) ;
#1188 = ORIENTED_EDGE ( 'NONE', *, *, #306, .T. ) ;
#1189 = LINE ( 'NONE', #1059, #595 ) ;
#1190 = FACE_OUTER_BOUND ( 'NONE', #1078, .T. ) ;
#1191 = LINE ( 'NONE', #92, #1184 ) ;
#1192 = ORIENTED_EDGE ( 'NONE', *, *, #1419, .T. ) ;
#1193 = ORIENTED_EDGE ( 'NONE', *, *, #892, .T. ) ;
#1194 = DIRECTION ( 'NONE',  ( 0.000000000000000000, 0.9848077530122092416, -0.1736481776669232813 ) ) ;
#1195 = DIRECTION ( 'NONE',  ( 0.000000000000000000, -0.9848077530122093526, 0.1736481776669231147 ) ) ;
#1196 = DIRECTION ( 'NONE',  ( 0.000000000000000000, -0.9848077530122101297, 0.1736481776669186183 ) ) ;
#1197 = EDGE_CURVE ( 'NONE', #754, #6, #1435, .T. ) ;
#1198 = ORIENTED_EDGE ( 'NONE', *, *, #1307, .T. ) ;
#1199 = ORIENTED_EDGE ( 'NONE', *, *, #1146, .T. ) ;
#1200 = PRODUCT_DEFINITION ( 'UNKNOWN', '', #661, #568 ) ;
#1201 = CARTESIAN_POINT ( 'NONE',  ( 18.44999999999999218, 34.54082511601346539, -7.105906015771249251 ) ) ;
#1202 = EDGE_CURVE ( 'NONE', #499, #801, #1455, .T. ) ;
#1203 = AXIS2_PLACEMENT_3D ( 'NONE', #833, #1161, #492 ) ;
#1204 = DIRECTION ( 'NONE',  ( 0.000000000000000000, 0.1736481776669230592, 0.9848077530122093526 ) ) ;
#1205 = CYLINDRICAL_SURFACE ( 'NONE', #1187, 1.000000000000002887 ) ;
#1206 = VECTOR ( 'NONE', #138, 1000.000000000000000 ) ;
#1207 = EDGE_CURVE ( 'NONE', #968, #350, #766, .T. ) ;
#1208 = ORIENTED_EDGE ( 'NONE', *, *, #444, .F. ) ;
#1209 = EDGE_LOOP ( 'NONE', ( #508, #1158, #497, #1354 ) ) ;
#1210 = CARTESIAN_POINT ( 'NONE',  ( -21.25000000000000000, 26.66236309191578258, -5.716720594435862779 ) ) ;
#1211 = DIRECTION ( 'NONE',  ( 0.000000000000000000, -0.9848077530122093526, 0.1736481776669229204 ) ) ;
#1212 = FACE_OUTER_BOUND ( 'NONE', #188, .T. ) ;
#1213 = ORIENTED_EDGE ( 'NONE', *, *, #1307, .F. ) ;
#1214 = ORIENTED_EDGE ( 'NONE', *, *, #1169, .T. ) ;
#1215 = EDGE_CURVE ( 'NONE', #655, #1379, #993, .T. ) ;
#1216 = FACE_BOUND ( 'NONE', #598, .T. ) ;
#1217 = CARTESIAN_POINT ( 'NONE',  ( 18.44999999999999218, 29.61678635095241319, -6.237665127436632595 ) ) ;
#1218 = CARTESIAN_POINT ( 'NONE',  ( -21.25000000000000000, 24.57818118152816922, -17.53670357159378668 ) ) ;
#1219 = ORIENTED_EDGE ( 'NONE', *, *, #383, .F. ) ;
#1220 = ORIENTED_EDGE ( 'NONE', *, *, #467, .T. ) ;
#1221 = EDGE_CURVE ( 'NONE', #1183, #85, #1066, .T. ) ;
#1222 = CARTESIAN_POINT ( 'NONE',  ( -19.74999999999999645, 23.80642060818037464, -5.213140879201787037 ) ) ;
#1223 = DIRECTION ( 'NONE',  ( 0.000000000000000000, 0.1736481776669230870, 0.9848077530122093526 ) ) ;
#1224 = CARTESIAN_POINT ( 'NONE',  ( 18.75000000000000355, -24.66943421295583860, 4.349886850556423212 ) ) ;
#1225 = VECTOR ( 'NONE', #518, 1000.000000000000000 ) ;
#1226 = ORIENTED_EDGE ( 'NONE', *, *, #637, .T. ) ;
#1227 = ORIENTED_EDGE ( 'NONE', *, *, #232, .T. ) ;
#1228 = CIRCLE ( 'NONE', #157, 1.000000000000002887 ) ;
#1229 = DIRECTION ( 'NONE',  ( 0.000000000000000000, -0.9848077530122094636, 0.1736481776669225319 ) ) ;
#1230 = CARTESIAN_POINT ( 'NONE',  ( 14.25000000000000178, 26.07195928784824446, -9.065066954677382327 ) ) ;
#1231 = EDGE_CURVE ( 'NONE', #745, #674, #740, .T. ) ;
#1232 = ORIENTED_EDGE ( 'NONE', *, *, #1143, .F. ) ;
#1233 = ORIENTED_EDGE ( 'NONE', *, *, #940, .T. ) ;
#1234 = LINE ( 'NONE', #237, #31 ) ;
#1235 = LINE ( 'NONE', #11, #1015 ) ;
#1236 = LINE ( 'NONE', #914, #363 ) ;
#1237 = ORIENTED_EDGE ( 'NONE', *, *, #1151, .T. ) ;
#1238 = ADVANCED_FACE ( 'NONE', ( #225 ), #866, .T. ) ;
#1239 = EDGE_LOOP ( 'NONE', ( #431, #235, #432, #835 ) ) ;
#1240 = EDGE_CURVE ( 'NONE', #990, #787, #231, .T. ) ;
#1241 = LINE ( 'NONE', #22, #902 ) ;
#1242 = LINE ( 'NONE', #554, #133 ) ;
#1243 = ADVANCED_FACE ( 'NONE', ( #973 ), #441, .F. ) ;
#1244 = LINE ( 'NONE', #688, #1319 ) ;
#1245 = ORIENTED_EDGE ( 'NONE', *, *, #852, .T. ) ;
#1246 = VECTOR ( 'NONE', #182, 1000.000000000000000 ) ;
#1247 = ORIENTED_EDGE ( 'NONE', *, *, #1091, .T. ) ;
#1248 = CARTESIAN_POINT ( 'NONE',  ( -18.44999999999999929, 29.79043452861933261, -5.252857374424423575 ) ) ;
#1249 = CIRCLE ( 'NONE', #1126, 0.9999999999999990008 ) ;
#1250 = CARTESIAN_POINT ( 'NONE',  ( 14.25000000000000178, 31.58640185697683123, -6.584961482770479435 ) ) ;
#1251 = VECTOR ( 'NONE', #935, 1000.000000000000000 ) ;
#1252 = DIRECTION ( 'NONE',  ( 0.000000000000000000, -0.5735764363510517105, 0.8191520442889878018 ) ) ;
#1253 = LINE ( 'NONE', #256, #247 ) ;
#1254 = LINE ( 'NONE', #46, #1396 ) ;
#1255 = DIRECTION ( 'NONE',  ( -1.000000000000000000, 0.000000000000000000, 0.000000000000000000 ) ) ;
#1256 = EDGE_CURVE ( 'NONE', #197, #310, #653, .T. ) ;
#1257 = DIRECTION ( 'NONE',  ( 3.081487911019577365E-33, -0.1736481776669230870, -0.9848077530122093526 ) ) ;
#1258 = DIRECTION ( 'NONE',  ( -1.000000000000000000, -1.329470138890466112E-16, 2.344214555326093431E-17 ) ) ;
#1259 = CARTESIAN_POINT ( 'NONE',  ( 18.44999999999999218, 34.71447329368038481, -6.121098262759040232 ) ) ;
#1260 = ORIENTED_EDGE ( 'NONE', *, *, #1215, .F. ) ;
#1261 = ORIENTED_EDGE ( 'NONE', *, *, #1289, .T. ) ;
#1262 = DIRECTION ( 'NONE',  ( 0.000000000000000000, 0.1736481776669230870, 0.9848077530122093526 ) ) ;
#1263 = DIRECTION ( 'NONE',  ( -0.000000000000000000, -0.5735764363510521546, 0.8191520442889875797 ) ) ;
#1264 = FACE_OUTER_BOUND ( 'NONE', #1133, .T. ) ;
#1265 = VERTEX_POINT ( 'NONE', #203 ) ;
#1266 = VERTEX_POINT ( 'NONE', #103 ) ;
#1267 = CARTESIAN_POINT ( 'NONE',  ( -21.24999999999999645, -38.82687163565633170, 2.378347953572862217 ) ) ;
#1268 = ORIENTED_EDGE ( 'NONE', *, *, #7, .T. ) ;
#1269 = AXIS2_PLACEMENT_3D ( 'NONE', #543, #884, #435 ) ;
#1270 = FILL_AREA_STYLE_COLOUR ( '', #790 ) ;
#1271 = CARTESIAN_POINT ( 'NONE',  ( -19.74999999999998934, -24.84308239062275803, 3.365079097544201758 ) ) ;
#1272 = DIRECTION ( 'NONE',  ( -1.000000000000000000, -0.000000000000000000, 0.000000000000000000 ) ) ;
#1273 = CARTESIAN_POINT ( 'NONE',  ( 18.44999999999999218, 34.54082511601346539, -7.105906015771249251 ) ) ;
#1274 = ADVANCED_FACE ( 'NONE', ( #650, #773, #1089, #83 ), #999, .F. ) ;
#1275 = AXIS2_PLACEMENT_3D ( 'NONE', #1096, #1436, #1442 ) ;
#1276 = EDGE_LOOP ( 'NONE', ( #515, #178, #781, #1362 ) ) ;
#1277 = PLANE ( 'NONE',  #1103 ) ;
#1278 = LINE ( 'NONE', #943, #970 ) ;
#1279 = CARTESIAN_POINT ( 'NONE',  ( -21.24999999999999645, -38.30592710265556633, 5.332771212609482170 ) ) ;
#1280 = DIRECTION ( 'NONE',  ( 0.000000000000000000, 0.1736481776669230592, 0.9848077530122093526 ) ) ;
#1281 = EDGE_CURVE ( 'NONE', #73, #310, #1080, .T. ) ;
#1282 = VERTEX_POINT ( 'NONE', #531 ) ;
#1283 = CARTESIAN_POINT ( 'NONE',  ( 20.54999999999999716, 23.98006878584729762, -4.228333126189577129 ) ) ;
#1284 = VECTOR ( 'NONE', #180, 1000.000000000000000 ) ;
#1285 = SURFACE_STYLE_USAGE ( .BOTH. , #601 ) ;
#1286 = CARTESIAN_POINT ( 'NONE',  ( 14.25000000000000178, 30.99599805290929311, -9.933307843011998983 ) ) ;
#1287 = CARTESIAN_POINT ( 'NONE',  ( 18.25000000000000000, 28.84179895435987362, -15.23985344668005659 ) ) ;
#1288 = DIRECTION ( 'NONE',  ( -0.000000000000000000, -0.1736481776669230870, -0.9848077530122093526 ) ) ;
#1289 = EDGE_CURVE ( 'NONE', #674, #605, #1317, .T. ) ;
#1290 = ORIENTED_EDGE ( 'NONE', *, *, #258, .F. ) ;
#1291 = DIRECTION ( 'NONE',  ( -0.000000000000000000, 0.1736481776669233090, 0.9848077530122093526 ) ) ;
#1292 = ORIENTED_EDGE ( 'NONE', *, *, #1038, .F. ) ;
#1293 = PRESENTATION_STYLE_ASSIGNMENT (( #1285 ) ) ;
#1294 = CONICAL_SURFACE ( 'NONE', #1203, 1.800000000000005818, 0.7853981633974442822 ) ;
#1295 = DIRECTION ( 'NONE',  ( 1.000000000000000000, 0.000000000000000000, -0.000000000000000000 ) ) ;
#1296 = VECTOR ( 'NONE', #52, 1000.000000000000000 ) ;
#1297 = DIRECTION ( 'NONE',  ( -0.000000000000000000, 0.1736481776669230592, 0.9848077530122093526 ) ) ;
#1298 = FACE_OUTER_BOUND ( 'NONE', #938, .T. ) ;
#1299 = AXIS2_PLACEMENT_3D ( 'NONE', #804, #485, #1229 ) ;
#1300 = ORIENTED_EDGE ( 'NONE', *, *, #746, .T. ) ;
#1301 = AXIS2_PLACEMENT_3D ( 'NONE', #261, #1263, #820 ) ;
#1302 = ORIENTED_EDGE ( 'NONE', *, *, #1449, .T. ) ;
#1303 = EDGE_CURVE ( 'NONE', #1348, #80, #980, .T. ) ;
#1304 = DIRECTION ( 'NONE',  ( 0.000000000000000000, -0.9848077530122093526, 0.1736481776669230870 ) ) ;
#1305 = LINE ( 'NONE', #416, #919 ) ;
#1306 = FACE_BOUND ( 'NONE', #1314, .T. ) ;
#1307 = EDGE_CURVE ( 'NONE', #193, #80, #1441, .T. ) ;
#1308 = ORIENTED_EDGE ( 'NONE', *, *, #258, .T. ) ;
#1309 = ORIENTED_EDGE ( 'NONE', *, *, #696, .F. ) ;
#1310 = DIRECTION ( 'NONE',  ( 0.000000000000000000, -0.1736481776669230870, -0.9848077530122093526 ) ) ;
#1311 = DIRECTION ( 'NONE',  ( -0.000000000000000000, 0.1736481776669198951, 0.9848077530122099077 ) ) ;
#1312 = DIRECTION ( 'NONE',  ( 0.000000000000000000, -0.9848077530122094636, 0.1736481776669225319 ) ) ;
#1313 = EDGE_LOOP ( 'NONE', ( #192, #1072, #122, #816 ) ) ;
#1314 = EDGE_LOOP ( 'NONE', ( #1387, #1308 ) ) ;
#1315 = CARTESIAN_POINT ( 'NONE',  ( 14.25000000000000178, 24.57818118152816567, -17.53670357159378668 ) ) ;
#1316 = VECTOR ( 'NONE', #382, 1000.000000000000114 ) ;
#1317 = LINE ( 'NONE', #1429, #301 ) ;
#1318 = CARTESIAN_POINT ( 'NONE',  ( 18.25000000000000000, 27.85699120134766105, -15.06620526901313362 ) ) ;
#1319 = VECTOR ( 'NONE', #1132, 1000.000000000000000 ) ;
#1320 = EDGE_LOOP ( 'NONE', ( #1302, #706, #888, #1309 ) ) ;
#1321 = ADVANCED_FACE ( 'NONE', ( #1327 ), #326, .T. ) ;
#1322 = AXIS2_PLACEMENT_3D ( 'NONE', #1218, #455, #580 ) ;
#1323 = ORIENTED_EDGE ( 'NONE', *, *, #267, .F. ) ;
#1324 = AXIS2_PLACEMENT_3D ( 'NONE', #652, #974, #1090 ) ;
#1325 = EDGE_CURVE ( 'NONE', #863, #1379, #1241, .T. ) ;
#1326 = DIRECTION ( 'NONE',  ( 0.000000000000000000, -0.1736481776669231147, -0.9848077530122093526 ) ) ;
#1327 = FACE_OUTER_BOUND ( 'NONE', #795, .T. ) ;
#1328 = CARTESIAN_POINT ( 'NONE',  ( 23.44999999999999929, -34.41903096777672033, 6.069003809458963339 ) ) ;
#1329 = EDGE_LOOP ( 'NONE', ( #1437, #496, #1193, #28 ) ) ;
#1330 = ADVANCED_FACE ( 'NONE', ( #1 ), #1073, .F. ) ;
#1331 = ORIENTED_EDGE ( 'NONE', *, *, #208, .T. ) ;
#1332 = CARTESIAN_POINT ( 'NONE',  ( -18.74999999999999645, 24.79122836119258366, -5.386789056868710013 ) ) ;
#1333 = VECTOR ( 'NONE', #1005, 1000.000000000000227 ) ;
#1334 = DIRECTION ( 'NONE',  ( 1.000000000000000000, 0.000000000000000000, -0.000000000000000000 ) ) ;
#1335 = PLANE ( 'NONE',  #1322 ) ;
#1336 = ORIENTED_EDGE ( 'NONE', *, *, #41, .T. ) ;
#1337 = ORIENTED_EDGE ( 'NONE', *, *, #89, .T. ) ;
#1338 = CARTESIAN_POINT ( 'NONE',  ( -14.25000000000000178, 31.58640185697683833, -6.584961482770480323 ) ) ;
#1339 = CARTESIAN_POINT ( 'NONE',  ( -20.54999999999999361, 23.98006878584730117, -4.228333126189578017 ) ) ;
#1340 = ORIENTED_EDGE ( 'NONE', *, *, #143, .T. ) ;
#1341 = ORIENTED_EDGE ( 'NONE', *, *, #405, .T. ) ;
#1342 = VECTOR ( 'NONE', #126, 1000.000000000000114 ) ;
#1343 = EDGE_CURVE ( 'NONE', #788, #493, #117, .T. ) ;
#1344 = DIRECTION ( 'NONE',  ( 0.000000000000000000, -0.9848077530122093526, 0.1736481776669230592 ) ) ;
#1345 = AXIS2_PLACEMENT_3D ( 'NONE', #539, #1311, #671 ) ;
#1346 = DIRECTION ( 'NONE',  ( 1.349979358736814994E-16, -0.9848077530122093526, 0.1736481776669230870 ) ) ;
#1347 = FACE_OUTER_BOUND ( 'NONE', #775, .T. ) ;
#1348 = VERTEX_POINT ( 'NONE', #686 ) ;
#1349 = ORIENTED_EDGE ( 'NONE', *, *, #406, .F. ) ;
#1350 = DIRECTION ( 'NONE',  ( 0.000000000000000000, -0.9848077530122094636, 0.1736481776669225319 ) ) ;
#1351 = CARTESIAN_POINT ( 'NONE',  ( 18.74999999999999645, 25.75272274126928096, -4.540899845990039374 ) ) ;
#1352 = CARTESIAN_POINT ( 'NONE',  ( 19.75000000000000000, 29.61678635095241319, -6.237665127436633483 ) ) ;
#1353 = ORIENTED_EDGE ( 'NONE', *, *, #982, .T. ) ;
#1354 = ORIENTED_EDGE ( 'NONE', *, *, #336, .F. ) ;
#1355 = DIRECTION ( 'NONE',  ( 0.000000000000000000, -0.9848077530122094636, 0.1736481776669225319 ) ) ;
#1356 = CARTESIAN_POINT ( 'NONE',  ( 21.25000000000000000, 29.61678635095240963, -6.237665127436632595 ) ) ;
#1357 = CARTESIAN_POINT ( 'NONE',  ( 18.25000000000000000, 29.59347297801689081, -5.218127738891038980 ) ) ;
#1358 = CARTESIAN_POINT ( 'NONE',  ( -21.24999999999999645, -33.70587131999287323, 1.475377429704875842 ) ) ;
#1359 = ORIENTED_EDGE ( 'NONE', *, *, #1422, .T. ) ;
#1360 = AXIS2_PLACEMENT_3D ( 'NONE', #755, #402, #1433 ) ;
#1361 = ADVANCED_FACE ( 'NONE', ( #243, #904 ), #700, .F. ) ;
#1362 = ORIENTED_EDGE ( 'NONE', *, *, #208, .F. ) ;
#1363 = FACE_OUTER_BOUND ( 'NONE', #443, .T. ) ;
#1364 = VECTOR ( 'NONE', #1297, 1000.000000000000114 ) ;
#1365 = PLANE ( 'NONE',  #1378 ) ;
#1366 = VECTOR ( 'NONE', #1182, 999.9999999999998863 ) ;
#1367 = DIRECTION ( 'NONE',  ( -0.000000000000000000, 0.1736481776669230870, 0.9848077530122093526 ) ) ;
#1368 = VECTOR ( 'NONE', #936, 1000.000000000000114 ) ;
#1369 = VECTOR ( 'NONE', #26, 1000.000000000000000 ) ;
#1370 = DIRECTION ( 'NONE',  ( -0.000000000000000000, 0.1736481776669230870, 0.9848077530122093526 ) ) ;
#1371 = DIRECTION ( 'NONE',  ( -1.329470138890466112E-16, 1.000000000000000000, 0.000000000000000000 ) ) ;
#1372 = ADVANCED_FACE ( 'NONE', ( #344 ), #1365, .T. ) ;
#1373 = VERTEX_POINT ( 'NONE', #454 ) ;
#1374 = PLANE ( 'NONE',  #81 ) ;
#1375 = LINE ( 'NONE', #1271, #1251 ) ;
#1376 = DIRECTION ( 'NONE',  ( 0.000000000000000000, -0.1736481776669230870, -0.9848077530122093526 ) ) ;
#1377 = VERTEX_POINT ( 'NONE', #136 ) ;
#1378 = AXIS2_PLACEMENT_3D ( 'NONE', #1128, #791, #1027 ) ;
#1379 = VERTEX_POINT ( 'NONE', #10 ) ;
#1380 = DIRECTION ( 'NONE',  ( 3.081487911019577365E-33, -0.1736481776669230870, -0.9848077530122093526 ) ) ;
#1381 = ORIENTED_EDGE ( 'NONE', *, *, #1343, .F. ) ;
#1382 =( NAMED_UNIT ( * ) PLANE_ANGLE_UNIT ( ) SI_UNIT ( $, .RADIAN. ) );
#1383 = ADVANCED_FACE ( 'NONE', ( #579 ), #254, .F. ) ;
#1384 = DIRECTION ( 'NONE',  ( -0.000000000000000000, -0.1736481776669230870, -0.9848077530122093526 ) ) ;
#1385 = CARTESIAN_POINT ( 'NONE',  ( -14.25000000000000178, 29.50221994658921787, -18.40494445992840511 ) ) ;
#1386 = DIRECTION ( 'NONE',  ( -0.000000000000000000, 0.1736481776669230870, 0.9848077530122093526 ) ) ;
#1387 = ORIENTED_EDGE ( 'NONE', *, *, #1343, .T. ) ;
#1388 = DIRECTION ( 'NONE',  ( 0.000000000000000000, -0.9848077530122093526, 0.1736481776669231980 ) ) ;
#1389 = VERTEX_POINT ( 'NONE', #339 ) ;
#1390 = VECTOR ( 'NONE', #793, 1000.000000000000000 ) ;
#1391 = FACE_OUTER_BOUND ( 'NONE', #221, .T. ) ;
#1392 = EDGE_CURVE ( 'NONE', #350, #197, #897, .T. ) ;
#1393 = PLANE ( 'NONE',  #1060 ) ;
#1394 = CIRCLE ( 'NONE', #9, 1.800000000000003375 ) ;
#1395 = VERTEX_POINT ( 'NONE', #1250 ) ;
#1396 = VECTOR ( 'NONE', #372, 1000.000000000000114 ) ;
#1397 = ORIENTED_EDGE ( 'NONE', *, *, #288, .T. ) ;
#1398 = CARTESIAN_POINT ( 'NONE',  ( 18.25000000000000000, 27.84461324327021714, -9.377633674477843684 ) ) ;
#1399 = ORIENTED_EDGE ( 'NONE', *, *, #942, .F. ) ;
#1400 =( NAMED_UNIT ( * ) SI_UNIT ( $, .STERADIAN. ) SOLID_ANGLE_UNIT ( ) );
#1401 = EDGE_CURVE ( 'NONE', #459, #754, #1013, .T. ) ;
#1402 = LINE ( 'NONE', #1068, #1178 ) ;
#1403 = MECHANICAL_DESIGN_GEOMETRIC_PRESENTATION_REPRESENTATION (  '', ( #346 ), #1003 ) ;
#1404 = LINE ( 'NONE', #284, #627 ) ;
#1405 = CARTESIAN_POINT ( 'NONE',  ( 19.74999999999999645, 12.70482757432152709, -73.93217410406667511 ) ) ;
#1406 = VERTEX_POINT ( 'NONE', #784 ) ;
#1407 = CARTESIAN_POINT ( 'NONE',  ( -19.74999999999998934, -24.80835275508937343, 3.562040648146665767 ) ) ;
#1408 = AXIS2_PLACEMENT_3D ( 'NONE', #1163, #68, #171 ) ;
#1409 = ORIENTED_EDGE ( 'NONE', *, *, #490, .T. ) ;
#1410 = SHAPE_DEFINITION_REPRESENTATION ( #762, #421 ) ;
#1411 = DIRECTION ( 'NONE',  ( 0.000000000000000000, 0.1736481776669230592, 0.9848077530122093526 ) ) ;
#1412 = DIRECTION ( 'NONE',  ( 0.000000000000000000, 0.8191520442889879128, 0.5735764363510515995 ) ) ;
#1413 = DIRECTION ( 'NONE',  ( -1.000000000000000000, -0.000000000000000000, -0.000000000000000000 ) ) ;
#1414 = ORIENTED_EDGE ( 'NONE', *, *, #934, .T. ) ;
#1415 = EDGE_CURVE ( 'NONE', #365, #229, #957, .T. ) ;
#1416 = ORIENTED_EDGE ( 'NONE', *, *, #1105, .T. ) ;
#1417 = VECTOR ( 'NONE', #1194, 1000.000000000000114 ) ;
#1418 = LINE ( 'NONE', #1286, #223 ) ;
#1419 = EDGE_CURVE ( 'NONE', #240, #248, #151, .T. ) ;
#1420 = DIRECTION ( 'NONE',  ( 0.000000000000000000, 0.000000000000000000, -1.000000000000000000 ) ) ;
#1421 = CARTESIAN_POINT ( 'NONE',  ( 19.75000000000000355, -24.66943421295583860, 4.349886850556428541 ) ) ;
#1422 = EDGE_CURVE ( 'NONE', #1183, #365, #260, .T. ) ;
#1423 = EDGE_CURVE ( 'NONE', #668, #1149, #144, .T. ) ;
#1424 = ORIENTED_EDGE ( 'NONE', *, *, #114, .F. ) ;
#1425 = AXIS2_PLACEMENT_3D ( 'NONE', #659, #78, #1196 ) ;
#1426 = VECTOR ( 'NONE', #62, 1000.000000000000000 ) ;
#1427 = ORIENTED_EDGE ( 'NONE', *, *, #50, .T. ) ;
#1428 = CARTESIAN_POINT ( 'NONE',  ( -20.54999999999999716, 23.98006878584729762, -4.228333126189577129 ) ) ;
#1429 = CARTESIAN_POINT ( 'NONE',  ( -19.74999999999999645, 29.61678635095240963, -6.237665127436632595 ) ) ;
#1430 = CARTESIAN_POINT ( 'NONE',  ( -21.24999999999999645, -80.55984312507034417, 12.78327664795059171 ) ) ;
#1431 = EDGE_LOOP ( 'NONE', ( #799, #149, #1208, #206 ) ) ;
#1432 = ORIENTED_EDGE ( 'NONE', *, *, #615, .T. ) ;
#1433 = DIRECTION ( 'NONE',  ( -1.349979358736814994E-16, 0.9848077530122093526, -0.1736481776669230870 ) ) ;
#1434 = ADVANCED_FACE ( 'NONE', ( #358 ), #480, .F. ) ;
#1435 = LINE ( 'NONE', #218, #716 ) ;
#1436 = DIRECTION ( 'NONE',  ( -0.000000000000000000, 0.1736481776669232813, 0.9848077530122093526 ) ) ;
#1437 = ORIENTED_EDGE ( 'NONE', *, *, #241, .T. ) ;
#1438 = ORIENTED_EDGE ( 'NONE', *, *, #663, .F. ) ;
#1439 = PLANE ( 'NONE',  #5 ) ;
#1440 = AXIS2_PLACEMENT_3D ( 'NONE', #287, #1049, #294 ) ;
#1441 = LINE ( 'NONE', #436, #1087 ) ;
#1442 = DIRECTION ( 'NONE',  ( 0.000000000000000000, -0.9848077530122094636, 0.1736481776669225319 ) ) ;
#1443 = AXIS2_PLACEMENT_3D ( 'NONE', #190, #1157, #959 ) ;
#1444 = EDGE_CURVE ( 'NONE', #1389, #668, #233, .T. ) ;
#1445 = ORIENTED_EDGE ( 'NONE', *, *, #906, .T. ) ;
#1446 = AXIS2_PLACEMENT_3D ( 'NONE', #345, #785, #1456 ) ;
#1447 = ORIENTED_EDGE ( 'NONE', *, *, #89, .F. ) ;
#1448 = CARTESIAN_POINT ( 'NONE',  ( -14.25000000000000178, 31.58640185697683833, -6.584961482770480323 ) ) ;
#1449 = EDGE_CURVE ( 'NONE', #412, #712, #1234, .T. ) ;
#1450 = CARTESIAN_POINT ( 'NONE',  ( -18.74999999999999645, 23.80642060818037464, -5.213140879201786149 ) ) ;
#1451 = MANIFOLD_SOLID_BREP ( 'Stock-ThermallerMain-1', #253 ) ;
#1452 = DIRECTION ( 'NONE',  ( 0.000000000000000000, 0.5735764363510511554, -0.8191520442889882458 ) ) ;
#1453 = ORIENTED_EDGE ( 'NONE', *, *, #57, .T. ) ;
#1454 = ORIENTED_EDGE ( 'NONE', *, *, #828, .T. ) ;
#1455 = LINE ( 'NONE', #450, #368 ) ;
#1456 = DIRECTION ( 'NONE',  ( 0.000000000000000000, -0.9848077530122094636, 0.1736481776669225319 ) ) ;
#1457 = ORIENTED_EDGE ( 'NONE', *, *, #865, .T. ) ;
#1458 = ORIENTED_EDGE ( 'NONE', *, *, #678, .T. ) ;
#1459 = EDGE_CURVE ( 'NONE', #968, #273, #462, .T. ) ;
ENDSEC;
END-ISO-10303-21;
