ISO-10303-21;
HEADER;
FILE_DESCRIPTION (( 'STEP AP214' ),
    '1' );
FILE_NAME ('ThermallerCameraLens.STEP',
    '2026-05-27T09:45:16',
    ( '' ),
    ( '' ),
    'SwSTEP 2.0',
    'SolidWorks 2025',
    '' );
FILE_SCHEMA (( 'AUTOMOTIVE_DESIGN' ));
ENDSEC;

DATA;
#1 = ADVANCED_FACE ( 'NONE', ( #6605 ), #2238, .F. ) ;
#2 = CARTESIAN_POINT ( 'NONE',  ( 0.000000000000000000, 0.5375364957382021691, -37.89634816116375760 ) ) ;
#3 = FACE_BOUND ( 'NONE', #7753, .T. ) ;
#4 = DIRECTION ( 'NONE',  ( 0.000000000000000000, 0.000000000000000000, -1.000000000000000000 ) ) ;
#5 = CARTESIAN_POINT ( 'NONE',  ( 8.074651695274543073, 15.83753649573824873, -44.29634816116374907 ) ) ;
#6 = VECTOR ( 'NONE', #306, 999.9999999999998863 ) ;
#7 = DIRECTION ( 'NONE',  ( 0.000000000000000000, -0.000000000000000000, -1.000000000000000000 ) ) ;
#8 = VERTEX_POINT ( 'NONE', #4783 ) ;
#9 = ORIENTED_EDGE ( 'NONE', *, *, #6913, .T. ) ;
#10 = CARTESIAN_POINT ( 'NONE',  ( -17.59310005470290150, -6.089799757689831061, -34.02662676194078273 ) ) ;
#11 = ORIENTED_EDGE ( 'NONE', *, *, #1120, .T. ) ;
#12 = ORIENTED_EDGE ( 'NONE', *, *, #10221, .T. ) ;
#13 = DIRECTION ( 'NONE',  ( 0.000000000000000000, 0.000000000000000000, -1.000000000000000000 ) ) ;
#14 = EDGE_CURVE ( 'NONE', #6980, #5891, #1991, .T. ) ;
#15 = CIRCLE ( 'NONE', #1769, 19.30000000000008242 ) ;
#16 = DIRECTION ( 'NONE',  ( 0.9380269381538470785, 0.3465623512410412332, 0.000000000000000000 ) ) ;
#17 = CARTESIAN_POINT ( 'NONE',  ( 0.5272078826995588718, 0.6424046637871858589, -34.29634816116375617 ) ) ;
#18 = DIRECTION ( 'NONE',  ( 0.6791492313942084635, -0.7340002190031388318, -0.000000000000000000 ) ) ;
#19 = CARTESIAN_POINT ( 'NONE',  ( -3.517191827691345640, -18.43946390132258628, -26.31451759764528830 ) ) ;
#20 = DIRECTION ( 'NONE',  ( 1.000000000000000000, -1.014458173085851722E-16, 0.000000000000000000 ) ) ;
#21 = CARTESIAN_POINT ( 'NONE',  ( 0.000000000000000000, 0.5375364957382021691, -21.29634816116374907 ) ) ;
#22 = ORIENTED_EDGE ( 'NONE', *, *, #2111, .F. ) ;
#23 = ORIENTED_EDGE ( 'NONE', *, *, #10192, .T. ) ;
#24 = DIRECTION ( 'NONE',  ( 0.000000000000000000, 0.000000000000000000, -1.000000000000000000 ) ) ;
#25 = VERTEX_POINT ( 'NONE', #1205 ) ;
#26 = CARTESIAN_POINT ( 'NONE',  ( -15.85166779588626973, -9.569910657308765778, -26.38468553521233417 ) ) ;
#27 = VERTEX_POINT ( 'NONE', #2053 ) ;
#28 = FACE_OUTER_BOUND ( 'NONE', #449, .T. ) ;
#29 = FACE_OUTER_BOUND ( 'NONE', #2390, .T. ) ;
#30 = FACE_OUTER_BOUND ( 'NONE', #4457, .T. ) ;
#31 = LINE ( 'NONE', #5449, #3066 ) ;
#32 = EDGE_CURVE ( 'NONE', #683, #10105, #1573, .T. ) ;
#33 = DIRECTION ( 'NONE',  ( 0.9992475592060074963, -0.03878550529304176236, 0.000000000000000000 ) ) ;
#34 = B_SPLINE_CURVE_WITH_KNOTS ( 'NONE', 3,
 ( #1908, #8232, #6300, #9985, #7428, #5441, #880, #10106 ),
 .UNSPECIFIED., .F., .F.,
 ( 4, 2, 2, 4 ),
 ( 0.000000000000000000, 0.0002734140155771819952, 0.0005468280311543639903, 0.001093656062308725379 ),
 .UNSPECIFIED. ) ;
#35 = ORIENTED_EDGE ( 'NONE', *, *, #5723, .F. ) ;
#36 = EDGE_CURVE ( 'NONE', #203, #2011, #5881, .T. ) ;
#37 = CYLINDRICAL_SURFACE ( 'NONE', #8983, 0.6999999999999999556 ) ;
#38 = ORIENTED_EDGE ( 'NONE', *, *, #5702, .T. ) ;
#39 = ORIENTED_EDGE ( 'NONE', *, *, #7706, .T. ) ;
#40 = CARTESIAN_POINT ( 'NONE',  ( -0.4469452617099130554, 0.2388972195443866964, -26.29634816116374907 ) ) ;
#41 = PRESENTATION_LAYER_ASSIGNMENT (  '', '', ( #640 ) ) ;
#42 = CARTESIAN_POINT ( 'NONE',  ( -9.932237400579163378, -15.42458791078504632, -26.56606956038671896 ) ) ;
#43 = DIRECTION ( 'NONE',  ( 0.000000000000000000, 0.000000000000000000, -1.000000000000000000 ) ) ;
#44 =( NAMED_UNIT ( * ) PLANE_ANGLE_UNIT ( ) SI_UNIT ( $, .RADIAN. ) );
#45 = ADVANCED_FACE ( 'NONE', ( #7514 ), #396, .T. ) ;
#46 = DIRECTION ( 'NONE',  ( -0.000000000000000000, -0.000000000000000000, 1.000000000000000000 ) ) ;
#47 = CYLINDRICAL_SURFACE ( 'NONE', #5965, 0.6999999999999999556 ) ;
#48 = DIRECTION ( 'NONE',  ( -0.000000000000000000, -0.000000000000000000, 1.000000000000000000 ) ) ;
#49 = ADVANCED_FACE ( 'NONE', ( #1269, #8557 ), #6853, .T. ) ;
#50 = CARTESIAN_POINT ( 'NONE',  ( -3.184081677783118191E-15, 0.5375364957382011699, -45.29634816116374907 ) ) ;
#51 = ORIENTED_EDGE ( 'NONE', *, *, #10194, .F. ) ;
#52 = EDGE_LOOP ( 'NONE', ( #9687, #1251, #9064, #1948 ) ) ;
#53 = DIRECTION ( 'NONE',  ( 0.000000000000000000, -0.000000000000000000, 1.000000000000000000 ) ) ;
#54 = AXIS2_PLACEMENT_3D ( 'NONE', #8452, #10270, #8396 ) ;
#55 = CARTESIAN_POINT ( 'NONE',  ( 0.1048681680489843421, 1.064744378437762817, -34.29634816116375617 ) ) ;
#56 = CARTESIAN_POINT ( 'NONE',  ( -19.28465801595088180, -0.2318562569081147051, -33.59634816116375333 ) ) ;
#57 = CARTESIAN_POINT ( 'NONE',  ( -13.25788756553152226, -12.79111144020435908, -34.29634816116375617 ) ) ;
#58 = DIRECTION ( 'NONE',  ( 0.03878550529304181094, -0.9992475592060074963, -0.000000000000000000 ) ) ;
#59 = DIRECTION ( 'NONE',  ( 0.000000000000000000, 0.000000000000000000, 1.000000000000000000 ) ) ;
#60 = ORIENTED_EDGE ( 'NONE', *, *, #8713, .F. ) ;
#61 = ORIENTED_EDGE ( 'NONE', *, *, #649, .T. ) ;
#62 = CARTESIAN_POINT ( 'NONE',  ( 13.28931482262846941, -13.45847302877623797, -34.15606879818032837 ) ) ;
#63 = EDGE_LOOP ( 'NONE', ( #5476, #10401 ) ) ;
#64 = EDGE_LOOP ( 'NONE', ( #7665, #9731, #7929, #6450 ) ) ;
#65 = LINE ( 'NONE', #7417, #5794 ) ;
#66 = CARTESIAN_POINT ( 'NONE',  ( 10.99859508848291156, 15.78496667493542027, -26.63019140205944169 ) ) ;
#67 = LINE ( 'NONE', #7470, #2145 ) ;
#68 = DIRECTION ( 'NONE',  ( -0.9083417975707330783, 0.4182286202377467066, -0.000000000000000000 ) ) ;
#69 = CARTESIAN_POINT ( 'NONE',  ( -17.38763894355432882, -6.610501729479557831, -34.29634816116375617 ) ) ;
#70 = FACE_OUTER_BOUND ( 'NONE', #2658, .T. ) ;
#71 = DIRECTION ( 'NONE',  ( 0.000000000000000000, 0.000000000000000000, 1.000000000000000000 ) ) ;
#72 = CYLINDRICAL_SURFACE ( 'NONE', #10617, 0.7000000000000010658 ) ;
#73 = ADVANCED_FACE ( 'NONE', ( #3810 ), #9706, .T. ) ;
#74 = EDGE_LOOP ( 'NONE', ( #1241, #5724 ) ) ;
#75 = VERTEX_POINT ( 'NONE', #8007 ) ;
#76 = DIRECTION ( 'NONE',  ( -0.7071067811865463515, 0.7071067811865487940, 0.000000000000000000 ) ) ;
#77 = ORIENTED_EDGE ( 'NONE', *, *, #4776, .T. ) ;
#78 = CARTESIAN_POINT ( 'NONE',  ( 10.48605614883635617, 16.14096768711506513, -34.29634816116375617 ) ) ;
#79 = ORIENTED_EDGE ( 'NONE', *, *, #5315, .T. ) ;
#80 = CARTESIAN_POINT ( 'NONE',  ( -9.812803638741879553, 16.57339930408922157, -26.99634816116374836 ) ) ;
#81 = CARTESIAN_POINT ( 'NONE',  ( 11.19999999999998863, 0.5375364957382021691, -43.49634816116374481 ) ) ;
#82 = DIRECTION ( 'NONE',  ( 0.000000000000000000, 0.000000000000000000, 1.000000000000000000 ) ) ;
#83 = CARTESIAN_POINT ( 'NONE',  ( 15.98949163663174566, 10.42560494197856791, -33.94899881303462053 ) ) ;
#84 = CARTESIAN_POINT ( 'NONE',  ( 17.64212122275941041, 7.033348225016011313, -26.99634816116374836 ) ) ;
#85 = ADVANCED_FACE ( 'NONE', ( #5223 ), #1644, .F. ) ;
#86 = ORIENTED_EDGE ( 'NONE', *, *, #989, .T. ) ;
#87 = CARTESIAN_POINT ( 'NONE',  ( -10.19376547901233998, -15.85091402366460578, -34.02662297194007124 ) ) ;
#88 = ORIENTED_EDGE ( 'NONE', *, *, #7612, .F. ) ;
#89 = VERTEX_POINT ( 'NONE', #4123 ) ;
#90 = DIRECTION ( 'NONE',  ( -0.9380269381538482998, -0.3465623512410380691, 0.000000000000000000 ) ) ;
#91 = ADVANCED_FACE ( 'NONE', ( #9760 ), #8924, .F. ) ;
#92 = CYLINDRICAL_SURFACE ( 'NONE', #8148, 0.6999999999999989564 ) ;
#93 = CARTESIAN_POINT ( 'NONE',  ( -0.5272078826995649781, 0.6424046637871870802, -26.29634816116374907 ) ) ;
#94 = CARTESIAN_POINT ( 'NONE',  ( -16.46205883478114984, 10.61179174961217697, -33.59634816116375333 ) ) ;
#95 = CARTESIAN_POINT ( 'NONE',  ( -14.08484604818977459, -12.65758672713512389, -26.56607335038742690 ) ) ;
#96 = DIRECTION ( 'NONE',  ( -0.03878550529303832067, 0.9992475592060077183, 0.000000000000000000 ) ) ;
#97 = EDGE_CURVE ( 'NONE', #3466, #6685, #10860, .T. ) ;
#98 = DIRECTION ( 'NONE',  ( 0.000000000000000000, 0.000000000000000000, -1.000000000000000000 ) ) ;
#99 = DIRECTION ( 'NONE',  ( -0.8092959084338384734, 0.5874011683613238333, 0.000000000000000000 ) ) ;
#100 = ORIENTED_EDGE ( 'NONE', *, *, #5403, .F. ) ;
#101 = ORIENTED_EDGE ( 'NONE', *, *, #1883, .F. ) ;
#102 = DIRECTION ( 'NONE',  ( -0.1569032754149065623, 0.9876139742652865205, -0.000000000000000000 ) ) ;
#103 = EDGE_CURVE ( 'NONE', #568, #1837, #6983, .T. ) ;
#104 = DIRECTION ( 'NONE',  ( 0.4182286202377304418, -0.9083417975707406278, 0.000000000000000000 ) ) ;
#105 = ADVANCED_FACE ( 'NONE', ( #1449 ), #1512, .F. ) ;
#106 = DIRECTION ( 'NONE',  ( 0.9083417975707345215, -0.4182286202377436535, 0.000000000000000000 ) ) ;
#107 = FACE_OUTER_BOUND ( 'NONE', #6517, .T. ) ;
#108 = LINE ( 'NONE', #8439, #10731 ) ;
#109 = VECTOR ( 'NONE', #5606, 1000.000000000000114 ) ;
#110 = DIRECTION ( 'NONE',  ( 0.000000000000000000, 0.000000000000000000, 1.000000000000000000 ) ) ;
#111 = ORIENTED_EDGE ( 'NONE', *, *, #1158, .T. ) ;
#112 = ORIENTED_EDGE ( 'NONE', *, *, #8292, .T. ) ;
#113 = CYLINDRICAL_SURFACE ( 'NONE', #2484, 0.6999999999999998446 ) ;
#114 = ORIENTED_EDGE ( 'NONE', *, *, #10495, .F. ) ;
#115 = EDGE_LOOP ( 'NONE', ( #4520, #7095, #8321, #4046, #3213, #1373, #5308, #1630 ) ) ;
#116 = CARTESIAN_POINT ( 'NONE',  ( -0.7500000000000000000, 19.32257073208606712, -34.29634816116375617 ) ) ;
#117 = CIRCLE ( 'NONE', #11181, 19.33712077059221812 ) ;
#118 = CARTESIAN_POINT ( 'NONE',  ( -18.78503423634787595, -0.2124635042615988234, -26.99634816116374836 ) ) ;
#119 = CARTESIAN_POINT ( 'NONE',  ( 3.004380104787341743, -18.02120595023191285, -26.63019140205943813 ) ) ;
#120 = DIRECTION ( 'NONE',  ( -0.000000000000000000, 0.000000000000000000, 1.000000000000000000 ) ) ;
#121 = CARTESIAN_POINT ( 'NONE',  ( 0.06945629112693578466, -18.76233852519460754, -34.29634816116375617 ) ) ;
#122 = DIRECTION ( 'NONE',  ( -0.000000000000000000, 0.000000000000000000, -1.000000000000000000 ) ) ;
#123 = CYLINDRICAL_SURFACE ( 'NONE', #3160, 0.7000000000000003997 ) ;
#124 = DIRECTION ( 'NONE',  ( 3.493063737212117561E-15, 1.000000000000000000, 0.000000000000000000 ) ) ;
#125 = DIRECTION ( 'NONE',  ( 0.8523920528607242808, 0.5229032302633827012, 0.000000000000000000 ) ) ;
#126 = EDGE_CURVE ( 'NONE', #4557, #5970, #1123, .T. ) ;
#127 = AXIS2_PLACEMENT_3D ( 'NONE', #2401, #6110, #8726 ) ;
#128 = VERTEX_POINT ( 'NONE', #3450 ) ;
#129 = ORIENTED_EDGE ( 'NONE', *, *, #1946, .T. ) ;
#130 = DIRECTION ( 'NONE',  ( 0.9380269381538425266, -0.3465623512410538898, 0.000000000000000000 ) ) ;
#131 = ORIENTED_EDGE ( 'NONE', *, *, #3970, .F. ) ;
#132 = DIRECTION ( 'NONE',  ( 0.7340002190031366114, 0.6791492313942111281, 0.000000000000000000 ) ) ;
#133 = ORIENTED_EDGE ( 'NONE', *, *, #9130, .T. ) ;
#134 = CIRCLE ( 'NONE', #1882, 10.39999999999998792 ) ;
#135 = CARTESIAN_POINT ( 'NONE',  ( 0.7512177223120534153, 19.82294300737611792, -26.81318386950226085 ) ) ;
#136 = AXIS2_PLACEMENT_3D ( 'NONE', #9939, #11825, #1637 ) ;
#137 = CARTESIAN_POINT ( 'NONE',  ( 14.18035528873453721, 13.62980611888840876, -33.59634816116375333 ) ) ;
#138 = B_SPLINE_CURVE_WITH_KNOTS ( 'NONE', 3,
 ( #9537, #9598, #4018, #5172, #11542, #11429, #4989, #7965 ),
 .UNSPECIFIED., .F., .F.,
 ( 4, 2, 2, 4 ),
 ( 0.000000000000000000, 0.0002734115678465716729, 0.0005468231356931433458, 0.001093646271386294064 ),
 .UNSPECIFIED. ) ;
#139 = VECTOR ( 'NONE', #2327, 1000.000000000000000 ) ;
#140 = CARTESIAN_POINT ( 'NONE',  ( -11.23996884221729609, -15.15186328545171790, -26.56607335038743045 ) ) ;
#141 = CARTESIAN_POINT ( 'NONE',  ( -4.400367338555659202, -17.74023083363039532, -26.81144803512891528 ) ) ;
#142 = DIRECTION ( 'NONE',  ( 0.9380269381538470785, 0.3465623512410412332, 0.000000000000000000 ) ) ;
#143 = AXIS2_PLACEMENT_3D ( 'NONE', #2942, #10584, #4891 ) ;
#144 = VECTOR ( 'NONE', #3777, 1000.000000000000000 ) ;
#145 = CIRCLE ( 'NONE', #5591, 19.30000000000008953 ) ;
#146 = ORIENTED_EDGE ( 'NONE', *, *, #4203, .F. ) ;
#147 = VECTOR ( 'NONE', #4207, 1000.000000000000114 ) ;
#148 = PLANE ( 'NONE',  #1702 ) ;
#149 = VERTEX_POINT ( 'NONE', #8853 ) ;
#150 = ORIENTED_EDGE ( 'NONE', *, *, #5523, .T. ) ;
#151 = CARTESIAN_POINT ( 'NONE',  ( 10.40285075565146755, -15.12149076192448227, -34.29634816116375617 ) ) ;
#152 = CARTESIAN_POINT ( 'NONE',  ( -10.40285075565169315, -15.12149076192433483, -26.29634816116374907 ) ) ;
#153 = CARTESIAN_POINT ( 'NONE',  ( -3.144186300207962859E-15, 0.5375364957382012809, -34.29634816116375617 ) ) ;
#154 = DIRECTION ( 'NONE',  ( 0.000000000000000000, -0.000000000000000000, -1.000000000000000000 ) ) ;
#155 = EDGE_CURVE ( 'NONE', #5642, #27, #10655, .T. ) ;
#156 = CARTESIAN_POINT ( 'NONE',  ( -0.3989343114037616767, 1.087170925056106130, -33.59634816116375333 ) ) ;
#157 = LINE ( 'NONE', #11332, #8863 ) ;
#158 = CIRCLE ( 'NONE', #951, 19.30000000000008242 ) ;
#159 = CARTESIAN_POINT ( 'NONE',  ( 0.02634122926532218162, -0.1411038584609914937, -33.59634816116375333 ) ) ;
#160 = AXIS2_PLACEMENT_3D ( 'NONE', #5364, #1786, #754 ) ;
#161 = CARTESIAN_POINT ( 'NONE',  ( -18.78208908959295087, 4.980487507341881503, -33.96250106665635826 ) ) ;
#162 = AXIS2_PLACEMENT_3D ( 'NONE', #1022, #166, #3877 ) ;
#163 = CARTESIAN_POINT ( 'NONE',  ( 0.000000000000000000, 0.5375364957382021691, -41.89634816116375760 ) ) ;
#164 = VECTOR ( 'NONE', #53, 1000.000000000000000 ) ;
#165 = B_SPLINE_CURVE_WITH_KNOTS ( 'NONE', 3,
 ( #4210, #450, #4155, #8888, #9670, #1362, #5070, #6943 ),
 .UNSPECIFIED., .F., .F.,
 ( 4, 2, 2, 4 ),
 ( 0.000000000000000000, 0.0002734140155771856272, 0.0005468280311543712545, 0.001093656062308726463 ),
 .UNSPECIFIED. ) ;
#166 = DIRECTION ( 'NONE',  ( 0.000000000000000000, 0.000000000000000000, 1.000000000000000000 ) ) ;
#167 = VERTEX_POINT ( 'NONE', #10606 ) ;
#168 = CARTESIAN_POINT ( 'NONE',  ( -18.27776732936867887, -3.862830842817129628, -33.59634816116375333 ) ) ;
#169 = DIRECTION ( 'NONE',  ( 1.000000000000000000, 0.000000000000000000, 0.000000000000000000 ) ) ;
#170 = DIRECTION ( 'NONE',  ( -1.000000000000000000, 0.000000000000000000, 0.000000000000000000 ) ) ;
#171 = CARTESIAN_POINT ( 'NONE',  ( 16.03586280835092737, 10.35034013448024659, -33.59634816116375333 ) ) ;
#172 = DIRECTION ( 'NONE',  ( -0.9876139742652871867, -0.1569032754149030928, 0.000000000000000000 ) ) ;
#173 = LINE ( 'NONE', #4858, #9572 ) ;
#174 = AXIS2_PLACEMENT_3D ( 'NONE', #10723, #6056, #9692 ) ;
#175 = DIRECTION ( 'NONE',  ( -1.000000000000000000, 0.000000000000000000, 0.000000000000000000 ) ) ;
#176 = EDGE_CURVE ( 'NONE', #8767, #7781, #3330, .T. ) ;
#177 = B_SPLINE_CURVE_WITH_KNOTS ( 'NONE', 3,
 ( #4107, #7809, #6774, #10471, #2165, #7685, #11454, #8838 ),
 .UNSPECIFIED., .F., .F.,
 ( 4, 2, 2, 4 ),
 ( 0.000000000000000000, 0.0002734144572333942484, 0.0005468289144667884969, 0.001093657828933583282 ),
 .UNSPECIFIED. ) ;
#178 = ADVANCED_FACE ( 'NONE', ( #9814 ), #2549, .F. ) ;
#179 = ADVANCED_FACE ( 'NONE', ( #7823 ), #1393, .F. ) ;
#180 = AXIS2_PLACEMENT_3D ( 'NONE', #5757, #9579, #9457 ) ;
#181 = ORIENTED_EDGE ( 'NONE', *, *, #8254, .F. ) ;
#183 = ORIENTED_EDGE ( 'NONE', *, *, #2048, .F. ) ;
#182 = ADVANCED_FACE ( 'NONE', ( #7879 ), #11581, .F. ) ;
#184 = CARTESIAN_POINT ( 'NONE',  ( -11.99999999999998757, 0.5375364957382036124, -43.49634816116374481 ) ) ;
#185 = ORIENTED_EDGE ( 'NONE', *, *, #10715, .F. ) ;
#186 = VERTEX_POINT ( 'NONE', #2362 ) ;
#187 = CARTESIAN_POINT ( 'NONE',  ( 6.495811729277876978, 18.17965771849759093, -33.78124828719859352 ) ) ;
#188 = CARTESIAN_POINT ( 'NONE',  ( -18.91548308395084632, 4.370877036411926042, -34.29634816116375617 ) ) ;
#189 = DIRECTION ( 'NONE',  ( -0.5874011683613039603, 0.8092959084338527953, -0.000000000000000000 ) ) ;
#190 = DIRECTION ( 'NONE',  ( -0.8092959084338527953, -0.5874011683613039603, 0.000000000000000000 ) ) ;
#191 = CARTESIAN_POINT ( 'NONE',  ( 0.2353682975069713024, -0.09952578947060872205, -33.59634816116375333 ) ) ;
#192 = ADVANCED_FACE ( 'NONE', ( #6070 ), #538, .F. ) ;
#193 = CARTESIAN_POINT ( 'NONE',  ( 0.000000000000000000, 0.5375364957382021691, -37.89634816116375760 ) ) ;
#194 = DIRECTION ( 'NONE',  ( 0.000000000000000000, 0.000000000000000000, 1.000000000000000000 ) ) ;
#195 = VECTOR ( 'NONE', #9535, 1000.000000000000000 ) ;
#196 = DIRECTION ( 'NONE',  ( -0.000000000000000000, 0.000000000000000000, 1.000000000000000000 ) ) ;
#197 = CARTESIAN_POINT ( 'NONE',  ( 10.40285075565146755, -15.12149076192448227, -26.29634816116374907 ) ) ;
#198 = EDGE_CURVE ( 'NONE', #11441, #5122, #839, .T. ) ;
#199 = ORIENTED_EDGE ( 'NONE', *, *, #4936, .T. ) ;
#200 = EDGE_LOOP ( 'NONE', ( #6478, #2212 ) ) ;
#201 = VECTOR ( 'NONE', #1151, 999.9999999999998863 ) ;
#202 = LINE ( 'NONE', #8588, #2079 ) ;
#203 = VERTEX_POINT ( 'NONE', #2773 ) ;
#204 = CARTESIAN_POINT ( 'NONE',  ( -16.08584744898875130, -10.12714877143520020, -26.29634816116374907 ) ) ;
#205 = ORIENTED_EDGE ( 'NONE', *, *, #4362, .F. ) ;
#206 = DIRECTION ( 'NONE',  ( 1.000000000000000000, 0.000000000000000000, 0.000000000000000000 ) ) ;
#207 = ORIENTED_EDGE ( 'NONE', *, *, #6082, .T. ) ;
#208 = CARTESIAN_POINT ( 'NONE',  ( -3.437090728610998180, 19.02119274008841998, -34.29634816116377038 ) ) ;
#209 = CARTESIAN_POINT ( 'NONE',  ( 0.000000000000000000, 0.5375364957382021691, -43.49634816116374481 ) ) ;
#210 = FACE_OUTER_BOUND ( 'NONE', #11537, .T. ) ;
#211 = CARTESIAN_POINT ( 'NONE',  ( -13.59795948890235628, 14.23372201354474598, -34.29634816116375617 ) ) ;
#212 = EDGE_LOOP ( 'NONE', ( #1277, #7455, #7778, #6891 ) ) ;
#213 = EDGE_LOOP ( 'NONE', ( #2685, #10141, #3708, #5506 ) ) ;
#214 = CARTESIAN_POINT ( 'NONE',  ( -3.618530594455353189, -17.91051692020711883, -34.29634816116375617 ) ) ;
#215 = ORIENTED_EDGE ( 'NONE', *, *, #6125, .T. ) ;
#216 = ORIENTED_EDGE ( 'NONE', *, *, #10703, .F. ) ;
#217 = CARTESIAN_POINT ( 'NONE',  ( 10.07425525387379928, 16.99959533051945471, -26.99634816116374836 ) ) ;
#218 = LINE ( 'NONE', #2820, #775 ) ;
#219 = LINE ( 'NONE', #9735, #4658 ) ;
#220 =( NAMED_UNIT ( * ) SI_UNIT ( $, .STERADIAN. ) SOLID_ANGLE_UNIT ( ) );
#221 = DIRECTION ( 'NONE',  ( 0.000000000000000000, 0.000000000000000000, -1.000000000000000000 ) ) ;
#222 = CARTESIAN_POINT ( 'NONE',  ( -13.09226962315006304, 14.71789178447287583, -33.78124629862856665 ) ) ;
#223 = DIRECTION ( 'NONE',  ( 0.4182286202377435425, 0.9083417975707345215, 0.000000000000000000 ) ) ;
#224 = CARTESIAN_POINT ( 'NONE',  ( -9.812803638741881329, 16.57339930408922157, -26.81144803512891528 ) ) ;
#225 = EDGE_LOOP ( 'NONE', ( #9733, #11638, #10436, #10456 ) ) ;
#226 = EDGE_CURVE ( 'NONE', #186, #1758, #6371, .T. ) ;
#227 = CARTESIAN_POINT ( 'NONE',  ( 15.61368827667435966, -9.955964425554084229, -26.99634816116374836 ) ) ;
#228 = LINE ( 'NONE', #7635, #10639 ) ;
#229 = ORIENTED_EDGE ( 'NONE', *, *, #6132, .T. ) ;
#230 = CARTESIAN_POINT ( 'NONE',  ( -18.42853067367109077, -3.179141551947020083, -34.29634816116375617 ) ) ;
#231 = DIRECTION ( 'NONE',  ( -0.8523920528607193958, 0.5229032302633908058, 0.000000000000000000 ) ) ;
#232 = DIRECTION ( 'NONE',  ( -0.5874011683613122869, 0.8092959084338466891, 0.000000000000000000 ) ) ;
#233 = CARTESIAN_POINT ( 'NONE',  ( -18.57040281239285306, -2.391652922212281762, -34.29634816116375617 ) ) ;
#234 = CYLINDRICAL_SURFACE ( 'NONE', #2840, 8.799999999999993605 ) ;
#235 = DIRECTION ( 'NONE',  ( 0.5229032302633759288, -0.8523920528607283886, 0.000000000000000000 ) ) ;
#236 = B_SPLINE_CURVE_WITH_KNOTS ( 'NONE', 3,
 ( #511, #7013, #5633, #7568, #2951, #9335, #1728, #9977 ),
 .UNSPECIFIED., .F., .F.,
 ( 4, 2, 2, 4 ),
 ( 0.000000000000000000, 0.0002734144572333947905, 0.0005468289144667895811, 0.001093657828933583716 ),
 .UNSPECIFIED. ) ;
#237 = CARTESIAN_POINT ( 'NONE',  ( -18.27776732936868598, -3.862830842817129184, -26.90389799132447024 ) ) ;
#238 = ORIENTED_EDGE ( 'NONE', *, *, #2013, .T. ) ;
#239 = ORIENTED_EDGE ( 'NONE', *, *, #9032, .F. ) ;
#240 = AXIS2_PLACEMENT_3D ( 'NONE', #8793, #11578, #11828 ) ;
#241 = CARTESIAN_POINT ( 'NONE',  ( -16.03586280835078526, 10.35034013448047752, -26.99634816116374836 ) ) ;
#242 = ORIENTED_EDGE ( 'NONE', *, *, #5027, .F. ) ;
#243 = ORIENTED_EDGE ( 'NONE', *, *, #1757, .F. ) ;
#244 = CARTESIAN_POINT ( 'NONE',  ( 6.495811729277876090, 18.17965771849759804, -33.59634816116375333 ) ) ;
#245 = EDGE_CURVE ( 'NONE', #25, #8492, #9273, .T. ) ;
#246 = CARTESIAN_POINT ( 'NONE',  ( 15.76135401275432102, -9.711310294054470660, -26.29634816116374552 ) ) ;
#247 = CARTESIAN_POINT ( 'NONE',  ( -18.57040281239279977, 3.466725913689079785, -34.29634816116375617 ) ) ;
#248 = CARTESIAN_POINT ( 'NONE',  ( 13.00574236495429403, 14.11275381993629807, -34.20801078711517107 ) ) ;
#249 = ADVANCED_FACE ( 'NONE', ( #4487 ), #8250, .T. ) ;
#250 = CARTESIAN_POINT ( 'NONE',  ( -13.09226962315006482, 14.71789178447287760, -26.90389895507296103 ) ) ;
#251 = CARTESIAN_POINT ( 'NONE',  ( -17.45666576429960770, 7.515909092282476500, -34.27817972094532450 ) ) ;
#252 = CARTESIAN_POINT ( 'NONE',  ( -9.812803638741883105, 16.57339930408922513, -26.99634816116374836 ) ) ;
#253 = CARTESIAN_POINT ( 'NONE',  ( 19.28465801595087115, 1.306929248384651965, -33.59634816116375333 ) ) ;
#254 = EDGE_CURVE ( 'NONE', #10279, #9342, #966, .T. ) ;
#255 = AXIS2_PLACEMENT_3D ( 'NONE', #5663, #5607, #6746 ) ;
#256 = DIRECTION ( 'NONE',  ( 0.000000000000000000, 0.000000000000000000, 1.000000000000000000 ) ) ;
#257 = VERTEX_POINT ( 'NONE', #3629 ) ;
#258 = VERTEX_POINT ( 'NONE', #2722 ) ;
#259 = DIRECTION ( 'NONE',  ( 0.5874011683613209467, 0.8092959084338404718, -0.000000000000000000 ) ) ;
#260 = EDGE_LOOP ( 'NONE', ( #819, #3404, #3723, #1667, #7608, #4912, #1159, #4260 ) ) ;
#261 = EDGE_LOOP ( 'NONE', ( #4223, #3766, #11401, #303 ) ) ;
#262 = CARTESIAN_POINT ( 'NONE',  ( -18.27776732936859005, 4.937903834293920546, -33.59634816116375333 ) ) ;
#263 = EDGE_LOOP ( 'NONE', ( #9700, #3312, #601, #1245 ) ) ;
#264 = CYLINDRICAL_SURFACE ( 'NONE', #6375, 0.6999999999999999556 ) ;
#265 = EDGE_CURVE ( 'NONE', #4923, #5736, #4425, .T. ) ;
#266 = LINE ( 'NONE', #1916, #8665 ) ;
#267 = CARTESIAN_POINT ( 'NONE',  ( -10.07425525387392184, -15.92452233904298176, -26.99634816116374836 ) ) ;
#268 = CARTESIAN_POINT ( 'NONE',  ( -13.09226962315036502, -13.64281879299619504, -33.59634816116375333 ) ) ;
#269 = B_SPLINE_CURVE_WITH_KNOTS ( 'NONE', 3,
 ( #7688, #7567, #4052, #3138, #2285, #2226, #5206, #11697 ),
 .UNSPECIFIED., .F., .F.,
 ( 4, 2, 2, 4 ),
 ( 0.000000000000000000, 0.0002734140155771824288, 0.0005468280311543648577, 0.001093656062308726246 ),
 .UNSPECIFIED. ) ;
#270 = ORIENTED_EDGE ( 'NONE', *, *, #6202, .T. ) ;
#271 = ORIENTED_EDGE ( 'NONE', *, *, #9232, .F. ) ;
#272 = DIRECTION ( 'NONE',  ( -0.000000000000000000, -0.000000000000000000, 1.000000000000000000 ) ) ;
#273 = ORIENTED_EDGE ( 'NONE', *, *, #5103, .T. ) ;
#274 = CARTESIAN_POINT ( 'NONE',  ( -12.94954787196674140, 14.16633129926446166, -26.43662391211885065 ) ) ;
#275 = ORIENTED_EDGE ( 'NONE', *, *, #9186, .F. ) ;
#276 = CARTESIAN_POINT ( 'NONE',  ( 10.24884678979250197, -15.22381751701623465, -34.29634816116376328 ) ) ;
#277 = EDGE_CURVE ( 'NONE', #3879, #2191, #1931, .T. ) ;
#278 = CARTESIAN_POINT ( 'NONE',  ( 7.823042886243205984, -13.76246350426182374, -44.29634816116374907 ) ) ;
#279 = CARTESIAN_POINT ( 'NONE',  ( 0.2986392761938067575, 0.09059123402828839211, -34.29634816116375617 ) ) ;
#280 = CARTESIAN_POINT ( 'NONE',  ( -3.198396408832238080E-15, 0.5375364957382012809, -34.29634816116375617 ) ) ;
#281 = CARTESIAN_POINT ( 'NONE',  ( 17.38763894355421868, -6.610501729479817179, -34.29634816116375617 ) ) ;
#282 = DIRECTION ( 'NONE',  ( 0.2329837807837338015, -0.9724806208309330069, 0.000000000000000000 ) ) ;
#283 = B_SPLINE_CURVE_WITH_KNOTS ( 'NONE', 3,
 ( #3836, #3717, #19, #9305, #10321, #2074, #2018, #9243 ),
 .UNSPECIFIED., .F., .F.,
 ( 4, 2, 2, 4 ),
 ( 0.000000000000000000, 0.0002734115678465719439, 0.0005468231356931438879, 0.001093646271386294064 ),
 .UNSPECIFIED. ) ;
#284 = CARTESIAN_POINT ( 'NONE',  ( 0.3800957012717303130, 0.1574407944664631132, -34.29634816116375617 ) ) ;
#285 = ADVANCED_FACE ( 'NONE', ( #4666 ), #5459, .F. ) ;
#286 = VERTEX_POINT ( 'NONE', #11832 ) ;
#287 = CARTESIAN_POINT ( 'NONE',  ( -17.64212122275947081, -5.958275233539477966, -33.59634816116375333 ) ) ;
#288 = CARTESIAN_POINT ( 'NONE',  ( 0.000000000000000000, 0.5375364957382021691, -21.29634816116374907 ) ) ;
#289 = EDGE_LOOP ( 'NONE', ( #9784, #7048, #8222, #1742 ) ) ;
#290 = ORIENTED_EDGE ( 'NONE', *, *, #8414, .F. ) ;
#291 = CARTESIAN_POINT ( 'NONE',  ( -18.95437750673507793, -3.161434341905436707, -34.29634816116375617 ) ) ;
#292 = CARTESIAN_POINT ( 'NONE',  ( 7.786515877027301968, -17.12249835045798463, -34.22032890332828003 ) ) ;
#293 = DIRECTION ( 'NONE',  ( -0.000000000000000000, -0.000000000000000000, 1.000000000000000000 ) ) ;
#294 = CARTESIAN_POINT ( 'NONE',  ( 15.65902725766256687, -9.865314259913438022, -34.29634816116375617 ) ) ;
#295 = DIRECTION ( 'NONE',  ( -0.8314696123025445695, 0.5555702330196032879, 0.000000000000000000 ) ) ;
#296 = ADVANCED_FACE ( 'NONE', ( #11037 ), #8197, .F. ) ;
#297 = LINE ( 'NONE', #4920, #12000 ) ;
#298 = B_SPLINE_CURVE_WITH_KNOTS ( 'NONE', 3,
 ( #9071, #869, #2688, #11969, #7195, #5539, #10199, #923 ),
 .UNSPECIFIED., .F., .F.,
 ( 4, 2, 2, 4 ),
 ( 5.421010862427522170E-20, 0.0002734144572333958747, 0.0005468289144667916411, 0.001093657828933583499 ),
 .UNSPECIFIED. ) ;
#299 = VERTEX_POINT ( 'NONE', #2605 ) ;
#300 = ORIENTED_EDGE ( 'NONE', *, *, #8013, .T. ) ;
#301 = CARTESIAN_POINT ( 'NONE',  ( 15.66983054716647139, -9.871941580006465600, -34.29634816116375617 ) ) ;
#302 = ORIENTED_EDGE ( 'NONE', *, *, #11242, .T. ) ;
#303 = ORIENTED_EDGE ( 'NONE', *, *, #5530, .F. ) ;
#304 = CARTESIAN_POINT ( 'NONE',  ( 6.567282823510580236, 18.15355242743847697, -33.96250492026807422 ) ) ;
#305 = CARTESIAN_POINT ( 'NONE',  ( 18.08510766236694067, -6.203054361264849881, -26.63019525567114698 ) ) ;
#306 = DIRECTION ( 'NONE',  ( 0.9992475592060079403, 0.03878550529303135402, 0.000000000000000000 ) ) ;
#307 = CARTESIAN_POINT ( 'NONE',  ( 13.12755238451709694, 13.99488512369716808, -34.27817972094532450 ) ) ;
#308 = DIRECTION ( 'NONE',  ( 0.6791492313942085746, -0.7340002190031389429, 0.000000000000000000 ) ) ;
#309 = DIRECTION ( 'NONE',  ( 0.000000000000000000, 0.000000000000000000, -1.000000000000000000 ) ) ;
#310 = EDGE_CURVE ( 'NONE', #7245, #2280, #6584, .T. ) ;
#311 = DIRECTION ( 'NONE',  ( 0.8092959084338466891, 0.5874011683613122869, -0.000000000000000000 ) ) ;
#312 = DIRECTION ( 'NONE',  ( 0.000000000000000000, 0.000000000000000000, -1.000000000000000000 ) ) ;
#313 = LINE ( 'NONE', #8703, #8889 ) ;
#314 = EDGE_CURVE ( 'NONE', #9495, #3823, #7396, .T. ) ;
#315 = EDGE_LOOP ( 'NONE', ( #4885, #10876, #7959, #10892 ) ) ;
#316 = CIRCLE ( 'NONE', #1868, 19.33712077059222523 ) ;
#317 = ORIENTED_EDGE ( 'NONE', *, *, #480, .T. ) ;
#318 = LINE ( 'NONE', #4940, #3050 ) ;
#319 = EDGE_LOOP ( 'NONE', ( #11232, #3247, #6280, #1081, #9743, #1723, #11813, #1174 ) ) ;
#320 = VERTEX_POINT ( 'NONE', #898 ) ;
#321 = DIRECTION ( 'NONE',  ( 0.3826834323650804559, -0.9238795325112906243, 0.000000000000000000 ) ) ;
#322 = ADVANCED_FACE ( 'NONE', ( #6315 ), #9110, .F. ) ;
#323 = ORIENTED_EDGE ( 'NONE', *, *, #2489, .F. ) ;
#324 = CARTESIAN_POINT ( 'NONE',  ( -10.30347835960004410, 16.85723332988574441, -34.15606879818032127 ) ) ;
#325 = DIRECTION ( 'NONE',  ( 0.000000000000000000, 0.000000000000000000, -1.000000000000000000 ) ) ;
#326 = AXIS2_PLACEMENT_3D ( 'NONE', #5086, #6181, #1571 ) ;
#327 = ADVANCED_FACE ( 'NONE', ( #1697 ), #8308, .F. ) ;
#328 = LINE ( 'NONE', #8652, #9081 ) ;
#329 = AXIS2_PLACEMENT_3D ( 'NONE', #4609, #2736, #6445 ) ;
#330 = CARTESIAN_POINT ( 'NONE',  ( -3.198396408832238080E-15, 0.5375364957382012809, -34.29634816116375617 ) ) ;
#331 = ADVANCED_FACE ( 'NONE', ( #5569 ), #7447, .F. ) ;
#332 = ADVANCED_FACE ( 'NONE', ( #9045 ), #7224, .F. ) ;
#333 = AXIS2_PLACEMENT_3D ( 'NONE', #233, #3207, #6800 ) ;
#334 = ORIENTED_EDGE ( 'NONE', *, *, #3747, .T. ) ;
#335 = EDGE_CURVE ( 'NONE', #8768, #8182, #5173, .T. ) ;
#336 = ORIENTED_EDGE ( 'NONE', *, *, #8141, .F. ) ;
#337 = AXIS2_PLACEMENT_3D ( 'NONE', #1005, #8468, #10164 ) ;
#338 = FACE_OUTER_BOUND ( 'NONE', #4422, .T. ) ;
#339 = ORIENTED_EDGE ( 'NONE', *, *, #6274, .F. ) ;
#340 = EDGE_CURVE ( 'NONE', #2150, #5035, #10236, .T. ) ;
#341 = EDGE_CURVE ( 'NONE', #11012, #2211, #1412, .T. ) ;
#342 = CARTESIAN_POINT ( 'NONE',  ( -12.80873562619533601, 14.29942272721566709, -26.63019140205944169 ) ) ;
#343 = ORIENTED_EDGE ( 'NONE', *, *, #3806, .T. ) ;
#344 = CARTESIAN_POINT ( 'NONE',  ( -7.881631028044558285, 17.60563256995007109, -33.59634816116375333 ) ) ;
#345 = VECTOR ( 'NONE', #1063, 1000.000000000000000 ) ;
#346 = EDGE_CURVE ( 'NONE', #11246, #8630, #8422, .T. ) ;
#347 = CARTESIAN_POINT ( 'NONE',  ( 18.79836378309494194, 0.3043353355905037971, -26.31451660138218074 ) ) ;
#348 = CARTESIAN_POINT ( 'NONE',  ( 18.78503423634787239, 1.287536495738133224, -33.78124828719860062 ) ) ;
#349 = CARTESIAN_POINT ( 'NONE',  ( -18.78503423634786174, 1.287536495738401232, -26.99634816116374836 ) ) ;
#350 = CARTESIAN_POINT ( 'NONE',  ( -14.18035528873463136, -12.55473312741190739, -26.99634816116374836 ) ) ;
#351 = CARTESIAN_POINT ( 'NONE',  ( -3.184081677783118191E-15, 0.5375364957382011699, -44.29634816116374907 ) ) ;
#352 = VECTOR ( 'NONE', #2879, 1000.000000000000000 ) ;
#353 = ADVANCED_FACE ( 'NONE', ( #8477 ), #1068, .F. ) ;
#354 = VECTOR ( 'NONE', #4149, 1000.000000000000114 ) ;
#355 = CARTESIAN_POINT ( 'NONE',  ( 4.516859228947260441, -18.22647114404592728, -26.81145002369893149 ) ) ;
#356 = AXIS2_PLACEMENT_3D ( 'NONE', #7192, #6397, #6282 ) ;
#357 = LINE ( 'NONE', #5877, #4518 ) ;
#358 = VECTOR ( 'NONE', #2146, 1000.000000000000000 ) ;
#359 = AXIS2_PLACEMENT_3D ( 'NONE', #7075, #2584, #6296 ) ;
#361 = CARTESIAN_POINT ( 'NONE',  ( -4.442951011603613942, -18.24455259385476680, -33.96250106665636537 ) ) ;
#360 = AXIS2_PLACEMENT_3D ( 'NONE', #11753, #4577, #9151 ) ;
#362 = ORIENTED_EDGE ( 'NONE', *, *, #3447, .F. ) ;
#363 = VERTEX_POINT ( 'NONE', #11204 ) ;
#364 = CARTESIAN_POINT ( 'NONE',  ( -17.39952757689074758, -6.614894090247172009, -26.99634816116374836 ) ) ;
#365 = VECTOR ( 'NONE', #7852, 1000.000000000000114 ) ;
#366 = CARTESIAN_POINT ( 'NONE',  ( 7.409272154180665204, 17.81571781924424158, -26.31451660138218074 ) ) ;
#367 = CARTESIAN_POINT ( 'NONE',  ( -16.46205883478135590, -9.536718758135423357, -33.78124629862856665 ) ) ;
#368 = CARTESIAN_POINT ( 'NONE',  ( 16.03586280835084921, -9.275267143003963710, -33.78124828719859352 ) ) ;
#369 = CIRCLE ( 'NONE', #9282, 11.99999999999998757 ) ;
#370 = CARTESIAN_POINT ( 'NONE',  ( 15.65902725766256687, -9.865314259913438022, -34.29634816116375617 ) ) ;
#371 = AXIS2_PLACEMENT_3D ( 'NONE', #7837, #6083, #3215 ) ;
#372 = ORIENTED_EDGE ( 'NONE', *, *, #472, .F. ) ;
#373 = ORIENTED_EDGE ( 'NONE', *, *, #11887, .T. ) ;
#374 = CARTESIAN_POINT ( 'NONE',  ( 7.152430585985438682, -16.86199108115251022, -26.99634816116374836 ) ) ;
#375 = VERTEX_POINT ( 'NONE', #8772 ) ;
#376 = ORIENTED_EDGE ( 'NONE', *, *, #9631, .F. ) ;
#377 = CARTESIAN_POINT ( 'NONE',  ( -11.35370864137636637, 16.14469190877676041, -33.68879736725453000 ) ) ;
#378 = VECTOR ( 'NONE', #11888, 1000.000000000000000 ) ;
#379 = DIRECTION ( 'NONE',  ( 0.000000000000000000, -0.000000000000000000, -1.000000000000000000 ) ) ;
#380 = CARTESIAN_POINT ( 'NONE',  ( 10.94617733506718515, -14.74709490642684351, -26.56606956038672251 ) ) ;
#381 = DIRECTION ( 'NONE',  ( -0.8092959084338383624, 0.5874011683613238333, 0.000000000000000000 ) ) ;
#382 = DIRECTION ( 'NONE',  ( 0.000000000000000000, 0.000000000000000000, -1.000000000000000000 ) ) ;
#383 = DIRECTION ( 'NONE',  ( -0.9807852804032330951, -0.1950903220161147589, 0.000000000000000000 ) ) ;
#384 = DIRECTION ( 'NONE',  ( 0.000000000000000000, 0.000000000000000000, 1.000000000000000000 ) ) ;
#385 = CARTESIAN_POINT ( 'NONE',  ( -7.199999999999994849, 0.5375364957382030573, -38.69634816116376186 ) ) ;
#386 = AXIS2_PLACEMENT_3D ( 'NONE', #11146, #6535, #10234 ) ;
#387 = LINE ( 'NONE', #2206, #3649 ) ;
#388 = ORIENTED_EDGE ( 'NONE', *, *, #7367, .T. ) ;
#389 = EDGE_CURVE ( 'NONE', #7393, #9201, #6597, .T. ) ;
#390 = EDGE_LOOP ( 'NONE', ( #7663, #4796, #5548, #11468 ) ) ;
#391 = CARTESIAN_POINT ( 'NONE',  ( 14.18035528873443951, -12.55473312741210989, -26.99634816116374836 ) ) ;
#392 = ORIENTED_EDGE ( 'NONE', *, *, #2187, .F. ) ;
#393 = VERTEX_POINT ( 'NONE', #7855 ) ;
#394 = CARTESIAN_POINT ( 'NONE',  ( -10.78018685808393506, 16.54620824903484433, -34.29634816116375617 ) ) ;
#395 = ORIENTED_EDGE ( 'NONE', *, *, #9171, .T. ) ;
#396 = CONICAL_SURFACE ( 'NONE', #180, 18.18509333353224022, 0.6981317007977995148 ) ;
#397 = LINE ( 'NONE', #11621, #2680 ) ;
#398 = PLANE ( 'NONE',  #11364 ) ;
#399 = CARTESIAN_POINT ( 'NONE',  ( -4.137545402711779730, -17.80137175763068313, -26.43662391211885065 ) ) ;
#400 = CARTESIAN_POINT ( 'NONE',  ( -9.828321525593342045, 16.56390714353884519, -33.77951444777792744 ) ) ;
#401 = ORIENTED_EDGE ( 'NONE', *, *, #2803, .T. ) ;
#402 = ORIENTED_EDGE ( 'NONE', *, *, #6497, .F. ) ;
#403 = CARTESIAN_POINT ( 'NONE',  ( -7.881631028044929543, -16.53055957847350044, -26.99634816116374836 ) ) ;
#404 = VERTEX_POINT ( 'NONE', #10647 ) ;
#405 = LINE ( 'NONE', #5081, #10811 ) ;
#406 = ORIENTED_EDGE ( 'NONE', *, *, #2632, .F. ) ;
#407 = CARTESIAN_POINT ( 'NONE',  ( -3.144186300207962859E-15, 0.5375364957382012809, -34.29634816116375617 ) ) ;
#408 = CARTESIAN_POINT ( 'NONE',  ( 18.79372633854090324, 0.05723638433247053847, -26.43662391211885065 ) ) ;
#409 = CARTESIAN_POINT ( 'NONE',  ( 19.30000000000007887, 0.5375364957382012809, -101.8849916687654371 ) ) ;
#410 = DIRECTION ( 'NONE',  ( 0.9380269381538450801, -0.3465623512410465623, 0.000000000000000000 ) ) ;
#411 = AXIS2_PLACEMENT_3D ( 'NONE', #652, #9875, #4356 ) ;
#412 = EDGE_CURVE ( 'NONE', #8705, #9745, #10094, .T. ) ;
#413 = CARTESIAN_POINT ( 'NONE',  ( 18.57040281239280688, -2.391652922212551324, -34.29634816116375617 ) ) ;
#414 = DIRECTION ( 'NONE',  ( -0.000000000000000000, -0.000000000000000000, 1.000000000000000000 ) ) ;
#415 = EDGE_CURVE ( 'NONE', #10062, #2655, #1562, .T. ) ;
#416 = ORIENTED_EDGE ( 'NONE', *, *, #8736, .F. ) ;
#417 = CARTESIAN_POINT ( 'NONE',  ( -13.81335517923278999, 13.29023150319149416, -33.59634816116375333 ) ) ;
#418 = ADVANCED_FACE ( 'NONE', ( #6947 ), #4841, .F. ) ;
#419 = CARTESIAN_POINT ( 'NONE',  ( -6.495811729277623847, 18.17965771849769396, -26.99634816116374836 ) ) ;
#420 = ORIENTED_EDGE ( 'NONE', *, *, #4417, .T. ) ;
#421 = DIRECTION ( 'NONE',  ( -0.9238795325112864054, 0.3826834323650906700, 0.000000000000000000 ) ) ;
#422 = CARTESIAN_POINT ( 'NONE',  ( -7.236035070373139533, -17.35487371633447751, -26.29634816116375262 ) ) ;
#423 = DIRECTION ( 'NONE',  ( 0.8092959084338468001, 0.5874011683613123980, 0.000000000000000000 ) ) ;
#424 = CARTESIAN_POINT ( 'NONE',  ( 10.78018685808415178, 16.54620824903469156, -26.29634816116374907 ) ) ;
#425 = DIRECTION ( 'NONE',  ( 0.000000000000000000, 0.000000000000000000, 1.000000000000000000 ) ) ;
#426 = EDGE_CURVE ( 'NONE', #3879, #8139, #219, .T. ) ;
#427 = CARTESIAN_POINT ( 'NONE',  ( 0.7318237867870250879, 19.32329956504736046, -33.77951444777792744 ) ) ;
#428 = VERTEX_POINT ( 'NONE', #1425 ) ;
#429 = CARTESIAN_POINT ( 'NONE',  ( 18.48365624435017551, 3.974627224349395416, -34.29634816116375617 ) ) ;
#430 = FACE_OUTER_BOUND ( 'NONE', #263, .T. ) ;
#431 = ORIENTED_EDGE ( 'NONE', *, *, #4124, .T. ) ;
#432 = VERTEX_POINT ( 'NONE', #8830 ) ;
#433 = DIRECTION ( 'NONE',  ( -0.000000000000000000, -0.000000000000000000, 1.000000000000000000 ) ) ;
#434 = EDGE_CURVE ( 'NONE', #8335, #3935, #236, .T. ) ;
#435 = CIRCLE ( 'NONE', #11103, 19.33712077059222167 ) ;
#436 = CARTESIAN_POINT ( 'NONE',  ( 17.98830964146292288, -6.456596664681033104, -26.38468825395369777 ) ) ;
#437 = CARTESIAN_POINT ( 'NONE',  ( 0.05003513775708186284, -18.26198304561101082, -34.29634816116375617 ) ) ;
#438 = DIRECTION ( 'NONE',  ( 0.5229032302633979112, 0.8523920528607149549, 0.000000000000000000 ) ) ;
#439 = CARTESIAN_POINT ( 'NONE',  ( 0.2057063112105950997, 1.034155462128565572, -26.29634816116374907 ) ) ;
#440 = CARTESIAN_POINT ( 'NONE',  ( 13.81335517923296763, 13.29023150319130231, -33.59634816116375333 ) ) ;
#441 = CARTESIAN_POINT ( 'NONE',  ( 5.949999999999999289, 9.087536495738202547, 53.36789795213030629 ) ) ;
#442 = CARTESIAN_POINT ( 'NONE',  ( 17.06809607421173780, -7.344094532306669976, -33.68879833100304211 ) ) ;
#443 = DIRECTION ( 'NONE',  ( 1.521687259628777768E-16, 1.000000000000000000, 0.000000000000000000 ) ) ;
#444 = AXIS2_PLACEMENT_3D ( 'NONE', #4910, #3200, #8617 ) ;
#445 = ORIENTED_EDGE ( 'NONE', *, *, #9083, .T. ) ;
#446 = ORIENTED_EDGE ( 'NONE', *, *, #8938, .F. ) ;
#447 = LINE ( 'NONE', #10640, #3642 ) ;
#448 = ORIENTED_EDGE ( 'NONE', *, *, #1658, .F. ) ;
#449 = EDGE_LOOP ( 'NONE', ( #6092, #10916 ) ) ;
#450 = CARTESIAN_POINT ( 'NONE',  ( -18.57040281239285662, -2.391652922212282206, -33.68879833100303500 ) ) ;
#451 = ORIENTED_EDGE ( 'NONE', *, *, #1703, .T. ) ;
#452 = CARTESIAN_POINT ( 'NONE',  ( 17.52226697299715497, 8.628281833901814579, -34.29634816116375617 ) ) ;
#453 = CARTESIAN_POINT ( 'NONE',  ( 19.04193916668342723, -2.608686293630820163, -34.02662297194006413 ) ) ;
#454 = CARTESIAN_POINT ( 'NONE',  ( 7.618618407244088786, 18.27038274183263411, -34.27817872468220628 ) ) ;
#455 = CIRCLE ( 'NONE', #255, 19.30000000000008242 ) ;
#456 = CARTESIAN_POINT ( 'NONE',  ( 18.48365624435014709, -2.899554232873126747, -26.29634816116374907 ) ) ;
#457 = CARTESIAN_POINT ( 'NONE',  ( -7.148038225217703712, 17.92517543929255197, -34.29634816116375617 ) ) ;
#458 = ORIENTED_EDGE ( 'NONE', *, *, #11980, .T. ) ;
#459 = ORIENTED_EDGE ( 'NONE', *, *, #475, .F. ) ;
#460 = CARTESIAN_POINT ( 'NONE',  ( 10.10744715304713104, 16.38920429162435610, -34.20801078711517107 ) ) ;
#461 = ORIENTED_EDGE ( 'NONE', *, *, #7390, .F. ) ;
#462 = CARTESIAN_POINT ( 'NONE',  ( -6.495811729278003099, -17.10458472702114463, -34.29634816116375617 ) ) ;
#463 = VERTEX_POINT ( 'NONE', #3422 ) ;
#464 = DIRECTION ( 'NONE',  ( -0.000000000000000000, -0.000000000000000000, 1.000000000000000000 ) ) ;
#465 = B_SPLINE_CURVE_WITH_KNOTS ( 'NONE', 3,
 ( #6273, #5526, #5420, #11054, #743, #9228, #4446, #8160 ),
 .UNSPECIFIED., .F., .F.,
 ( 4, 2, 2, 4 ),
 ( 0.000000000000000000, 0.0002734115678465758471, 0.0005468231356931516941, 0.001093646271386295148 ),
 .UNSPECIFIED. ) ;
#466 = CARTESIAN_POINT ( 'NONE',  ( 11.35370864137646940, -15.06961891730028746, -33.59634816116375333 ) ) ;
#467 = CARTESIAN_POINT ( 'NONE',  ( -0.4966189663903671225, 0.3318301845276023232, -26.29634816116374907 ) ) ;
#468 = LINE ( 'NONE', #8914, #916 ) ;
#469 = DIRECTION ( 'NONE',  ( -0.9724806208309331179, -0.2329837807837338293, 0.000000000000000000 ) ) ;
#470 = ADVANCED_FACE ( 'NONE', ( #1484 ), #812, .F. ) ;
#471 = DIRECTION ( 'NONE',  ( -0.000000000000000000, -0.000000000000000000, 1.000000000000000000 ) ) ;
#472 = EDGE_CURVE ( 'NONE', #7513, #4546, #1935, .T. ) ;
#473 = ORIENTED_EDGE ( 'NONE', *, *, #3739, .F. ) ;
#474 = CARTESIAN_POINT ( 'NONE',  ( 7.881631028044809639, 17.60563256994996806, -33.68879833100304211 ) ) ;
#475 = EDGE_CURVE ( 'NONE', #6825, #10143, #5041, .T. ) ;
#476 = CARTESIAN_POINT ( 'NONE',  ( 15.85166779588620045, 10.64498364878527603, -26.38468553521233417 ) ) ;
#477 = EDGE_LOOP ( 'NONE', ( #8094, #2039, #8530, #451, #1561 ) ) ;
#478 = DIRECTION ( 'NONE',  ( 0.7340002190031343909, 0.6791492313942134595, 0.000000000000000000 ) ) ;
#479 = FACE_OUTER_BOUND ( 'NONE', #1377, .T. ) ;
#480 = EDGE_CURVE ( 'NONE', #9394, #11385, #2894, .T. ) ;
#481 = DIRECTION ( 'NONE',  ( 0.000000000000000000, 0.000000000000000000, -1.000000000000000000 ) ) ;
#482 = CARTESIAN_POINT ( 'NONE',  ( 13.09226962315015541, -13.64281879299638156, -26.99634816116374836 ) ) ;
#483 = CARTESIAN_POINT ( 'NONE',  ( -18.94258358435493150, -3.159560628997707621, -34.29634816116375617 ) ) ;
#484 = EDGE_CURVE ( 'NONE', #6349, #1107, #9139, .T. ) ;
#485 = B_SPLINE_CURVE_WITH_KNOTS ( 'NONE', 3,
 ( #3265, #6978, #4421, #5094, #7154, #8134, #7874, #9808 ),
 .UNSPECIFIED., .F., .F.,
 ( 4, 2, 2, 4 ),
 ( 0.000000000000000000, 0.0002734115678465780697, 0.0005468231356931561394, 0.001093646271386296666 ),
 .UNSPECIFIED. ) ;
#486 = CARTESIAN_POINT ( 'NONE',  ( -3.171291354520100469E-15, 0.5375364957382013920, -34.29634816116375617 ) ) ;
#487 = ADVANCED_FACE ( 'NONE', ( #6339 ), #5259, .T. ) ;
#488 = ORIENTED_EDGE ( 'NONE', *, *, #5244, .F. ) ;
#489 = B_SPLINE_CURVE_WITH_KNOTS ( 'NONE', 3,
 ( #2532, #8119, #11750, #822, #8972, #11816, #9148, #5379 ),
 .UNSPECIFIED., .F., .F.,
 ( 4, 2, 2, 4 ),
 ( 0.000000000000000000, 0.0002734111411466473096, 0.0005468222822932946193, 0.001093644564586586636 ),
 .UNSPECIFIED. ) ;
#490 = PLANE ( 'NONE',  #5394 ) ;
#491 = DIRECTION ( 'NONE',  ( 0.9807852804032290983, -0.1950903220161352980, 0.000000000000000000 ) ) ;
#492 = VERTEX_POINT ( 'NONE', #10032 ) ;
#493 = EDGE_CURVE ( 'NONE', #4637, #8923, #8225, .T. ) ;
#494 = ORIENTED_EDGE ( 'NONE', *, *, #6913, .F. ) ;
#495 = CARTESIAN_POINT ( 'NONE',  ( -11.99999999999998757, 0.5375364957382036124, -21.29634816116374907 ) ) ;
#496 = DIRECTION ( 'NONE',  ( 1.000000000000000000, 0.000000000000000000, 0.000000000000000000 ) ) ;
#497 = CARTESIAN_POINT ( 'NONE',  ( -15.39669517412646194, 11.32582458737672759, -34.22033216491849572 ) ) ;
#498 = CARTESIAN_POINT ( 'NONE',  ( -12.99616139583844898, -13.04720388479454485, -26.37236415740902373 ) ) ;
#499 = FACE_OUTER_BOUND ( 'NONE', #10092, .T. ) ;
#500 = FACE_BOUND ( 'NONE', #2328, .T. ) ;
#501 = FACE_OUTER_BOUND ( 'NONE', #7316, .T. ) ;
#502 = DIRECTION ( 'NONE',  ( 0.8092959084338425813, -0.5874011683613181711, 0.000000000000000000 ) ) ;
#503 = ORIENTED_EDGE ( 'NONE', *, *, #2123, .T. ) ;
#504 = EDGE_LOOP ( 'NONE', ( #4938, #6959, #11449, #11133 ) ) ;
#505 = LINE ( 'NONE', #6220, #147 ) ;
#506 = VERTEX_POINT ( 'NONE', #7980 ) ;
#507 = VERTEX_POINT ( 'NONE', #3597 ) ;
#508 = CARTESIAN_POINT ( 'NONE',  ( 6.495811729277748192, -17.10458472702124055, -26.99634816116374836 ) ) ;
#509 = VERTEX_POINT ( 'NONE', #8104 ) ;
#510 = DIRECTION ( 'NONE',  ( 1.000000000000000000, 0.000000000000000000, 0.000000000000000000 ) ) ;
#511 = CARTESIAN_POINT ( 'NONE',  ( -17.38763894355432882, -6.610501729479558719, -26.29634816116374907 ) ) ;
#512 = CYLINDRICAL_SURFACE ( 'NONE', #7488, 0.6999999999999996225 ) ;
#513 = LINE ( 'NONE', #9792, #2105 ) ;
#514 = EDGE_CURVE ( 'NONE', #9236, #6759, #7304, .T. ) ;
#515 = CARTESIAN_POINT ( 'NONE',  ( -15.60715541303828680, 11.89124513711495013, -26.99634816116374836 ) ) ;
#516 = AXIS2_PLACEMENT_3D ( 'NONE', #4693, #8518, #7421 ) ;
#517 = VERTEX_POINT ( 'NONE', #3361 ) ;
#518 = ORIENTED_EDGE ( 'NONE', *, *, #6954, .T. ) ;
#519 = CARTESIAN_POINT ( 'NONE',  ( 15.95703378537423944, 11.39440618774324676, -26.29634816116374907 ) ) ;
#520 = ORIENTED_EDGE ( 'NONE', *, *, #7117, .F. ) ;
#521 = CYLINDRICAL_SURFACE ( 'NONE', #8869, 0.7000000000000000666 ) ;
#522 = ORIENTED_EDGE ( 'NONE', *, *, #9780, .T. ) ;
#523 = DIRECTION ( 'NONE',  ( -0.9876139742652837450, 0.1569032754149237430, -0.000000000000000000 ) ) ;
#524 = CARTESIAN_POINT ( 'NONE',  ( -3.184081677783118191E-15, 0.5375364957382011699, -45.29634816116374907 ) ) ;
#525 = CARTESIAN_POINT ( 'NONE',  ( -15.50070862376860070, -10.10017452983942654, -34.27817972094532450 ) ) ;
#526 = CIRCLE ( 'NONE', #6718, 11.19999999999998863 ) ;
#527 = CARTESIAN_POINT ( 'NONE',  ( 19.02040434580926842, -2.736358674720287709, -26.43662752414719819 ) ) ;
#528 = FACE_OUTER_BOUND ( 'NONE', #1175, .T. ) ;
#529 = LINE ( 'NONE', #3384, #8483 ) ;
#530 = AXIS2_PLACEMENT_3D ( 'NONE', #9337, #6537, #2044 ) ;
#531 = EDGE_LOOP ( 'NONE', ( #239, #4765, #4888, #3324, #2885, #631, #8902, #3253 ) ) ;
#532 = VECTOR ( 'NONE', #3861, 1000.000000000000000 ) ;
#533 = CARTESIAN_POINT ( 'NONE',  ( -3.698970837643573706, 19.49191400247327977, -34.29634816116375617 ) ) ;
#534 = B_SPLINE_CURVE_WITH_KNOTS ( 'NONE', 3,
 ( #4286, #7016, #454, #3182, #10708, #4160, #1247, #11444 ),
 .UNSPECIFIED., .F., .F.,
 ( 4, 2, 2, 4 ),
 ( 0.000000000000000000, 0.0002734115678465769855, 0.0005468231356931539710, 0.001093646271386296016 ),
 .UNSPECIFIED. ) ;
#535 = EDGE_CURVE ( 'NONE', #3553, #8848, #1465, .T. ) ;
#536 = CARTESIAN_POINT ( 'NONE',  ( -6.567282823510320000, 18.15355242743856223, -26.63019140205943813 ) ) ;
#537 = EDGE_LOOP ( 'NONE', ( #11120, #1090, #11508, #2604, #9318, #4998, #6453, #4495 ) ) ;
#538 = PLANE ( 'NONE',  #6215 ) ;
#539 = VECTOR ( 'NONE', #10251, 1000.000000000000114 ) ;
#540 = CARTESIAN_POINT ( 'NONE',  ( -11.99999999999998757, 0.5375364957382036124, -44.29634816116374907 ) ) ;
#541 = CARTESIAN_POINT ( 'NONE',  ( -3.067750290711285910, -18.01044623836604686, -26.56606956038672251 ) ) ;
#542 = CARTESIAN_POINT ( 'NONE',  ( 8.090745338163548794, -16.98473047725898510, -33.59634816116375333 ) ) ;
#543 = DIRECTION ( 'NONE',  ( -0.000000000000000000, 1.334402673828313339E-16, -1.000000000000000000 ) ) ;
#544 = DIRECTION ( 'NONE',  ( 1.000000000000000000, 0.000000000000000000, 0.000000000000000000 ) ) ;
#545 = AXIS2_PLACEMENT_3D ( 'NONE', #10497, #6019, #9649 ) ;
#546 = AXIS2_PLACEMENT_3D ( 'NONE', #11257, #9498, #2032 ) ;
#547 = AXIS2_PLACEMENT_3D ( 'NONE', #1104, #1290, #9417 ) ;
#548 = AXIS2_PLACEMENT_3D ( 'NONE', #11915, #11864, #10768 ) ;
#549 = VERTEX_POINT ( 'NONE', #11865 ) ;
#550 = CARTESIAN_POINT ( 'NONE',  ( 18.46585473804453059, 4.065347626649773005, -26.29634816116374907 ) ) ;
#551 = CARTESIAN_POINT ( 'NONE',  ( -17.27814378842735010, 7.948669206899173112, -34.29634816116376328 ) ) ;
#552 = VERTEX_POINT ( 'NONE', #635 ) ;
#553 = ORIENTED_EDGE ( 'NONE', *, *, #8217, .T. ) ;
#554 = DIRECTION ( 'NONE',  ( -0.4182286202377304418, 0.9083417975707406278, -0.000000000000000000 ) ) ;
#555 = PLANE ( 'NONE',  #7116 ) ;
#556 = CARTESIAN_POINT ( 'NONE',  ( -0.4355998977303724429, 19.83305185556104888, -34.22032890332828714 ) ) ;
#557 = CARTESIAN_POINT ( 'NONE',  ( 18.27776732936860782, -3.862830842817395638, -26.99634816116374836 ) ) ;
#558 = DIRECTION ( 'NONE',  ( 0.000000000000000000, -0.000000000000000000, -1.000000000000000000 ) ) ;
#559 = AXIS2_PLACEMENT_3D ( 'NONE', #9196, #5608, #10150 ) ;
#560 = FACE_OUTER_BOUND ( 'NONE', #10996, .T. ) ;
#561 = DIRECTION ( 'NONE',  ( -0.5555702330196121697, -0.8314696123025385743, 0.000000000000000000 ) ) ;
#562 = VECTOR ( 'NONE', #4977, 1000.000000000000000 ) ;
#563 = ADVANCED_FACE ( 'NONE', ( #3546 ), #2520, .F. ) ;
#564 = EDGE_CURVE ( 'NONE', #5279, #11368, #7252, .T. ) ;
#565 = CIRCLE ( 'NONE', #2882, 19.30000000000008242 ) ;
#566 = LINE ( 'NONE', #7970, #2690 ) ;
#567 = ADVANCED_FACE ( 'NONE', ( #4339 ), #8040, .F. ) ;
#568 = VERTEX_POINT ( 'NONE', #6227 ) ;
#569 = ORIENTED_EDGE ( 'NONE', *, *, #5113, .T. ) ;
#570 = VECTOR ( 'NONE', #1329, 1000.000000000000000 ) ;
#571 = CARTESIAN_POINT ( 'NONE',  ( -3.618530594454960614, 18.98558991168359711, -34.29634816116375617 ) ) ;
#572 = ORIENTED_EDGE ( 'NONE', *, *, #11532, .T. ) ;
#573 = ORIENTED_EDGE ( 'NONE', *, *, #3142, .T. ) ;
#574 = EDGE_CURVE ( 'NONE', #2901, #10257, #5431, .T. ) ;
#575 = CARTESIAN_POINT ( 'NONE',  ( 0.000000000000000000, 0.5375364957382021691, -21.29634816116374907 ) ) ;
#576 = VECTOR ( 'NONE', #11653, 999.9999999999997726 ) ;
#577 = ORIENTED_EDGE ( 'NONE', *, *, #6715, .F. ) ;
#578 = CARTESIAN_POINT ( 'NONE',  ( 15.20250745882143839, -10.52247156145777573, -33.59634816116375333 ) ) ;
#579 = CARTESIAN_POINT ( 'NONE',  ( -0.6707393889858788150, 0.6440975710409057031, -26.29634816116374907 ) ) ;
#580 = CYLINDRICAL_SURFACE ( 'NONE', #8775, 0.6999999999999999556 ) ;
#581 = DIRECTION ( 'NONE',  ( 0.000000000000000000, 0.000000000000000000, -1.000000000000000000 ) ) ;
#582 = DIRECTION ( 'NONE',  ( -0.9380269381538431928, 0.3465623512410516693, 0.000000000000000000 ) ) ;
#583 = ADVANCED_FACE ( 'NONE', ( #4394 ), #5820, .T. ) ;
#584 = DIRECTION ( 'NONE',  ( -1.000000000000000000, 0.000000000000000000, 0.000000000000000000 ) ) ;
#585 = ORIENTED_EDGE ( 'NONE', *, *, #9379, .F. ) ;
#586 = VERTEX_POINT ( 'NONE', #4691 ) ;
#587 = CARTESIAN_POINT ( 'NONE',  ( 15.80917856642244423, 11.60853714959930727, -26.38468825395370132 ) ) ;
#588 = ORIENTED_EDGE ( 'NONE', *, *, #11840, .F. ) ;
#589 = FACE_OUTER_BOUND ( 'NONE', #9404, .T. ) ;
#590 = EDGE_LOOP ( 'NONE', ( #3296, #7742 ) ) ;
#591 = B_SPLINE_CURVE_WITH_KNOTS ( 'NONE', 3,
 ( #8732, #10406, #11393, #3080, #9509, #4112, #7813, #11516 ),
 .UNSPECIFIED., .F., .F.,
 ( 4, 2, 2, 4 ),
 ( 0.000000000000000000, 0.0002734111411466476349, 0.0005468222822932952698, 0.001093644564586589239 ),
 .UNSPECIFIED. ) ;
#592 = CARTESIAN_POINT ( 'NONE',  ( 3.716678047685421760, 18.96606716940924287, -34.29634816116375617 ) ) ;
#593 = CARTESIAN_POINT ( 'NONE',  ( 12.94954787196682666, -13.09125830778797095, -26.43662391211885065 ) ) ;
#594 = DIRECTION ( 'NONE',  ( -0.5874011683613151735, -0.8092959084338445797, 0.000000000000000000 ) ) ;
#595 = CARTESIAN_POINT ( 'NONE',  ( 11.13446341790681160, 16.30198686549503151, -34.15606879818029995 ) ) ;
#596 = DIRECTION ( 'NONE',  ( -0.000000000000000000, -0.000000000000000000, 1.000000000000000000 ) ) ;
#597 = VECTOR ( 'NONE', #6160, 999.9999999999998863 ) ;
#598 = CARTESIAN_POINT ( 'NONE',  ( -3.144186300207962859E-15, 0.5375364957382012809, -34.29634816116375617 ) ) ;
#599 = VERTEX_POINT ( 'NONE', #4564 ) ;
#600 = PLANE ( 'NONE',  #10722 ) ;
#601 = ORIENTED_EDGE ( 'NONE', *, *, #10796, .F. ) ;
#602 = AXIS2_PLACEMENT_3D ( 'NONE', #6014, #4054, #11270 ) ;
#603 = CARTESIAN_POINT ( 'NONE',  ( -4.178360191850379657, -18.30492853753130689, -34.20800806837381458 ) ) ;
#604 = ORIENTED_EDGE ( 'NONE', *, *, #8412, .T. ) ;
#605 = DIRECTION ( 'NONE',  ( 0.000000000000000000, -0.000000000000000000, 1.000000000000000000 ) ) ;
#606 = LINE ( 'NONE', #7097, #10446 ) ;
#607 = CARTESIAN_POINT ( 'NONE',  ( 10.67092969087619103, -15.55849007785875315, -34.29634816116375617 ) ) ;
#608 = CARTESIAN_POINT ( 'NONE',  ( -15.20250745882160359, -10.52247156145755547, -33.59634816116375333 ) ) ;
#609 = CARTESIAN_POINT ( 'NONE',  ( 0.000000000000000000, 0.5375364957382021691, -42.69634816116374054 ) ) ;
#610 = EDGE_CURVE ( 'NONE', #258, #5918, #3897, .T. ) ;
#611 = ORIENTED_EDGE ( 'NONE', *, *, #11096, .F. ) ;
#612 = CARTESIAN_POINT ( 'NONE',  ( 0.7693927526465147437, -18.74712152021266931, -34.29634816116375617 ) ) ;
#613 = CARTESIAN_POINT ( 'NONE',  ( 12.85544823448841179, -13.18019677332551076, -34.02662676194078983 ) ) ;
#614 = VERTEX_POINT ( 'NONE', #8448 ) ;
#615 = ORIENTED_EDGE ( 'NONE', *, *, #10408, .F. ) ;
#616 = FACE_OUTER_BOUND ( 'NONE', #6962, .T. ) ;
#617 = B_SPLINE_CURVE_WITH_KNOTS ( 'NONE', 3,
 ( #4747, #10206, #3114, #2981, #7598, #2075, #1229, #1169 ),
 .UNSPECIFIED., .F., .F.,
 ( 4, 2, 2, 4 ),
 ( 0.000000000000000000, 0.0002734140155771814531, 0.0005468280311543629061, 0.001093656062308725812 ),
 .UNSPECIFIED. ) ;
#618 = FACE_OUTER_BOUND ( 'NONE', #4208, .T. ) ;
#619 = CARTESIAN_POINT ( 'NONE',  ( 12.75269500745314488, 14.35089167497112150, -26.99634816116374836 ) ) ;
#620 = CYLINDRICAL_SURFACE ( 'NONE', #11290, 4.799999999999999822 ) ;
#621 = CARTESIAN_POINT ( 'NONE',  ( -4.516859228947138760, 19.30154413552235582, -26.99634816116374836 ) ) ;
#622 = DIRECTION ( 'NONE',  ( -0.4182286202377498152, -0.9083417975707316350, 0.000000000000000000 ) ) ;
#623 = PLANE ( 'NONE',  #9756 ) ;
#624 = CARTESIAN_POINT ( 'NONE',  ( -16.08584744898852392, 11.20222176291194316, -34.29634816116375617 ) ) ;
#625 = ORIENTED_EDGE ( 'NONE', *, *, #4778, .F. ) ;
#626 = ORIENTED_EDGE ( 'NONE', *, *, #3668, .F. ) ;
#627 = CIRCLE ( 'NONE', #3145, 7.199999999999994849 ) ;
#628 = CARTESIAN_POINT ( 'NONE',  ( 17.99342857419878783, -6.444095721535095578, -34.22032890332828003 ) ) ;
#629 = ADVANCED_FACE ( 'NONE', ( #1788 ), #8273, .F. ) ;
#630 = ORIENTED_EDGE ( 'NONE', *, *, #1072, .T. ) ;
#631 = ORIENTED_EDGE ( 'NONE', *, *, #11138, .T. ) ;
#632 = CARTESIAN_POINT ( 'NONE',  ( -0.05003513775709462347, -18.26198304561101082, -26.29634816116374907 ) ) ;
#633 = EDGE_LOOP ( 'NONE', ( #5204, #7312, #9716, #9473 ) ) ;
#634 = CARTESIAN_POINT ( 'NONE',  ( -6.495811729277621183, 18.17965771849769752, -33.68879833100302790 ) ) ;
#635 = CARTESIAN_POINT ( 'NONE',  ( -8.090745338163426226, 18.05980346873544917, -33.59634816116375333 ) ) ;
#636 = CARTESIAN_POINT ( 'NONE',  ( -17.12643475677641547, -7.216429449032878196, -26.56606956038672607 ) ) ;
#637 = EDGE_CURVE ( 'NONE', #6109, #11620, #67, .T. ) ;
#638 = CARTESIAN_POINT ( 'NONE',  ( 4.263773991691737208, -17.77254233256184790, -26.56606956038672251 ) ) ;
#639 = CARTESIAN_POINT ( 'NONE',  ( 18.55874244597007561, -2.466843609049346853, -33.96250492026808132 ) ) ;
#640 = STYLED_ITEM ( 'NONE', ( #2952 ), #10688 ) ;
#641 = CARTESIAN_POINT ( 'NONE',  ( 0.000000000000000000, 0.5375364957382012809, -40.15919010370956954 ) ) ;
#642 = VERTEX_POINT ( 'NONE', #2857 ) ;
#643 = EDGE_LOOP ( 'NONE', ( #1038, #3725, #10472, #765 ) ) ;
#644 = CYLINDRICAL_SURFACE ( 'NONE', #4218, 0.6999999999999999556 ) ;
#645 = ORIENTED_EDGE ( 'NONE', *, *, #3893, .F. ) ;
#646 = DIRECTION ( 'NONE',  ( 0.1569032754149203013, 0.9876139742652841891, 0.000000000000000000 ) ) ;
#647 = VERTEX_POINT ( 'NONE', #8338 ) ;
#648 = CARTESIAN_POINT ( 'NONE',  ( 13.81335517923296763, 13.29023150319129698, -33.68879833100303500 ) ) ;
#649 = EDGE_CURVE ( 'NONE', #8182, #4139, #6621, .T. ) ;
#650 = AXIS2_PLACEMENT_3D ( 'NONE', #8672, #1265, #7765 ) ;
#651 = CARTESIAN_POINT ( 'NONE',  ( 0.5375364957381981723, 0.5375364957381987274, -34.29634816116375617 ) ) ;
#652 = CARTESIAN_POINT ( 'NONE',  ( -3.171291354520100469E-15, 0.5375364957382012809, -34.29634816116375617 ) ) ;
#653 = CARTESIAN_POINT ( 'NONE',  ( 15.65902725766256687, -9.865314259913438022, -26.29634816116374907 ) ) ;
#654 = CARTESIAN_POINT ( 'NONE',  ( 0.1048681680489795265, 0.01032861303863882863, -34.29634816116375617 ) ) ;
#655 = CARTESIAN_POINT ( 'NONE',  ( 7.148038225217825392, -16.85010244781609501, -26.29634816116374907 ) ) ;
#656 = EDGE_LOOP ( 'NONE', ( #2932, #4483, #3783, #4833 ) ) ;
#657 = EDGE_CURVE ( 'NONE', #6429, #5305, #887, .T. ) ;
#658 = CYLINDRICAL_SURFACE ( 'NONE', #2765, 0.7000000000000000666 ) ;
#659 = ORIENTED_EDGE ( 'NONE', *, *, #4434, .T. ) ;
#660 = CARTESIAN_POINT ( 'NONE',  ( 6.399999999999995026, 0.5375364957382021691, -21.29634816116374907 ) ) ;
#661 = ORIENTED_EDGE ( 'NONE', *, *, #8963, .F. ) ;
#662 = CARTESIAN_POINT ( 'NONE',  ( 14.18035528873453721, 13.62980611888840876, -33.59634816116375333 ) ) ;
#663 = DIRECTION ( 'NONE',  ( -0.9876139742652840781, 0.1569032754149218001, 0.000000000000000000 ) ) ;
#664 = EDGE_CURVE ( 'NONE', #7483, #7916, #11067, .T. ) ;
#665 = CARTESIAN_POINT ( 'NONE',  ( -2.947158568580687366, -18.03003514200616308, -26.81318187454957780 ) ) ;
#666 = CARTESIAN_POINT ( 'NONE',  ( 3.620519199936245158, -17.92303402386420430, -26.99634816116374836 ) ) ;
#667 = CARTESIAN_POINT ( 'NONE',  ( -3.184081677783118191E-15, 0.5375364957382011699, -46.29634816116374907 ) ) ;
#668 = LINE ( 'NONE', #11773, #9658 ) ;
#669 = EDGE_CURVE ( 'NONE', #11910, #3860, #9359, .T. ) ;
#670 = PLANE ( 'NONE',  #11792 ) ;
#671 = CARTESIAN_POINT ( 'NONE',  ( -3.184843881676169275E-15, 0.5375364957382012809, -26.29634816116374907 ) ) ;
#672 = ORIENTED_EDGE ( 'NONE', *, *, #3734, .F. ) ;
#673 = ORIENTED_EDGE ( 'NONE', *, *, #5973, .F. ) ;
#674 = CARTESIAN_POINT ( 'NONE',  ( -18.01622734663552805, 7.459221497208132767, -26.43662752414719108 ) ) ;
#675 = EDGE_CURVE ( 'NONE', #9369, #5309, #10888, .T. ) ;
#676 = CARTESIAN_POINT ( 'NONE',  ( 18.11113469183629832, -6.131556409160264565, -34.29634816116375617 ) ) ;
#677 = CARTESIAN_POINT ( 'NONE',  ( 0.2986392761938067575, 0.09059123402828839211, -34.29634816116375617 ) ) ;
#678 = CARTESIAN_POINT ( 'NONE',  ( -6.627336253428357971, -17.05556355896457532, -26.56606956038672251 ) ) ;
#679 = DIRECTION ( 'NONE',  ( -0.9876139742652837450, 0.1569032754149237430, -0.000000000000000000 ) ) ;
#680 = CARTESIAN_POINT ( 'NONE',  ( -0.06945629112694835794, -18.76233852519460754, -34.29634816116375617 ) ) ;
#681 = DIRECTION ( 'NONE',  ( 0.000000000000000000, -0.000000000000000000, 1.000000000000000000 ) ) ;
#682 = VERTEX_POINT ( 'NONE', #11235 ) ;
#683 = VERTEX_POINT ( 'NONE', #2015 ) ;
#684 = LINE ( 'NONE', #4620, #8301 ) ;
#685 = ORIENTED_EDGE ( 'NONE', *, *, #4045, .T. ) ;
#686 = VERTEX_POINT ( 'NONE', #9193 ) ;
#687 = LINE ( 'NONE', #9851, #365 ) ;
#688 = ADVANCED_FACE ( 'NONE', ( #6507 ), #2798, .T. ) ;
#689 = ORIENTED_EDGE ( 'NONE', *, *, #7679, .T. ) ;
#690 = LINE ( 'NONE', #3596, #7343 ) ;
#691 = CARTESIAN_POINT ( 'NONE',  ( 0.000000000000000000, 0.5375364957382021691, -21.29634816116374907 ) ) ;
#692 = CYLINDRICAL_SURFACE ( 'NONE', #1212, 0.7000000000000000666 ) ;
#693 = CARTESIAN_POINT ( 'NONE',  ( 18.78829290281650799, 1.199193652750058403, -26.64369750929287761 ) ) ;
#694 = CARTESIAN_POINT ( 'NONE',  ( -0.1048681680489895879, 1.064744378437763039, -26.29634816116374907 ) ) ;
#695 = B_SPLINE_CURVE_WITH_KNOTS ( 'NONE', 3,
 ( #9818, #10924, #5406, #8076, #3455, #11892, #8856, #8144 ),
 .UNSPECIFIED., .F., .F.,
 ( 4, 2, 2, 4 ),
 ( 0.000000000000000000, 0.0002734115678465736245, 0.0005468231356931472489, 0.001093646271386294498 ),
 .UNSPECIFIED. ) ;
#696 = DIRECTION ( 'NONE',  ( -1.000000000000000000, 0.000000000000000000, 0.000000000000000000 ) ) ;
#697 = ADVANCED_FACE ( 'NONE', ( #4803 ), #5603, .T. ) ;
#698 = VERTEX_POINT ( 'NONE', #8513 ) ;
#699 = EDGE_CURVE ( 'NONE', #3125, #6170, #9302, .T. ) ;
#700 = EDGE_LOOP ( 'NONE', ( #10653, #4641, #11276, #6721 ) ) ;
#701 = CARTESIAN_POINT ( 'NONE',  ( 13.81335517923287348, -12.21515851171499634, -26.99634816116374836 ) ) ;
#702 = EDGE_LOOP ( 'NONE', ( #3429, #4486, #10081, #9121, #8605, #1890, #3187, #388 ) ) ;
#703 = CARTESIAN_POINT ( 'NONE',  ( -15.68939978119012579, -10.70243234647880826, -34.02662297194007124 ) ) ;
#704 = ORIENTED_EDGE ( 'NONE', *, *, #11959, .F. ) ;
#705 = CARTESIAN_POINT ( 'NONE',  ( 17.80417973997786873, 7.987448158742305182, -34.29634816116375617 ) ) ;
#706 = LINE ( 'NONE', #4409, #9118 ) ;
#707 = EDGE_CURVE ( 'NONE', #3355, #11858, #11000, .T. ) ;
#708 = CARTESIAN_POINT ( 'NONE',  ( -0.5496344293179009632, 0.9364708071419632907, -33.59634816116375333 ) ) ;
#709 = CARTESIAN_POINT ( 'NONE',  ( -16.42258334888540006, 10.67683826705503058, -26.63019525567113988 ) ) ;
#710 = CARTESIAN_POINT ( 'NONE',  ( 18.11113469183634095, 7.206629400636532345, -34.29634816116375617 ) ) ;
#711 = EDGE_CURVE ( 'NONE', #6737, #7712, #11894, .T. ) ;
#712 = FACE_BOUND ( 'NONE', #4507, .T. ) ;
#713 = EDGE_CURVE ( 'NONE', #642, #393, #8280, .T. ) ;
#714 = B_SPLINE_CURVE_WITH_KNOTS ( 'NONE', 3,
 ( #6897, #10474, #3378, #7868, #4300, #9624, #7755, #7812 ),
 .UNSPECIFIED., .F., .F.,
 ( 4, 2, 2, 4 ),
 ( 0.000000000000000000, 0.0002734115678465775818, 0.0005468231356931551636, 0.001093646271386296233 ),
 .UNSPECIFIED. ) ;
#715 = EDGE_CURVE ( 'NONE', #5861, #8955, #9152, .T. ) ;
#716 = EDGE_CURVE ( 'NONE', #1740, #8532, #6025, .T. ) ;
#717 = ORIENTED_EDGE ( 'NONE', *, *, #3562, .F. ) ;
#718 = EDGE_CURVE ( 'NONE', #552, #7648, #4143, .T. ) ;
#719 = DIRECTION ( 'NONE',  ( 0.8314696123025404617, -0.5555702330196092831, 0.000000000000000000 ) ) ;
#720 = ORIENTED_EDGE ( 'NONE', *, *, #1466, .F. ) ;
#721 = CIRCLE ( 'NONE', #10009, 5.599999999999997868 ) ;
#722 = CARTESIAN_POINT ( 'NONE',  ( -0.5272078826995649781, 0.6424046637871870802, -34.29634816116375617 ) ) ;
#723 = EDGE_LOOP ( 'NONE', ( #3051, #4164, #9070, #3640 ) ) ;
#724 = DIRECTION ( 'NONE',  ( 0.000000000000000000, 0.000000000000000000, 1.000000000000000000 ) ) ;
#725 = CARTESIAN_POINT ( 'NONE',  ( 4.516859228947406102, 19.30154413552229897, -33.59634816116375333 ) ) ;
#726 = EDGE_CURVE ( 'NONE', #9331, #5642, #7839, .T. ) ;
#727 = CYLINDRICAL_SURFACE ( 'NONE', #8482, 0.7000000000000000666 ) ;
#728 = CARTESIAN_POINT ( 'NONE',  ( 17.92619256938674965, 7.689375587055008232, -34.27817872468220628 ) ) ;
#729 = CARTESIAN_POINT ( 'NONE',  ( -11.19999999999998863, 0.5375364957382035014, -43.49634816116374481 ) ) ;
#730 = VECTOR ( 'NONE', #3817, 1000.000000000000000 ) ;
#731 = VECTOR ( 'NONE', #10598, 1000.000000000000000 ) ;
#732 = AXIS2_PLACEMENT_3D ( 'NONE', #6117, #9806, #1504 ) ;
#733 = LINE ( 'NONE', #11843, #5229 ) ;
#734 = EDGE_LOOP ( 'NONE', ( #7587, #9940, #1983, #9591 ) ) ;
#735 = ORIENTED_EDGE ( 'NONE', *, *, #6923, .F. ) ;
#736 = B_SPLINE_CURVE_WITH_KNOTS ( 'NONE', 3,
 ( #7041, #2298, #4178, #603, #8851, #361, #8796, #8673 ),
 .UNSPECIFIED., .F., .F.,
 ( 4, 2, 2, 4 ),
 ( 0.000000000000000000, 0.0002734115678465779070, 0.0005468231356931558141, 0.001093646271386296883 ),
 .UNSPECIFIED. ) ;
#737 = CARTESIAN_POINT ( 'NONE',  ( -18.91548308395084632, 4.370877036411926042, -26.29634816116374907 ) ) ;
#738 = CIRCLE ( 'NONE', #2284, 19.33712077059222167 ) ;
#739 = DIRECTION ( 'NONE',  ( 0.03878550529305227479, 0.9992475592060070522, 0.000000000000000000 ) ) ;
#740 = CARTESIAN_POINT ( 'NONE',  ( 17.64212122275941397, 7.033348225016013977, -26.99634816116374836 ) ) ;
#741 = CARTESIAN_POINT ( 'NONE',  ( 14.18035528873443063, -12.55473312741210812, -26.81145002369892438 ) ) ;
#742 = LINE ( 'NONE', #2617, #10210 ) ;
#743 = CARTESIAN_POINT ( 'NONE',  ( -17.63376692998093276, 8.382562622166483735, -34.15606879818029995 ) ) ;
#744 = AXIS2_PLACEMENT_3D ( 'NONE', #4303, #10853, #11700 ) ;
#745 = CIRCLE ( 'NONE', #4428, 7.999999999999994671 ) ;
#746 = DIRECTION ( 'NONE',  ( -0.9992475592060076073, -0.03878550529303832067, 0.000000000000000000 ) ) ;
#747 = CIRCLE ( 'NONE', #545, 19.33712077059222167 ) ;
#748 = ORIENTED_EDGE ( 'NONE', *, *, #9752, .T. ) ;
#749 = ORIENTED_EDGE ( 'NONE', *, *, #3522, .T. ) ;
#750 = DIRECTION ( 'NONE',  ( -0.2329837807837406294, 0.9724806208309315636, 0.000000000000000000 ) ) ;
#751 = ORIENTED_EDGE ( 'NONE', *, *, #9612, .T. ) ;
#752 = ORIENTED_EDGE ( 'NONE', *, *, #7310, .T. ) ;
#753 = AXIS2_PLACEMENT_3D ( 'NONE', #694, #3242, #9981 ) ;
#754 = DIRECTION ( 'NONE',  ( 1.000000000000000000, 0.000000000000000000, 0.000000000000000000 ) ) ;
#755 = VECTOR ( 'NONE', #998, 1000.000000000000000 ) ;
#756 = VERTEX_POINT ( 'NONE', #9655 ) ;
#757 = DIRECTION ( 'NONE',  ( 1.000000000000000000, 0.000000000000000000, 0.000000000000000000 ) ) ;
#758 = CARTESIAN_POINT ( 'NONE',  ( 6.808232438217280524, -16.98654274684582433, -34.22033216491849572 ) ) ;
#759 = DIRECTION ( 'NONE',  ( -0.4182286202377498152, -0.9083417975707316350, 0.000000000000000000 ) ) ;
#760 = AXIS2_PLACEMENT_3D ( 'NONE', #5554, #3559, #1913 ) ;
#761 = CARTESIAN_POINT ( 'NONE',  ( 18.79553589612561382, 0.9537246870795326181, -26.37236415740901307 ) ) ;
#762 = FACE_BOUND ( 'NONE', #10470, .T. ) ;
#763 = DIRECTION ( 'NONE',  ( -0.8092959084338425813, 0.5874011683613181711, -0.000000000000000000 ) ) ;
#764 = EDGE_CURVE ( 'NONE', #647, #3611, #10443, .T. ) ;
#765 = ORIENTED_EDGE ( 'NONE', *, *, #2829, .F. ) ;
#766 = VERTEX_POINT ( 'NONE', #3217 ) ;
#767 = DIRECTION ( 'NONE',  ( 0.7071067811865413555, -0.7071067811865536790, 0.000000000000000000 ) ) ;
#768 = ORIENTED_EDGE ( 'NONE', *, *, #4188, .F. ) ;
#769 = CARTESIAN_POINT ( 'NONE',  ( 13.60606977645234750, -13.16741433102043146, -34.29634816116375617 ) ) ;
#770 = ORIENTED_EDGE ( 'NONE', *, *, #8380, .F. ) ;
#771 = CARTESIAN_POINT ( 'NONE',  ( 0.3800957012717336436, 0.9176321970099360348, -34.29634816116375617 ) ) ;
#772 = CARTESIAN_POINT ( 'NONE',  ( -7.577247941523582497, 17.74307908717759830, -26.37236415740901663 ) ) ;
#773 = CARTESIAN_POINT ( 'NONE',  ( -19.06420979952543959, 3.545177551396542892, -33.68879736725453000 ) ) ;
#774 = CARTESIAN_POINT ( 'NONE',  ( -17.31374393192679761, -6.788274970687446341, -34.29634816116375617 ) ) ;
#775 = VECTOR ( 'NONE', #9440, 1000.000000000000000 ) ;
#776 = CARTESIAN_POINT ( 'NONE',  ( 10.78018685808415356, 16.54620824903469156, -34.29634816116375617 ) ) ;
#777 = FACE_BOUND ( 'NONE', #4140, .T. ) ;
#778 = AXIS2_PLACEMENT_3D ( 'NONE', #11524, #7949, #478 ) ;
#779 = ORIENTED_EDGE ( 'NONE', *, *, #11472, .F. ) ;
#780 = CARTESIAN_POINT ( 'NONE',  ( -10.14956831309664054, -15.87823322253046143, -33.94899550485384765 ) ) ;
#781 = ORIENTED_EDGE ( 'NONE', *, *, #2992, .F. ) ;
#782 = EDGE_CURVE ( 'NONE', #11704, #3512, #6925, .T. ) ;
#783 = CARTESIAN_POINT ( 'NONE',  ( 8.090745338163680245, 18.05980346873533193, -26.90389895507295037 ) ) ;
#784 = ORIENTED_EDGE ( 'NONE', *, *, #4768, .T. ) ;
#786 = EDGE_CURVE ( 'NONE', #9134, #4247, #5840, .T. ) ;
#785 = CARTESIAN_POINT ( 'NONE',  ( -13.09226962315036502, -13.64281879299619504, -34.29634816116375617 ) ) ;
#787 = CARTESIAN_POINT ( 'NONE',  ( -6.800667044521811810, 18.59979252364271574, -26.56607335038743400 ) ) ;
#788 = VECTOR ( 'NONE', #9720, 1000.000000000000000 ) ;
#789 = CARTESIAN_POINT ( 'NONE',  ( -10.08978308122262568, 16.99012017610024472, -26.81318386950226440 ) ) ;
#790 = EDGE_CURVE ( 'NONE', #642, #1953, #5046, .T. ) ;
#791 = DIRECTION ( 'NONE',  ( -0.000000000000000000, -0.000000000000000000, 1.000000000000000000 ) ) ;
#792 = VECTOR ( 'NONE', #5932, 1000.000000000000000 ) ;
#793 = LINE ( 'NONE', #3638, #7358 ) ;
#794 = ORIENTED_EDGE ( 'NONE', *, *, #8737, .T. ) ;
#795 = ORIENTED_EDGE ( 'NONE', *, *, #2170, .T. ) ;
#796 = CARTESIAN_POINT ( 'NONE',  ( 18.76400763978411135, 5.054395724685537772, -26.99634816116374836 ) ) ;
#797 = EDGE_CURVE ( 'NONE', #4163, #3302, #3958, .T. ) ;
#798 = CARTESIAN_POINT ( 'NONE',  ( -17.66003484619622910, -7.248979381289039736, -34.22032890332830135 ) ) ;
#799 = CARTESIAN_POINT ( 'NONE',  ( -6.495811729278002211, -17.10458472702114818, -26.90389799132447024 ) ) ;
#800 = CARTESIAN_POINT ( 'NONE',  ( 10.13930177131653743, -15.88504685314738651, -33.96250106665635826 ) ) ;
#801 = FACE_OUTER_BOUND ( 'NONE', #2245, .T. ) ;
#802 = CIRCLE ( 'NONE', #10287, 19.33712077059221812 ) ;
#803 = LINE ( 'NONE', #5590, #6190 ) ;
#804 = ORIENTED_EDGE ( 'NONE', *, *, #2861, .T. ) ;
#805 = ORIENTED_EDGE ( 'NONE', *, *, #415, .T. ) ;
#806 = EDGE_CURVE ( 'NONE', #3624, #5111, #3199, .T. ) ;
#807 = CARTESIAN_POINT ( 'NONE',  ( -3.833340540673260133, 19.45301957968914053, -34.29634816116375617 ) ) ;
#808 = EDGE_LOOP ( 'NONE', ( #7124, #1313, #6755, #7564, #8866, #5022, #1023, #1480 ) ) ;
#809 = ORIENTED_EDGE ( 'NONE', *, *, #3578, .F. ) ;
#810 = CARTESIAN_POINT ( 'NONE',  ( -3.716678047685551878, -17.89099417793281788, -34.29634816116375617 ) ) ;
#811 = DIRECTION ( 'NONE',  ( -0.000000000000000000, -0.000000000000000000, 1.000000000000000000 ) ) ;
#812 = CYLINDRICAL_SURFACE ( 'NONE', #7175, 0.6999999999999999556 ) ;
#813 = DIRECTION ( 'NONE',  ( 1.000000000000000000, 0.000000000000000000, 0.000000000000000000 ) ) ;
#814 = CARTESIAN_POINT ( 'NONE',  ( -3.716678047685551878, -17.89099417793281788, -34.29634816116375617 ) ) ;
#815 = LINE ( 'NONE', #3776, #2297 ) ;
#816 = CARTESIAN_POINT ( 'NONE',  ( -7.199999999999994849, 0.5375364957382030573, -21.29634816116374907 ) ) ;
#817 = EDGE_CURVE ( 'NONE', #11565, #10779, #10735, .T. ) ;
#818 = ORIENTED_EDGE ( 'NONE', *, *, #7759, .F. ) ;
#819 = ORIENTED_EDGE ( 'NONE', *, *, #9177, .F. ) ;
#820 = CARTESIAN_POINT ( 'NONE',  ( -0.2986392761938163609, 0.9844817574481121714, -34.29634816116375617 ) ) ;
#821 = EDGE_LOOP ( 'NONE', ( #11167, #7336 ) ) ;
#822 = CARTESIAN_POINT ( 'NONE',  ( -14.12026275564023337, 13.69464150015012294, -33.94899550485384054 ) ) ;
#823 = EDGE_LOOP ( 'NONE', ( #1872, #1024, #11382, #10673 ) ) ;
#824 = DIRECTION ( 'NONE',  ( -0.1569032754149203290, -0.9876139742652844111, 0.000000000000000000 ) ) ;
#825 = CARTESIAN_POINT ( 'NONE',  ( -7.881631028044558285, 17.60563256995007109, -26.99634816116374836 ) ) ;
#826 = CARTESIAN_POINT ( 'NONE',  ( -18.94258358435485334, 4.234633620474513194, -34.29634816116375617 ) ) ;
#827 = CARTESIAN_POINT ( 'NONE',  ( -16.46205883478114984, 10.61179174961217697, -26.99634816116374836 ) ) ;
#828 = EDGE_CURVE ( 'NONE', #11047, #7260, #11240, .T. ) ;
#829 = AXIS2_PLACEMENT_3D ( 'NONE', #4340, #7014, #1554 ) ;
#830 = DIRECTION ( 'NONE',  ( 0.9083417975707390735, 0.4182286202377336060, 0.000000000000000000 ) ) ;
#831 = CARTESIAN_POINT ( 'NONE',  ( -15.69999999999999929, 0.5375364957381988384, -29.44634816116375120 ) ) ;
#832 = EDGE_LOOP ( 'NONE', ( #5929, #6334, #5069, #10553 ) ) ;
#833 = AXIS2_PLACEMENT_3D ( 'NONE', #5036, #7819, #6787 ) ;
#834 = DIRECTION ( 'NONE',  ( -0.000000000000000000, -0.000000000000000000, 1.000000000000000000 ) ) ;
#835 = ORIENTED_EDGE ( 'NONE', *, *, #8754, .T. ) ;
#836 = ORIENTED_EDGE ( 'NONE', *, *, #5154, .F. ) ;
#837 = DIRECTION ( 'NONE',  ( -0.8523920528607179525, 0.5229032302633932483, 0.000000000000000000 ) ) ;
#838 = ORIENTED_EDGE ( 'NONE', *, *, #8570, .F. ) ;
#839 = LINE ( 'NONE', #12011, #2714 ) ;
#840 = B_SPLINE_CURVE_WITH_KNOTS ( 'NONE', 3,
 ( #7418, #2918, #1839, #6620, #9410, #66, #7469, #10317 ),
 .UNSPECIFIED., .F., .F.,
 ( 4, 2, 2, 4 ),
 ( 0.000000000000000000, 0.0002734144572333939774, 0.0005468289144667879548, 0.001093657828933583282 ),
 .UNSPECIFIED. ) ;
#841 = FACE_OUTER_BOUND ( 'NONE', #9527, .T. ) ;
#842 = ADVANCED_FACE ( 'NONE', ( #1711 ), #10813, .T. ) ;
#843 = DIRECTION ( 'NONE',  ( 0.5555702330196063965, 0.8314696123025424601, 0.000000000000000000 ) ) ;
#844 = VECTOR ( 'NONE', #1897, 1000.000000000000114 ) ;
#845 = CARTESIAN_POINT ( 'NONE',  ( -13.81335517923306000, -12.21515851171479916, -26.81144803512891528 ) ) ;
#846 = B_SPLINE_CURVE_WITH_KNOTS ( 'NONE', 3,
 ( #7857, #11683, #8965, #3425, #1556, #639, #2336, #1620 ),
 .UNSPECIFIED., .F., .F.,
 ( 4, 2, 2, 4 ),
 ( 0.000000000000000000, 0.0002734144572333960374, 0.0005468289144667920747, 0.001093657828933583282 ),
 .UNSPECIFIED. ) ;
#847 = EDGE_CURVE ( 'NONE', #9651, #2805, #8858, .T. ) ;
#848 = ADVANCED_FACE ( 'NONE', ( #6997 ), #8940, .F. ) ;
#849 = CARTESIAN_POINT ( 'NONE',  ( -18.79646519144489503, -3.842767303636726250, -34.02662297194007124 ) ) ;
#850 = ORIENTED_EDGE ( 'NONE', *, *, #11286, .T. ) ;
#851 = VERTEX_POINT ( 'NONE', #619 ) ;
#852 = CARTESIAN_POINT ( 'NONE',  ( -4.516859228947138760, 19.30154413552235582, -26.99634816116374836 ) ) ;
#853 = CARTESIAN_POINT ( 'NONE',  ( -17.52226697299722247, -7.553208842425280345, -33.68879736725453000 ) ) ;
#854 = EDGE_CURVE ( 'NONE', #4117, #8686, #6989, .T. ) ;
#855 = CARTESIAN_POINT ( 'NONE',  ( -0.6169015811528687498, 0.8215770384040295138, -33.59634816116375333 ) ) ;
#856 = DIRECTION ( 'NONE',  ( 0.9380269381538507423, 0.3465623512410310747, 0.000000000000000000 ) ) ;
#857 = CARTESIAN_POINT ( 'NONE',  ( 10.78018685808403809, -15.47113525755836427, -26.29634816116374907 ) ) ;
#858 = CARTESIAN_POINT ( 'NONE',  ( 18.78208908959297929, -3.905414515865349934, -33.96250106665637247 ) ) ;
#859 = ADVANCED_FACE ( 'NONE', ( #7109 ), #2561, .T. ) ;
#860 = B_SPLINE_CURVE_WITH_KNOTS ( 'NONE', 3,
 ( #8771, #3061, #5007, #11555, #324, #6099, #6828, #9611 ),
 .UNSPECIFIED., .F., .F.,
 ( 4, 2, 2, 4 ),
 ( 0.000000000000000000, 0.0002734115678465766060, 0.0005468231356931532120, 0.001093646271386295582 ),
 .UNSPECIFIED. ) ;
#861 = EDGE_CURVE ( 'NONE', #3727, #5681, #10879, .T. ) ;
#862 = EDGE_CURVE ( 'NONE', #8812, #3951, #3634, .T. ) ;
#863 = ADVANCED_FACE ( 'NONE', ( #11665 ), #3530, .F. ) ;
#864 = ORIENTED_EDGE ( 'NONE', *, *, #1120, .F. ) ;
#865 = EDGE_LOOP ( 'NONE', ( #11580, #1690, #4064, #5438 ) ) ;
#866 = CARTESIAN_POINT ( 'NONE',  ( -4.516859228947138760, 19.30154413552235582, -33.68879736725453711 ) ) ;
#867 = ORIENTED_EDGE ( 'NONE', *, *, #9261, .T. ) ;
#868 = ORIENTED_EDGE ( 'NONE', *, *, #1780, .T. ) ;
#869 = CARTESIAN_POINT ( 'NONE',  ( -18.79928032667996263, 0.3950521778310489007, -34.29634816116377038 ) ) ;
#870 = CARTESIAN_POINT ( 'NONE',  ( -0.05003513775709443612, -18.26198304561101082, -34.29634816116375617 ) ) ;
#871 = CARTESIAN_POINT ( 'NONE',  ( -0.5272078826995649781, 0.6424046637871870802, -34.29634816116375617 ) ) ;
#872 = LINE ( 'NONE', #927, #9937 ) ;
#873 = EDGE_CURVE ( 'NONE', #11780, #893, #9057, .T. ) ;
#874 = B_SPLINE_CURVE_WITH_KNOTS ( 'NONE', 3,
 ( #4551, #973, #5762, #5646, #6609, #11053, #6552, #8381 ),
 .UNSPECIFIED., .F., .F.,
 ( 4, 2, 2, 4 ),
 ( 5.421010862427521568E-20, 0.0002734115678465716729, 0.0005468231356931432374, 0.001093646271386293847 ),
 .UNSPECIFIED. ) ;
#875 = CARTESIAN_POINT ( 'NONE',  ( 18.33890825336889918, -3.600008906973517941, -26.43662391211885776 ) ) ;
#876 = DIRECTION ( 'NONE',  ( -0.000000000000000000, -0.000000000000000000, 1.000000000000000000 ) ) ;
#877 = LINE ( 'NONE', #1049, #3453 ) ;
#878 = EDGE_LOOP ( 'NONE', ( #9371, #6699, #4865, #5092 ) ) ;
#879 = EDGE_LOOP ( 'NONE', ( #10212, #3311 ) ) ;
#880 = CARTESIAN_POINT ( 'NONE',  ( -17.45795483544840465, 7.514566938516417771, -26.29634816116374552 ) ) ;
#881 = VERTEX_POINT ( 'NONE', #9004 ) ;
#882 = CARTESIAN_POINT ( 'NONE',  ( -0.6616571570119264001, 19.32582939855471338, -26.64369750929287761 ) ) ;
#883 = VERTEX_POINT ( 'NONE', #4379 ) ;
#884 = CARTESIAN_POINT ( 'NONE',  ( -0.5789032350798288817, 0.1824060477040747030, -33.59634816116375333 ) ) ;
#885 = FACE_BOUND ( 'NONE', #11196, .T. ) ;
#886 = EDGE_CURVE ( 'NONE', #3823, #8053, #7985, .T. ) ;
#887 = B_SPLINE_CURVE_WITH_KNOTS ( 'NONE', 3,
 ( #5484, #1098, #11123, #3661, #11971, #119, #6567, #1957 ),
 .UNSPECIFIED., .F., .F.,
 ( 4, 2, 2, 4 ),
 ( 0.000000000000000000, 0.0002734144572333941942, 0.0005468289144667883885, 0.001093657828933583065 ),
 .UNSPECIFIED. ) ;
#888 = CARTESIAN_POINT ( 'NONE',  ( 15.66983054716655488, 10.94701457148275026, -26.99634816116374836 ) ) ;
#889 = CARTESIAN_POINT ( 'NONE',  ( 3.007641055657998219, -18.52667330378728749, -26.99634816116374836 ) ) ;
#890 = CARTESIAN_POINT ( 'NONE',  ( -18.27776732936859005, 4.937903834293920546, -34.29634816116375617 ) ) ;
#891 = EDGE_LOOP ( 'NONE', ( #626, #11017, #2343, #7633 ) ) ;
#892 = DIRECTION ( 'NONE',  ( 0.000000000000000000, 0.000000000000000000, -1.000000000000000000 ) ) ;
#893 = VERTEX_POINT ( 'NONE', #6325 ) ;
#894 = EDGE_LOOP ( 'NONE', ( #7604, #60, #4319, #3030 ) ) ;
#895 = CARTESIAN_POINT ( 'NONE',  ( 6.495811729277744639, -17.10458472702123700, -34.29634816116375617 ) ) ;
#896 = DIRECTION ( 'NONE',  ( 0.5229032302633938034, 0.8523920528607175084, 0.000000000000000000 ) ) ;
#897 = ORIENTED_EDGE ( 'NONE', *, *, #10284, .F. ) ;
#898 = CARTESIAN_POINT ( 'NONE',  ( 7.999999999999994671, 0.5375364957382021691, -39.49634816116375902 ) ) ;
#899 = CARTESIAN_POINT ( 'NONE',  ( -3.184843881676169275E-15, 0.5375364957382011699, -26.29634816116374907 ) ) ;
#900 = CARTESIAN_POINT ( 'NONE',  ( 0.4220916014713422815, 19.83310648220896866, -34.20800806837381458 ) ) ;
#901 = CARTESIAN_POINT ( 'NONE',  ( 18.97800256255337104, 4.053159633624304092, -26.29634816116374196 ) ) ;
#902 = EDGE_CURVE ( 'NONE', #2189, #9651, #10016, .T. ) ;
#903 = VECTOR ( 'NONE', #3664, 1000.000000000000114 ) ;
#904 = CARTESIAN_POINT ( 'NONE',  ( 17.64212122275937134, -5.958275233539739091, -33.59634816116375333 ) ) ;
#905 = EDGE_LOOP ( 'NONE', ( #9684, #488, #3556, #11229 ) ) ;
#906 = VERTEX_POINT ( 'NONE', #2001 ) ;
#907 = CYLINDRICAL_SURFACE ( 'NONE', #2694, 0.7000000000000000666 ) ;
#908 = AXIS2_PLACEMENT_3D ( 'NONE', #10375, #10264, #2975 ) ;
#909 = LINE ( 'NONE', #11900, #3303 ) ;
#910 = DIRECTION ( 'NONE',  ( -0.000000000000000000, -0.000000000000000000, 1.000000000000000000 ) ) ;
#911 = DIRECTION ( 'NONE',  ( 0.1569032754149021214, -0.9876139742652872977, 0.000000000000000000 ) ) ;
#912 = DIRECTION ( 'NONE',  ( 0.9992475592060076073, 0.03878550529303832067, -0.000000000000000000 ) ) ;
#913 = AXIS2_PLACEMENT_3D ( 'NONE', #6801, #3026, #2128 ) ;
#914 = CARTESIAN_POINT ( 'NONE',  ( 15.20250745882144017, -10.52247156145777396, -26.99634816116374836 ) ) ;
#915 = CIRCLE ( 'NONE', #1513, 19.30000000000008242 ) ;
#916 = VECTOR ( 'NONE', #1321, 1000.000000000000000 ) ;
#917 = ORIENTED_EDGE ( 'NONE', *, *, #8111, .T. ) ;
#918 = VECTOR ( 'NONE', #1477, 1000.000000000000114 ) ;
#919 = VERTEX_POINT ( 'NONE', #5470 ) ;
#920 = CARTESIAN_POINT ( 'NONE',  ( -17.61132449563357838, -6.041140415689174148, -33.94899881303461342 ) ) ;
#921 = EDGE_LOOP ( 'NONE', ( #10592, #3035, #7976, #3954 ) ) ;
#922 = ORIENTED_EDGE ( 'NONE', *, *, #1883, .T. ) ;
#923 = CARTESIAN_POINT ( 'NONE',  ( -18.78503423634787595, -0.2124635042615988234, -33.59634816116375333 ) ) ;
#924 = EDGE_CURVE ( 'NONE', #6224, #7415, #3936, .T. ) ;
#925 = FACE_OUTER_BOUND ( 'NONE', #11308, .T. ) ;
#926 = CARTESIAN_POINT ( 'NONE',  ( 3.016470512273072835, 19.09390052655085412, -26.64369750929288827 ) ) ;
#927 = CARTESIAN_POINT ( 'NONE',  ( -0.4984972582793975038, 0.07629136113542389630, -26.29634816116374907 ) ) ;
#928 = ADVANCED_FACE ( 'NONE', ( #8210 ), #2673, .T. ) ;
#929 = CIRCLE ( 'NONE', #744, 17.30000000000003979 ) ;
#930 = CARTESIAN_POINT ( 'NONE',  ( -17.54694199899422102, 7.285844755510839654, -34.15607241020864393 ) ) ;
#931 = CIRCLE ( 'NONE', #10819, 19.30000000000008598 ) ;
#932 = CARTESIAN_POINT ( 'NONE',  ( -11.35370864137636460, 16.14469190877676397, -26.99634816116374836 ) ) ;
#933 = AXIS2_PLACEMENT_3D ( 'NONE', #8443, #9474, #1219 ) ;
#934 = EDGE_CURVE ( 'NONE', #7648, #9054, #7405, .T. ) ;
#935 = DIRECTION ( 'NONE',  ( 0.1569032754149203013, 0.9876139742652841891, 0.000000000000000000 ) ) ;
#936 = VERTEX_POINT ( 'NONE', #9289 ) ;
#937 = ORIENTED_EDGE ( 'NONE', *, *, #902, .F. ) ;
#938 = AXIS2_PLACEMENT_3D ( 'NONE', #2750, #11007, #10101 ) ;
#939 = CARTESIAN_POINT ( 'NONE',  ( -10.48605614883614301, 16.14096768711521079, -26.29634816116374907 ) ) ;
#940 = VECTOR ( 'NONE', #5714, 1000.000000000000000 ) ;
#941 = VERTEX_POINT ( 'NONE', #3701 ) ;
#942 = CARTESIAN_POINT ( 'NONE',  ( 11.06000805719591895, 15.74004395455968641, -33.59634816116375333 ) ) ;
#943 = VERTEX_POINT ( 'NONE', #5522 ) ;
#944 = CARTESIAN_POINT ( 'NONE',  ( 2.929189417950685215, 19.10793930813102648, -26.99634816116374836 ) ) ;
#945 = AXIS2_PLACEMENT_3D ( 'NONE', #10159, #10049, #6352 ) ;
#946 = LINE ( 'NONE', #8355, #10420 ) ;
#947 = EDGE_CURVE ( 'NONE', #8053, #1264, #909, .T. ) ;
#948 = CARTESIAN_POINT ( 'NONE',  ( 18.27776732936861137, -3.862830842817394750, -33.59634816116375333 ) ) ;
#949 = DIRECTION ( 'NONE',  ( -0.000000000000000000, -0.000000000000000000, -1.000000000000000000 ) ) ;
#950 = AXIS2_PLACEMENT_3D ( 'NONE', #2634, #6342, #10037 ) ;
#951 = AXIS2_PLACEMENT_3D ( 'NONE', #6557, #10255, #10938 ) ;
#952 = DIRECTION ( 'NONE',  ( -0.000000000000000000, -0.000000000000000000, 1.000000000000000000 ) ) ;
#953 = VECTOR ( 'NONE', #3942, 1000.000000000000000 ) ;
#954 = ORIENTED_EDGE ( 'NONE', *, *, #5391, .F. ) ;
#955 = CARTESIAN_POINT ( 'NONE',  ( -0.2840405426658379473, -0.07936508541466240352, -33.59634816116375333 ) ) ;
#956 = ORIENTED_EDGE ( 'NONE', *, *, #1805, .F. ) ;
#957 = VERTEX_POINT ( 'NONE', #5700 ) ;
#958 = CARTESIAN_POINT ( 'NONE',  ( -4.516859228947538440, -18.22647114404586688, -26.90389895507296814 ) ) ;
#959 = VECTOR ( 'NONE', #11765, 1000.000000000000114 ) ;
#960 = CARTESIAN_POINT ( 'NONE',  ( 13.25788756553142278, 13.86618443168085690, -26.29634816116374907 ) ) ;
#961 = CARTESIAN_POINT ( 'NONE',  ( 0.000000000000000000, 0.5375364957382012809, 978.5300036611693031 ) ) ;
#962 = LINE ( 'NONE', #4771, #2177 ) ;
#963 = DIRECTION ( 'NONE',  ( 0.03878550529304181094, 0.9992475592060074963, 0.000000000000000000 ) ) ;
#964 = CARTESIAN_POINT ( 'NONE',  ( 8.074651695274543073, 15.83753649573824873, -45.29634816116374907 ) ) ;
#965 = CARTESIAN_POINT ( 'NONE',  ( 18.94258358435489598, 4.234633620474245852, -26.29634816116374907 ) ) ;
#966 = CIRCLE ( 'NONE', #10078, 19.30000000000008598 ) ;
#967 = DIRECTION ( 'NONE',  ( -0.8092959084338424702, 0.5874011683613181711, 0.000000000000000000 ) ) ;
#968 = ORIENTED_EDGE ( 'NONE', *, *, #1073, .T. ) ;
#969 = ORIENTED_EDGE ( 'NONE', *, *, #7243, .T. ) ;
#970 = CARTESIAN_POINT ( 'NONE',  ( 0.4469452617099086700, 0.8361757719320128679, -34.29634816116375617 ) ) ;
#971 = LINE ( 'NONE', #7354, #9894 ) ;
#972 = LINE ( 'NONE', #6444, #4416 ) ;
#973 = CARTESIAN_POINT ( 'NONE',  ( -19.29954231967444400, 0.3756322405497031225, -26.29634816116374907 ) ) ;
#974 = EDGE_CURVE ( 'NONE', #5222, #586, #3352, .T. ) ;
#975 = DIRECTION ( 'NONE',  ( -0.000000000000000000, -0.000000000000000000, -1.000000000000000000 ) ) ;
#976 = VECTOR ( 'NONE', #5190, 1000.000000000000000 ) ;
#977 = CARTESIAN_POINT ( 'NONE',  ( -3.198396408832238080E-15, 0.5375364957382012809, -34.29634816116375617 ) ) ;
#978 = ORIENTED_EDGE ( 'NONE', *, *, #9825, .T. ) ;
#979 = VERTEX_POINT ( 'NONE', #2785 ) ;
#980 = CARTESIAN_POINT ( 'NONE',  ( 15.60715541303836318, -10.81617214563843810, -26.90389895507296814 ) ) ;
#981 = ORIENTED_EDGE ( 'NONE', *, *, #8795, .F. ) ;
#982 = ORIENTED_EDGE ( 'NONE', *, *, #10614, .F. ) ;
#983 = CARTESIAN_POINT ( 'NONE',  ( 5.949999999999997513, -8.012463504261800651, -26.19634816116376541 ) ) ;
#984 = AXIS2_PLACEMENT_3D ( 'NONE', #6180, #8125, #3320 ) ;
#985 = DIRECTION ( 'NONE',  ( 0.5229032302633819240, -0.8523920528607248359, 0.000000000000000000 ) ) ;
#986 = CARTESIAN_POINT ( 'NONE',  ( 0.5496344293179044049, 0.9364708071419587387, -26.29634816116374907 ) ) ;
#987 = CARTESIAN_POINT ( 'NONE',  ( 17.06809607421173069, -7.344094532306668199, -33.59634816116375333 ) ) ;
#988 = LINE ( 'NONE', #10379, #4773 ) ;
#989 = EDGE_CURVE ( 'NONE', #1799, #4575, #2835, .T. ) ;
#990 = DIRECTION ( 'NONE',  ( 0.2329837807837461527, -0.9724806208309301203, 0.000000000000000000 ) ) ;
#991 = DIRECTION ( 'NONE',  ( 0.8092959084338384734, -0.5874011683613238333, 0.000000000000000000 ) ) ;
#992 = DIRECTION ( 'NONE',  ( -0.000000000000000000, -0.000000000000000000, 1.000000000000000000 ) ) ;
#993 = EDGE_CURVE ( 'NONE', #11289, #5231, #971, .T. ) ;
#994 = ORIENTED_EDGE ( 'NONE', *, *, #1208, .T. ) ;
#995 = ORIENTED_EDGE ( 'NONE', *, *, #9660, .T. ) ;
#996 = CARTESIAN_POINT ( 'NONE',  ( 18.76400763978407937, -3.979322733209271323, -26.90389895507296458 ) ) ;
#997 = ORIENTED_EDGE ( 'NONE', *, *, #10384, .T. ) ;
#998 = DIRECTION ( 'NONE',  ( -0.9724806208309290101, 0.2329837807837510377, -0.000000000000000000 ) ) ;
#999 = VERTEX_POINT ( 'NONE', #11219 ) ;
#1000 = CARTESIAN_POINT ( 'NONE',  ( 0.5496344293178889728, 0.1386021843344373006, -33.59634816116375333 ) ) ;
#1001 = EDGE_CURVE ( 'NONE', #3860, #7155, #4669, .T. ) ;
#1002 = DIRECTION ( 'NONE',  ( -0.03878550529304997108, -0.9992475592060071632, 0.000000000000000000 ) ) ;
#1003 = DIRECTION ( 'NONE',  ( -1.000000000000000000, 0.000000000000000000, 0.000000000000000000 ) ) ;
#1004 = DIRECTION ( 'NONE',  ( -0.000000000000000000, -0.000000000000000000, 1.000000000000000000 ) ) ;
#1005 = CARTESIAN_POINT ( 'NONE',  ( 18.27776732936860782, -3.862830842817395638, -34.29634816116375617 ) ) ;
#1006 = ORIENTED_EDGE ( 'NONE', *, *, #854, .T. ) ;
#1007 = EDGE_CURVE ( 'NONE', #3174, #11289, #11448, .T. ) ;
#1008 = DIRECTION ( 'NONE',  ( -0.000000000000000000, -0.000000000000000000, 1.000000000000000000 ) ) ;
#1009 = ORIENTED_EDGE ( 'NONE', *, *, #4293, .F. ) ;
#1010 = EDGE_CURVE ( 'NONE', #4575, #9418, #2769, .T. ) ;
#1011 = EDGE_LOOP ( 'NONE', ( #6827, #1417, #9999, #10486, #5125, #6234, #7064, #3017 ) ) ;
#1012 = CARTESIAN_POINT ( 'NONE',  ( 4.061777369183121600, -17.81832971825362577, -34.20801078711516396 ) ) ;
#1013 = AXIS2_PLACEMENT_3D ( 'NONE', #1729, #5432, #8274 ) ;
#1014 = CARTESIAN_POINT ( 'NONE',  ( -10.40285075565169315, -15.12149076192433483, -26.29634816116374907 ) ) ;
#1015 = CARTESIAN_POINT ( 'NONE',  ( -15.65214394472825710, -10.75480932762477693, -26.63019525567114698 ) ) ;
#1016 = CARTESIAN_POINT ( 'NONE',  ( 4.400367338555532193, 18.81530382510682742, -26.81144803512891883 ) ) ;
#1017 = CARTESIAN_POINT ( 'NONE',  ( -14.12026275564050870, -12.61956850867342617, -26.64370081747365049 ) ) ;
#1018 = CARTESIAN_POINT ( 'NONE',  ( 18.39166320469697880, 4.433635604804212704, -34.27817972094532450 ) ) ;
#1019 = CARTESIAN_POINT ( 'NONE',  ( 19.05026529220680231, 3.632471823331112404, -26.64370081747366115 ) ) ;
#1020 = VECTOR ( 'NONE', #10755, 1000.000000000000000 ) ;
#1021 = EDGE_CURVE ( 'NONE', #11450, #1837, #3815, .T. ) ;
#1022 = CARTESIAN_POINT ( 'NONE',  ( -3.144186300207962859E-15, 0.5375364957382012809, -26.29634816116374907 ) ) ;
#1023 = ORIENTED_EDGE ( 'NONE', *, *, #9462, .T. ) ;
#1024 = ORIENTED_EDGE ( 'NONE', *, *, #2771, .T. ) ;
#1025 = DIRECTION ( 'NONE',  ( 0.000000000000000000, -0.000000000000000000, 1.000000000000000000 ) ) ;
#1026 = VECTOR ( 'NONE', #11544, 1000.000000000000000 ) ;
#1027 = FACE_OUTER_BOUND ( 'NONE', #1189, .T. ) ;
#1028 = FACE_BOUND ( 'NONE', #537, .T. ) ;
#1029 = ADVANCED_FACE ( 'NONE', ( #1027 ), #8436, .F. ) ;
#1030 = CARTESIAN_POINT ( 'NONE',  ( -18.46057051960242390, -3.082982704197982482, -26.99634816116374836 ) ) ;
#1031 = DIRECTION ( 'NONE',  ( 0.9083417975707360759, 0.4182286202377403228, -0.000000000000000000 ) ) ;
#1032 = CARTESIAN_POINT ( 'NONE',  ( 13.09226962315025844, 14.71789178447269109, -33.59634816116375333 ) ) ;
#1033 = ORIENTED_EDGE ( 'NONE', *, *, #9320, .T. ) ;
#1034 = ORIENTED_EDGE ( 'NONE', *, *, #862, .T. ) ;
#1035 = B_SPLINE_CURVE_WITH_KNOTS ( 'NONE', 3,
 ( #5473, #8327, #10937, #7113, #4552, #10817, #10086, #4382 ),
 .UNSPECIFIED., .F., .F.,
 ( 4, 2, 2, 4 ),
 ( 0.000000000000000000, 0.0002734144572333962542, 0.0005468289144667925084, 0.001093657828933583065 ),
 .UNSPECIFIED. ) ;
#1036 = EDGE_CURVE ( 'NONE', #2515, #8113, #6530, .T. ) ;
#1037 = DIRECTION ( 'NONE',  ( -0.8523920528607193958, 0.5229032302633908058, 0.000000000000000000 ) ) ;
#1038 = ORIENTED_EDGE ( 'NONE', *, *, #1520, .F. ) ;
#1039 = VERTEX_POINT ( 'NONE', #11343 ) ;
#1040 = CARTESIAN_POINT ( 'NONE',  ( 0.5789032350798251070, 0.1824060477040623518, -33.59634816116375333 ) ) ;
#1041 = CARTESIAN_POINT ( 'NONE',  ( 18.91548308395086764, -3.295804044935393584, -26.29634816116374907 ) ) ;
#1042 = CARTESIAN_POINT ( 'NONE',  ( 2.947158568580555915, 19.10510813348258452, -26.81318187454957780 ) ) ;
#1044 = B_SPLINE_CURVE_WITH_KNOTS ( 'NONE', 3,
 ( #241, #3953, #1888, #2064, #6562, #11350, #4737, #5710 ),
 .UNSPECIFIED., .F., .F.,
 ( 4, 2, 2, 4 ),
 ( 0.000000000000000000, 0.0002734140155771797183, 0.0005468280311543594367, 0.001093656062308725812 ),
 .UNSPECIFIED. ) ;
#1043 = CARTESIAN_POINT ( 'NONE',  ( -4.516859228947138760, 19.30154413552235582, -26.99634816116374836 ) ) ;
#1045 = DIRECTION ( 'NONE',  ( -0.3465623512410510587, -0.9380269381538434148, -0.000000000000000000 ) ) ;
#1046 = CARTESIAN_POINT ( 'NONE',  ( 7.881631028044806087, 17.60563256994995740, -26.99634816116374836 ) ) ;
#1047 = CARTESIAN_POINT ( 'NONE',  ( -10.49350092129200895, 16.15122477241274268, -34.29634816116375617 ) ) ;
#1048 = CARTESIAN_POINT ( 'NONE',  ( 4.516859228947263993, -18.22647114404592728, -33.59634816116375333 ) ) ;
#1049 = CARTESIAN_POINT ( 'NONE',  ( -3.007641055658277107, -18.52667330378724486, -26.99634816116374836 ) ) ;
#1050 = ORIENTED_EDGE ( 'NONE', *, *, #664, .T. ) ;
#1051 = ADVANCED_FACE ( 'NONE', ( #1083 ), #2183, .F. ) ;
#1052 = ORIENTED_EDGE ( 'NONE', *, *, #8066, .F. ) ;
#1053 = CARTESIAN_POINT ( 'NONE',  ( -4.137545402711395148, 18.87644474910717562, -34.15607241020865104 ) ) ;
#1054 = ORIENTED_EDGE ( 'NONE', *, *, #5686, .T. ) ;
#1055 = CARTESIAN_POINT ( 'NONE',  ( 17.64212122275941397, 7.033348225016013977, -34.29634816116375617 ) ) ;
#1056 = EDGE_LOOP ( 'NONE', ( #11870, #9673, #867, #61 ) ) ;
#1057 = CARTESIAN_POINT ( 'NONE',  ( -9.599999999999988987, 0.5375364957382032793, -41.89634816116375760 ) ) ;
#1058 = CYLINDRICAL_SURFACE ( 'NONE', #8490, 0.7000000000000000666 ) ;
#1059 = CARTESIAN_POINT ( 'NONE',  ( -11.35370864137669855, -15.06961891730012582, -26.99634816116374836 ) ) ;
#1060 = CARTESIAN_POINT ( 'NONE',  ( 9.599999999999988987, 0.5375364957382021691, -21.29634816116374907 ) ) ;
#1061 = LINE ( 'NONE', #9208, #5573 ) ;
#1062 = ORIENTED_EDGE ( 'NONE', *, *, #10641, .T. ) ;
#1063 = DIRECTION ( 'NONE',  ( -0.000000000000000000, 0.000000000000000000, 1.000000000000000000 ) ) ;
#1064 = VERTEX_POINT ( 'NONE', #10361 ) ;
#1065 = ORIENTED_EDGE ( 'NONE', *, *, #3903, .F. ) ;
#1066 = CARTESIAN_POINT ( 'NONE',  ( 17.76849405989244346, -6.997658629825526333, -34.29634816116374907 ) ) ;
#1067 = CARTESIAN_POINT ( 'NONE',  ( -16.46205883478114984, 10.61179174961217697, -34.29634816116375617 ) ) ;
#1068 = CYLINDRICAL_SURFACE ( 'NONE', #4462, 0.7000000000000006217 ) ;
#1069 = CARTESIAN_POINT ( 'NONE',  ( -3.716678047685552766, -17.89099417793281788, -26.29634816116374907 ) ) ;
#1070 = CARTESIAN_POINT ( 'NONE',  ( 12.75269500745304896, -13.27581868349481375, -34.29634816116375617 ) ) ;
#1071 = DIRECTION ( 'NONE',  ( 0.000000000000000000, 0.000000000000000000, -1.000000000000000000 ) ) ;
#1072 = EDGE_CURVE ( 'NONE', #1984, #10746, #8840, .T. ) ;
#1073 = EDGE_CURVE ( 'NONE', #9616, #11912, #8745, .T. ) ;
#1074 = CARTESIAN_POINT ( 'NONE',  ( 0.1619042551887033832, 19.83707881541263873, -34.29634816116375617 ) ) ;
#1075 = EDGE_CURVE ( 'NONE', #2100, #11795, #4651, .T. ) ;
#1076 = PLANE ( 'NONE',  #1918 ) ;
#1077 = EDGE_CURVE ( 'NONE', #10291, #957, #5636, .T. ) ;
#1078 = ADVANCED_FACE ( 'NONE', ( #2964 ), #9520, .F. ) ;
#1079 = CARTESIAN_POINT ( 'NONE',  ( 15.20250745882152543, 11.59754455293406217, -33.78124828719859352 ) ) ;
#1080 = ORIENTED_EDGE ( 'NONE', *, *, #2485, .T. ) ;
#1081 = ORIENTED_EDGE ( 'NONE', *, *, #9127, .T. ) ;
#1082 = CARTESIAN_POINT ( 'NONE',  ( 3.146222789368953165, 19.57947566242165038, -34.02662297194007124 ) ) ;
#1083 = FACE_OUTER_BOUND ( 'NONE', #8020, .T. ) ;
#1084 = DIRECTION ( 'NONE',  ( -0.000000000000000000, -0.000000000000000000, 1.000000000000000000 ) ) ;
#1085 = LINE ( 'NONE', #8438, #3038 ) ;
#1086 = EDGE_CURVE ( 'NONE', #957, #10291, #7188, .T. ) ;
#1087 = FACE_OUTER_BOUND ( 'NONE', #1564, .T. ) ;
#1088 = AXIS2_PLACEMENT_3D ( 'NONE', #2979, #4746, #8395 ) ;
#1089 = CARTESIAN_POINT ( 'NONE',  ( -10.94617733506741608, -14.74709490642669252, -34.02662676194078983 ) ) ;
#1090 = ORIENTED_EDGE ( 'NONE', *, *, #11099, .T. ) ;
#1091 = ORIENTED_EDGE ( 'NONE', *, *, #10862, .F. ) ;
#1092 = DIRECTION ( 'NONE',  ( -0.000000000000000000, -0.000000000000000000, 1.000000000000000000 ) ) ;
#1093 = ORIENTED_EDGE ( 'NONE', *, *, #11399, .T. ) ;
#1094 = ORIENTED_EDGE ( 'NONE', *, *, #5329, .F. ) ;
#1095 = DIRECTION ( 'NONE',  ( -1.000000000000000000, 0.000000000000000000, -0.000000000000000000 ) ) ;
#1096 = VECTOR ( 'NONE', #6272, 1000.000000000000000 ) ;
#1097 = CARTESIAN_POINT ( 'NONE',  ( -5.599999999999997868, 0.5375364957382028352, -21.29634816116374907 ) ) ;
#1098 = CARTESIAN_POINT ( 'NONE',  ( 3.527811130911501447, -17.92831824230634652, -26.29634816116375262 ) ) ;
#1099 = DIRECTION ( 'NONE',  ( 0.4182286202377336060, -0.9083417975707391845, 0.000000000000000000 ) ) ;
#1100 = CARTESIAN_POINT ( 'NONE',  ( 0.4355998977303661701, -18.75797886408464521, -34.22032890332828714 ) ) ;
#1101 = DIRECTION ( 'NONE',  ( -0.8314696123025445695, 0.5555702330196032879, 0.000000000000000000 ) ) ;
#1102 = LINE ( 'NONE', #8638, #4915 ) ;
#1103 = CARTESIAN_POINT ( 'NONE',  ( 7.535195125563530105, -17.23095756415432334, -26.29634816116374907 ) ) ;
#1104 = CARTESIAN_POINT ( 'NONE',  ( 4.400367338555531305, 18.81530382510682742, -34.29634816116375617 ) ) ;
#1105 = VECTOR ( 'NONE', #11637, 999.9999999999998863 ) ;
#1106 = ORIENTED_EDGE ( 'NONE', *, *, #7015, .T. ) ;
#1107 = VERTEX_POINT ( 'NONE', #6908 ) ;
#1108 = DIRECTION ( 'NONE',  ( 0.000000000000000000, 0.000000000000000000, -1.000000000000000000 ) ) ;
#1109 = ORIENTED_EDGE ( 'NONE', *, *, #2803, .F. ) ;
#1110 = CARTESIAN_POINT ( 'NONE',  ( -16.03586280835099132, -9.275267143003729231, -26.81144803512890462 ) ) ;
#1111 = EDGE_LOOP ( 'NONE', ( #3021, #271, #770, #1664 ) ) ;
#1112 = CIRCLE ( 'NONE', #7129, 19.30000000000008598 ) ;
#1113 = DIRECTION ( 'NONE',  ( 1.000000000000000000, 0.000000000000000000, 0.000000000000000000 ) ) ;
#1114 = VECTOR ( 'NONE', #1263, 999.9999999999998863 ) ;
#1115 = ORIENTED_EDGE ( 'NONE', *, *, #6953, .T. ) ;
#1116 = CARTESIAN_POINT ( 'NONE',  ( -3.144186300207962859E-15, 0.5375364957382012809, -34.29634816116375617 ) ) ;
#1117 = AXIS2_PLACEMENT_3D ( 'NONE', #1527, #9767, #9589 ) ;
#1118 = DIRECTION ( 'NONE',  ( -0.000000000000000000, -0.000000000000000000, -1.000000000000000000 ) ) ;
#1119 = CARTESIAN_POINT ( 'NONE',  ( -17.81502700716363563, -6.917369584125764526, -26.99634816116374836 ) ) ;
#1120 = EDGE_CURVE ( 'NONE', #7851, #1735, #4922, .T. ) ;
#1121 = DIRECTION ( 'NONE',  ( -0.9992475592060074963, -0.03878550529304181094, 0.000000000000000000 ) ) ;
#1122 = AXIS2_PLACEMENT_3D ( 'NONE', #10054, #9207, #1750 ) ;
#1123 = B_SPLINE_CURVE_WITH_KNOTS ( 'NONE', 3,
 ( #2300, #3394, #7096, #10795, #2476, #9887, #1582, #662 ),
 .UNSPECIFIED., .F., .F.,
 ( 4, 2, 2, 4 ),
 ( 0.000000000000000000, 0.0002734115678465775818, 0.0005468231356931551636, 0.001093646271386295799 ),
 .UNSPECIFIED. ) ;
#1124 = VECTOR ( 'NONE', #8583, 1000.000000000000000 ) ;
#1125 = AXIS2_PLACEMENT_3D ( 'NONE', #1302, #8957, #7126 ) ;
#1126 = EDGE_LOOP ( 'NONE', ( #1972, #10958, #11860, #2029 ) ) ;
#1127 = CIRCLE ( 'NONE', #945, 19.33712077059221812 ) ;
#1128 = FACE_OUTER_BOUND ( 'NONE', #6669, .T. ) ;
#1129 = ORIENTED_EDGE ( 'NONE', *, *, #11320, .T. ) ;
#1130 = ORIENTED_EDGE ( 'NONE', *, *, #10648, .F. ) ;
#1131 = DIRECTION ( 'NONE',  ( 0.000000000000000000, -0.000000000000000000, 1.000000000000000000 ) ) ;
#1132 = CARTESIAN_POINT ( 'NONE',  ( 19.28465801595087115, 1.306929248384651965, -33.59634816116375333 ) ) ;
#1133 = CARTESIAN_POINT ( 'NONE',  ( 19.00973876702708765, -2.799601841437762584, -34.22032890332829425 ) ) ;
#1134 = DIRECTION ( 'NONE',  ( -0.8314696123025522301, -0.5555702330195918526, 0.000000000000000000 ) ) ;
#1135 = DIRECTION ( 'NONE',  ( -1.000000000000000000, 0.000000000000000000, -0.000000000000000000 ) ) ;
#1136 = PLANE ( 'NONE',  #3814 ) ;
#1137 = CIRCLE ( 'NONE', #10839, 19.30000000000008598 ) ;
#1138 = DIRECTION ( 'NONE',  ( 0.7071067811865513475, 0.7071067811865437980, 0.000000000000000000 ) ) ;
#1139 = CIRCLE ( 'NONE', #5605, 19.30000000000008598 ) ;
#1140 = CARTESIAN_POINT ( 'NONE',  ( 13.15710500441177722, 14.65779925137857198, -33.94899550485384765 ) ) ;
#1141 = B_SPLINE_CURVE_WITH_KNOTS ( 'NONE', 3,
 ( #2554, #10927, #10979, #7228, #7845, #2609, #6319, #1701 ),
 .UNSPECIFIED., .F., .F.,
 ( 4, 2, 2, 4 ),
 ( 0.000000000000000000, 0.0002734111411466481228, 0.0005468222822932962456, 0.001093644564586589239 ),
 .UNSPECIFIED. ) ;
#1142 = CARTESIAN_POINT ( 'NONE',  ( -3.836122794365485866, 19.46463278207096792, -26.99634816116374836 ) ) ;
#1143 = EDGE_CURVE ( 'NONE', #10498, #9489, #9397, .T. ) ;
#1144 = ADVANCED_FACE ( 'NONE', ( #4855 ), #3881, .T. ) ;
#1145 = CIRCLE ( 'NONE', #7941, 19.30000000000008598 ) ;
#1146 = DIRECTION ( 'NONE',  ( 1.000000000000000000, 0.000000000000000000, 0.000000000000000000 ) ) ;
#1147 = VERTEX_POINT ( 'NONE', #1207 ) ;
#1148 = ORIENTED_EDGE ( 'NONE', *, *, #8084, .T. ) ;
#1149 = CARTESIAN_POINT ( 'NONE',  ( -18.27776732936858650, 4.937903834293920546, -26.81144803512891528 ) ) ;
#1150 = EDGE_CURVE ( 'NONE', #5475, #1204, #4916, .T. ) ;
#1151 = DIRECTION ( 'NONE',  ( 0.9724806208309274558, -0.2329837807837575325, 0.000000000000000000 ) ) ;
#1152 = CARTESIAN_POINT ( 'NONE',  ( 18.15000000000008029, 0.5375364957382036124, -40.15919010370956954 ) ) ;
#1153 = DIRECTION ( 'NONE',  ( 0.000000000000000000, -0.000000000000000000, 1.000000000000000000 ) ) ;
#1154 = CARTESIAN_POINT ( 'NONE',  ( -14.18035528873463136, -12.55473312741190739, -26.99634816116374836 ) ) ;
#1155 = DIRECTION ( 'NONE',  ( 0.000000000000000000, 0.000000000000000000, 1.000000000000000000 ) ) ;
#1156 = AXIS2_PLACEMENT_3D ( 'NONE', #7161, #7043, #421 ) ;
#1157 = EDGE_LOOP ( 'NONE', ( #9730, #7021, #1952, #1593 ) ) ;
#1158 = EDGE_CURVE ( 'NONE', #9000, #10261, #7256, .T. ) ;
#1159 = ORIENTED_EDGE ( 'NONE', *, *, #5064, .T. ) ;
#1160 = FACE_OUTER_BOUND ( 'NONE', #6466, .T. ) ;
#1161 = VERTEX_POINT ( 'NONE', #7165 ) ;
#1162 = VERTEX_POINT ( 'NONE', #1516 ) ;
#1163 = DIRECTION ( 'NONE',  ( -0.8523920528607213942, 0.5229032302633875862, 0.000000000000000000 ) ) ;
#1164 = DIRECTION ( 'NONE',  ( -0.7340002190031317264, -0.6791492313942160131, 0.000000000000000000 ) ) ;
#1165 = DIRECTION ( 'NONE',  ( -0.000000000000000000, -0.000000000000000000, -1.000000000000000000 ) ) ;
#1166 = DIRECTION ( 'NONE',  ( -0.9083417975707391845, -0.4182286202377336615, 0.000000000000000000 ) ) ;
#1167 = CARTESIAN_POINT ( 'NONE',  ( -0.6370622852088178023, 0.7729047932451904579, -26.29634816116374907 ) ) ;
#1168 = DIRECTION ( 'NONE',  ( -0.4182286202377435425, -0.9083417975707345215, -0.000000000000000000 ) ) ;
#1169 = CARTESIAN_POINT ( 'NONE',  ( -3.716678047685161523, 18.96606716940929616, -26.29634816116374907 ) ) ;
#1170 = VECTOR ( 'NONE', #8892, 1000.000000000000000 ) ;
#1171 = CARTESIAN_POINT ( 'NONE',  ( 4.799999999999999822, 0.5375364957382021691, -37.09634816116376044 ) ) ;
#1172 = CARTESIAN_POINT ( 'NONE',  ( -17.92748151474950546, 7.688032551973610573, -34.29634816116377038 ) ) ;
#1173 = ADVANCED_FACE ( 'NONE', ( #11654 ), #3332, .F. ) ;
#1174 = ORIENTED_EDGE ( 'NONE', *, *, #6426, .T. ) ;
#1175 = EDGE_LOOP ( 'NONE', ( #779, #273, #2263, #10642, #129, #5565, #5581, #10944 ) ) ;
#1176 = VECTOR ( 'NONE', #6027, 1000.000000000000000 ) ;
#1177 = CARTESIAN_POINT ( 'NONE',  ( 16.18801740618142304, 11.04811591692568840, -26.29634816116374552 ) ) ;
#1178 = EDGE_LOOP ( 'NONE', ( #2558, #11311, #10012, #11883 ) ) ;
#1179 = VERTEX_POINT ( 'NONE', #4182 ) ;
#1180 = CARTESIAN_POINT ( 'NONE',  ( -3.144186300207962859E-15, 0.5375364957382012809, -26.29634816116374907 ) ) ;
#1181 = ORIENTED_EDGE ( 'NONE', *, *, #4120, .T. ) ;
#1182 = CARTESIAN_POINT ( 'NONE',  ( -7.321573171451644768, -17.31980278801520967, -34.29634816116375617 ) ) ;
#1183 = CARTESIAN_POINT ( 'NONE',  ( 8.074651695274543073, 15.83753649573824873, -44.29634816116374907 ) ) ;
#1184 = DIRECTION ( 'NONE',  ( -0.7340002190031222895, 0.6791492313942264492, -0.000000000000000000 ) ) ;
#1185 = EDGE_CURVE ( 'NONE', #11185, #4222, #2175, .T. ) ;
#1186 = CARTESIAN_POINT ( 'NONE',  ( -13.46674711338457620, -13.28892037130011339, -34.29634816116375617 ) ) ;
#1187 = B_SPLINE_CURVE_WITH_KNOTS ( 'NONE', 3,
 ( #9800, #8122, #11639, #10721, #2403, #6112, #3502, #592 ),
 .UNSPECIFIED., .F., .F.,
 ( 4, 2, 2, 4 ),
 ( 0.000000000000000000, 0.0002734140155771857357, 0.0005468280311543714713, 0.001093656062308728198 ),
 .UNSPECIFIED. ) ;
#1188 = VERTEX_POINT ( 'NONE', #2418 ) ;
#1189 = EDGE_LOOP ( 'NONE', ( #4701, #9251, #2341, #6941 ) ) ;
#1190 = LINE ( 'NONE', #3982, #345 ) ;
#1191 = ORIENTED_EDGE ( 'NONE', *, *, #2349, .T. ) ;
#1192 = ORIENTED_EDGE ( 'NONE', *, *, #3504, .T. ) ;
#1193 = CARTESIAN_POINT ( 'NONE',  ( 17.80417973997781900, -6.912375167266032072, -26.29634816116374907 ) ) ;
#1194 = DIRECTION ( 'NONE',  ( -0.9992475592060079403, -0.03878550529303135402, 0.000000000000000000 ) ) ;
#1195 = CARTESIAN_POINT ( 'NONE',  ( 18.57040281239280688, -2.391652922212551324, -26.99634816116374836 ) ) ;
#1196 = CARTESIAN_POINT ( 'NONE',  ( -15.50070862376837866, 11.17524752131615351, -26.31451660138218074 ) ) ;
#1197 = CARTESIAN_POINT ( 'NONE',  ( 17.64212122275937489, -5.958275233539738203, -26.90389799132447024 ) ) ;
#1198 = LINE ( 'NONE', #413, #731 ) ;
#1199 = CARTESIAN_POINT ( 'NONE',  ( 3.923947236232773417, -18.35958457663717880, -26.29634816116374907 ) ) ;
#1200 = ORIENTED_EDGE ( 'NONE', *, *, #6091, .F. ) ;
#1201 = CARTESIAN_POINT ( 'NONE',  ( -3.144186300207962859E-15, 0.5375364957382012809, -26.29634816116374907 ) ) ;
#1202 = EDGE_CURVE ( 'NONE', #3269, #5375, #11152, .T. ) ;
#1203 = CARTESIAN_POINT ( 'NONE',  ( -18.27776732936858650, 4.937903834293922323, -26.99634816116374836 ) ) ;
#1204 = VERTEX_POINT ( 'NONE', #5100 ) ;
#1205 = CARTESIAN_POINT ( 'NONE',  ( -13.09226962315036502, -13.64281879299619504, -33.59634816116375333 ) ) ;
#1206 = LINE ( 'NONE', #7456, #6195 ) ;
#1207 = CARTESIAN_POINT ( 'NONE',  ( 4.516859228947406102, 19.30154413552229897, -26.99634816116374836 ) ) ;
#1208 = EDGE_CURVE ( 'NONE', #3131, #3570, #7572, .T. ) ;
#1209 = CARTESIAN_POINT ( 'NONE',  ( 11.35370864137646763, -15.06961891730028569, -33.59634816116375333 ) ) ;
#1210 = CARTESIAN_POINT ( 'NONE',  ( -19.02040434580931816, -2.736358674720012818, -34.15606879818032127 ) ) ;
#1211 = CARTESIAN_POINT ( 'NONE',  ( -3.198396408832238080E-15, 0.5375364957382012809, -26.29634816116374907 ) ) ;
#1212 = AXIS2_PLACEMENT_3D ( 'NONE', #7919, #6290, #5191 ) ;
#1213 = EDGE_CURVE ( 'NONE', #8139, #6349, #8121, .T. ) ;
#1214 = CARTESIAN_POINT ( 'NONE',  ( -10.48605614883647696, -15.06589469563858330, -34.29634816116375617 ) ) ;
#1215 = EDGE_CURVE ( 'NONE', #506, #2368, #15, .T. ) ;
#1216 = ORIENTED_EDGE ( 'NONE', *, *, #3730, .T. ) ;
#1217 = ORIENTED_EDGE ( 'NONE', *, *, #574, .T. ) ;
#1218 = AXIS2_PLACEMENT_3D ( 'NONE', #7110, #2502, #6211 ) ;
#1219 = DIRECTION ( 'NONE',  ( 1.000000000000000000, 0.000000000000000000, 0.000000000000000000 ) ) ;
#1220 = ORIENTED_EDGE ( 'NONE', *, *, #6243, .T. ) ;
#1221 = EDGE_CURVE ( 'NONE', #10761, #4103, #6072, .T. ) ;
#1222 = ORIENTED_EDGE ( 'NONE', *, *, #1980, .F. ) ;
#1223 = DIRECTION ( 'NONE',  ( -0.5555702330196121697, -0.8314696123025385743, 0.000000000000000000 ) ) ;
#1224 = CARTESIAN_POINT ( 'NONE',  ( 17.85733928375343282, -6.784036675713378095, -26.29634816116374907 ) ) ;
#1225 = CARTESIAN_POINT ( 'NONE',  ( -15.28463140216485883, 11.48371383080566765, -34.02662676194078273 ) ) ;
#1226 = FACE_OUTER_BOUND ( 'NONE', #6312, .T. ) ;
#1227 = DIRECTION ( 'NONE',  ( 0.7340002190031389429, 0.6791492313942085746, 0.000000000000000000 ) ) ;
#1228 = CARTESIAN_POINT ( 'NONE',  ( 0.1048681680489795265, 0.01032861303863882863, -26.29634816116374907 ) ) ;
#1229 = CARTESIAN_POINT ( 'NONE',  ( -3.897931238695853118, 18.92952586324299702, -26.29634816116375262 ) ) ;
#1230 = EDGE_CURVE ( 'NONE', #428, #9881, #10478, .T. ) ;
#1231 = CARTESIAN_POINT ( 'NONE',  ( -0.2986392761938163609, 0.9844817574481121714, -34.29634816116375617 ) ) ;
#1232 = EDGE_CURVE ( 'NONE', #11616, #3625, #11743, .T. ) ;
#1233 = ADVANCED_FACE ( 'NONE', ( #8549 ), #3990, .F. ) ;
#1234 = AXIS2_PLACEMENT_3D ( 'NONE', #3901, #11431, #7543 ) ;
#1235 = CYLINDRICAL_SURFACE ( 'NONE', #6747, 19.33712077059222167 ) ;
#1236 = EDGE_CURVE ( 'NONE', #8655, #7160, #2107, .T. ) ;
#1237 = ADVANCED_FACE ( 'NONE', ( #10352 ), #4960, .F. ) ;
#1238 = ORIENTED_EDGE ( 'NONE', *, *, #610, .T. ) ;
#1239 = EDGE_LOOP ( 'NONE', ( #11811, #10385, #2083, #5082 ) ) ;
#1240 = CARTESIAN_POINT ( 'NONE',  ( 16.38845051940291597, 10.73130197475036063, -26.56607335038743400 ) ) ;
#1241 = ORIENTED_EDGE ( 'NONE', *, *, #9172, .T. ) ;
#1242 = EDGE_LOOP ( 'NONE', ( #3994, #8221, #9927, #2237 ) ) ;
#1243 = EDGE_CURVE ( 'NONE', #5415, #3672, #10413, .T. ) ;
#1244 = DIRECTION ( 'NONE',  ( -0.000000000000000000, -0.000000000000000000, 1.000000000000000000 ) ) ;
#1245 = ORIENTED_EDGE ( 'NONE', *, *, #1295, .F. ) ;
#1246 = DIRECTION ( 'NONE',  ( 1.000000000000000000, 0.000000000000000000, 0.000000000000000000 ) ) ;
#1247 = CARTESIAN_POINT ( 'NONE',  ( 8.090745338163680245, 18.05980346873532838, -33.78124629862855954 ) ) ;
#1248 = CARTESIAN_POINT ( 'NONE',  ( -3.184081677783118191E-15, 0.5375364957382012809, -45.29634816116371354 ) ) ;
#1249 = CARTESIAN_POINT ( 'NONE',  ( -18.79951954134921266, 0.4875013579813129994, -26.29634816116374907 ) ) ;
#1250 = ORIENTED_EDGE ( 'NONE', *, *, #7774, .T. ) ;
#1251 = ORIENTED_EDGE ( 'NONE', *, *, #4120, .F. ) ;
#1252 = CARTESIAN_POINT ( 'NONE',  ( -3.195402843826370631, -17.98877556442771919, -34.15607241020864393 ) ) ;
#1253 = ORIENTED_EDGE ( 'NONE', *, *, #11966, .T. ) ;
#1254 = FACE_OUTER_BOUND ( 'NONE', #10558, .T. ) ;
#1255 = ADVANCED_FACE ( 'NONE', ( #7628, #2227 ), #9443, .T. ) ;
#1256 = ORIENTED_EDGE ( 'NONE', *, *, #4646, .F. ) ;
#1257 = CARTESIAN_POINT ( 'NONE',  ( 17.55917063790320753, -7.472879154803269586, -26.64370081747365049 ) ) ;
#1258 = CARTESIAN_POINT ( 'NONE',  ( 13.25788756553132686, -12.79111144020455093, -26.29634816116374907 ) ) ;
#1259 = CARTESIAN_POINT ( 'NONE',  ( 18.78826689590395915, 1.211515752224958442, -33.96250492026808132 ) ) ;
#1260 = CARTESIAN_POINT ( 'NONE',  ( -18.11113469183639779, -6.131556409159996335, -33.59634816116375333 ) ) ;
#1261 = CARTESIAN_POINT ( 'NONE',  ( -13.53235365129148704, 14.29885734052380108, -34.29634816116375617 ) ) ;
#1262 = CARTESIAN_POINT ( 'NONE',  ( 18.79958427485401629, 0.5375364957381999487, -34.29634816116375617 ) ) ;
#1263 = DIRECTION ( 'NONE',  ( 0.9724806208309274558, -0.2329837807837575325, -0.000000000000000000 ) ) ;
#1264 = VERTEX_POINT ( 'NONE', #9625 ) ;
#1265 = DIRECTION ( 'NONE',  ( -0.9380269381538425266, 0.3465623512410538898, 0.000000000000000000 ) ) ;
#1266 = B_SPLINE_CURVE_WITH_KNOTS ( 'NONE', 3,
 ( #6159, #9854, #7979, #4338, #10999, #4458, #3545, #2691 ),
 .UNSPECIFIED., .F., .F.,
 ( 4, 2, 2, 4 ),
 ( 0.000000000000000000, 0.0002734144572333951700, 0.0005468289144667903400, 0.001093657828933582848 ),
 .UNSPECIFIED. ) ;
#1267 = CARTESIAN_POINT ( 'NONE',  ( -3.716678047685161967, 18.96606716940929616, -34.29634816116375617 ) ) ;
#1268 = ORIENTED_EDGE ( 'NONE', *, *, #8554, .T. ) ;
#1269 = FACE_BOUND ( 'NONE', #821, .T. ) ;
#1270 = DIRECTION ( 'NONE',  ( 0.000000000000000000, 0.000000000000000000, -1.000000000000000000 ) ) ;
#1271 = CARTESIAN_POINT ( 'NONE',  ( 7.620479498464201917, -17.19527150314932484, -34.29634816116376328 ) ) ;
#1272 = FACE_OUTER_BOUND ( 'NONE', #4537, .T. ) ;
#1273 = CARTESIAN_POINT ( 'NONE',  ( 15.85166779588612052, -9.569910657308987822, -34.20801078711517107 ) ) ;
#1274 = SHAPE_DEFINITION_REPRESENTATION ( #7388, #1639 ) ;
#1275 = EDGE_CURVE ( 'NONE', #3607, #7442, #10883, .T. ) ;
#1276 = LINE ( 'NONE', #11287, #562 ) ;
#1277 = ORIENTED_EDGE ( 'NONE', *, *, #10792, .F. ) ;
#1278 = VERTEX_POINT ( 'NONE', #8612 ) ;
#1279 = CARTESIAN_POINT ( 'NONE',  ( -15.60715541303828680, 11.89124513711495013, -33.59634816116375333 ) ) ;
#1280 = ORIENTED_EDGE ( 'NONE', *, *, #3092, .F. ) ;
#1281 = ORIENTED_EDGE ( 'NONE', *, *, #6082, .F. ) ;
#1282 = LINE ( 'NONE', #116, #6004 ) ;
#1283 = CARTESIAN_POINT ( 'NONE',  ( 0.7499999999999982236, 19.32257073208607068, -33.59634816116375333 ) ) ;
#1284 = CARTESIAN_POINT ( 'NONE',  ( -8.090745338163426226, 18.05980346873544917, -34.29634816116375617 ) ) ;
#1285 = DIRECTION ( 'NONE',  ( -1.000000000000000000, 0.000000000000000000, -0.000000000000000000 ) ) ;
#1286 = CARTESIAN_POINT ( 'NONE',  ( -15.28463140216508798, -10.40864083932893713, -26.56606956038672251 ) ) ;
#1287 = CARTESIAN_POINT ( 'NONE',  ( 4.516859228947406102, 19.30154413552229897, -26.99634816116374836 ) ) ;
#1288 = LINE ( 'NONE', #4200, #1026 ) ;
#1289 = CARTESIAN_POINT ( 'NONE',  ( 4.014554898955125850, -18.34122236906004488, -34.29634816116376328 ) ) ;
#1290 = DIRECTION ( 'NONE',  ( 0.9724806208309298983, -0.2329837807837476515, 0.000000000000000000 ) ) ;
#1291 = ORIENTED_EDGE ( 'NONE', *, *, #11090, .F. ) ;
#1292 = CIRCLE ( 'NONE', #5176, 19.33712077059222167 ) ;
#1293 = ORIENTED_EDGE ( 'NONE', *, *, #3746, .F. ) ;
#1294 = CARTESIAN_POINT ( 'NONE',  ( 18.78453066649124636, -3.893337010139851451, -26.64370081747366825 ) ) ;
#1295 = EDGE_CURVE ( 'NONE', #6383, #11871, #4844, .T. ) ;
#1296 = ORIENTED_EDGE ( 'NONE', *, *, #1569, .F. ) ;
#1297 = PRODUCT_RELATED_PRODUCT_CATEGORY ( 'part', '', ( #5735 ) ) ;
#1298 = ORIENTED_EDGE ( 'NONE', *, *, #2632, .T. ) ;
#1299 = DIRECTION ( 'NONE',  ( 0.000000000000000000, -0.000000000000000000, 1.000000000000000000 ) ) ;
#1300 = B_SPLINE_CURVE_WITH_KNOTS ( 'NONE', 3,
 ( #483, #4069, #4130, #7773, #1210, #6859, #1336, #4184 ),
 .UNSPECIFIED., .F., .F.,
 ( 4, 2, 2, 4 ),
 ( 0.000000000000000000, 0.0002734115678465777986, 0.0005468231356931555973, 0.001093646271386296666 ),
 .UNSPECIFIED. ) ;
#1301 = ORIENTED_EDGE ( 'NONE', *, *, #2499, .T. ) ;
#1302 = CARTESIAN_POINT ( 'NONE',  ( 0.4469452617099086700, 0.8361757719320128679, -26.29634816116374907 ) ) ;
#1303 = EDGE_CURVE ( 'NONE', #2066, #10716, #3012, .T. ) ;
#1304 = FACE_OUTER_BOUND ( 'NONE', #823, .T. ) ;
#1305 = DIRECTION ( 'NONE',  ( 0.9083417975707391845, 0.4182286202377336615, 0.000000000000000000 ) ) ;
#1306 = CARTESIAN_POINT ( 'NONE',  ( -9.932237400578827646, 16.49966090226164894, -34.02662676194078273 ) ) ;
#1307 = EDGE_CURVE ( 'NONE', #8566, #3353, #7570, .T. ) ;
#1308 = VECTOR ( 'NONE', #10354, 1000.000000000000000 ) ;
#1309 = EDGE_LOOP ( 'NONE', ( #5251, #7956, #11252, #6065 ) ) ;
#1310 = ORIENTED_EDGE ( 'NONE', *, *, #9463, .F. ) ;
#1311 = VECTOR ( 'NONE', #11100, 1000.000000000000114 ) ;
#1312 = CARTESIAN_POINT ( 'NONE',  ( -7.564783306542661734, -16.67321344108408709, -26.38468553521233062 ) ) ;
#1313 = ORIENTED_EDGE ( 'NONE', *, *, #974, .T. ) ;
#1314 = CARTESIAN_POINT ( 'NONE',  ( 16.46205883478128840, 10.61179174961193716, -33.59634816116375333 ) ) ;
#1315 = EDGE_LOOP ( 'NONE', ( #2527, #2640, #8049, #10156 ) ) ;
#1316 = LINE ( 'NONE', #11513, #11006 ) ;
#1317 = EDGE_CURVE ( 'NONE', #3980, #9422, #591, .T. ) ;
#1318 = VECTOR ( 'NONE', #10717, 1000.000000000000000 ) ;
#1319 = PLANE ( 'NONE',  #10077 ) ;
#1320 = CARTESIAN_POINT ( 'NONE',  ( -17.92619256938681005, -6.614302595578467781, -34.27817872468220628 ) ) ;
#1321 = DIRECTION ( 'NONE',  ( -0.000000000000000000, -0.000000000000000000, 1.000000000000000000 ) ) ;
#1322 = CARTESIAN_POINT ( 'NONE',  ( -4.516859228947138760, 19.30154413552235582, -34.29634816116375617 ) ) ;
#1323 = VECTOR ( 'NONE', #681, 1000.000000000000000 ) ;
#1324 = CARTESIAN_POINT ( 'NONE',  ( -13.81335517923306178, -12.21515851171480271, -33.59634816116375333 ) ) ;
#1325 = VECTOR ( 'NONE', #3231, 1000.000000000000114 ) ;
#1326 = ORIENTED_EDGE ( 'NONE', *, *, #9213, .F. ) ;
#1327 = FACE_OUTER_BOUND ( 'NONE', #4226, .T. ) ;
#1328 = AXIS2_PLACEMENT_3D ( 'NONE', #3223, #1587, #8201 ) ;
#1329 = DIRECTION ( 'NONE',  ( -0.000000000000000000, -0.000000000000000000, 1.000000000000000000 ) ) ;
#1330 = ORIENTED_EDGE ( 'NONE', *, *, #1458, .F. ) ;
#1331 = CARTESIAN_POINT ( 'NONE',  ( 0.1582312551650181531, 1.197998046924724447, -33.59634816116375333 ) ) ;
#1332 = CARTESIAN_POINT ( 'NONE',  ( 2.929189417950543994, -18.03286631665463702, -33.68879833100303500 ) ) ;
#1333 = VECTOR ( 'NONE', #8236, 1000.000000000000227 ) ;
#1334 = CARTESIAN_POINT ( 'NONE',  ( 7.635787144553624728, 17.71687270433637096, -26.43662391211885065 ) ) ;
#1335 = DIRECTION ( 'NONE',  ( -0.5229032302633788154, 0.8523920528607267233, 0.000000000000000000 ) ) ;
#1336 = CARTESIAN_POINT ( 'NONE',  ( -19.06420979952549999, -2.470104559919733767, -33.78124629862856665 ) ) ;
#1337 = VECTOR ( 'NONE', #9577, 1000.000000000000000 ) ;
#1338 = CARTESIAN_POINT ( 'NONE',  ( 8.799999999999993605, 0.5375364957382021691, -40.29634816116375617 ) ) ;
#1339 = VECTOR ( 'NONE', #8169, 1000.000000000000114 ) ;
#1340 = VERTEX_POINT ( 'NONE', #6898 ) ;
#1341 = CARTESIAN_POINT ( 'NONE',  ( 18.57040281239283175, 3.466725913688820437, -33.59634816116375333 ) ) ;
#1342 = DIRECTION ( 'NONE',  ( 0.6791492313942238956, 0.7340002190031247320, 0.000000000000000000 ) ) ;
#1343 = VERTEX_POINT ( 'NONE', #10595 ) ;
#1344 = ORIENTED_EDGE ( 'NONE', *, *, #3906, .T. ) ;
#1345 = CARTESIAN_POINT ( 'NONE',  ( 11.06000805719581059, -14.66497096308335379, -33.59634816116375333 ) ) ;
#1346 = EDGE_CURVE ( 'NONE', #3495, #203, #2286, .T. ) ;
#1347 = VECTOR ( 'NONE', #5999, 1000.000000000000000 ) ;
#1348 = CARTESIAN_POINT ( 'NONE',  ( -10.48605614883647696, -15.06589469563858330, -26.29634816116374907 ) ) ;
#1349 = CARTESIAN_POINT ( 'NONE',  ( 10.63952850974656172, -14.96277233751736802, -26.29634816116374196 ) ) ;
#1350 = LINE ( 'NONE', #3289, #6267 ) ;
#1351 = CARTESIAN_POINT ( 'NONE',  ( 13.33795071725691983, -12.72895866501718665, -34.29634816116375617 ) ) ;
#1352 = DIRECTION ( 'NONE',  ( 0.000000000000000000, 0.000000000000000000, 1.000000000000000000 ) ) ;
#1353 = CARTESIAN_POINT ( 'NONE',  ( -0.4984972582793903428, 0.9987816303409914331, -26.29634816116374907 ) ) ;
#1354 = DIRECTION ( 'NONE',  ( 1.000000000000000000, 0.000000000000000000, 0.000000000000000000 ) ) ;
#1355 = AXIS2_PLACEMENT_3D ( 'NONE', #93, #9441, #10296 ) ;
#1356 = DIRECTION ( 'NONE',  ( -0.8092959084338384734, 0.5874011683613238333, 0.000000000000000000 ) ) ;
#1357 = VERTEX_POINT ( 'NONE', #5274 ) ;
#1358 = ORIENTED_EDGE ( 'NONE', *, *, #8155, .F. ) ;
#1359 = CARTESIAN_POINT ( 'NONE',  ( -3.184843881676169275E-15, 0.5375364957382012809, -26.29634816116374907 ) ) ;
#1360 = ORIENTED_EDGE ( 'NONE', *, *, #8199, .F. ) ;
#1361 = ORIENTED_EDGE ( 'NONE', *, *, #4287, .F. ) ;
#1362 = CARTESIAN_POINT ( 'NONE',  ( -18.51557923247868231, -2.721099402757161556, -34.22033216491849572 ) ) ;
#1363 = EDGE_CURVE ( 'NONE', #682, #5202, #9034, .T. ) ;
#1364 = ORIENTED_EDGE ( 'NONE', *, *, #5622, .F. ) ;
#1365 = AXIS2_PLACEMENT_3D ( 'NONE', #4264, #9836, #3344 ) ;
#1366 = CARTESIAN_POINT ( 'NONE',  ( -3.144186300207962859E-15, 0.5375364957382012809, -34.29634816116375617 ) ) ;
#1367 = CARTESIAN_POINT ( 'NONE',  ( 7.908218864265209369, 15.17070416021016221, -44.62951582563566433 ) ) ;
#1368 = DIRECTION ( 'NONE',  ( 0.7071067811865513475, 0.7071067811865439090, 0.000000000000000000 ) ) ;
#1369 = CARTESIAN_POINT ( 'NONE',  ( -0.7500000000000045519, -18.24749774060966701, -26.99634816116374836 ) ) ;
#1370 = EDGE_CURVE ( 'NONE', #9616, #11368, #4172, .T. ) ;
#1371 = CARTESIAN_POINT ( 'NONE',  ( -0.4612451346027916510, 0.03903923745881253404, -26.29634816116374907 ) ) ;
#1372 = AXIS2_PLACEMENT_3D ( 'NONE', #5056, #11489, #3219 ) ;
#1373 = ORIENTED_EDGE ( 'NONE', *, *, #6292, .T. ) ;
#1374 = EDGE_CURVE ( 'NONE', #363, #11565, #1579, .T. ) ;
#1375 = ORIENTED_EDGE ( 'NONE', *, *, #11163, .F. ) ;
#1376 = CARTESIAN_POINT ( 'NONE',  ( 10.40285075565157591, 16.19656375340080601, -34.29634816116375617 ) ) ;
#1377 = EDGE_LOOP ( 'NONE', ( #5630, #10994, #6561, #10214 ) ) ;
#1378 = CARTESIAN_POINT ( 'NONE',  ( -12.75269500745296014, 14.35089167497130447, -26.99634816116374836 ) ) ;
#1379 = VERTEX_POINT ( 'NONE', #2405 ) ;
#1380 = CARTESIAN_POINT ( 'NONE',  ( 17.52991377583431998, 8.611776732271659185, -33.77951245282524440 ) ) ;
#1381 = CARTESIAN_POINT ( 'NONE',  ( 18.79951954134920555, 0.4875013579810443809, -26.29634816116374907 ) ) ;
#1382 = DIRECTION ( 'NONE',  ( -1.000000000000000000, 0.000000000000000000, 0.000000000000000000 ) ) ;
#1383 = CARTESIAN_POINT ( 'NONE',  ( -3.184081677783118191E-15, 0.5375364957382011699, -46.29634816116374907 ) ) ;
#1384 = CIRCLE ( 'NONE', #11258, 19.30000000000008242 ) ;
#1385 = CARTESIAN_POINT ( 'NONE',  ( -10.66468526717368981, -15.54831095325035584, -34.29634816116375617 ) ) ;
#1386 = CARTESIAN_POINT ( 'NONE',  ( -10.04187997379028374, 16.43078929297806212, -26.43662391211885065 ) ) ;
#1387 = ADVANCED_FACE ( 'NONE', ( #2351 ), #6114, .F. ) ;
#1388 = EDGE_CURVE ( 'NONE', #10011, #3826, #4301, .T. ) ;
#1389 = ORIENTED_EDGE ( 'NONE', *, *, #8165, .F. ) ;
#1390 = CARTESIAN_POINT ( 'NONE',  ( -3.198396408832238080E-15, 0.5375364957382012809, -26.29634816116374907 ) ) ;
#1391 = CARTESIAN_POINT ( 'NONE',  ( 16.03586280835092381, 10.35034013448024837, -26.99634816116374836 ) ) ;
#1392 = VERTEX_POINT ( 'NONE', #10663 ) ;
#1393 = CYLINDRICAL_SURFACE ( 'NONE', #778, 0.6999999999999997335 ) ;
#1394 = CARTESIAN_POINT ( 'NONE',  ( -3.144186300207962859E-15, 0.5375364957382012809, -26.29634816116374907 ) ) ;
#1395 = CARTESIAN_POINT ( 'NONE',  ( 18.76400763978411135, 5.054395724685537772, -33.59634816116375333 ) ) ;
#1396 = CARTESIAN_POINT ( 'NONE',  ( -18.94258358435493150, -3.159560628997707177, -26.29634816116374907 ) ) ;
#1397 = CARTESIAN_POINT ( 'NONE',  ( -14.18035528873463136, -12.55473312741190739, -33.59634816116375333 ) ) ;
#1398 = CARTESIAN_POINT ( 'NONE',  ( -18.31007882830006750, -3.726237495953474088, -26.56606956038672251 ) ) ;
#1399 = B_SPLINE_CURVE_WITH_KNOTS ( 'NONE', 3,
 ( #8241, #11935, #11024, #83, #6359, #3618, #11998, #3788 ),
 .UNSPECIFIED., .F., .F.,
 ( 4, 2, 2, 4 ),
 ( 0.000000000000000000, 0.0002734140155771835673, 0.0005468280311543671345, 0.001093656062308726463 ),
 .UNSPECIFIED. ) ;
#1400 = ORIENTED_EDGE ( 'NONE', *, *, #7086, .F. ) ;
#1401 = CARTESIAN_POINT ( 'NONE',  ( 18.55874244597009692, 3.541916600525614189, -26.63019140205943813 ) ) ;
#1402 = CARTESIAN_POINT ( 'NONE',  ( 12.75269500745304541, -13.27581868349481198, -33.68879833100303500 ) ) ;
#1403 = VERTEX_POINT ( 'NONE', #7869 ) ;
#1404 = ORIENTED_EDGE ( 'NONE', *, *, #782, .F. ) ;
#1405 = ADVANCED_FACE ( 'NONE', ( #7213 ), #11754, .F. ) ;
#1406 = LINE ( 'NONE', #495, #6761 ) ;
#1407 = CIRCLE ( 'NONE', #4322, 19.30000000000008242 ) ;
#1408 = CARTESIAN_POINT ( 'NONE',  ( 18.01622734663557068, -6.384148505731613632, -26.43662752414719819 ) ) ;
#1409 = CARTESIAN_POINT ( 'NONE',  ( 0.6370622852088065891, 0.7729047932451785785, -26.29634816116374907 ) ) ;
#1410 = CARTESIAN_POINT ( 'NONE',  ( 6.669092904898398899, 18.64867118757452502, -26.81145002369893504 ) ) ;
#1411 = CARTESIAN_POINT ( 'NONE',  ( -14.18035528873435425, 13.62980611888861127, -33.59634816116375333 ) ) ;
#1412 = B_SPLINE_CURVE_WITH_KNOTS ( 'NONE', 3,
 ( #11622, #4213, #3305, #2270, #7918, #11268, #5983, #7499 ),
 .UNSPECIFIED., .F., .F.,
 ( 4, 2, 2, 4 ),
 ( 0.000000000000000000, 0.0002734115678465715645, 0.0005468231356931431289, 0.001093646271386293847 ),
 .UNSPECIFIED. ) ;
#1413 = DIRECTION ( 'NONE',  ( -0.4182286202377518691, -0.9083417975707307468, 0.000000000000000000 ) ) ;
#1414 = CYLINDRICAL_SURFACE ( 'NONE', #11703, 0.7000000000000001776 ) ;
#1415 = FACE_OUTER_BOUND ( 'NONE', #7738, .T. ) ;
#1416 = VECTOR ( 'NONE', #4849, 1000.000000000000000 ) ;
#1417 = ORIENTED_EDGE ( 'NONE', *, *, #4862, .T. ) ;
#1418 = ORIENTED_EDGE ( 'NONE', *, *, #7034, .F. ) ;
#1419 = CARTESIAN_POINT ( 'NONE',  ( 18.10487092868999781, -6.148634384587677637, -33.77951245282524440 ) ) ;
#1420 = EDGE_LOOP ( 'NONE', ( #2402, #10153, #2642, #3542 ) ) ;
#1421 = ORIENTED_EDGE ( 'NONE', *, *, #1820, .F. ) ;
#1422 = CARTESIAN_POINT ( 'NONE',  ( -3.184081677783118191E-15, 0.5375364957382011699, -44.29634816116374907 ) ) ;
#1423 = ORIENTED_EDGE ( 'NONE', *, *, #7015, .F. ) ;
#1424 = CARTESIAN_POINT ( 'NONE',  ( 0.000000000000000000, 0.5375364957382012809, 978.5300036611693031 ) ) ;
#1425 = CARTESIAN_POINT ( 'NONE',  ( -18.42853067367109077, -3.179141551947019195, -26.29634816116374907 ) ) ;
#1426 = FACE_OUTER_BOUND ( 'NONE', #1628, .T. ) ;
#1427 = AXIS2_PLACEMENT_3D ( 'NONE', #2618, #3647, #1659 ) ;
#1428 = FACE_OUTER_BOUND ( 'NONE', #315, .T. ) ;
#1429 = CARTESIAN_POINT ( 'NONE',  ( 14.08484604818968045, 13.73265971861162349, -26.56607335038743756 ) ) ;
#1430 = ADVANCED_FACE ( 'NONE', ( #10850 ), #3437, .T. ) ;
#1431 = ORIENTED_EDGE ( 'NONE', *, *, #6132, .F. ) ;
#1432 = ORIENTED_EDGE ( 'NONE', *, *, #7923, .F. ) ;
#1433 = DIRECTION ( 'NONE',  ( -0.4182286202377467621, -0.9083417975707331893, 0.000000000000000000 ) ) ;
#1434 = EDGE_LOOP ( 'NONE', ( #185, #4736 ) ) ;
#1435 = CARTESIAN_POINT ( 'NONE',  ( -0.1582312551650165433, 1.197998046924732884, -33.59634816116375333 ) ) ;
#1436 = ORIENTED_EDGE ( 'NONE', *, *, #5159, .T. ) ;
#1437 = DIRECTION ( 'NONE',  ( 0.000000000000000000, 0.000000000000000000, -1.000000000000000000 ) ) ;
#1438 = PLANE ( 'NONE',  #11822 ) ;
#1439 = DIRECTION ( 'NONE',  ( 3.491481338843133355E-15, 1.000000000000000000, 0.000000000000000000 ) ) ;
#1440 = DIRECTION ( 'NONE',  ( 0.8523920528607230596, 0.5229032302633845886, 0.000000000000000000 ) ) ;
#1441 = LINE ( 'NONE', #6972, #11010 ) ;
#1442 = CARTESIAN_POINT ( 'NONE',  ( 6.495811729277748192, -17.10458472702124055, -33.59634816116375333 ) ) ;
#1443 = B_SPLINE_CURVE_WITH_KNOTS ( 'NONE', 3,
 ( #11995, #7212, #1633, #1744, #11877, #3613, #5330, #7322 ),
 .UNSPECIFIED., .F., .F.,
 ( 4, 2, 2, 4 ),
 ( 0.000000000000000000, 0.0002734140155771853562, 0.0005468280311543707124, 0.001093656062308726463 ),
 .UNSPECIFIED. ) ;
#1444 = ADVANCED_FACE ( 'NONE', ( #1570 ), #8787, .T. ) ;
#1445 = CARTESIAN_POINT ( 'NONE',  ( 17.64212122275937134, -5.958275233539739091, -26.99634816116374836 ) ) ;
#1446 = EDGE_CURVE ( 'NONE', #6224, #11795, #9511, .T. ) ;
#1447 = CARTESIAN_POINT ( 'NONE',  ( -6.686170880325944310, -17.56733443295177111, -33.77951245282524440 ) ) ;
#1448 = ORIENTED_EDGE ( 'NONE', *, *, #9230, .T. ) ;
#1450 = ADVANCED_FACE ( 'NONE', ( #7145 ), #7996, .F. ) ;
#1449 = FACE_OUTER_BOUND ( 'NONE', #9501, .T. ) ;
#1451 = CARTESIAN_POINT ( 'NONE',  ( -6.669092904898529461, -17.57359819609806806, -26.81145002369892794 ) ) ;
#1452 = EDGE_CURVE ( 'NONE', #10292, #9531, #2536, .T. ) ;
#1453 = CARTESIAN_POINT ( 'NONE',  ( 18.83977611839028654, 4.729134768592230920, -34.22032890332829425 ) ) ;
#1454 = CARTESIAN_POINT ( 'NONE',  ( 18.42853067367105524, 4.254214543423556094, -34.29634816116375617 ) ) ;
#1455 = DIRECTION ( 'NONE',  ( 0.000000000000000000, -0.000000000000000000, -1.000000000000000000 ) ) ;
#1456 = PRODUCT_CONTEXT ( 'NONE', #8357, 'mechanical' ) ;
#1457 = EDGE_CURVE ( 'NONE', #8955, #3971, #9935, .T. ) ;
#1458 = EDGE_CURVE ( 'NONE', #8267, #2052, #3759, .T. ) ;
#1459 = EDGE_LOOP ( 'NONE', ( #1756, #9028, #4826, #3894 ) ) ;
#1460 = CARTESIAN_POINT ( 'NONE',  ( -13.58474038053270583, 13.53369789157669345, -26.37236415740902018 ) ) ;
#1461 = LINE ( 'NONE', #9715, #9478 ) ;
#1462 = ORIENTED_EDGE ( 'NONE', *, *, #4203, .T. ) ;
#1463 = ORIENTED_EDGE ( 'NONE', *, *, #3234, .F. ) ;
#1464 = CARTESIAN_POINT ( 'NONE',  ( -11.35370864137636460, 16.14469190877676397, -33.59634816116375333 ) ) ;
#1465 = B_SPLINE_CURVE_WITH_KNOTS ( 'NONE', 3,
 ( #5313, #7071, #9855, #8958, #6289, #758, #2578, #8173 ),
 .UNSPECIFIED., .F., .F.,
 ( 4, 2, 2, 4 ),
 ( 0.000000000000000000, 0.0002734140155771842178, 0.0005468280311543684356, 0.001093656062308726463 ),
 .UNSPECIFIED. ) ;
#1466 = EDGE_CURVE ( 'NONE', #4298, #3162, #11641, .T. ) ;
#1467 = CARTESIAN_POINT ( 'NONE',  ( -18.31007882829997868, 4.801310487430269447, -34.02662676194078273 ) ) ;
#1468 = DIRECTION ( 'NONE',  ( -1.047444401652939849E-14, -1.000000000000000000, 0.000000000000000000 ) ) ;
#1469 = CARTESIAN_POINT ( 'NONE',  ( -17.36085610837826820, -6.708255274006900137, -34.29634816116375617 ) ) ;
#1470 = CARTESIAN_POINT ( 'NONE',  ( -17.34934370704284490, -6.702954608839873707, -26.29634816116374907 ) ) ;
#1471 = LINE ( 'NONE', #8697, #4399 ) ;
#1472 = DIRECTION ( 'NONE',  ( -0.000000000000000000, 0.000000000000000000, 1.000000000000000000 ) ) ;
#1473 = B_SPLINE_CURVE_WITH_KNOTS ( 'NONE', 3,
 ( #11353, #7591, #7719, #4012, #10262, #5897, #2974, #7468 ),
 .UNSPECIFIED., .F., .F.,
 ( 4, 2, 2, 4 ),
 ( 5.421010862427522170E-20, 0.0002734115678465779070, 0.0005468231356931558141, 0.001093646271386296449 ),
 .UNSPECIFIED. ) ;
#1474 = CARTESIAN_POINT ( 'NONE',  ( 3.438658578574572466, 19.02019027929064521, -34.27817972094532450 ) ) ;
#1475 = VERTEX_POINT ( 'NONE', #10911 ) ;
#1476 = VERTEX_POINT ( 'NONE', #2595 ) ;
#1477 = DIRECTION ( 'NONE',  ( -0.7340002190031269524, 0.6791492313942213421, 0.000000000000000000 ) ) ;
#1478 = ORIENTED_EDGE ( 'NONE', *, *, #2836, .F. ) ;
#1479 = B_SPLINE_CURVE_WITH_KNOTS ( 'NONE', 3,
 ( #9188, #866, #7247, #6451, #3591, #6502, #2741, #807 ),
 .UNSPECIFIED., .F., .F.,
 ( 4, 2, 2, 4 ),
 ( 0.000000000000000000, 0.0002734111411466474723, 0.0005468222822932949445, 0.001093644564586588154 ),
 .UNSPECIFIED. ) ;
#1480 = ORIENTED_EDGE ( 'NONE', *, *, #11834, .T. ) ;
#1481 = LINE ( 'NONE', #10579, #5412 ) ;
#1482 = ORIENTED_EDGE ( 'NONE', *, *, #11474, .T. ) ;
#1483 = CARTESIAN_POINT ( 'NONE',  ( 17.45795483544850413, 7.514566938516182404, -34.29634816116377038 ) ) ;
#1484 = FACE_OUTER_BOUND ( 'NONE', #10329, .T. ) ;
#1485 = CARTESIAN_POINT ( 'NONE',  ( 18.79372633854091745, 1.017836607143796090, -34.15607241020864393 ) ) ;
#1486 = DIRECTION ( 'NONE',  ( 1.000000000000000000, 0.000000000000000000, 0.000000000000000000 ) ) ;
#1487 = CARTESIAN_POINT ( 'NONE',  ( -18.11113469183625568, 7.206629400636784588, -33.59634816116375333 ) ) ;
#1488 = CARTESIAN_POINT ( 'NONE',  ( 13.46749465797226719, 14.36228857526253577, -26.31451759764528830 ) ) ;
#1489 = AXIS2_PLACEMENT_3D ( 'NONE', #7613, #1118, #11317 ) ;
#1490 = ORIENTED_EDGE ( 'NONE', *, *, #8661, .F. ) ;
#1491 = VERTEX_POINT ( 'NONE', #2460 ) ;
#1492 = CARTESIAN_POINT ( 'NONE',  ( -15.60343119137697343, -9.948519653097994464, -34.29634816116375617 ) ) ;
#1493 = ORIENTED_EDGE ( 'NONE', *, *, #7330, .T. ) ;
#1494 = DIRECTION ( 'NONE',  ( 0.6791492313942135706, -0.7340002190031341689, 0.000000000000000000 ) ) ;
#1495 = ORIENTED_EDGE ( 'NONE', *, *, #9954, .T. ) ;
#1496 = CARTESIAN_POINT ( 'NONE',  ( -8.090745338163804590, -16.98473047725886786, -33.78124629862856665 ) ) ;
#1497 = VECTOR ( 'NONE', #4282, 999.9999999999998863 ) ;
#1498 = DIRECTION ( 'NONE',  ( 0.4182286202377303863, -0.9083417975707406278, 0.000000000000000000 ) ) ;
#1499 = ADVANCED_FACE ( 'NONE', ( #6569 ), #7267, .T. ) ;
#1500 = DIRECTION ( 'NONE',  ( 1.000000000000000000, 0.000000000000000000, 0.000000000000000000 ) ) ;
#1501 = VECTOR ( 'NONE', #9688, 1000.000000000000000 ) ;
#1502 = PLANE ( 'NONE',  #10022 ) ;
#1503 = CARTESIAN_POINT ( 'NONE',  ( -10.07425525387392184, -15.92452233904298176, -34.29634816116375617 ) ) ;
#1504 = DIRECTION ( 'NONE',  ( -0.9238795325112919565, -0.3826834323650772363, 0.000000000000000000 ) ) ;
#1505 = VECTOR ( 'NONE', #10753, 1000.000000000000000 ) ;
#1506 = ORIENTED_EDGE ( 'NONE', *, *, #6278, .T. ) ;
#1507 = AXIS2_PLACEMENT_3D ( 'NONE', #7480, #5669, #3909 ) ;
#1508 = LINE ( 'NONE', #7092, #4707 ) ;
#1509 = ORIENTED_EDGE ( 'NONE', *, *, #4568, .F. ) ;
#1510 = LINE ( 'NONE', #11708, #3277 ) ;
#1511 = ORIENTED_EDGE ( 'NONE', *, *, #11730, .F. ) ;
#1512 = CYLINDRICAL_SURFACE ( 'NONE', #5815, 0.6999999999999999556 ) ;
#1513 = AXIS2_PLACEMENT_3D ( 'NONE', #9512, #2046, #1138 ) ;
#1514 = CARTESIAN_POINT ( 'NONE',  ( 0.5272078826995588718, 0.6424046637871858589, -34.29634816116375617 ) ) ;
#1515 = AXIS2_PLACEMENT_3D ( 'NONE', #10465, #7804, #11319 ) ;
#1516 = CARTESIAN_POINT ( 'NONE',  ( 3.697097124736113294, 19.48012008009308715, -34.29634816116375617 ) ) ;
#1517 = CARTESIAN_POINT ( 'NONE',  ( -15.61368827667451420, -9.955964425553863961, -34.29634816116375617 ) ) ;
#1518 = DIRECTION ( 'NONE',  ( 0.6791492313942186776, 0.7340002190031295060, 0.000000000000000000 ) ) ;
#1519 = CARTESIAN_POINT ( 'NONE',  ( -3.198396408832238080E-15, 0.5375364957382012809, -26.29634816116374907 ) ) ;
#1520 = EDGE_CURVE ( 'NONE', #3971, #2832, #10866, .T. ) ;
#1521 = VECTOR ( 'NONE', #830, 1000.000000000000114 ) ;
#1522 = AXIS2_PLACEMENT_3D ( 'NONE', #11979, #6511, #10209 ) ;
#1523 = AXIS2_PLACEMENT_3D ( 'NONE', #11502, #9553, #1246 ) ;
#1524 = CIRCLE ( 'NONE', #11591, 8.799999999999993605 ) ;
#1526 = EDGE_LOOP ( 'NONE', ( #6701, #1591, #11510, #3418 ) ) ;
#1525 = EDGE_CURVE ( 'NONE', #1889, #3353, #3834, .T. ) ;
#1527 = CARTESIAN_POINT ( 'NONE',  ( -3.198396408832238080E-15, 0.5375364957382012809, -26.29634816116374907 ) ) ;
#1528 = CARTESIAN_POINT ( 'NONE',  ( 17.38763894355421868, -6.610501729479817179, -34.29634816116375617 ) ) ;
#1529 = ORIENTED_EDGE ( 'NONE', *, *, #6799, .T. ) ;
#1530 = ORIENTED_EDGE ( 'NONE', *, *, #886, .F. ) ;
#1531 = CARTESIAN_POINT ( 'NONE',  ( 13.09226962315025844, 14.71789178447269109, -26.99634816116374836 ) ) ;
#1532 = DIRECTION ( 'NONE',  ( 1.000000000000000000, 0.000000000000000000, 0.000000000000000000 ) ) ;
#1533 = DIRECTION ( 'NONE',  ( 0.000000000000000000, 0.000000000000000000, 1.000000000000000000 ) ) ;
#1534 = CARTESIAN_POINT ( 'NONE',  ( 13.69618551780630078, -13.06042299316439248, -34.29634816116375617 ) ) ;
#1535 = CARTESIAN_POINT ( 'NONE',  ( -19.28465801595086759, 1.306929248384927522, -26.99634816116374836 ) ) ;
#1536 = CIRCLE ( 'NONE', #753, 19.33712077059221812 ) ;
#1537 = DIRECTION ( 'NONE',  ( -1.000000000000000000, 0.000000000000000000, 0.000000000000000000 ) ) ;
#1538 = DIRECTION ( 'NONE',  ( -0.3465623512410417884, 0.9380269381538468565, 0.000000000000000000 ) ) ;
#1539 = AXIS2_PLACEMENT_3D ( 'NONE', #2186, #6729, #6612 ) ;
#1540 = VECTOR ( 'NONE', #5713, 1000.000000000000000 ) ;
#1541 = DIRECTION ( 'NONE',  ( -0.4182286202377371032, 0.9083417975707374081, 0.000000000000000000 ) ) ;
#1542 = EDGE_CURVE ( 'NONE', #7177, #4869, #5937, .T. ) ;
#1543 = ORIENTED_EDGE ( 'NONE', *, *, #10571, .T. ) ;
#1544 = ORIENTED_EDGE ( 'NONE', *, *, #11354, .T. ) ;
#1545 = VECTOR ( 'NONE', #7094, 1000.000000000000114 ) ;
#1546 = LINE ( 'NONE', #9666, #1325 ) ;
#1547 = EDGE_LOOP ( 'NONE', ( #4925, #10468, #8235, #11734 ) ) ;
#1548 = ORIENTED_EDGE ( 'NONE', *, *, #7899, .T. ) ;
#1549 = CARTESIAN_POINT ( 'NONE',  ( 6.748308259772332285, -17.00940550325613287, -26.43662391211885065 ) ) ;
#1550 = AXIS2_PLACEMENT_3D ( 'NONE', #1514, #8925, #10608 ) ;
#1551 = ORIENTED_EDGE ( 'NONE', *, *, #8043, .T. ) ;
#1552 = CARTESIAN_POINT ( 'NONE',  ( 17.39952757689063745, -6.614894090247430469, -34.29634816116375617 ) ) ;
#1553 = DIRECTION ( 'NONE',  ( 0.000000000000000000, 0.000000000000000000, -1.000000000000000000 ) ) ;
#1554 = DIRECTION ( 'NONE',  ( -0.2329837807837442099, 0.9724806208309306754, 0.000000000000000000 ) ) ;
#1555 = CARTESIAN_POINT ( 'NONE',  ( 4.400367338555391861, -17.74023083363045572, -26.99634816116374836 ) ) ;
#1556 = CARTESIAN_POINT ( 'NONE',  ( 18.52631206016592458, -2.657866348088105735, -34.15607241020864393 ) ) ;
#1557 = ADVANCED_FACE ( 'NONE', ( #4745 ), #11237, .F. ) ;
#1558 = FACE_OUTER_BOUND ( 'NONE', #225, .T. ) ;
#1559 = B_SPLINE_CURVE_WITH_KNOTS ( 'NONE', 3,
 ( #2158, #5797, #9324, #7486, #10339, #4706, #9428, #5623 ),
 .UNSPECIFIED., .F., .F.,
 ( 4, 2, 2, 4 ),
 ( 0.000000000000000000, 0.0002734115678465738413, 0.0005468231356931476826, 0.001093646271386295365 ),
 .UNSPECIFIED. ) ;
#1560 = ORIENTED_EDGE ( 'NONE', *, *, #10191, .F. ) ;
#1561 = ORIENTED_EDGE ( 'NONE', *, *, #97, .T. ) ;
#1562 = CIRCLE ( 'NONE', #1355, 19.33712077059222167 ) ;
#1563 = DIRECTION ( 'NONE',  ( -0.8314696123025445695, 0.5555702330196032879, 0.000000000000000000 ) ) ;
#1564 = EDGE_LOOP ( 'NONE', ( #1431, #5994, #611, #11661 ) ) ;
#1565 = CARTESIAN_POINT ( 'NONE',  ( 7.564783306542405938, -16.67321344108420433, -34.20801078711515686 ) ) ;
#1566 = VERTEX_POINT ( 'NONE', #7596 ) ;
#1567 = LINE ( 'NONE', #2458, #11197 ) ;
#1568 = PLANE ( 'NONE',  #360 ) ;
#1569 = EDGE_CURVE ( 'NONE', #2356, #10794, #3563, .T. ) ;
#1570 = FACE_OUTER_BOUND ( 'NONE', #8442, .T. ) ;
#1571 = DIRECTION ( 'NONE',  ( -0.3465623512410310192, 0.9380269381538507423, 0.000000000000000000 ) ) ;
#1572 = DIRECTION ( 'NONE',  ( 0.000000000000000000, -0.000000000000000000, -1.000000000000000000 ) ) ;
#1573 = B_SPLINE_CURVE_WITH_KNOTS ( 'NONE', 3,
 ( #4913, #8743, #4853, #8620, #2961, #11469, #6662, #6792 ),
 .UNSPECIFIED., .F., .F.,
 ( 4, 2, 2, 4 ),
 ( 0.000000000000000000, 0.0002734144572333956037, 0.0005468289144667912074, 0.001093657828933582415 ),
 .UNSPECIFIED. ) ;
#1574 = AXIS2_PLACEMENT_3D ( 'NONE', #2376, #8871, #8087 ) ;
#1575 = DIRECTION ( 'NONE',  ( 1.000000000000000000, 0.000000000000000000, 0.000000000000000000 ) ) ;
#1576 = ORIENTED_EDGE ( 'NONE', *, *, #2992, .T. ) ;
#1577 = CARTESIAN_POINT ( 'NONE',  ( -13.69618551780649796, -13.06042299316419886, -26.29634816116374907 ) ) ;
#1578 = VERTEX_POINT ( 'NONE', #8187 ) ;
#1579 = CIRCLE ( 'NONE', #8359, 19.33712077059222167 ) ;
#1580 = CARTESIAN_POINT ( 'NONE',  ( -7.240491104578016035, 17.88688020278106805, -26.29634816116374907 ) ) ;
#1581 = EDGE_LOOP ( 'NONE', ( #7850, #6704, #6158, #4836 ) ) ;
#1582 = CARTESIAN_POINT ( 'NONE',  ( 14.18035528873453366, 13.62980611888840521, -33.78124629862856665 ) ) ;
#1583 = CARTESIAN_POINT ( 'NONE',  ( -18.76400763978405450, 5.054395724685802449, -33.59634816116375333 ) ) ;
#1584 = CARTESIAN_POINT ( 'NONE',  ( 16.08584744898859142, -10.12714877143543113, -34.29634816116375617 ) ) ;
#1585 = CARTESIAN_POINT ( 'NONE',  ( -19.29987502093281293, 0.4680802046114642123, -34.29634816116375617 ) ) ;
#1586 = CARTESIAN_POINT ( 'NONE',  ( -3.007641055657871654, 19.60174629526370893, -33.59634816116375333 ) ) ;
#1587 = DIRECTION ( 'NONE',  ( 0.000000000000000000, -0.000000000000000000, 1.000000000000000000 ) ) ;
#1588 = ADVANCED_FACE ( 'NONE', ( #10966 ), #9153, .T. ) ;
#1589 = CARTESIAN_POINT ( 'NONE',  ( 13.33597411585053116, -13.41446890325110353, -26.37236741899921455 ) ) ;
#1590 = CARTESIAN_POINT ( 'NONE',  ( -3.184843881676169275E-15, 0.5375364957382011699, -26.29634816116374907 ) ) ;
#1591 = ORIENTED_EDGE ( 'NONE', *, *, #6460, .T. ) ;
#1592 = EDGE_CURVE ( 'NONE', #10390, #4350, #5358, .T. ) ;
#1593 = ORIENTED_EDGE ( 'NONE', *, *, #797, .T. ) ;
#1594 = LINE ( 'NONE', #4194, #7928 ) ;
#1595 = FACE_OUTER_BOUND ( 'NONE', #10588, .T. ) ;
#1596 = DIRECTION ( 'NONE',  ( 0.8523920528607157321, -0.5229032302633966900, 0.000000000000000000 ) ) ;
#1597 = CARTESIAN_POINT ( 'NONE',  ( 15.20250745882152010, 11.59754455293406394, -26.90389799132446313 ) ) ;
#1598 = CARTESIAN_POINT ( 'NONE',  ( 10.30347835960015068, -15.78216033840927324, -34.15606879818032127 ) ) ;
#1599 = CARTESIAN_POINT ( 'NONE',  ( 11.13446341790670324, -15.22691387401870955, -26.43662752414719108 ) ) ;
#1600 = EDGE_CURVE ( 'NONE', #6661, #4470, #11932, .T. ) ;
#1601 = DIRECTION ( 'NONE',  ( 0.9083417975707360759, 0.4182286202377403228, -0.000000000000000000 ) ) ;
#1602 = ADVANCED_FACE ( 'NONE', ( #10268 ), #6306, .T. ) ;
#1603 = ORIENTED_EDGE ( 'NONE', *, *, #7509, .T. ) ;
#1604 = ORIENTED_EDGE ( 'NONE', *, *, #7575, .T. ) ;
#1605 = VECTOR ( 'NONE', #759, 1000.000000000000114 ) ;
#1606 = CARTESIAN_POINT ( 'NONE',  ( 18.11113469183629832, -6.131556409160264565, -34.29634816116375617 ) ) ;
#1607 = ORIENTED_EDGE ( 'NONE', *, *, #1236, .F. ) ;
#1608 = ORIENTED_EDGE ( 'NONE', *, *, #10910, .F. ) ;
#1609 = FACE_OUTER_BOUND ( 'NONE', #261, .T. ) ;
#1610 = ORIENTED_EDGE ( 'NONE', *, *, #6049, .T. ) ;
#1611 = EDGE_CURVE ( 'NONE', #2209, #6286, #1959, .T. ) ;
#1612 = CARTESIAN_POINT ( 'NONE',  ( -6.808232438217155291, 18.06161573832227774, -34.22033216491849572 ) ) ;
#1613 = CARTESIAN_POINT ( 'NONE',  ( -0.4469452617099144431, 0.8361757719320137561, -26.29634816116374907 ) ) ;
#1614 = PLANE ( 'NONE',  #11485 ) ;
#1615 = EDGE_CURVE ( 'NONE', #698, #8935, #9482, .T. ) ;
#1616 = B_SPLINE_CURVE_WITH_KNOTS ( 'NONE', 3,
 ( #2563, #8028, #5355, #7238, #8213, #10936, #6327, #6213 ),
 .UNSPECIFIED., .F., .F.,
 ( 4, 2, 2, 4 ),
 ( 0.000000000000000000, 0.0002734140155771799352, 0.0005468280311543598704, 0.001093656062308726680 ),
 .UNSPECIFIED. ) ;
#1617 = EDGE_CURVE ( 'NONE', #8528, #10279, #8409, .T. ) ;
#1618 = LINE ( 'NONE', #1790, #8270 ) ;
#1619 = EDGE_CURVE ( 'NONE', #5861, #6383, #10671, .T. ) ;
#1620 = CARTESIAN_POINT ( 'NONE',  ( 18.57040281239280688, -2.391652922212551324, -33.59634816116375333 ) ) ;
#1621 = ADVANCED_FACE ( 'NONE', ( #499 ), #2142, .F. ) ;
#1622 = CIRCLE ( 'NONE', #1218, 18.30000000000004690 ) ;
#1623 = CARTESIAN_POINT ( 'NONE',  ( -7.908218864265223580, -14.09563116873375499, -44.62951582563566433 ) ) ;
#1624 = ORIENTED_EDGE ( 'NONE', *, *, #2234, .T. ) ;
#1625 = ADVANCED_FACE ( 'NONE', ( #8818 ), #2200, .F. ) ;
#1626 = ORIENTED_EDGE ( 'NONE', *, *, #4876, .T. ) ;
#1627 = CARTESIAN_POINT ( 'NONE',  ( 10.78720150547277434, -15.48079973515320162, -26.99634816116374836 ) ) ;
#1628 = EDGE_LOOP ( 'NONE', ( #3573, #10337, #1495, #6221, #7848, #238, #7431, #6206 ) ) ;
#1629 = DIRECTION ( 'NONE',  ( 0.9876139742652843001, -0.1569032754149203290, -0.000000000000000000 ) ) ;
#1630 = ORIENTED_EDGE ( 'NONE', *, *, #4991, .T. ) ;
#1631 = CARTESIAN_POINT ( 'NONE',  ( -8.021784762357780707, -17.01688327500104947, -33.96250106665635116 ) ) ;
#1632 = VECTOR ( 'NONE', #311, 1000.000000000000000 ) ;
#1633 = CARTESIAN_POINT ( 'NONE',  ( -18.78576306930915507, 1.269360282525426431, -33.77951444777792744 ) ) ;
#1634 = CARTESIAN_POINT ( 'NONE',  ( 17.64212122275937134, -5.958275233539739091, -34.29634816116375617 ) ) ;
#1635 = CARTESIAN_POINT ( 'NONE',  ( -6.978372596544224926, -16.91912926856142008, -34.27817972094533161 ) ) ;
#1636 = DIRECTION ( 'NONE',  ( -0.9083417975707376302, -0.4182286202377367701, 0.000000000000000000 ) ) ;
#1637 = DIRECTION ( 'NONE',  ( -0.03878550529304181094, -0.9992475592060074963, 0.000000000000000000 ) ) ;
#1638 = ORIENTED_EDGE ( 'NONE', *, *, #103, .T. ) ;
#1639 = ADVANCED_BREP_SHAPE_REPRESENTATION ( 'ThermallerCameraLens', ( #10688, #5317 ), #10528 ) ;
#1640 = CARTESIAN_POINT ( 'NONE',  ( -3.198396408832238080E-15, 0.5375364957382012809, -34.29634816116375617 ) ) ;
#1641 = ORIENTED_EDGE ( 'NONE', *, *, #8523, .F. ) ;
#1642 = DIRECTION ( 'NONE',  ( -0.000000000000000000, -0.000000000000000000, 1.000000000000000000 ) ) ;
#1643 = EDGE_LOOP ( 'NONE', ( #7081, #8890, #4376, #6578 ) ) ;
#1644 = CYLINDRICAL_SURFACE ( 'NONE', #7556, 0.6999999999999999556 ) ;
#1645 = CARTESIAN_POINT ( 'NONE',  ( -3.198396408832238080E-15, 0.5375364957382012809, -26.29634816116374907 ) ) ;
#1646 = FACE_OUTER_BOUND ( 'NONE', #3391, .T. ) ;
#1647 = CARTESIAN_POINT ( 'NONE',  ( 19.28465801595086404, -0.2318562569083902902, -26.99634816116374836 ) ) ;
#1648 = FACE_OUTER_BOUND ( 'NONE', #1056, .T. ) ;
#1649 = CARTESIAN_POINT ( 'NONE',  ( 13.09226962315015363, -13.64281879299638334, -26.90389895507295037 ) ) ;
#1650 = CARTESIAN_POINT ( 'NONE',  ( 17.64212122275936778, -5.958275233539739091, -33.78124828719859352 ) ) ;
#1651 = ORIENTED_EDGE ( 'NONE', *, *, #10872, .F. ) ;
#1652 = EDGE_LOOP ( 'NONE', ( #7866, #10739 ) ) ;
#1653 = CARTESIAN_POINT ( 'NONE',  ( 0.6097275952637604135, -18.25254034312444773, -26.56606956038672607 ) ) ;
#1654 = DIRECTION ( 'NONE',  ( 0.1569032754149219944, 0.9876139742652840781, 0.000000000000000000 ) ) ;
#1655 = CARTESIAN_POINT ( 'NONE',  ( 16.27818162519254130, 10.90662446913622574, -34.20800806837380748 ) ) ;
#1656 = CARTESIAN_POINT ( 'NONE',  ( -6.512883272943283508, -17.09830234521697179, -26.81318187454957780 ) ) ;
#1657 = CARTESIAN_POINT ( 'NONE',  ( 14.00000000000000000, 0.5375364957381987274, -29.44634816116375120 ) ) ;
#1658 = EDGE_CURVE ( 'NONE', #1039, #10590, #4145, .T. ) ;
#1659 = DIRECTION ( 'NONE',  ( 0.9807852804032317628, 0.1950903220161216423, 0.000000000000000000 ) ) ;
#1660 = LINE ( 'NONE', #2324, #2290 ) ;
#1661 = ORIENTED_EDGE ( 'NONE', *, *, #5847, .T. ) ;
#1662 = VERTEX_POINT ( 'NONE', #5842 ) ;
#1663 = DIRECTION ( 'NONE',  ( 0.5229032302633875862, 0.8523920528607212832, -0.000000000000000000 ) ) ;
#1664 = ORIENTED_EDGE ( 'NONE', *, *, #7575, .F. ) ;
#1665 = EDGE_LOOP ( 'NONE', ( #3878, #3940, #5454, #2088 ) ) ;
#1666 = CARTESIAN_POINT ( 'NONE',  ( -4.382682564440018247, -17.74449166555946888, -33.77951444777792744 ) ) ;
#1667 = ORIENTED_EDGE ( 'NONE', *, *, #5391, .T. ) ;
#1668 = CARTESIAN_POINT ( 'NONE',  ( 18.79951954134920555, 0.5875716334952204578, -26.29634816116374907 ) ) ;
#1669 = DIRECTION ( 'NONE',  ( 0.5555702330196063965, 0.8314696123025424601, 0.000000000000000000 ) ) ;
#1670 = CARTESIAN_POINT ( 'NONE',  ( -10.36908797339821398, -15.74064512945423644, -26.38468825395369421 ) ) ;
#1671 = CARTESIAN_POINT ( 'NONE',  ( -7.148038225217703712, 17.92517543929255197, -26.29634816116374907 ) ) ;
#1672 = DIRECTION ( 'NONE',  ( -0.9807852804032304306, 0.1950903220161287199, 0.000000000000000000 ) ) ;
#1673 = CARTESIAN_POINT ( 'NONE',  ( -7.823042886243204208, -13.76246350426183618, -44.29634816116374907 ) ) ;
#1674 = ADVANCED_FACE ( 'NONE', ( #8636 ), #4198, .F. ) ;
#1675 = EDGE_CURVE ( 'NONE', #4139, #2791, #2896, .T. ) ;
#1676 = ORIENTED_EDGE ( 'NONE', *, *, #9911, .F. ) ;
#1677 = ORIENTED_EDGE ( 'NONE', *, *, #2321, .T. ) ;
#1678 = CARTESIAN_POINT ( 'NONE',  ( -12.30000000000000071, 0.5375364957381987274, -21.29634816116374907 ) ) ;
#1679 = ORIENTED_EDGE ( 'NONE', *, *, #9575, .T. ) ;
#1680 = CARTESIAN_POINT ( 'NONE',  ( -7.823042886243198879, 14.83753649573822919, -44.29634816116374907 ) ) ;
#1681 = ORIENTED_EDGE ( 'NONE', *, *, #6039, .T. ) ;
#1682 = DIRECTION ( 'NONE',  ( 0.000000000000000000, -0.000000000000000000, 1.000000000000000000 ) ) ;
#1683 = EDGE_CURVE ( 'NONE', #6834, #9865, #138, .T. ) ;
#1684 = DIRECTION ( 'NONE',  ( 0.000000000000000000, 0.000000000000000000, -1.000000000000000000 ) ) ;
#1685 = CARTESIAN_POINT ( 'NONE',  ( -19.06420979952543959, 3.545177551396542448, -33.59634816116375333 ) ) ;
#1686 = CARTESIAN_POINT ( 'NONE',  ( -17.06809607421185504, -7.344094532306414180, -33.59634816116375333 ) ) ;
#1687 = DIRECTION ( 'NONE',  ( -0.8092959084338443576, 0.5874011683613153956, 0.000000000000000000 ) ) ;
#1688 = AXIS2_PLACEMENT_3D ( 'NONE', #8895, #581, #7983 ) ;
#1689 = PLANE ( 'NONE',  #136 ) ;
#1690 = ORIENTED_EDGE ( 'NONE', *, *, #5682, .F. ) ;
#1691 = ADVANCED_FACE ( 'NONE', ( #4084 ), #7723, .F. ) ;
#1692 = CARTESIAN_POINT ( 'NONE',  ( -10.51057942118766952, -15.65048091044311818, -34.29634816116376328 ) ) ;
#1693 = ORIENTED_EDGE ( 'NONE', *, *, #9459, .F. ) ;
#1694 = AXIS2_PLACEMENT_3D ( 'NONE', #3155, #10549, #9710 ) ;
#1695 = LINE ( 'NONE', #2720, #10068 ) ;
#1696 = EDGE_LOOP ( 'NONE', ( #2576, #8967, #8729, #6479 ) ) ;
#1697 = FACE_OUTER_BOUND ( 'NONE', #4274, .T. ) ;
#1698 = DIRECTION ( 'NONE',  ( -0.5555702330196004013, 0.8314696123025465679, 0.000000000000000000 ) ) ;
#1699 = LINE ( 'NONE', #1517, #8876 ) ;
#1700 = CONICAL_SURFACE ( 'NONE', #8470, 16.30000000000003268, 0.7853981633974517207 ) ;
#1701 = CARTESIAN_POINT ( 'NONE',  ( 16.00867175329652881, 11.31772335382229322, -34.29634816116375617 ) ) ;
#1702 = AXIS2_PLACEMENT_3D ( 'NONE', #5805, #5684, #11451 ) ;
#1703 = EDGE_CURVE ( 'NONE', #5035, #3466, #4479, .T. ) ;
#1704 = CIRCLE ( 'NONE', #6730, 11.99999999999998757 ) ;
#1705 = AXIS2_PLACEMENT_3D ( 'NONE', #2160, #6956, #10524 ) ;
#1706 = DIRECTION ( 'NONE',  ( -0.9992475592060073852, 0.03878550529304530120, 0.000000000000000000 ) ) ;
#1707 = ORIENTED_EDGE ( 'NONE', *, *, #7509, .F. ) ;
#1708 = ORIENTED_EDGE ( 'NONE', *, *, #10792, .T. ) ;
#1709 = CARTESIAN_POINT ( 'NONE',  ( 15.60343119137682244, -9.948519653098216509, -26.29634816116374907 ) ) ;
#1710 = CIRCLE ( 'NONE', #8685, 19.30000000000008242 ) ;
#1711 = FACE_OUTER_BOUND ( 'NONE', #8300, .T. ) ;
#1712 = CARTESIAN_POINT ( 'NONE',  ( -4.254108880451834551, 19.36296421195470785, -26.43662752414719819 ) ) ;
#1713 = CARTESIAN_POINT ( 'NONE',  ( -17.30000000000004334, 0.5375364957382011699, -46.29634816116374907 ) ) ;
#1714 = CARTESIAN_POINT ( 'NONE',  ( -3.184081677783118191E-15, 0.5375364957382012809, -34.29634816116375617 ) ) ;
#1715 = VECTOR ( 'NONE', #2092, 1000.000000000000000 ) ;
#1716 = AXIS2_PLACEMENT_3D ( 'NONE', #10837, #9793, #10652 ) ;
#1717 = DIRECTION ( 'NONE',  ( -1.000000000000000000, 0.000000000000000000, 0.000000000000000000 ) ) ;
#1718 = AXIS2_PLACEMENT_3D ( 'NONE', #771, #9319, #8407 ) ;
#1719 = VERTEX_POINT ( 'NONE', #1411 ) ;
#1720 = ORIENTED_EDGE ( 'NONE', *, *, #6728, .F. ) ;
#1721 = CARTESIAN_POINT ( 'NONE',  ( 3.618530594455083182, -17.91051692020717212, -34.29634816116375617 ) ) ;
#1722 = ORIENTED_EDGE ( 'NONE', *, *, #5456, .F. ) ;
#1723 = ORIENTED_EDGE ( 'NONE', *, *, #9186, .T. ) ;
#1724 = AXIS2_PLACEMENT_3D ( 'NONE', #4517, #5546, #1672 ) ;
#1725 = CARTESIAN_POINT ( 'NONE',  ( 15.60343119137689705, 11.02359264457449939, -26.29634816116374907 ) ) ;
#1726 = CIRCLE ( 'NONE', #4245, 19.33712077059222167 ) ;
#1727 = DIRECTION ( 'NONE',  ( -0.3465623512410310747, 0.9380269381538508533, 0.000000000000000000 ) ) ;
#1728 = CARTESIAN_POINT ( 'NONE',  ( -17.64212122275946726, -5.958275233539477966, -26.81144803512891173 ) ) ;
#1729 = CARTESIAN_POINT ( 'NONE',  ( -3.198396408832238080E-15, 0.5375364957382013920, -26.29634816116374907 ) ) ;
#1730 = B_SPLINE_CURVE_WITH_KNOTS ( 'NONE', 3,
 ( #1381, #5084, #347, #8731, #408, #9567, #4110, #6113 ),
 .UNSPECIFIED., .F., .F.,
 ( 4, 2, 2, 4 ),
 ( 0.000000000000000000, 0.0002734144572333939774, 0.0005468289144667879548, 0.001093657828933583282 ),
 .UNSPECIFIED. ) ;
#1731 = CARTESIAN_POINT ( 'NONE',  ( -13.81335517923306710, -12.21515851171480449, -33.59634816116375333 ) ) ;
#1732 = CARTESIAN_POINT ( 'NONE',  ( 3.716678047685281427, -17.89099417793287117, -34.29634816116375617 ) ) ;
#1733 = FACE_OUTER_BOUND ( 'NONE', #2972, .T. ) ;
#1734 = AXIS2_PLACEMENT_3D ( 'NONE', #5096, #10672, #2236 ) ;
#1735 = VERTEX_POINT ( 'NONE', #2255 ) ;
#1736 = AXIS2_PLACEMENT_3D ( 'NONE', #5643, #6549, #2902 ) ;
#1737 = EDGE_CURVE ( 'NONE', #7873, #10512, #8759, .T. ) ;
#1738 = ORIENTED_EDGE ( 'NONE', *, *, #3933, .F. ) ;
#1739 = LINE ( 'NONE', #5494, #7507 ) ;
#1740 = VERTEX_POINT ( 'NONE', #1470 ) ;
#1741 = FACE_OUTER_BOUND ( 'NONE', #504, .T. ) ;
#1742 = ORIENTED_EDGE ( 'NONE', *, *, #11244, .F. ) ;
#1743 = FACE_OUTER_BOUND ( 'NONE', #5424, .T. ) ;
#1744 = CARTESIAN_POINT ( 'NONE',  ( -18.78829290281651865, 1.199193652750327077, -33.94899881303461342 ) ) ;
#1745 = EDGE_CURVE ( 'NONE', #698, #3198, #802, .T. ) ;
#1746 = DIRECTION ( 'NONE',  ( 0.6427876096865912103, 7.871877887342621083E-17, -0.7660444431189344927 ) ) ;
#1747 = CARTESIAN_POINT ( 'NONE',  ( -17.17933620859826505, -7.098250648815236374, -34.15607241020865814 ) ) ;
#1748 = VECTOR ( 'NONE', #5273, 1000.000000000000114 ) ;
#1749 = EDGE_CURVE ( 'NONE', #3125, #7890, #9711, .T. ) ;
#1750 = DIRECTION ( 'NONE',  ( -0.1950903220161387674, -0.9807852804032283212, 0.000000000000000000 ) ) ;
#1751 = CARTESIAN_POINT ( 'NONE',  ( -11.35370864137669500, -15.06961891730012049, -33.78124629862856665 ) ) ;
#1752 = EDGE_CURVE ( 'NONE', #9472, #7011, #3042, .T. ) ;
#1753 = AXIS2_PLACEMENT_3D ( 'NONE', #3574, #9216, #3516 ) ;
#1754 = ORIENTED_EDGE ( 'NONE', *, *, #4946, .F. ) ;
#1755 = CARTESIAN_POINT ( 'NONE',  ( -10.78720150547301060, -15.48079973515304886, -34.29634816116375617 ) ) ;
#1756 = ORIENTED_EDGE ( 'NONE', *, *, #3383, .F. ) ;
#1757 = EDGE_CURVE ( 'NONE', #3186, #9552, #6270, .T. ) ;
#1758 = VERTEX_POINT ( 'NONE', #7184 ) ;
#1759 = DIRECTION ( 'NONE',  ( 0.000000000000000000, 0.000000000000000000, -1.000000000000000000 ) ) ;
#1760 = VERTEX_POINT ( 'NONE', #2433 ) ;
#1761 = DIRECTION ( 'NONE',  ( 3.493063737212117561E-15, 1.000000000000000000, 0.000000000000000000 ) ) ;
#1762 = DIRECTION ( 'NONE',  ( 1.000000000000000000, 0.000000000000000000, 0.000000000000000000 ) ) ;
#1763 = VECTOR ( 'NONE', #8259, 1000.000000000000114 ) ;
#1764 = CARTESIAN_POINT ( 'NONE',  ( 18.27776732936863979, 4.937903834293664751, -33.59634816116375333 ) ) ;
#1765 = EDGE_CURVE ( 'NONE', #6759, #9830, #6949, .T. ) ;
#1766 = CARTESIAN_POINT ( 'NONE',  ( 17.20554259143925435, -7.039711445785689747, -34.22033216491848862 ) ) ;
#1767 = EDGE_CURVE ( 'NONE', #10918, #698, #4187, .T. ) ;
#1768 = ADVANCED_FACE ( 'NONE', ( #5240 ), #8942, .F. ) ;
#1769 = AXIS2_PLACEMENT_3D ( 'NONE', #9817, #10864, #10676 ) ;
#1770 = LINE ( 'NONE', #2610, #4254 ) ;
#1771 = ORIENTED_EDGE ( 'NONE', *, *, #9447, .F. ) ;
#1772 = ORIENTED_EDGE ( 'NONE', *, *, #7090, .F. ) ;
#1773 = LINE ( 'NONE', #7353, #8143 ) ;
#1774 = CARTESIAN_POINT ( 'NONE',  ( 7.151839091316740671, -17.38865607364857624, -34.27817872468220628 ) ) ;
#1775 = CARTESIAN_POINT ( 'NONE',  ( 13.76132084478535589, -12.99481715555352324, -26.29634816116375262 ) ) ;
#1776 = CARTESIAN_POINT ( 'NONE',  ( -7.881631028044929543, -16.53055957847349688, -34.29634816116375617 ) ) ;
#1777 = DIRECTION ( 'NONE',  ( 0.9380269381538424156, -0.3465623512410538343, 0.000000000000000000 ) ) ;
#1778 = DIRECTION ( 'NONE',  ( -0.03878550529303832067, 0.9992475592060076073, 0.000000000000000000 ) ) ;
#1779 = B_SPLINE_CURVE_WITH_KNOTS ( 'NONE', 3,
 ( #7993, #648, #3377, #8054, #5205, #10782, #2348, #6967 ),
 .UNSPECIFIED., .F., .F.,
 ( 4, 2, 2, 4 ),
 ( 0.000000000000000000, 0.0002734140155771858983, 0.0005468280311543717966, 0.001093656062308729065 ),
 .UNSPECIFIED. ) ;
#1780 = EDGE_CURVE ( 'NONE', #7011, #10140, #9129, .T. ) ;
#1781 = ORIENTED_EDGE ( 'NONE', *, *, #3752, .F. ) ;
#1782 = VERTEX_POINT ( 'NONE', #2503 ) ;
#1783 = CARTESIAN_POINT ( 'NONE',  ( 0.5789032350798279936, 0.1824060477040605199, -26.29634816116374907 ) ) ;
#1784 = EDGE_LOOP ( 'NONE', ( #4821, #448, #8117, #2475 ) ) ;
#1785 = ORIENTED_EDGE ( 'NONE', *, *, #3903, .T. ) ;
#1786 = DIRECTION ( 'NONE',  ( -0.000000000000000000, -0.000000000000000000, 1.000000000000000000 ) ) ;
#1787 = CARTESIAN_POINT ( 'NONE',  ( -3.184081677783118191E-15, -13.76246350426183618, -44.29634816116374907 ) ) ;
#1788 = FACE_OUTER_BOUND ( 'NONE', #5481, .T. ) ;
#1789 = PLANE ( 'NONE',  #1013 ) ;
#1790 = CARTESIAN_POINT ( 'NONE',  ( -13.26649516075544000, -12.80041422151867536, -34.29634816116375617 ) ) ;
#1791 = CYLINDRICAL_SURFACE ( 'NONE', #4816, 0.6999999999999999556 ) ;
#1792 = EDGE_CURVE ( 'NONE', #2153, #10654, #1384, .T. ) ;
#1793 = CARTESIAN_POINT ( 'NONE',  ( 18.57040281239283175, 3.466725913688820437, -26.99634816116374836 ) ) ;
#1794 = ORIENTED_EDGE ( 'NONE', *, *, #4733, .T. ) ;
#1795 = ORIENTED_EDGE ( 'NONE', *, *, #1215, .F. ) ;
#1796 = CARTESIAN_POINT ( 'NONE',  ( -6.921685001469487730, 18.55376384237389686, -34.15606879818029995 ) ) ;
#1797 = ORIENTED_EDGE ( 'NONE', *, *, #4401, .F. ) ;
#1798 = CARTESIAN_POINT ( 'NONE',  ( -13.70495082675839704, 14.14360627219079802, -26.99634816116374836 ) ) ;
#1799 = VERTEX_POINT ( 'NONE', #4326 ) ;
#1800 = LINE ( 'NONE', #10218, #7730 ) ;
#1801 = CYLINDRICAL_SURFACE ( 'NONE', #2488, 0.7000000000000000666 ) ;
#1802 = CARTESIAN_POINT ( 'NONE',  ( 6.495811729277744639, -17.10458472702123700, -26.99634816116374836 ) ) ;
#1803 = COLOUR_RGB ( '',0.7921568627450980005, 0.8196078431372548767, 0.9333333333333333481 ) ;
#1804 = DIRECTION ( 'NONE',  ( 0.3465623512410510587, 0.9380269381538434148, 0.000000000000000000 ) ) ;
#1805 = EDGE_CURVE ( 'NONE', #10438, #9132, #8178, .T. ) ;
#1806 = CARTESIAN_POINT ( 'NONE',  ( -3.697097124735845508, 19.48012008009314044, -26.29634816116374907 ) ) ;
#1807 = VERTEX_POINT ( 'NONE', #7289 ) ;
#1808 = B_SPLINE_CURVE_WITH_KNOTS ( 'NONE', 3,
 ( #9023, #6167, #1488, #8898, #5373, #2526, #9862, #5319 ),
 .UNSPECIFIED., .F., .F.,
 ( 4, 2, 2, 4 ),
 ( 0.000000000000000000, 0.0002734115678465713476, 0.0005468231356931426953, 0.001093646271386295365 ),
 .UNSPECIFIED. ) ;
#1809 = CARTESIAN_POINT ( 'NONE',  ( -10.07425525387392184, -15.92452233904298176, -33.68879736725453000 ) ) ;
#1810 = EDGE_LOOP ( 'NONE', ( #77, #5376, #4211, #4095 ) ) ;
#1811 = ORIENTED_EDGE ( 'NONE', *, *, #8275, .F. ) ;
#1812 = LINE ( 'NONE', #7159, #9877 ) ;
#1813 = ORIENTED_EDGE ( 'NONE', *, *, #2689, .T. ) ;
#1814 = DIRECTION ( 'NONE',  ( -0.03878550529304181788, 0.9992475592060076073, 0.000000000000000000 ) ) ;
#1815 = CARTESIAN_POINT ( 'NONE',  ( -18.44805341594531356, 4.156067090193616309, -26.29634816116374907 ) ) ;
#1816 = DIRECTION ( 'NONE',  ( -0.000000000000000000, -0.000000000000000000, 1.000000000000000000 ) ) ;
#1817 = VECTOR ( 'NONE', #6496, 1000.000000000000000 ) ;
#1818 = DIRECTION ( 'NONE',  ( 1.000000000000000000, 0.000000000000000000, 0.000000000000000000 ) ) ;
#1819 = EDGE_CURVE ( 'NONE', #10654, #8506, #11280, .T. ) ;
#1820 = EDGE_CURVE ( 'NONE', #7160, #7402, #8077, .T. ) ;
#1821 = FACE_OUTER_BOUND ( 'NONE', #1998, .T. ) ;
#1822 = ORIENTED_EDGE ( 'NONE', *, *, #10174, .F. ) ;
#1823 = EDGE_LOOP ( 'NONE', ( #6905, #3119, #3031, #11924 ) ) ;
#1824 = CARTESIAN_POINT ( 'NONE',  ( 11.23996884221717174, 16.22693627692820684, -26.56607335038742690 ) ) ;
#1825 = ADVANCED_FACE ( 'NONE', ( #9179 ), #2562, .F. ) ;
#1826 = DIRECTION ( 'NONE',  ( 0.000000000000000000, 0.000000000000000000, -1.000000000000000000 ) ) ;
#1827 = LINE ( 'NONE', #171, #539 ) ;
#1828 = DIRECTION ( 'NONE',  ( 0.000000000000000000, -0.000000000000000000, -1.000000000000000000 ) ) ;
#1829 = DIRECTION ( 'NONE',  ( -0.000000000000000000, 0.000000000000000000, -1.000000000000000000 ) ) ;
#1830 = EDGE_CURVE ( 'NONE', #8053, #1340, #1827, .T. ) ;
#1831 = CARTESIAN_POINT ( 'NONE',  ( 13.09226962315015541, -13.64281879299638156, -34.29634816116375617 ) ) ;
#1832 = ORIENTED_EDGE ( 'NONE', *, *, #4538, .F. ) ;
#1833 = ADVANCED_FACE ( 'NONE', ( #4608 ), #5761, .F. ) ;
#1834 = ORIENTED_EDGE ( 'NONE', *, *, #10076, .F. ) ;
#1835 = CARTESIAN_POINT ( 'NONE',  ( -17.64212122275947081, -5.958275233539479743, -33.59634816116375333 ) ) ;
#1836 = ORIENTED_EDGE ( 'NONE', *, *, #2103, .F. ) ;
#1837 = VERTEX_POINT ( 'NONE', #3702 ) ;
#1838 = CARTESIAN_POINT ( 'NONE',  ( -2.929189417950421426, 19.10793930813105490, -26.81144803512890462 ) ) ;
#1839 = CARTESIAN_POINT ( 'NONE',  ( 10.63771102557777937, 16.03824511950668708, -26.31451660138218074 ) ) ;
#1840 = DIRECTION ( 'NONE',  ( -0.000000000000000000, -0.000000000000000000, 1.000000000000000000 ) ) ;
#1841 = LINE ( 'NONE', #2631, #6831 ) ;
#1842 = CARTESIAN_POINT ( 'NONE',  ( 0.06991946120231623540, 19.84934436539420943, -34.29634816116375617 ) ) ;
#1843 = LINE ( 'NONE', #9244, #6379 ) ;
#1844 = DIRECTION ( 'NONE',  ( -0.3826834323650998293, -0.9238795325112827417, 0.000000000000000000 ) ) ;
#1845 = ORIENTED_EDGE ( 'NONE', *, *, #3730, .F. ) ;
#1846 = ORIENTED_EDGE ( 'NONE', *, *, #6777, .T. ) ;
#1847 = CARTESIAN_POINT ( 'NONE',  ( 0.06945629112694241825, 19.83741151667101121, -34.29634816116375617 ) ) ;
#1848 = ORIENTED_EDGE ( 'NONE', *, *, #2234, .F. ) ;
#1849 = LINE ( 'NONE', #3782, #11607 ) ;
#1850 = ORIENTED_EDGE ( 'NONE', *, *, #4241, .T. ) ;
#1851 = PLANE ( 'NONE',  #2681 ) ;
#1852 = CARTESIAN_POINT ( 'NONE',  ( 10.78720150547288803, 16.55587272662953069, -34.29634816116375617 ) ) ;
#1853 = CARTESIAN_POINT ( 'NONE',  ( -17.10017454126986181, -7.275097608582893116, -33.96250492026806711 ) ) ;
#1854 = CARTESIAN_POINT ( 'NONE',  ( 16.01833623089128622, -10.24966500973474659, -34.29634816116375617 ) ) ;
#1855 = CARTESIAN_POINT ( 'NONE',  ( -16.46205883478114984, 10.61179174961217697, -26.99634816116374836 ) ) ;
#1856 = ORIENTED_EDGE ( 'NONE', *, *, #10059, .F. ) ;
#1857 = CARTESIAN_POINT ( 'NONE',  ( 17.31374393192674077, 7.863347962163978799, -34.29634816116376328 ) ) ;
#1858 = ORIENTED_EDGE ( 'NONE', *, *, #4761, .F. ) ;
#1859 = ORIENTED_EDGE ( 'NONE', *, *, #11042, .F. ) ;
#1860 = CARTESIAN_POINT ( 'NONE',  ( 17.76849405989249675, 8.072731621301798555, -26.29634816116374552 ) ) ;
#1861 = ADVANCED_FACE ( 'NONE', ( #9464 ), #2837, .T. ) ;
#1862 = CARTESIAN_POINT ( 'NONE',  ( 8.074651695274543073, -14.76246350426184328, -45.29634816116374907 ) ) ;
#1863 = DIRECTION ( 'NONE',  ( -0.7340002190031366114, -0.6791492313942111281, 0.000000000000000000 ) ) ;
#1864 =( LENGTH_UNIT ( ) NAMED_UNIT ( * ) SI_UNIT ( .MILLI., .METRE. ) );
#1865 = DIRECTION ( 'NONE',  ( -0.9724806208309273448, 0.2329837807837575048, 0.000000000000000000 ) ) ;
#1866 = CARTESIAN_POINT ( 'NONE',  ( 19.28465801595087115, 1.306929248384651965, -26.99634816116374836 ) ) ;
#1867 = DIRECTION ( 'NONE',  ( 0.000000000000000000, -0.000000000000000000, 1.000000000000000000 ) ) ;
#1868 = AXIS2_PLACEMENT_3D ( 'NONE', #9777, #309, #4933 ) ;
#1869 = EDGE_CURVE ( 'NONE', #2600, #3302, #9226, .T. ) ;
#1870 = DIRECTION ( 'NONE',  ( -0.000000000000000000, -0.000000000000000000, 1.000000000000000000 ) ) ;
#1871 = EDGE_LOOP ( 'NONE', ( #3056, #2702, #5367, #10530 ) ) ;
#1872 = ORIENTED_EDGE ( 'NONE', *, *, #480, .F. ) ;
#1873 = CARTESIAN_POINT ( 'NONE',  ( -3.198396408832238080E-15, 0.5375364957382012809, -34.29634816116375617 ) ) ;
#1874 = AXIS2_PLACEMENT_3D ( 'NONE', #7108, #8939, #9275 ) ;
#1875 = CARTESIAN_POINT ( 'NONE',  ( 6.669092904898264784, -17.57359819609816043, -33.78124629862855954 ) ) ;
#1876 = FACE_BOUND ( 'NONE', #808, .T. ) ;
#1877 = PLANE ( 'NONE',  #3626 ) ;
#1878 = LINE ( 'NONE', #11346, #6856 ) ;
#1879 = CIRCLE ( 'NONE', #6152, 8.799999999999993605 ) ;
#1880 = EDGE_CURVE ( 'NONE', #10348, #8386, #8324, .T. ) ;
#1881 = DIRECTION ( 'NONE',  ( -0.1950903220161252782, 0.9807852804032310967, 0.000000000000000000 ) ) ;
#1882 = AXIS2_PLACEMENT_3D ( 'NONE', #8623, #293, #9521 ) ;
#1883 = EDGE_CURVE ( 'NONE', #75, #1475, #3816, .T. ) ;
#1884 = VECTOR ( 'NONE', #7489, 1000.000000000000000 ) ;
#1885 = ORIENTED_EDGE ( 'NONE', *, *, #8341, .F. ) ;
#1886 = AXIS2_PLACEMENT_3D ( 'NONE', #5377, #4572, #4469 ) ;
#1887 = ORIENTED_EDGE ( 'NONE', *, *, #4288, .T. ) ;
#1888 = CARTESIAN_POINT ( 'NONE',  ( -16.02637064780040888, 10.36585802133193468, -26.81318187454957780 ) ) ;
#1889 = VERTEX_POINT ( 'NONE', #1152 ) ;
#1890 = ORIENTED_EDGE ( 'NONE', *, *, #847, .T. ) ;
#1891 = CARTESIAN_POINT ( 'NONE',  ( -4.263773991692004550, -17.77254233256178750, -34.02662676194078273 ) ) ;
#1892 = ADVANCED_FACE ( 'NONE', ( #4790 ), #10185, .F. ) ;
#1893 = CARTESIAN_POINT ( 'NONE',  ( -0.05052670855579483034, 19.34972058579119647, -34.29634816116375617 ) ) ;
#1894 = DIRECTION ( 'NONE',  ( 1.000000000000000000, 0.000000000000000000, 0.000000000000000000 ) ) ;
#1895 = CYLINDRICAL_SURFACE ( 'NONE', #9348, 7.199999999999994849 ) ;
#1896 = LINE ( 'NONE', #8340, #109 ) ;
#1897 = DIRECTION ( 'NONE',  ( -0.4182286202377371032, 0.9083417975707374081, 0.000000000000000000 ) ) ;
#1898 = AXIS2_PLACEMENT_3D ( 'NONE', #4330, #10759, #11728 ) ;
#1899 = DIRECTION ( 'NONE',  ( -0.9876139742652872977, -0.1569032754149021214, 0.000000000000000000 ) ) ;
#1900 = ADVANCED_FACE ( 'NONE', ( #7406, #6608, #1876, #5645, #11160, #5585, #7355, #8498, #10306, #3, #11110, #9345, #1028, #2786, #2002, #11282 ), #5701, .T. ) ;
#1901 = AXIS2_PLACEMENT_3D ( 'NONE', #4388, #11796, #7363 ) ;
#1902 = CARTESIAN_POINT ( 'NONE',  ( -18.10487092868995518, 7.223707376064198549, -33.77951245282524440 ) ) ;
#1903 = B_SPLINE_CURVE_WITH_KNOTS ( 'NONE', 3,
 ( #9491, #5850, #6630, #9548, #1240, #4820, #1177, #10454 ),
 .UNSPECIFIED., .F., .F.,
 ( 4, 2, 2, 4 ),
 ( 0.000000000000000000, 0.0002734111411466463339, 0.0005468222822932926677, 0.001093644564586588588 ),
 .UNSPECIFIED. ) ;
#1904 = CIRCLE ( 'NONE', #9863, 1.700000000000000178 ) ;
#1905 = EDGE_LOOP ( 'NONE', ( #4941, #6732, #8628, #1794, #3910, #8184, #8402, #2548 ) ) ;
#1906 = VERTEX_POINT ( 'NONE', #10362 ) ;
#1907 = AXIS2_PLACEMENT_3D ( 'NONE', #9089, #9987, #4471 ) ;
#1908 = CARTESIAN_POINT ( 'NONE',  ( -17.64212122275933226, 7.033348225016254673, -26.99634816116374836 ) ) ;
#1909 = AXIS2_PLACEMENT_3D ( 'NONE', #6355, #2535, #3561 ) ;
#1910 = VERTEX_POINT ( 'NONE', #8260 ) ;
#1911 = CARTESIAN_POINT ( 'NONE',  ( -18.94258358435493150, -3.159560628997707621, -34.29634816116375617 ) ) ;
#1912 = ORIENTED_EDGE ( 'NONE', *, *, #5023, .T. ) ;
#1913 = DIRECTION ( 'NONE',  ( 1.000000000000000000, 0.000000000000000000, 0.000000000000000000 ) ) ;
#1914 = VECTOR ( 'NONE', #464, 1000.000000000000000 ) ;
#1915 = CARTESIAN_POINT ( 'NONE',  ( 18.76400763978411135, 5.054395724685537772, -26.99634816116374836 ) ) ;
#1916 = CARTESIAN_POINT ( 'NONE',  ( -13.70495082675868659, -13.06853328071410658, -34.29634816116375617 ) ) ;
#1917 = CARTESIAN_POINT ( 'NONE',  ( -0.2840405426658379473, -0.07936508541466240352, -26.29634816116374907 ) ) ;
#1918 = AXIS2_PLACEMENT_3D ( 'NONE', #9219, #98, #10300 ) ;
#1919 = AXIS2_PLACEMENT_3D ( 'NONE', #5203, #2456, #6350 ) ;
#1920 = CARTESIAN_POINT ( 'NONE',  ( -0.7693927526465212940, 19.82219451168908009, -33.59634816116375333 ) ) ;
#1921 = AXIS2_PLACEMENT_3D ( 'NONE', #6811, #2138, #5838 ) ;
#1922 = EDGE_CURVE ( 'NONE', #10697, #10140, #11955, .T. ) ;
#1923 = ORIENTED_EDGE ( 'NONE', *, *, #11086, .T. ) ;
#1924 = DIRECTION ( 'NONE',  ( 0.3465623512410445084, 0.9380269381538458573, 0.000000000000000000 ) ) ;
#1925 = ORIENTED_EDGE ( 'NONE', *, *, #2784, .T. ) ;
#1926 = EDGE_CURVE ( 'NONE', #257, #11780, #972, .T. ) ;
#1927 = EDGE_LOOP ( 'NONE', ( #402, #9846, #9932, #1856 ) ) ;
#1928 = CARTESIAN_POINT ( 'NONE',  ( 3.007641055657998219, -18.52667330378728749, -34.29634816116375617 ) ) ;
#1929 = AXIS2_PLACEMENT_3D ( 'NONE', #10684, #1342, #5049 ) ;
#1930 = CARTESIAN_POINT ( 'NONE',  ( -0.1582312551650165433, 1.197998046924732884, -26.29634816116374907 ) ) ;
#1931 = LINE ( 'NONE', #11094, #10460 ) ;
#1932 = LINE ( 'NONE', #8423, #9545 ) ;
#1933 = CARTESIAN_POINT ( 'NONE',  ( -13.59795948890235628, 14.23372201354474598, -34.29634816116375617 ) ) ;
#1934 = CARTESIAN_POINT ( 'NONE',  ( -4.800000000000003375, 0.5375364957382027242, -26.19634816116376541 ) ) ;
#1935 = CIRCLE ( 'NONE', #10256, 7.999999999999992895 ) ;
#1936 = FACE_BOUND ( 'NONE', #200, .T. ) ;
#1937 = AXIS2_PLACEMENT_3D ( 'NONE', #10831, #7199, #4459 ) ;
#1938 = CARTESIAN_POINT ( 'NONE',  ( 14.18035528873453721, 13.62980611888840876, -34.29634816116375617 ) ) ;
#1939 = ORIENTED_EDGE ( 'NONE', *, *, #3703, .T. ) ;
#1940 = ORIENTED_EDGE ( 'NONE', *, *, #1819, .F. ) ;
#1941 = LINE ( 'NONE', #5758, #7163 ) ;
#1942 = CARTESIAN_POINT ( 'NONE',  ( 7.148038225217953290, 17.92517543929244539, -26.29634816116374907 ) ) ;
#1943 = CARTESIAN_POINT ( 'NONE',  ( -3.198396408832238080E-15, 0.5375364957382012809, -26.29634816116374907 ) ) ;
#1944 = CARTESIAN_POINT ( 'NONE',  ( 3.007641055658142104, 19.60174629526366985, -34.29634816116375617 ) ) ;
#1945 = CARTESIAN_POINT ( 'NONE',  ( 0.7500000000000000000, 19.32257073208606712, -26.99634816116374836 ) ) ;
#1946 = EDGE_CURVE ( 'NONE', #10373, #10716, #6361, .T. ) ;
#1947 = DIRECTION ( 'NONE',  ( 0.9992475592060078293, 0.03878550529303134708, 0.000000000000000000 ) ) ;
#1948 = ORIENTED_EDGE ( 'NONE', *, *, #564, .F. ) ;
#1949 = VERTEX_POINT ( 'NONE', #56 ) ;
#1950 = B_SPLINE_CURVE_WITH_KNOTS ( 'NONE', 3,
 ( #11810, #9739, #6046, #10774, #1429, #3493, #2450, #4220 ),
 .UNSPECIFIED., .F., .F.,
 ( 4, 2, 2, 4 ),
 ( 0.000000000000000000, 0.0002734111411466467133, 0.0005468222822932934267, 0.001093644564586589239 ),
 .UNSPECIFIED. ) ;
#1951 = CARTESIAN_POINT ( 'NONE',  ( 7.148038225217826280, -16.85010244781609501, -34.29634816116375617 ) ) ;
#1952 = ORIENTED_EDGE ( 'NONE', *, *, #4554, .T. ) ;
#1953 = VERTEX_POINT ( 'NONE', #3761 ) ;
#1954 = FACE_OUTER_BOUND ( 'NONE', #10516, .T. ) ;
#1955 = VECTOR ( 'NONE', #8450, 1000.000000000000114 ) ;
#1956 = CARTESIAN_POINT ( 'NONE',  ( 0.000000000000000000, 0.5375364957382021691, -21.29634816116374907 ) ) ;
#1957 = CARTESIAN_POINT ( 'NONE',  ( 2.929189417950547103, -18.03286631665464057, -26.99634816116374836 ) ) ;
#1958 = LINE ( 'NONE', #8226, #8383 ) ;
#1959 = LINE ( 'NONE', #5779, #5059 ) ;
#1960 = ADVANCED_FACE ( 'NONE', ( #8560 ), #8803, .F. ) ;
#1961 = CARTESIAN_POINT ( 'NONE',  ( -19.06420979952550354, -2.470104559919733322, -26.99634816116374836 ) ) ;
#1962 = DIRECTION ( 'NONE',  ( 0.4182286202377525353, 0.9083417975707303027, 0.000000000000000000 ) ) ;
#1963 = CYLINDRICAL_SURFACE ( 'NONE', #8128, 0.6999999999999999556 ) ;
#1964 = CARTESIAN_POINT ( 'NONE',  ( -18.94258358435485334, 4.234633620474512306, -26.29634816116374907 ) ) ;
#1965 = EDGE_LOOP ( 'NONE', ( #10720, #8282, #7122, #8781 ) ) ;
#1966 = ORIENTED_EDGE ( 'NONE', *, *, #6345, .T. ) ;
#1967 = CARTESIAN_POINT ( 'NONE',  ( -4.061777369183000808, 18.89340270973006142, -34.20801078711517107 ) ) ;
#1968 = ADVANCED_FACE ( 'NONE', ( #10427 ), #2127, .F. ) ;
#1969 = ORIENTED_EDGE ( 'NONE', *, *, #2294, .F. ) ;
#1970 = EDGE_CURVE ( 'NONE', #4470, #7781, #134, .T. ) ;
#1971 = DIRECTION ( 'NONE',  ( -0.9380269381538471896, -0.3465623512410412332, 0.000000000000000000 ) ) ;
#1972 = ORIENTED_EDGE ( 'NONE', *, *, #9992, .F. ) ;
#1973 = CARTESIAN_POINT ( 'NONE',  ( -15.60715541303852838, -10.81617214563821427, -33.59634816116375333 ) ) ;
#1974 = ADVANCED_FACE ( 'NONE', ( #1272 ), #5827, .F. ) ;
#1975 = DIRECTION ( 'NONE',  ( -0.000000000000000000, 0.000000000000000000, -1.000000000000000000 ) ) ;
#1976 = EDGE_CURVE ( 'NONE', #7365, #1357, #6614, .T. ) ;
#1977 = CARTESIAN_POINT ( 'NONE',  ( -11.35370864137669855, -15.06961891730012404, -26.90389895507295392 ) ) ;
#1978 = DIRECTION ( 'NONE',  ( 0.9238795325112891810, 0.3826834323650840641, 0.000000000000000000 ) ) ;
#1979 = LINE ( 'NONE', #890, #2846 ) ;
#1980 = EDGE_CURVE ( 'NONE', #5139, #7040, #1112, .T. ) ;
#1981 = VERTEX_POINT ( 'NONE', #424 ) ;
#1982 = CARTESIAN_POINT ( 'NONE',  ( 0.000000000000000000, 0.000000000000000000, -26.19634816116376541 ) ) ;
#1983 = ORIENTED_EDGE ( 'NONE', *, *, #3318, .F. ) ;
#1984 = VERTEX_POINT ( 'NONE', #1209 ) ;
#1985 = CARTESIAN_POINT ( 'NONE',  ( 17.52226697299715497, 8.628281833901814579, -26.99634816116374836 ) ) ;
#1986 = EDGE_CURVE ( 'NONE', #9131, #8593, #5467, .T. ) ;
#1987 = CIRCLE ( 'NONE', #4508, 19.33712077059222167 ) ;
#1988 = CARTESIAN_POINT ( 'NONE',  ( -10.24884678979272756, -15.22381751701608898, -26.29634816116375262 ) ) ;
#1989 = DIRECTION ( 'NONE',  ( 0.000000000000000000, 0.000000000000000000, -1.000000000000000000 ) ) ;
#1990 = CARTESIAN_POINT ( 'NONE',  ( -18.11113469183639779, -6.131556409159996335, -34.29634816116375617 ) ) ;
#1991 = B_SPLINE_CURVE_WITH_KNOTS ( 'NONE', 3,
 ( #230, #7769, #4065, #10303, #9636, #5823, #8493, #168 ),
 .UNSPECIFIED., .F., .F.,
 ( 4, 2, 2, 4 ),
 ( 0.000000000000000000, 0.0002734144572333960916, 0.0005468289144667921832, 0.001093657828933583499 ),
 .UNSPECIFIED. ) ;
#1992 = CARTESIAN_POINT ( 'NONE',  ( -10.39999999999998792, 0.5375364957382033904, -42.69634816116374765 ) ) ;
#1993 = CARTESIAN_POINT ( 'NONE',  ( 18.11113469183634095, 7.206629400636532345, -33.59634816116375333 ) ) ;
#1994 = CARTESIAN_POINT ( 'NONE',  ( 13.59795948890254280, 14.23372201354455591, -34.29634816116375617 ) ) ;
#1995 = CIRCLE ( 'NONE', #2382, 19.30000000000008598 ) ;
#1996 = LINE ( 'NONE', #6790, #5421 ) ;
#1997 = ORIENTED_EDGE ( 'NONE', *, *, #797, .F. ) ;
#1998 = EDGE_LOOP ( 'NONE', ( #2715, #2699, #8102, #4979 ) ) ;
#1999 = CARTESIAN_POINT ( 'NONE',  ( -18.42853067367100550, 4.254214543423815442, -26.29634816116374907 ) ) ;
#2000 = VECTOR ( 'NONE', #10632, 1000.000000000000114 ) ;
#2001 = CARTESIAN_POINT ( 'NONE',  ( -7.881631028044929543, -16.53055957847350044, -33.59634816116375333 ) ) ;
#2002 = FACE_BOUND ( 'NONE', #319, .T. ) ;
#2003 = B_SPLINE_CURVE_WITH_KNOTS ( 'NONE', 3,
 ( #9307, #8277, #3665, #7474, #9078, #8343, #11126, #932 ),
 .UNSPECIFIED., .F., .F.,
 ( 4, 2, 2, 4 ),
 ( 0.000000000000000000, 0.0002734115678465725945, 0.0005468231356931451889, 0.001093646271386294715 ),
 .UNSPECIFIED. ) ;
#2004 = FACE_OUTER_BOUND ( 'NONE', #7008, .T. ) ;
#2005 = CARTESIAN_POINT ( 'NONE',  ( -18.78503423634786529, 1.287536495738401454, -33.59634816116375333 ) ) ;
#2006 = CARTESIAN_POINT ( 'NONE',  ( -18.79904110953533447, 0.3026020410250384041, -26.29634816116375973 ) ) ;
#2007 = ORIENTED_EDGE ( 'NONE', *, *, #1388, .T. ) ;
#2008 = ORIENTED_EDGE ( 'NONE', *, *, #3603, .F. ) ;
#2009 = CARTESIAN_POINT ( 'NONE',  ( 13.34556455061074232, -13.40495572223724352, -34.20800806837380037 ) ) ;
#2010 = ORIENTED_EDGE ( 'NONE', *, *, #637, .F. ) ;
#2011 = VERTEX_POINT ( 'NONE', #482 ) ;
#2012 = CARTESIAN_POINT ( 'NONE',  ( 6.820728415370037823, 18.05648405963422931, -34.20801078711515686 ) ) ;
#2013 = EDGE_CURVE ( 'NONE', #7442, #999, #3719, .T. ) ;
#2014 = CARTESIAN_POINT ( 'NONE',  ( 10.40285075565157591, 16.19656375340080601, -34.29634816116375617 ) ) ;
#2015 = CARTESIAN_POINT ( 'NONE',  ( 10.48605614883624781, -15.06589469563873607, -34.29634816116375617 ) ) ;
#2016 = CARTESIAN_POINT ( 'NONE',  ( -0.2840405426658278998, 1.154438076891077136, -33.59634816116375333 ) ) ;
#2017 = DIRECTION ( 'NONE',  ( -0.000000000000000000, 0.000000000000000000, 1.000000000000000000 ) ) ;
#2018 = CARTESIAN_POINT ( 'NONE',  ( -3.007641055658277995, -18.52667330378724131, -26.81145002369893149 ) ) ;
#2019 = LINE ( 'NONE', #11300, #844 ) ;
#2020 = CARTESIAN_POINT ( 'NONE',  ( -3.144186300207962859E-15, 0.5375364957382012809, -34.29634816116375617 ) ) ;
#2021 = CARTESIAN_POINT ( 'NONE',  ( 10.04187997379038855, -15.35571630150158562, -26.43662391211885776 ) ) ;
#2022 = EDGE_LOOP ( 'NONE', ( #4310, #1296, #3053, #7534 ) ) ;
#2023 = EDGE_LOOP ( 'NONE', ( #2586, #10970, #4661, #9813, #11349, #4077, #2573, #6577 ) ) ;
#2024 = FACE_OUTER_BOUND ( 'NONE', #1581, .T. ) ;
#2025 = ORIENTED_EDGE ( 'NONE', *, *, #7546, .F. ) ;
#2026 = CARTESIAN_POINT ( 'NONE',  ( -15.99631580435085709, -9.340272050562429484, -26.63019140205943458 ) ) ;
#2027 = ORIENTED_EDGE ( 'NONE', *, *, #5516, .T. ) ;
#2028 = DIRECTION ( 'NONE',  ( 0.000000000000000000, 0.000000000000000000, 1.000000000000000000 ) ) ;
#2029 = ORIENTED_EDGE ( 'NONE', *, *, #11590, .F. ) ;
#2030 = CARTESIAN_POINT ( 'NONE',  ( -0.3551304480341443415, -0.04136673934162560934, -33.59634816116375333 ) ) ;
#2031 = CYLINDRICAL_SURFACE ( 'NONE', #1489, 17.30000000000003979 ) ;
#2032 = DIRECTION ( 'NONE',  ( -0.8092959084338466891, -0.5874011683613122869, 0.000000000000000000 ) ) ;
#2033 = EDGE_CURVE ( 'NONE', #492, #9144, #7217, .T. ) ;
#2034 = CARTESIAN_POINT ( 'NONE',  ( -18.76400763978405450, 5.054395724685802449, -34.29634816116375617 ) ) ;
#2035 = VERTEX_POINT ( 'NONE', #2365 ) ;
#2036 = ADVANCED_FACE ( 'NONE', ( #11344 ), #3273, .F. ) ;
#2037 = DIRECTION ( 'NONE',  ( 0.7071067811865413555, -0.7071067811865536790, 0.000000000000000000 ) ) ;
#2038 = ORIENTED_EDGE ( 'NONE', *, *, #8946, .F. ) ;
#2039 = ORIENTED_EDGE ( 'NONE', *, *, #11008, .T. ) ;
#2040 = LINE ( 'NONE', #9566, #4432 ) ;
#2041 = CARTESIAN_POINT ( 'NONE',  ( 16.01833623089136438, 11.32473800121102947, -26.99634816116374836 ) ) ;
#2042 = DIRECTION ( 'NONE',  ( -0.6791492313942186776, -0.7340002190031295060, 0.000000000000000000 ) ) ;
#2043 = CARTESIAN_POINT ( 'NONE',  ( -18.01622734663567371, -6.384148505731348067, -34.15606879818032127 ) ) ;
#2044 = DIRECTION ( 'NONE',  ( 0.5555702330196063965, 0.8314696123025424601, 0.000000000000000000 ) ) ;
#2045 = B_SPLINE_CURVE_WITH_KNOTS ( 'NONE', 3,
 ( #10473, #7566, #2948, #1257, #2283, #8545, #3008, #1193 ),
 .UNSPECIFIED., .F., .F.,
 ( 4, 2, 2, 4 ),
 ( 0.000000000000000000, 0.0002734111411466477433, 0.0005468222822932954866, 0.001093644564586589239 ),
 .UNSPECIFIED. ) ;
#2046 = DIRECTION ( 'NONE',  ( 0.000000000000000000, 0.000000000000000000, 1.000000000000000000 ) ) ;
#2047 = LINE ( 'NONE', #5514, #5578 ) ;
#2048 = EDGE_CURVE ( 'NONE', #11436, #11091, #4856, .T. ) ;
#2049 = CARTESIAN_POINT ( 'NONE',  ( 18.08042785669377750, 7.289525899190584468, -26.64370081747365049 ) ) ;
#2050 = B_SPLINE_CURVE_WITH_KNOTS ( 'NONE', 3,
 ( #10213, #996, #2987, #1294, #6579, #2152, #11366, #8403 ),
 .UNSPECIFIED., .F., .F.,
 ( 4, 2, 2, 4 ),
 ( 0.000000000000000000, 0.0002734111411466468760, 0.0005468222822932937519, 0.001093644564586588371 ),
 .UNSPECIFIED. ) ;
#2051 = CARTESIAN_POINT ( 'NONE',  ( 15.60343119137689882, 11.02359264457449939, -34.29634816116375617 ) ) ;
#2052 = VERTEX_POINT ( 'NONE', #608 ) ;
#2053 = CARTESIAN_POINT ( 'NONE',  ( 7.321573171451516870, 18.39487577949166308, -34.29634816116375617 ) ) ;
#2054 = CARTESIAN_POINT ( 'NONE',  ( -18.29576878560964204, 4.863974468644656213, -26.63019140205943813 ) ) ;
#2055 = CARTESIAN_POINT ( 'NONE',  ( -16.03586280835099487, -9.275267143003736336, -33.59634816116375333 ) ) ;
#2056 = DIRECTION ( 'NONE',  ( -0.4182286202377498707, -0.9083417975707317460, 0.000000000000000000 ) ) ;
#2057 = DIRECTION ( 'NONE',  ( 0.03878550529305227479, 0.9992475592060070522, 0.000000000000000000 ) ) ;
#2058 = LINE ( 'NONE', #4792, #10538 ) ;
#2059 = EDGE_CURVE ( 'NONE', #9342, #4334, #695, .T. ) ;
#2060 = VECTOR ( 'NONE', #8042, 1000.000000000000000 ) ;
#2061 = FACE_OUTER_BOUND ( 'NONE', #9959, .T. ) ;
#2062 = ORIENTED_EDGE ( 'NONE', *, *, #9127, .F. ) ;
#2063 = ORIENTED_EDGE ( 'NONE', *, *, #6700, .F. ) ;
#2064 = CARTESIAN_POINT ( 'NONE',  ( -15.98949163663160000, 10.42560494197879528, -26.64369750929288472 ) ) ;
#2065 = ORIENTED_EDGE ( 'NONE', *, *, #6045, .F. ) ;
#2066 = VERTEX_POINT ( 'NONE', #7046 ) ;
#2067 = ADVANCED_FACE ( 'NONE', ( #5156 ), #11713, .T. ) ;
#2068 = CARTESIAN_POINT ( 'NONE',  ( -17.85733928375354651, -6.784036675713113418, -26.29634816116374907 ) ) ;
#2069 = AXIS2_PLACEMENT_3D ( 'NONE', #5703, #5586, #856 ) ;
#2070 = CARTESIAN_POINT ( 'NONE',  ( 15.85913871501362316, -9.558655927701154909, -26.37236415740901307 ) ) ;
#2071 = CARTESIAN_POINT ( 'NONE',  ( 17.54694199899430274, 7.285844755510599846, -26.43662391211885065 ) ) ;
#2072 = DIRECTION ( 'NONE',  ( -0.5874011683613254986, -0.8092959084338372522, 0.000000000000000000 ) ) ;
#2073 = DIRECTION ( 'NONE',  ( 0.000000000000000000, 0.000000000000000000, -1.000000000000000000 ) ) ;
#2074 = CARTESIAN_POINT ( 'NONE',  ( -3.082842816221728732, -18.51509493489065861, -26.63019525567114698 ) ) ;
#2075 = CARTESIAN_POINT ( 'NONE',  ( -4.075018402385881977, 18.89072715168069649, -26.37236415740902373 ) ) ;
#2076 = CARTESIAN_POINT ( 'NONE',  ( -0.6604615511865254973, 0.6957677509032199614, -26.29634816116374907 ) ) ;
#2077 = B_SPLINE_CURVE_WITH_KNOTS ( 'NONE', 3,
 ( #4525, #7209, #10906, #3610, #8907, #8234, #7317, #2703 ),
 .UNSPECIFIED., .F., .F.,
 ( 4, 2, 2, 4 ),
 ( 0.000000000000000000, 0.0002734144572333964168, 0.0005468289144667928337, 0.001093657828933582848 ),
 .UNSPECIFIED. ) ;
#2078 = DIRECTION ( 'NONE',  ( 0.6791492313942213421, 0.7340002190031269524, 0.000000000000000000 ) ) ;
#2079 = VECTOR ( 'NONE', #259, 1000.000000000000000 ) ;
#2080 = EDGE_LOOP ( 'NONE', ( #7052, #1608, #2062, #101 ) ) ;
#2081 = ORIENTED_EDGE ( 'NONE', *, *, #14, .F. ) ;
#2082 = CARTESIAN_POINT ( 'NONE',  ( -17.80417973997793624, -6.912375167265770948, -26.29634816116374907 ) ) ;
#2083 = ORIENTED_EDGE ( 'NONE', *, *, #10178, .T. ) ;
#2084 = ORIENTED_EDGE ( 'NONE', *, *, #828, .T. ) ;
#2085 = AXIS2_PLACEMENT_3D ( 'NONE', #9390, #9338, #843 ) ;
#2086 = CARTESIAN_POINT ( 'NONE',  ( 0.6810553772461584998, 19.82554821179037674, -26.64370081747365759 ) ) ;
#2087 = AXIS2_PLACEMENT_3D ( 'NONE', #3323, #4237, #1575 ) ;
#2088 = ORIENTED_EDGE ( 'NONE', *, *, #9691, .T. ) ;
#2089 = CARTESIAN_POINT ( 'NONE',  ( 2.929189417950685215, 19.10793930813102648, -33.59634816116375333 ) ) ;
#2090 = CIRCLE ( 'NONE', #7143, 19.30000000000008598 ) ;
#2091 = CARTESIAN_POINT ( 'NONE',  ( 18.42853067367102682, -3.179141551947288313, -34.29634816116375617 ) ) ;
#2092 = DIRECTION ( 'NONE',  ( 0.9083417975707304137, -0.4182286202377525908, 0.000000000000000000 ) ) ;
#2093 = CARTESIAN_POINT ( 'NONE',  ( -13.33597411585073544, -13.41446890325091523, -34.22032890332829425 ) ) ;
#2094 = EDGE_CURVE ( 'NONE', #9144, #9054, #10799, .T. ) ;
#2095 = VECTOR ( 'NONE', #5258, 1000.000000000000000 ) ;
#2096 = ORIENTED_EDGE ( 'NONE', *, *, #9116, .T. ) ;
#2097 = VECTOR ( 'NONE', #5310, 1000.000000000000114 ) ;
#2098 = ORIENTED_EDGE ( 'NONE', *, *, #4689, .F. ) ;
#2099 = CARTESIAN_POINT ( 'NONE',  ( -7.409272154180789549, -16.74064482776778462, -26.31451660138218074 ) ) ;
#2100 = VERTEX_POINT ( 'NONE', #542 ) ;
#2101 = VERTEX_POINT ( 'NONE', #10744 ) ;
#2102 = CARTESIAN_POINT ( 'NONE',  ( 17.55917063790326793, 8.547952146279545360, -33.94899550485384054 ) ) ;
#2103 = EDGE_CURVE ( 'NONE', #5918, #149, #8372, .T. ) ;
#2104 = CARTESIAN_POINT ( 'NONE',  ( -3.007641055657871654, 19.60174629526370893, -33.59634816116375333 ) ) ;
#2105 = VECTOR ( 'NONE', #7202, 999.9999999999998863 ) ;
#2106 = DIRECTION ( 'NONE',  ( -0.000000000000000000, -0.000000000000000000, 1.000000000000000000 ) ) ;
#2107 = LINE ( 'NONE', #349, #7385 ) ;
#2108 = CARTESIAN_POINT ( 'NONE',  ( -14.18035528873463491, -12.55473312741190739, -26.90389895507295392 ) ) ;
#2109 = CARTESIAN_POINT ( 'NONE',  ( -0.7693927526465275113, -18.74712152021266931, -26.99634816116374836 ) ) ;
#2110 = AXIS2_PLACEMENT_3D ( 'NONE', #6023, #5236, #10689 ) ;
#2111 = EDGE_CURVE ( 'NONE', #6825, #3269, #10865, .T. ) ;
#2112 = DIRECTION ( 'NONE',  ( 1.000000000000000000, 0.000000000000000000, 0.000000000000000000 ) ) ;
#2113 = EDGE_CURVE ( 'NONE', #3510, #9493, #4429, .T. ) ;
#2114 = AXIS2_PLACEMENT_3D ( 'NONE', #10010, #10981, #7401 ) ;
#2115 = PLANE ( 'NONE',  #7614 ) ;
#2116 = VECTOR ( 'NONE', #8251, 1000.000000000000000 ) ;
#2117 = EDGE_CURVE ( 'NONE', #4154, #6186, #10821, .T. ) ;
#2118 = CYLINDRICAL_SURFACE ( 'NONE', #3090, 19.33712077059222167 ) ;
#2119 = ORIENTED_EDGE ( 'NONE', *, *, #5437, .F. ) ;
#2121 = ADVANCED_FACE ( 'NONE', ( #1646 ), #727, .F. ) ;
#2120 = ORIENTED_EDGE ( 'NONE', *, *, #3683, .T. ) ;
#2122 = DIRECTION ( 'NONE',  ( -0.3465623512410310192, 0.9380269381538507423, 0.000000000000000000 ) ) ;
#2123 = EDGE_CURVE ( 'NONE', #8068, #8267, #1699, .T. ) ;
#2124 = CARTESIAN_POINT ( 'NONE',  ( 10.93355334446143701, -15.36785877051465832, -34.29634816116376328 ) ) ;
#2125 = EDGE_CURVE ( 'NONE', #11455, #3846, #8200, .T. ) ;
#2126 = EDGE_CURVE ( 'NONE', #1949, #11704, #9091, .T. ) ;
#2127 = PLANE ( 'NONE',  #333 ) ;
#2128 = DIRECTION ( 'NONE',  ( -0.9807852804032304306, 0.1950903220161286922, 0.000000000000000000 ) ) ;
#2129 = CARTESIAN_POINT ( 'NONE',  ( -3.697097124736248741, -18.40504708861665861, -34.29634816116375617 ) ) ;
#2130 = CARTESIAN_POINT ( 'NONE',  ( -18.78576306930917639, -0.1942872910486252436, -26.81318187454958135 ) ) ;
#2131 = EDGE_CURVE ( 'NONE', #11612, #9975, #2567, .T. ) ;
#2132 = VECTOR ( 'NONE', #2042, 1000.000000000000000 ) ;
#2133 = ORIENTED_EDGE ( 'NONE', *, *, #4126, .T. ) ;
#2134 = ORIENTED_EDGE ( 'NONE', *, *, #3152, .T. ) ;
#2135 = CARTESIAN_POINT ( 'NONE',  ( 13.09226962315015541, -13.64281879299638156, -33.59634816116375333 ) ) ;
#2136 = ORIENTED_EDGE ( 'NONE', *, *, #11226, .F. ) ;
#2137 = ORIENTED_EDGE ( 'NONE', *, *, #5556, .F. ) ;
#2138 = DIRECTION ( 'NONE',  ( -0.5229032302633819240, 0.8523920528607249469, 0.000000000000000000 ) ) ;
#2139 = CARTESIAN_POINT ( 'NONE',  ( 17.89241021207269711, -6.698498574634871083, -26.29634816116374907 ) ) ;
#2140 = CARTESIAN_POINT ( 'NONE',  ( -15.21321162429128115, 11.58283650187910929, -33.77951444777792744 ) ) ;
#2141 = CARTESIAN_POINT ( 'NONE',  ( 7.865117308977905175, -16.53818866798891918, -26.81318187454957780 ) ) ;
#2142 = CYLINDRICAL_SURFACE ( 'NONE', #8171, 0.6999999999999999556 ) ;
#2143 = CARTESIAN_POINT ( 'NONE',  ( -19.29987502093280938, 0.6069927868653487435, -26.29634816116374907 ) ) ;
#2144 = CARTESIAN_POINT ( 'NONE',  ( -4.400367338555271068, 18.81530382510689137, -33.59634816116375333 ) ) ;
#2145 = VECTOR ( 'NONE', #1840, 1000.000000000000000 ) ;
#2146 = DIRECTION ( 'NONE',  ( -0.000000000000000000, -0.000000000000000000, 1.000000000000000000 ) ) ;
#2147 = CARTESIAN_POINT ( 'NONE',  ( -16.01833623089121517, 11.32473800121126040, -34.29634816116375617 ) ) ;
#2148 = EDGE_CURVE ( 'NONE', #6427, #999, #7398, .T. ) ;
#2149 = ORIENTED_EDGE ( 'NONE', *, *, #3385, .T. ) ;
#2150 = VERTEX_POINT ( 'NONE', #964 ) ;
#2151 = AXIS2_PLACEMENT_3D ( 'NONE', #8057, #8976, #1439 ) ;
#2152 = CARTESIAN_POINT ( 'NONE',  ( 18.83977611839025812, -3.654061777115963583, -26.37236741899920744 ) ) ;
#2153 = VERTEX_POINT ( 'NONE', #8481 ) ;
#2154 = ORIENTED_EDGE ( 'NONE', *, *, #10370, .T. ) ;
#2155 = CARTESIAN_POINT ( 'NONE',  ( -3.144186300207962859E-15, 0.5375364957382012809, -26.29634816116374907 ) ) ;
#2156 = ORIENTED_EDGE ( 'NONE', *, *, #3222, .T. ) ;
#2157 = FACE_OUTER_BOUND ( 'NONE', #10875, .T. ) ;
#2158 = CARTESIAN_POINT ( 'NONE',  ( -13.59795948890264761, -13.15864902206805453, -26.29634816116374907 ) ) ;
#2159 = CARTESIAN_POINT ( 'NONE',  ( -17.06809607421168806, 8.419167523783182006, -33.59634816116375333 ) ) ;
#2160 = CARTESIAN_POINT ( 'NONE',  ( 10.67092969087630472, 16.63356306933508222, -26.99634816116374836 ) ) ;
#2161 = VERTEX_POINT ( 'NONE', #1993 ) ;
#2162 = ORIENTED_EDGE ( 'NONE', *, *, #9459, .T. ) ;
#2163 = DIRECTION ( 'NONE',  ( 0.000000000000000000, 0.000000000000000000, 1.000000000000000000 ) ) ;
#2164 = VERTEX_POINT ( 'NONE', #1934 ) ;
#2165 = CARTESIAN_POINT ( 'NONE',  ( -18.52631206016597076, -2.657866348087838837, -26.43662391211885065 ) ) ;
#2166 = ORIENTED_EDGE ( 'NONE', *, *, #4417, .F. ) ;
#2167 = CARTESIAN_POINT ( 'NONE',  ( 3.517191827691210193, 19.51453689279901127, -26.31451759764528830 ) ) ;
#2168 = CARTESIAN_POINT ( 'NONE',  ( 12.80873562619543016, -13.22434973573917638, -26.63019140205944169 ) ) ;
#2169 = FACE_OUTER_BOUND ( 'NONE', #6564, .T. ) ;
#2170 = EDGE_CURVE ( 'NONE', #11844, #9161, #8313, .T. ) ;
#2171 = CARTESIAN_POINT ( 'NONE',  ( -17.98830964146303657, -6.456596664680769315, -34.20800806837380748 ) ) ;
#2172 = CARTESIAN_POINT ( 'NONE',  ( 17.59310005470279492, -6.089799757690092186, -26.56606956038672251 ) ) ;
#2173 = CARTESIAN_POINT ( 'NONE',  ( 18.81218409005298753, 0.5880632042939271109, -34.29634816116375617 ) ) ;
#2174 = CARTESIAN_POINT ( 'NONE',  ( 4.178360191850107874, -18.30492853753136018, -26.38468825395369777 ) ) ;
#2175 = B_SPLINE_CURVE_WITH_KNOTS ( 'NONE', 3,
 ( #1395, #7045, #10743, #5155, #5226, #1453, #7881, #8855 ),
 .UNSPECIFIED., .F., .F.,
 ( 4, 2, 2, 4 ),
 ( 0.000000000000000000, 0.0002734111411466472012, 0.0005468222822932944024, 0.001093644564586588588 ),
 .UNSPECIFIED. ) ;
#2176 = ORIENTED_EDGE ( 'NONE', *, *, #5307, .T. ) ;
#2177 = VECTOR ( 'NONE', #11206, 1000.000000000000000 ) ;
#2178 = CARTESIAN_POINT ( 'NONE',  ( 18.76400763978411135, 5.054395724685537772, -33.59634816116375333 ) ) ;
#2179 = DIRECTION ( 'NONE',  ( 1.000000000000000000, 0.000000000000000000, 0.000000000000000000 ) ) ;
#2180 = ORIENTED_EDGE ( 'NONE', *, *, #1542, .F. ) ;
#2181 = ORIENTED_EDGE ( 'NONE', *, *, #3222, .F. ) ;
#2182 = CARTESIAN_POINT ( 'NONE',  ( 19.28540651163790898, -0.2136812265739223560, -26.81318386950226085 ) ) ;
#2183 = PLANE ( 'NONE',  #9312 ) ;
#2184 = CARTESIAN_POINT ( 'NONE',  ( -19.06420979952550354, -2.470104559919733322, -26.99634816116374836 ) ) ;
#2185 = CARTESIAN_POINT ( 'NONE',  ( 18.78829290281651865, -0.1241206612737928289, -33.94899881303461342 ) ) ;
#2186 = CARTESIAN_POINT ( 'NONE',  ( 0.000000000000000000, 0.5375364957382021691, -37.89634816116375760 ) ) ;
#2187 = EDGE_CURVE ( 'NONE', #10143, #4536, #9646, .T. ) ;
#2188 = EDGE_CURVE ( 'NONE', #7393, #10453, #1704, .T. ) ;
#2189 = VERTEX_POINT ( 'NONE', #9166 ) ;
#2191 = VERTEX_POINT ( 'NONE', #6433 ) ;
#2190 = ADVANCED_FACE ( 'NONE', ( #4670 ), #8370, .F. ) ;
#2192 = AXIS2_PLACEMENT_3D ( 'NONE', #6849, #3146, #11336 ) ;
#2193 = CARTESIAN_POINT ( 'NONE',  ( 18.54798273410427711, 3.605286786449287462, -34.02662676194078983 ) ) ;
#2194 = EDGE_LOOP ( 'NONE', ( #9608, #794, #1222, #4644, #1033, #9355, #6684, #868 ) ) ;
#2195 = ORIENTED_EDGE ( 'NONE', *, *, #5799, .T. ) ;
#2196 = PLANE ( 'NONE',  #5225 ) ;
#2197 = CARTESIAN_POINT ( 'NONE',  ( -0.2057063112105980140, 0.04091752934783543516, -26.29634816116374907 ) ) ;
#2198 = DIRECTION ( 'NONE',  ( -0.3465623512410380691, 0.9380269381538482998, -0.000000000000000000 ) ) ;
#2199 = CARTESIAN_POINT ( 'NONE',  ( -3.184081677783118191E-15, 0.5375364957382011699, -44.29634816116374907 ) ) ;
#2200 = PLANE ( 'NONE',  #1372 ) ;
#2201 = ADVANCED_FACE ( 'NONE', ( #4543 ), #47, .F. ) ;
#2202 = CARTESIAN_POINT ( 'NONE',  ( -0.7500000000000064393, -18.24749774060966345, -33.68879833100304211 ) ) ;
#2203 = CARTESIAN_POINT ( 'NONE',  ( 8.090745338163548794, -16.98473047725898510, -26.99634816116374836 ) ) ;
#2204 = CARTESIAN_POINT ( 'NONE',  ( 0.000000000000000000, 0.5375364957382021691, -39.49634816116375902 ) ) ;
#2205 = AXIS2_PLACEMENT_3D ( 'NONE', #8262, #11957, #9905 ) ;
#2206 = CARTESIAN_POINT ( 'NONE',  ( 10.07425525387379928, 16.99959533051945471, -34.29634816116375617 ) ) ;
#2207 = ADVANCED_FACE ( 'NONE', ( #7503 ), #3802, .F. ) ;
#2208 = ORIENTED_EDGE ( 'NONE', *, *, #3025, .T. ) ;
#2209 = VERTEX_POINT ( 'NONE', #3872 ) ;
#2210 = CARTESIAN_POINT ( 'NONE',  ( -0.6707393889858754843, 0.4309754204355117357, -26.29634816116374907 ) ) ;
#2211 = VERTEX_POINT ( 'NONE', #1866 ) ;
#2212 = ORIENTED_EDGE ( 'NONE', *, *, #6438, .T. ) ;
#2213 = CARTESIAN_POINT ( 'NONE',  ( 0.7693927526465211830, 19.82219451168907653, -26.90389895507296458 ) ) ;
#2214 = ORIENTED_EDGE ( 'NONE', *, *, #2349, .F. ) ;
#2215 = PLANE ( 'NONE',  #5179 ) ;
#2216 = DIRECTION ( 'NONE',  ( -0.3465623512410470064, -0.9380269381538449691, 0.000000000000000000 ) ) ;
#2217 = CARTESIAN_POINT ( 'NONE',  ( 10.48605614883635617, 16.14096768711506513, -26.29634816116374907 ) ) ;
#2218 = CARTESIAN_POINT ( 'NONE',  ( -0.7693927526465275113, -18.74712152021266931, -26.99634816116374836 ) ) ;
#2219 = ORIENTED_EDGE ( 'NONE', *, *, #6715, .T. ) ;
#2220 = ORIENTED_EDGE ( 'NONE', *, *, #1615, .F. ) ;
#2221 = DIRECTION ( 'NONE',  ( -0.000000000000000000, -0.000000000000000000, 1.000000000000000000 ) ) ;
#2222 = ORIENTED_EDGE ( 'NONE', *, *, #4642, .T. ) ;
#2223 = CARTESIAN_POINT ( 'NONE',  ( 6.669092904898265672, -17.57359819609816753, -26.99634816116374836 ) ) ;
#2224 = ORIENTED_EDGE ( 'NONE', *, *, #6738, .T. ) ;
#2225 = CARTESIAN_POINT ( 'NONE',  ( -6.669092904898138663, 18.64867118757461739, -26.99634816116374836 ) ) ;
#2226 = CARTESIAN_POINT ( 'NONE',  ( 17.20554259143931120, 8.114784437261965522, -26.37236415740900597 ) ) ;
#2227 = FACE_OUTER_BOUND ( 'NONE', #5836, .T. ) ;
#2228 = DIRECTION ( 'NONE',  ( -0.000000000000000000, -0.000000000000000000, 1.000000000000000000 ) ) ;
#2229 = PLANE ( 'NONE',  #3046 ) ;
#2230 = CARTESIAN_POINT ( 'NONE',  ( -7.865117308978152089, -16.53818866798880904, -33.77951444777792744 ) ) ;
#2231 = B_SPLINE_CURVE_WITH_KNOTS ( 'NONE', 3,
 ( #10131, #8322, #11846, #7404, #1824, #2671, #6323, #9224 ),
 .UNSPECIFIED., .F., .F.,
 ( 4, 2, 2, 4 ),
 ( 0.000000000000000000, 0.0002734111411466474181, 0.0005468222822932948361, 0.001093644564586589672 ),
 .UNSPECIFIED. ) ;
#2232 = B_SPLINE_CURVE_WITH_KNOTS ( 'NONE', 3,
 ( #11529, #6988, #10681, #3209, #6912, #8806, #2367, #9712 ),
 .UNSPECIFIED., .F., .F.,
 ( 4, 2, 2, 4 ),
 ( 0.000000000000000000, 0.0002734115678465772565, 0.0005468231356931545131, 0.001093646271386296883 ),
 .UNSPECIFIED. ) ;
#2233 = ORIENTED_EDGE ( 'NONE', *, *, #9917, .T. ) ;
#2234 = EDGE_CURVE ( 'NONE', #8419, #766, #10368, .T. ) ;
#2235 = DIRECTION ( 'NONE',  ( 0.2329837807837338293, -0.9724806208309331179, 0.000000000000000000 ) ) ;
#2236 = DIRECTION ( 'NONE',  ( 0.000000000000000000, -0.000000000000000000, -1.000000000000000000 ) ) ;
#2237 = ORIENTED_EDGE ( 'NONE', *, *, #4491, .F. ) ;
#2238 = CYLINDRICAL_SURFACE ( 'NONE', #8533, 0.7000000000000000666 ) ;
#2239 = CARTESIAN_POINT ( 'NONE',  ( 3.618530594455083182, -17.91051692020717212, -34.29634816116375617 ) ) ;
#2240 = CARTESIAN_POINT ( 'NONE',  ( 8.010415650541279575, -17.02163414216509807, -33.94899550485384765 ) ) ;
#2241 = CARTESIAN_POINT ( 'NONE',  ( 0.2332011601476287055, 19.33590027883314022, -26.31451660138218074 ) ) ;
#2242 = CARTESIAN_POINT ( 'NONE',  ( 0.000000000000000000, 0.5375364957382012809, -40.20101271002261711 ) ) ;
#2243 = CARTESIAN_POINT ( 'NONE',  ( -18.28202816129775599, -3.845146068701489561, -26.81318187454957780 ) ) ;
#2244 = ADVANCED_FACE ( 'NONE', ( #11149 ), #11272, .F. ) ;
#2245 = EDGE_LOOP ( 'NONE', ( #8950, #6722, #3431, #10121 ) ) ;
#2246 = CARTESIAN_POINT ( 'NONE',  ( 16.46205883478120668, -9.536718758135661389, -33.59634816116375333 ) ) ;
#2247 = CARTESIAN_POINT ( 'NONE',  ( -17.06809607421185504, -7.344094532306414180, -33.59634816116375333 ) ) ;
#2248 = EDGE_LOOP ( 'NONE', ( #5655, #11691, #2027, #1626 ) ) ;
#2249 = ORIENTED_EDGE ( 'NONE', *, *, #7820, .T. ) ;
#2250 = DIRECTION ( 'NONE',  ( -0.03878550529304530120, -0.9992475592060073852, 0.000000000000000000 ) ) ;
#2251 = EDGE_CURVE ( 'NONE', #7712, #11567, #11188, .T. ) ;
#2252 = CARTESIAN_POINT ( 'NONE',  ( -10.77707886381085878, -14.86669769574229072, -26.38468553521233773 ) ) ;
#2253 = CARTESIAN_POINT ( 'NONE',  ( 10.78828809163824687, -14.85915867838844306, -26.37236415740901663 ) ) ;
#2254 = CARTESIAN_POINT ( 'NONE',  ( 7.881631028044678189, -16.53055957847361412, -26.90389799132446313 ) ) ;
#2255 = CARTESIAN_POINT ( 'NONE',  ( -15.65902725766272674, -9.865314259913210648, -34.29634816116375617 ) ) ;
#2256 = CARTESIAN_POINT ( 'NONE',  ( -0.2349344547133706829, -18.26150461379712198, -34.29634816116376328 ) ) ;
#2257 = FACE_OUTER_BOUND ( 'NONE', #2764, .T. ) ;
#2258 = VECTOR ( 'NONE', #11176, 1000.000000000000114 ) ;
#2259 = CARTESIAN_POINT ( 'NONE',  ( -3.144186300207962859E-15, 0.5375364957382012809, -26.29634816116374907 ) ) ;
#2260 = EDGE_CURVE ( 'NONE', #682, #9810, #9278, .T. ) ;
#2261 = DIRECTION ( 'NONE',  ( 0.000000000000000000, 0.000000000000000000, 1.000000000000000000 ) ) ;
#2262 = ORIENTED_EDGE ( 'NONE', *, *, #2664, .T. ) ;
#2263 = ORIENTED_EDGE ( 'NONE', *, *, #1370, .T. ) ;
#2264 = LINE ( 'NONE', #7973, #8881 ) ;
#2265 = EDGE_LOOP ( 'NONE', ( #6592, #11015 ) ) ;
#2266 = ORIENTED_EDGE ( 'NONE', *, *, #434, .T. ) ;
#2267 = CARTESIAN_POINT ( 'NONE',  ( -2.929189417950422758, 19.10793930813106556, -33.59634816116375333 ) ) ;
#2268 = ORIENTED_EDGE ( 'NONE', *, *, #4579, .T. ) ;
#2269 = DIRECTION ( 'NONE',  ( -0.000000000000000000, -0.000000000000000000, 1.000000000000000000 ) ) ;
#2270 = CARTESIAN_POINT ( 'NONE',  ( 19.29556998647076327, 0.9596280972094741735, -26.38468825395370132 ) ) ;
#2271 = ADVANCED_FACE ( 'NONE', ( #4174 ), #3196, .T. ) ;
#2272 = CARTESIAN_POINT ( 'NONE',  ( -5.949999999999999289, 9.087536495738202547, -21.29634816116374907 ) ) ;
#2273 = VECTOR ( 'NONE', #8815, 1000.000000000000000 ) ;
#2274 = ADVANCED_FACE ( 'NONE', ( #3931 ), #5874, .F. ) ;
#2275 = CARTESIAN_POINT ( 'NONE',  ( -3.144186300207962859E-15, 0.5375364957382012809, -34.29634816116375617 ) ) ;
#2276 = DIRECTION ( 'NONE',  ( 0.000000000000000000, 0.000000000000000000, 1.000000000000000000 ) ) ;
#2277 = ORIENTED_EDGE ( 'NONE', *, *, #10415, .T. ) ;
#2278 = ORIENTED_EDGE ( 'NONE', *, *, #8425, .T. ) ;
#2279 = CARTESIAN_POINT ( 'NONE',  ( 13.32864793594260533, -12.72035106979326891, -26.29634816116374907 ) ) ;
#2280 = VERTEX_POINT ( 'NONE', #1262 ) ;
#2281 = CARTESIAN_POINT ( 'NONE',  ( -16.00867175329660697, -10.24265036234578830, -34.29634816116375617 ) ) ;
#2282 = EDGE_LOOP ( 'NONE', ( #9919, #10042, #3567, #9025 ) ) ;
#2283 = CARTESIAN_POINT ( 'NONE',  ( 17.58074150463218999, -7.425609441347265971, -26.56607335038743756 ) ) ;
#2284 = AXIS2_PLACEMENT_3D ( 'NONE', #9086, #9252, #767 ) ;
#2285 = CARTESIAN_POINT ( 'NONE',  ( 17.12643475677634441, 8.291502440509407990, -26.56606956038672607 ) ) ;
#2286 = LINE ( 'NONE', #1070, #8740 ) ;
#2287 = CARTESIAN_POINT ( 'NONE',  ( -12.80873562619563089, -13.22434973573899342, -33.96250492026806711 ) ) ;
#2288 = DIRECTION ( 'NONE',  ( -0.000000000000000000, -0.000000000000000000, -1.000000000000000000 ) ) ;
#2289 = AXIS2_PLACEMENT_3D ( 'NONE', #6165, #8108, #6103 ) ;
#2290 = VECTOR ( 'NONE', #443, 1000.000000000000000 ) ;
#2291 = CARTESIAN_POINT ( 'NONE',  ( -13.80101801834316078, -12.22852639806327524, -33.77951444777791323 ) ) ;
#2292 = AXIS2_PLACEMENT_3D ( 'NONE', #7251, #5368, #757 ) ;
#2293 = VECTOR ( 'NONE', #10313, 1000.000000000000114 ) ;
#2294 = EDGE_CURVE ( 'NONE', #3846, #2189, #11398, .T. ) ;
#2295 = ORIENTED_EDGE ( 'NONE', *, *, #7706, .F. ) ;
#2296 = DIRECTION ( 'NONE',  ( 0.3826834323650937786, 0.9238795325112851842, 0.000000000000000000 ) ) ;
#2297 = VECTOR ( 'NONE', #991, 999.9999999999998863 ) ;
#2298 = CARTESIAN_POINT ( 'NONE',  ( -3.923947236233050084, -18.35958457663712551, -34.29634816116376328 ) ) ;
#2299 = ORIENTED_EDGE ( 'NONE', *, *, #637, .T. ) ;
#2300 = CARTESIAN_POINT ( 'NONE',  ( 13.69618551780640203, 14.13549598464069668, -34.29634816116375617 ) ) ;
#2301 = B_SPLINE_CURVE_WITH_KNOTS ( 'NONE', 3,
 ( #1258, #3193, #9748, #10534, #593, #2168, #4958, #7935 ),
 .UNSPECIFIED., .F., .F.,
 ( 4, 2, 2, 4 ),
 ( 0.000000000000000000, 0.0002734144572333931642, 0.0005468289144667863285, 0.001093657828933582632 ),
 .UNSPECIFIED. ) ;
#2302 = CARTESIAN_POINT ( 'NONE',  ( 0.6707393889858724867, 0.4309754204355014107, -26.29634816116374907 ) ) ;
#2303 = AXIS2_PLACEMENT_3D ( 'NONE', #1422, #4278, #5127 ) ;
#2304 = CARTESIAN_POINT ( 'NONE',  ( -15.76135401275447201, -9.711310294054241510, -34.29634816116375617 ) ) ;
#2305 = CARTESIAN_POINT ( 'NONE',  ( -7.635787144553377814, 17.71687270433648820, -34.15607241020864393 ) ) ;
#2306 = CARTESIAN_POINT ( 'NONE',  ( 18.78503423634787239, -0.2124635042618676362, -33.68879833100303500 ) ) ;
#2307 = AXIS2_PLACEMENT_3D ( 'NONE', #1590, #9829, #491 ) ;
#2308 = CARTESIAN_POINT ( 'NONE',  ( 0.2349344547133644101, 19.33657760527352565, -34.29634816116376328 ) ) ;
#2309 = ORIENTED_EDGE ( 'NONE', *, *, #4285, .T. ) ;
#2310 = FACE_OUTER_BOUND ( 'NONE', #6848, .T. ) ;
#2311 = CARTESIAN_POINT ( 'NONE',  ( -12.85544823448831941, 14.25526976480199970, -34.02662676194078273 ) ) ;
#2312 = ORIENTED_EDGE ( 'NONE', *, *, #3734, .T. ) ;
#2313 = ORIENTED_EDGE ( 'NONE', *, *, #649, .F. ) ;
#2314 = CARTESIAN_POINT ( 'NONE',  ( -15.20250745882137267, 11.59754455293428421, -34.29634816116375617 ) ) ;
#2315 = VECTOR ( 'NONE', #3926, 1000.000000000000114 ) ;
#2316 = LINE ( 'NONE', #4081, #8093 ) ;
#2317 = DIRECTION ( 'NONE',  ( -1.000000000000000000, 0.000000000000000000, 0.000000000000000000 ) ) ;
#2318 = CARTESIAN_POINT ( 'NONE',  ( -12.75269500745324969, -13.27581868349463079, -26.99634816116374836 ) ) ;
#2319 = CARTESIAN_POINT ( 'NONE',  ( -3.184843881676169275E-15, 0.5375364957382011699, -34.29634816116375617 ) ) ;
#2320 = CARTESIAN_POINT ( 'NONE',  ( 0.05003513775708823275, 19.33705603708741094, -26.29634816116374907 ) ) ;
#2321 = EDGE_CURVE ( 'NONE', #4965, #7245, #6003, .T. ) ;
#2322 = CARTESIAN_POINT ( 'NONE',  ( -3.719630903974009861, -17.90331948017902519, -26.99634816116374836 ) ) ;
#2323 = CARTESIAN_POINT ( 'NONE',  ( 17.12643475677628757, -7.216429449033131327, -34.02662676194078273 ) ) ;
#2324 = CARTESIAN_POINT ( 'NONE',  ( -5.950000000000000178, 0.5375364957382021691, -21.29634816116374907 ) ) ;
#2325 = ORIENTED_EDGE ( 'NONE', *, *, #11669, .T. ) ;
#2326 = VERTEX_POINT ( 'NONE', #5749 ) ;
#2327 = DIRECTION ( 'NONE',  ( -0.1569032754149136677, -0.9876139742652854103, 0.000000000000000000 ) ) ;
#2328 = EDGE_LOOP ( 'NONE', ( #6238, #5126, #8509, #8246 ) ) ;
#2329 = ORIENTED_EDGE ( 'NONE', *, *, #10177, .F. ) ;
#2330 = DIRECTION ( 'NONE',  ( -0.000000000000000000, -0.000000000000000000, 1.000000000000000000 ) ) ;
#2331 = ORIENTED_EDGE ( 'NONE', *, *, #6392, .F. ) ;
#2332 = VECTOR ( 'NONE', #8393, 1000.000000000000000 ) ;
#2333 = DIRECTION ( 'NONE',  ( 0.9380269381538446360, -0.3465623512410477280, 0.000000000000000000 ) ) ;
#2334 = CARTESIAN_POINT ( 'NONE',  ( 17.81502700716357168, 7.992442575602298760, -26.99634816116374836 ) ) ;
#2335 = CARTESIAN_POINT ( 'NONE',  ( -18.76400763978406161, 5.054395724685803337, -26.90389895507296814 ) ) ;
#2336 = CARTESIAN_POINT ( 'NONE',  ( 18.57040281239281043, -2.391652922212551768, -33.78124828719859352 ) ) ;
#2337 = DIRECTION ( 'NONE',  ( -0.9724806208309281219, 0.2329837807837541463, 0.000000000000000000 ) ) ;
#2338 = AXIS2_PLACEMENT_3D ( 'NONE', #7031, #6058, #9749 ) ;
#2339 = EDGE_CURVE ( 'NONE', #10790, #7873, #915, .T. ) ;
#2340 = EDGE_CURVE ( 'NONE', #549, #10700, #1198, .T. ) ;
#2341 = ORIENTED_EDGE ( 'NONE', *, *, #2823, .T. ) ;
#2342 = ADVANCED_FACE ( 'NONE', ( #10537 ), #2229, .F. ) ;
#2343 = ORIENTED_EDGE ( 'NONE', *, *, #7172, .T. ) ;
#2344 = FACE_OUTER_BOUND ( 'NONE', #2080, .T. ) ;
#2345 = ORIENTED_EDGE ( 'NONE', *, *, #2467, .T. ) ;
#2346 = CARTESIAN_POINT ( 'NONE',  ( -13.00574236495410574, 14.11275381993648104, -26.38468553521233062 ) ) ;
#2347 = ORIENTED_EDGE ( 'NONE', *, *, #2126, .T. ) ;
#2348 = CARTESIAN_POINT ( 'NONE',  ( 13.45905319441931169, 13.66434219803310057, -34.29634816116376328 ) ) ;
#2349 = EDGE_CURVE ( 'NONE', #2817, #6303, #8551, .T. ) ;
#2350 = CARTESIAN_POINT ( 'NONE',  ( 18.78503423634786174, -0.2124635042618656378, -26.99634816116374836 ) ) ;
#2351 = FACE_OUTER_BOUND ( 'NONE', #9163, .T. ) ;
#2352 = FACE_OUTER_BOUND ( 'NONE', #832, .T. ) ;
#2353 = CARTESIAN_POINT ( 'NONE',  ( 0.5272078826995580947, 0.4326683276892119290, -34.29634816116375617 ) ) ;
#2354 = EDGE_CURVE ( 'NONE', #9968, #8335, #8789, .T. ) ;
#2355 = CARTESIAN_POINT ( 'NONE',  ( -13.71773326906375345, -12.31791173875016376, -34.02662676194078273 ) ) ;
#2356 = VERTEX_POINT ( 'NONE', #11572 ) ;
#2357 = EDGE_CURVE ( 'NONE', #5862, #3251, #10479, .T. ) ;
#2358 = CARTESIAN_POINT ( 'NONE',  ( 7.801259921233425487, 17.64245052758318977, -33.94899881303460631 ) ) ;
#2359 = CARTESIAN_POINT ( 'NONE',  ( 15.89325279723975370, 10.57941646952864367, -26.43662391211885065 ) ) ;
#2360 = EDGE_LOOP ( 'NONE', ( #645, #630, #1707, #5349, #1850, #1106, #8852, #7735 ) ) ;
#2361 = B_SPLINE_CURVE_WITH_KNOTS ( 'NONE', 3,
 ( #8050, #6172, #2399, #9868, #9796, #5268, #3313, #5201 ),
 .UNSPECIFIED., .F., .F.,
 ( 4, 2, 2, 4 ),
 ( 0.000000000000000000, 0.0002734111411466455749, 0.0005468222822932911498, 0.001093644564586586853 ),
 .UNSPECIFIED. ) ;
#2362 = CARTESIAN_POINT ( 'NONE',  ( -19.06420979952550354, -2.470104559919733322, -33.59634816116375333 ) ) ;
#2363 = CARTESIAN_POINT ( 'NONE',  ( 2.929189417950547103, -18.03286631665464057, -33.59634816116375333 ) ) ;
#2364 = CARTESIAN_POINT ( 'NONE',  ( -2.929189417950816221, -18.03286631665460149, -26.99634816116374836 ) ) ;
#2365 = CARTESIAN_POINT ( 'NONE',  ( 17.06809607421178043, 8.419167523782942197, -26.99634816116374836 ) ) ;
#2366 = DIRECTION ( 'NONE',  ( 3.491481338843133355E-15, 1.000000000000000000, 0.000000000000000000 ) ) ;
#2367 = CARTESIAN_POINT ( 'NONE',  ( -14.18035528873462603, -12.55473312741190206, -33.78124629862855244 ) ) ;
#2368 = VERTEX_POINT ( 'NONE', #3014 ) ;
#2369 = CARTESIAN_POINT ( 'NONE',  ( 10.13930177131665289, 16.96011984462370847, -26.63019525567113988 ) ) ;
#2370 = CARTESIAN_POINT ( 'NONE',  ( -17.06809607421168806, 8.419167523783178453, -33.59634816116375333 ) ) ;
#2371 = ORIENTED_EDGE ( 'NONE', *, *, #7592, .T. ) ;
#2372 = ORIENTED_EDGE ( 'NONE', *, *, #5906, .T. ) ;
#2373 = DIRECTION ( 'NONE',  ( -0.000000000000000000, -0.000000000000000000, 1.000000000000000000 ) ) ;
#2374 = CIRCLE ( 'NONE', #10501, 11.19999999999998863 ) ;
#2375 = CARTESIAN_POINT ( 'NONE',  ( -7.449911663004298745, -17.26664324423959229, -26.29634816116374907 ) ) ;
#2376 = CARTESIAN_POINT ( 'NONE',  ( 0.4966189663903623486, 0.7432428069487966305, -34.29634816116375617 ) ) ;
#2377 = CARTESIAN_POINT ( 'NONE',  ( -12.85544823448861074, -13.18019677332532424, -26.56606956038671896 ) ) ;
#2378 = CARTESIAN_POINT ( 'NONE',  ( -13.33597411585043702, 14.48954189472759424, -26.37236741899921100 ) ) ;
#2379 = PLANE ( 'NONE',  #7876 ) ;
#2380 = DIRECTION ( 'NONE',  ( 0.9380269381538471896, 0.3465623512410412332, 0.000000000000000000 ) ) ;
#2381 = CARTESIAN_POINT ( 'NONE',  ( 2.929189417950684771, 19.10793930813102293, -33.78124828719858641 ) ) ;
#2382 = AXIS2_PLACEMENT_3D ( 'NONE', #9656, #3218, #5239 ) ;
#2383 = VERTEX_POINT ( 'NONE', #4962 ) ;
#2384 = ADVANCED_FACE ( 'NONE', ( #7871 ), #4114, .F. ) ;
#2385 = ORIENTED_EDGE ( 'NONE', *, *, #5576, .T. ) ;
#2386 = CARTESIAN_POINT ( 'NONE',  ( -3.007641055658277995, -18.52667330378724841, -33.68879736725453711 ) ) ;
#2387 = ORIENTED_EDGE ( 'NONE', *, *, #6805, .T. ) ;
#2388 = VERTEX_POINT ( 'NONE', #8614 ) ;
#2389 = LINE ( 'NONE', #3357, #7528 ) ;
#2390 = EDGE_LOOP ( 'NONE', ( #7053, #10781, #2309, #1062 ) ) ;
#2391 = CARTESIAN_POINT ( 'NONE',  ( 3.697097124735972073, -18.40504708861671190, -26.29634816116374907 ) ) ;
#2392 = DIRECTION ( 'NONE',  ( -0.000000000000000000, -0.000000000000000000, 1.000000000000000000 ) ) ;
#2393 = CARTESIAN_POINT ( 'NONE',  ( 17.34934370704273121, -6.702954608840128614, -26.29634816116374907 ) ) ;
#2394 = DIRECTION ( 'NONE',  ( 1.000000000000000000, 0.000000000000000000, 0.000000000000000000 ) ) ;
#2395 = FACE_OUTER_BOUND ( 'NONE', #4472, .T. ) ;
#2396 = PLANE ( 'NONE',  #11195 ) ;
#2397 = ORIENTED_EDGE ( 'NONE', *, *, #8554, .F. ) ;
#2398 = ORIENTED_EDGE ( 'NONE', *, *, #10275, .T. ) ;
#2399 = CARTESIAN_POINT ( 'NONE',  ( -8.074240236533267279, 18.06745027157261774, -33.77951245282524440 ) ) ;
#2400 = ORIENTED_EDGE ( 'NONE', *, *, #7087, .F. ) ;
#2401 = CARTESIAN_POINT ( 'NONE',  ( -3.184081677783118191E-15, 0.5375364957382012809, -26.29634816116374907 ) ) ;
#2402 = ORIENTED_EDGE ( 'NONE', *, *, #4621, .F. ) ;
#2403 = CARTESIAN_POINT ( 'NONE',  ( 4.263773991691876653, 18.84761532403821960, -34.02662676194078273 ) ) ;
#2404 = DIRECTION ( 'NONE',  ( -1.000000000000000000, 8.899231704794291246E-16, 0.000000000000000000 ) ) ;
#2405 = CARTESIAN_POINT ( 'NONE',  ( -17.64212122275947081, -5.958275233539479743, -33.59634816116375333 ) ) ;
#2406 = CARTESIAN_POINT ( 'NONE',  ( 19.31180786965600049, 0.6074559569404466286, -26.99634816116374836 ) ) ;
#2407 = ADVANCED_FACE ( 'NONE', ( #3085 ), #6782, .T. ) ;
#2408 = DIRECTION ( 'NONE',  ( -0.4182286202377371587, 0.9083417975707375192, 0.000000000000000000 ) ) ;
#2409 = CARTESIAN_POINT ( 'NONE',  ( -17.52226697299722247, -7.553208842425282121, -26.99634816116374836 ) ) ;
#2410 = ADVANCED_FACE ( 'NONE', ( #11518 ), #6900, .F. ) ;
#2411 = VERTEX_POINT ( 'NONE', #1385 ) ;
#2412 = CARTESIAN_POINT ( 'NONE',  ( 7.865117308978030408, 17.61326165946526245, -33.77951444777792744 ) ) ;
#2413 = EDGE_LOOP ( 'NONE', ( #625, #4999, #1330, #9329 ) ) ;
#2414 = CARTESIAN_POINT ( 'NONE',  ( 17.85733928375348611, 7.859109667189650317, -26.29634816116374907 ) ) ;
#2415 = ORIENTED_EDGE ( 'NONE', *, *, #5145, .F. ) ;
#2416 = CARTESIAN_POINT ( 'NONE',  ( -3.144186300207962859E-15, 0.5375364957382012809, -34.29634816116375617 ) ) ;
#2417 = CARTESIAN_POINT ( 'NONE',  ( 3.067750290711013683, -18.01044623836608949, -34.02662676194078273 ) ) ;
#2418 = CARTESIAN_POINT ( 'NONE',  ( 8.799999999999993605, 0.5375364957382021691, -41.09634816116376044 ) ) ;
#2419 = CARTESIAN_POINT ( 'NONE',  ( -19.28985126212937118, -0.09159254741914016340, -34.02662297194007124 ) ) ;
#2420 = DIRECTION ( 'NONE',  ( -0.9238795325112920676, -0.3826834323650773473, 0.000000000000000000 ) ) ;
#2421 = EDGE_CURVE ( 'NONE', #2161, #1906, #2462, .T. ) ;
#2422 = B_SPLINE_CURVE_WITH_KNOTS ( 'NONE', 3,
 ( #4721, #3871, #4845, #7571, #10477, #3991, #10237, #9570 ),
 .UNSPECIFIED., .F., .F.,
 ( 4, 2, 2, 4 ),
 ( 0.000000000000000000, 0.0002734140155771817783, 0.0005468280311543635567, 0.001093656062308727113 ),
 .UNSPECIFIED. ) ;
#2423 = ORIENTED_EDGE ( 'NONE', *, *, #4506, .T. ) ;
#2424 = CARTESIAN_POINT ( 'NONE',  ( -13.32864793594251829, 13.79542406126976672, -26.29634816116374907 ) ) ;
#2425 = CARTESIAN_POINT ( 'NONE',  ( -13.25788756553123982, 13.86618443168104520, -34.29634816116375617 ) ) ;
#2426 = ORIENTED_EDGE ( 'NONE', *, *, #8964, .T. ) ;
#2427 = VERTEX_POINT ( 'NONE', #2598 ) ;
#2428 = CARTESIAN_POINT ( 'NONE',  ( -18.79557684664591832, 0.9402161011356606757, -26.38468553521233773 ) ) ;
#2429 = ADVANCED_FACE ( 'NONE', ( #528 ), #3258, .T. ) ;
#2430 = FACE_OUTER_BOUND ( 'NONE', #9826, .T. ) ;
#2431 = CARTESIAN_POINT ( 'NONE',  ( -0.7512177223120530822, 19.82294300737611792, -33.77951245282524440 ) ) ;
#2432 = CARTESIAN_POINT ( 'NONE',  ( 14.08484604818958275, -12.65758672713532107, -34.02662297194007834 ) ) ;
#2433 = CARTESIAN_POINT ( 'NONE',  ( 18.79958427485401629, 0.5375364957381999487, -26.29634816116374907 ) ) ;
#2434 = LINE ( 'NONE', #5419, #10020 ) ;
#2435 = CARTESIAN_POINT ( 'NONE',  ( 17.39952757689068363, 7.689967081723703579, -26.99634816116374836 ) ) ;
#2436 = CARTESIAN_POINT ( 'NONE',  ( 2.929189417950685215, 19.10793930813102648, -33.59634816116375333 ) ) ;
#2437 = EDGE_CURVE ( 'NONE', #2101, #5458, #4031, .T. ) ;
#2438 = ORIENTED_EDGE ( 'NONE', *, *, #3754, .F. ) ;
#2439 = ORIENTED_EDGE ( 'NONE', *, *, #6953, .F. ) ;
#2440 = CARTESIAN_POINT ( 'NONE',  ( 0.000000000000000000, 0.5375364957382021691, -38.69634816116376186 ) ) ;
#2441 = ORIENTED_EDGE ( 'NONE', *, *, #5512, .F. ) ;
#2442 = EDGE_LOOP ( 'NONE', ( #8886, #8021, #4106, #1506 ) ) ;
#2443 = DIRECTION ( 'NONE',  ( -0.5229032302633788154, 0.8523920528607267233, 0.000000000000000000 ) ) ;
#2444 = ORIENTED_EDGE ( 'NONE', *, *, #7310, .F. ) ;
#2445 = FACE_OUTER_BOUND ( 'NONE', #10657, .T. ) ;
#2446 = DIRECTION ( 'NONE',  ( 1.000000000000000000, 0.000000000000000000, 0.000000000000000000 ) ) ;
#2447 = DIRECTION ( 'NONE',  ( 0.3826834323650804559, -0.9238795325112906243, 0.000000000000000000 ) ) ;
#2448 = CARTESIAN_POINT ( 'NONE',  ( 16.08584744898867314, 11.20222176291171046, -26.29634816116374907 ) ) ;
#2449 = CARTESIAN_POINT ( 'NONE',  ( 18.44805341594532777, -3.080994098717086960, -26.29634816116374907 ) ) ;
#2450 = CARTESIAN_POINT ( 'NONE',  ( 13.82645686703845911, 14.00428360912261994, -26.29634816116374196 ) ) ;
#2451 = VECTOR ( 'NONE', #9414, 1000.000000000000000 ) ;
#2452 = ORIENTED_EDGE ( 'NONE', *, *, #11447, .T. ) ;
#2453 = EDGE_LOOP ( 'NONE', ( #11292, #7646, #9997, #339 ) ) ;
#2454 = CARTESIAN_POINT ( 'NONE',  ( 15.60715541303844667, 11.89124513711472098, -26.99634816116374836 ) ) ;
#2455 = ORIENTED_EDGE ( 'NONE', *, *, #1970, .T. ) ;
#2456 = DIRECTION ( 'NONE',  ( -0.000000000000000000, -0.000000000000000000, 1.000000000000000000 ) ) ;
#2457 = VERTEX_POINT ( 'NONE', #776 ) ;
#2458 = CARTESIAN_POINT ( 'NONE',  ( 0.2353682975069878447, 1.174598780947015086, -26.29634816116374907 ) ) ;
#2459 = CARTESIAN_POINT ( 'NONE',  ( 0.3551304480341410108, 1.116439730818024278, -33.59634816116375333 ) ) ;
#2460 = CARTESIAN_POINT ( 'NONE',  ( 10.48605614883635617, 16.14096768711506513, -34.29634816116375617 ) ) ;
#2461 = CARTESIAN_POINT ( 'NONE',  ( 19.05263143062886044, -2.545306320483462059, -26.63019525567114698 ) ) ;
#2462 = LINE ( 'NONE', #710, #10818 ) ;
#2463 = ADVANCED_FACE ( 'NONE', ( #8846 ), #11643, .F. ) ;
#2464 = FACE_BOUND ( 'NONE', #3862, .T. ) ;
#2465 = VECTOR ( 'NONE', #7953, 1000.000000000000000 ) ;
#2466 = VECTOR ( 'NONE', #11933, 999.9999999999998863 ) ;
#2467 = EDGE_CURVE ( 'NONE', #5151, #25, #1441, .T. ) ;
#2468 = B_SPLINE_CURVE_WITH_KNOTS ( 'NONE', 3,
 ( #3911, #7607, #7379, #26, #10333, #2026, #1110, #4822 ),
 .UNSPECIFIED., .F., .F.,
 ( 4, 2, 2, 4 ),
 ( 0.000000000000000000, 0.0002734144572333931642, 0.0005468289144667863285, 0.001093657828933583065 ),
 .UNSPECIFIED. ) ;
#2469 = ORIENTED_EDGE ( 'NONE', *, *, #10724, .F. ) ;
#2470 = AXIS2_PLACEMENT_3D ( 'NONE', #6686, #1108, #76 ) ;
#2471 = DIRECTION ( 'NONE',  ( -0.7071067811865462405, 0.7071067811865486830, 0.000000000000000000 ) ) ;
#2472 = ADVANCED_FACE ( 'NONE', ( #5209 ), #10914, .F. ) ;
#2473 = ORIENTED_EDGE ( 'NONE', *, *, #4188, .T. ) ;
#2474 = CARTESIAN_POINT ( 'NONE',  ( -3.025612882145413796, 19.59893463629541444, -26.81318386950226795 ) ) ;
#2475 = ORIENTED_EDGE ( 'NONE', *, *, #5160, .F. ) ;
#2476 = CARTESIAN_POINT ( 'NONE',  ( 13.99600952451438118, 13.82685131836672099, -34.15606879818032127 ) ) ;
#2477 = AXIS2_PLACEMENT_3D ( 'NONE', #8190, #8979, #5386 ) ;
#2478 = DIRECTION ( 'NONE',  ( 0.000000000000000000, 0.000000000000000000, -1.000000000000000000 ) ) ;
#2479 = EDGE_CURVE ( 'NONE', #7680, #1403, #4426, .T. ) ;
#2480 = VECTOR ( 'NONE', #2814, 1000.000000000000000 ) ;
#2481 = CARTESIAN_POINT ( 'NONE',  ( 0.000000000000000000, 0.5375364957382021691, -37.09634816116376044 ) ) ;
#2482 = CARTESIAN_POINT ( 'NONE',  ( -18.94258358435485334, 4.234633620474512306, -26.29634816116374907 ) ) ;
#2483 = CYLINDRICAL_SURFACE ( 'NONE', #5181, 0.6999999999999999556 ) ;
#2484 = AXIS2_PLACEMENT_3D ( 'NONE', #8507, #6735, #6671 ) ;
#2485 = EDGE_CURVE ( 'NONE', #8593, #7851, #8127, .T. ) ;
#2486 = VECTOR ( 'NONE', #1601, 1000.000000000000000 ) ;
#2487 = EDGE_CURVE ( 'NONE', #5322, #8602, #11589, .T. ) ;
#2488 = AXIS2_PLACEMENT_3D ( 'NONE', #2459, #9205, #8055 ) ;
#2489 = EDGE_CURVE ( 'NONE', #10129, #507, #5978, .T. ) ;
#2490 = ADVANCED_FACE ( 'NONE', ( #4358 ), #7940, .F. ) ;
#2491 = VECTOR ( 'NONE', #4756, 999.9999999999998863 ) ;
#2492 = CARTESIAN_POINT ( 'NONE',  ( -4.499179450989223561, -18.23075103011876408, -26.81318386950226795 ) ) ;
#2493 = CARTESIAN_POINT ( 'NONE',  ( 13.32864793594270481, 13.79542406126957843, -34.29634816116375617 ) ) ;
#2494 = EDGE_LOOP ( 'NONE', ( #4618, #8706, #5188, #4366 ) ) ;
#2495 = ADVANCED_FACE ( 'NONE', ( #9753 ), #7999, .F. ) ;
#2496 = EDGE_CURVE ( 'NONE', #10453, #7393, #3259, .T. ) ;
#2497 = ORIENTED_EDGE ( 'NONE', *, *, #3893, .T. ) ;
#2498 = DIRECTION ( 'NONE',  ( -0.000000000000000000, -0.000000000000000000, 1.000000000000000000 ) ) ;
#2499 = EDGE_CURVE ( 'NONE', #7553, #4571, #929, .T. ) ;
#2500 = DIRECTION ( 'NONE',  ( -0.9380269381538446360, 0.3465623512410477280, 0.000000000000000000 ) ) ;
#2501 = CARTESIAN_POINT ( 'NONE',  ( -0.6739792564868316571, -18.25073040016575021, -26.63019140205944169 ) ) ;
#2502 = DIRECTION ( 'NONE',  ( -0.000000000000000000, 1.334402673828313339E-16, -1.000000000000000000 ) ) ;
#2503 = CARTESIAN_POINT ( 'NONE',  ( 8.074651695274543073, -14.76246350426184328, -45.29634816116374907 ) ) ;
#2504 = AXIS2_PLACEMENT_3D ( 'NONE', #2259, #2663, #6377 ) ;
#2505 = CARTESIAN_POINT ( 'NONE',  ( -17.64212122275933226, 7.033348225016254673, -26.99634816116374836 ) ) ;
#2506 = FACE_OUTER_BOUND ( 'NONE', #1526, .T. ) ;
#2507 = AXIS2_PLACEMENT_3D ( 'NONE', #3820, #2909, #9469 ) ;
#2508 = EDGE_CURVE ( 'NONE', #11408, #509, #5780, .T. ) ;
#2509 = AXIS2_PLACEMENT_3D ( 'NONE', #1873, #3468, #3700 ) ;
#2510 = LINE ( 'NONE', #7189, #7510 ) ;
#2511 = ORIENTED_EDGE ( 'NONE', *, *, #4709, .F. ) ;
#2512 = ORIENTED_EDGE ( 'NONE', *, *, #11059, .F. ) ;
#2513 = CIRCLE ( 'NONE', #162, 19.30000000000008598 ) ;
#2514 = LINE ( 'NONE', #6881, #8123 ) ;
#2515 = VERTEX_POINT ( 'NONE', #6246 ) ;
#2516 = ORIENTED_EDGE ( 'NONE', *, *, #6278, .F. ) ;
#2517 = LINE ( 'NONE', #2267, #2097 ) ;
#2518 = ORIENTED_EDGE ( 'NONE', *, *, #11447, .F. ) ;
#2519 = CARTESIAN_POINT ( 'NONE',  ( -6.495811729277623847, 18.17965771849769396, -33.59634816116375333 ) ) ;
#2520 = CYLINDRICAL_SURFACE ( 'NONE', #9500, 10.39999999999998792 ) ;
#2522 = B_SPLINE_CURVE_WITH_KNOTS ( 'NONE', 3,
 ( #7377, #8349, #11872, #2588, #11814, #10959, #3555, #939 ),
 .UNSPECIFIED., .F., .F.,
 ( 4, 2, 2, 4 ),
 ( 0.000000000000000000, 0.0002734140155771817241, 0.0005468280311543634482, 0.001093656062308726896 ),
 .UNSPECIFIED. ) ;
#2521 = DIRECTION ( 'NONE',  ( 0.9876139742652855213, -0.1569032754149120301, 0.000000000000000000 ) ) ;
#2523 = CARTESIAN_POINT ( 'NONE',  ( 18.78503423634786529, 1.287536495738132558, -26.99634816116374836 ) ) ;
#2524 = LINE ( 'NONE', #4161, #2860 ) ;
#2525 = ADVANCED_FACE ( 'NONE', ( #9938 ), #5333, .F. ) ;
#2526 = CARTESIAN_POINT ( 'NONE',  ( 13.14836500474456038, 14.66648486293543030, -26.63019525567114698 ) ) ;
#2527 = ORIENTED_EDGE ( 'NONE', *, *, #3025, .F. ) ;
#2528 = ORIENTED_EDGE ( 'NONE', *, *, #6249, .T. ) ;
#2529 = VECTOR ( 'NONE', #4541, 1000.000000000000227 ) ;
#2530 = DIRECTION ( 'NONE',  ( 1.000000000000000000, 0.000000000000000000, 0.000000000000000000 ) ) ;
#2531 = ORIENTED_EDGE ( 'NONE', *, *, #564, .T. ) ;
#2532 = CARTESIAN_POINT ( 'NONE',  ( -14.18035528873435425, 13.62980611888861127, -33.59634816116375333 ) ) ;
#2533 = ORIENTED_EDGE ( 'NONE', *, *, #5389, .T. ) ;
#2534 = LINE ( 'NONE', #11568, #6935 ) ;
#2535 = DIRECTION ( 'NONE',  ( 0.000000000000000000, 0.000000000000000000, 1.000000000000000000 ) ) ;
#2536 = LINE ( 'NONE', #6244, #9703 ) ;
#2537 = CARTESIAN_POINT ( 'NONE',  ( 6.981632217273232577, 18.53096506993701098, -34.22032890332828003 ) ) ;
#2538 = DIRECTION ( 'NONE',  ( 0.7071067811865413555, -0.7071067811865536790, 0.000000000000000000 ) ) ;
#2539 = AXIS2_PLACEMENT_3D ( 'NONE', #2, #2903, #4729 ) ;
#2540 = CARTESIAN_POINT ( 'NONE',  ( -19.28465801595086759, 1.306929248384927522, -34.29634816116375617 ) ) ;
#2541 = B_SPLINE_CURVE_WITH_KNOTS ( 'NONE', 3,
 ( #6126, #422, #8676, #6854, #3151, #4125, #1451, #5224 ),
 .UNSPECIFIED., .F., .F.,
 ( 4, 2, 2, 4 ),
 ( 0.000000000000000000, 0.0002734115678465712934, 0.0005468231356931425868, 0.001093646271386294064 ),
 .UNSPECIFIED. ) ;
#2542 = ORIENTED_EDGE ( 'NONE', *, *, #8584, .F. ) ;
#2543 = CARTESIAN_POINT ( 'NONE',  ( 7.753965944771270991, 17.66397125251451783, -34.02662676194078273 ) ) ;
#2544 = ORIENTED_EDGE ( 'NONE', *, *, #5675, .T. ) ;
#2545 = EDGE_CURVE ( 'NONE', #4240, #11844, #4464, .T. ) ;
#2546 = AXIS2_PLACEMENT_3D ( 'NONE', #11526, #423, #232 ) ;
#2547 = CARTESIAN_POINT ( 'NONE',  ( 7.620479498464337809, 18.27034449462567522, -26.29634816116374907 ) ) ;
#2548 = ORIENTED_EDGE ( 'NONE', *, *, #6932, .T. ) ;
#2549 = CYLINDRICAL_SURFACE ( 'NONE', #12016, 0.6999999999999999556 ) ;
#2550 = DIRECTION ( 'NONE',  ( 0.1569032754149203290, 0.9876139742652844111, 0.000000000000000000 ) ) ;
#2551 = DIRECTION ( 'NONE',  ( -0.000000000000000000, -0.000000000000000000, -1.000000000000000000 ) ) ;
#2552 = CARTESIAN_POINT ( 'NONE',  ( -0.1048681680489871731, 0.01032861303863893618, -34.29634816116375617 ) ) ;
#2553 = DIRECTION ( 'NONE',  ( 0.000000000000000000, 0.000000000000000000, -1.000000000000000000 ) ) ;
#2554 = CARTESIAN_POINT ( 'NONE',  ( 15.60715541303844667, 11.89124513711472098, -33.59634816116375333 ) ) ;
#2555 = CARTESIAN_POINT ( 'NONE',  ( -4.516859228947537552, -18.22647114404586688, -26.99634816116374836 ) ) ;
#2556 = CARTESIAN_POINT ( 'NONE',  ( 0.4997086159320573984, -18.75610137700095947, -26.43662752414719108 ) ) ;
#2557 = ORIENTED_EDGE ( 'NONE', *, *, #5010, .T. ) ;
#2558 = ORIENTED_EDGE ( 'NONE', *, *, #5928, .F. ) ;
#2559 = CARTESIAN_POINT ( 'NONE',  ( -18.08510766236690159, 7.278127352741370792, -26.63019525567115053 ) ) ;
#2560 = CARTESIAN_POINT ( 'NONE',  ( -18.28202816129765651, 4.920219060178283144, -33.77951444777792034 ) ) ;
#2561 = CYLINDRICAL_SURFACE ( 'NONE', #3876, 19.33712077059222167 ) ;
#2562 = CYLINDRICAL_SURFACE ( 'NONE', #2844, 0.6999999999999999556 ) ;
#2563 = CARTESIAN_POINT ( 'NONE',  ( 9.812803638742101597, 16.57339930408909012, -26.99634816116374836 ) ) ;
#2564 = CARTESIAN_POINT ( 'NONE',  ( 10.85686969200498808, -15.41949728963606780, -26.29634816116374907 ) ) ;
#2565 = EDGE_CURVE ( 'NONE', #6772, #5795, #31, .T. ) ;
#2566 = CARTESIAN_POINT ( 'NONE',  ( 3.271892909798831628, 19.05052049750256415, -34.20801078711517818 ) ) ;
#2567 = B_SPLINE_CURVE_WITH_KNOTS ( 'NONE', 3,
 ( #1454, #5287, #1018, #6539, #5461, #8427, #2774, #1764 ),
 .UNSPECIFIED., .F., .F.,
 ( 4, 2, 2, 4 ),
 ( 0.000000000000000000, 0.0002734144572333957121, 0.0005468289144667914242, 0.001093657828933582848 ),
 .UNSPECIFIED. ) ;
#2568 = EDGE_CURVE ( 'NONE', #3628, #8919, #8411, .T. ) ;
#2569 = ORIENTED_EDGE ( 'NONE', *, *, #657, .T. ) ;
#2570 = ORIENTED_EDGE ( 'NONE', *, *, #4689, .T. ) ;
#2571 = FACE_OUTER_BOUND ( 'NONE', #6687, .T. ) ;
#2572 = VERTEX_POINT ( 'NONE', #9262 ) ;
#2573 = ORIENTED_EDGE ( 'NONE', *, *, #3318, .T. ) ;
#2574 = EDGE_CURVE ( 'NONE', #7036, #404, #2813, .T. ) ;
#2575 = CARTESIAN_POINT ( 'NONE',  ( 0.7499999999999936717, -18.24749774060966701, -34.29634816116375617 ) ) ;
#2576 = ORIENTED_EDGE ( 'NONE', *, *, #1072, .F. ) ;
#2577 = CARTESIAN_POINT ( 'NONE',  ( -7.148038225217703712, 17.92517543929255197, -34.29634816116375617 ) ) ;
#2578 = CARTESIAN_POINT ( 'NONE',  ( 6.977030442777913954, -16.92041833971033071, -34.29634816116377038 ) ) ;
#2579 = CARTESIAN_POINT ( 'NONE',  ( -10.66468526717368981, -15.54831095325035584, -26.29634816116374907 ) ) ;
#2580 = CYLINDRICAL_SURFACE ( 'NONE', #6146, 11.19999999999998863 ) ;
#2581 = CARTESIAN_POINT ( 'NONE',  ( 18.57040281239281398, -2.391652922212550436, -26.90389799132447024 ) ) ;
#2582 = EDGE_CURVE ( 'NONE', #7380, #8233, #3565, .T. ) ;
#2583 = AXIS2_PLACEMENT_3D ( 'NONE', #1142, #2235, #8739 ) ;
#2584 = DIRECTION ( 'NONE',  ( -0.000000000000000000, -0.000000000000000000, 1.000000000000000000 ) ) ;
#2585 = B_SPLINE_CURVE_WITH_KNOTS ( 'NONE', 3,
 ( #1224, #2139, #5053, #436, #1408, #305, #4015, #6996 ),
 .UNSPECIFIED., .F., .F.,
 ( 4, 2, 2, 4 ),
 ( 0.000000000000000000, 0.0002734115678465737871, 0.0005468231356931475742, 0.001093646271386293414 ),
 .UNSPECIFIED. ) ;
#2586 = ORIENTED_EDGE ( 'NONE', *, *, #2823, .F. ) ;
#2587 = VERTEX_POINT ( 'NONE', #5624 ) ;
#2588 = CARTESIAN_POINT ( 'NONE',  ( -10.98836408587603053, 15.79183409056964393, -26.64369750929288472 ) ) ;
#2589 = ORIENTED_EDGE ( 'NONE', *, *, #8326, .F. ) ;
#2590 = DIRECTION ( 'NONE',  ( -0.000000000000000000, -0.000000000000000000, 1.000000000000000000 ) ) ;
#2591 = VERTEX_POINT ( 'NONE', #2649 ) ;
#2592 = FACE_OUTER_BOUND ( 'NONE', #5065, .T. ) ;
#2593 = AXIS2_PLACEMENT_3D ( 'NONE', #8579, #6572, #7473 ) ;
#2594 = FACE_OUTER_BOUND ( 'NONE', #3652, .T. ) ;
#2595 = CARTESIAN_POINT ( 'NONE',  ( 19.28465801595086404, -0.2318562569083902902, -33.59634816116375333 ) ) ;
#2596 = CARTESIAN_POINT ( 'NONE',  ( -17.21074993682243814, -7.027246810804145483, -34.20801078711517107 ) ) ;
#2597 = EDGE_CURVE ( 'NONE', #1566, #4240, #4531, .T. ) ;
#2598 = CARTESIAN_POINT ( 'NONE',  ( -17.52226697299705194, 8.628281833902057940, -33.59634816116375333 ) ) ;
#2599 = CYLINDRICAL_SURFACE ( 'NONE', #2087, 1.699999999999998401 ) ;
#2600 = VERTEX_POINT ( 'NONE', #10163 ) ;
#2601 = DIRECTION ( 'NONE',  ( 0.000000000000000000, 0.000000000000000000, 1.000000000000000000 ) ) ;
#2602 = ORIENTED_EDGE ( 'NONE', *, *, #10007, .T. ) ;
#2603 = FACE_OUTER_BOUND ( 'NONE', #7818, .T. ) ;
#2604 = ORIENTED_EDGE ( 'NONE', *, *, #8930, .T. ) ;
#2605 = CARTESIAN_POINT ( 'NONE',  ( 10.07425525387368204, -15.92452233904311676, -33.59634816116375333 ) ) ;
#2606 = CARTESIAN_POINT ( 'NONE',  ( -19.31180786965600404, 0.6074559569407225190, -34.29634816116375617 ) ) ;
#2607 = CARTESIAN_POINT ( 'NONE',  ( -0.7693927526465275113, -18.74712152021266931, -34.29634816116375617 ) ) ;
#2608 = FACE_OUTER_BOUND ( 'NONE', #1696, .T. ) ;
#2609 = CARTESIAN_POINT ( 'NONE',  ( 15.80162833872435968, 11.61973853851315930, -34.22032890332829425 ) ) ;
#2610 = CARTESIAN_POINT ( 'NONE',  ( -4.400367338555660091, -17.74023083363039532, -26.99634816116374836 ) ) ;
#2611 = VERTEX_POINT ( 'NONE', #889 ) ;
#2612 = ORIENTED_EDGE ( 'NONE', *, *, #7994, .F. ) ;
#2613 = CARTESIAN_POINT ( 'NONE',  ( 3.025612882145540805, -18.52386164481897879, -26.81318386950226085 ) ) ;
#2614 = PLANE ( 'NONE',  #10991 ) ;
#2615 = DIRECTION ( 'NONE',  ( 0.5229032302633908058, 0.8523920528607193958, 0.000000000000000000 ) ) ;
#2616 = CARTESIAN_POINT ( 'NONE',  ( 15.39669517412661293, 11.32582458737650377, -26.37236415740902729 ) ) ;
#2617 = CARTESIAN_POINT ( 'NONE',  ( 0.1065610753027036728, 1.208275884724076432, -26.29634816116374907 ) ) ;
#2618 = CARTESIAN_POINT ( 'NONE',  ( -3.184843881676169275E-15, 0.5375364957382012809, -26.29634816116374907 ) ) ;
#2619 = EDGE_CURVE ( 'NONE', #7822, #10291, #6521, .T. ) ;
#2620 = DIRECTION ( 'NONE',  ( -0.000000000000000000, -0.000000000000000000, 1.000000000000000000 ) ) ;
#2621 = EDGE_CURVE ( 'NONE', #1340, #9495, #1399, .T. ) ;
#2622 = ORIENTED_EDGE ( 'NONE', *, *, #11790, .F. ) ;
#2623 = VERTEX_POINT ( 'NONE', #7487 ) ;
#2624 = CYLINDRICAL_SURFACE ( 'NONE', #6733, 0.7000000000000002887 ) ;
#2625 = EDGE_CURVE ( 'NONE', #8825, #10540, #11193, .T. ) ;
#2626 = ORIENTED_EDGE ( 'NONE', *, *, #6878, .F. ) ;
#2627 = EDGE_LOOP ( 'NONE', ( #10859, #11827, #11498, #5493, #4782, #11552, #10855, #5235 ) ) ;
#2628 = FACE_OUTER_BOUND ( 'NONE', #1965, .T. ) ;
#2629 = LINE ( 'NONE', #11737, #11987 ) ;
#2630 = DIRECTION ( 'NONE',  ( -0.5229032302633759288, 0.8523920528607283886, 0.000000000000000000 ) ) ;
#2631 = CARTESIAN_POINT ( 'NONE',  ( -0.1065610753027051855, -0.1332028932476730099, -26.29634816116374907 ) ) ;
#2632 = EDGE_CURVE ( 'NONE', #9648, #8848, #4806, .T. ) ;
#2633 = DIRECTION ( 'NONE',  ( -0.000000000000000000, -0.000000000000000000, 1.000000000000000000 ) ) ;
#2634 = CARTESIAN_POINT ( 'NONE',  ( 0.4469452617099060054, 0.2388972195443856694, -34.29634816116375617 ) ) ;
#2635 = CARTESIAN_POINT ( 'NONE',  ( 10.40947807574449513, -15.13229405142838502, -26.99634816116374836 ) ) ;
#2636 = EDGE_CURVE ( 'NONE', #6629, #11254, #2709, .T. ) ;
#2637 = ORIENTED_EDGE ( 'NONE', *, *, #8013, .F. ) ;
#2638 = ORIENTED_EDGE ( 'NONE', *, *, #3695, .T. ) ;
#2639 = DIRECTION ( 'NONE',  ( 0.8314696123025483443, 0.5555702330195977368, 0.000000000000000000 ) ) ;
#2640 = ORIENTED_EDGE ( 'NONE', *, *, #6179, .F. ) ;
#2641 = CARTESIAN_POINT ( 'NONE',  ( 10.19376547901222274, 16.92598701514109294, -34.02662297194007124 ) ) ;
#2642 = ORIENTED_EDGE ( 'NONE', *, *, #3588, .F. ) ;
#2643 = FACE_OUTER_BOUND ( 'NONE', #1420, .T. ) ;
#2644 = ADVANCED_FACE ( 'NONE', ( #6420 ), #5679, .F. ) ;
#2645 = DIRECTION ( 'NONE',  ( -0.5874011683613209467, -0.8092959084338404718, 0.000000000000000000 ) ) ;
#2646 = ADVANCED_FACE ( 'NONE', ( #9376 ), #11881, .F. ) ;
#2647 = CARTESIAN_POINT ( 'NONE',  ( -19.00973876702706988, 3.874674832914294598, -34.22032890332829425 ) ) ;
#2648 = CARTESIAN_POINT ( 'NONE',  ( -19.30000000000008598, 0.5375364957382036124, -45.29634816116371354 ) ) ;
#2649 = CARTESIAN_POINT ( 'NONE',  ( -7.148038225218080299, -16.85010244781599198, -34.29634816116375617 ) ) ;
#2650 = AXIS2_PLACEMENT_3D ( 'NONE', #6102, #4099, #1486 ) ;
#2651 = FACE_BOUND ( 'NONE', #3414, .T. ) ;
#2652 = ORIENTED_EDGE ( 'NONE', *, *, #3676, .F. ) ;
#2653 = CARTESIAN_POINT ( 'NONE',  ( -6.495811729277623847, 18.17965771849769396, -34.29634816116375617 ) ) ;
#2654 = EDGE_LOOP ( 'NONE', ( #5670, #8047, #10388, #6513 ) ) ;
#2655 = VERTEX_POINT ( 'NONE', #7384 ) ;
#2656 = VECTOR ( 'NONE', #8992, 1000.000000000000114 ) ;
#2657 = CYLINDRICAL_SURFACE ( 'NONE', #8136, 0.6999999999999995115 ) ;
#2658 = EDGE_LOOP ( 'NONE', ( #1720, #8133, #8543, #8822 ) ) ;
#2659 = CARTESIAN_POINT ( 'NONE',  ( -3.198396408832238080E-15, 0.5375364957382012809, -26.29634816116374907 ) ) ;
#2660 = CARTESIAN_POINT ( 'NONE',  ( -0.2057063112105980140, 0.04091752934783543516, -34.29634816116375617 ) ) ;
#2661 = DIRECTION ( 'NONE',  ( 0.9876139742652865205, 0.1569032754149070341, 0.000000000000000000 ) ) ;
#2662 = VECTOR ( 'NONE', #1164, 1000.000000000000114 ) ;
#2663 = DIRECTION ( 'NONE',  ( 0.000000000000000000, 0.000000000000000000, 1.000000000000000000 ) ) ;
#2664 = EDGE_CURVE ( 'NONE', #5992, #2591, #4580, .T. ) ;
#2665 = CIRCLE ( 'NONE', #10613, 19.33712077059222523 ) ;
#2666 = VECTOR ( 'NONE', #4057, 1000.000000000000114 ) ;
#2667 = AXIS2_PLACEMENT_3D ( 'NONE', #6767, #1121, #6889 ) ;
#2668 = CARTESIAN_POINT ( 'NONE',  ( 0.2526191454087157173, -18.76099624616207961, -26.31451759764529186 ) ) ;
#2669 = EDGE_LOOP ( 'NONE', ( #11797, #11507, #9203, #10093 ) ) ;
#2670 = EDGE_LOOP ( 'NONE', ( #2512, #8164, #8135, #4078 ) ) ;
#2671 = CARTESIAN_POINT ( 'NONE',  ( 11.08220204277501431, 16.33916483446251178, -26.37236741899921455 ) ) ;
#2672 = VECTOR ( 'NONE', #1131, 1000.000000000000000 ) ;
#2673 = PLANE ( 'NONE',  #8539 ) ;
#2674 = CARTESIAN_POINT ( 'NONE',  ( 14.18035528873443951, -12.55473312741210989, -26.99634816116374836 ) ) ;
#2675 = CARTESIAN_POINT ( 'NONE',  ( 0.7693927526465210720, 19.82219451168907298, -26.99634816116374836 ) ) ;
#2676 = CARTESIAN_POINT ( 'NONE',  ( -17.52226697299722247, -7.553208842425280345, -26.81145002369893149 ) ) ;
#2677 = AXIS2_PLACEMENT_3D ( 'NONE', #7215, #9995, #1687 ) ;
#2678 = AXIS2_PLACEMENT_3D ( 'NONE', #8966, #8177, #2337 ) ;
#2679 = CARTESIAN_POINT ( 'NONE',  ( 18.57040281239283175, 3.466725913688820437, -34.29634816116375617 ) ) ;
#2680 = VECTOR ( 'NONE', #6763, 1000.000000000000000 ) ;
#2681 = AXIS2_PLACEMENT_3D ( 'NONE', #8353, #10110, #11134 ) ;
#2682 = ORIENTED_EDGE ( 'NONE', *, *, #1388, .F. ) ;
#2683 = ORIENTED_EDGE ( 'NONE', *, *, #10939, .F. ) ;
#2684 = DIRECTION ( 'NONE',  ( -0.000000000000000000, -0.000000000000000000, 1.000000000000000000 ) ) ;
#2685 = ORIENTED_EDGE ( 'NONE', *, *, #1452, .F. ) ;
#2686 = ORIENTED_EDGE ( 'NONE', *, *, #10732, .T. ) ;
#2687 = AXIS2_PLACEMENT_3D ( 'NONE', #6955, #10773, #582 ) ;
#2688 = CARTESIAN_POINT ( 'NONE',  ( -18.79836378309494904, 0.3043353355907729152, -34.27817972094532450 ) ) ;
#2689 = EDGE_CURVE ( 'NONE', #10590, #941, #4159, .T. ) ;
#2690 = VECTOR ( 'NONE', #3349, 1000.000000000000000 ) ;
#2691 = CARTESIAN_POINT ( 'NONE',  ( -18.57040281239279977, 3.466725913689079785, -33.59634816116375333 ) ) ;
#2692 = CARTESIAN_POINT ( 'NONE',  ( -0.4612451346027846566, 1.036033754017589681, -26.29634816116374907 ) ) ;
#2693 = FACE_OUTER_BOUND ( 'NONE', #4406, .T. ) ;
#2694 = AXIS2_PLACEMENT_3D ( 'NONE', #3582, #10984, #6442 ) ;
#2695 = CARTESIAN_POINT ( 'NONE',  ( 18.39166320469695037, -3.358562613327941371, -26.31451660138218074 ) ) ;
#2696 = DIRECTION ( 'NONE',  ( 3.493063737212117561E-15, 1.000000000000000000, 0.000000000000000000 ) ) ;
#2697 = DIRECTION ( 'NONE',  ( 0.000000000000000000, 0.000000000000000000, 1.000000000000000000 ) ) ;
#2698 = AXIS2_PLACEMENT_3D ( 'NONE', #722, #1759, #8248 ) ;
#2699 = ORIENTED_EDGE ( 'NONE', *, *, #4434, .F. ) ;
#2700 = ORIENTED_EDGE ( 'NONE', *, *, #3005, .T. ) ;
#2701 = CARTESIAN_POINT ( 'NONE',  ( -7.151839091316612773, 18.46372906512503320, -34.27817872468220628 ) ) ;
#2702 = ORIENTED_EDGE ( 'NONE', *, *, #226, .F. ) ;
#2703 = CARTESIAN_POINT ( 'NONE',  ( -11.06000805719570756, 15.74004395455983563, -33.59634816116375333 ) ) ;
#2704 = ORIENTED_EDGE ( 'NONE', *, *, #265, .F. ) ;
#2705 = LINE ( 'NONE', #7319, #1333 ) ;
#2706 = CARTESIAN_POINT ( 'NONE',  ( -7.801259921233174133, 17.64245052758331056, -26.64369750929288472 ) ) ;
#2707 = FACE_OUTER_BOUND ( 'NONE', #64, .T. ) ;
#2708 = B_SPLINE_CURVE_WITH_KNOTS ( 'NONE', 3,
 ( #1059, #1977, #4758, #8464, #140, #11256, #2941, #6641 ),
 .UNSPECIFIED., .F., .F.,
 ( 4, 2, 2, 4 ),
 ( 0.000000000000000000, 0.0002734111411466477975, 0.0005468222822932955951, 0.001093644564586585986 ),
 .UNSPECIFIED. ) ;
#2709 = LINE ( 'NONE', #1060, #3451 ) ;
#2710 = ADVANCED_FACE ( 'NONE', ( #210 ), #9429, .F. ) ;
#2711 = CARTESIAN_POINT ( 'NONE',  ( -17.64212122275933226, 7.033348225016254673, -33.59634816116375333 ) ) ;
#2712 = EDGE_CURVE ( 'NONE', #7136, #5795, #10463, .T. ) ;
#2713 = ADVANCED_FACE ( 'NONE', ( #7673 ), #4039, .F. ) ;
#2714 = VECTOR ( 'NONE', #7280, 1000.000000000000000 ) ;
#2715 = ORIENTED_EDGE ( 'NONE', *, *, #7774, .F. ) ;
#2716 = EDGE_CURVE ( 'NONE', #8071, #2587, #328, .T. ) ;
#2717 = CARTESIAN_POINT ( 'NONE',  ( 18.96029297893645804, 4.143897111323591176, -34.29634816116374196 ) ) ;
#2718 = VERTEX_POINT ( 'NONE', #6830 ) ;
#2719 = ORIENTED_EDGE ( 'NONE', *, *, #1525, .T. ) ;
#2720 = CARTESIAN_POINT ( 'NONE',  ( 0.6370622852088140275, 0.3021681982312162673, -26.29634816116374907 ) ) ;
#2721 = VERTEX_POINT ( 'NONE', #7745 ) ;
#2722 = CARTESIAN_POINT ( 'NONE',  ( -10.07425525387357013, 16.99959533051958971, -33.59634816116375333 ) ) ;
#2723 = CARTESIAN_POINT ( 'NONE',  ( 4.799999999999996270, 0.5375364957382021691, -26.19634816116376541 ) ) ;
#2724 = ADVANCED_FACE ( 'NONE', ( #7801 ), #3917, .F. ) ;
#2725 = VECTOR ( 'NONE', #189, 1000.000000000000114 ) ;
#2726 = CARTESIAN_POINT ( 'NONE',  ( 0.06945629112694241825, 19.83741151667101121, -34.29634816116375617 ) ) ;
#2727 = CARTESIAN_POINT ( 'NONE',  ( 18.46057051960239193, 4.158055695674518049, -26.99634816116374836 ) ) ;
#2728 = ADVANCED_FACE ( 'NONE', ( #11374 ), #4829, .F. ) ;
#2729 = VECTOR ( 'NONE', #6969, 1000.000000000000114 ) ;
#2730 = FACE_OUTER_BOUND ( 'NONE', #5553, .T. ) ;
#2731 = VERTEX_POINT ( 'NONE', #10522 ) ;
#2732 = ORIENTED_EDGE ( 'NONE', *, *, #8146, .T. ) ;
#2733 = CARTESIAN_POINT ( 'NONE',  ( 3.337138337175752145, -18.47220227128892489, -26.37236741899921810 ) ) ;
#2734 = CARTESIAN_POINT ( 'NONE',  ( 6.808232438217409310, 18.06161573832217826, -26.37236415740902018 ) ) ;
#2735 = DIRECTION ( 'NONE',  ( -0.000000000000000000, -0.000000000000000000, 1.000000000000000000 ) ) ;
#2736 = DIRECTION ( 'NONE',  ( 0.9083417975707360759, 0.4182286202377403228, 0.000000000000000000 ) ) ;
#2737 = CARTESIAN_POINT ( 'NONE',  ( 4.516859228947263993, -18.22647114404592728, -26.99634816116374836 ) ) ;
#2738 = CARTESIAN_POINT ( 'NONE',  ( -3.171291354520100469E-15, 0.5375364957382012809, -34.29634816116375617 ) ) ;
#2739 = ORIENTED_EDGE ( 'NONE', *, *, #9024, .T. ) ;
#2740 = ORIENTED_EDGE ( 'NONE', *, *, #7758, .T. ) ;
#2741 = CARTESIAN_POINT ( 'NONE',  ( -4.014554898955005058, 19.41629536053647698, -34.29634816116376328 ) ) ;
#2742 = VERTEX_POINT ( 'NONE', #2217 ) ;
#2743 = VERTEX_POINT ( 'NONE', #8536 ) ;
#2744 = DIRECTION ( 'NONE',  ( -1.000000000000000000, 0.000000000000000000, 0.000000000000000000 ) ) ;
#2745 = CARTESIAN_POINT ( 'NONE',  ( 13.09226962315025844, 14.71789178447269109, -26.99634816116374836 ) ) ;
#2746 = CARTESIAN_POINT ( 'NONE',  ( -3.620519199936516053, -17.92303402386415812, -34.29634816116375617 ) ) ;
#2747 = CARTESIAN_POINT ( 'NONE',  ( -6.495811729278003099, -17.10458472702114463, -26.99634816116374836 ) ) ;
#2748 = CARTESIAN_POINT ( 'NONE',  ( -17.51894756389597418, 7.358264911108413742, -34.20801078711517107 ) ) ;
#2749 = CARTESIAN_POINT ( 'NONE',  ( -0.5375364957382043896, 0.5375364957381999487, -26.29634816116374907 ) ) ;
#2750 = CARTESIAN_POINT ( 'NONE',  ( 0.5375364957381981723, 0.5375364957381987274, -26.29634816116374907 ) ) ;
#2751 = ADVANCED_FACE ( 'NONE', ( #5798 ), #8717, .F. ) ;
#2752 = ORIENTED_EDGE ( 'NONE', *, *, #10928, .T. ) ;
#2753 = ORIENTED_EDGE ( 'NONE', *, *, #10267, .F. ) ;
#2754 = CARTESIAN_POINT ( 'NONE',  ( -17.66003484619605857, 8.324052372765814667, -26.37236741899921455 ) ) ;
#2755 = ORIENTED_EDGE ( 'NONE', *, *, #4672, .F. ) ;
#2756 = DIRECTION ( 'NONE',  ( 0.9724806208309290101, -0.2329837807837510377, 0.000000000000000000 ) ) ;
#2757 = ORIENTED_EDGE ( 'NONE', *, *, #5825, .T. ) ;
#2758 = CYLINDRICAL_SURFACE ( 'NONE', #760, 19.33712077059222167 ) ;
#2759 = CARTESIAN_POINT ( 'NONE',  ( -0.5272078826995645340, 0.4326683276892129282, -34.29634816116375617 ) ) ;
#2760 = DIRECTION ( 'NONE',  ( 0.000000000000000000, 0.000000000000000000, -1.000000000000000000 ) ) ;
#2761 = AXIS2_PLACEMENT_3D ( 'NONE', #2199, #4988, #11357 ) ;
#2762 = CARTESIAN_POINT ( 'NONE',  ( 7.199999999999994849, 0.5375364957382021691, -21.29634816116374907 ) ) ;
#2763 = CARTESIAN_POINT ( 'NONE',  ( -15.20250745882137267, 11.59754455293428421, -26.99634816116374836 ) ) ;
#2764 = EDGE_LOOP ( 'NONE', ( #8099, #5106, #3327, #3096 ) ) ;
#2765 = AXIS2_PLACEMENT_3D ( 'NONE', #4363, #9942, #11088 ) ;
#2766 = CARTESIAN_POINT ( 'NONE',  ( 19.06420979952547157, 3.545177551396273330, -33.78124629862856665 ) ) ;
#2767 = VERTEX_POINT ( 'NONE', #6643 ) ;
#2768 = ORIENTED_EDGE ( 'NONE', *, *, #10340, .T. ) ;
#2769 = B_SPLINE_CURVE_WITH_KNOTS ( 'NONE', 3,
 ( #11159, #6550, #3583, #7288, #6493, #2734, #6443, #1942 ),
 .UNSPECIFIED., .F., .F.,
 ( 4, 2, 2, 4 ),
 ( 0.000000000000000000, 0.0002734140155771806941, 0.0005468280311543613883, 0.001093656062308727113 ),
 .UNSPECIFIED. ) ;
#2770 = CARTESIAN_POINT ( 'NONE',  ( 4.400367338555391861, -17.74023083363045572, -33.59634816116375333 ) ) ;
#2771 = EDGE_CURVE ( 'NONE', #9394, #9342, #7559, .T. ) ;
#2772 = DIRECTION ( 'NONE',  ( 0.000000000000000000, 0.000000000000000000, 1.000000000000000000 ) ) ;
#2773 = CARTESIAN_POINT ( 'NONE',  ( 12.75269500745304896, -13.27581868349481375, -26.99634816116374836 ) ) ;
#2774 = CARTESIAN_POINT ( 'NONE',  ( 18.27776732936863979, 4.937903834293662975, -33.78124828719859352 ) ) ;
#2775 = ADVANCED_FACE ( 'NONE', ( #5733 ), #6765, .F. ) ;
#2776 = VECTOR ( 'NONE', #1777, 1000.000000000000114 ) ;
#2777 = CARTESIAN_POINT ( 'NONE',  ( -14.00000000000000000, 0.5375364957381987274, -21.29634816116374907 ) ) ;
#2778 = B_SPLINE_CURVE_WITH_KNOTS ( 'NONE', 3,
 ( #214, #4895, #9561, #6771, #1252, #3921, #4047, #2945 ),
 .UNSPECIFIED., .F., .F.,
 ( 4, 2, 2, 4 ),
 ( 0.000000000000000000, 0.0002734144572333956579, 0.0005468289144667913158, 0.001093657828933583499 ),
 .UNSPECIFIED. ) ;
#2779 = B_SPLINE_CURVE_WITH_KNOTS ( 'NONE', 3,
 ( #4059, #7762, #4360, #5212, #8918, #8000, #6247, #7942 ),
 .UNSPECIFIED., .F., .F.,
 ( 4, 2, 2, 4 ),
 ( 0.000000000000000000, 0.0002734144572333960374, 0.0005468289144667920747, 0.001093657828933584149 ),
 .UNSPECIFIED. ) ;
#2780 = CARTESIAN_POINT ( 'NONE',  ( 0.7693927526465138556, -18.74712152021267286, -26.81145002369893149 ) ) ;
#2781 = ORIENTED_EDGE ( 'NONE', *, *, #9182, .T. ) ;
#2782 = ORIENTED_EDGE ( 'NONE', *, *, #6793, .F. ) ;
#2783 = CARTESIAN_POINT ( 'NONE',  ( 14.18035528873443951, -12.55473312741210989, -34.29634816116375617 ) ) ;
#2784 = EDGE_CURVE ( 'NONE', #2427, #6050, #10393, .T. ) ;
#2785 = CARTESIAN_POINT ( 'NONE',  ( -3.618530594454960170, 18.98558991168359711, -26.29634816116374907 ) ) ;
#2786 = FACE_BOUND ( 'NONE', #11142, .T. ) ;
#2787 = DIRECTION ( 'NONE',  ( -0.5555702330196121697, -0.8314696123025385743, 0.000000000000000000 ) ) ;
#2788 = LINE ( 'NONE', #10187, #9373 ) ;
#2789 = CARTESIAN_POINT ( 'NONE',  ( 8.074651695274543073, 15.83753649573824873, -46.29634816116374907 ) ) ;
#2790 = ORIENTED_EDGE ( 'NONE', *, *, #7181, .T. ) ;
#2791 = VERTEX_POINT ( 'NONE', #11505 ) ;
#2792 = ADVANCED_FACE ( 'NONE', ( #9556 ), #5003, .T. ) ;
#2793 = FACE_OUTER_BOUND ( 'NONE', #2022, .T. ) ;
#2794 = ORIENTED_EDGE ( 'NONE', *, *, #8580, .T. ) ;
#2795 = ORIENTED_EDGE ( 'NONE', *, *, #11307, .T. ) ;
#2796 = DIRECTION ( 'NONE',  ( 0.5874011683613238333, 0.8092959084338384734, 0.000000000000000000 ) ) ;
#2797 = DIRECTION ( 'NONE',  ( 1.000000000000000000, 0.000000000000000000, 0.000000000000000000 ) ) ;
#2798 = CYLINDRICAL_SURFACE ( 'NONE', #9697, 19.33712077059222167 ) ;
#2799 = FACE_OUTER_BOUND ( 'NONE', #11693, .T. ) ;
#2800 = CARTESIAN_POINT ( 'NONE',  ( 18.79951954134920555, 0.5875716334952205688, -34.29634816116375617 ) ) ;
#2801 = DIRECTION ( 'NONE',  ( 0.9238795325112891810, 0.3826834323650841196, 0.000000000000000000 ) ) ;
#2802 = CARTESIAN_POINT ( 'NONE',  ( -10.78720150547266776, 16.55587272662967990, -26.99634816116374836 ) ) ;
#2803 = EDGE_CURVE ( 'NONE', #6370, #4350, #8488, .T. ) ;
#2804 = EDGE_LOOP ( 'NONE', ( #6864, #7960, #7069, #11074, #4440, #9053, #1845, #6994 ) ) ;
#2805 = VERTEX_POINT ( 'NONE', #1369 ) ;
#2806 = CARTESIAN_POINT ( 'NONE',  ( -6.740590857002723979, 18.62264415810527041, -33.96250106665637247 ) ) ;
#2807 = ORIENTED_EDGE ( 'NONE', *, *, #4386, .T. ) ;
#2808 = CARTESIAN_POINT ( 'NONE',  ( 11.35370864137646763, -15.06961891730028569, -26.99634816116374836 ) ) ;
#2809 = VERTEX_POINT ( 'NONE', #8465 ) ;
#2810 = CARTESIAN_POINT ( 'NONE',  ( 7.148038225217953290, 17.92517543929244539, -26.29634816116374907 ) ) ;
#2811 = CARTESIAN_POINT ( 'NONE',  ( 18.87843329621036759, 4.550258602159175325, -26.31451759764529186 ) ) ;
#2812 = DIRECTION ( 'NONE',  ( -0.7071067811865474617, 8.659560562354932858E-17, 0.7071067811865474617 ) ) ;
#2813 = LINE ( 'NONE', #10968, #7710 ) ;
#2814 = DIRECTION ( 'NONE',  ( -0.000000000000000000, -0.000000000000000000, 1.000000000000000000 ) ) ;
#2815 = ORIENTED_EDGE ( 'NONE', *, *, #3806, .F. ) ;
#2816 = CARTESIAN_POINT ( 'NONE',  ( -0.7693927526465275113, -18.74712152021266931, -33.59634816116375333 ) ) ;
#2817 = VERTEX_POINT ( 'NONE', #6231 ) ;
#2818 = VERTEX_POINT ( 'NONE', #9860 ) ;
#2819 = CARTESIAN_POINT ( 'NONE',  ( 13.10565057672392797, -13.63049637217461196, -26.81318386950226795 ) ) ;
#2820 = CARTESIAN_POINT ( 'NONE',  ( 0.02634122926532218856, -0.1411038584609916047, -26.29634816116374907 ) ) ;
#2821 = CARTESIAN_POINT ( 'NONE',  ( -18.57040281239286017, -2.391652922212282650, -33.59634816116375333 ) ) ;
#2822 = PLANE ( 'NONE',  #5869 ) ;
#2823 = EDGE_CURVE ( 'NONE', #11288, #7118, #7074, .T. ) ;
#2824 = CARTESIAN_POINT ( 'NONE',  ( -13.69618551780649796, -13.06042299316419886, -26.29634816116374907 ) ) ;
#2825 = CARTESIAN_POINT ( 'NONE',  ( 5.949999999999997513, -8.012463504261800651, 53.36789795213030629 ) ) ;
#2826 = CARTESIAN_POINT ( 'NONE',  ( -18.76400763978405450, 5.054395724685802449, -33.59634816116375333 ) ) ;
#2827 = ADVANCED_FACE ( 'NONE', ( #2395 ), #6744, .F. ) ;
#2828 = CIRCLE ( 'NONE', #9626, 19.30000000000008953 ) ;
#2829 = EDGE_CURVE ( 'NONE', #2832, #5861, #2524, .T. ) ;
#2830 = DIRECTION ( 'NONE',  ( -0.000000000000000000, -0.000000000000000000, 1.000000000000000000 ) ) ;
#2831 = ORIENTED_EDGE ( 'NONE', *, *, #2940, .T. ) ;
#2832 = VERTEX_POINT ( 'NONE', #9924 ) ;
#2833 = CARTESIAN_POINT ( 'NONE',  ( 3.007641055658142104, 19.60174629526366985, -33.59634816116375333 ) ) ;
#2834 = AXIS2_PLACEMENT_3D ( 'NONE', #2197, #11486, #5898 ) ;
#2835 = LINE ( 'NONE', #3643, #8348 ) ;
#2836 = EDGE_CURVE ( 'NONE', #5791, #549, #846, .T. ) ;
#2837 = PLANE ( 'NONE',  #4022 ) ;
#2838 = CYLINDRICAL_SURFACE ( 'NONE', #6911, 0.7000000000000000666 ) ;
#2839 = DIRECTION ( 'NONE',  ( 0.4182286202377304418, -0.9083417975707406278, 0.000000000000000000 ) ) ;
#2840 = AXIS2_PLACEMENT_3D ( 'NONE', #10492, #3274, #6986 ) ;
#2841 = DIRECTION ( 'NONE',  ( 0.1950903220161181728, -0.9807852804032324290, 0.000000000000000000 ) ) ;
#2842 = EDGE_CURVE ( 'NONE', #7223, #3340, #4343, .T. ) ;
#2843 = EDGE_CURVE ( 'NONE', #8097, #9635, #7132, .T. ) ;
#2844 = AXIS2_PLACEMENT_3D ( 'NONE', #855, #3882, #106 ) ;
#2845 = EDGE_CURVE ( 'NONE', #5617, #11452, #9022, .T. ) ;
#2846 = VECTOR ( 'NONE', #5503, 1000.000000000000000 ) ;
#2847 = EDGE_CURVE ( 'NONE', #2809, #6429, #1536, .T. ) ;
#2848 = ORIENTED_EDGE ( 'NONE', *, *, #10568, .T. ) ;
#2849 = CIRCLE ( 'NONE', #1886, 19.30000000000008953 ) ;
#2851 = ORIENTED_EDGE ( 'NONE', *, *, #7527, .F. ) ;
#2850 = ADVANCED_FACE ( 'NONE', ( #11809 ), #3491, .F. ) ;
#2852 = DIRECTION ( 'NONE',  ( -1.000000000000000000, 0.000000000000000000, 0.000000000000000000 ) ) ;
#2853 = ORIENTED_EDGE ( 'NONE', *, *, #10680, .T. ) ;
#2854 = ORIENTED_EDGE ( 'NONE', *, *, #341, .T. ) ;
#2855 = CARTESIAN_POINT ( 'NONE',  ( -18.44805341594538817, -3.080994098716820062, -26.29634816116374907 ) ) ;
#2856 = DIRECTION ( 'NONE',  ( -0.000000000000000000, -0.000000000000000000, 1.000000000000000000 ) ) ;
#2857 = CARTESIAN_POINT ( 'NONE',  ( -0.05003513775708805927, 19.33705603708741094, -34.29634816116375617 ) ) ;
#2858 = PLANE ( 'NONE',  #7803 ) ;
#2859 = DIRECTION ( 'NONE',  ( -0.000000000000000000, 0.000000000000000000, 1.000000000000000000 ) ) ;
#2860 = VECTOR ( 'NONE', #5318, 1000.000000000000114 ) ;
#2861 = EDGE_CURVE ( 'NONE', #9422, #5415, #513, .T. ) ;
#2862 = CARTESIAN_POINT ( 'NONE',  ( -17.38763894355417605, 7.685574720956330985, -34.29634816116375617 ) ) ;
#2863 = DIRECTION ( 'NONE',  ( -1.047444401652939849E-14, -1.000000000000000000, 0.000000000000000000 ) ) ;
#2864 = VECTOR ( 'NONE', #11546, 1000.000000000000114 ) ;
#2865 = DIRECTION ( 'NONE',  ( 0.7340002190031222895, -0.6791492313942264492, 0.000000000000000000 ) ) ;
#2866 = CIRCLE ( 'NONE', #9647, 19.30000000000008598 ) ;
#2867 = CARTESIAN_POINT ( 'NONE',  ( -19.30000000000008953, 0.5375364957382036124, -26.29634816116374907 ) ) ;
#2868 = ORIENTED_EDGE ( 'NONE', *, *, #6652, .T. ) ;
#2869 = ORIENTED_EDGE ( 'NONE', *, *, #10510, .T. ) ;
#2870 = AXIS2_PLACEMENT_3D ( 'NONE', #4702, #1971, #8460 ) ;
#2871 = FACE_OUTER_BOUND ( 'NONE', #10956, .T. ) ;
#2872 = ORIENTED_EDGE ( 'NONE', *, *, #786, .T. ) ;
#2873 = FACE_OUTER_BOUND ( 'NONE', #3941, .T. ) ;
#2874 = EDGE_LOOP ( 'NONE', ( #10826, #9265, #10992, #11831 ) ) ;
#2875 = LINE ( 'NONE', #5381, #6951 ) ;
#2876 = AXIS2_PLACEMENT_3D ( 'NONE', #4704, #824, #11992 ) ;
#2877 = PLANE ( 'NONE',  #3651 ) ;
#2878 = CARTESIAN_POINT ( 'NONE',  ( 18.27776732936861492, -3.862830842817397414, -33.68879833100304211 ) ) ;
#2879 = DIRECTION ( 'NONE',  ( -0.000000000000000000, -0.000000000000000000, 1.000000000000000000 ) ) ;
#2880 = CIRCLE ( 'NONE', #6201, 1.700000000000000178 ) ;
#2881 = CARTESIAN_POINT ( 'NONE',  ( -17.31374393192664485, 7.863347962164217719, -26.29634816116375617 ) ) ;
#2882 = AXIS2_PLACEMENT_3D ( 'NONE', #9356, #8690, #11233 ) ;
#2883 = ORIENTED_EDGE ( 'NONE', *, *, #7675, .T. ) ;
#2884 = DIRECTION ( 'NONE',  ( 0.9380269381538434148, -0.3465623512410510032, 0.000000000000000000 ) ) ;
#2885 = ORIENTED_EDGE ( 'NONE', *, *, #2421, .T. ) ;
#2886 = ORIENTED_EDGE ( 'NONE', *, *, #3923, .F. ) ;
#2887 = CARTESIAN_POINT ( 'NONE',  ( -3.833340540673659813, -18.37794658821265514, -26.29634816116374907 ) ) ;
#2888 = AXIS2_PLACEMENT_3D ( 'NONE', #1067, #4769, #7446 ) ;
#2889 = CARTESIAN_POINT ( 'NONE',  ( 19.29987502093280582, 0.6069927868650726310, -34.29634816116375617 ) ) ;
#2890 = DIRECTION ( 'NONE',  ( -0.9083417975707360759, -0.4182286202377403228, 0.000000000000000000 ) ) ;
#2891 = DIRECTION ( 'NONE',  ( 0.7340002190031365004, 0.6791492313942110171, -0.000000000000000000 ) ) ;
#2892 = LINE ( 'NONE', #6599, #11383 ) ;
#2893 = DIRECTION ( 'NONE',  ( -0.8523920528607278335, -0.5229032302633769280, 0.000000000000000000 ) ) ;
#2894 = CIRCLE ( 'NONE', #9685, 19.33712077059222167 ) ;
#2895 = CARTESIAN_POINT ( 'NONE',  ( 15.60715541303844667, 11.89124513711472098, -34.29634816116375617 ) ) ;
#2896 = B_SPLINE_CURVE_WITH_KNOTS ( 'NONE', 3,
 ( #6815, #11603, #3290, #3112, #1286, #7842, #10693, #10563 ),
 .UNSPECIFIED., .F., .F.,
 ( 4, 2, 2, 4 ),
 ( 0.000000000000000000, 0.0002734140155771810736, 0.0005468280311543621472, 0.001093656062308725162 ),
 .UNSPECIFIED. ) ;
#2897 = EDGE_CURVE ( 'NONE', #6123, #9493, #5410, .T. ) ;
#2898 = VECTOR ( 'NONE', #9074, 1000.000000000000000 ) ;
#2899 = DIRECTION ( 'NONE',  ( 0.9083417975707330783, -0.4182286202377467066, 0.000000000000000000 ) ) ;
#2900 = ORIENTED_EDGE ( 'NONE', *, *, #4281, .T. ) ;
#2901 = VERTEX_POINT ( 'NONE', #1487 ) ;
#2902 = DIRECTION ( 'NONE',  ( -0.1950903220161387674, -0.9807852804032283212, 0.000000000000000000 ) ) ;
#2903 = DIRECTION ( 'NONE',  ( -0.000000000000000000, -0.000000000000000000, 1.000000000000000000 ) ) ;
#2904 = DIRECTION ( 'NONE',  ( 0.7340002190031296170, -0.6791492313942185666, 0.000000000000000000 ) ) ;
#2905 = DIRECTION ( 'NONE',  ( 0.000000000000000000, 0.000000000000000000, -1.000000000000000000 ) ) ;
#2906 = CARTESIAN_POINT ( 'NONE',  ( -7.245791769745038913, 17.89839260411648070, -34.29634816116375617 ) ) ;
#2907 = B_SPLINE_CURVE_WITH_KNOTS ( 'NONE', 3,
 ( #1341, #11717, #8750, #6808, #2193, #7887, #429, #11534 ),
 .UNSPECIFIED., .F., .F.,
 ( 4, 2, 2, 4 ),
 ( 0.000000000000000000, 0.0002734140155771851394, 0.0005468280311543702787, 0.001093656062308726896 ),
 .UNSPECIFIED. ) ;
#2908 = AXIS2_PLACEMENT_3D ( 'NONE', #7787, #6999, #3168 ) ;
#2909 = DIRECTION ( 'NONE',  ( 0.000000000000000000, 0.000000000000000000, -1.000000000000000000 ) ) ;
#2910 = ORIENTED_EDGE ( 'NONE', *, *, #6500, .F. ) ;
#2911 = ORIENTED_EDGE ( 'NONE', *, *, #4778, .T. ) ;
#2912 = DIRECTION ( 'NONE',  ( 0.03878550529304500977, 0.9992475592060073852, 0.000000000000000000 ) ) ;
#2913 = EDGE_LOOP ( 'NONE', ( #1115, #2686 ) ) ;
#2914 = ORIENTED_EDGE ( 'NONE', *, *, #8155, .T. ) ;
#2915 = DIRECTION ( 'NONE',  ( -0.3465623512410380136, 0.9380269381538481888, 0.000000000000000000 ) ) ;
#2916 = AXIS2_PLACEMENT_3D ( 'NONE', #3346, #10017, #4380 ) ;
#2917 = EDGE_CURVE ( 'NONE', #10700, #10062, #8095, .T. ) ;
#2918 = CARTESIAN_POINT ( 'NONE',  ( 10.56279193226404267, 16.08940677482819837, -26.29634816116374196 ) ) ;
#2919 = CARTESIAN_POINT ( 'NONE',  ( 3.618530594455220850, 18.98558991168354382, -26.29634816116374907 ) ) ;
#2920 = CYLINDRICAL_SURFACE ( 'NONE', #10127, 0.7000000000000000666 ) ;
#2921 = ADVANCED_FACE ( 'NONE', ( #1428 ), #8832, .F. ) ;
#2922 = DIRECTION ( 'NONE',  ( -0.3465623512410343499, 0.9380269381538496321, 0.000000000000000000 ) ) ;
#2923 = DIRECTION ( 'NONE',  ( 0.4182286202377435425, 0.9083417975707345215, 0.000000000000000000 ) ) ;
#2924 = FACE_OUTER_BOUND ( 'NONE', #1126, .T. ) ;
#2925 = B_SPLINE_CURVE_WITH_KNOTS ( 'NONE', 3,
 ( #9385, #1066, #9051, #4589, #5930, #3137, #5083, #8730 ),
 .UNSPECIFIED., .F., .F.,
 ( 4, 2, 2, 4 ),
 ( 0.000000000000000000, 0.0002734115678465789370, 0.0005468231356931578741, 0.001093646271386296233 ),
 .UNSPECIFIED. ) ;
#2926 = CARTESIAN_POINT ( 'NONE',  ( 8.021784762357521359, -17.01688327500116316, -26.63019525567114698 ) ) ;
#2927 = ADVANCED_FACE ( 'NONE', ( #7922 ), #3366, .T. ) ;
#2928 = CARTESIAN_POINT ( 'NONE',  ( 0.1582312551650181531, 1.197998046924724447, -26.29634816116374907 ) ) ;
#2929 = ORIENTED_EDGE ( 'NONE', *, *, #1446, .F. ) ;
#2930 = ORIENTED_EDGE ( 'NONE', *, *, #1185, .F. ) ;
#2931 = CARTESIAN_POINT ( 'NONE',  ( -4.400367338555272845, 18.81530382510688426, -33.78124828719858641 ) ) ;
#2932 = ORIENTED_EDGE ( 'NONE', *, *, #5609, .F. ) ;
#2933 = B_SPLINE_CURVE_WITH_KNOTS ( 'NONE', 3,
 ( #8145, #10867, #10800, #11837, #9892, #3520, #7100, #1586 ),
 .UNSPECIFIED., .F., .F.,
 ( 4, 2, 2, 4 ),
 ( 0.000000000000000000, 0.0002734115678465772023, 0.0005468231356931544046, 0.001093646271386296233 ),
 .UNSPECIFIED. ) ;
#2934 = LINE ( 'NONE', #6634, #10056 ) ;
#2935 = ORIENTED_EDGE ( 'NONE', *, *, #7676, .T. ) ;
#2936 = CARTESIAN_POINT ( 'NONE',  ( -18.76400763978415043, -3.979322733208999097, -26.99634816116374836 ) ) ;
#2937 = B_SPLINE_CURVE_WITH_KNOTS ( 'NONE', 3,
 ( #4734, #8502, #3029, #9402, #1089, #10310, #6804, #1214 ),
 .UNSPECIFIED., .F., .F.,
 ( 4, 2, 2, 4 ),
 ( 0.000000000000000000, 0.0002734140155771842720, 0.0005468280311543685440, 0.001093656062308725379 ),
 .UNSPECIFIED. ) ;
#2938 = ORIENTED_EDGE ( 'NONE', *, *, #7540, .T. ) ;
#2939 = CARTESIAN_POINT ( 'NONE',  ( 18.82542771621645628, 4.791645376190230010, -26.43662752414719108 ) ) ;
#2940 = EDGE_CURVE ( 'NONE', #10423, #6033, #7984, .T. ) ;
#2941 = CARTESIAN_POINT ( 'NONE',  ( -10.93355334446167149, -15.36785877051450200, -26.29634816116374907 ) ) ;
#2942 = CARTESIAN_POINT ( 'NONE',  ( 4.516859228947263993, -18.22647114404592728, -34.29634816116375617 ) ) ;
#2943 = CARTESIAN_POINT ( 'NONE',  ( -17.06809607421168806, 8.419167523783176676, -26.81144803512891528 ) ) ;
#2944 = EDGE_LOOP ( 'NONE', ( #956, #7666, #9883, #9621, #7279, #8749, #6399, #11435 ) ) ;
#2945 = CARTESIAN_POINT ( 'NONE',  ( -2.929189417950816221, -18.03286631665460149, -33.59634816116375333 ) ) ;
#2946 = ORIENTED_EDGE ( 'NONE', *, *, #4013, .F. ) ;
#2947 = ORIENTED_EDGE ( 'NONE', *, *, #5533, .T. ) ;
#2948 = CARTESIAN_POINT ( 'NONE',  ( 17.52991377583426313, -7.536703740795383411, -26.81318386950226085 ) ) ;
#2949 = EDGE_CURVE ( 'NONE', #6156, #1760, #10055, .T. ) ;
#2950 = CARTESIAN_POINT ( 'NONE',  ( 12.75269500745314488, 14.35089167497112150, -26.99634816116374836 ) ) ;
#2951 = CARTESIAN_POINT ( 'NONE',  ( -17.54694199899437024, -6.210771764034067388, -26.43662391211886131 ) ) ;
#2952 = PRESENTATION_STYLE_ASSIGNMENT (( #4667 ) ) ;
#2953 = DIRECTION ( 'NONE',  ( -0.8314696123025445695, 0.5555702330196032879, 0.000000000000000000 ) ) ;
#2954 = CARTESIAN_POINT ( 'NONE',  ( -13.95200539898935155, -12.79843762011228492, -26.37236741899921455 ) ) ;
#2955 = CARTESIAN_POINT ( 'NONE',  ( 15.60343119137682244, -9.948519653098216509, -26.29634816116374907 ) ) ;
#2956 = DIRECTION ( 'NONE',  ( -0.000000000000000000, -0.000000000000000000, 1.000000000000000000 ) ) ;
#2957 = ADVANCED_FACE ( 'NONE', ( #762, #5435 ), #8228, .T. ) ;
#2958 = DIRECTION ( 'NONE',  ( -0.000000000000000000, -0.000000000000000000, 1.000000000000000000 ) ) ;
#2959 = LINE ( 'NONE', #9758, #6971 ) ;
#2960 = ORIENTED_EDGE ( 'NONE', *, *, #4401, .T. ) ;
#2961 = CARTESIAN_POINT ( 'NONE',  ( 10.84058986862905982, -14.82203541187561946, -34.15607241020864393 ) ) ;
#2962 = CYLINDRICAL_SURFACE ( 'NONE', #5422, 0.6999999999999999556 ) ;
#2963 = CIRCLE ( 'NONE', #5683, 19.30000000000008242 ) ;
#2964 = FACE_OUTER_BOUND ( 'NONE', #8823, .T. ) ;
#2965 = DIRECTION ( 'NONE',  ( 1.000000000000000000, 0.000000000000000000, 0.000000000000000000 ) ) ;
#2966 = PLANE ( 'NONE',  #10596 ) ;
#2967 = DIRECTION ( 'NONE',  ( -0.5874011683613209467, -0.8092959084338404718, 0.000000000000000000 ) ) ;
#2968 = LINE ( 'NONE', #4793, #11026 ) ;
#2969 = ORIENTED_EDGE ( 'NONE', *, *, #1466, .T. ) ;
#2970 = EDGE_LOOP ( 'NONE', ( #8385, #5311, #3920, #1448, #10907, #11116, #8862, #997 ) ) ;
#2971 = CARTESIAN_POINT ( 'NONE',  ( 0.000000000000000000, 0.5375364957382021691, -21.29634816116374907 ) ) ;
#2972 = EDGE_LOOP ( 'NONE', ( #781, #6188, #10109, #8265 ) ) ;
#2973 = ORIENTED_EDGE ( 'NONE', *, *, #155, .F. ) ;
#2974 = CARTESIAN_POINT ( 'NONE',  ( 19.28465801595086404, -0.2318562569083902625, -33.78124629862855954 ) ) ;
#2975 = DIRECTION ( 'NONE',  ( 0.5874011683613152845, 0.8092959084338446907, 0.000000000000000000 ) ) ;
#2976 = CARTESIAN_POINT ( 'NONE',  ( 0.2332011601476222107, -18.26082728735674721, -34.27817972094533872 ) ) ;
#2977 = CARTESIAN_POINT ( 'NONE',  ( 16.03586280835084210, -9.275267143003960157, -34.29634816116375617 ) ) ;
#2978 = CARTESIAN_POINT ( 'NONE',  ( -19.06139814055713799, 3.563149377884085034, -33.77951245282525150 ) ) ;
#2979 = CARTESIAN_POINT ( 'NONE',  ( -0.4469452617099130554, 0.2388972195443866964, -34.29634816116375617 ) ) ;
#2980 = EDGE_CURVE ( 'NONE', #647, #4753, #6189, .T. ) ;
#2981 = CARTESIAN_POINT ( 'NONE',  ( -4.314357712814307355, 18.83573471089945528, -26.64369750929288472 ) ) ;
#2982 = CARTESIAN_POINT ( 'NONE',  ( -17.38763894355417605, 7.685574720956330985, -26.29634816116374907 ) ) ;
#2983 = CARTESIAN_POINT ( 'NONE',  ( 10.24991166914476715, -15.22229137379767749, -26.31451660138217719 ) ) ;
#2984 = EDGE_CURVE ( 'NONE', #8999, #3624, #815, .T. ) ;
#2985 = ORIENTED_EDGE ( 'NONE', *, *, #1275, .F. ) ;
#2986 = ORIENTED_EDGE ( 'NONE', *, *, #7037, .T. ) ;
#2987 = CARTESIAN_POINT ( 'NONE',  ( 18.76828752585698012, -3.961642955250958664, -26.81318386950226795 ) ) ;
#2988 = ORIENTED_EDGE ( 'NONE', *, *, #1010, .T. ) ;
#2989 = DIRECTION ( 'NONE',  ( -0.000000000000000000, -0.000000000000000000, 1.000000000000000000 ) ) ;
#2990 = ORIENTED_EDGE ( 'NONE', *, *, #10073, .T. ) ;
#2991 = CARTESIAN_POINT ( 'NONE',  ( 15.69999999999999929, 0.5375364957381987274, -21.29634816116374907 ) ) ;
#2992 = EDGE_CURVE ( 'NONE', #6170, #5167, #2003, .T. ) ;
#2993 = ORIENTED_EDGE ( 'NONE', *, *, #11102, .T. ) ;
#2994 = CARTESIAN_POINT ( 'NONE',  ( 18.76400763978410779, 5.054395724685535107, -26.81145002369893149 ) ) ;
#2995 = CARTESIAN_POINT ( 'NONE',  ( -3.144186300207962859E-15, 0.5375364957382012809, -34.29634816116375617 ) ) ;
#2996 = ADVANCED_FACE ( 'NONE', ( #11977 ), #11868, .T. ) ;
#2997 = CARTESIAN_POINT ( 'NONE',  ( -3.896099109066204491, -17.85412670895873788, -26.31451660138218074 ) ) ;
#2998 = CARTESIAN_POINT ( 'NONE',  ( 11.35370864137646763, -15.06961891730028569, -34.29634816116375617 ) ) ;
#2999 = EDGE_CURVE ( 'NONE', #2326, #8753, #1843, .T. ) ;
#3000 = ORIENTED_EDGE ( 'NONE', *, *, #10429, .F. ) ;
#3001 = EDGE_CURVE ( 'NONE', #3735, #10348, #3844, .T. ) ;
#3002 = EDGE_LOOP ( 'NONE', ( #10682, #1939, #2277, #751 ) ) ;
#3003 = LINE ( 'NONE', #4952, #8475 ) ;
#3004 = ORIENTED_EDGE ( 'NONE', *, *, #2059, .F. ) ;
#3005 = EDGE_CURVE ( 'NONE', #5309, #9988, #6753, .T. ) ;
#3006 = ADVANCED_FACE ( 'NONE', ( #4633 ), #10207, .F. ) ;
#3007 = ORIENTED_EDGE ( 'NONE', *, *, #10680, .F. ) ;
#3008 = CARTESIAN_POINT ( 'NONE',  ( 17.73280799888745207, -7.082943002726195481, -26.29634816116374907 ) ) ;
#3009 = FACE_OUTER_BOUND ( 'NONE', #3374, .T. ) ;
#3010 = CARTESIAN_POINT ( 'NONE',  ( 8.074651695274543073, 15.83753649573824873, -45.29634816116374907 ) ) ;
#3011 = CARTESIAN_POINT ( 'NONE',  ( 17.34934370704278095, 7.778027600316403500, -34.29634816116375617 ) ) ;
#3012 = LINE ( 'NONE', #5029, #6233 ) ;
#3013 = CARTESIAN_POINT ( 'NONE',  ( 0.4469452617099086700, 0.8361757719320128679, -34.29634816116375617 ) ) ;
#3014 = CARTESIAN_POINT ( 'NONE',  ( 19.30000000000007887, 0.5375364957382012809, -39.14634816116374338 ) ) ;
#3015 = ADVANCED_FACE ( 'NONE', ( #7422 ), #1791, .F. ) ;
#3016 = LINE ( 'NONE', #3993, #10609 ) ;
#3017 = ORIENTED_EDGE ( 'NONE', *, *, #8960, .T. ) ;
#3018 = FACE_OUTER_BOUND ( 'NONE', #7975, .T. ) ;
#3019 = CARTESIAN_POINT ( 'NONE',  ( 0.4984972582793866791, 0.9987816303409809970, -26.29634816116374907 ) ) ;
#3020 = ORIENTED_EDGE ( 'NONE', *, *, #9805, .F. ) ;
#3021 = ORIENTED_EDGE ( 'NONE', *, *, #10189, .F. ) ;
#3022 = CARTESIAN_POINT ( 'NONE',  ( -18.33890825336887431, 4.675081898450042850, -26.43662391211885065 ) ) ;
#3023 = DIRECTION ( 'NONE',  ( 0.000000000000000000, 0.000000000000000000, -1.000000000000000000 ) ) ;
#3024 = CARTESIAN_POINT ( 'NONE',  ( -16.31969683414751060, -9.765941863861893779, -34.15606879818032127 ) ) ;
#3025 = EDGE_CURVE ( 'NONE', #3735, #9518, #11004, .T. ) ;
#3026 = DIRECTION ( 'NONE',  ( 0.000000000000000000, 0.000000000000000000, 1.000000000000000000 ) ) ;
#3027 = PLANE ( 'NONE',  #5499 ) ;
#3028 = AXIS2_PLACEMENT_3D ( 'NONE', #193, #3900, #7597 ) ;
#3029 = CARTESIAN_POINT ( 'NONE',  ( -11.04530000614085594, -14.67567512855310774, -33.77951444777792744 ) ) ;
#3030 = ORIENTED_EDGE ( 'NONE', *, *, #2664, .F. ) ;
#3031 = ORIENTED_EDGE ( 'NONE', *, *, #2487, .T. ) ;
#3032 = EDGE_CURVE ( 'NONE', #4350, #2101, #4463, .T. ) ;
#3033 = AXIS2_PLACEMENT_3D ( 'NONE', #4393, #8103, #11803 ) ;
#3034 = CARTESIAN_POINT ( 'NONE',  ( 10.66468526717357079, 16.62338394472683589, -26.29634816116374907 ) ) ;
#3035 = ORIENTED_EDGE ( 'NONE', *, *, #11920, .F. ) ;
#3036 = ORIENTED_EDGE ( 'NONE', *, *, #9024, .F. ) ;
#3037 = DIRECTION ( 'NONE',  ( -0.9380269381538481888, -0.3465623512410380136, 0.000000000000000000 ) ) ;
#3038 = VECTOR ( 'NONE', #9346, 1000.000000000000114 ) ;
#3039 = CYLINDRICAL_SURFACE ( 'NONE', #9433, 9.599999999999988987 ) ;
#3040 = CARTESIAN_POINT ( 'NONE',  ( 0.000000000000000000, 0.000000000000000000, -34.29634816116375617 ) ) ;
#3041 = CARTESIAN_POINT ( 'NONE',  ( 12.80873562619552608, 14.29942272721548591, -33.96250492026806711 ) ) ;
#3042 = LINE ( 'NONE', #6326, #6034 ) ;
#3043 = CARTESIAN_POINT ( 'NONE',  ( 4.014554898955272400, 19.41629536053642013, -26.29634816116374907 ) ) ;
#3044 = FACE_OUTER_BOUND ( 'NONE', #9492, .T. ) ;
#3045 = CARTESIAN_POINT ( 'NONE',  ( -6.368163355566236381E-15, 1.075072991476402562, -34.29634816116375617 ) ) ;
#3046 = AXIS2_PLACEMENT_3D ( 'NONE', #9628, #9445, #7692 ) ;
#3047 = CIRCLE ( 'NONE', #530, 19.33712077059222167 ) ;
#3048 = CARTESIAN_POINT ( 'NONE',  ( -16.38845051940277386, 10.73130197475059688, -34.02662297194006413 ) ) ;
#3049 = B_SPLINE_CURVE_WITH_KNOTS ( 'NONE', 3,
 ( #8325, #11283, #4791, #7460, #10186, #8499, #11161, #7356 ),
 .UNSPECIFIED., .F., .F.,
 ( 4, 2, 2, 4 ),
 ( 0.000000000000000000, 0.0002734111411466464423, 0.0005468222822932928846, 0.001093644564586588154 ),
 .UNSPECIFIED. ) ;
#3050 = VECTOR ( 'NONE', #8527, 1000.000000000000114 ) ;
#3051 = ORIENTED_EDGE ( 'NONE', *, *, #10272, .F. ) ;
#3052 = ADVANCED_FACE ( 'NONE', ( #7255 ), #10953, .T. ) ;
#3053 = ORIENTED_EDGE ( 'NONE', *, *, #9293, .F. ) ;
#3054 = CARTESIAN_POINT ( 'NONE',  ( 8.090745338163548794, -16.98473047725898510, -34.29634816116375617 ) ) ;
#3055 = ORIENTED_EDGE ( 'NONE', *, *, #3536, .F. ) ;
#3056 = ORIENTED_EDGE ( 'NONE', *, *, #9751, .F. ) ;
#3057 = AXIS2_PLACEMENT_3D ( 'NONE', #7815, #8667, #6657 ) ;
#3058 = CARTESIAN_POINT ( 'NONE',  ( -18.82542771621649536, -3.716572384713691779, -26.43662752414719819 ) ) ;
#3059 = AXIS2_PLACEMENT_3D ( 'NONE', #598, #8191, #5334 ) ;
#3060 = ORIENTED_EDGE ( 'NONE', *, *, #3522, .F. ) ;
#3061 = CARTESIAN_POINT ( 'NONE',  ( -10.58763275542111693, 16.67446865067665485, -34.29634816116374196 ) ) ;
#3062 = AXIS2_PLACEMENT_3D ( 'NONE', #612, #4317, #8018 ) ;
#3063 = CARTESIAN_POINT ( 'NONE',  ( 10.35782588660509873, -15.74810451635693909, -26.37236741899921455 ) ) ;
#3064 = DIRECTION ( 'NONE',  ( -0.7071067811865561215, -0.7071067811865389130, 0.000000000000000000 ) ) ;
#3065 = CARTESIAN_POINT ( 'NONE',  ( -9.812803638741879553, 16.57339930408922157, -33.68879833100304211 ) ) ;
#3066 = VECTOR ( 'NONE', #7328, 1000.000000000000000 ) ;
#3067 = AXIS2_PLACEMENT_3D ( 'NONE', #6575, #2697, #1844 ) ;
#3068 = AXIS2_PLACEMENT_3D ( 'NONE', #5540, #7593, #16 ) ;
#3069 = ORIENTED_EDGE ( 'NONE', *, *, #4124, .F. ) ;
#3070 = AXIS2_PLACEMENT_3D ( 'NONE', #2155, #2028, #321 ) ;
#3071 = ORIENTED_EDGE ( 'NONE', *, *, #1745, .F. ) ;
#3072 = CARTESIAN_POINT ( 'NONE',  ( 0.4469452617099060054, 0.2388972195443856694, -34.29634816116375617 ) ) ;
#3073 = ORIENTED_EDGE ( 'NONE', *, *, #11327, .F. ) ;
#3074 = DIRECTION ( 'NONE',  ( 1.000000000000000000, 0.000000000000000000, 0.000000000000000000 ) ) ;
#3075 = VERTEX_POINT ( 'NONE', #1732 ) ;
#3076 = CARTESIAN_POINT ( 'NONE',  ( 13.25788756553142278, 13.86618443168085690, -26.29634816116374907 ) ) ;
#3077 = LINE ( 'NONE', #9272, #11223 ) ;
#3078 = VECTOR ( 'NONE', #7308, 1000.000000000000000 ) ;
#3079 = FACE_OUTER_BOUND ( 'NONE', #4739, .T. ) ;
#3080 = CARTESIAN_POINT ( 'NONE',  ( -15.65902152899682065, 11.81965850978574650, -26.64370081747365404 ) ) ;
#3081 = DIRECTION ( 'NONE',  ( -0.9083417975707360759, -0.4182286202377403228, 0.000000000000000000 ) ) ;
#3082 = AXIS2_PLACEMENT_3D ( 'NONE', #6413, #1629, #646 ) ;
#3083 = ADVANCED_FACE ( 'NONE', ( #6405 ), #10100, .T. ) ;
#3084 = ADVANCED_FACE ( 'NONE', ( #8520 ), #6749, .T. ) ;
#3085 = FACE_OUTER_BOUND ( 'NONE', #11673, .T. ) ;
#3086 = AXIS2_PLACEMENT_3D ( 'NONE', #3285, #6208, #9833 ) ;
#3087 = LINE ( 'NONE', #6784, #1114 ) ;
#3088 = ADVANCED_FACE ( 'NONE', ( #4935 ), #1963, .F. ) ;
#3089 = ORIENTED_EDGE ( 'NONE', *, *, #9065, .T. ) ;
#3090 = AXIS2_PLACEMENT_3D ( 'NONE', #6603, #11275, #11406 ) ;
#3091 = CYLINDRICAL_SURFACE ( 'NONE', #650, 0.7000000000000001776 ) ;
#3092 = EDGE_CURVE ( 'NONE', #10512, #599, #4244, .T. ) ;
#3093 = AXIS2_PLACEMENT_3D ( 'NONE', #364, #3205, #4066 ) ;
#3094 = CYLINDRICAL_SURFACE ( 'NONE', #8511, 4.799999999999999822 ) ;
#3095 = VERTEX_POINT ( 'NONE', #7544 ) ;
#3096 = ORIENTED_EDGE ( 'NONE', *, *, #11705, .F. ) ;
#3097 = CARTESIAN_POINT ( 'NONE',  ( -0.4612451346027846566, 1.036033754017589681, -33.59634816116375333 ) ) ;
#3098 = CARTESIAN_POINT ( 'NONE',  ( 7.564783306542541830, 17.74828643256055472, -26.38468553521233773 ) ) ;
#3099 = CARTESIAN_POINT ( 'NONE',  ( 0.6739792564868253288, 19.32580339164215033, -26.63019140205944169 ) ) ;
#3100 = CARTESIAN_POINT ( 'NONE',  ( 19.30000000000008242, 0.5375364957382012809, -26.29634816116374907 ) ) ;
#3101 = EDGE_CURVE ( 'NONE', #5397, #4965, #5588, .T. ) ;
#3102 = CARTESIAN_POINT ( 'NONE',  ( -18.79951954134921266, 0.4875013579813129994, -26.29634816116374907 ) ) ;
#3103 = ORIENTED_EDGE ( 'NONE', *, *, #9463, .T. ) ;
#3104 = VERTEX_POINT ( 'NONE', #11241 ) ;
#3105 = CYLINDRICAL_SURFACE ( 'NONE', #6365, 0.7000000000000000666 ) ;
#3106 = ORIENTED_EDGE ( 'NONE', *, *, #472, .T. ) ;
#3107 = ORIENTED_EDGE ( 'NONE', *, *, #2499, .F. ) ;
#3108 = FACE_OUTER_BOUND ( 'NONE', #4104, .T. ) ;
#3109 = CARTESIAN_POINT ( 'NONE',  ( 15.98949163663165507, -9.350531950502286804, -26.64369750929288827 ) ) ;
#3110 = DIRECTION ( 'NONE',  ( 0.4182286202377435425, 0.9083417975707345215, 0.000000000000000000 ) ) ;
#3111 = FACE_OUTER_BOUND ( 'NONE', #4603, .T. ) ;
#3112 = CARTESIAN_POINT ( 'NONE',  ( -15.25429759483141368, -10.45082759013788376, -26.64369750929288827 ) ) ;
#3113 = FACE_BOUND ( 'NONE', #9295, .T. ) ;
#3114 = CARTESIAN_POINT ( 'NONE',  ( -4.382682564439631889, 18.81956465703596137, -26.81318187454957780 ) ) ;
#3115 = AXIS2_PLACEMENT_3D ( 'NONE', #11849, #11784, #3288 ) ;
#3116 = DIRECTION ( 'NONE',  ( 0.5874011683613239443, 0.8092959084338383624, 0.000000000000000000 ) ) ;
#3117 = DIRECTION ( 'NONE',  ( -0.9238795325112864054, 0.3826834323650906700, 0.000000000000000000 ) ) ;
#3118 = EDGE_LOOP ( 'NONE', ( #5996, #10788, #2946, #3997 ) ) ;
#3119 = ORIENTED_EDGE ( 'NONE', *, *, #11479, .T. ) ;
#3120 = VECTOR ( 'NONE', #11331, 1000.000000000000114 ) ;
#3121 = CARTESIAN_POINT ( 'NONE',  ( -13.09226962315006304, 14.71789178447287583, -26.99634816116374836 ) ) ;
#3122 = ORIENTED_EDGE ( 'NONE', *, *, #8814, .F. ) ;
#3123 = VERTEX_POINT ( 'NONE', #2982 ) ;
#3124 = CARTESIAN_POINT ( 'NONE',  ( 0.7693927526465210720, 19.82219451168907298, -26.99634816116374836 ) ) ;
#3125 = VERTEX_POINT ( 'NONE', #7790 ) ;
#3126 = DIRECTION ( 'NONE',  ( 0.3465623512410477280, 0.9380269381538445250, 0.000000000000000000 ) ) ;
#3127 = CARTESIAN_POINT ( 'NONE',  ( -18.91548308395084632, 4.370877036411926042, -26.29634816116374907 ) ) ;
#3128 = DIRECTION ( 'NONE',  ( -0.4182286202377321627, 0.9083417975707397396, 0.000000000000000000 ) ) ;
#3129 = EDGE_CURVE ( 'NONE', #4753, #11689, #7495, .T. ) ;
#3130 = CARTESIAN_POINT ( 'NONE',  ( -13.09226962315036680, -13.64281879299619504, -33.68879736725453000 ) ) ;
#3131 = VERTEX_POINT ( 'NONE', #1171 ) ;
#3132 = ORIENTED_EDGE ( 'NONE', *, *, #2148, .T. ) ;
#3133 = CARTESIAN_POINT ( 'NONE',  ( -9.599999999999988987, 0.5375364957382032793, -41.09634816116376044 ) ) ;
#3134 = ORIENTED_EDGE ( 'NONE', *, *, #10988, .F. ) ;
#3135 = FACE_OUTER_BOUND ( 'NONE', #3236, .T. ) ;
#3136 = ORIENTED_EDGE ( 'NONE', *, *, #610, .F. ) ;
#3137 = CARTESIAN_POINT ( 'NONE',  ( 17.55441977073927617, -7.484248266619513146, -33.96250106665635826 ) ) ;
#3138 = CARTESIAN_POINT ( 'NONE',  ( 17.10491403184501635, 8.338796416971563374, -26.64369750929288827 ) ) ;
#3139 = DIRECTION ( 'NONE',  ( -0.000000000000000000, -0.000000000000000000, -1.000000000000000000 ) ) ;
#3140 = CARTESIAN_POINT ( 'NONE',  ( 11.07100065386116405, 16.34671506216060521, -34.20800806837381458 ) ) ;
#3141 = CARTESIAN_POINT ( 'NONE',  ( -0.2543532060676843010, -18.76167311912649893, -26.29634816116374907 ) ) ;
#3142 = EDGE_CURVE ( 'NONE', #4662, #320, #11025, .T. ) ;
#3143 = DIRECTION ( 'NONE',  ( 0.000000000000000000, -0.000000000000000000, -1.000000000000000000 ) ) ;
#3144 = ORIENTED_EDGE ( 'NONE', *, *, #3158, .T. ) ;
#3145 = AXIS2_PLACEMENT_3D ( 'NONE', #10833, #11805, #10707 ) ;
#3146 = DIRECTION ( 'NONE',  ( 0.000000000000000000, -0.000000000000000000, 1.000000000000000000 ) ) ;
#3147 = EDGE_CURVE ( 'NONE', #257, #2818, #9248, .T. ) ;
#3148 = CARTESIAN_POINT ( 'NONE',  ( -3.697097124735845508, 19.48012008009314044, -26.29634816116374907 ) ) ;
#3149 = ORIENTED_EDGE ( 'NONE', *, *, #1346, .T. ) ;
#3150 = EDGE_LOOP ( 'NONE', ( #9797, #1191, #11649, #1681 ) ) ;
#3151 = CARTESIAN_POINT ( 'NONE',  ( -6.921685001469880305, -17.47869085089734398, -26.43662752414719463 ) ) ;
#3152 = EDGE_CURVE ( 'NONE', #10580, #3727, #4993, .T. ) ;
#3153 = CARTESIAN_POINT ( 'NONE',  ( -19.06420979952543959, 3.545177551396542448, -34.29634816116375617 ) ) ;
#3154 = CARTESIAN_POINT ( 'NONE',  ( -16.46205883478135945, -9.536718758135423357, -33.59634816116375333 ) ) ;
#3155 = CARTESIAN_POINT ( 'NONE',  ( 0.6707393889858724867, 0.4309754204355014107, -33.59634816116375333 ) ) ;
#3156 = CIRCLE ( 'NONE', #444, 19.30000000000008598 ) ;
#3157 = DIRECTION ( 'NONE',  ( -1.047444401652939849E-14, -1.000000000000000000, 0.000000000000000000 ) ) ;
#3158 = EDGE_CURVE ( 'NONE', #9088, #9988, #11492, .T. ) ;
#3159 = ORIENTED_EDGE ( 'NONE', *, *, #11153, .T. ) ;
#3160 = AXIS2_PLACEMENT_3D ( 'NONE', #7726, #4808, #990 ) ;
#3161 = CARTESIAN_POINT ( 'NONE',  ( 18.48265378355245048, 3.976195074312706357, -26.31451660138217719 ) ) ;
#3162 = VERTEX_POINT ( 'NONE', #8581 ) ;
#3163 = VERTEX_POINT ( 'NONE', #385 ) ;
#3164 = CARTESIAN_POINT ( 'NONE',  ( -11.08220204277480292, 16.33916483446266810, -34.22032890332829425 ) ) ;
#3165 = CARTESIAN_POINT ( 'NONE',  ( -14.00000000000000000, 0.5375364957381987274, -29.44634816116375120 ) ) ;
#3166 = CARTESIAN_POINT ( 'NONE',  ( 11.06000805719581059, -14.66497096308335557, -26.90389799132447379 ) ) ;
#3167 = CARTESIAN_POINT ( 'NONE',  ( -0.1048681680489871731, 0.01032861303863893618, -34.29634816116375617 ) ) ;
#3168 = DIRECTION ( 'NONE',  ( -0.5555702330196004013, 0.8314696123025464569, 0.000000000000000000 ) ) ;
#3169 = LINE ( 'NONE', #5902, #8091 ) ;
#3170 = DIRECTION ( 'NONE',  ( 0.000000000000000000, -0.000000000000000000, 1.000000000000000000 ) ) ;
#3171 = CARTESIAN_POINT ( 'NONE',  ( 7.240491104578138604, -16.81180721130461109, -26.29634816116374907 ) ) ;
#3172 = DIRECTION ( 'NONE',  ( -0.7340002190031269524, 0.6791492313942213421, 0.000000000000000000 ) ) ;
#3173 = ORIENTED_EDGE ( 'NONE', *, *, #4785, .F. ) ;
#3174 = VERTEX_POINT ( 'NONE', #4088 ) ;
#3175 = DIRECTION ( 'NONE',  ( 0.000000000000000000, 0.000000000000000000, -1.000000000000000000 ) ) ;
#3176 = ORIENTED_EDGE ( 'NONE', *, *, #6249, .F. ) ;
#3177 = ORIENTED_EDGE ( 'NONE', *, *, #5147, .F. ) ;
#3178 = CARTESIAN_POINT ( 'NONE',  ( -18.87843329621041377, -3.475185610682637094, -26.31451759764529186 ) ) ;
#3179 = ADVANCED_FACE ( 'NONE', ( #5664 ), #9486, .T. ) ;
#3180 = VERTEX_POINT ( 'NONE', #3171 ) ;
#3181 = CARTESIAN_POINT ( 'NONE',  ( 17.64212122275941397, 7.033348225016013977, -33.59634816116375333 ) ) ;
#3182 = CARTESIAN_POINT ( 'NONE',  ( 7.774056743307739659, 18.20279121155408575, -34.20800806837380748 ) ) ;
#3183 = DIRECTION ( 'NONE',  ( -0.000000000000000000, -0.000000000000000000, 1.000000000000000000 ) ) ;
#3184 = EDGE_CURVE ( 'NONE', #2280, #10080, #9467, .T. ) ;
#3185 = CARTESIAN_POINT ( 'NONE',  ( 16.46205883478120668, -9.536718758135661389, -34.29634816116375617 ) ) ;
#3186 = VERTEX_POINT ( 'NONE', #10450 ) ;
#3187 = ORIENTED_EDGE ( 'NONE', *, *, #11746, .F. ) ;
#3188 = CARTESIAN_POINT ( 'NONE',  ( 13.71773326906356516, -12.31791173875035561, -26.56606956038672251 ) ) ;
#3189 = VERTEX_POINT ( 'NONE', #3840 ) ;
#3190 = DIRECTION ( 'NONE',  ( -0.8523920528607231706, -0.5229032302633846996, 0.000000000000000000 ) ) ;
#3191 = VERTEX_POINT ( 'NONE', #253 ) ;
#3192 = DIRECTION ( 'NONE',  ( -0.000000000000000000, -0.000000000000000000, 1.000000000000000000 ) ) ;
#3193 = CARTESIAN_POINT ( 'NONE',  ( 13.19234697301714299, -12.85631373208914674, -26.29634816116375262 ) ) ;
#3194 = CARTESIAN_POINT ( 'NONE',  ( 0.000000000000000000, 6.937536495738196862, -37.89634816116375760 ) ) ;
#3195 = CARTESIAN_POINT ( 'NONE',  ( -13.25788756553152226, -12.79111144020435908, -34.29634816116375617 ) ) ;
#3196 = PLANE ( 'NONE',  #6540 ) ;
#3197 = CARTESIAN_POINT ( 'NONE',  ( -18.79951954134921266, 0.4875013579813130549, -34.29634816116375617 ) ) ;
#3198 = VERTEX_POINT ( 'NONE', #10324 ) ;
#3199 = B_SPLINE_CURVE_WITH_KNOTS ( 'NONE', 3,
 ( #4930, #7652, #2140, #11427, #1225, #497, #7594, #4016 ),
 .UNSPECIFIED., .F., .F.,
 ( 4, 2, 2, 4 ),
 ( 0.000000000000000000, 0.0002734140155771860609, 0.0005468280311543721219, 0.001093656062308726463 ),
 .UNSPECIFIED. ) ;
#3200 = DIRECTION ( 'NONE',  ( 0.000000000000000000, 0.000000000000000000, 1.000000000000000000 ) ) ;
#3201 = ADVANCED_FACE ( 'NONE', ( #1648 ), #3577, .F. ) ;
#3202 = CARTESIAN_POINT ( 'NONE',  ( -6.978372596543851003, 17.99420226003797296, -26.31451660138217719 ) ) ;
#3203 = EDGE_LOOP ( 'NONE', ( #4726, #7927, #4450, #10518 ) ) ;
#3204 = CARTESIAN_POINT ( 'NONE',  ( -13.26649516075515223, 13.87548721299535615, -26.99634816116374836 ) ) ;
#3205 = DIRECTION ( 'NONE',  ( -0.9380269381538496321, -0.3465623512410343499, 0.000000000000000000 ) ) ;
#3206 = CARTESIAN_POINT ( 'NONE',  ( -3.184081677783118191E-15, 0.5375364957382012809, -21.29634816116374907 ) ) ;
#3207 = DIRECTION ( 'NONE',  ( -0.1569032754149030928, 0.9876139742652870757, 0.000000000000000000 ) ) ;
#3208 = CARTESIAN_POINT ( 'NONE',  ( 10.39999999999998792, 0.5375364957382021691, -41.89634816116375760 ) ) ;
#3209 = CARTESIAN_POINT ( 'NONE',  ( -13.94249221797549509, -12.80802805487249785, -34.20800806837381458 ) ) ;
#3210 = ORIENTED_EDGE ( 'NONE', *, *, #3447, .T. ) ;
#3211 = LINE ( 'NONE', #6916, #11400 ) ;
#3212 = CARTESIAN_POINT ( 'NONE',  ( -12.75269500745296192, 14.35089167497130447, -33.68879833100304211 ) ) ;
#3213 = ORIENTED_EDGE ( 'NONE', *, *, #8216, .T. ) ;
#3214 = ORIENTED_EDGE ( 'NONE', *, *, #1303, .T. ) ;
#3215 = DIRECTION ( 'NONE',  ( 1.000000000000000000, 0.000000000000000000, 0.000000000000000000 ) ) ;
#3216 = DIRECTION ( 'NONE',  ( -0.000000000000000000, -0.000000000000000000, 1.000000000000000000 ) ) ;
#3217 = CARTESIAN_POINT ( 'NONE',  ( 0.7693927526465210720, 19.82219451168907298, -33.59634816116375333 ) ) ;
#3218 = DIRECTION ( 'NONE',  ( 0.000000000000000000, 0.000000000000000000, 1.000000000000000000 ) ) ;
#3219 = DIRECTION ( 'NONE',  ( -1.521687259628777768E-16, -1.000000000000000000, 0.000000000000000000 ) ) ;
#3220 = CARTESIAN_POINT ( 'NONE',  ( 16.00867175329652881, 11.31772335382229322, -26.29634816116374907 ) ) ;
#3221 = DIRECTION ( 'NONE',  ( 0.000000000000000000, 1.000000000000000000, -0.000000000000000000 ) ) ;
#3222 = EDGE_CURVE ( 'NONE', #9493, #6123, #1904, .T. ) ;
#3223 = CARTESIAN_POINT ( 'NONE',  ( 0.1048681680489843421, 1.064744378437762817, -34.29634816116375617 ) ) ;
#3224 = ADVANCED_FACE ( 'NONE', ( #4490 ), #4433, .F. ) ;
#3225 = EDGE_CURVE ( 'NONE', #11871, #2832, #3460, .T. ) ;
#3226 = CARTESIAN_POINT ( 'NONE',  ( 18.78503423634786174, -0.2124635042618676084, -33.59634816116375333 ) ) ;
#3227 = EDGE_CURVE ( 'NONE', #5617, #75, #8522, .T. ) ;
#3228 = ORIENTED_EDGE ( 'NONE', *, *, #11059, .T. ) ;
#3229 = AXIS2_PLACEMENT_3D ( 'NONE', #7185, #11851, #10881 ) ;
#3230 = ORIENTED_EDGE ( 'NONE', *, *, #1658, .T. ) ;
#3231 = DIRECTION ( 'NONE',  ( 0.5229032302633819240, -0.8523920528607248359, 0.000000000000000000 ) ) ;
#3232 = ORIENTED_EDGE ( 'NONE', *, *, #11226, .T. ) ;
#3233 = EDGE_LOOP ( 'NONE', ( #6310, #9705, #1109, #3670, #5852, #2986, #11845, #9717 ) ) ;
#3234 = EDGE_CURVE ( 'NONE', #10889, #3908, #1141, .T. ) ;
#3235 = CARTESIAN_POINT ( 'NONE',  ( -2.929189417950423646, 19.10793930813106201, -26.99634816116374836 ) ) ;
#3236 = EDGE_LOOP ( 'NONE', ( #5739, #735, #2081, #4896 ) ) ;
#3237 = CARTESIAN_POINT ( 'NONE',  ( 0.000000000000000000, 0.5375364957382021691, -21.29634816116374907 ) ) ;
#3238 = CARTESIAN_POINT ( 'NONE',  ( 19.06139814055714155, -2.488076386407551244, -33.77951245282524440 ) ) ;
#3239 = DIRECTION ( 'NONE',  ( 0.000000000000000000, -0.000000000000000000, -1.000000000000000000 ) ) ;
#3240 = B_SPLINE_CURVE_WITH_KNOTS ( 'NONE', 3,
 ( #10780, #10845, #10047, #4351, #703, #4405, #11016, #7991 ),
 .UNSPECIFIED., .F., .F.,
 ( 4, 2, 2, 4 ),
 ( 0.000000000000000000, 0.0002734111411466471470, 0.0005468222822932942940, 0.001093644564586588588 ),
 .UNSPECIFIED. ) ;
#3241 = AXIS2_PLACEMENT_3D ( 'NONE', #5958, #10626, #10442 ) ;
#3242 = DIRECTION ( 'NONE',  ( 0.000000000000000000, 0.000000000000000000, -1.000000000000000000 ) ) ;
#3243 = ADVANCED_FACE ( 'NONE', ( #6200 ), #3459, .T. ) ;
#3244 = VECTOR ( 'NONE', #7024, 1000.000000000000114 ) ;
#3245 = CARTESIAN_POINT ( 'NONE',  ( 13.81335517923287348, -12.21515851171499634, -26.99634816116374836 ) ) ;
#3246 = AXIS2_PLACEMENT_3D ( 'NONE', #5524, #2056, #7582 ) ;
#3247 = ORIENTED_EDGE ( 'NONE', *, *, #8565, .T. ) ;
#3248 = ORIENTED_EDGE ( 'NONE', *, *, #4431, .F. ) ;
#3249 = VECTOR ( 'NONE', #8413, 1000.000000000000000 ) ;
#3250 = CARTESIAN_POINT ( 'NONE',  ( -15.65902725766250470, 10.94038725138994828, -34.29634816116375617 ) ) ;
#3251 = VERTEX_POINT ( 'NONE', #8995 ) ;
#3252 = PLANE ( 'NONE',  #10222 ) ;
#3253 = ORIENTED_EDGE ( 'NONE', *, *, #9117, .T. ) ;
#3254 = DIRECTION ( 'NONE',  ( -0.000000000000000000, -0.000000000000000000, 1.000000000000000000 ) ) ;
#3255 = CARTESIAN_POINT ( 'NONE',  ( -8.090745338163426226, 18.05980346873544917, -34.29634816116375617 ) ) ;
#3256 = DIRECTION ( 'NONE',  ( -0.3826834323650873948, 0.9238795325112878487, 0.000000000000000000 ) ) ;
#3257 = CARTESIAN_POINT ( 'NONE',  ( 5.949999999999999289, 9.087536495738202547, -21.29634816116374907 ) ) ;
#3258 = CYLINDRICAL_SURFACE ( 'NONE', #2477, 19.33712077059222167 ) ;
#3259 = CIRCLE ( 'NONE', #9453, 11.99999999999998757 ) ;
#3260 = VECTOR ( 'NONE', #4519, 999.9999999999998863 ) ;
#3261 = CARTESIAN_POINT ( 'NONE',  ( -7.753965944771392671, -16.58889826103806087, -34.02662676194078273 ) ) ;
#3262 = VECTOR ( 'NONE', #2269, 1000.000000000000000 ) ;
#3263 = CIRCLE ( 'NONE', #3070, 19.30000000000008598 ) ;
#3264 = ORIENTED_EDGE ( 'NONE', *, *, #1946, .F. ) ;
#3265 = CARTESIAN_POINT ( 'NONE',  ( 3.697097124735971629, -18.40504708861671190, -34.29634816116375617 ) ) ;
#3266 = AXIS2_PLACEMENT_3D ( 'NONE', #2020, #8701, #6818 ) ;
#3267 = CIRCLE ( 'NONE', #1919, 10.39999999999998792 ) ;
#3268 = CARTESIAN_POINT ( 'NONE',  ( -6.820728415369785580, 18.05648405963434300, -26.38468553521233773 ) ) ;
#3269 = VERTEX_POINT ( 'NONE', #5408 ) ;
#3270 = DIRECTION ( 'NONE',  ( 0.000000000000000000, -0.000000000000000000, -1.000000000000000000 ) ) ;
#3271 = FACE_OUTER_BOUND ( 'NONE', #7025, .T. ) ;
#3272 = CARTESIAN_POINT ( 'NONE',  ( 16.38845051940284492, -9.656228983274084854, -34.02662297194007124 ) ) ;
#3273 = CYLINDRICAL_SURFACE ( 'NONE', #11002, 0.7000000000000002887 ) ;
#3274 = DIRECTION ( 'NONE',  ( -0.000000000000000000, -0.000000000000000000, 1.000000000000000000 ) ) ;
#3275 = CARTESIAN_POINT ( 'NONE',  ( 0.000000000000000000, 0.000000000000000000, 0.000000000000000000 ) ) ;
#3276 = EDGE_CURVE ( 'NONE', #7416, #5862, #5964, .T. ) ;
#3277 = VECTOR ( 'NONE', #3392, 1000.000000000000114 ) ;
#3278 = CARTESIAN_POINT ( 'NONE',  ( 0.4161881913414006151, 19.33307239186381921, -34.22033216491848862 ) ) ;
#3279 = VECTOR ( 'NONE', #9136, 1000.000000000000000 ) ;
#3280 = ORIENTED_EDGE ( 'NONE', *, *, #1243, .F. ) ;
#3281 = CARTESIAN_POINT ( 'NONE',  ( 10.30347835960026615, 16.85723332988559520, -26.43662752414719463 ) ) ;
#3282 = DIRECTION ( 'NONE',  ( 0.9876139742652858544, 0.1569032754149101705, 0.000000000000000000 ) ) ;
#3283 = EDGE_LOOP ( 'NONE', ( #1858, #8459, #1848, #6409 ) ) ;
#3284 = EDGE_LOOP ( 'NONE', ( #6351, #2208, #3210, #7454 ) ) ;
#3285 = CARTESIAN_POINT ( 'NONE',  ( 0.000000000000000000, 0.5375364957382021691, -42.69634816116374054 ) ) ;
#3286 = VECTOR ( 'NONE', #1194, 999.9999999999998863 ) ;
#3287 = CARTESIAN_POINT ( 'NONE',  ( -10.84058986862928364, -14.82203541187546669, -26.43662391211885421 ) ) ;
#3288 = DIRECTION ( 'NONE',  ( 0.1950903220161321339, 0.9807852804032296534, 0.000000000000000000 ) ) ;
#3289 = CARTESIAN_POINT ( 'NONE',  ( -18.78503423634787595, -0.2124635042615988234, -34.29634816116375617 ) ) ;
#3290 = CARTESIAN_POINT ( 'NONE',  ( -15.21321162429150853, -10.50776351040238232, -26.81318187454957780 ) ) ;
#3291 = CARTESIAN_POINT ( 'NONE',  ( -0.7318237867870310831, -18.24822657357095679, -33.77951444777792744 ) ) ;
#3292 = LINE ( 'NONE', #5058, #8996 ) ;
#3293 = VECTOR ( 'NONE', #3690, 1000.000000000000000 ) ;
#3294 = CARTESIAN_POINT ( 'NONE',  ( 0.2840405426658258459, -0.07936508541467172939, -26.29634816116374907 ) ) ;
#3295 = ORIENTED_EDGE ( 'NONE', *, *, #9451, .F. ) ;
#3296 = ORIENTED_EDGE ( 'NONE', *, *, #1077, .F. ) ;
#3297 = DIRECTION ( 'NONE',  ( 0.000000000000000000, 0.000000000000000000, 1.000000000000000000 ) ) ;
#3298 = EDGE_CURVE ( 'NONE', #9810, #11897, #668, .T. ) ;
#3299 = VERTEX_POINT ( 'NONE', #6259 ) ;
#3300 = ORIENTED_EDGE ( 'NONE', *, *, #6633, .T. ) ;
#3301 = DIRECTION ( 'NONE',  ( 1.000000000000000000, 0.000000000000000000, 0.000000000000000000 ) ) ;
#3302 = VERTEX_POINT ( 'NONE', #5345 ) ;
#3303 = VECTOR ( 'NONE', #8323, 1000.000000000000000 ) ;
#3304 = PLANE ( 'NONE',  #11953 ) ;
#3305 = CARTESIAN_POINT ( 'NONE',  ( 19.29853274190027790, 0.7901556411468525498, -26.31451759764529541 ) ) ;
#3306 = CYLINDRICAL_SURFACE ( 'NONE', #829, 0.7000000000000000666 ) ;
#3307 = EDGE_CURVE ( 'NONE', #11129, #8, #9953, .T. ) ;
#3308 = CARTESIAN_POINT ( 'NONE',  ( -18.87875886479817567, 4.552091394693670523, -26.29634816116374907 ) ) ;
#3309 = DIRECTION ( 'NONE',  ( -0.1569032754149169706, -0.9876139742652848552, 0.000000000000000000 ) ) ;
#3310 = CARTESIAN_POINT ( 'NONE',  ( -17.64212122275947081, -5.958275233539479743, -26.99634816116374836 ) ) ;
#3311 = ORIENTED_EDGE ( 'NONE', *, *, #2496, .T. ) ;
#3312 = ORIENTED_EDGE ( 'NONE', *, *, #7149, .F. ) ;
#3313 = CARTESIAN_POINT ( 'NONE',  ( -7.620479498464079349, 18.27034449462578891, -34.29634816116377038 ) ) ;
#3314 = VERTEX_POINT ( 'NONE', #729 ) ;
#3315 = CARTESIAN_POINT ( 'NONE',  ( -13.25788756553123804, 13.86618443168104520, -26.29634816116374907 ) ) ;
#3316 = ORIENTED_EDGE ( 'NONE', *, *, #1683, .F. ) ;
#3317 = CARTESIAN_POINT ( 'NONE',  ( 17.66003484619616160, 8.324052372765571306, -34.22032890332829425 ) ) ;
#3318 = EDGE_CURVE ( 'NONE', #1357, #8724, #7156, .T. ) ;
#3319 = FACE_OUTER_BOUND ( 'NONE', #1242, .T. ) ;
#3320 = DIRECTION ( 'NONE',  ( -0.1569032754148996234, 0.9876139742652875197, 0.000000000000000000 ) ) ;
#3321 = CARTESIAN_POINT ( 'NONE',  ( -13.12755238451720174, -12.91981213222067915, -34.27817972094533872 ) ) ;
#3322 = CARTESIAN_POINT ( 'NONE',  ( 7.454906079864032975, -17.27749051142540182, -26.99634816116374836 ) ) ;
#3323 = CARTESIAN_POINT ( 'NONE',  ( 14.00000000000000000, 0.5375364957381987274, -29.44634816116375120 ) ) ;
#3324 = ORIENTED_EDGE ( 'NONE', *, *, #7875, .T. ) ;
#3325 = EDGE_CURVE ( 'NONE', #9795, #10844, #7943, .T. ) ;
#3326 = CARTESIAN_POINT ( 'NONE',  ( -13.25788756553123804, 13.86618443168104520, -26.29634816116374907 ) ) ;
#3327 = ORIENTED_EDGE ( 'NONE', *, *, #6773, .F. ) ;
#3328 = CARTESIAN_POINT ( 'NONE',  ( 17.64212122275942107, 7.033348225016014865, -33.59634816116375333 ) ) ;
#3329 = ORIENTED_EDGE ( 'NONE', *, *, #7386, .F. ) ;
#3330 = LINE ( 'NONE', #10740, #11227 ) ;
#3331 = CARTESIAN_POINT ( 'NONE',  ( -7.823042886243198879, 14.83753649573822919, -44.29634816116374907 ) ) ;
#3332 = PLANE ( 'NONE',  #5830 ) ;
#3333 = DIRECTION ( 'NONE',  ( -0.000000000000000000, -0.000000000000000000, 1.000000000000000000 ) ) ;
#3334 = LINE ( 'NONE', #7047, #11375 ) ;
#3335 = EDGE_CURVE ( 'NONE', #5151, #286, #11947, .T. ) ;
#3336 = ORIENTED_EDGE ( 'NONE', *, *, #10550, .T. ) ;
#3337 = CARTESIAN_POINT ( 'NONE',  ( -13.81335517923279177, 13.29023150319149416, -26.90389799132447735 ) ) ;
#3338 = CARTESIAN_POINT ( 'NONE',  ( -17.34934370704268858, 7.778027600316643309, -34.29634816116375617 ) ) ;
#3339 = ORIENTED_EDGE ( 'NONE', *, *, #10801, .F. ) ;
#3340 = VERTEX_POINT ( 'NONE', #4848 ) ;
#3341 = CARTESIAN_POINT ( 'NONE',  ( -18.79951954134921266, 0.5875716334954894648, -26.29634816116374907 ) ) ;
#3342 = VECTOR ( 'NONE', #5260, 1000.000000000000114 ) ;
#3343 = CARTESIAN_POINT ( 'NONE',  ( 17.10017454126973746, -7.275097608583141806, -26.63019140205943103 ) ) ;
#3344 = DIRECTION ( 'NONE',  ( 1.000000000000000000, 0.000000000000000000, 0.000000000000000000 ) ) ;
#3345 = CARTESIAN_POINT ( 'NONE',  ( 14.12026275564031685, -12.61956850867363045, -33.94899550485384765 ) ) ;
#3346 = CARTESIAN_POINT ( 'NONE',  ( -10.49350092129234646, -15.07615178093612585, -26.99634816116374836 ) ) ;
#3347 = DIRECTION ( 'NONE',  ( 0.8314696123025483443, 0.5555702330195977368, 0.000000000000000000 ) ) ;
#3348 = CARTESIAN_POINT ( 'NONE',  ( 18.27776732936861137, -3.862830842817394750, -33.59634816116375333 ) ) ;
#3349 = DIRECTION ( 'NONE',  ( -0.000000000000000000, -0.000000000000000000, 1.000000000000000000 ) ) ;
#3350 = AXIS2_PLACEMENT_3D ( 'NONE', #3511, #7219, #5336 ) ;
#3351 = ORIENTED_EDGE ( 'NONE', *, *, #713, .F. ) ;
#3352 = B_SPLINE_CURVE_WITH_KNOTS ( 'NONE', 3,
 ( #6386, #853, #4607, #4549, #7518, #798, #10083, #10134 ),
 .UNSPECIFIED., .F., .F.,
 ( 4, 2, 2, 4 ),
 ( 0.000000000000000000, 0.0002734111411466461712, 0.0005468222822932923425, 0.001093644564586587504 ),
 .UNSPECIFIED. ) ;
#3353 = VERTEX_POINT ( 'NONE', #11273 ) ;
#3354 = DIRECTION ( 'NONE',  ( 0.9724806208309322297, 0.2329837807837371599, 0.000000000000000000 ) ) ;
#3355 = VERTEX_POINT ( 'NONE', #9339 ) ;
#3356 = ORIENTED_EDGE ( 'NONE', *, *, #8165, .T. ) ;
#3357 = CARTESIAN_POINT ( 'NONE',  ( 18.76400763978411135, 5.054395724685537772, -34.29634816116375617 ) ) ;
#3358 = EDGE_CURVE ( 'NONE', #3302, #11450, #10687, .T. ) ;
#3359 = ORIENTED_EDGE ( 'NONE', *, *, #5976, .T. ) ;
#3360 = LINE ( 'NONE', #1552, #2095 ) ;
#3361 = CARTESIAN_POINT ( 'NONE',  ( -16.03586280835078526, 10.35034013448047752, -33.59634816116375333 ) ) ;
#3362 = CARTESIAN_POINT ( 'NONE',  ( 0.000000000000000000, 6.137536495738200593, -37.09634816116376044 ) ) ;
#3363 = CARTESIAN_POINT ( 'NONE',  ( -0.3800957012717393058, 0.9176321970099368119, -26.29634816116374907 ) ) ;
#3364 = AXIS2_PLACEMENT_3D ( 'NONE', #8698, #9661, #5242 ) ;
#3365 = EDGE_CURVE ( 'NONE', #9201, #8953, #369, .T. ) ;
#3366 = CYLINDRICAL_SURFACE ( 'NONE', #8899, 19.33712077059222167 ) ;
#3367 = ADVANCED_FACE ( 'NONE', ( #4723 ), #7506, .F. ) ;
#3368 = FACE_OUTER_BOUND ( 'NONE', #7944, .T. ) ;
#3369 = ORIENTED_EDGE ( 'NONE', *, *, #4346, .F. ) ;
#3370 = ADVANCED_FACE ( 'NONE', ( #1936, #4671 ), #1076, .T. ) ;
#3371 = ORIENTED_EDGE ( 'NONE', *, *, #8244, .T. ) ;
#3372 = B_SPLINE_CURVE_WITH_KNOTS ( 'NONE', 3,
 ( #11462, #4116, #2230, #5816, #3261, #11397, #7817, #10412 ),
 .UNSPECIFIED., .F., .F.,
 ( 4, 2, 2, 4 ),
 ( 0.000000000000000000, 0.0002734140155771859525, 0.0005468280311543719050, 0.001093656062308727547 ),
 .UNSPECIFIED. ) ;
#3373 = DIRECTION ( 'NONE',  ( -0.000000000000000000, -0.000000000000000000, 1.000000000000000000 ) ) ;
#3374 = EDGE_LOOP ( 'NONE', ( #5654, #9689, #8457, #6425 ) ) ;
#3375 = CARTESIAN_POINT ( 'NONE',  ( 7.240491104578138604, -16.81180721130461109, -34.29634816116375617 ) ) ;
#3376 = ORIENTED_EDGE ( 'NONE', *, *, #2597, .T. ) ;
#3377 = CARTESIAN_POINT ( 'NONE',  ( 13.80101801834306485, 13.30359938953977306, -33.77951444777792034 ) ) ;
#3378 = CARTESIAN_POINT ( 'NONE',  ( -19.29853274190027790, 0.7901556411471259977, -34.27817872468220628 ) ) ;
#3379 = EDGE_CURVE ( 'NONE', #10889, #4348, #11211, .T. ) ;
#3380 = DIRECTION ( 'NONE',  ( 0.8092959084338446907, -0.5874011683613151735, 0.000000000000000000 ) ) ;
#3381 = CARTESIAN_POINT ( 'NONE',  ( -12.94954787196703094, -13.09125830778778621, -34.15607241020865104 ) ) ;
#3382 = CARTESIAN_POINT ( 'NONE',  ( -3.198396408832238080E-15, 0.5375364957382012809, -26.29634816116374907 ) ) ;
#3383 = EDGE_CURVE ( 'NONE', #4715, #11246, #8670, .T. ) ;
#3384 = CARTESIAN_POINT ( 'NONE',  ( -4.400367338555660979, -17.74023083363039888, -33.59634816116375333 ) ) ;
#3385 = EDGE_CURVE ( 'NONE', #11352, #1889, #10838, .T. ) ;
#3386 = EDGE_CURVE ( 'NONE', #6370, #10498, #4598, .T. ) ;
#3387 = EDGE_CURVE ( 'NONE', #2805, #3846, #3694, .T. ) ;
#3388 = EDGE_CURVE ( 'NONE', #10481, #9149, #7574, .T. ) ;
#3389 = ORIENTED_EDGE ( 'NONE', *, *, #1150, .F. ) ;
#3390 = CARTESIAN_POINT ( 'NONE',  ( -11.06000805719570756, 15.74004395455983563, -34.29634816116375617 ) ) ;
#3391 = EDGE_LOOP ( 'NONE', ( #4277, #2753, #51, #9898 ) ) ;
#3392 = DIRECTION ( 'NONE',  ( -0.5874011683613097334, 0.8092959084338484654, 0.000000000000000000 ) ) ;
#3393 = EDGE_LOOP ( 'NONE', ( #4524, #7335, #1298, #7578 ) ) ;
#3394 = CARTESIAN_POINT ( 'NONE',  ( 13.76132084478545359, 14.06989014702982566, -34.29634816116374196 ) ) ;
#3395 = DIRECTION ( 'NONE',  ( 0.8092959084338425813, -0.5874011683613181711, 0.000000000000000000 ) ) ;
#3396 = EDGE_CURVE ( 'NONE', #943, #5492, #2047, .T. ) ;
#3397 = CARTESIAN_POINT ( 'NONE',  ( 16.31969683414735073, -9.765941863862128258, -26.43662752414719463 ) ) ;
#3398 = B_SPLINE_CURVE_WITH_KNOTS ( 'NONE', 3,
 ( #8085, #8208, #6266, #9960, #1653, #5468, #5351, #9055 ),
 .UNSPECIFIED., .F., .F.,
 ( 4, 2, 2, 4 ),
 ( 0.000000000000000000, 0.0002734140155771816157, 0.0005468280311543632314, 0.001093656062308726246 ),
 .UNSPECIFIED. ) ;
#3399 = CARTESIAN_POINT ( 'NONE',  ( -7.881631028044558285, 17.60563256995007109, -34.29634816116375617 ) ) ;
#3400 = CARTESIAN_POINT ( 'NONE',  ( 18.11113469183634095, 7.206629400636532345, -33.78124629862856665 ) ) ;
#3401 = CARTESIAN_POINT ( 'NONE',  ( 17.64212122275941397, 7.033348225016013977, -33.59634816116375333 ) ) ;
#3402 = CARTESIAN_POINT ( 'NONE',  ( -12.75269500745296014, 14.35089167497130447, -33.59634816116375333 ) ) ;
#3403 = EDGE_LOOP ( 'NONE', ( #3639, #8969, #114, #3965 ) ) ;
#3404 = ORIENTED_EDGE ( 'NONE', *, *, #8607, .T. ) ;
#3405 = EDGE_CURVE ( 'NONE', #7260, #11616, #7399, .T. ) ;
#3406 = FACE_OUTER_BOUND ( 'NONE', #11913, .T. ) ;
#3407 = CARTESIAN_POINT ( 'NONE',  ( 17.06809607421178043, 8.419167523782942197, -33.59634816116375333 ) ) ;
#3408 = CARTESIAN_POINT ( 'NONE',  ( 16.46205883478120668, -9.536718758135661389, -34.29634816116375617 ) ) ;
#3409 = DIRECTION ( 'NONE',  ( 1.000000000000000000, 0.000000000000000000, 0.000000000000000000 ) ) ;
#3410 = CARTESIAN_POINT ( 'NONE',  ( -6.977030442778167085, -16.92041833971022058, -26.29634816116374552 ) ) ;
#3411 = PLANE ( 'NONE',  #8467 ) ;
#3412 = CARTESIAN_POINT ( 'NONE',  ( -17.80417973997793624, -6.912375167265770948, -26.29634816116374907 ) ) ;
#3413 = CARTESIAN_POINT ( 'NONE',  ( -18.27776732936867887, -3.862830842817129628, -34.29634816116375617 ) ) ;
#3414 = EDGE_LOOP ( 'NONE', ( #7481, #1034, #3020, #1624, #3496, #8334, #5393, #7662 ) ) ;
#3415 = ORIENTED_EDGE ( 'NONE', *, *, #415, .F. ) ;
#3416 = CARTESIAN_POINT ( 'NONE',  ( -18.78503423634786529, 1.287536495738399234, -26.99634816116374836 ) ) ;
#3417 = EDGE_LOOP ( 'NONE', ( #8286, #1490, #10090, #473 ) ) ;
#3418 = ORIENTED_EDGE ( 'NONE', *, *, #2357, .T. ) ;
#3419 = CYLINDRICAL_SURFACE ( 'NONE', #6558, 0.6999999999999999556 ) ;
#3420 = ORIENTED_EDGE ( 'NONE', *, *, #10204, .F. ) ;
#3421 = DIRECTION ( 'NONE',  ( 0.000000000000000000, -0.7071067811865451302, 0.7071067811865500152 ) ) ;
#3422 = CARTESIAN_POINT ( 'NONE',  ( 7.881631028044806087, 17.60563256994996451, -33.59634816116375333 ) ) ;
#3423 = CARTESIAN_POINT ( 'NONE',  ( 18.79928032667994486, 0.6800208136454848340, -34.29634816116376328 ) ) ;
#3424 = CARTESIAN_POINT ( 'NONE',  ( 3.716678047685282316, -17.89099417793287117, -26.29634816116374907 ) ) ;
#3425 = CARTESIAN_POINT ( 'NONE',  ( 18.51298400176435166, -2.734356414060697738, -34.20801078711516396 ) ) ;
#3426 = LINE ( 'NONE', #6232, #10804 ) ;
#3427 = EDGE_CURVE ( 'NONE', #4334, #8, #6542, .T. ) ;
#3428 = ORIENTED_EDGE ( 'NONE', *, *, #4997, .T. ) ;
#3429 = ORIENTED_EDGE ( 'NONE', *, *, #1619, .F. ) ;
#3430 = LINE ( 'NONE', #7863, #1318 ) ;
#3431 = ORIENTED_EDGE ( 'NONE', *, *, #790, .T. ) ;
#3432 = CARTESIAN_POINT ( 'NONE',  ( 10.14956831309651974, 16.95330621400693616, -33.94899550485384765 ) ) ;
#3433 = ORIENTED_EDGE ( 'NONE', *, *, #707, .T. ) ;
#3434 = CARTESIAN_POINT ( 'NONE',  ( 13.39385022782720469, -12.65481047727909214, -34.29634816116376328 ) ) ;
#3435 = AXIS2_PLACEMENT_3D ( 'NONE', #676, #10933, #2500 ) ;
#3436 = CARTESIAN_POINT ( 'NONE',  ( -7.881631028044554732, 17.60563256995007109, -26.90389799132446313 ) ) ;
#3437 = PLANE ( 'NONE',  #2151 ) ;
#3438 = AXIS2_PLACEMENT_3D ( 'NONE', #9006, #3532, #4327 ) ;
#3439 = LINE ( 'NONE', #1802, #2466 ) ;
#3440 = CARTESIAN_POINT ( 'NONE',  ( -3.171291354520100469E-15, 0.5375364957382012809, -34.29634816116375617 ) ) ;
#3441 = DIRECTION ( 'NONE',  ( -0.7071067811865560104, -0.7071067811865389130, 0.000000000000000000 ) ) ;
#3442 = AXIS2_PLACEMENT_3D ( 'NONE', #7694, #414, #6901 ) ;
#3443 = ORIENTED_EDGE ( 'NONE', *, *, #8064, .T. ) ;
#3444 = AXIS2_PLACEMENT_3D ( 'NONE', #820, #24, #2639 ) ;
#3445 = CARTESIAN_POINT ( 'NONE',  ( 7.881631028044806087, 17.60563256994996451, -33.59634816116375333 ) ) ;
#3446 = ORIENTED_EDGE ( 'NONE', *, *, #4862, .F. ) ;
#3447 = EDGE_CURVE ( 'NONE', #9518, #8386, #3822, .T. ) ;
#3448 = CARTESIAN_POINT ( 'NONE',  ( 10.40285075565146755, -15.12149076192448227, -34.29634816116375617 ) ) ;
#3449 = EDGE_LOOP ( 'NONE', ( #9175, #6396, #11324, #2162 ) ) ;
#3450 = CARTESIAN_POINT ( 'NONE',  ( 7.148038225217954178, 17.92517543929244539, -34.29634816116375617 ) ) ;
#3451 = VECTOR ( 'NONE', #5558, 1000.000000000000000 ) ;
#3452 = DIRECTION ( 'NONE',  ( 0.2329837807837476238, 0.9724806208309297872, 0.000000000000000000 ) ) ;
#3453 = VECTOR ( 'NONE', #935, 1000.000000000000114 ) ;
#3454 = CARTESIAN_POINT ( 'NONE',  ( -3.437090728611392976, -17.94611974861194525, -26.29634816116374196 ) ) ;
#3455 = CARTESIAN_POINT ( 'NONE',  ( -13.99600952451419822, 13.82685131836692349, -26.43662752414719108 ) ) ;
#3456 = CARTESIAN_POINT ( 'NONE',  ( -3.184081677783118191E-15, 0.5375364957382012809, -46.29634816116374907 ) ) ;
#3457 = AXIS2_PLACEMENT_3D ( 'NONE', #5000, #10699, #11550 ) ;
#3458 = EDGE_CURVE ( 'NONE', #7415, #8034, #3016, .T. ) ;
#3459 = CYLINDRICAL_SURFACE ( 'NONE', #1328, 19.33712077059222167 ) ;
#3460 = CIRCLE ( 'NONE', #11415, 19.30000000000008598 ) ;
#3461 = EDGE_CURVE ( 'NONE', #7890, #11620, #8877, .T. ) ;
#3462 = VECTOR ( 'NONE', #9128, 1000.000000000000000 ) ;
#3463 = VECTOR ( 'NONE', #7484, 1000.000000000000114 ) ;
#3464 = LINE ( 'NONE', #9956, #9450 ) ;
#3465 = DIRECTION ( 'NONE',  ( -0.000000000000000000, -0.000000000000000000, 1.000000000000000000 ) ) ;
#3466 = VERTEX_POINT ( 'NONE', #10539 ) ;
#3467 = ORIENTED_EDGE ( 'NONE', *, *, #9765, .T. ) ;
#3468 = DIRECTION ( 'NONE',  ( 0.000000000000000000, 0.000000000000000000, 1.000000000000000000 ) ) ;
#3469 = EDGE_CURVE ( 'NONE', #906, #5480, #3372, .T. ) ;
#3470 = CARTESIAN_POINT ( 'NONE',  ( -8.090745338163806366, -16.98473047725886786, -26.90389895507296814 ) ) ;
#3471 = CARTESIAN_POINT ( 'NONE',  ( -0.4026796053972659939, -18.25804035090772715, -26.38468553521233773 ) ) ;
#3472 = CARTESIAN_POINT ( 'NONE',  ( 13.82475207952428420, -12.92995816223411865, -26.31451759764529186 ) ) ;
#3473 = CARTESIAN_POINT ( 'NONE',  ( 10.07425525387368204, -15.92452233904311676, -33.59634816116375333 ) ) ;
#3474 = CARTESIAN_POINT ( 'NONE',  ( 11.07100065386105392, -15.27164207068428325, -26.38468825395370132 ) ) ;
#3475 = VECTOR ( 'NONE', #7222, 1000.000000000000000 ) ;
#3476 = AXIS2_PLACEMENT_3D ( 'NONE', #11063, #6400, #2744 ) ;
#3477 = CARTESIAN_POINT ( 'NONE',  ( 3.527811130911640447, 19.00339123378273243, -34.29634816116377038 ) ) ;
#3478 = ORIENTED_EDGE ( 'NONE', *, *, #5403, .T. ) ;
#3479 = ORIENTED_EDGE ( 'NONE', *, *, #1457, .T. ) ;
#3480 = CIRCLE ( 'NONE', #10254, 19.30000000000008953 ) ;
#3481 = FACE_OUTER_BOUND ( 'NONE', #700, .T. ) ;
#3482 = EDGE_LOOP ( 'NONE', ( #6940, #4259, #11658, #2883 ) ) ;
#3483 = EDGE_LOOP ( 'NONE', ( #3264, #1181, #11131, #3214 ) ) ;
#3484 = CARTESIAN_POINT ( 'NONE',  ( 7.062534776388841529, -16.88526021185852244, -26.29634816116374196 ) ) ;
#3485 = EDGE_LOOP ( 'NONE', ( #768, #7062, #4716, #1846 ) ) ;
#3486 = CYLINDRICAL_SURFACE ( 'NONE', #9454, 0.7000000000000001776 ) ;
#3487 = CARTESIAN_POINT ( 'NONE',  ( 18.11113469183629832, -6.131556409160264565, -26.99634816116374836 ) ) ;
#3488 = CARTESIAN_POINT ( 'NONE',  ( -15.66983054716641277, 10.94701457148297941, -34.29634816116375617 ) ) ;
#3489 = LINE ( 'NONE', #5316, #9811 ) ;
#3490 = AXIS2_PLACEMENT_3D ( 'NONE', #11890, #43, #1761 ) ;
#3491 = CYLINDRICAL_SURFACE ( 'NONE', #2687, 0.7000000000000001776 ) ;
#3492 = B_SPLINE_CURVE_WITH_KNOTS ( 'NONE', 3,
 ( #8741, #6904, #1447, #4121, #11522, #6122, #5150, #7821 ),
 .UNSPECIFIED., .F., .F.,
 ( 4, 2, 2, 4 ),
 ( 0.000000000000000000, 0.0002734111411466473639, 0.0005468222822932947277, 0.001093644564586587721 ),
 .UNSPECIFIED. ) ;
#3493 = CARTESIAN_POINT ( 'NONE',  ( 13.95200539898925385, 13.87351061158877741, -26.37236741899921100 ) ) ;
#3494 = B_SPLINE_CURVE_WITH_KNOTS ( 'NONE', 3,
 ( #1464, #377, #4261, #11721, #8868, #3164, #5112, #11663 ),
 .UNSPECIFIED., .F., .F.,
 ( 4, 2, 2, 4 ),
 ( 0.000000000000000000, 0.0002734111411466474723, 0.0005468222822932949445, 0.001093644564586589889 ),
 .UNSPECIFIED. ) ;
#3495 = VERTEX_POINT ( 'NONE', #8735 ) ;
#3496 = ORIENTED_EDGE ( 'NONE', *, *, #6793, .T. ) ;
#3497 = AXIS2_PLACEMENT_3D ( 'NONE', #10147, #7419, #3772 ) ;
#3498 = CARTESIAN_POINT ( 'NONE',  ( -17.38763894355432882, -6.610501729479558719, -26.29634816116374907 ) ) ;
#3499 = ORIENTED_EDGE ( 'NONE', *, *, #9917, .F. ) ;
#3500 = CYLINDRICAL_SURFACE ( 'NONE', #1907, 0.6999999999999998446 ) ;
#3501 = ORIENTED_EDGE ( 'NONE', *, *, #3092, .T. ) ;
#3502 = CARTESIAN_POINT ( 'NONE',  ( 3.897931238696113798, 18.92952586324294018, -34.29634816116376328 ) ) ;
#3503 = FACE_OUTER_BOUND ( 'NONE', #3118, .T. ) ;
#3504 = EDGE_CURVE ( 'NONE', #4738, #5832, #9077, .T. ) ;
#3505 = CARTESIAN_POINT ( 'NONE',  ( -15.24743017919733745, -10.46105859274455696, -33.96250492026806711 ) ) ;
#3506 = CARTESIAN_POINT ( 'NONE',  ( 6.686170880325814636, 18.64240742442822452, -33.77951245282524440 ) ) ;
#3507 = DIRECTION ( 'NONE',  ( 0.9876139742652858544, 0.1569032754149101705, 0.000000000000000000 ) ) ;
#3508 = VECTOR ( 'NONE', #3615, 1000.000000000000000 ) ;
#3509 = FACE_BOUND ( 'NONE', #3233, .T. ) ;
#3510 = VERTEX_POINT ( 'NONE', #7631 ) ;
#3511 = CARTESIAN_POINT ( 'NONE',  ( -0.05052670855580122800, -18.27464759431479280, -26.99634816116374836 ) ) ;
#3512 = VERTEX_POINT ( 'NONE', #3197 ) ;
#3513 = AXIS2_PLACEMENT_3D ( 'NONE', #156, #3929, #10476 ) ;
#3514 = CARTESIAN_POINT ( 'NONE',  ( 18.78503423634785818, -0.2124635042618674696, -26.99634816116374836 ) ) ;
#3515 = VERTEX_POINT ( 'NONE', #8790 ) ;
#3516 = DIRECTION ( 'NONE',  ( -0.9807852804032332061, -0.1950903220161148144, 0.000000000000000000 ) ) ;
#3517 = CYLINDRICAL_SURFACE ( 'NONE', #5802, 19.33712077059222167 ) ;
#3518 = EDGE_CURVE ( 'NONE', #4546, #7513, #11976, .T. ) ;
#3519 = CARTESIAN_POINT ( 'NONE',  ( -19.28465801595088180, -0.2318562569081147051, -33.68879736725454421 ) ) ;
#3520 = CARTESIAN_POINT ( 'NONE',  ( -3.082842816221323279, 19.59016792636712267, -33.96250106665636537 ) ) ;
#3521 = DIRECTION ( 'NONE',  ( -0.1569032754149136677, -0.9876139742652854103, 0.000000000000000000 ) ) ;
#3522 = EDGE_CURVE ( 'NONE', #8153, #11254, #7331, .T. ) ;
#3523 = EDGE_CURVE ( 'NONE', #8331, #11780, #10458, .T. ) ;
#3524 = B_SPLINE_CURVE_WITH_KNOTS ( 'NONE', 3,
 ( #11347, #9524, #2130, #8626, #7585, #11417, #2006, #3102 ),
 .UNSPECIFIED., .F., .F.,
 ( 4, 2, 2, 4 ),
 ( 0.000000000000000000, 0.0002734140155771816157, 0.0005468280311543632314, 0.001093656062308726246 ),
 .UNSPECIFIED. ) ;
#3525 = DIRECTION ( 'NONE',  ( -0.000000000000000000, -0.000000000000000000, 1.000000000000000000 ) ) ;
#3526 = ORIENTED_EDGE ( 'NONE', *, *, #4640, .T. ) ;
#3527 = ORIENTED_EDGE ( 'NONE', *, *, #11627, .T. ) ;
#3528 = CARTESIAN_POINT ( 'NONE',  ( -14.18035528873435780, 13.62980611888861482, -33.59634816116375333 ) ) ;
#3529 = PLANE ( 'NONE',  #5759 ) ;
#3530 = CYLINDRICAL_SURFACE ( 'NONE', #1365, 1.699999999999998401 ) ;
#3531 = CARTESIAN_POINT ( 'NONE',  ( 15.25429759483133374, 11.52590058161438336, -26.64369750929288827 ) ) ;
#3532 = DIRECTION ( 'NONE',  ( -0.000000000000000000, 0.000000000000000000, 1.000000000000000000 ) ) ;
#3533 = DIRECTION ( 'NONE',  ( -1.014458173085851845E-16, -1.000000000000000000, 0.000000000000000000 ) ) ;
#3534 = DIRECTION ( 'NONE',  ( -0.8314696123025522301, -0.5555702330195918526, 0.000000000000000000 ) ) ;
#3535 = EDGE_CURVE ( 'NONE', #10292, #2100, #6974, .T. ) ;
#3536 = EDGE_CURVE ( 'NONE', #9067, #1403, #5545, .T. ) ;
#3537 = EDGE_LOOP ( 'NONE', ( #7249, #5849, #7548, #11107 ) ) ;
#3538 = EDGE_LOOP ( 'NONE', ( #5006, #2397, #1722, #6321 ) ) ;
#3539 = AXIS2_PLACEMENT_3D ( 'NONE', #6814, #190, #7595 ) ;
#3540 = PLANE ( 'NONE',  #7713 ) ;
#3541 = ORIENTED_EDGE ( 'NONE', *, *, #3568, .T. ) ;
#3542 = ORIENTED_EDGE ( 'NONE', *, *, #11461, .F. ) ;
#3543 = DIRECTION ( 'NONE',  ( 1.000000000000000000, 0.000000000000000000, 0.000000000000000000 ) ) ;
#3544 = ORIENTED_EDGE ( 'NONE', *, *, #3325, .T. ) ;
#3545 = CARTESIAN_POINT ( 'NONE',  ( -18.57040281239279622, 3.466725913689080674, -33.78124828719859352 ) ) ;
#3546 = FACE_OUTER_BOUND ( 'NONE', #4400, .T. ) ;
#3547 = CARTESIAN_POINT ( 'NONE',  ( 13.09226962315015541, -13.64281879299638156, -33.59634816116375333 ) ) ;
#3548 = CARTESIAN_POINT ( 'NONE',  ( 18.41026011511891980, -3.269767678557156554, -26.29634816116374907 ) ) ;
#3549 = DIRECTION ( 'NONE',  ( 0.9876139742652837450, -0.1569032754149237430, 0.000000000000000000 ) ) ;
#3550 = B_SPLINE_CURVE_WITH_KNOTS ( 'NONE', 3,
 ( #1673, #1623, #8833, #3552 ),
 .UNSPECIFIED., .F., .F.,
 ( 4, 4 ),
 ( 0.000000000000000000, 0.001436421592981045135 ),
 .UNSPECIFIED. ) ;
#3551 = AXIS2_PLACEMENT_3D ( 'NONE', #11428, #5900, #9597 ) ;
#3552 = CARTESIAN_POINT ( 'NONE',  ( -8.074651695274550178, -14.76246350426184151, -45.29634816116374907 ) ) ;
#3553 = VERTEX_POINT ( 'NONE', #1442 ) ;
#3554 = ORIENTED_EDGE ( 'NONE', *, *, #3385, .F. ) ;
#3555 = CARTESIAN_POINT ( 'NONE',  ( -10.63952850974645514, 16.03784532899384274, -26.29634816116375262 ) ) ;
#3556 = ORIENTED_EDGE ( 'NONE', *, *, #9114, .F. ) ;
#3557 = CARTESIAN_POINT ( 'NONE',  ( -15.65902725766250470, 10.94038725138994828, -26.29634816116374907 ) ) ;
#3558 = ORIENTED_EDGE ( 'NONE', *, *, #8843, .T. ) ;
#3559 = DIRECTION ( 'NONE',  ( -0.000000000000000000, 0.000000000000000000, 1.000000000000000000 ) ) ;
#3560 = VECTOR ( 'NONE', #10448, 1000.000000000000114 ) ;
#3561 = DIRECTION ( 'NONE',  ( -0.8314696123025522301, -0.5555702330195919636, 0.000000000000000000 ) ) ;
#3562 = EDGE_CURVE ( 'NONE', #8753, #10011, #7711, .T. ) ;
#3563 = LINE ( 'NONE', #10378, #1955 ) ;
#3564 = CARTESIAN_POINT ( 'NONE',  ( 6.800667044522072047, 18.59979252364261626, -34.02662297194007124 ) ) ;
#3565 = LINE ( 'NONE', #1917, #10040 ) ;
#3566 = FACE_BOUND ( 'NONE', #2194, .T. ) ;
#3567 = ORIENTED_EDGE ( 'NONE', *, *, #993, .T. ) ;
#3568 = EDGE_CURVE ( 'NONE', #10165, #8035, #3087, .T. ) ;
#3569 = FACE_OUTER_BOUND ( 'NONE', #10983, .T. ) ;
#3570 = VERTEX_POINT ( 'NONE', #4963 ) ;
#3571 = EDGE_LOOP ( 'NONE', ( #7701, #3479, #3103, #6235 ) ) ;
#3572 = CARTESIAN_POINT ( 'NONE',  ( -9.812803638742224166, -15.49832631261261362, -26.99634816116374836 ) ) ;
#3573 = ORIENTED_EDGE ( 'NONE', *, *, #790, .F. ) ;
#3574 = CARTESIAN_POINT ( 'NONE',  ( -3.184843881676169275E-15, 0.5375364957382012809, -34.29634816116375617 ) ) ;
#3575 = LINE ( 'NONE', #10977, #4697 ) ;
#3576 = CARTESIAN_POINT ( 'NONE',  ( -18.96029297893640475, 4.143897111323857629, -26.29634816116374552 ) ) ;
#3577 = PLANE ( 'NONE',  #8696 ) ;
#3578 = EDGE_CURVE ( 'NONE', #8753, #11129, #2779, .T. ) ;
#3579 = CARTESIAN_POINT ( 'NONE',  ( -18.78453066649130676, -3.893337010139577004, -33.94899550485384054 ) ) ;
#3580 = EDGE_LOOP ( 'NONE', ( #4135, #7403, #9915, #7562 ) ) ;
#3581 = EDGE_LOOP ( 'NONE', ( #3955, #445, #7669, #6118 ) ) ;
#3582 = CARTESIAN_POINT ( 'NONE',  ( -0.02634122926532373593, 1.216176849937394167, -33.59634816116375333 ) ) ;
#3583 = CARTESIAN_POINT ( 'NONE',  ( 6.512883272943154722, 18.17337533669341454, -26.81318187454957780 ) ) ;
#3584 = CARTESIAN_POINT ( 'NONE',  ( -3.923947236232651292, 19.43465756811361445, -26.29634816116374907 ) ) ;
#3585 = DIRECTION ( 'NONE',  ( 0.000000000000000000, -0.000000000000000000, 1.000000000000000000 ) ) ;
#3586 = CARTESIAN_POINT ( 'NONE',  ( -17.39952757689059837, 7.689967081723946052, -34.29634816116375617 ) ) ;
#3587 = CARTESIAN_POINT ( 'NONE',  ( 18.89712107237533800, -3.386410740494785188, -34.29634816116376328 ) ) ;
#3588 = EDGE_CURVE ( 'NONE', #5253, #3653, #6691, .T. ) ;
#3589 = ORIENTED_EDGE ( 'NONE', *, *, #8938, .T. ) ;
#3590 = ORIENTED_EDGE ( 'NONE', *, *, #11934, .F. ) ;
#3591 = CARTESIAN_POINT ( 'NONE',  ( -4.380303799374869911, 19.33400168718310397, -34.02662297194007124 ) ) ;
#3592 = ORIENTED_EDGE ( 'NONE', *, *, #5686, .F. ) ;
#3593 = ORIENTED_EDGE ( 'NONE', *, *, #9177, .T. ) ;
#3594 = DIRECTION ( 'NONE',  ( -0.8092959084338466891, -0.5874011683613122869, 0.000000000000000000 ) ) ;
#3595 = ADVANCED_FACE ( 'NONE', ( #4480 ), #1689, .F. ) ;
#3596 = CARTESIAN_POINT ( 'NONE',  ( -18.44085597591730163, -3.182094408235478511, -34.29634816116375617 ) ) ;
#3597 = CARTESIAN_POINT ( 'NONE',  ( -7.449911663003913276, 18.34171623571615939, -34.29634816116375617 ) ) ;
#3598 = CARTESIAN_POINT ( 'NONE',  ( -0.4220916014713484432, -18.75803349073256143, -34.20800806837381458 ) ) ;
#3599 = EDGE_CURVE ( 'NONE', #1475, #11439, #7131, .T. ) ;
#3600 = EDGE_CURVE ( 'NONE', #3186, #883, #529, .T. ) ;
#3601 = CARTESIAN_POINT ( 'NONE',  ( -18.76400763978415043, -3.979322733208999097, -26.99634816116374836 ) ) ;
#3602 = CARTESIAN_POINT ( 'NONE',  ( -15.69999999999999929, 0.5375364957381988384, -29.44634816116375120 ) ) ;
#3603 = EDGE_CURVE ( 'NONE', #3826, #2326, #4418, .T. ) ;
#3604 = FACE_OUTER_BOUND ( 'NONE', #3952, .T. ) ;
#3605 = EDGE_LOOP ( 'NONE', ( #9605, #4711, #6879, #7749 ) ) ;
#3606 = ADVANCED_FACE ( 'NONE', ( #11882 ), #2599, .F. ) ;
#3607 = VERTEX_POINT ( 'NONE', #10787 ) ;
#3608 = CARTESIAN_POINT ( 'NONE',  ( -17.52991377583422405, 8.611776732271902546, -26.81318386950226795 ) ) ;
#3609 = ORIENTED_EDGE ( 'NONE', *, *, #9229, .F. ) ;
#3610 = CARTESIAN_POINT ( 'NONE',  ( -10.77707886381052482, 15.94177068721892887, -34.20801078711517107 ) ) ;
#3611 = VERTEX_POINT ( 'NONE', #655 ) ;
#3612 = CYLINDRICAL_SURFACE ( 'NONE', #2876, 0.7000000000000000666 ) ;
#3613 = CARTESIAN_POINT ( 'NONE',  ( -18.79553589612560671, 0.9537246870798016252, -34.22033216491848151 ) ) ;
#3614 = ADVANCED_FACE ( 'NONE', ( #5277, #8130, #712, #7035, #10915, #4415, #3509, #9101, #8980, #8061, #2464, #777, #3566, #10969, #2651, #6360 ), #10058, .T. ) ;
#3615 = DIRECTION ( 'NONE',  ( -0.000000000000000000, -0.000000000000000000, 1.000000000000000000 ) ) ;
#3616 = DIRECTION ( 'NONE',  ( 1.521687259628777768E-16, 1.000000000000000000, -0.000000000000000000 ) ) ;
#3617 = APPLICATION_CONTEXT ( 'automotive_design' ) ;
#3618 = CARTESIAN_POINT ( 'NONE',  ( 15.85913871501370664, 10.63372891917743779, -34.22033216491848151 ) ) ;
#3619 = VECTOR ( 'NONE', #8578, 1000.000000000000114 ) ;
#3620 = DIRECTION ( 'NONE',  ( -0.000000000000000000, -0.000000000000000000, 1.000000000000000000 ) ) ;
#3621 = EDGE_LOOP ( 'NONE', ( #8001, #4029, #5350, #2119 ) ) ;
#3622 = AXIS2_PLACEMENT_3D ( 'NONE', #9427, #10391, #9496 ) ;
#3623 = DIRECTION ( 'NONE',  ( 0.3826834323650937786, 0.9238795325112850731, 0.000000000000000000 ) ) ;
#3624 = VERTEX_POINT ( 'NONE', #6183 ) ;
#3625 = VERTEX_POINT ( 'NONE', #11759 ) ;
#3626 = AXIS2_PLACEMENT_3D ( 'NONE', #10307, #4, #8261 ) ;
#3627 = CARTESIAN_POINT ( 'NONE',  ( 13.76188623147733558, 13.34627212193368528, -26.63019140205943813 ) ) ;
#3628 = VERTEX_POINT ( 'NONE', #2409 ) ;
#3629 = CARTESIAN_POINT ( 'NONE',  ( 4.516859228947263993, -18.22647114404592728, -33.59634816116375333 ) ) ;
#3630 = CARTESIAN_POINT ( 'NONE',  ( -6.686170880325555288, 18.64240742442832044, -26.81318386950226795 ) ) ;
#3631 = DIRECTION ( 'NONE',  ( 0.9380269381538434148, -0.3465623512410510587, -0.000000000000000000 ) ) ;
#3632 = CIRCLE ( 'NONE', #11961, 19.33712077059222167 ) ;
#3633 = CARTESIAN_POINT ( 'NONE',  ( 19.06420979952547512, 3.545177551396274662, -26.90389895507296814 ) ) ;
#3634 = B_SPLINE_CURVE_WITH_KNOTS ( 'NONE', 3,
 ( #11723, #4324, #2431, #9901, #10754, #556, #6141, #6269 ),
 .UNSPECIFIED., .F., .F.,
 ( 4, 2, 2, 4 ),
 ( 0.000000000000000000, 0.0002734111411466470928, 0.0005468222822932941856, 0.001093644564586588805 ),
 .UNSPECIFIED. ) ;
#3635 = AXIS2_PLACEMENT_3D ( 'NONE', #3072, #4764, #11323 ) ;
#3636 = VECTOR ( 'NONE', #9290, 1000.000000000000000 ) ;
#3637 = VECTOR ( 'NONE', #6474, 1000.000000000000114 ) ;
#3638 = CARTESIAN_POINT ( 'NONE',  ( -19.30000000000008598, 0.5375364957382036124, -101.8849916687654371 ) ) ;
#3639 = ORIENTED_EDGE ( 'NONE', *, *, #9309, .F. ) ;
#3640 = ORIENTED_EDGE ( 'NONE', *, *, #5307, .F. ) ;
#3641 = CARTESIAN_POINT ( 'NONE',  ( 15.60343119137689882, 11.02359264457449939, -34.29634816116375617 ) ) ;
#3642 = VECTOR ( 'NONE', #10763, 1000.000000000000000 ) ;
#3643 = CARTESIAN_POINT ( 'NONE',  ( 6.495811729277876090, 18.17965771849759804, -34.29634816116375617 ) ) ;
#3644 = DIRECTION ( 'NONE',  ( 0.7071067811865414665, -0.7071067811865536790, 0.000000000000000000 ) ) ;
#3645 = FACE_OUTER_BOUND ( 'NONE', #921, .T. ) ;
#3646 = EDGE_CURVE ( 'NONE', #7427, #8434, #11584, .T. ) ;
#3647 = DIRECTION ( 'NONE',  ( 0.000000000000000000, 0.000000000000000000, -1.000000000000000000 ) ) ;
#3648 = AXIS2_PLACEMENT_3D ( 'NONE', #1119, #1305, #3128 ) ;
#3649 = VECTOR ( 'NONE', #4089, 1000.000000000000000 ) ;
#3650 = LINE ( 'NONE', #1831, #4436 ) ;
#3651 = AXIS2_PLACEMENT_3D ( 'NONE', #1116, #6585, #5676 ) ;
#3652 = EDGE_LOOP ( 'NONE', ( #2516, #3060 ) ) ;
#3653 = VERTEX_POINT ( 'NONE', #7151 ) ;
#3654 = DIRECTION ( 'NONE',  ( -0.000000000000000000, 0.000000000000000000, 1.000000000000000000 ) ) ;
#3655 = EDGE_LOOP ( 'NONE', ( #3712, #11265, #2973, #6692, #8646, #150, #5335, #3228 ) ) ;
#3656 = ORIENTED_EDGE ( 'NONE', *, *, #4506, .F. ) ;
#3657 = AXIS2_PLACEMENT_3D ( 'NONE', #11919, #20, #3718 ) ;
#3658 = CARTESIAN_POINT ( 'NONE',  ( -3.184081677783118191E-15, 0.5375364957382012809, -26.29634816116374907 ) ) ;
#3659 = AXIS2_PLACEMENT_3D ( 'NONE', #10188, #6330, #1881 ) ;
#3660 = CARTESIAN_POINT ( 'NONE',  ( 9.812803638741987911, -15.49832631261275395, -34.29634816116375617 ) ) ;
#3661 = CARTESIAN_POINT ( 'NONE',  ( 3.271892909798693516, -17.97544750602618180, -26.38468553521233417 ) ) ;
#3662 = CARTESIAN_POINT ( 'NONE',  ( -0.6933771451090288140, -18.75043676211232224, -33.96250106665635826 ) ) ;
#3663 = CIRCLE ( 'NONE', #4825, 19.33712077059222167 ) ;
#3664 = DIRECTION ( 'NONE',  ( 0.7340002190031365004, 0.6791492313942110171, -0.000000000000000000 ) ) ;
#3665 = CARTESIAN_POINT ( 'NONE',  ( -10.93173547524695266, 16.44333235517419922, -26.31451759764529186 ) ) ;
#3666 = LINE ( 'NONE', #816, #144 ) ;
#3667 = VECTOR ( 'NONE', #9516, 1000.000000000000000 ) ;
#3668 = EDGE_CURVE ( 'NONE', #89, #7160, #10854, .T. ) ;
#3669 = VERTEX_POINT ( 'NONE', #6524 ) ;
#3670 = ORIENTED_EDGE ( 'NONE', *, *, #3386, .T. ) ;
#3671 = DIRECTION ( 'NONE',  ( -0.000000000000000000, -0.000000000000000000, 1.000000000000000000 ) ) ;
#3672 = VERTEX_POINT ( 'NONE', #2763 ) ;
#3673 = CARTESIAN_POINT ( 'NONE',  ( 10.78828809163836233, 15.93423166986477568, -34.22033216491849572 ) ) ;
#3674 = VERTEX_POINT ( 'NONE', #2711 ) ;
#3675 = DIRECTION ( 'NONE',  ( -0.8523920528607230596, -0.5229032302633845886, -0.000000000000000000 ) ) ;
#3676 = EDGE_CURVE ( 'NONE', #4869, #10387, #1061, .T. ) ;
#3677 = DIRECTION ( 'NONE',  ( -0.9992475592060070522, 0.03878550529305227479, 0.000000000000000000 ) ) ;
#3678 = CARTESIAN_POINT ( 'NONE',  ( -7.148038225218080299, -16.85010244781599198, -34.29634816116375617 ) ) ;
#3679 = DIRECTION ( 'NONE',  ( -0.5229032302633938034, -0.8523920528607175084, 0.000000000000000000 ) ) ;
#3680 = DIRECTION ( 'NONE',  ( -1.000000000000000000, 0.000000000000000000, 0.000000000000000000 ) ) ;
#3681 = AXIS2_PLACEMENT_3D ( 'NONE', #2416, #3270, #10674 ) ;
#3682 = ORIENTED_EDGE ( 'NONE', *, *, #7101, .T. ) ;
#3683 = EDGE_CURVE ( 'NONE', #9090, #5832, #10225, .T. ) ;
#3684 = CARTESIAN_POINT ( 'NONE',  ( 19.02040434580928618, 3.811431666196550605, -34.15606879818032127 ) ) ;
#3685 = ORIENTED_EDGE ( 'NONE', *, *, #11986, .F. ) ;
#3686 = ORIENTED_EDGE ( 'NONE', *, *, #6460, .F. ) ;
#3687 = CARTESIAN_POINT ( 'NONE',  ( -4.380303799375266038, -18.25892869570661148, -26.56607335038743400 ) ) ;
#3688 = LINE ( 'NONE', #6369, #959 ) ;
#3689 = ORIENTED_EDGE ( 'NONE', *, *, #3458, .T. ) ;
#3690 = DIRECTION ( 'NONE',  ( 0.000000000000000000, -0.000000000000000000, 1.000000000000000000 ) ) ;
#3691 = CARTESIAN_POINT ( 'NONE',  ( 3.923947236232917302, 19.43465756811355760, -34.29634816116376328 ) ) ;
#3692 = VECTOR ( 'NONE', #6456, 1000.000000000000114 ) ;
#3693 = CARTESIAN_POINT ( 'NONE',  ( 0.6933771451090227078, 19.82550975358872591, -33.96250106665635826 ) ) ;
#3694 = LINE ( 'NONE', #10241, #4053 ) ;
#3695 = EDGE_CURVE ( 'NONE', #9489, #6175, #1979, .T. ) ;
#3696 = VECTOR ( 'NONE', #5085, 1000.000000000000000 ) ;
#3697 = CARTESIAN_POINT ( 'NONE',  ( 17.45666576429964323, -6.440836100805965359, -34.27817972094533872 ) ) ;
#3698 = ORIENTED_EDGE ( 'NONE', *, *, #9992, .T. ) ;
#3699 = ORIENTED_EDGE ( 'NONE', *, *, #1202, .T. ) ;
#3700 = DIRECTION ( 'NONE',  ( -0.5555702330196121697, -0.8314696123025385743, 0.000000000000000000 ) ) ;
#3701 = CARTESIAN_POINT ( 'NONE',  ( -4.400367338555658314, -17.74023083363039888, -26.99634816116374836 ) ) ;
#3702 = CARTESIAN_POINT ( 'NONE',  ( 18.44805341594535619, 4.156067090193356073, -26.29634816116374907 ) ) ;
#3703 = EDGE_CURVE ( 'NONE', #393, #8812, #10114, .T. ) ;
#3704 = FACE_OUTER_BOUND ( 'NONE', #4044, .T. ) ;
#3705 = CARTESIAN_POINT ( 'NONE',  ( -18.11113469183625924, 7.206629400636785476, -33.59634816116375333 ) ) ;
#3706 = CARTESIAN_POINT ( 'NONE',  ( 13.69618551780640203, 14.13549598464069668, -34.29634816116375617 ) ) ;
#3707 = VERTEX_POINT ( 'NONE', #1806 ) ;
#3708 = ORIENTED_EDGE ( 'NONE', *, *, #11687, .T. ) ;
#3709 = CARTESIAN_POINT ( 'NONE',  ( -17.52407924258406169, -6.270695942479012963, -34.22033216491848862 ) ) ;
#3710 = EDGE_LOOP ( 'NONE', ( #5269, #982, #7696, #5182 ) ) ;
#3711 = B_SPLINE_CURVE_WITH_KNOTS ( 'NONE', 3,
 ( #948, #2878, #8410, #7671, #10392, #7558, #6586, #2091 ),
 .UNSPECIFIED., .F., .F.,
 ( 4, 2, 2, 4 ),
 ( 0.000000000000000000, 0.0002734140155771851394, 0.0005468280311543702787, 0.001093656062308725812 ),
 .UNSPECIFIED. ) ;
#3712 = ORIENTED_EDGE ( 'NONE', *, *, #8149, .F. ) ;
#3713 = CARTESIAN_POINT ( 'NONE',  ( -3.618530594454960170, 18.98558991168359711, -26.29634816116374907 ) ) ;
#3714 = FACE_OUTER_BOUND ( 'NONE', #8657, .T. ) ;
#3715 = DIRECTION ( 'NONE',  ( 0.000000000000000000, -0.000000000000000000, 1.000000000000000000 ) ) ;
#3716 = CARTESIAN_POINT ( 'NONE',  ( 0.000000000000000000, 0.5375364957382021691, -21.29634816116374907 ) ) ;
#3717 = CARTESIAN_POINT ( 'NONE',  ( -3.606360615585595397, -18.42275648319822423, -26.29634816116375262 ) ) ;
#3718 = DIRECTION ( 'NONE',  ( 1.014458173085851722E-16, 1.000000000000000000, 0.000000000000000000 ) ) ;
#3719 = B_SPLINE_CURVE_WITH_KNOTS ( 'NONE', 3,
 ( #11412, #6858, #2241, #7640, #5945, #3099, #9640, #9582 ),
 .UNSPECIFIED., .F., .F.,
 ( 4, 2, 2, 4 ),
 ( 0.000000000000000000, 0.0002734144572333939232, 0.0005468289144667878464, 0.001093657828933583065 ),
 .UNSPECIFIED. ) ;
#3720 = CYLINDRICAL_SURFACE ( 'NONE', #11404, 0.7000000000000002887 ) ;
#3721 = ORIENTED_EDGE ( 'NONE', *, *, #1158, .F. ) ;
#3722 = ADVANCED_FACE ( 'NONE', ( #8296 ), #5625, .F. ) ;
#3723 = ORIENTED_EDGE ( 'NONE', *, *, #4073, .F. ) ;
#3724 = CARTESIAN_POINT ( 'NONE',  ( -17.80417973997777636, 7.987448158742549431, -26.29634816116374907 ) ) ;
#3725 = ORIENTED_EDGE ( 'NONE', *, *, #1457, .F. ) ;
#3726 = CARTESIAN_POINT ( 'NONE',  ( 18.27776732936861137, -3.862830842817396526, -33.59634816116375333 ) ) ;
#3727 = VERTEX_POINT ( 'NONE', #1855 ) ;
#3728 = DIRECTION ( 'NONE',  ( -0.000000000000000000, -0.000000000000000000, 1.000000000000000000 ) ) ;
#3729 = CARTESIAN_POINT ( 'NONE',  ( 18.84246503326954780, 4.715896687588382541, -26.38468825395369777 ) ) ;
#3730 = EDGE_CURVE ( 'NONE', #4496, #4536, #4710, .T. ) ;
#3731 = PLANE ( 'NONE',  #11764 ) ;
#3732 = CARTESIAN_POINT ( 'NONE',  ( 15.90579585943580376, -10.39419897950902794, -34.27817872468220628 ) ) ;
#3733 = CARTESIAN_POINT ( 'NONE',  ( 0.000000000000000000, 0.5375364957382012809, -39.14634816116380023 ) ) ;
#3734 = EDGE_CURVE ( 'NONE', #3314, #1161, #4582, .T. ) ;
#3735 = VERTEX_POINT ( 'NONE', #831 ) ;
#3736 = VECTOR ( 'NONE', #3533, 1000.000000000000000 ) ;
#3737 = CARTESIAN_POINT ( 'NONE',  ( -10.66468526717335052, 16.62338394472698866, -34.29634816116375617 ) ) ;
#3738 = ORIENTED_EDGE ( 'NONE', *, *, #1075, .F. ) ;
#3739 = EDGE_CURVE ( 'NONE', #10779, #1906, #6588, .T. ) ;
#3740 = ORIENTED_EDGE ( 'NONE', *, *, #8584, .T. ) ;
#3741 = DIRECTION ( 'NONE',  ( 0.2329837807837406016, -0.9724806208309314526, -0.000000000000000000 ) ) ;
#3742 = CARTESIAN_POINT ( 'NONE',  ( 19.28801171605217490, 1.218591872984288393, -33.94899550485384054 ) ) ;
#3743 = DIRECTION ( 'NONE',  ( 0.9083417975707330783, -0.4182286202377467066, 0.000000000000000000 ) ) ;
#3744 = DIRECTION ( 'NONE',  ( 0.000000000000000000, 0.000000000000000000, -1.000000000000000000 ) ) ;
#3745 = CARTESIAN_POINT ( 'NONE',  ( 17.21074993682231380, -7.027246810804396837, -26.38468553521233417 ) ) ;
#3746 = EDGE_CURVE ( 'NONE', #8233, #6824, #4859, .T. ) ;
#3747 = EDGE_CURVE ( 'NONE', #5305, #2611, #6421, .T. ) ;
#3748 = CARTESIAN_POINT ( 'NONE',  ( 15.50070862376844616, -10.10017452983964326, -26.31451660138218429 ) ) ;
#3749 = ADVANCED_FACE ( 'NONE', ( #9378 ), #12001, .F. ) ;
#3750 = VECTOR ( 'NONE', #5175, 1000.000000000000000 ) ;
#3751 = CARTESIAN_POINT ( 'NONE',  ( 13.09226962315025844, 14.71789178447269109, -33.68879736725453000 ) ) ;
#3752 = EDGE_CURVE ( 'NONE', #2164, #10544, #4995, .T. ) ;
#3753 = EDGE_CURVE ( 'NONE', #4715, #10028, #6644, .T. ) ;
#3754 = EDGE_CURVE ( 'NONE', #2383, #9766, #6731, .T. ) ;
#3755 = DIRECTION ( 'NONE',  ( -0.000000000000000000, -0.000000000000000000, 1.000000000000000000 ) ) ;
#3756 = ORIENTED_EDGE ( 'NONE', *, *, #9040, .F. ) ;
#3757 = ORIENTED_EDGE ( 'NONE', *, *, #3298, .T. ) ;
#3758 = PLANE ( 'NONE',  #1736 ) ;
#3759 = B_SPLINE_CURVE_WITH_KNOTS ( 'NONE', 3,
 ( #4410, #11820, #525, #7936, #10784, #3505, #11698, #4233 ),
 .UNSPECIFIED., .F., .F.,
 ( 4, 2, 2, 4 ),
 ( 0.000000000000000000, 0.0002734144572333948990, 0.0005468289144667897979, 0.001093657828933582415 ),
 .UNSPECIFIED. ) ;
#3760 = CARTESIAN_POINT ( 'NONE',  ( 6.740590857002850989, -17.54757116662881344, -33.96250106665635116 ) ) ;
#3761 = CARTESIAN_POINT ( 'NONE',  ( 0.05003513775708824662, 19.33705603708741094, -34.29634816116375617 ) ) ;
#3762 = DIRECTION ( 'NONE',  ( 0.8314696123025404617, -0.5555702330196092831, 0.000000000000000000 ) ) ;
#3763 = CARTESIAN_POINT ( 'NONE',  ( -16.30000000000003624, 0.5375364957382011699, -44.29634816116374907 ) ) ;
#3764 = CARTESIAN_POINT ( 'NONE',  ( -8.074651695274543073, 15.83753649573824873, -46.29634816116374907 ) ) ;
#3765 = ORIENTED_EDGE ( 'NONE', *, *, #9167, .F. ) ;
#3766 = ORIENTED_EDGE ( 'NONE', *, *, #198, .T. ) ;
#3767 = CARTESIAN_POINT ( 'NONE',  ( 13.14836500474445913, -13.59141187145912433, -33.96250106665635116 ) ) ;
#3768 = ORIENTED_EDGE ( 'NONE', *, *, #11376, .T. ) ;
#3769 = EDGE_LOOP ( 'NONE', ( #8192, #937, #1969, #5215 ) ) ;
#3770 = DIRECTION ( 'NONE',  ( 0.000000000000000000, 0.000000000000000000, -1.000000000000000000 ) ) ;
#3771 = PLANE ( 'NONE',  #8312 ) ;
#3772 = DIRECTION ( 'NONE',  ( 1.000000000000000000, 0.000000000000000000, 0.000000000000000000 ) ) ;
#3773 = DIRECTION ( 'NONE',  ( 0.000000000000000000, 0.000000000000000000, 1.000000000000000000 ) ) ;
#3774 = LINE ( 'NONE', #4877, #3619 ) ;
#3775 = CARTESIAN_POINT ( 'NONE',  ( 0.5496344293179044049, 0.9364708071419587387, -33.59634816116375333 ) ) ;
#3776 = CARTESIAN_POINT ( 'NONE',  ( -15.20250745882137089, 11.59754455293428776, -33.59634816116375333 ) ) ;
#3777 = DIRECTION ( 'NONE',  ( -0.000000000000000000, -0.000000000000000000, 1.000000000000000000 ) ) ;
#3778 = ORIENTED_EDGE ( 'NONE', *, *, #7346, .T. ) ;
#3779 = ORIENTED_EDGE ( 'NONE', *, *, #11376, .F. ) ;
#3780 = CARTESIAN_POINT ( 'NONE',  ( -3.807304174295032873, 18.94779661085719269, -34.29634816116377038 ) ) ;
#3781 = ORIENTED_EDGE ( 'NONE', *, *, #1525, .F. ) ;
#3782 = CARTESIAN_POINT ( 'NONE',  ( 8.074651695274543073, -14.76246350426184328, -45.29634816116374907 ) ) ;
#3783 = ORIENTED_EDGE ( 'NONE', *, *, #11986, .T. ) ;
#3784 = DIRECTION ( 'NONE',  ( -0.8092959084338404718, 0.5874011683613209467, 0.000000000000000000 ) ) ;
#3785 = DIRECTION ( 'NONE',  ( 0.000000000000000000, 0.000000000000000000, 1.000000000000000000 ) ) ;
#3786 = DIRECTION ( 'NONE',  ( 0.000000000000000000, 0.000000000000000000, -1.000000000000000000 ) ) ;
#3787 = B_SPLINE_CURVE_WITH_KNOTS ( 'NONE', 3,
 ( #857, #2564, #9060, #3474, #1599, #10019, #9008, #6329 ),
 .UNSPECIFIED., .F., .F.,
 ( 4, 2, 2, 4 ),
 ( 0.000000000000000000, 0.0002734115678465712934, 0.0005468231356931425868, 0.001093646271386294715 ),
 .UNSPECIFIED. ) ;
#3788 = CARTESIAN_POINT ( 'NONE',  ( 15.65902725766264680, 10.94038725138971913, -34.29634816116375617 ) ) ;
#3789 = ADVANCED_FACE ( 'NONE', ( #11027 ), #9157, .T. ) ;
#3790 = CARTESIAN_POINT ( 'NONE',  ( -8.799999999999993605, 0.5375364957382032793, -21.29634816116374907 ) ) ;
#3791 = B_SPLINE_CURVE_WITH_KNOTS ( 'NONE', 3,
 ( #5772, #980, #11230, #8568, #7647, #10371, #9353, #4868 ),
 .UNSPECIFIED., .F., .F.,
 ( 4, 2, 2, 4 ),
 ( 0.000000000000000000, 0.0002734111411466480686, 0.0005468222822932961372, 0.001093644564586589022 ),
 .UNSPECIFIED. ) ;
#3792 = VERTEX_POINT ( 'NONE', #8242 ) ;
#3793 = CARTESIAN_POINT ( 'NONE',  ( 17.17933620859820465, 8.173323640291767944, -34.15607241020865814 ) ) ;
#3794 = EDGE_LOOP ( 'NONE', ( #994, #4955 ) ) ;
#3795 = ORIENTED_EDGE ( 'NONE', *, *, #9755, .T. ) ;
#3796 = CARTESIAN_POINT ( 'NONE',  ( 17.80417973997787229, 7.987448158742305182, -26.29634816116374907 ) ) ;
#3797 = CARTESIAN_POINT ( 'NONE',  ( -17.30000000000004334, 0.5375364957382011699, -45.29634816116374907 ) ) ;
#3798 = CARTESIAN_POINT ( 'NONE',  ( 19.05026529220677745, -2.557398831854848176, -33.94899550485384054 ) ) ;
#3799 = CARTESIAN_POINT ( 'NONE',  ( 13.69618551780630078, -13.06042299316439248, -26.29634816116374907 ) ) ;
#3800 = CIRCLE ( 'NONE', #10980, 19.33712077059222523 ) ;
#3801 = CARTESIAN_POINT ( 'NONE',  ( -18.79951954134921266, 0.5875716334954894648, -26.29634816116374907 ) ) ;
#3802 = CYLINDRICAL_SURFACE ( 'NONE', #5197, 0.7000000000000015099 ) ;
#3803 = DIRECTION ( 'NONE',  ( 0.000000000000000000, -0.000000000000000000, 1.000000000000000000 ) ) ;
#3804 = AXIS2_PLACEMENT_3D ( 'NONE', #3456, #543, #4315 ) ;
#3805 = EDGE_CURVE ( 'NONE', #25, #1662, #5709, .T. ) ;
#3806 = EDGE_CURVE ( 'NONE', #9000, #5375, #11560, .T. ) ;
#3807 = CARTESIAN_POINT ( 'NONE',  ( -10.78018685808427435, -15.47113525755820795, -34.29634816116375617 ) ) ;
#3808 = ORIENTED_EDGE ( 'NONE', *, *, #2565, .T. ) ;
#3809 = B_SPLINE_CURVE_WITH_KNOTS ( 'NONE', 3,
 ( #8142, #3691, #7225, #9165, #10797, #7341, #10861, #725 ),
 .UNSPECIFIED., .F., .F.,
 ( 4, 2, 2, 4 ),
 ( 0.000000000000000000, 0.0002734115678465780155, 0.0005468231356931560309, 0.001093646271386297317 ),
 .UNSPECIFIED. ) ;
#3810 = FACE_OUTER_BOUND ( 'NONE', #9190, .T. ) ;
#3811 = CARTESIAN_POINT ( 'NONE',  ( 19.30000000000007887, 0.5375364957382012809, -21.29634816116374907 ) ) ;
#3812 = ADVANCED_FACE ( 'NONE', ( #7747 ), #9430, .F. ) ;
#3813 = B_SPLINE_CURVE_WITH_KNOTS ( 'NONE', 3,
 ( #1680, #9870, #11874, #8052 ),
 .UNSPECIFIED., .F., .F.,
 ( 4, 4 ),
 ( 0.000000000000000000, 0.001436421592981040147 ),
 .UNSPECIFIED. ) ;
#3814 = AXIS2_PLACEMENT_3D ( 'NONE', #6711, #5812, #3930 ) ;
#3815 = LINE ( 'NONE', #5644, #4850 ) ;
#3816 = LINE ( 'NONE', #7519, #3636 ) ;
#3817 = DIRECTION ( 'NONE',  ( -0.000000000000000000, -0.000000000000000000, 1.000000000000000000 ) ) ;
#3818 = DIRECTION ( 'NONE',  ( 0.000000000000000000, 0.000000000000000000, -1.000000000000000000 ) ) ;
#3819 = CIRCLE ( 'NONE', #9259, 11.99999999999998757 ) ;
#3820 = CARTESIAN_POINT ( 'NONE',  ( -3.184843881676169275E-15, 0.5375364957382012809, -34.29634816116375617 ) ) ;
#3821 = VECTOR ( 'NONE', #8010, 1000.000000000000000 ) ;
#3822 = CIRCLE ( 'NONE', #9638, 1.700000000000000178 ) ;
#3823 = VERTEX_POINT ( 'NONE', #3978 ) ;
#3824 = EDGE_CURVE ( 'NONE', #10767, #10654, #8538, .T. ) ;
#3825 = CIRCLE ( 'NONE', #11191, 5.599999999999997868 ) ;
#3826 = VERTEX_POINT ( 'NONE', #211 ) ;
#3827 = CARTESIAN_POINT ( 'NONE',  ( 17.86854104596761772, 7.863248257344229053, -34.29634816116375617 ) ) ;
#3828 = ORIENTED_EDGE ( 'NONE', *, *, #6544, .T. ) ;
#3829 = VERTEX_POINT ( 'NONE', #1249 ) ;
#3830 = FACE_OUTER_BOUND ( 'NONE', #6638, .T. ) ;
#3831 = DIRECTION ( 'NONE',  ( -0.9380269381538458573, 0.3465623512410445084, 0.000000000000000000 ) ) ;
#3832 = CARTESIAN_POINT ( 'NONE',  ( 0.4984972582793866791, 0.9987816303409809970, -33.59634816116375333 ) ) ;
#3833 = CARTESIAN_POINT ( 'NONE',  ( -17.80417973997777636, 7.987448158742551207, -34.29634816116375617 ) ) ;
#3834 = LINE ( 'NONE', #10052, #5639 ) ;
#3835 = AXIS2_PLACEMENT_3D ( 'NONE', #1503, #4414, #8059 ) ;
#3836 = CARTESIAN_POINT ( 'NONE',  ( -3.697097124736248741, -18.40504708861665861, -26.29634816116374907 ) ) ;
#3837 = LINE ( 'NONE', #5719, #1632 ) ;
#3838 = CIRCLE ( 'NONE', #3067, 19.30000000000008242 ) ;
#3839 = VECTOR ( 'NONE', #4705, 1000.000000000000114 ) ;
#3840 = CARTESIAN_POINT ( 'NONE',  ( 16.03586280835092381, 10.35034013448024837, -26.99634816116374836 ) ) ;
#3841 = AXIS2_PLACEMENT_3D ( 'NONE', #6241, #1437, #9989 ) ;
#3842 = CARTESIAN_POINT ( 'NONE',  ( 10.07425525387368204, -15.92452233904311676, -34.29634816116375617 ) ) ;
#3843 = ADVANCED_FACE ( 'NONE', ( #5988 ), #4830, .F. ) ;
#3844 = CIRCLE ( 'NONE', #10630, 1.700000000000000178 ) ;
#3845 = ORIENTED_EDGE ( 'NONE', *, *, #11701, .T. ) ;
#3846 = VERTEX_POINT ( 'NONE', #2218 ) ;
#3847 = AXIS2_PLACEMENT_3D ( 'NONE', #1798, #7552, #11251 ) ;
#3848 = DIRECTION ( 'NONE',  ( 1.000000000000000000, 0.000000000000000000, 0.000000000000000000 ) ) ;
#3849 = ORIENTED_EDGE ( 'NONE', *, *, #934, .F. ) ;
#3850 = DIRECTION ( 'NONE',  ( -0.6791492313942111281, 0.7340002190031366114, 0.000000000000000000 ) ) ;
#3851 = ORIENTED_EDGE ( 'NONE', *, *, #675, .T. ) ;
#3852 = CARTESIAN_POINT ( 'NONE',  ( -18.89712107237540195, -3.386410740494509408, -26.29634816116375262 ) ) ;
#3853 = AXIS2_PLACEMENT_3D ( 'NONE', #8827, #9918, #6038 ) ;
#3854 = CARTESIAN_POINT ( 'NONE',  ( 18.78208908959301127, 4.980487507341615938, -26.63019525567115053 ) ) ;
#3855 = LINE ( 'NONE', #6520, #6526 ) ;
#3856 = DIRECTION ( 'NONE',  ( 0.5229032302633938034, 0.8523920528607175084, 0.000000000000000000 ) ) ;
#3857 = AXIS2_PLACEMENT_3D ( 'NONE', #10806, #8865, #4191 ) ;
#3858 = CARTESIAN_POINT ( 'NONE',  ( -17.21074993682227827, 8.102319802280911532, -26.38468553521233062 ) ) ;
#3859 = VECTOR ( 'NONE', #11952, 1000.000000000000114 ) ;
#3860 = VERTEX_POINT ( 'NONE', #5922 ) ;
#3861 = DIRECTION ( 'NONE',  ( -0.000000000000000000, -0.000000000000000000, 1.000000000000000000 ) ) ;
#3862 = EDGE_LOOP ( 'NONE', ( #11636, #3698, #3499, #207, #1238, #6332, #7206, #1576 ) ) ;
#3863 = ORIENTED_EDGE ( 'NONE', *, *, #786, .F. ) ;
#3864 = CARTESIAN_POINT ( 'NONE',  ( 10.09619242343918444, -15.32160221927553678, -34.22033216491848862 ) ) ;
#3865 = VECTOR ( 'NONE', #11569, 1000.000000000000000 ) ;
#3866 = CARTESIAN_POINT ( 'NONE',  ( 18.78503423634786529, 1.287536495738132558, -26.99634816116374836 ) ) ;
#3867 = DIRECTION ( 'NONE',  ( -0.3826834323650873393, 0.9238795325112877377, 0.000000000000000000 ) ) ;
#3868 = B_SPLINE_CURVE_WITH_KNOTS ( 'NONE', 3,
 ( #9375, #7435, #11136, #3976, #11372, #3063, #6764, #10462 ),
 .UNSPECIFIED., .F., .F.,
 ( 4, 2, 2, 4 ),
 ( 0.000000000000000000, 0.0002734111411466477975, 0.0005468222822932955951, 0.001093644564586587938 ),
 .UNSPECIFIED. ) ;
#3869 = FILL_AREA_STYLE ('',( #5810 ) ) ;
#3870 = DIRECTION ( 'NONE',  ( -0.000000000000000000, 0.000000000000000000, 1.000000000000000000 ) ) ;
#3871 = CARTESIAN_POINT ( 'NONE',  ( 18.27776732936863624, 4.937903834293663863, -26.90389799132446313 ) ) ;
#3872 = CARTESIAN_POINT ( 'NONE',  ( -19.28465801595088180, -0.2318562569081147051, -26.99634816116374836 ) ) ;
#3873 = DIRECTION ( 'NONE',  ( -0.03878550529304181094, -0.9992475592060074963, 0.000000000000000000 ) ) ;
#3874 = CARTESIAN_POINT ( 'NONE',  ( 17.85733928375348611, 7.859109667189650317, -26.29634816116374907 ) ) ;
#3875 = EDGE_CURVE ( 'NONE', #10498, #5455, #9615, .T. ) ;
#3876 = AXIS2_PLACEMENT_3D ( 'NONE', #677, #7183, #9123 ) ;
#3877 = DIRECTION ( 'NONE',  ( 0.1950903220161321339, 0.9807852804032296534, 0.000000000000000000 ) ) ;
#3878 = ORIENTED_EDGE ( 'NONE', *, *, #5346, .F. ) ;
#3879 = VERTEX_POINT ( 'NONE', #5801 ) ;
#3880 = CARTESIAN_POINT ( 'NONE',  ( -18.27776732936859005, 4.937903834293920546, -26.99634816116374836 ) ) ;
#3881 = PLANE ( 'NONE',  #3886 ) ;
#3882 = DIRECTION ( 'NONE',  ( -0.4182286202377435425, -0.9083417975707345215, 0.000000000000000000 ) ) ;
#3883 = DIRECTION ( 'NONE',  ( -1.000000000000000000, 0.000000000000000000, 0.000000000000000000 ) ) ;
#3884 = DIRECTION ( 'NONE',  ( 0.000000000000000000, 0.000000000000000000, 1.000000000000000000 ) ) ;
#3885 = EDGE_CURVE ( 'NONE', #6109, #4867, #10064, .T. ) ;
#3886 = AXIS2_PLACEMENT_3D ( 'NONE', #8559, #6724, #10426 ) ;
#3887 = LINE ( 'NONE', #11225, #6556 ) ;
#3888 = ADVANCED_FACE ( 'NONE', ( #4949 ), #5012, .F. ) ;
#3889 = ORIENTED_EDGE ( 'NONE', *, *, #4876, .F. ) ;
#3890 = ORIENTED_EDGE ( 'NONE', *, *, #7451, .T. ) ;
#3891 = CARTESIAN_POINT ( 'NONE',  ( 0.7499999999999936717, -18.24749774060966701, -33.59634816116375333 ) ) ;
#3892 = EDGE_LOOP ( 'NONE', ( #7531, #4010 ) ) ;
#3893 = EDGE_CURVE ( 'NONE', #1984, #4984, #9499, .T. ) ;
#3894 = ORIENTED_EDGE ( 'NONE', *, *, #346, .F. ) ;
#3895 = DIRECTION ( 'NONE',  ( 0.5229032302633875862, 0.8523920528607213942, 0.000000000000000000 ) ) ;
#3896 = CARTESIAN_POINT ( 'NONE',  ( -17.81502700716347931, 7.992442575602547450, -34.29634816116375617 ) ) ;
#3897 = LINE ( 'NONE', #10097, #2332 ) ;
#3898 = FACE_BOUND ( 'NONE', #74, .T. ) ;
#3899 = CARTESIAN_POINT ( 'NONE',  ( -0.5375364957382043896, 0.5375364957381999487, -34.29634816116375617 ) ) ;
#3900 = DIRECTION ( 'NONE',  ( -0.000000000000000000, -0.000000000000000000, 1.000000000000000000 ) ) ;
#3901 = CARTESIAN_POINT ( 'NONE',  ( -3.144186300207962859E-15, 0.5375364957382012809, -26.29634816116374907 ) ) ;
#3902 = DIRECTION ( 'NONE',  ( 0.8092959084338383624, -0.5874011683613238333, 0.000000000000000000 ) ) ;
#3903 = EDGE_CURVE ( 'NONE', #10526, #8035, #8299, .T. ) ;
#3904 = CARTESIAN_POINT ( 'NONE',  ( 10.32584917112470180, -15.17265387475472771, -26.29634816116374552 ) ) ;
#3905 = ADVANCED_FACE ( 'NONE', ( #5860 ), #4162, .T. ) ;
#3906 = EDGE_CURVE ( 'NONE', #9131, #8068, #931, .T. ) ;
#3907 = ORIENTED_EDGE ( 'NONE', *, *, #11989, .T. ) ;
#3908 = VERTEX_POINT ( 'NONE', #8776 ) ;
#3909 = DIRECTION ( 'NONE',  ( -0.5555702330196121697, -0.8314696123025385743, 0.000000000000000000 ) ) ;
#3910 = ORIENTED_EDGE ( 'NONE', *, *, #7759, .T. ) ;
#3911 = CARTESIAN_POINT ( 'NONE',  ( -15.65902725766272674, -9.865314259913210648, -26.29634816116374907 ) ) ;
#3912 = ORIENTED_EDGE ( 'NONE', *, *, #1208, .F. ) ;
#3913 = CARTESIAN_POINT ( 'NONE',  ( 0.06945629112694226559, 19.83741151667101121, -26.29634816116374907 ) ) ;
#3914 = VERTEX_POINT ( 'NONE', #457 ) ;
#3915 = DIRECTION ( 'NONE',  ( -0.8523920528607212832, 0.5229032302633875862, 0.000000000000000000 ) ) ;
#3916 = CARTESIAN_POINT ( 'NONE',  ( -18.42853067367109077, -3.179141551947020083, -34.29634816116375617 ) ) ;
#3917 = CYLINDRICAL_SURFACE ( 'NONE', #3648, 0.6999999999999994005 ) ;
#3918 = CARTESIAN_POINT ( 'NONE',  ( -9.812803638741883105, 16.57339930408922513, -33.59634816116375333 ) ) ;
#3919 = ORIENTED_EDGE ( 'NONE', *, *, #6236, .F. ) ;
#3920 = ORIENTED_EDGE ( 'NONE', *, *, #4768, .F. ) ;
#3921 = CARTESIAN_POINT ( 'NONE',  ( -3.004380104787610861, -18.02120595023186311, -33.96250492026806000 ) ) ;
#3922 = VERTEX_POINT ( 'NONE', #7859 ) ;
#3923 = EDGE_CURVE ( 'NONE', #6685, #10761, #3550, .T. ) ;
#3924 = VERTEX_POINT ( 'NONE', #3245 ) ;
#3925 = CARTESIAN_POINT ( 'NONE',  ( -3.007641055658277107, -18.52667330378724486, -34.29634816116375617 ) ) ;
#3926 = DIRECTION ( 'NONE',  ( -0.8092959084338506859, -0.5874011683613068469, -0.000000000000000000 ) ) ;
#3927 = DIRECTION ( 'NONE',  ( 0.000000000000000000, -0.000000000000000000, 1.000000000000000000 ) ) ;
#3928 = CARTESIAN_POINT ( 'NONE',  ( 3.807304174295291777, 18.94779661085713585, -26.29634816116374907 ) ) ;
#3929 = DIRECTION ( 'NONE',  ( -0.8092959084338506859, -0.5874011683613068469, 0.000000000000000000 ) ) ;
#3930 = DIRECTION ( 'NONE',  ( 0.3826834323650805114, -0.9238795325112906243, 0.000000000000000000 ) ) ;
#3931 = FACE_OUTER_BOUND ( 'NONE', #8971, .T. ) ;
#3932 = CARTESIAN_POINT ( 'NONE',  ( 0.000000000000000000, 0.5375364957382021691, -40.29634816116375617 ) ) ;
#3933 = EDGE_CURVE ( 'NONE', #4951, #10143, #3426, .T. ) ;
#3934 = AXIS2_PLACEMENT_3D ( 'NONE', #163, #5753, #9633 ) ;
#3935 = VERTEX_POINT ( 'NONE', #3310 ) ;
#3936 = B_SPLINE_CURVE_WITH_KNOTS ( 'NONE', 3,
 ( #9225, #9178, #1774, #10250, #10183, #3760, #1875, #5584 ),
 .UNSPECIFIED., .F., .F.,
 ( 4, 2, 2, 4 ),
 ( 0.000000000000000000, 0.0002734115678465783407, 0.0005468231356931566815, 0.001093646271386296016 ),
 .UNSPECIFIED. ) ;
#3937 = CARTESIAN_POINT ( 'NONE',  ( 18.06225602790443574, 7.338203540260209046, -26.56607335038743400 ) ) ;
#3938 = B_SPLINE_CURVE_WITH_KNOTS ( 'NONE', 3,
 ( #10660, #7082, #6055, #11694, #7867, #1631, #1496, #8784 ),
 .UNSPECIFIED., .F., .F.,
 ( 4, 2, 2, 4 ),
 ( 0.000000000000000000, 0.0002734115678465795876, 0.0005468231356931591751, 0.001093646271386297317 ),
 .UNSPECIFIED. ) ;
#3939 = CARTESIAN_POINT ( 'NONE',  ( -18.87875886479826448, -3.477018403216864062, -34.29634816116376328 ) ) ;
#3940 = ORIENTED_EDGE ( 'NONE', *, *, #493, .T. ) ;
#3941 = EDGE_LOOP ( 'NONE', ( #3004, #6918, #661, #8415 ) ) ;
#3942 = DIRECTION ( 'NONE',  ( 0.000000000000000000, -0.000000000000000000, 1.000000000000000000 ) ) ;
#3943 = VECTOR ( 'NONE', #9306, 1000.000000000000000 ) ;
#3944 = CARTESIAN_POINT ( 'NONE',  ( -18.27776732936859716, 4.937903834293924987, -33.59634816116375333 ) ) ;
#3945 = DIRECTION ( 'NONE',  ( -0.7340002190031365004, -0.6791492313942110171, 0.000000000000000000 ) ) ;
#3946 = LINE ( 'NONE', #5102, #4014 ) ;
#3947 = CARTESIAN_POINT ( 'NONE',  ( -3.144186300207962859E-15, 0.5375364957382012809, -26.29634816116374907 ) ) ;
#3948 = ADVANCED_FACE ( 'NONE', ( #9982 ), #11685, .F. ) ;
#3949 = DIRECTION ( 'NONE',  ( 0.000000000000000000, 0.000000000000000000, 1.000000000000000000 ) ) ;
#3950 = B_SPLINE_CURVE_WITH_KNOTS ( 'NONE', 3,
 ( #11635, #519, #11564, #587, #7078, #10843, #10778, #2454 ),
 .UNSPECIFIED., .F., .F.,
 ( 4, 2, 2, 4 ),
 ( 0.000000000000000000, 0.0002734115678465723234, 0.0005468231356931446468, 0.001093646271386293630 ),
 .UNSPECIFIED. ) ;
#3951 = VERTEX_POINT ( 'NONE', #4398 ) ;
#3952 = EDGE_LOOP ( 'NONE', ( #8304, #2993 ) ) ;
#3953 = CARTESIAN_POINT ( 'NONE',  ( -16.03586280835078526, 10.35034013448047752, -26.90389799132447379 ) ) ;
#3954 = ORIENTED_EDGE ( 'NONE', *, *, #10542, .F. ) ;
#3955 = ORIENTED_EDGE ( 'NONE', *, *, #2847, .F. ) ;
#3956 = CARTESIAN_POINT ( 'NONE',  ( 0.06945629112693588181, -18.76233852519460754, -26.29634816116374907 ) ) ;
#3957 = DIRECTION ( 'NONE',  ( 1.000000000000000000, 0.000000000000000000, 0.000000000000000000 ) ) ;
#3958 = LINE ( 'NONE', #5115, #6788 ) ;
#3959 = FACE_OUTER_BOUND ( 'NONE', #4751, .T. ) ;
#3960 = CARTESIAN_POINT ( 'NONE',  ( -16.08584744898875130, -10.12714877143520020, -26.29634816116374907 ) ) ;
#3961 = CARTESIAN_POINT ( 'NONE',  ( -0.6169015811528679727, 0.8215770384040291807, -26.29634816116374907 ) ) ;
#3962 = CARTESIAN_POINT ( 'NONE',  ( 17.38763894355426487, 7.685574720956091177, -26.29634816116374907 ) ) ;
#3963 = DIRECTION ( 'NONE',  ( 0.000000000000000000, 0.000000000000000000, -1.000000000000000000 ) ) ;
#3964 = PLANE ( 'NONE',  #5980 ) ;
#3965 = ORIENTED_EDGE ( 'NONE', *, *, #2940, .F. ) ;
#3966 = EDGE_LOOP ( 'NONE', ( #6632, #4870, #1676, #804 ) ) ;
#3967 = PLANE ( 'NONE',  #11389 ) ;
#3968 = ADVANCED_FACE ( 'NONE', ( #3368 ), #2396, .F. ) ;
#3969 = VERTEX_POINT ( 'NONE', #6104 ) ;
#3970 = EDGE_CURVE ( 'NONE', #5613, #10761, #4043, .T. ) ;
#3971 = VERTEX_POINT ( 'NONE', #9926 ) ;
#3972 = CARTESIAN_POINT ( 'NONE',  ( 0.7693927526465147437, -18.74712152021266931, -34.29634816116375617 ) ) ;
#3973 = ORIENTED_EDGE ( 'NONE', *, *, #1458, .T. ) ;
#3974 = CARTESIAN_POINT ( 'NONE',  ( 6.669092904898398899, 18.64867118757452502, -33.59634816116375333 ) ) ;
#3975 = ADVANCED_FACE ( 'NONE', ( #11744 ), #8046, .F. ) ;
#3976 = CARTESIAN_POINT ( 'NONE',  ( 10.14956831309640783, -15.87823322253060709, -26.64370081747366115 ) ) ;
#3977 = CARTESIAN_POINT ( 'NONE',  ( -4.061777369183388942, -17.81832971825357248, -26.38468553521232351 ) ) ;
#3978 = CARTESIAN_POINT ( 'NONE',  ( 16.08584744898867314, 11.20222176291171046, -34.29634816116375617 ) ) ;
#3979 = EDGE_CURVE ( 'NONE', #9745, #5791, #7135, .T. ) ;
#3980 = VERTEX_POINT ( 'NONE', #515 ) ;
#3981 = ORIENTED_EDGE ( 'NONE', *, *, #5530, .T. ) ;
#3982 = CARTESIAN_POINT ( 'NONE',  ( 18.79958427485401629, 0.5375364957381999487, -34.29634816116375617 ) ) ;
#3983 = ORIENTED_EDGE ( 'NONE', *, *, #1767, .T. ) ;
#3984 = CYLINDRICAL_SURFACE ( 'NONE', #5765, 0.7000000000000000666 ) ;
#3985 = EDGE_LOOP ( 'NONE', ( #2853, #9253, #5439, #6468 ) ) ;
#3986 = DIRECTION ( 'NONE',  ( 0.000000000000000000, 0.000000000000000000, 1.000000000000000000 ) ) ;
#3987 = ADVANCED_FACE ( 'NONE', ( #11629 ), #8110, .F. ) ;
#3988 = LINE ( 'NONE', #1930, #9678 ) ;
#3989 = CARTESIAN_POINT ( 'NONE',  ( 18.79951954134920555, 0.5875716334952205688, -34.29634816116375617 ) ) ;
#3990 = PLANE ( 'NONE',  #5265 ) ;
#3991 = CARTESIAN_POINT ( 'NONE',  ( 18.35319065594245558, 4.612554898124272995, -26.37236415740902373 ) ) ;
#3992 = CARTESIAN_POINT ( 'NONE',  ( 10.40947807574460882, 16.20736704290471764, -34.29634816116375617 ) ) ;
#3993 = CARTESIAN_POINT ( 'NONE',  ( 6.669092904898265672, -17.57359819609816753, -34.29634816116375617 ) ) ;
#3994 = ORIENTED_EDGE ( 'NONE', *, *, #8204, .F. ) ;
#3995 = CYLINDRICAL_SURFACE ( 'NONE', #9555, 0.7000000000000005107 ) ;
#3996 = FACE_OUTER_BOUND ( 'NONE', #11875, .T. ) ;
#3997 = ORIENTED_EDGE ( 'NONE', *, *, #2357, .F. ) ;
#3998 = DIRECTION ( 'NONE',  ( -0.9724806208309290101, 0.2329837807837510377, 0.000000000000000000 ) ) ;
#3999 = CARTESIAN_POINT ( 'NONE',  ( -13.59795948890235628, 14.23372201354474598, -26.29634816116374907 ) ) ;
#4000 = CARTESIAN_POINT ( 'NONE',  ( 7.881631028044807863, 17.60563256994996451, -26.81144803512891528 ) ) ;
#4001 = CARTESIAN_POINT ( 'NONE',  ( -18.97800256255341012, -2.978086642147765861, -26.29634816116374907 ) ) ;
#4002 = FACE_OUTER_BOUND ( 'NONE', #5135, .T. ) ;
#4003 = APPLICATION_PROTOCOL_DEFINITION ( 'draft international standard', 'automotive_design', 1998, #8357 ) ;
#4004 = CIRCLE ( 'NONE', #8456, 19.30000000000008242 ) ;
#4005 = CARTESIAN_POINT ( 'NONE',  ( 13.70495082675848586, -13.06853328071429843, -26.99634816116374836 ) ) ;
#4006 = EDGE_LOOP ( 'NONE', ( #1940, #10823, #7104, #838 ) ) ;
#4007 = VERTEX_POINT ( 'NONE', #5196 ) ;
#4008 = AXIS2_PLACEMENT_3D ( 'NONE', #5448, #6418, #10851 ) ;
#4009 = FACE_OUTER_BOUND ( 'NONE', #6248, .T. ) ;
#4010 = ORIENTED_EDGE ( 'NONE', *, *, #4672, .T. ) ;
#4011 = ORIENTED_EDGE ( 'NONE', *, *, #6637, .F. ) ;
#4012 = CARTESIAN_POINT ( 'NONE',  ( 19.29556998647076327, 0.1154448942667885419, -34.20800806837381458 ) ) ;
#4013 = EDGE_CURVE ( 'NONE', #3251, #3355, #1950, .T. ) ;
#4014 = VECTOR ( 'NONE', #4857, 1000.000000000000000 ) ;
#4015 = CARTESIAN_POINT ( 'NONE',  ( 18.11113469183629121, -6.131556409160262788, -26.81145002369893149 ) ) ;
#4016 = CARTESIAN_POINT ( 'NONE',  ( -15.60343119137675316, 11.02359264457472854, -34.29634816116375617 ) ) ;
#4017 = CYLINDRICAL_SURFACE ( 'NONE', #3551, 0.6999999999999998446 ) ;
#4018 = CARTESIAN_POINT ( 'NONE',  ( -0.2526191454087221011, 19.83606923763847973, -26.31451759764529186 ) ) ;
#4019 = DIRECTION ( 'NONE',  ( -0.2329837807837442376, 0.9724806208309306754, 0.000000000000000000 ) ) ;
#4020 = FACE_OUTER_BOUND ( 'NONE', #8778, .T. ) ;
#4021 = DIRECTION ( 'NONE',  ( 1.000000000000000000, 0.000000000000000000, 0.000000000000000000 ) ) ;
#4022 = AXIS2_PLACEMENT_3D ( 'NONE', #1943, #6665, #3644 ) ;
#4023 = CIRCLE ( 'NONE', #1874, 19.30000000000008242 ) ;
#4024 = CARTESIAN_POINT ( 'NONE',  ( 10.10744715304702268, -15.31413130014803592, -26.38468553521233417 ) ) ;
#4025 = VECTOR ( 'NONE', #5024, 1000.000000000000000 ) ;
#4026 = VERTEX_POINT ( 'NONE', #7018 ) ;
#4027 = ORIENTED_EDGE ( 'NONE', *, *, #6873, .T. ) ;
#4028 = CARTESIAN_POINT ( 'NONE',  ( 0.000000000000000000, 0.5375364957382021691, -43.49634816116374481 ) ) ;
#4029 = ORIENTED_EDGE ( 'NONE', *, *, #5515, .F. ) ;
#4030 = ORIENTED_EDGE ( 'NONE', *, *, #6820, .T. ) ;
#4031 = CIRCLE ( 'NONE', #6168, 19.33712077059222167 ) ;
#4032 = CYLINDRICAL_SURFACE ( 'NONE', #5592, 19.33712077059222167 ) ;
#4033 = EDGE_CURVE ( 'NONE', #4561, #10028, #1808, .T. ) ;
#4034 = VECTOR ( 'NONE', #2956, 1000.000000000000000 ) ;
#4035 = ORIENTED_EDGE ( 'NONE', *, *, #126, .T. ) ;
#4036 = CARTESIAN_POINT ( 'NONE',  ( -9.812803638741883105, 16.57339930408922513, -33.59634816116375333 ) ) ;
#4037 = VECTOR ( 'NONE', #3654, 1000.000000000000000 ) ;
#4038 = FACE_OUTER_BOUND ( 'NONE', #52, .T. ) ;
#4039 = PLANE ( 'NONE',  #546 ) ;
#4040 = ADVANCED_FACE ( 'NONE', ( #1558 ), #9080, .F. ) ;
#4041 = DIRECTION ( 'NONE',  ( 0.5555702330195947392, -0.8314696123025502317, 0.000000000000000000 ) ) ;
#4042 = VECTOR ( 'NONE', #6573, 999.9999999999998863 ) ;
#4043 = CIRCLE ( 'NONE', #6944, 17.30000000000003979 ) ;
#4044 = EDGE_LOOP ( 'NONE', ( #3329, #7992, #6836, #1050 ) ) ;
#4045 = EDGE_CURVE ( 'NONE', #1889, #11352, #9645, .T. ) ;
#4046 = ORIENTED_EDGE ( 'NONE', *, *, #7546, .T. ) ;
#4047 = CARTESIAN_POINT ( 'NONE',  ( -2.929189417950815333, -18.03286631665459794, -33.78124828719858641 ) ) ;
#4048 = ORIENTED_EDGE ( 'NONE', *, *, #10102, .F. ) ;
#4049 = DIRECTION ( 'NONE',  ( 0.5229032302633845886, -0.8523920528607230596, 0.000000000000000000 ) ) ;
#4050 = ORIENTED_EDGE ( 'NONE', *, *, #11096, .T. ) ;
#4051 = CARTESIAN_POINT ( 'NONE',  ( -17.34934370704268858, 7.778027600316643309, -34.29634816116375617 ) ) ;
#4052 = CARTESIAN_POINT ( 'NONE',  ( 17.07572516372708549, 8.402653804716166519, -26.81318187454957780 ) ) ;
#4053 = VECTOR ( 'NONE', #3873, 1000.000000000000114 ) ;
#4054 = DIRECTION ( 'NONE',  ( 0.000000000000000000, 0.000000000000000000, -1.000000000000000000 ) ) ;
#4055 = DIRECTION ( 'NONE',  ( -0.000000000000000000, -0.000000000000000000, -1.000000000000000000 ) ) ;
#4056 = AXIS2_PLACEMENT_3D ( 'NONE', #4297, #2590, #11927 ) ;
#4057 = DIRECTION ( 'NONE',  ( -0.5229032302633875862, -0.8523920528607212832, 0.000000000000000000 ) ) ;
#4058 = AXIS2_PLACEMENT_3D ( 'NONE', #7703, #7516, #11409 ) ;
#4059 = CARTESIAN_POINT ( 'NONE',  ( -13.32864793594251829, 13.79542406126976495, -34.29634816116375617 ) ) ;
#4060 = EDGE_CURVE ( 'NONE', #7155, #6809, #11180, .T. ) ;
#4061 = VECTOR ( 'NONE', #1642, 1000.000000000000000 ) ;
#4062 = DIRECTION ( 'NONE',  ( 0.1569032754149065623, -0.9876139742652865205, 0.000000000000000000 ) ) ;
#4063 = CARTESIAN_POINT ( 'NONE',  ( -3.146222789368684047, 19.57947566242170012, -26.56607335038743756 ) ) ;
#4064 = ORIENTED_EDGE ( 'NONE', *, *, #4724, .F. ) ;
#4065 = CARTESIAN_POINT ( 'NONE',  ( -18.39166320469701432, -3.358562613327672253, -34.27817972094533161 ) ) ;
#4066 = DIRECTION ( 'NONE',  ( 0.3465623512410322404, -0.9380269381538504092, 0.000000000000000000 ) ) ;
#4067 = CARTESIAN_POINT ( 'NONE',  ( 11.35370864137646763, -15.06961891730028569, -33.59634816116375333 ) ) ;
#4068 = CARTESIAN_POINT ( 'NONE',  ( -16.18649121439583993, -9.974108693722421037, -34.27817872468220628 ) ) ;
#4069 = CARTESIAN_POINT ( 'NONE',  ( -18.96029297893647936, -3.068824119847052057, -34.29634816116374196 ) ) ;
#4070 = EDGE_CURVE ( 'NONE', #7380, #5726, #3838, .T. ) ;
#4071 = CARTESIAN_POINT ( 'NONE',  ( -6.495811729277622959, 18.17965771849769752, -33.59634816116375333 ) ) ;
#4072 = B_SPLINE_CURVE_WITH_KNOTS ( 'NONE', 3,
 ( #7650, #4871, #9533, #2012, #8632, #304, #187, #244 ),
 .UNSPECIFIED., .F., .F.,
 ( 4, 2, 2, 4 ),
 ( 0.000000000000000000, 0.0002734144572333961458, 0.0005468289144667922916, 0.001093657828933582848 ),
 .UNSPECIFIED. ) ;
#4073 = EDGE_CURVE ( 'NONE', #6809, #11910, #9276, .T. ) ;
#4074 = VECTOR ( 'NONE', #5743, 1000.000000000000000 ) ;
#4075 = ORIENTED_EDGE ( 'NONE', *, *, #8238, .F. ) ;
#4076 = CARTESIAN_POINT ( 'NONE',  ( 10.07425525387379039, 16.99959533051944760, -26.81145002369892794 ) ) ;
#4077 = ORIENTED_EDGE ( 'NONE', *, *, #1976, .T. ) ;
#4078 = ORIENTED_EDGE ( 'NONE', *, *, #9156, .F. ) ;
#4079 = EDGE_CURVE ( 'NONE', #5134, #3163, #3666, .T. ) ;
#4080 = LINE ( 'NONE', #7054, #8318 ) ;
#4081 = CARTESIAN_POINT ( 'NONE',  ( -10.07425525387392184, -15.92452233904298176, -33.59634816116375333 ) ) ;
#4082 = CARTESIAN_POINT ( 'NONE',  ( -0.4026796053972620526, 19.33311334238412371, -34.20801078711517107 ) ) ;
#4083 = CYLINDRICAL_SURFACE ( 'NONE', #11494, 0.6999999999999997335 ) ;
#4084 = FACE_OUTER_BOUND ( 'NONE', #5804, .T. ) ;
#4085 = CARTESIAN_POINT ( 'NONE',  ( 4.516859228947406102, 19.30154413552229897, -26.90389895507295748 ) ) ;
#4086 = CARTESIAN_POINT ( 'NONE',  ( 0.000000000000000000, 0.5375364957382021691, -21.29634816116374907 ) ) ;
#4087 = VECTOR ( 'NONE', #10547, 1000.000000000000000 ) ;
#4088 = CARTESIAN_POINT ( 'NONE',  ( -5.599999999999997868, 0.5375364957382028352, -37.89634816116375760 ) ) ;
#4089 = DIRECTION ( 'NONE',  ( -0.000000000000000000, -0.000000000000000000, 1.000000000000000000 ) ) ;
#4090 = ORIENTED_EDGE ( 'NONE', *, *, #4843, .F. ) ;
#4091 = ORIENTED_EDGE ( 'NONE', *, *, #11974, .T. ) ;
#4092 = VECTOR ( 'NONE', #2551, 1000.000000000000000 ) ;
#4093 = CARTESIAN_POINT ( 'NONE',  ( -3.025612882145818805, -18.52386164481893971, -33.77951245282525150 ) ) ;
#4094 = ORIENTED_EDGE ( 'NONE', *, *, #8418, .F. ) ;
#4095 = ORIENTED_EDGE ( 'NONE', *, *, #5254, .F. ) ;
#4096 = CARTESIAN_POINT ( 'NONE',  ( 19.31180786965600049, 0.4676170345358146574, -34.29634816116375617 ) ) ;
#4097 = ORIENTED_EDGE ( 'NONE', *, *, #4587, .T. ) ;
#4098 = DIRECTION ( 'NONE',  ( -0.9083417975707360759, -0.4182286202377403228, 0.000000000000000000 ) ) ;
#4099 = DIRECTION ( 'NONE',  ( -0.000000000000000000, -0.000000000000000000, 1.000000000000000000 ) ) ;
#4100 = DIRECTION ( 'NONE',  ( 0.000000000000000000, -0.000000000000000000, -1.000000000000000000 ) ) ;
#4101 = CARTESIAN_POINT ( 'NONE',  ( -3.144186300207962859E-15, 0.5375364957382012809, -26.29634816116374907 ) ) ;
#4102 = ADVANCED_FACE ( 'NONE', ( #7309 ), #3720, .F. ) ;
#4103 = VERTEX_POINT ( 'NONE', #5610 ) ;
#4104 = EDGE_LOOP ( 'NONE', ( #3765, #4800, #2851, #3389 ) ) ;
#4105 = CARTESIAN_POINT ( 'NONE',  ( -19.30000000000008598, 0.5375364957382036124, -101.8849916687654371 ) ) ;
#4106 = ORIENTED_EDGE ( 'NONE', *, *, #2636, .T. ) ;
#4107 = CARTESIAN_POINT ( 'NONE',  ( -18.44805341594538817, -3.080994098716820062, -26.29634816116374907 ) ) ;
#4108 = ORIENTED_EDGE ( 'NONE', *, *, #2619, .T. ) ;
#4109 = CARTESIAN_POINT ( 'NONE',  ( 9.888068446240312781, -15.45195514089357580, -33.94899881303460631 ) ) ;
#4110 = CARTESIAN_POINT ( 'NONE',  ( 18.78503423634786529, -0.2124635042618675529, -26.81144803512891528 ) ) ;
#4111 = ADVANCED_FACE ( 'NONE', ( #11127 ), #7258, .F. ) ;
#4112 = CARTESIAN_POINT ( 'NONE',  ( -15.80162833872419270, 11.61973853851338490, -26.37236741899921100 ) ) ;
#4113 = CARTESIAN_POINT ( 'NONE',  ( -13.19234697301734371, -12.85631373208896022, -34.29634816116375617 ) ) ;
#4114 = PLANE ( 'NONE',  #8298 ) ;
#4115 = ADVANCED_FACE ( 'NONE', ( #1733 ), #72, .F. ) ;
#4116 = CARTESIAN_POINT ( 'NONE',  ( -7.881631028044931320, -16.53055957847350399, -33.68879833100303500 ) ) ;
#4117 = VERTEX_POINT ( 'NONE', #2867 ) ;
#4118 = VECTOR ( 'NONE', #120, 1000.000000000000000 ) ;
#4119 = CARTESIAN_POINT ( 'NONE',  ( 17.99342857419884467, 7.519168713011366911, -26.37236741899921455 ) ) ;
#4120 = EDGE_CURVE ( 'NONE', #10373, #2721, #7475, .T. ) ;
#4121 = CARTESIAN_POINT ( 'NONE',  ( -6.751989403452581584, -17.54289136095550816, -33.94899550485384054 ) ) ;
#4122 = ORIENTED_EDGE ( 'NONE', *, *, #8063, .F. ) ;
#4124 = EDGE_CURVE ( 'NONE', #10940, #3495, #4634, .T. ) ;
#4123 = CARTESIAN_POINT ( 'NONE',  ( -19.28465801595086759, 1.306929248384927522, -33.59634816116375333 ) ) ;
#4125 = CARTESIAN_POINT ( 'NONE',  ( -6.740590857003115666, -17.54757116662871397, -26.63019525567114698 ) ) ;
#4126 = EDGE_CURVE ( 'NONE', #9174, #11858, #6374, .T. ) ;
#4127 = CARTESIAN_POINT ( 'NONE',  ( 7.812634104321281470, 17.63771103700796417, -26.63019140205944169 ) ) ;
#4128 = B_SPLINE_CURVE_WITH_KNOTS ( 'NONE', 3,
 ( #7233, #10932, #2613, #9176, #11049, #2733, #10013, #11899 ),
 .UNSPECIFIED., .F., .F.,
 ( 4, 2, 2, 4 ),
 ( 0.000000000000000000, 0.0002734111411466474181, 0.0005468222822932948361, 0.001093644564586588805 ),
 .UNSPECIFIED. ) ;
#4129 = CARTESIAN_POINT ( 'NONE',  ( -7.240491104578016923, 17.88688020278106805, -34.29634816116375617 ) ) ;
#4130 = CARTESIAN_POINT ( 'NONE',  ( -18.97700039706085207, -2.979655331952803632, -34.27817872468220628 ) ) ;
#4131 = PLANE ( 'NONE',  #11895 ) ;
#4132 = ADVANCED_FACE ( 'NONE', ( #6462, #3604 ), #8229, .F. ) ;
#4133 = CARTESIAN_POINT ( 'NONE',  ( -18.39198936750478097, -3.360394742957709013, -26.29634816116374196 ) ) ;
#4134 = EDGE_CURVE ( 'NONE', #3829, #6618, #7150, .T. ) ;
#4135 = ORIENTED_EDGE ( 'NONE', *, *, #3805, .F. ) ;
#4136 = AXIS2_PLACEMENT_3D ( 'NONE', #8875, #6817, #4147 ) ;
#4137 = DIRECTION ( 'NONE',  ( 0.3465623512410380136, -0.9380269381538481888, 0.000000000000000000 ) ) ;
#4138 = CARTESIAN_POINT ( 'NONE',  ( -18.08042785669384145, -6.214452907714048457, -26.64370081747366115 ) ) ;
#4139 = VERTEX_POINT ( 'NONE', #4749 ) ;
#4140 = EDGE_LOOP ( 'NONE', ( #10001, #3371, #323, #9384, #6106, #7764, #10467, #10891 ) ) ;
#4141 = DIRECTION ( 'NONE',  ( 1.000000000000000000, 0.000000000000000000, 0.000000000000000000 ) ) ;
#4142 = CARTESIAN_POINT ( 'NONE',  ( -0.1048681680489895879, 1.064744378437763039, -34.29634816116375617 ) ) ;
#4143 = LINE ( 'NONE', #1284, #788 ) ;
#4144 = CARTESIAN_POINT ( 'NONE',  ( -12.75269500745324969, -13.27581868349463079, -26.90389799132447024 ) ) ;
#4145 = LINE ( 'NONE', #4932, #1176 ) ;
#4146 = DIRECTION ( 'NONE',  ( -0.9876139742652858544, -0.1569032754149101705, 0.000000000000000000 ) ) ;
#4147 = DIRECTION ( 'NONE',  ( -0.7071067811865462405, 0.7071067811865486830, 0.000000000000000000 ) ) ;
#4148 = CARTESIAN_POINT ( 'NONE',  ( 17.34934370704273121, -6.702954608840128614, -34.29634816116375617 ) ) ;
#4149 = DIRECTION ( 'NONE',  ( -0.03878550529304181094, 0.9992475592060074963, 0.000000000000000000 ) ) ;
#4150 = ORIENTED_EDGE ( 'NONE', *, *, #7875, .F. ) ;
#4151 = ORIENTED_EDGE ( 'NONE', *, *, #8880, .F. ) ;
#4152 = DIRECTION ( 'NONE',  ( 1.000000000000000000, 0.000000000000000000, 0.000000000000000000 ) ) ;
#4153 = VERTEX_POINT ( 'NONE', #10151 ) ;
#4154 = VERTEX_POINT ( 'NONE', #1964 ) ;
#4155 = CARTESIAN_POINT ( 'NONE',  ( -18.56757163774441821, -2.409622072842152907, -33.77951444777792034 ) ) ;
#4156 = ORIENTED_EDGE ( 'NONE', *, *, #11474, .F. ) ;
#4157 = FACE_OUTER_BOUND ( 'NONE', #9578, .T. ) ;
#4158 = CARTESIAN_POINT ( 'NONE',  ( 18.94258358435486755, -3.159560628997981180, -34.29634816116375617 ) ) ;
#4159 = B_SPLINE_CURVE_WITH_KNOTS ( 'NONE', 3,
 ( #5502, #11084, #2997, #3977, #399, #4948, #141, #8597 ),
 .UNSPECIFIED., .F., .F.,
 ( 4, 2, 2, 4 ),
 ( 0.000000000000000000, 0.0002734144572333943026, 0.0005468289144667875211, 0.001093657828933582848 ),
 .UNSPECIFIED. ) ;
#4160 = CARTESIAN_POINT ( 'NONE',  ( 8.021784762357652809, 18.09195626647750998, -33.96250106665636537 ) ) ;
#4161 = CARTESIAN_POINT ( 'NONE',  ( 0.05052670855578865472, -18.27464759431479635, -34.29634816116375617 ) ) ;
#4162 = PLANE ( 'NONE',  #6171 ) ;
#4163 = VERTEX_POINT ( 'NONE', #1793 ) ;
#4164 = ORIENTED_EDGE ( 'NONE', *, *, #3568, .F. ) ;
#4165 = CARTESIAN_POINT ( 'NONE',  ( 10.04187997379049868, 16.43078929297791646, -34.15607241020864393 ) ) ;
#4166 = ORIENTED_EDGE ( 'NONE', *, *, #5662, .F. ) ;
#4167 = FACE_OUTER_BOUND ( 'NONE', #8390, .T. ) ;
#4168 = ORIENTED_EDGE ( 'NONE', *, *, #9526, .F. ) ;
#4169 = CYLINDRICAL_SURFACE ( 'NONE', #4239, 19.33712077059222167 ) ;
#4170 = LINE ( 'NONE', #6968, #3865 ) ;
#4171 = EDGE_CURVE ( 'NONE', #517, #5681, #11071, .T. ) ;
#4172 = LINE ( 'NONE', #1634, #3696 ) ;
#4173 = CARTESIAN_POINT ( 'NONE',  ( -3.184081677783118191E-15, 0.5375364957382011699, -44.29634816116374907 ) ) ;
#4174 = FACE_OUTER_BOUND ( 'NONE', #11348, .T. ) ;
#4175 = CARTESIAN_POINT ( 'NONE',  ( 4.254108880451956232, -18.28789122047827220, -26.43662752414719108 ) ) ;
#4176 = ORIENTED_EDGE ( 'NONE', *, *, #862, .F. ) ;
#4177 = CYLINDRICAL_SURFACE ( 'NONE', #3350, 0.7000000000000000666 ) ;
#4178 = CARTESIAN_POINT ( 'NONE',  ( -4.012722106421175106, -18.34089680047212667, -34.27817872468220628 ) ) ;
#4179 = ORIENTED_EDGE ( 'NONE', *, *, #3276, .F. ) ;
#4180 = DIRECTION ( 'NONE',  ( 0.1569032754148996511, -0.9876139742652876308, 0.000000000000000000 ) ) ;
#4181 = CARTESIAN_POINT ( 'NONE',  ( -19.06420979952543959, 3.545177551396542448, -33.59634816116375333 ) ) ;
#4182 = CARTESIAN_POINT ( 'NONE',  ( -2.929189417950423646, 19.10793930813106201, -33.59634816116375333 ) ) ;
#4183 = CARTESIAN_POINT ( 'NONE',  ( -7.564783306542286923, 17.74828643256065419, -34.20801078711515686 ) ) ;
#4184 = CARTESIAN_POINT ( 'NONE',  ( -19.06420979952550354, -2.470104559919733322, -33.59634816116375333 ) ) ;
#4185 = DIRECTION ( 'NONE',  ( 0.000000000000000000, 0.000000000000000000, 1.000000000000000000 ) ) ;
#4186 = EDGE_CURVE ( 'NONE', #8347, #8139, #877, .T. ) ;
#4187 = B_SPLINE_CURVE_WITH_KNOTS ( 'NONE', 3,
 ( #9005, #799, #1656, #4550, #678, #5354, #3410, #8212 ),
 .UNSPECIFIED., .F., .F.,
 ( 4, 2, 2, 4 ),
 ( 0.000000000000000000, 0.0002734140155771822662, 0.0005468280311543645324, 0.001093656062308726463 ),
 .UNSPECIFIED. ) ;
#4189 = ORIENTED_EDGE ( 'NONE', *, *, #3875, .F. ) ;
#4188 = EDGE_CURVE ( 'NONE', #5613, #7553, #4569, .T. ) ;
#4190 = CARTESIAN_POINT ( 'NONE',  ( -3.198396408832238080E-15, 0.5375364957382012809, -26.29634816116374907 ) ) ;
#4191 = DIRECTION ( 'NONE',  ( -0.9992475592060074963, 0.03878550529304176236, 0.000000000000000000 ) ) ;
#4192 = ORIENTED_EDGE ( 'NONE', *, *, #4843, .T. ) ;
#4193 = ORIENTED_EDGE ( 'NONE', *, *, #3427, .T. ) ;
#4194 = CARTESIAN_POINT ( 'NONE',  ( -18.92709628633268792, 4.373659290104154884, -34.29634816116375617 ) ) ;
#4195 = DIRECTION ( 'NONE',  ( -0.5229032302633938034, -0.8523920528607175084, -0.000000000000000000 ) ) ;
#4196 = CARTESIAN_POINT ( 'NONE',  ( 0.6786403541991833377, 0.5111952664728738327, -26.29634816116374907 ) ) ;
#4197 = FACE_OUTER_BOUND ( 'NONE', #10499, .T. ) ;
#4198 = PLANE ( 'NONE',  #5450 ) ;
#4199 = CARTESIAN_POINT ( 'NONE',  ( -17.80417973997777636, 7.987448158742549431, -26.29634816116374907 ) ) ;
#4200 = CARTESIAN_POINT ( 'NONE',  ( -3.184081677783118191E-15, 9.087536495738204323, -21.29634816116374907 ) ) ;
#4201 = AXIS2_PLACEMENT_3D ( 'NONE', #6404, #2633, #9859 ) ;
#4202 = CARTESIAN_POINT ( 'NONE',  ( -6.669092904898531238, -17.57359819609807161, -33.59634816116375333 ) ) ;
#4203 = EDGE_CURVE ( 'NONE', #2901, #5537, #8910, .T. ) ;
#4204 = EDGE_LOOP ( 'NONE', ( #8219, #6022, #1421, #1607 ) ) ;
#4205 = AXIS2_PLACEMENT_3D ( 'NONE', #10005, #4253, #6074 ) ;
#4206 = VERTEX_POINT ( 'NONE', #7791 ) ;
#4207 = DIRECTION ( 'NONE',  ( -0.9380269381538470785, -0.3465623512410412332, -0.000000000000000000 ) ) ;
#4208 = EDGE_LOOP ( 'NONE', ( #10659, #968, #835, #2531 ) ) ;
#4209 = ORIENTED_EDGE ( 'NONE', *, *, #5018, .F. ) ;
#4210 = CARTESIAN_POINT ( 'NONE',  ( -18.57040281239285662, -2.391652922212283094, -33.59634816116375333 ) ) ;
#4211 = ORIENTED_EDGE ( 'NONE', *, *, #340, .T. ) ;
#4212 = LINE ( 'NONE', #10461, #3262 ) ;
#4213 = CARTESIAN_POINT ( 'NONE',  ( 19.29954231967442979, 0.6994407509268337764, -26.29634816116375262 ) ) ;
#4214 = LINE ( 'NONE', #6161, #7229 ) ;
#4215 = CARTESIAN_POINT ( 'NONE',  ( -15.80917856642229147, 11.60853714959953642, -34.20800806837381458 ) ) ;
#4216 = AXIS2_PLACEMENT_3D ( 'NONE', #4142, #8692, #7838 ) ;
#4217 = DIRECTION ( 'NONE',  ( -0.9876139742652848552, 0.1569032754149171371, 0.000000000000000000 ) ) ;
#4218 = AXIS2_PLACEMENT_3D ( 'NONE', #6051, #4349, #1433 ) ;
#4219 = EDGE_CURVE ( 'NONE', #8825, #5134, #10043, .T. ) ;
#4220 = CARTESIAN_POINT ( 'NONE',  ( 13.69618551780640203, 14.13549598464069668, -26.29634816116374907 ) ) ;
#4221 = AXIS2_PLACEMENT_3D ( 'NONE', #8746, #7827, #1335 ) ;
#4222 = VERTEX_POINT ( 'NONE', #6683 ) ;
#4223 = ORIENTED_EDGE ( 'NONE', *, *, #6438, .F. ) ;
#4224 = VECTOR ( 'NONE', #8720, 1000.000000000000000 ) ;
#4225 = DIRECTION ( 'NONE',  ( -0.000000000000000000, 0.000000000000000000, -1.000000000000000000 ) ) ;
#4226 = EDGE_LOOP ( 'NONE', ( #146, #704, #7262, #10455 ) ) ;
#4227 = DIRECTION ( 'NONE',  ( 0.000000000000000000, -0.000000000000000000, 1.000000000000000000 ) ) ;
#4228 = ORIENTED_EDGE ( 'NONE', *, *, #4171, .F. ) ;
#4229 = CARTESIAN_POINT ( 'NONE',  ( 13.45734862795892361, -12.59001588877894662, -34.27817972094532450 ) ) ;
#4230 = VECTOR ( 'NONE', #4509, 999.9999999999998863 ) ;
#4231 = DIRECTION ( 'NONE',  ( -0.000000000000000000, -0.000000000000000000, 1.000000000000000000 ) ) ;
#4232 = EDGE_CURVE ( 'NONE', #6322, #2655, #11243, .T. ) ;
#4233 = CARTESIAN_POINT ( 'NONE',  ( -15.20250745882160359, -10.52247156145755547, -33.59634816116375333 ) ) ;
#4234 = CARTESIAN_POINT ( 'NONE',  ( -13.00574236495439528, -13.03768082845980381, -34.20801078711516396 ) ) ;
#4235 = DIRECTION ( 'NONE',  ( 0.000000000000000000, -0.000000000000000000, -1.000000000000000000 ) ) ;
#4236 = VECTOR ( 'NONE', #1804, 1000.000000000000000 ) ;
#4237 = DIRECTION ( 'NONE',  ( -0.000000000000000000, -0.000000000000000000, 1.000000000000000000 ) ) ;
#4238 = VECTOR ( 'NONE', #811, 1000.000000000000000 ) ;
#4239 = AXIS2_PLACEMENT_3D ( 'NONE', #6304, #3254, #11929 ) ;
#4240 = VERTEX_POINT ( 'NONE', #10382 ) ;
#4241 = EDGE_CURVE ( 'NONE', #299, #6769, #7731, .T. ) ;
#4242 = CARTESIAN_POINT ( 'NONE',  ( -17.06809607421168806, 8.419167523783178453, -34.29634816116375617 ) ) ;
#4243 = ORIENTED_EDGE ( 'NONE', *, *, #3600, .T. ) ;
#4244 = CIRCLE ( 'NONE', #9274, 19.33712077059221812 ) ;
#4245 = AXIS2_PLACEMENT_3D ( 'NONE', #7643, #6860, #9349 ) ;
#4246 = CARTESIAN_POINT ( 'NONE',  ( 15.65902725766264680, 10.94038725138971913, -26.29634816116374907 ) ) ;
#4247 = VERTEX_POINT ( 'NONE', #5062 ) ;
#4248 = CARTESIAN_POINT ( 'NONE',  ( 17.06809607421173069, -7.344094532306668199, -34.29634816116375617 ) ) ;
#4249 = CARTESIAN_POINT ( 'NONE',  ( 19.29987502093280582, 0.4680802046111885439, -26.29634816116374907 ) ) ;
#4250 = VECTOR ( 'NONE', #6385, 1000.000000000000114 ) ;
#4251 = CARTESIAN_POINT ( 'NONE',  ( 16.18801740618134843, -9.973042925449407292, -34.29634816116376328 ) ) ;
#4252 = CARTESIAN_POINT ( 'NONE',  ( -10.66468526717335230, 16.62338394472698511, -26.29634816116374907 ) ) ;
#4253 = DIRECTION ( 'NONE',  ( 0.5874011683613098445, -0.8092959084338485765, 0.000000000000000000 ) ) ;
#4254 = VECTOR ( 'NONE', #6488, 1000.000000000000000 ) ;
#4255 = ADVANCED_FACE ( 'NONE', ( #11303 ), #11433, .F. ) ;
#4256 = EDGE_LOOP ( 'NONE', ( #8307, #1389, #1822, #10487 ) ) ;
#4257 = CARTESIAN_POINT ( 'NONE',  ( 18.51298400176436942, 3.809429405536965962, -26.38468553521233773 ) ) ;
#4258 = CARTESIAN_POINT ( 'NONE',  ( -0.05003513775708824662, 19.33705603708741094, -26.29634816116374907 ) ) ;
#4259 = ORIENTED_EDGE ( 'NONE', *, *, #10946, .T. ) ;
#4260 = ORIENTED_EDGE ( 'NONE', *, *, #7257, .T. ) ;
#4261 = CARTESIAN_POINT ( 'NONE',  ( -11.33901249787384202, 16.15541176603354856, -33.77951245282525150 ) ) ;
#4262 = EDGE_CURVE ( 'NONE', #375, #4153, #5783, .T. ) ;
#4263 = CARTESIAN_POINT ( 'NONE',  ( 0.7500000000000000000, 19.32257073208606712, -34.29634816116375617 ) ) ;
#4264 = CARTESIAN_POINT ( 'NONE',  ( 14.00000000000000000, 0.5375364957381987274, -29.44634816116375120 ) ) ;
#4265 = DIRECTION ( 'NONE',  ( 0.9083417975707390735, 0.4182286202377336060, 0.000000000000000000 ) ) ;
#4266 = DIRECTION ( 'NONE',  ( -0.8314696123025522301, -0.5555702330195918526, 0.000000000000000000 ) ) ;
#4267 = LINE ( 'NONE', #5299, #11774 ) ;
#4268 = CYLINDRICAL_SURFACE ( 'NONE', #5303, 11.99999999999998757 ) ;
#4269 = ADVANCED_FACE ( 'NONE', ( #4996 ), #1235, .T. ) ;
#4270 = AXIS2_PLACEMENT_3D ( 'NONE', #10976, #1863, #5400 ) ;
#4271 = LINE ( 'NONE', #9843, #8115 ) ;
#4272 = ADVANCED_FACE ( 'NONE', ( #10509 ), #3964, .F. ) ;
#4273 = ORIENTED_EDGE ( 'NONE', *, *, #9683, .F. ) ;
#4274 = EDGE_LOOP ( 'NONE', ( #8455, #7717, #2063, #2136 ) ) ;
#4275 = CARTESIAN_POINT ( 'NONE',  ( -3.337138337176027925, -18.47220227128887160, -34.22032890332828714 ) ) ;
#4276 = ORIENTED_EDGE ( 'NONE', *, *, #8930, .F. ) ;
#4277 = ORIENTED_EDGE ( 'NONE', *, *, #657, .F. ) ;
#4278 = DIRECTION ( 'NONE',  ( 0.000000000000000000, 0.000000000000000000, -1.000000000000000000 ) ) ;
#4279 = ORIENTED_EDGE ( 'NONE', *, *, #10189, .T. ) ;
#4280 = VECTOR ( 'NONE', #3110, 1000.000000000000000 ) ;
#4281 = EDGE_CURVE ( 'NONE', #5167, #2767, #313, .T. ) ;
#4282 = DIRECTION ( 'NONE',  ( -0.8092959084338425813, 0.5874011683613181711, -0.000000000000000000 ) ) ;
#4283 = CARTESIAN_POINT ( 'NONE',  ( 15.20250745882152188, 11.59754455293406217, -34.29634816116375617 ) ) ;
#4284 = CARTESIAN_POINT ( 'NONE',  ( -17.27814378842750642, -6.873596215422402622, -26.29634816116375262 ) ) ;
#4285 = EDGE_CURVE ( 'NONE', #4419, #9145, #387, .T. ) ;
#4286 = CARTESIAN_POINT ( 'NONE',  ( 7.449911663004169959, 18.34171623571604925, -34.29634816116375617 ) ) ;
#4287 = EDGE_CURVE ( 'NONE', #11567, #3340, #5562, .T. ) ;
#4288 = EDGE_CURVE ( 'NONE', #7463, #3510, #10828, .T. ) ;
#4289 = DIRECTION ( 'NONE',  ( 1.000000000000000000, 0.000000000000000000, 0.000000000000000000 ) ) ;
#4290 = DIRECTION ( 'NONE',  ( -0.9876139742652849662, 0.1569032754149171649, 0.000000000000000000 ) ) ;
#4291 = VECTOR ( 'NONE', #9657, 1000.000000000000114 ) ;
#4292 = ORIENTED_EDGE ( 'NONE', *, *, #7171, .F. ) ;
#4293 = EDGE_CURVE ( 'NONE', #9088, #8194, #10419, .T. ) ;
#4294 = EDGE_LOOP ( 'NONE', ( #6838, #10314, #2084, #8921 ) ) ;
#4295 = DIRECTION ( 'NONE',  ( -0.8092959084338475773, -0.5874011683613109547, 0.000000000000000000 ) ) ;
#4296 = ORIENTED_EDGE ( 'NONE', *, *, #10732, .F. ) ;
#4297 = CARTESIAN_POINT ( 'NONE',  ( 0.000000000000000000, 0.5375364957382021691, -37.89634816116375760 ) ) ;
#4298 = VERTEX_POINT ( 'NONE', #5967 ) ;
#4299 = CARTESIAN_POINT ( 'NONE',  ( 17.73280799888750181, 8.158015994202473919, -34.29634816116376328 ) ) ;
#4300 = CARTESIAN_POINT ( 'NONE',  ( -19.29363787273915420, 1.037245111670469289, -34.15606879818029995 ) ) ;
#4301 = LINE ( 'NONE', #5331, #2729 ) ;
#4302 = FACE_OUTER_BOUND ( 'NONE', #656, .T. ) ;
#4303 = CARTESIAN_POINT ( 'NONE',  ( -3.184081677783118191E-15, 0.5375364957382011699, -46.29634816116374907 ) ) ;
#4304 = CARTESIAN_POINT ( 'NONE',  ( -3.184081677783118191E-15, 0.5375364957382012809, -101.8849916687654371 ) ) ;
#4305 = EDGE_CURVE ( 'NONE', #5111, #5020, #9663, .T. ) ;
#4306 = EDGE_LOOP ( 'NONE', ( #7121, #11140, #4404, #2423, #2969, #10972, #8764, #1529 ) ) ;
#4307 = CARTESIAN_POINT ( 'NONE',  ( -17.64212122275947081, -5.958275233539477966, -26.99634816116374836 ) ) ;
#4308 = ORIENTED_EDGE ( 'NONE', *, *, #11906, .T. ) ;
#4309 = CARTESIAN_POINT ( 'NONE',  ( -6.748308259772211493, 18.08447849473258984, -26.43662391211886131 ) ) ;
#4310 = ORIENTED_EDGE ( 'NONE', *, *, #11099, .F. ) ;
#4311 = CARTESIAN_POINT ( 'NONE',  ( -3.198396408832238080E-15, 0.5375364957382012809, -34.29634816116375617 ) ) ;
#4312 = CARTESIAN_POINT ( 'NONE',  ( 19.28465801595086404, -0.2318562569083902902, -26.99634816116374836 ) ) ;
#4313 = CARTESIAN_POINT ( 'NONE',  ( 16.46205883478120668, -9.536718758135661389, -33.59634816116375333 ) ) ;
#4314 = DIRECTION ( 'NONE',  ( -0.000000000000000000, -0.000000000000000000, 1.000000000000000000 ) ) ;
#4315 = DIRECTION ( 'NONE',  ( 0.000000000000000000, -1.000000000000000000, 0.000000000000000000 ) ) ;
#4316 = ORIENTED_EDGE ( 'NONE', *, *, #2784, .F. ) ;
#4317 = DIRECTION ( 'NONE',  ( 0.9992475592060074963, 0.03878550529304181094, 0.000000000000000000 ) ) ;
#4318 = CARTESIAN_POINT ( 'NONE',  ( -17.07572516372698956, 8.402653804716402774, -33.77951444777792744 ) ) ;
#4319 = ORIENTED_EDGE ( 'NONE', *, *, #6873, .F. ) ;
#4320 = ORIENTED_EDGE ( 'NONE', *, *, #7684, .T. ) ;
#4321 = CARTESIAN_POINT ( 'NONE',  ( -18.11113469183639779, -6.131556409159996335, -26.99634816116374836 ) ) ;
#4322 = AXIS2_PLACEMENT_3D ( 'NONE', #10203, #9241, #5604 ) ;
#4323 = DIRECTION ( 'NONE',  ( -0.9992475592060079403, -0.03878550529303135402, -0.000000000000000000 ) ) ;
#4324 = CARTESIAN_POINT ( 'NONE',  ( -0.7693927526465211830, 19.82219451168907653, -33.68879736725453711 ) ) ;
#4325 = DIRECTION ( 'NONE',  ( -0.000000000000000000, -0.000000000000000000, 1.000000000000000000 ) ) ;
#4326 = CARTESIAN_POINT ( 'NONE',  ( 6.495811729277876090, 18.17965771849759804, -33.59634816116375333 ) ) ;
#4327 = DIRECTION ( 'NONE',  ( 1.000000000000000000, 0.000000000000000000, 0.000000000000000000 ) ) ;
#4328 = EDGE_CURVE ( 'NONE', #10580, #8375, #9623, .T. ) ;
#4329 = FACE_OUTER_BOUND ( 'NONE', #3581, .T. ) ;
#4330 = CARTESIAN_POINT ( 'NONE',  ( 0.05052670855579483034, 19.34972058579119292, -26.99634816116374836 ) ) ;
#4331 = ORIENTED_EDGE ( 'NONE', *, *, #7900, .F. ) ;
#4332 = ORIENTED_EDGE ( 'NONE', *, *, #7592, .F. ) ;
#4333 = CARTESIAN_POINT ( 'NONE',  ( -3.697097124736248741, -18.40504708861665861, -34.29634816116375617 ) ) ;
#4334 = VERTEX_POINT ( 'NONE', #9779 ) ;
#4335 = EDGE_LOOP ( 'NONE', ( #720, #199, #7023, #11520 ) ) ;
#4336 = CARTESIAN_POINT ( 'NONE',  ( 6.495811729277745528, -17.10458472702123700, -26.81144803512891528 ) ) ;
#4337 = ORIENTED_EDGE ( 'NONE', *, *, #5113, .F. ) ;
#4338 = CARTESIAN_POINT ( 'NONE',  ( -18.51298400176433034, 3.809429405537226643, -34.20801078711516396 ) ) ;
#4339 = FACE_OUTER_BOUND ( 'NONE', #6703, .T. ) ;
#4340 = CARTESIAN_POINT ( 'NONE',  ( 0.1582312551650149335, -0.1229250554483287267, -33.59634816116375333 ) ) ;
#4341 = CARTESIAN_POINT ( 'NONE',  ( 4.075018402386000993, -17.81565416020426795, -26.37236415740901307 ) ) ;
#4342 = VECTOR ( 'NONE', #10253, 1000.000000000000114 ) ;
#4343 = LINE ( 'NONE', #8044, #7925 ) ;
#4344 = DIRECTION ( 'NONE',  ( -0.000000000000000000, -0.000000000000000000, 1.000000000000000000 ) ) ;
#4345 = EDGE_CURVE ( 'NONE', #149, #7890, #11610, .T. ) ;
#4346 = EDGE_CURVE ( 'NONE', #363, #6914, #6216, .T. ) ;
#4347 = ORIENTED_EDGE ( 'NONE', *, *, #5910, .T. ) ;
#4348 = VERTEX_POINT ( 'NONE', #5302 ) ;
#4349 = DIRECTION ( 'NONE',  ( -0.9083417975707330783, 0.4182286202377467066, 0.000000000000000000 ) ) ;
#4350 = VERTEX_POINT ( 'NONE', #7061 ) ;
#4351 = CARTESIAN_POINT ( 'NONE',  ( -15.65902152899706046, -10.74458551830900888, -33.94899550485384054 ) ) ;
#4352 = ORIENTED_EDGE ( 'NONE', *, *, #10542, .T. ) ;
#4353 = DIRECTION ( 'NONE',  ( -0.9380269381538424156, 0.3465623512410538343, -0.000000000000000000 ) ) ;
#4354 = EDGE_CURVE ( 'NONE', #7490, #5977, #4384, .T. ) ;
#4355 = CARTESIAN_POINT ( 'NONE',  ( -7.240491104578016035, 17.88688020278106805, -26.29634816116374907 ) ) ;
#4356 = DIRECTION ( 'NONE',  ( 0.9238795325112891810, 0.3826834323650841196, 0.000000000000000000 ) ) ;
#4357 = PLANE ( 'NONE',  #4008 ) ;
#4358 = FACE_OUTER_BOUND ( 'NONE', #11716, .T. ) ;
#4359 = ADVANCED_FACE ( 'NONE', ( #5357 ), #11671, .F. ) ;
#4360 = CARTESIAN_POINT ( 'NONE',  ( -13.45734862795883657, 13.66508888025544621, -34.27817972094533872 ) ) ;
#4361 = ORIENTED_EDGE ( 'NONE', *, *, #9309, .T. ) ;
#4362 = EDGE_CURVE ( 'NONE', #11795, #9648, #6148, .T. ) ;
#4363 = CARTESIAN_POINT ( 'NONE',  ( -0.1065610753027052549, -0.1332028932476734262, -33.59634816116375333 ) ) ;
#4364 = VERTEX_POINT ( 'NONE', #6090 ) ;
#4365 = DIRECTION ( 'NONE',  ( 0.8092959084338466891, 0.5874011683613122869, -0.000000000000000000 ) ) ;
#4366 = ORIENTED_EDGE ( 'NONE', *, *, #10284, .T. ) ;
#4367 = DIRECTION ( 'NONE',  ( -1.000000000000000000, 0.000000000000000000, 0.000000000000000000 ) ) ;
#4368 = LINE ( 'NONE', #2606, #2116 ) ;
#4369 = CARTESIAN_POINT ( 'NONE',  ( 16.46205883478120313, -9.536718758135659613, -26.81145002369892794 ) ) ;
#4370 = CARTESIAN_POINT ( 'NONE',  ( -10.07425525387357013, 16.99959533051958971, -26.99634816116374836 ) ) ;
#4371 = LINE ( 'NONE', #11656, #7311 ) ;
#4372 = CARTESIAN_POINT ( 'NONE',  ( 14.00000000000000000, 0.5375364957381987274, -21.29634816116374907 ) ) ;
#4373 = CARTESIAN_POINT ( 'NONE',  ( -13.81335517923306178, -12.21515851171480271, -33.59634816116375333 ) ) ;
#4374 = LINE ( 'NONE', #6688, #4819 ) ;
#4375 = VERTEX_POINT ( 'NONE', #4202 ) ;
#4376 = ORIENTED_EDGE ( 'NONE', *, *, #2508, .F. ) ;
#4377 = LINE ( 'NONE', #796, #4250 ) ;
#4378 = CARTESIAN_POINT ( 'NONE',  ( -7.963145937085533532, -17.04320500889396328, -26.56607335038743400 ) ) ;
#4379 = CARTESIAN_POINT ( 'NONE',  ( -4.400367338555658314, -17.74023083363039888, -33.59634816116375333 ) ) ;
#4380 = DIRECTION ( 'NONE',  ( 0.8092959084338403608, -0.5874011683613210577, 0.000000000000000000 ) ) ;
#4381 = PLANE ( 'NONE',  #4779 ) ;
#4382 = CARTESIAN_POINT ( 'NONE',  ( -9.812803638742224166, -15.49832631261261362, -33.59634816116375333 ) ) ;
#4383 = EDGE_CURVE ( 'NONE', #5950, #5981, #8016, .T. ) ;
#4384 = LINE ( 'NONE', #9010, #354 ) ;
#4385 = VERTEX_POINT ( 'NONE', #7904 ) ;
#4386 = EDGE_CURVE ( 'NONE', #5891, #11247, #8030, .T. ) ;
#4387 = ORIENTED_EDGE ( 'NONE', *, *, #2294, .T. ) ;
#4388 = CARTESIAN_POINT ( 'NONE',  ( -12.75269500745295481, 14.35089167497130269, -34.29634816116375617 ) ) ;
#4389 = ORIENTED_EDGE ( 'NONE', *, *, #6862, .F. ) ;
#4390 = VERTEX_POINT ( 'NONE', #7004 ) ;
#4391 = CARTESIAN_POINT ( 'NONE',  ( 4.400367338555531305, 18.81530382510682742, -26.99634816116374836 ) ) ;
#4392 = ORIENTED_EDGE ( 'NONE', *, *, #1617, .T. ) ;
#4393 = CARTESIAN_POINT ( 'NONE',  ( 0.000000000000000000, 0.5375364957382021691, -41.09634816116376044 ) ) ;
#4394 = FACE_OUTER_BOUND ( 'NONE', #5321, .T. ) ;
#4395 = CARTESIAN_POINT ( 'NONE',  ( -3.144186300207962859E-15, 0.5375364957382012809, -34.29634816116375617 ) ) ;
#4396 = CARTESIAN_POINT ( 'NONE',  ( 18.79904110953532026, 0.7724709504514951641, -26.29634816116375973 ) ) ;
#4397 = DIRECTION ( 'NONE',  ( -0.000000000000000000, -0.000000000000000000, 1.000000000000000000 ) ) ;
#4398 = CARTESIAN_POINT ( 'NONE',  ( -0.06945629112694208518, 19.83741151667101121, -34.29634816116375617 ) ) ;
#4399 = VECTOR ( 'NONE', #11359, 1000.000000000000114 ) ;
#4400 = EDGE_LOOP ( 'NONE', ( #10903, #10931, #2455, #10435 ) ) ;
#4401 = EDGE_CURVE ( 'NONE', #5077, #5222, #4271, .T. ) ;
#4402 = ORIENTED_EDGE ( 'NONE', *, *, #10063, .F. ) ;
#4403 = CARTESIAN_POINT ( 'NONE',  ( 13.75319158104431949, -12.27993056021877294, -26.64369750929288827 ) ) ;
#4404 = ORIENTED_EDGE ( 'NONE', *, *, #8582, .F. ) ;
#4405 = CARTESIAN_POINT ( 'NONE',  ( -15.80162833872443962, -10.54466554703664904, -34.22032890332829425 ) ) ;
#4406 = EDGE_LOOP ( 'NONE', ( #4451, #5281, #5722, #8051 ) ) ;
#4407 = DIRECTION ( 'NONE',  ( -0.000000000000000000, -0.000000000000000000, 1.000000000000000000 ) ) ;
#4408 = VECTOR ( 'NONE', #2812, 1000.000000000000114 ) ;
#4409 = CARTESIAN_POINT ( 'NONE',  ( -15.20250745882160359, -10.52247156145755547, -34.29634816116375617 ) ) ;
#4410 = CARTESIAN_POINT ( 'NONE',  ( -15.60343119137697343, -9.948519653097994464, -34.29634816116375617 ) ) ;
#4411 = AXIS2_PLACEMENT_3D ( 'NONE', #2242, #11345, #10428 ) ;
#4412 = CARTESIAN_POINT ( 'NONE',  ( -6.567282823510707246, -17.07847943596201645, -33.96250492026807422 ) ) ;
#4413 = EDGE_CURVE ( 'NONE', #320, #4662, #745, .T. ) ;
#4414 = DIRECTION ( 'NONE',  ( 0.8523920528607175084, -0.5229032302633938034, -0.000000000000000000 ) ) ;
#4415 = FACE_BOUND ( 'NONE', #5051, .T. ) ;
#4416 = VECTOR ( 'NONE', #10135, 1000.000000000000000 ) ;
#4417 = EDGE_CURVE ( 'NONE', #9367, #8528, #2510, .T. ) ;
#4418 = CIRCLE ( 'NONE', #10036, 19.30000000000008598 ) ;
#4419 = VERTEX_POINT ( 'NONE', #10636 ) ;
#4420 = CIRCLE ( 'NONE', #3635, 19.33712077059222167 ) ;
#4421 = CARTESIAN_POINT ( 'NONE',  ( 3.517191827691069861, -18.43946390132263602, -34.27817872468220628 ) ) ;
#4422 = EDGE_LOOP ( 'NONE', ( #243, #4243, #2371, #7077 ) ) ;
#4423 = DIRECTION ( 'NONE',  ( 0.8092959084338485765, 0.5874011683613098445, 0.000000000000000000 ) ) ;
#4424 = ORIENTED_EDGE ( 'NONE', *, *, #5516, .F. ) ;
#4425 = LINE ( 'NONE', #8140, #4847 ) ;
#4426 = CIRCLE ( 'NONE', #8112, 19.33712077059222167 ) ;
#4427 = CARTESIAN_POINT ( 'NONE',  ( 13.32864793594260533, -12.72035106979326891, -34.29634816116375617 ) ) ;
#4428 = AXIS2_PLACEMENT_3D ( 'NONE', #10884, #11791, #7115 ) ;
#4429 = LINE ( 'NONE', #10004, #2465 ) ;
#4430 = CARTESIAN_POINT ( 'NONE',  ( 4.400367338555529528, 18.81530382510683452, -34.29634816116375617 ) ) ;
#4431 = EDGE_CURVE ( 'NONE', #5202, #7036, #1660, .T. ) ;
#4432 = VECTOR ( 'NONE', #6651, 1000.000000000000000 ) ;
#4433 = PLANE ( 'NONE',  #4624 ) ;
#4434 = EDGE_CURVE ( 'NONE', #1476, #4923, #7846, .T. ) ;
#4435 = VECTOR ( 'NONE', #11893, 1000.000000000000000 ) ;
#4436 = VECTOR ( 'NONE', #4555, 1000.000000000000000 ) ;
#4437 = VECTOR ( 'NONE', #6636, 1000.000000000000114 ) ;
#4438 = CARTESIAN_POINT ( 'NONE',  ( 0.02634122926532667455, 1.216176849937387505, -33.59634816116375333 ) ) ;
#4439 = ORIENTED_EDGE ( 'NONE', *, *, #5389, .F. ) ;
#4440 = ORIENTED_EDGE ( 'NONE', *, *, #475, .T. ) ;
#4441 = CARTESIAN_POINT ( 'NONE',  ( -7.321573171451259299, 18.39487577949177322, -34.29634816116375617 ) ) ;
#4442 = CARTESIAN_POINT ( 'NONE',  ( -8.074240236533652748, -16.99237728009603998, -26.81318386950226795 ) ) ;
#4443 = CARTESIAN_POINT ( 'NONE',  ( 16.42258334888554927, 10.67683826705479078, -33.96250106665636537 ) ) ;
#4444 = CARTESIAN_POINT ( 'NONE',  ( -4.516859228947537552, -18.22647114404586688, -34.29634816116375617 ) ) ;
#4445 = FACE_OUTER_BOUND ( 'NONE', #11923, .T. ) ;
#4446 = CARTESIAN_POINT ( 'NONE',  ( -17.52226697299705194, 8.628281833902056164, -33.78124629862857375 ) ) ;
#4447 = CIRCLE ( 'NONE', #3086, 11.19999999999998863 ) ;
#4448 = PLANE ( 'NONE',  #10238 ) ;
#4449 = ADVANCED_FACE ( 'NONE', ( #1415 ), #5178, .F. ) ;
#4450 = ORIENTED_EDGE ( 'NONE', *, *, #2980, .F. ) ;
#4451 = ORIENTED_EDGE ( 'NONE', *, *, #9966, .F. ) ;
#4452 = CIRCLE ( 'NONE', #10651, 17.30000000000004334 ) ;
#4453 = CARTESIAN_POINT ( 'NONE',  ( -8.090745338163426226, 18.05980346873544207, -26.81145002369893149 ) ) ;
#4454 = EDGE_LOOP ( 'NONE', ( #5378, #416, #2025, #11968 ) ) ;
#4455 = EDGE_LOOP ( 'NONE', ( #4075, #4292 ) ) ;
#4456 = CARTESIAN_POINT ( 'NONE',  ( -0.1048681680489895879, 1.064744378437763039, -34.29634816116375617 ) ) ;
#4457 = EDGE_LOOP ( 'NONE', ( #3685, #8722, #7364, #2740 ) ) ;
#4458 = CARTESIAN_POINT ( 'NONE',  ( -18.55874244597006140, 3.541916600525875758, -33.96250492026806711 ) ) ;
#4459 = DIRECTION ( 'NONE',  ( 0.9238795325112837409, -0.3826834323650970537, 0.000000000000000000 ) ) ;
#4460 = CARTESIAN_POINT ( 'NONE',  ( -10.07425525387392184, -15.92452233904298176, -26.99634816116374836 ) ) ;
#4461 = LINE ( 'NONE', #1731, #903 ) ;
#4462 = AXIS2_PLACEMENT_3D ( 'NONE', #2334, #2890, #5073 ) ;
#4463 = LINE ( 'NONE', #8176, #8316 ) ;
#4464 = B_SPLINE_CURVE_WITH_KNOTS ( 'NONE', 3,
 ( #4477, #6472, #3732, #10224, #8358, #7436, #9155, #9325 ),
 .UNSPECIFIED., .F., .F.,
 ( 4, 2, 2, 4 ),
 ( 0.000000000000000000, 0.0002734115678465776902, 0.0005468231356931553804, 0.001093646271386291679 ),
 .UNSPECIFIED. ) ;
#4465 = CARTESIAN_POINT ( 'NONE',  ( -19.31180786965600404, 0.4676170345360908254, -26.99634816116374836 ) ) ;
#4466 = VERTEX_POINT ( 'NONE', #10696 ) ;
#4467 = ORIENTED_EDGE ( 'NONE', *, *, #4287, .T. ) ;
#4468 = VECTOR ( 'NONE', #6402, 1000.000000000000114 ) ;
#4469 = DIRECTION ( 'NONE',  ( -0.8314696123025445695, 0.5555702330196032879, 0.000000000000000000 ) ) ;
#4470 = VERTEX_POINT ( 'NONE', #8879 ) ;
#4471 = DIRECTION ( 'NONE',  ( -0.9083417975707352987, 0.4182286202377419326, 0.000000000000000000 ) ) ;
#4472 = EDGE_LOOP ( 'NONE', ( #7153, #4558, #10260, #9574 ) ) ;
#4473 = DIRECTION ( 'NONE',  ( -0.000000000000000000, -0.000000000000000000, 1.000000000000000000 ) ) ;
#4474 = CARTESIAN_POINT ( 'NONE',  ( -3.016470512272812599, 19.09390052655090031, -33.94899881303460631 ) ) ;
#4475 = CARTESIAN_POINT ( 'NONE',  ( 0.7512177223120468650, -18.74787001589971069, -33.77951245282524440 ) ) ;
#4476 = CARTESIAN_POINT ( 'NONE',  ( 17.80417973997787229, 7.987448158742305182, -26.29634816116374907 ) ) ;
#4477 = CARTESIAN_POINT ( 'NONE',  ( 16.00867175329644709, -10.24265036234601034, -34.29634816116375617 ) ) ;
#4478 = EDGE_CURVE ( 'NONE', #1719, #4334, #566, .T. ) ;
#4479 = CIRCLE ( 'NONE', #7968, 16.30000000000003624 ) ;
#4480 = FACE_OUTER_BOUND ( 'NONE', #5293, .T. ) ;
#4481 = ORIENTED_EDGE ( 'NONE', *, *, #1986, .F. ) ;
#4482 = CARTESIAN_POINT ( 'NONE',  ( -10.66468526717368981, -15.54831095325035584, -34.29634816116375617 ) ) ;
#4483 = ORIENTED_EDGE ( 'NONE', *, *, #5754, .T. ) ;
#4484 = AXIS2_PLACEMENT_3D ( 'NONE', #10756, #9124, #9903 ) ;
#4485 = CARTESIAN_POINT ( 'NONE',  ( 13.45734862795901599, 13.66508888025525081, -26.31451660138218074 ) ) ;
#4486 = ORIENTED_EDGE ( 'NONE', *, *, #715, .T. ) ;
#4487 = FACE_OUTER_BOUND ( 'NONE', #8284, .T. ) ;
#4488 = CARTESIAN_POINT ( 'NONE',  ( -7.150496056234969977, 18.46501801048787073, -26.29634816116374196 ) ) ;
#4489 = CARTESIAN_POINT ( 'NONE',  ( -10.35782588660498860, 16.82317750783341737, -26.37236741899920744 ) ) ;
#4490 = FACE_OUTER_BOUND ( 'NONE', #5063, .T. ) ;
#4491 = EDGE_CURVE ( 'NONE', #10332, #3353, #8699, .T. ) ;
#4492 = ADVANCED_FACE ( 'NONE', ( #11164 ), #4448, .F. ) ;
#4493 = ADVANCED_FACE ( 'NONE', ( #5474 ), #6498, .F. ) ;
#4494 = CARTESIAN_POINT ( 'NONE',  ( -18.76400763978414687, -3.979322733209000873, -33.68879736725453711 ) ) ;
#4495 = ORIENTED_EDGE ( 'NONE', *, *, #1819, .T. ) ;
#4496 = VERTEX_POINT ( 'NONE', #10138 ) ;
#4497 = CARTESIAN_POINT ( 'NONE',  ( 18.30000000000004334, 0.5375364957382012809, -46.29634816116374907 ) ) ;
#4498 = EDGE_CURVE ( 'NONE', #7739, #7442, #803, .T. ) ;
#4499 = DIRECTION ( 'NONE',  ( -0.000000000000000000, -0.000000000000000000, 1.000000000000000000 ) ) ;
#4500 = CARTESIAN_POINT ( 'NONE',  ( -3.198396408832238080E-15, 0.5375364957382012809, -26.29634816116374907 ) ) ;
#4501 = LINE ( 'NONE', #11902, #8671 ) ;
#4502 = CARTESIAN_POINT ( 'NONE',  ( -17.73284624609452464, -7.081081911505691551, -26.31451759764529186 ) ) ;
#4503 = ADVANCED_FACE ( 'NONE', ( #5527 ), #10088, .F. ) ;
#4504 = DIRECTION ( 'NONE',  ( 0.000000000000000000, 0.000000000000000000, -1.000000000000000000 ) ) ;
#4505 = ORIENTED_EDGE ( 'NONE', *, *, #7019, .T. ) ;
#4506 = EDGE_CURVE ( 'NONE', #8461, #4298, #7862, .T. ) ;
#4507 = EDGE_LOOP ( 'NONE', ( #10842, #10439, #6367, #4035, #79, #9845, #850, #9514 ) ) ;
#4508 = AXIS2_PLACEMENT_3D ( 'NONE', #279, #154, #1134 ) ;
#4509 = DIRECTION ( 'NONE',  ( -0.5874011683613152845, -0.8092959084338446907, 0.000000000000000000 ) ) ;
#4510 = ORIENTED_EDGE ( 'NONE', *, *, #4293, .T. ) ;
#4511 = ORIENTED_EDGE ( 'NONE', *, *, #3752, .T. ) ;
#4512 = CARTESIAN_POINT ( 'NONE',  ( -2.929189417950423646, 19.10793930813106201, -26.99634816116374836 ) ) ;
#4513 = CARTESIAN_POINT ( 'NONE',  ( -6.977030442777791386, 17.99549133118678412, -34.29634816116376328 ) ) ;
#4514 = DIRECTION ( 'NONE',  ( -0.1569032754149237707, -0.9876139742652837450, 0.000000000000000000 ) ) ;
#4515 = DIRECTION ( 'NONE',  ( 0.7071067811865474617, 0.000000000000000000, 0.7071067811865474617 ) ) ;
#4516 = DIRECTION ( 'NONE',  ( 0.000000000000000000, -0.000000000000000000, 1.000000000000000000 ) ) ;
#4517 = CARTESIAN_POINT ( 'NONE',  ( -0.1048681680489871731, 0.01032861303863893618, -26.29634816116374907 ) ) ;
#4518 = VECTOR ( 'NONE', #10482, 1000.000000000000000 ) ;
#4519 = DIRECTION ( 'NONE',  ( -0.6791492313942135706, 0.7340002190031341689, -0.000000000000000000 ) ) ;
#4520 = ORIENTED_EDGE ( 'NONE', *, *, #7276, .F. ) ;
#4521 = ORIENTED_EDGE ( 'NONE', *, *, #8430, .F. ) ;
#4522 = DIRECTION ( 'NONE',  ( -1.000000000000000000, 0.000000000000000000, 0.000000000000000000 ) ) ;
#4523 = B_SPLINE_CURVE_WITH_KNOTS ( 'NONE', 3,
 ( #9690, #10402, #1380, #2102, #5808, #3317, #4299, #705 ),
 .UNSPECIFIED., .F., .F.,
 ( 4, 2, 2, 4 ),
 ( 0.000000000000000000, 0.0002734111411466474181, 0.0005468222822932948361, 0.001093644564586586853 ),
 .UNSPECIFIED. ) ;
#4524 = ORIENTED_EDGE ( 'NONE', *, *, #1446, .T. ) ;
#4525 = CARTESIAN_POINT ( 'NONE',  ( -10.48605614883614479, 16.14096768711521079, -34.29634816116375617 ) ) ;
#4526 = EDGE_LOOP ( 'NONE', ( #6018, #8811, #10920, #3433 ) ) ;
#4527 = LINE ( 'NONE', #10963, #9460 ) ;
#4528 = PLANE ( 'NONE',  #8524 ) ;
#4529 = CARTESIAN_POINT ( 'NONE',  ( 0.2543532060676721995, -18.76167311912650604, -34.29634816116377038 ) ) ;
#4530 = FACE_OUTER_BOUND ( 'NONE', #11340, .T. ) ;
#4531 = LINE ( 'NONE', #1854, #8309 ) ;
#4532 = CARTESIAN_POINT ( 'NONE',  ( -0.2986392761938140850, 0.09059123402828882232, -34.29634816116375617 ) ) ;
#4533 = PRODUCT_DEFINITION_CONTEXT ( 'detailed design', #3617, 'design' ) ;
#4534 = ORIENTED_EDGE ( 'NONE', *, *, #8278, .F. ) ;
#4535 = DIRECTION ( 'NONE',  ( 0.9724806208309297872, -0.2329837807837474850, 0.000000000000000000 ) ) ;
#4536 = VERTEX_POINT ( 'NONE', #914 ) ;
#4537 = EDGE_LOOP ( 'NONE', ( #818, #7948, #9667, #3232 ) ) ;
#4538 = EDGE_CURVE ( 'NONE', #10940, #2011, #3650, .T. ) ;
#4539 = DIRECTION ( 'NONE',  ( 0.000000000000000000, 0.000000000000000000, 1.000000000000000000 ) ) ;
#4540 = ORIENTED_EDGE ( 'NONE', *, *, #806, .F. ) ;
#4541 = DIRECTION ( 'NONE',  ( 0.9876139742652869646, 0.1569032754149030651, -0.000000000000000000 ) ) ;
#4542 = LINE ( 'NONE', #7448, #4900 ) ;
#4543 = FACE_OUTER_BOUND ( 'NONE', #5184, .T. ) ;
#4544 = CARTESIAN_POINT ( 'NONE',  ( -13.81335517923306178, -12.21515851171480271, -26.99634816116374836 ) ) ;
#4545 = CARTESIAN_POINT ( 'NONE',  ( 0.4220916014713371744, -18.75803349073256499, -26.38468825395369777 ) ) ;
#4546 = VERTEX_POINT ( 'NONE', #4614 ) ;
#4547 = ORIENTED_EDGE ( 'NONE', *, *, #11687, .F. ) ;
#4548 = DIRECTION ( 'NONE',  ( -0.000000000000000000, 0.000000000000000000, 1.000000000000000000 ) ) ;
#4549 = CARTESIAN_POINT ( 'NONE',  ( -17.55917063790333899, -7.472879154803012902, -33.94899550485384765 ) ) ;
#4550 = CARTESIAN_POINT ( 'NONE',  ( -6.578676911427701057, -17.07378799989524865, -26.64369750929288116 ) ) ;
#4551 = CARTESIAN_POINT ( 'NONE',  ( -19.29987502093281293, 0.4680802046114641568, -26.29634816116374907 ) ) ;
#4552 = CARTESIAN_POINT ( 'NONE',  ( -10.04187997379061592, -15.35571630150144351, -34.15607241020864393 ) ) ;
#4553 = EDGE_CURVE ( 'NONE', #8999, #3980, #11855, .T. ) ;
#4554 = EDGE_CURVE ( 'NONE', #5442, #4163, #7360, .T. ) ;
#4555 = DIRECTION ( 'NONE',  ( -0.000000000000000000, 0.000000000000000000, 1.000000000000000000 ) ) ;
#4556 = ADVANCED_FACE ( 'NONE', ( #8162 ), #8330, .F. ) ;
#4557 = VERTEX_POINT ( 'NONE', #3706 ) ;
#4558 = ORIENTED_EDGE ( 'NONE', *, *, #1703, .F. ) ;
#4559 = CARTESIAN_POINT ( 'NONE',  ( -13.32864793594251829, 13.79542406126976495, -34.29634816116375617 ) ) ;
#4560 = VERTEX_POINT ( 'NONE', #2789 ) ;
#4561 = VERTEX_POINT ( 'NONE', #9062 ) ;
#4562 = DIRECTION ( 'NONE',  ( 0.9724806208309305644, 0.2329837807837442099, -0.000000000000000000 ) ) ;
#4563 = CARTESIAN_POINT ( 'NONE',  ( -18.11113469183625568, 7.206629400636784588, -34.29634816116375617 ) ) ;
#4564 = CARTESIAN_POINT ( 'NONE',  ( 13.25788756553132686, -12.79111144020455093, -34.29634816116375617 ) ) ;
#4565 = CARTESIAN_POINT ( 'NONE',  ( -0.2057063112105980140, 0.04091752934783543516, -34.29634816116375617 ) ) ;
#4566 = CARTESIAN_POINT ( 'NONE',  ( 18.29576878560965980, -3.788901477168129084, -26.63019140205943458 ) ) ;
#4567 = DIRECTION ( 'NONE',  ( 0.000000000000000000, 0.000000000000000000, 1.000000000000000000 ) ) ;
#4568 = EDGE_CURVE ( 'NONE', #3792, #5397, #1137, .T. ) ;
#4569 = LINE ( 'NONE', #8454, #8682 ) ;
#4570 = ORIENTED_EDGE ( 'NONE', *, *, #1202, .F. ) ;
#4571 = VERTEX_POINT ( 'NONE', #3764 ) ;
#4572 = DIRECTION ( 'NONE',  ( 0.000000000000000000, 0.000000000000000000, 1.000000000000000000 ) ) ;
#4573 = ORIENTED_EDGE ( 'NONE', *, *, #11577, .F. ) ;
#4574 = LINE ( 'NONE', #3726, #755 ) ;
#4575 = VERTEX_POINT ( 'NONE', #7242 ) ;
#4576 = DIRECTION ( 'NONE',  ( 0.8523920528607284997, 0.5229032302633759288, 0.000000000000000000 ) ) ;
#4577 = DIRECTION ( 'NONE',  ( 0.000000000000000000, 0.000000000000000000, -1.000000000000000000 ) ) ;
#4578 = LINE ( 'NONE', #10112, #10802 ) ;
#4579 = EDGE_CURVE ( 'NONE', #2743, #4222, #5600, .T. ) ;
#4580 = LINE ( 'NONE', #10113, #4236 ) ;
#4581 = CIRCLE ( 'NONE', #7114, 11.19999999999998863 ) ;
#4582 = LINE ( 'NONE', #11139, #3249 ) ;
#4583 = ORIENTED_EDGE ( 'NONE', *, *, #886, .T. ) ;
#4584 = AXIS2_PLACEMENT_3D ( 'NONE', #3660, #11173, #985 ) ;
#4585 = CARTESIAN_POINT ( 'NONE',  ( 18.97700039706082009, 4.054728323429343639, -34.27817872468220628 ) ) ;
#4586 = ORIENTED_EDGE ( 'NONE', *, *, #4554, .F. ) ;
#4587 = EDGE_CURVE ( 'NONE', #4983, #881, #5411, .T. ) ;
#4588 = ORIENTED_EDGE ( 'NONE', *, *, #3458, .F. ) ;
#4589 = CARTESIAN_POINT ( 'NONE',  ( 17.66525471581585549, -7.236520247569606212, -34.20800806837380037 ) ) ;
#4590 = CIRCLE ( 'NONE', #9632, 19.30000000000008598 ) ;
#4591 = CARTESIAN_POINT ( 'NONE',  ( 13.81335517923296230, 13.29023150319129876, -26.81144803512891528 ) ) ;
#4592 = ORIENTED_EDGE ( 'NONE', *, *, #1007, .F. ) ;
#4593 = CARTESIAN_POINT ( 'NONE',  ( 0.06991946120230951855, -18.77427137391779866, -26.99634816116374836 ) ) ;
#4594 = CARTESIAN_POINT ( 'NONE',  ( 0.4966189663903605167, 0.3318301845276014905, -34.29634816116375617 ) ) ;
#4595 = DIRECTION ( 'NONE',  ( -0.000000000000000000, 0.000000000000000000, 1.000000000000000000 ) ) ;
#4596 = VECTOR ( 'NONE', #4323, 999.9999999999998863 ) ;
#4597 = CARTESIAN_POINT ( 'NONE',  ( -18.84246503326950162, 4.715896687588647218, -34.20800806837380748 ) ) ;
#4598 = B_SPLINE_CURVE_WITH_KNOTS ( 'NONE', 3,
 ( #8484, #7345, #12014, #4597, #7452, #161, #10176, #2826 ),
 .UNSPECIFIED., .F., .F.,
 ( 4, 2, 2, 4 ),
 ( 8.673617379884035472E-19, 0.0002734115678465777444, 0.0005468231356931546215, 0.001093646271386291896 ),
 .UNSPECIFIED. ) ;
#4599 = VECTOR ( 'NONE', #11306, 1000.000000000000000 ) ;
#4600 = VECTOR ( 'NONE', #1004, 1000.000000000000000 ) ;
#4601 = AXIS2_PLACEMENT_3D ( 'NONE', #3733, #5451, #4656 ) ;
#4602 = DIRECTION ( 'NONE',  ( 0.8523920528607193958, -0.5229032302633908058, 0.000000000000000000 ) ) ;
#4603 = EDGE_LOOP ( 'NONE', ( #3280, #8288, #11305, #8779 ) ) ;
#4604 = ORIENTED_EDGE ( 'NONE', *, *, #4060, .F. ) ;
#4605 = LINE ( 'NONE', #7287, #8503 ) ;
#4606 = AXIS2_PLACEMENT_3D ( 'NONE', #12008, #10805, #9895 ) ;
#4607 = CARTESIAN_POINT ( 'NONE',  ( -17.52991377583439103, -7.536703740795126727, -33.77951245282524440 ) ) ;
#4608 = FACE_OUTER_BOUND ( 'NONE', #7208, .T. ) ;
#4609 = CARTESIAN_POINT ( 'NONE',  ( 0.2840405426658258459, -0.07936508541467172939, -33.59634816116375333 ) ) ;
#4610 = CARTESIAN_POINT ( 'NONE',  ( -17.76849405989256070, -6.997658629825263432, -26.29634816116374907 ) ) ;
#4611 = AXIS2_PLACEMENT_3D ( 'NONE', #3440, #6060, #9804 ) ;
#4612 = EDGE_CURVE ( 'NONE', #10358, #8230, #158, .T. ) ;
#4613 = AXIS2_PLACEMENT_3D ( 'NONE', #5846, #7601, #4880 ) ;
#4614 = CARTESIAN_POINT ( 'NONE',  ( 7.999999999999992895, 0.5375364957382021691, -40.29634816116375617 ) ) ;
#4615 = VECTOR ( 'NONE', #6566, 1000.000000000000000 ) ;
#4616 = AXIS2_PLACEMENT_3D ( 'NONE', #10766, #2443, #6157 ) ;
#4617 = EDGE_CURVE ( 'NONE', #7402, #4117, #8707, .T. ) ;
#4618 = ORIENTED_EDGE ( 'NONE', *, *, #2489, .T. ) ;
#4619 = ORIENTED_EDGE ( 'NONE', *, *, #4491, .T. ) ;
#4620 = CARTESIAN_POINT ( 'NONE',  ( 12.75269500745314488, 14.35089167497112150, -34.29634816116375617 ) ) ;
#4621 = EDGE_CURVE ( 'NONE', #11436, #7590, #2937, .T. ) ;
#4622 = ORIENTED_EDGE ( 'NONE', *, *, #535, .T. ) ;
#4623 = ORIENTED_EDGE ( 'NONE', *, *, #8203, .F. ) ;
#4624 = AXIS2_PLACEMENT_3D ( 'NONE', #10006, #11838, #3521 ) ;
#4625 = CARTESIAN_POINT ( 'NONE',  ( -13.32864793594280073, -12.72035106979308061, -26.29634816116374907 ) ) ;
#4626 = CIRCLE ( 'NONE', #9283, 19.30000000000008242 ) ;
#4627 = DIRECTION ( 'NONE',  ( 0.03878550529304181094, -0.9992475592060074963, 0.000000000000000000 ) ) ;
#4628 = DIRECTION ( 'NONE',  ( 1.000000000000000000, 0.000000000000000000, 0.000000000000000000 ) ) ;
#4629 = CARTESIAN_POINT ( 'NONE',  ( -10.07425525387391652, -15.92452233904297465, -26.81145002369893504 ) ) ;
#4630 = B_SPLINE_CURVE_WITH_KNOTS ( 'NONE', 3,
 ( #2862, #11069, #251, #2748, #930, #6458, #6571, #10149 ),
 .UNSPECIFIED., .F., .F.,
 ( 4, 2, 2, 4 ),
 ( 0.000000000000000000, 0.0002734144572333958747, 0.0005468289144667917495, 0.001093657828933583499 ),
 .UNSPECIFIED. ) ;
#4631 = EDGE_CURVE ( 'NONE', #3180, #3611, #1726, .T. ) ;
#4632 = DIRECTION ( 'NONE',  ( 1.000000000000000000, 0.000000000000000000, 0.000000000000000000 ) ) ;
#4633 = FACE_OUTER_BOUND ( 'NONE', #289, .T. ) ;
#4634 = LINE ( 'NONE', #11921, #3260 ) ;
#4635 = EDGE_CURVE ( 'NONE', #6286, #3829, #3524, .T. ) ;
#4636 = AXIS2_PLACEMENT_3D ( 'NONE', #50, #3755, #9340 ) ;
#4637 = VERTEX_POINT ( 'NONE', #8440 ) ;
#4638 = ORIENTED_EDGE ( 'NONE', *, *, #3518, .T. ) ;
#4639 = DIRECTION ( 'NONE',  ( 0.000000000000000000, 0.000000000000000000, -1.000000000000000000 ) ) ;
#4640 = EDGE_CURVE ( 'NONE', #8705, #1343, #297, .T. ) ;
#4641 = ORIENTED_EDGE ( 'NONE', *, *, #9083, .F. ) ;
#4642 = EDGE_CURVE ( 'NONE', #7645, #4007, #3887, .T. ) ;
#4643 = CARTESIAN_POINT ( 'NONE',  ( -0.4161881913414002820, 19.33307239186381921, -26.37236415740901307 ) ) ;
#4644 = ORIENTED_EDGE ( 'NONE', *, *, #7923, .T. ) ;
#4645 = DIRECTION ( 'NONE',  ( -0.000000000000000000, -0.000000000000000000, 1.000000000000000000 ) ) ;
#4646 = EDGE_CURVE ( 'NONE', #5122, #6136, #10432, .T. ) ;
#4647 = DIRECTION ( 'NONE',  ( 0.6791492313942186776, 0.7340002190031295060, -0.000000000000000000 ) ) ;
#4648 = EDGE_CURVE ( 'NONE', #5911, #5652, #2968, .T. ) ;
#4649 = ADVANCED_FACE ( 'NONE', ( #6668 ), #10366, .F. ) ;
#4650 = B_SPLINE_CURVE_WITH_KNOTS ( 'NONE', 3,
 ( #2051, #9393, #8555, #10485, #5696, #4851, #1079, #4725 ),
 .UNSPECIFIED., .F., .F.,
 ( 4, 2, 2, 4 ),
 ( 0.000000000000000000, 0.0002734144572333957121, 0.0005468289144667914242, 0.001093657828933582848 ),
 .UNSPECIFIED. ) ;
#4651 = B_SPLINE_CURVE_WITH_KNOTS ( 'NONE', 3,
 ( #5826, #8497, #6664, #2240, #9581, #292, #1271, #11411 ),
 .UNSPECIFIED., .F., .F.,
 ( 4, 2, 2, 4 ),
 ( 0.000000000000000000, 0.0002734111411466479602, 0.0005468222822932959203, 0.001093644564586590540 ),
 .UNSPECIFIED. ) ;
#4652 = EDGE_CURVE ( 'NONE', #7739, #6834, #7736, .T. ) ;
#4653 = DIRECTION ( 'NONE',  ( 0.000000000000000000, 1.000000000000000000, -0.000000000000000000 ) ) ;
#4654 = CARTESIAN_POINT ( 'NONE',  ( 19.30000000000007887, 0.5375364957382012809, -101.8849916687654371 ) ) ;
#4655 = B_SPLINE_CURVE_WITH_KNOTS ( 'NONE', 3,
 ( #8391, #7301, #1666, #11862, #1891, #5599, #5429, #810 ),
 .UNSPECIFIED., .F., .F.,
 ( 4, 2, 2, 4 ),
 ( 0.000000000000000000, 0.0002734140155771854646, 0.0005468280311543709292, 0.001093656062308727113 ),
 .UNSPECIFIED. ) ;
#4656 = DIRECTION ( 'NONE',  ( -1.000000000000000000, 0.000000000000000000, 0.000000000000000000 ) ) ;
#4657 = ADVANCED_FACE ( 'NONE', ( #2061 ), #8564, .F. ) ;
#4658 = VECTOR ( 'NONE', #3927, 1000.000000000000000 ) ;
#4659 = EDGE_LOOP ( 'NONE', ( #7565, #1811, #9014, #4908 ) ) ;
#4660 = CYLINDRICAL_SURFACE ( 'NONE', #5883, 0.6999999999999999556 ) ;
#4661 = ORIENTED_EDGE ( 'NONE', *, *, #4587, .F. ) ;
#4662 = VERTEX_POINT ( 'NONE', #7523 ) ;
#4663 = CARTESIAN_POINT ( 'NONE',  ( -4.191598272854231588, -18.30223962265204563, -26.37236741899921455 ) ) ;
#4664 = CARTESIAN_POINT ( 'NONE',  ( 19.28985126212935697, 1.166665538895677257, -34.02662297194007124 ) ) ;
#4665 = B_SPLINE_CURVE_WITH_KNOTS ( 'NONE', 3,
 ( #7496, #10169, #5567, #1012, #8997, #4767, #4717, #2770 ),
 .UNSPECIFIED., .F., .F.,
 ( 4, 2, 2, 4 ),
 ( 4.336808689942017255E-19, 0.0002734144572333971758, 0.0005468289144667927253, 0.001093657828933583716 ),
 .UNSPECIFIED. ) ;
#4666 = FACE_OUTER_BOUND ( 'NONE', #3580, .T. ) ;
#4667 = SURFACE_STYLE_USAGE ( .BOTH. , #5570 ) ;
#4668 = PLANE ( 'NONE',  #4786 ) ;
#4669 = CIRCLE ( 'NONE', #10087, 19.33712077059222167 ) ;
#4670 = FACE_OUTER_BOUND ( 'NONE', #5627, .T. ) ;
#4671 = FACE_OUTER_BOUND ( 'NONE', #1434, .T. ) ;
#4672 = EDGE_CURVE ( 'NONE', #5134, #8825, #5789, .T. ) ;
#4673 = VECTOR ( 'NONE', #7084, 1000.000000000000000 ) ;
#4674 = DIRECTION ( 'NONE',  ( -0.5874011683613181711, -0.8092959084338424702, 0.000000000000000000 ) ) ;
#4675 = EDGE_LOOP ( 'NONE', ( #8544, #4273, #1432, #9436 ) ) ;
#4676 = ORIENTED_EDGE ( 'NONE', *, *, #5244, .T. ) ;
#4677 = FACE_OUTER_BOUND ( 'NONE', #11380, .T. ) ;
#4678 = DIRECTION ( 'NONE',  ( -0.000000000000000000, -0.000000000000000000, 1.000000000000000000 ) ) ;
#4679 = DIRECTION ( 'NONE',  ( 0.000000000000000000, 0.000000000000000000, -1.000000000000000000 ) ) ;
#4680 = DIRECTION ( 'NONE',  ( -0.000000000000000000, 0.000000000000000000, 1.000000000000000000 ) ) ;
#4681 = CARTESIAN_POINT ( 'NONE',  ( 3.007641055658142104, 19.60174629526366985, -33.59634816116375333 ) ) ;
#4682 = DIRECTION ( 'NONE',  ( 0.000000000000000000, 0.000000000000000000, 1.000000000000000000 ) ) ;
#4683 = ORIENTED_EDGE ( 'NONE', *, *, #1317, .T. ) ;
#4684 = ORIENTED_EDGE ( 'NONE', *, *, #4354, .F. ) ;
#4685 = CARTESIAN_POINT ( 'NONE',  ( 18.81218409005298753, 0.4870097871823377278, -26.99634816116374836 ) ) ;
#4686 = EDGE_LOOP ( 'NONE', ( #5880, #2149, #5002, #2438 ) ) ;
#4687 = ORIENTED_EDGE ( 'NONE', *, *, #5614, .T. ) ;
#4688 = LINE ( 'NONE', #2575, #3279 ) ;
#4689 = EDGE_CURVE ( 'NONE', #2388, #1578, #1276, .T. ) ;
#4690 = DIRECTION ( 'NONE',  ( -0.000000000000000000, -0.000000000000000000, 1.000000000000000000 ) ) ;
#4691 = CARTESIAN_POINT ( 'NONE',  ( -17.80417973997793624, -6.912375167265771836, -34.29634816116375617 ) ) ;
#4692 = CARTESIAN_POINT ( 'NONE',  ( -10.13930177131677546, -15.88504685314724085, -26.63019525567114343 ) ) ;
#4693 = CARTESIAN_POINT ( 'NONE',  ( -14.18035528873435425, 13.62980611888861127, -34.29634816116375617 ) ) ;
#4694 = LINE ( 'NONE', #5844, #3943 ) ;
#4695 = DIRECTION ( 'NONE',  ( 0.000000000000000000, 0.000000000000000000, -1.000000000000000000 ) ) ;
#4696 = CARTESIAN_POINT ( 'NONE',  ( -18.08042785669370289, 7.289525899190836711, -33.94899550485385475 ) ) ;
#4697 = VECTOR ( 'NONE', #6373, 1000.000000000000000 ) ;
#4698 = VERTEX_POINT ( 'NONE', #370 ) ;
#4699 = ORIENTED_EDGE ( 'NONE', *, *, #314, .F. ) ;
#4700 = CARTESIAN_POINT ( 'NONE',  ( 9.812803638742101597, 16.57339930408908657, -33.78124828719859352 ) ) ;
#4701 = ORIENTED_EDGE ( 'NONE', *, *, #4386, .F. ) ;
#4702 = CARTESIAN_POINT ( 'NONE',  ( -0.2353682975069837369, 1.174598780947013532, -33.59634816116375333 ) ) ;
#4703 = ORIENTED_EDGE ( 'NONE', *, *, #1086, .T. ) ;
#4704 = CARTESIAN_POINT ( 'NONE',  ( -0.6707393889858788150, 0.6440975710409057031, -33.59634816116375333 ) ) ;
#4705 = DIRECTION ( 'NONE',  ( 0.9724806208309305644, 0.2329837807837442099, -0.000000000000000000 ) ) ;
#4706 = CARTESIAN_POINT ( 'NONE',  ( -13.14836500474466341, -13.59141187145893781, -26.63019525567114698 ) ) ;
#4707 = VECTOR ( 'NONE', #10736, 1000.000000000000114 ) ;
#4708 = DIRECTION ( 'NONE',  ( 0.9083417975707304137, -0.4182286202377525908, -0.000000000000000000 ) ) ;
#4709 = EDGE_CURVE ( 'NONE', #10481, #1278, #5766, .T. ) ;
#4710 = LINE ( 'NONE', #7329, #1884 ) ;
#4711 = ORIENTED_EDGE ( 'NONE', *, *, #5477, .T. ) ;
#4712 = EDGE_CURVE ( 'NONE', #2388, #7822, #9468, .T. ) ;
#4713 = AXIS2_PLACEMENT_3D ( 'NONE', #8820, #384, #6029 ) ;
#4714 = CARTESIAN_POINT ( 'NONE',  ( -10.07425525387392184, -15.92452233904298176, -33.59634816116375333 ) ) ;
#4715 = VERTEX_POINT ( 'NONE', #1032 ) ;
#4716 = ORIENTED_EDGE ( 'NONE', *, *, #1221, .T. ) ;
#4717 = CARTESIAN_POINT ( 'NONE',  ( 4.400367338555391861, -17.74023083363045572, -33.78124828719858641 ) ) ;
#4718 = CARTESIAN_POINT ( 'NONE',  ( 12.76606289380162096, 14.33855451408122406, -26.81318187454957425 ) ) ;
#4719 = CARTESIAN_POINT ( 'NONE',  ( -15.76445036975695402, -10.59692692216844634, -26.43662752414719108 ) ) ;
#4720 = CARTESIAN_POINT ( 'NONE',  ( 4.400367338555391861, -17.74023083363045572, -33.59634816116375333 ) ) ;
#4721 = CARTESIAN_POINT ( 'NONE',  ( 18.27776732936863979, 4.937903834293664751, -26.99634816116374836 ) ) ;
#4722 = DIRECTION ( 'NONE',  ( 1.000000000000000000, 0.000000000000000000, 0.000000000000000000 ) ) ;
#4723 = FACE_OUTER_BOUND ( 'NONE', #10587, .T. ) ;
#4724 = EDGE_CURVE ( 'NONE', #11247, #428, #6855, .T. ) ;
#4725 = CARTESIAN_POINT ( 'NONE',  ( 15.20250745882152188, 11.59754455293406217, -33.59634816116375333 ) ) ;
#4726 = ORIENTED_EDGE ( 'NONE', *, *, #4631, .F. ) ;
#4727 = ORIENTED_EDGE ( 'NONE', *, *, #4134, .T. ) ;
#4728 = CARTESIAN_POINT ( 'NONE',  ( 3.007641055658142992, 19.60174629526367696, -33.68879736725453711 ) ) ;
#4729 = DIRECTION ( 'NONE',  ( 1.000000000000000000, 0.000000000000000000, 0.000000000000000000 ) ) ;
#4730 = CARTESIAN_POINT ( 'NONE',  ( -12.30000000000000071, 0.5375364957381987274, -29.44634816116375120 ) ) ;
#4731 = FACE_OUTER_BOUND ( 'NONE', #5822, .T. ) ;
#4732 = LINE ( 'NONE', #4681, #8017 ) ;
#4733 = EDGE_CURVE ( 'NONE', #5271, #7751, #2232, .T. ) ;
#4734 = CARTESIAN_POINT ( 'NONE',  ( -11.06000805719603619, -14.66497096308320458, -33.59634816116375333 ) ) ;
#4735 = ORIENTED_EDGE ( 'NONE', *, *, #314, .T. ) ;
#4736 = ORIENTED_EDGE ( 'NONE', *, *, #8580, .F. ) ;
#4737 = CARTESIAN_POINT ( 'NONE',  ( -15.76135401275425707, 10.78638328553098624, -26.29634816116375617 ) ) ;
#4738 = VERTEX_POINT ( 'NONE', #1338 ) ;
#4739 = EDGE_LOOP ( 'NONE', ( #2930, #6895, #11761, #7987 ) ) ;
#4740 = CYLINDRICAL_SURFACE ( 'NONE', #10061, 0.6999999999999999556 ) ;
#4741 = PLANE ( 'NONE',  #3068 ) ;
#4742 = CARTESIAN_POINT ( 'NONE',  ( 3.067750290711153127, 19.08551922984246829, -26.56606956038672251 ) ) ;
#4743 = DIRECTION ( 'NONE',  ( 0.2329837807837338015, -0.9724806208309330069, 0.000000000000000000 ) ) ;
#4744 = B_SPLINE_CURVE_WITH_KNOTS ( 'NONE', 3,
 ( #10690, #3470, #4442, #8870, #4378, #6209, #11783, #2375 ),
 .UNSPECIFIED., .F., .F.,
 ( 4, 2, 2, 4 ),
 ( 0.000000000000000000, 0.0002734111411466474723, 0.0005468222822932949445, 0.001093644564586588154 ),
 .UNSPECIFIED. ) ;
#4745 = FACE_OUTER_BOUND ( 'NONE', #10762, .T. ) ;
#4746 = DIRECTION ( 'NONE',  ( -0.000000000000000000, 0.000000000000000000, -1.000000000000000000 ) ) ;
#4747 = CARTESIAN_POINT ( 'NONE',  ( -4.400367338555271068, 18.81530382510689137, -26.99634816116374836 ) ) ;
#4748 = CARTESIAN_POINT ( 'NONE',  ( 3.833340540673382701, -18.37794658821271199, -34.29634816116375617 ) ) ;
#4749 = CARTESIAN_POINT ( 'NONE',  ( -15.20250745882160359, -10.52247156145755547, -26.99634816116374836 ) ) ;
#4750 = ORIENTED_EDGE ( 'NONE', *, *, #7001, .F. ) ;
#4751 = EDGE_LOOP ( 'NONE', ( #2612, #4048 ) ) ;
#4752 = CARTESIAN_POINT ( 'NONE',  ( 18.15000000000008029, 0.5375364957382012809, 978.5300036611693031 ) ) ;
#4753 = VERTEX_POINT ( 'NONE', #5045 ) ;
#4754 = CARTESIAN_POINT ( 'NONE',  ( 0.4612451346027759969, 0.03903923745880852336, -33.59634816116375333 ) ) ;
#4755 = EDGE_LOOP ( 'NONE', ( #10330, #1511, #6133, #4168 ) ) ;
#4756 = DIRECTION ( 'NONE',  ( 0.5874011683613152845, 0.8092959084338446907, 0.000000000000000000 ) ) ;
#4757 = LINE ( 'NONE', #8408, #3839 ) ;
#4758 = CARTESIAN_POINT ( 'NONE',  ( -11.33901249787417420, -15.08033877455689797, -26.81318386950226795 ) ) ;
#4759 = DIRECTION ( 'NONE',  ( 0.8523920528607175084, -0.5229032302633938034, 0.000000000000000000 ) ) ;
#4760 = DIRECTION ( 'NONE',  ( -0.03878550529304181788, -0.9992475592060076073, 0.000000000000000000 ) ) ;
#4761 = EDGE_CURVE ( 'NONE', #6427, #1953, #10772, .T. ) ;
#4762 = B_SPLINE_CURVE_WITH_KNOTS ( 'NONE', 3,
 ( #7144, #6305, #9991, #4474, #8291, #7083, #208, #6470 ),
 .UNSPECIFIED., .F., .F.,
 ( 4, 2, 2, 4 ),
 ( 0.000000000000000000, 0.0002734140155771857357, 0.0005468280311543714713, 0.001093656062308726896 ),
 .UNSPECIFIED. ) ;
#4763 = ORIENTED_EDGE ( 'NONE', *, *, #3307, .F. ) ;
#4764 = DIRECTION ( 'NONE',  ( 0.000000000000000000, -0.000000000000000000, -1.000000000000000000 ) ) ;
#4765 = ORIENTED_EDGE ( 'NONE', *, *, #9213, .T. ) ;
#4766 = ORIENTED_EDGE ( 'NONE', *, *, #9765, .F. ) ;
#4767 = CARTESIAN_POINT ( 'NONE',  ( 4.326437972906124863, -17.75823228987150770, -33.96250492026805290 ) ) ;
#4768 = EDGE_CURVE ( 'NONE', #756, #5992, #4626, .T. ) ;
#4769 = DIRECTION ( 'NONE',  ( -0.5229032302633966900, -0.8523920528607157321, 0.000000000000000000 ) ) ;
#4770 = CARTESIAN_POINT ( 'NONE',  ( 18.97800256255335327, -2.978086642148041197, -34.29634816116377038 ) ) ;
#4771 = CARTESIAN_POINT ( 'NONE',  ( -16.03586280835099487, -9.275267143003736336, -34.29634816116375617 ) ) ;
#4772 = DIRECTION ( 'NONE',  ( -0.9992475592060070522, 0.03878550529305227479, 0.000000000000000000 ) ) ;
#4773 = VECTOR ( 'NONE', #5718, 1000.000000000000114 ) ;
#4774 = CARTESIAN_POINT ( 'NONE',  ( 17.36085610837820070, 7.783328265483428154, -34.29634816116375617 ) ) ;
#4775 = CARTESIAN_POINT ( 'NONE',  ( 0.2526191454087198252, 19.83606923763848329, -34.27817872468219917 ) ) ;
#4776 = EDGE_CURVE ( 'NONE', #10372, #8985, #3813, .T. ) ;
#4777 = DIRECTION ( 'NONE',  ( -1.000000000000000000, 0.000000000000000000, 0.000000000000000000 ) ) ;
#4778 = EDGE_CURVE ( 'NONE', #8469, #8068, #3240, .T. ) ;
#4779 = AXIS2_PLACEMENT_3D ( 'NONE', #1776, #9180, #622 ) ;
#4780 = CARTESIAN_POINT ( 'NONE',  ( 9.599999999999988987, 0.5375364957382021691, -41.09634816116376044 ) ) ;
#4781 = CARTESIAN_POINT ( 'NONE',  ( -18.30000000000005045, 0.5375364957382036124, -46.29634816116374907 ) ) ;
#4782 = ORIENTED_EDGE ( 'NONE', *, *, #9095, .T. ) ;
#4783 = CARTESIAN_POINT ( 'NONE',  ( -13.81335517923278999, 13.29023150319149416, -26.99634816116374836 ) ) ;
#4784 = LINE ( 'NONE', #5582, #8517 ) ;
#4785 = EDGE_CURVE ( 'NONE', #1719, #2326, #489, .T. ) ;
#4786 = AXIS2_PLACEMENT_3D ( 'NONE', #8369, #7629, #6781 ) ;
#4787 = CARTESIAN_POINT ( 'NONE',  ( 10.78018685808403809, -15.47113525755836427, -34.29634816116375617 ) ) ;
#4788 = ADVANCED_FACE ( 'NONE', ( #589 ), #11692, .F. ) ;
#4789 = EDGE_CURVE ( 'NONE', #11289, #3174, #7158, .T. ) ;
#4790 = FACE_OUTER_BOUND ( 'NONE', #5619, .T. ) ;
#4791 = CARTESIAN_POINT ( 'NONE',  ( 6.686170880325681409, -17.56733443295187413, -26.81318386950226440 ) ) ;
#4792 = CARTESIAN_POINT ( 'NONE',  ( 0.7500000000000002220, 19.32257073208607423, -33.59634816116375333 ) ) ;
#4793 = CARTESIAN_POINT ( 'NONE',  ( 11.19999999999998863, 0.5375364957382021691, -21.29634816116374907 ) ) ;
#4794 = VECTOR ( 'NONE', #8437, 1000.000000000000000 ) ;
#4795 = AXIS2_PLACEMENT_3D ( 'NONE', #11259, #4760, #33 ) ;
#4796 = ORIENTED_EDGE ( 'NONE', *, *, #699, .T. ) ;
#4797 = EDGE_LOOP ( 'NONE', ( #9332, #9759, #11964, #922 ) ) ;
#4798 = DIRECTION ( 'NONE',  ( 1.000000000000000000, 0.000000000000000000, 0.000000000000000000 ) ) ;
#4799 = ORIENTED_EDGE ( 'NONE', *, *, #198, .F. ) ;
#4800 = ORIENTED_EDGE ( 'NONE', *, *, #11399, .F. ) ;
#4801 = DIRECTION ( 'NONE',  ( 0.000000000000000000, 0.000000000000000000, -1.000000000000000000 ) ) ;
#4802 = DIRECTION ( 'NONE',  ( -0.000000000000000000, -0.000000000000000000, 1.000000000000000000 ) ) ;
#4803 = FACE_OUTER_BOUND ( 'NONE', #5667, .T. ) ;
#4804 = CARTESIAN_POINT ( 'NONE',  ( 0.000000000000000000, 10.93753649573818976, -42.69634816116374054 ) ) ;
#4805 = CARTESIAN_POINT ( 'NONE',  ( -16.46205883478135945, -9.536718758135423357, -26.99634816116374836 ) ) ;
#4806 = CIRCLE ( 'NONE', #11403, 19.33712077059222167 ) ;
#4807 = PLANE ( 'NONE',  #516 ) ;
#4808 = DIRECTION ( 'NONE',  ( -0.9724806208309306754, -0.2329837807837442376, 0.000000000000000000 ) ) ;
#4809 = AXIS2_PLACEMENT_3D ( 'NONE', #641, #4344, #696 ) ;
#4810 = ADVANCED_FACE ( 'NONE', ( #1741 ), #3500, .F. ) ;
#4811 = AXIS2_PLACEMENT_3D ( 'NONE', #11135, #3677, #1002 ) ;
#4812 = DIRECTION ( 'NONE',  ( 0.7071067811865513475, 0.7071067811865439090, 0.000000000000000000 ) ) ;
#4813 = CIRCLE ( 'NONE', #6961, 19.33712077059221812 ) ;
#4814 = CARTESIAN_POINT ( 'NONE',  ( 9.877808546300684611, -15.45877930861261440, -26.63019140205943103 ) ) ;
#4815 = EDGE_CURVE ( 'NONE', #6661, #8767, #3267, .T. ) ;
#4816 = AXIS2_PLACEMENT_3D ( 'NONE', #5372, #6510, #1899 ) ;
#4817 = ORIENTED_EDGE ( 'NONE', *, *, #6139, .F. ) ;
#4818 = ORIENTED_EDGE ( 'NONE', *, *, #9816, .T. ) ;
#4819 = VECTOR ( 'NONE', #8810, 1000.000000000000114 ) ;
#4820 = CARTESIAN_POINT ( 'NONE',  ( 16.28564101209510540, 10.89536238234334853, -26.37236741899920744 ) ) ;
#4821 = ORIENTED_EDGE ( 'NONE', *, *, #2689, .F. ) ;
#4822 = CARTESIAN_POINT ( 'NONE',  ( -16.03586280835099487, -9.275267143003736336, -26.99634816116374836 ) ) ;
#4823 = ORIENTED_EDGE ( 'NONE', *, *, #5885, .T. ) ;
#4824 = LINE ( 'NONE', #10335, #8132 ) ;
#4825 = AXIS2_PLACEMENT_3D ( 'NONE', #10440, #4801, #6619 ) ;
#4826 = ORIENTED_EDGE ( 'NONE', *, *, #11030, .F. ) ;
#4827 = FACE_OUTER_BOUND ( 'NONE', #2248, .T. ) ;
#4828 = FACE_OUTER_BOUND ( 'NONE', #11128, .T. ) ;
#4829 = PLANE ( 'NONE',  #10616 ) ;
#4830 = CYLINDRICAL_SURFACE ( 'NONE', #1705, 0.7000000000000006217 ) ;
#4831 = AXIS2_PLACEMENT_3D ( 'NONE', #7162, #2550, #663 ) ;
#4832 = B_SPLINE_CURVE_WITH_KNOTS ( 'NONE', 3,
 ( #11925, #11075, #3608, #5616, #7314, #2754, #11013, #3724 ),
 .UNSPECIFIED., .F., .F.,
 ( 4, 2, 2, 4 ),
 ( 0.000000000000000000, 0.0002734111411466475265, 0.0005468222822932950530, 0.001093644564586590106 ),
 .UNSPECIFIED. ) ;
#4833 = ORIENTED_EDGE ( 'NONE', *, *, #7902, .T. ) ;
#4834 = EDGE_LOOP ( 'NONE', ( #11749, #6529, #10158, #9286 ) ) ;
#4835 = CARTESIAN_POINT ( 'NONE',  ( 7.881631028044806087, 17.60563256994996451, -26.99634816116374836 ) ) ;
#4836 = ORIENTED_EDGE ( 'NONE', *, *, #4305, .T. ) ;
#4837 = VERTEX_POINT ( 'NONE', #3557 ) ;
#4838 = CARTESIAN_POINT ( 'NONE',  ( 17.52226697299710167, -7.553208842425543246, -33.59634816116375333 ) ) ;
#4839 = CIRCLE ( 'NONE', #7547, 19.33712077059222167 ) ;
#4840 = CARTESIAN_POINT ( 'NONE',  ( -9.888068446240536602, -15.45195514089342481, -26.64369750929288472 ) ) ;
#4841 = PLANE ( 'NONE',  #8342 ) ;
#4842 = DIRECTION ( 'NONE',  ( -0.3465623512410444529, -0.9380269381538457463, 0.000000000000000000 ) ) ;
#4843 = EDGE_CURVE ( 'NONE', #599, #10790, #9029, .T. ) ;
#4844 = LINE ( 'NONE', #10535, #3120 ) ;
#4845 = CARTESIAN_POINT ( 'NONE',  ( 18.28202816129771335, 4.920219060178024684, -26.81318187454957780 ) ) ;
#4846 = DIRECTION ( 'NONE',  ( 0.9083417975707345215, -0.4182286202377435425, 0.000000000000000000 ) ) ;
#4847 = VECTOR ( 'NONE', #7339, 1000.000000000000000 ) ;
#4848 = CARTESIAN_POINT ( 'NONE',  ( 9.812803638741991463, -15.49832631261275395, -26.99634816116374836 ) ) ;
#4849 = DIRECTION ( 'NONE',  ( -1.014458173085851722E-16, -1.000000000000000000, 0.000000000000000000 ) ) ;
#4850 = VECTOR ( 'NONE', #9344, 1000.000000000000227 ) ;
#4851 = CARTESIAN_POINT ( 'NONE',  ( 15.24743017919726107, 11.53613158422106011, -33.96250492026806711 ) ) ;
#4852 = ORIENTED_EDGE ( 'NONE', *, *, #4070, .T. ) ;
#4853 = CARTESIAN_POINT ( 'NONE',  ( 10.63771102557768167, -14.96317212803035801, -34.27817972094532450 ) ) ;
#4854 = LINE ( 'NONE', #11279, #7741 ) ;
#4855 = FACE_OUTER_BOUND ( 'NONE', #3449, .T. ) ;
#4856 = LINE ( 'NONE', #6725, #3821 ) ;
#4857 = DIRECTION ( 'NONE',  ( 1.000000000000000000, -0.000000000000000000, -0.000000000000000000 ) ) ;
#4858 = CARTESIAN_POINT ( 'NONE',  ( 19.28465801595087115, 1.306929248384651965, -26.99634816116374836 ) ) ;
#4859 = B_SPLINE_CURVE_WITH_KNOTS ( 'NONE', 3,
 ( #11194, #2881, #7387, #3858, #5560, #7560, #2943, #11936 ),
 .UNSPECIFIED., .F., .F.,
 ( 4, 2, 2, 4 ),
 ( 0.000000000000000000, 0.0002734144572333931642, 0.0005468289144667863285, 0.001093657828933583282 ),
 .UNSPECIFIED. ) ;
#4860 = AXIS2_PLACEMENT_3D ( 'NONE', #708, #594, #3380 ) ;
#4861 = CARTESIAN_POINT ( 'NONE',  ( -18.27776732936867887, -3.862830842817129628, -26.99634816116374836 ) ) ;
#4862 = EDGE_CURVE ( 'NONE', #4419, #2817, #11930, .T. ) ;
#4863 = EDGE_CURVE ( 'NONE', #11798, #7645, #2077, .T. ) ;
#4864 = EDGE_CURVE ( 'NONE', #9648, #10292, #11342, .T. ) ;
#4865 = ORIENTED_EDGE ( 'NONE', *, *, #1805, .T. ) ;
#4867 = VERTEX_POINT ( 'NONE', #5672 ) ;
#4866 = EDGE_CURVE ( 'NONE', #10761, #1782, #1849, .T. ) ;
#4868 = CARTESIAN_POINT ( 'NONE',  ( 16.00867175329644709, -10.24265036234601389, -26.29634816116374907 ) ) ;
#4869 = VERTEX_POINT ( 'NONE', #204 ) ;
#4870 = ORIENTED_EDGE ( 'NONE', *, *, #11327, .T. ) ;
#4871 = CARTESIAN_POINT ( 'NONE',  ( 7.062534776388973867, 17.96033320333488703, -34.29634816116376328 ) ) ;
#4872 = FACE_OUTER_BOUND ( 'NONE', #1315, .T. ) ;
#4873 = CARTESIAN_POINT ( 'NONE',  ( -18.81218409005300529, 0.4870097871826062352, -34.29634816116375617 ) ) ;
#4874 = CARTESIAN_POINT ( 'NONE',  ( 7.577247941523704178, -16.66800609570114489, -26.37236415740902373 ) ) ;
#4875 = CARTESIAN_POINT ( 'NONE',  ( -13.09226962315006304, 14.71789178447287583, -26.99634816116374836 ) ) ;
#4876 = EDGE_CURVE ( 'NONE', #11633, #8461, #7430, .T. ) ;
#4877 = CARTESIAN_POINT ( 'NONE',  ( 16.03586280835092381, 10.35034013448024481, -26.99634816116374836 ) ) ;
#4878 = CARTESIAN_POINT ( 'NONE',  ( -17.85733928375354651, -6.784036675713113418, -34.29634816116375617 ) ) ;
#4879 = DIRECTION ( 'NONE',  ( 1.000000000000000000, 0.000000000000000000, 0.000000000000000000 ) ) ;
#4880 = DIRECTION ( 'NONE',  ( 1.000000000000000000, 0.000000000000000000, 0.000000000000000000 ) ) ;
#4881 = ADVANCED_FACE ( 'NONE', ( #11186 ), #9202, .F. ) ;
#4882 = EDGE_LOOP ( 'NONE', ( #8627, #4027, #8987, #3983, #4898, #7618, #11982, #6866 ) ) ;
#4883 = EDGE_LOOP ( 'NONE', ( #9590, #10825, #6880, #2007 ) ) ;
#4884 = CARTESIAN_POINT ( 'NONE',  ( 18.91548308395086764, -3.295804044935394028, -34.29634816116375617 ) ) ;
#4885 = ORIENTED_EDGE ( 'NONE', *, *, #6799, .F. ) ;
#4886 = ORIENTED_EDGE ( 'NONE', *, *, #10263, .T. ) ;
#4887 = DIRECTION ( 'NONE',  ( 0.3465623512410310192, -0.9380269381538507423, -0.000000000000000000 ) ) ;
#4888 = ORIENTED_EDGE ( 'NONE', *, *, #4612, .F. ) ;
#4889 = LINE ( 'NONE', #9321, #10045 ) ;
#4890 = PLANE ( 'NONE',  #7302 ) ;
#4891 = DIRECTION ( 'NONE',  ( -0.2329837807837406016, 0.9724806208309314526, 0.000000000000000000 ) ) ;
#4892 = DIRECTION ( 'NONE',  ( -0.000000000000000000, -0.000000000000000000, 1.000000000000000000 ) ) ;
#4893 = EDGE_LOOP ( 'NONE', ( #11263, #9916, #8826, #11365 ) ) ;
#4894 = EDGE_LOOP ( 'NONE', ( #5712, #2960, #8417, #8365 ) ) ;
#4895 = CARTESIAN_POINT ( 'NONE',  ( -3.527811130911772342, -17.92831824230630389, -34.29634816116377038 ) ) ;
#4896 = ORIENTED_EDGE ( 'NONE', *, *, #6243, .F. ) ;
#4897 = DIRECTION ( 'NONE',  ( -0.9083417975707360759, -0.4182286202377403228, 0.000000000000000000 ) ) ;
#4898 = ORIENTED_EDGE ( 'NONE', *, *, #1745, .T. ) ;
#4899 = CARTESIAN_POINT ( 'NONE',  ( 3.082842816221592841, 19.59016792636708360, -26.63019525567114698 ) ) ;
#4900 = VECTOR ( 'NONE', #4842, 1000.000000000000114 ) ;
#4901 = CARTESIAN_POINT ( 'NONE',  ( -9.828321525593684882, -15.48883415206223368, -26.81318187454957425 ) ) ;
#4902 = CARTESIAN_POINT ( 'NONE',  ( 3.716678047685421760, 18.96606716940923931, -26.29634816116374907 ) ) ;
#4903 = CARTESIAN_POINT ( 'NONE',  ( -17.89241021207282145, -6.698498574634608183, -34.29634816116374907 ) ) ;
#4904 = CARTESIAN_POINT ( 'NONE',  ( 17.61132449563346825, -6.041140415689434384, -26.64369750929288472 ) ) ;
#4905 = DIRECTION ( 'NONE',  ( 0.000000000000000000, -0.000000000000000000, -1.000000000000000000 ) ) ;
#4906 = CARTESIAN_POINT ( 'NONE',  ( -13.58474038053297939, -12.45862490010000556, -34.22033216491848862 ) ) ;
#4907 = VECTOR ( 'NONE', #7945, 1000.000000000000114 ) ;
#4908 = ORIENTED_EDGE ( 'NONE', *, *, #10569, .F. ) ;
#4909 = EDGE_CURVE ( 'NONE', #9120, #10779, #9370, .T. ) ;
#4910 = CARTESIAN_POINT ( 'NONE',  ( -3.144186300207962859E-15, 0.5375364957382012809, -26.29634816116374907 ) ) ;
#4911 = CARTESIAN_POINT ( 'NONE',  ( 3.618530594455220850, 18.98558991168354382, -26.29634816116374907 ) ) ;
#4912 = ORIENTED_EDGE ( 'NONE', *, *, #9103, .T. ) ;
#4913 = CARTESIAN_POINT ( 'NONE',  ( 10.48605614883624781, -15.06589469563873607, -34.29634816116375617 ) ) ;
#4914 = DIRECTION ( 'NONE',  ( 0.7340002190031317264, 0.6791492313942160131, 0.000000000000000000 ) ) ;
#4915 = VECTOR ( 'NONE', #9540, 1000.000000000000114 ) ;
#4916 = LINE ( 'NONE', #607, #6803 ) ;
#4917 = CARTESIAN_POINT ( 'NONE',  ( -16.42258334888562032, -9.601765275578278747, -33.96250106665635116 ) ) ;
#4918 = DIRECTION ( 'NONE',  ( -0.9083417975707317460, 0.4182286202377497042, 0.000000000000000000 ) ) ;
#4919 = DIRECTION ( 'NONE',  ( 0.1569032754149136677, 0.9876139742652854103, -0.000000000000000000 ) ) ;
#4920 = CARTESIAN_POINT ( 'NONE',  ( 19.06420979952545380, -2.470104559920010434, -34.29634816116375617 ) ) ;
#4921 = VERTEX_POINT ( 'NONE', #5727 ) ;
#4922 = B_SPLINE_CURVE_WITH_KNOTS ( 'NONE', 3,
 ( #2055, #11281, #5760, #7771, #5944, #10610, #2304, #9461 ),
 .UNSPECIFIED., .F., .F.,
 ( 4, 2, 2, 4 ),
 ( 0.000000000000000000, 0.0002734140155771861693, 0.0005468280311543723387, 0.001093656062308726029 ),
 .UNSPECIFIED. ) ;
#4923 = VERTEX_POINT ( 'NONE', #7482 ) ;
#4924 = CARTESIAN_POINT ( 'NONE',  ( 13.46749465797216594, -13.28721558378622980, -34.27817872468219917 ) ) ;
#4925 = ORIENTED_EDGE ( 'NONE', *, *, #3388, .F. ) ;
#4926 = ORIENTED_EDGE ( 'NONE', *, *, #3379, .T. ) ;
#4927 = CARTESIAN_POINT ( 'NONE',  ( 0.000000000000000000, 11.73753649573819047, -43.49634816116374481 ) ) ;
#4928 = ADVANCED_FACE ( 'NONE', ( #11990 ), #6581, .F. ) ;
#4929 = DIRECTION ( 'NONE',  ( -0.000000000000000000, -0.000000000000000000, 1.000000000000000000 ) ) ;
#4930 = CARTESIAN_POINT ( 'NONE',  ( -15.20250745882137267, 11.59754455293428421, -33.59634816116375333 ) ) ;
#4931 = DIRECTION ( 'NONE',  ( -0.000000000000000000, 0.000000000000000000, -1.000000000000000000 ) ) ;
#4932 = CARTESIAN_POINT ( 'NONE',  ( 0.6604615511865189470, 0.3793052405731778265, -26.29634816116374907 ) ) ;
#4933 = DIRECTION ( 'NONE',  ( 0.8314696123025404617, -0.5555702330196092831, 0.000000000000000000 ) ) ;
#4934 = DIRECTION ( 'NONE',  ( 0.9083417975707304137, -0.4182286202377525908, 0.000000000000000000 ) ) ;
#4935 = FACE_OUTER_BOUND ( 'NONE', #5551, .T. ) ;
#4936 = EDGE_CURVE ( 'NONE', #4298, #11651, #4574, .T. ) ;
#4937 = DIRECTION ( 'NONE',  ( -0.000000000000000000, 0.000000000000000000, 1.000000000000000000 ) ) ;
#4938 = ORIENTED_EDGE ( 'NONE', *, *, #1036, .F. ) ;
#4939 = EDGE_LOOP ( 'NONE', ( #1361, #11794, #1423, #2542 ) ) ;
#4940 = CARTESIAN_POINT ( 'NONE',  ( -16.03586280835099487, -9.275267143003731007, -26.99634816116374836 ) ) ;
#4941 = ORIENTED_EDGE ( 'NONE', *, *, #245, .F. ) ;
#4942 = ORIENTED_EDGE ( 'NONE', *, *, #7425, .F. ) ;
#4943 = CARTESIAN_POINT ( 'NONE',  ( -13.09226962315036502, -13.64281879299619504, -26.99634816116374836 ) ) ;
#4944 = ORIENTED_EDGE ( 'NONE', *, *, #9602, .F. ) ;
#4945 = CARTESIAN_POINT ( 'NONE',  ( 17.52407924258400129, 7.345768933955547197, -34.22033216491849572 ) ) ;
#4946 = EDGE_CURVE ( 'NONE', #9975, #3104, #8287, .T. ) ;
#4947 = CARTESIAN_POINT ( 'NONE',  ( -18.76828752585695526, 5.036715946727487569, -26.81318386950226795 ) ) ;
#4948 = CARTESIAN_POINT ( 'NONE',  ( -4.326437972906393092, -17.75823228987145086, -26.63019140205944169 ) ) ;
#4949 = FACE_OUTER_BOUND ( 'NONE', #1927, .T. ) ;
#4950 = ORIENTED_EDGE ( 'NONE', *, *, #6378, .F. ) ;
#4951 = VERTEX_POINT ( 'NONE', #6516 ) ;
#4952 = CARTESIAN_POINT ( 'NONE',  ( -0.5496344293179009632, 0.9364708071419632907, -26.29634816116374907 ) ) ;
#4953 = ORIENTED_EDGE ( 'NONE', *, *, #6805, .F. ) ;
#4954 = DIRECTION ( 'NONE',  ( -0.000000000000000000, -0.000000000000000000, 1.000000000000000000 ) ) ;
#4955 = ORIENTED_EDGE ( 'NONE', *, *, #10076, .T. ) ;
#4956 = DIRECTION ( 'NONE',  ( -1.047444401652939849E-14, -1.000000000000000000, 0.000000000000000000 ) ) ;
#4957 = ADVANCED_FACE ( 'NONE', ( #2873 ), #10215, .F. ) ;
#4958 = CARTESIAN_POINT ( 'NONE',  ( 12.75269500745304718, -13.27581868349481375, -26.81144803512891528 ) ) ;
#4959 = CARTESIAN_POINT ( 'NONE',  ( 13.59795948890244510, -13.15864902206824816, -34.29634816116375617 ) ) ;
#4960 = CYLINDRICAL_SURFACE ( 'NONE', #3513, 0.6999999999999999556 ) ;
#4961 = CARTESIAN_POINT ( 'NONE',  ( 17.52226697299715497, 8.628281833901814579, -33.59634816116375333 ) ) ;
#4962 = CARTESIAN_POINT ( 'NONE',  ( -18.15000000000008029, 0.5375364957382035014, -39.14634816116380023 ) ) ;
#4963 = CARTESIAN_POINT ( 'NONE',  ( -4.799999999999999822, 0.5375364957382027242, -37.09634816116376044 ) ) ;
#4964 = EDGE_CURVE ( 'NONE', #3922, #11363, #2934, .T. ) ;
#4965 = VERTEX_POINT ( 'NONE', #5552 ) ;
#4966 = FACE_OUTER_BOUND ( 'NONE', #11731, .T. ) ;
#4967 = CARTESIAN_POINT ( 'NONE',  ( -6.669092904898531238, -17.57359819609807161, -34.29634816116375617 ) ) ;
#4968 = ORIENTED_EDGE ( 'NONE', *, *, #4612, .T. ) ;
#4969 = CARTESIAN_POINT ( 'NONE',  ( 0.000000000000000000, 19.83753649573828426, -39.14634816116375049 ) ) ;
#4970 = CARTESIAN_POINT ( 'NONE',  ( 3.016470512272931170, -18.01882753507448598, -33.94899881303460631 ) ) ;
#4971 = DIRECTION ( 'NONE',  ( 0.000000000000000000, 0.000000000000000000, -1.000000000000000000 ) ) ;
#4972 = DIRECTION ( 'NONE',  ( -0.6791492313942111281, 0.7340002190031366114, 0.000000000000000000 ) ) ;
#4973 = CARTESIAN_POINT ( 'NONE',  ( 15.89325279723967377, -9.504343478052357241, -34.15607241020864393 ) ) ;
#4974 =( NAMED_UNIT ( * ) SI_UNIT ( $, .STERADIAN. ) SOLID_ANGLE_UNIT ( ) );
#4975 = VECTOR ( 'NONE', #8227, 1000.000000000000114 ) ;
#4976 = B_SPLINE_CURVE_WITH_KNOTS ( 'NONE', 3,
 ( #9481, #2254, #2141, #7722, #10444, #4874, #8514, #5841 ),
 .UNSPECIFIED., .F., .F.,
 ( 4, 2, 2, 4 ),
 ( 0.000000000000000000, 0.0002734140155771812904, 0.0005468280311543625809, 0.001093656062308725162 ),
 .UNSPECIFIED. ) ;
#4977 = DIRECTION ( 'NONE',  ( -0.9992475592060073852, 0.03878550529304530120, -0.000000000000000000 ) ) ;
#4978 = B_SPLINE_CURVE_WITH_KNOTS ( 'NONE', 3,
 ( #2363, #1332, #8854, #4970, #2417, #8800, #8744, #2239 ),
 .UNSPECIFIED., .F., .F.,
 ( 4, 2, 2, 4 ),
 ( 0.000000000000000000, 0.0002734140155771853020, 0.0005468280311543706040, 0.001093656062308726680 ),
 .UNSPECIFIED. ) ;
#4979 = ORIENTED_EDGE ( 'NONE', *, *, #9575, .F. ) ;
#4980 = ORIENTED_EDGE ( 'NONE', *, *, #6236, .T. ) ;
#4981 = CIRCLE ( 'NONE', #6164, 17.30000000000003979 ) ;
#4982 = DIRECTION ( 'NONE',  ( -0.3826834323650998293, -0.9238795325112826307, 0.000000000000000000 ) ) ;
#4983 = VERTEX_POINT ( 'NONE', #1911 ) ;
#4984 = VERTEX_POINT ( 'NONE', #2808 ) ;
#4985 = DIRECTION ( 'NONE',  ( 0.9238795325112890700, 0.3826834323650841196, 0.000000000000000000 ) ) ;
#4986 = CARTESIAN_POINT ( 'NONE',  ( -11.06000805719603619, -14.66497096308320458, -26.99634816116374836 ) ) ;
#4987 = CARTESIAN_POINT ( 'NONE',  ( -0.1424843179073522204, 19.33681682241815381, -34.29634816116376328 ) ) ;
#4988 = DIRECTION ( 'NONE',  ( 0.000000000000000000, 0.000000000000000000, -1.000000000000000000 ) ) ;
#4989 = CARTESIAN_POINT ( 'NONE',  ( -0.7693927526465201838, 19.82219451168907298, -26.81145002369893149 ) ) ;
#4990 = CARTESIAN_POINT ( 'NONE',  ( -0.05003513775709443612, -18.26198304561101082, -34.29634816116375617 ) ) ;
#4991 = EDGE_CURVE ( 'NONE', #8097, #1491, #7515, .T. ) ;
#4992 = DIRECTION ( 'NONE',  ( -0.6791492313942238956, -0.7340002190031247320, -0.000000000000000000 ) ) ;
#4993 = LINE ( 'NONE', #11301, #358 ) ;
#4994 = AXIS2_PLACEMENT_3D ( 'NONE', #7344, #11040, #5572 ) ;
#4995 = CIRCLE ( 'NONE', #9842, 4.799999999999999822 ) ;
#4996 = FACE_OUTER_BOUND ( 'NONE', #9015, .T. ) ;
#4997 = EDGE_CURVE ( 'NONE', #10387, #7733, #2468, .T. ) ;
#4998 = ORIENTED_EDGE ( 'NONE', *, *, #9114, .T. ) ;
#4999 = ORIENTED_EDGE ( 'NONE', *, *, #9544, .F. ) ;
#5000 = CARTESIAN_POINT ( 'NONE',  ( -3.171291354520100469E-15, 0.5375364957382012809, -26.29634816116374907 ) ) ;
#5001 = ORIENTED_EDGE ( 'NONE', *, *, #6422, .T. ) ;
#5002 = ORIENTED_EDGE ( 'NONE', *, *, #8523, .T. ) ;
#5003 = CONICAL_SURFACE ( 'NONE', #11788, 19.30000000000008242, 0.7853981633974482790 ) ;
#5004 = CARTESIAN_POINT ( 'NONE',  ( 0.4355998977303727204, 19.83305185556104888, -26.37236741899921455 ) ) ;
#5005 = EDGE_CURVE ( 'NONE', #5914, #3607, #9564, .T. ) ;
#5006 = ORIENTED_EDGE ( 'NONE', *, *, #9816, .F. ) ;
#5007 = CARTESIAN_POINT ( 'NONE',  ( -10.51164518946056958, 16.72402771013407374, -34.27817872468220628 ) ) ;
#5008 = AXIS2_PLACEMENT_3D ( 'NONE', #2971, #1092, #4798 ) ;
#5009 = DIRECTION ( 'NONE',  ( -0.4182286202377303308, 0.9083417975707405168, 0.000000000000000000 ) ) ;
#5010 = EDGE_CURVE ( 'NONE', #11733, #10011, #11005, .T. ) ;
#5011 = CARTESIAN_POINT ( 'NONE',  ( -3.198396408832238080E-15, 0.5375364957382012809, -34.29634816116375617 ) ) ;
#5012 = CYLINDRICAL_SURFACE ( 'NONE', #1515, 0.6999999999999999556 ) ;
#5013 = AXIS2_PLACEMENT_3D ( 'NONE', #7372, #876, #6459 ) ;
#5014 = VECTOR ( 'NONE', #1494, 999.9999999999998863 ) ;
#5015 = EDGE_CURVE ( 'NONE', #8196, #4419, #4374, .T. ) ;
#5016 = ADVANCED_FACE ( 'NONE', ( #430 ), #6917, .F. ) ;
#5017 = ORIENTED_EDGE ( 'NONE', *, *, #2582, .T. ) ;
#5018 = EDGE_CURVE ( 'NONE', #10027, #9968, #8683, .T. ) ;
#5019 = AXIS2_PLACEMENT_3D ( 'NONE', #1180, #8531, #11369 ) ;
#5020 = VERTEX_POINT ( 'NONE', #6020 ) ;
#5021 = CARTESIAN_POINT ( 'NONE',  ( -7.635787144553749961, -16.64179971285991755, -26.43662391211885421 ) ) ;
#5022 = ORIENTED_EDGE ( 'NONE', *, *, #5018, .T. ) ;
#5023 = EDGE_CURVE ( 'NONE', #3191, #2211, #1461, .T. ) ;
#5024 = DIRECTION ( 'NONE',  ( -0.000000000000000000, 0.000000000000000000, 1.000000000000000000 ) ) ;
#5025 = VERTEX_POINT ( 'NONE', #2493 ) ;
#5026 = PLANE ( 'NONE',  #10414 ) ;
#5027 = EDGE_CURVE ( 'NONE', #11322, #2743, #9650, .T. ) ;
#5028 = DIRECTION ( 'NONE',  ( 0.5555702330195947392, -0.8314696123025502317, 0.000000000000000000 ) ) ;
#5029 = CARTESIAN_POINT ( 'NONE',  ( 0.2840405426658280108, 1.154438076891067588, -26.29634816116374907 ) ) ;
#5030 = CARTESIAN_POINT ( 'NONE',  ( 18.97700039706079522, -2.979655331953077635, -26.31451759764529186 ) ) ;
#5031 = CIRCLE ( 'NONE', #6766, 19.30000000000008598 ) ;
#5032 = CARTESIAN_POINT ( 'NONE',  ( -0.6810553772461662714, -18.75047522031398017, -26.64370081747366470 ) ) ;
#5033 = EDGE_CURVE ( 'NONE', #3495, #599, #11742, .T. ) ;
#5034 = CARTESIAN_POINT ( 'NONE',  ( 4.516859228947263993, -18.22647114404592728, -26.99634816116374836 ) ) ;
#5035 = VERTEX_POINT ( 'NONE', #5163 ) ;
#5036 = CARTESIAN_POINT ( 'NONE',  ( -3.184081677783118191E-15, 0.5375364957382012809, -45.29634816116371354 ) ) ;
#5037 = FACE_OUTER_BOUND ( 'NONE', #11751, .T. ) ;
#5038 = ORIENTED_EDGE ( 'NONE', *, *, #11163, .T. ) ;
#5039 = DIRECTION ( 'NONE',  ( -1.000000000000000000, 0.000000000000000000, -0.000000000000000000 ) ) ;
#5040 = CARTESIAN_POINT ( 'NONE',  ( 19.06420979952545380, -2.470104559920010434, -26.99634816116374836 ) ) ;
#5041 = CIRCLE ( 'NONE', #8150, 19.33712077059222167 ) ;
#5042 = CARTESIAN_POINT ( 'NONE',  ( 11.33901249787394683, -15.08033877455706140, -33.77951245282525150 ) ) ;
#5043 = CARTESIAN_POINT ( 'NONE',  ( -3.184843881676169275E-15, 0.5375364957382012809, -34.29634816116375617 ) ) ;
#5044 = CARTESIAN_POINT ( 'NONE',  ( 18.79951954134920555, 0.4875013579810443254, -34.29634816116375617 ) ) ;
#5045 = CARTESIAN_POINT ( 'NONE',  ( 7.449911663004036733, -17.26664324423969887, -26.29634816116374907 ) ) ;
#5046 = CIRCLE ( 'NONE', #11835, 19.33712077059222167 ) ;
#5047 = ORIENTED_EDGE ( 'NONE', *, *, #8278, .T. ) ;
#5048 = FACE_OUTER_BOUND ( 'NONE', #4526, .T. ) ;
#5049 = DIRECTION ( 'NONE',  ( -0.7340002190031248430, 0.6791492313942237846, 0.000000000000000000 ) ) ;
#5050 = ORIENTED_EDGE ( 'NONE', *, *, #335, .F. ) ;
#5051 = EDGE_LOOP ( 'NONE', ( #6407, #9233, #6649, #1482, #8674, #10211, #302, #10369 ) ) ;
#5052 = CARTESIAN_POINT ( 'NONE',  ( 0.000000000000000000, 0.5375364957382021691, -38.69634816116376186 ) ) ;
#5053 = CARTESIAN_POINT ( 'NONE',  ( 17.92619256938669281, -6.614302595578733346, -26.31451759764528830 ) ) ;
#5054 = CARTESIAN_POINT ( 'NONE',  ( -0.05003513775708805927, 19.33705603708741094, -34.29634816116375617 ) ) ;
#5055 = FACE_OUTER_BOUND ( 'NONE', #8949, .T. ) ;
#5056 = CARTESIAN_POINT ( 'NONE',  ( -5.949999999999999289, 9.087536495738202547, 53.36789795213030629 ) ) ;
#5057 = DIRECTION ( 'NONE',  ( 0.000000000000000000, 0.000000000000000000, 1.000000000000000000 ) ) ;
#5058 = CARTESIAN_POINT ( 'NONE',  ( -17.64212122275947081, -5.958275233539479743, -34.29634816116375617 ) ) ;
#5059 = VECTOR ( 'NONE', #5660, 999.9999999999998863 ) ;
#5060 = CARTESIAN_POINT ( 'NONE',  ( -13.45734862795911368, -12.59001588877875655, -26.31451660138218429 ) ) ;
#5061 = B_SPLINE_CURVE_WITH_KNOTS ( 'NONE', 3,
 ( #3572, #7278, #4901, #4840, #42, #6778, #1988, #1014 ),
 .UNSPECIFIED., .F., .F.,
 ( 4, 2, 2, 4 ),
 ( 0.000000000000000000, 0.0002734140155771829167, 0.0005468280311543658335, 0.001093656062308726463 ),
 .UNSPECIFIED. ) ;
#5062 = CARTESIAN_POINT ( 'NONE',  ( -18.57040281239279977, 3.466725913689079785, -26.99634816116374836 ) ) ;
#5063 = EDGE_LOOP ( 'NONE', ( #5854, #8904, #4320, #5414 ) ) ;
#5064 = EDGE_CURVE ( 'NONE', #1039, #1107, #6002, .T. ) ;
#5065 = EDGE_LOOP ( 'NONE', ( #4094, #11856, #10734, #8006, #1548, #2533, #10685, #4980 ) ) ;
#5066 = AXIS2_PLACEMENT_3D ( 'NONE', #8873, #558, #4266 ) ;
#5067 = PLANE ( 'NONE',  #3457 ) ;
#5068 = ORIENTED_EDGE ( 'NONE', *, *, #6202, .F. ) ;
#5069 = ORIENTED_EDGE ( 'NONE', *, *, #11214, .T. ) ;
#5070 = CARTESIAN_POINT ( 'NONE',  ( -18.48365624435021815, -2.899554232872859849, -34.29634816116377038 ) ) ;
#5071 = ORIENTED_EDGE ( 'NONE', *, *, #4498, .F. ) ;
#5072 = CARTESIAN_POINT ( 'NONE',  ( 17.64212122275941752, 7.033348225016013977, -33.68879833100304211 ) ) ;
#5073 = DIRECTION ( 'NONE',  ( 0.4182286202377414330, -0.9083417975707356318, 0.000000000000000000 ) ) ;
#5074 = CARTESIAN_POINT ( 'NONE',  ( 15.39669517412653477, -10.25075159590021556, -34.22033216491849572 ) ) ;
#5075 = CARTESIAN_POINT ( 'NONE',  ( 18.54798273410425935, -2.530213794973020569, -26.56606956038672251 ) ) ;
#5076 = DIRECTION ( 'NONE',  ( -0.1950903220161387952, -0.9807852804032283212, 0.000000000000000000 ) ) ;
#5077 = VERTEX_POINT ( 'NONE', #2247 ) ;
#5078 = EDGE_LOOP ( 'NONE', ( #9849, #2098, #6590, #5283 ) ) ;
#5079 = CARTESIAN_POINT ( 'NONE',  ( 10.32584917112480483, 16.24772686623105855, -34.29634816116376328 ) ) ;
#5080 = ORIENTED_EDGE ( 'NONE', *, *, #1213, .F. ) ;
#5081 = CARTESIAN_POINT ( 'NONE',  ( 17.52226697299715497, 8.628281833901814579, -26.99634816116374836 ) ) ;
#5082 = ORIENTED_EDGE ( 'NONE', *, *, #8570, .T. ) ;
#5083 = CARTESIAN_POINT ( 'NONE',  ( 17.52226697299709812, -7.553208842425539693, -33.78124629862855954 ) ) ;
#5084 = CARTESIAN_POINT ( 'NONE',  ( 18.79928032667994486, 0.3950521778307801157, -26.29634816116374196 ) ) ;
#5085 = DIRECTION ( 'NONE',  ( -0.000000000000000000, 0.000000000000000000, 1.000000000000000000 ) ) ;
#5086 = CARTESIAN_POINT ( 'NONE',  ( -6.495811729277620294, 18.17965771849769041, -34.29634816116375617 ) ) ;
#5087 = ADVANCED_FACE ( 'NONE', ( #5292 ), #8998, .F. ) ;
#5088 = EDGE_CURVE ( 'NONE', #3707, #7011, #5031, .T. ) ;
#5089 = CARTESIAN_POINT ( 'NONE',  ( 13.81335517923296585, 13.29023150319129698, -26.99634816116374836 ) ) ;
#5090 = CARTESIAN_POINT ( 'NONE',  ( -9.812803638741883105, 16.57339930408922513, -26.99634816116374836 ) ) ;
#5091 = EDGE_CURVE ( 'NONE', #6050, #9132, #11151, .T. ) ;
#5092 = ORIENTED_EDGE ( 'NONE', *, *, #6378, .T. ) ;
#5093 = AXIS2_PLACEMENT_3D ( 'NONE', #8989, #3452, #11891 ) ;
#5094 = CARTESIAN_POINT ( 'NONE',  ( 3.350397732440268062, -18.46962051043404784, -34.20800806837381458 ) ) ;
#5095 = B_SPLINE_CURVE_WITH_KNOTS ( 'NONE', 3,
 ( #2555, #958, #2492, #8080, #3687, #4663, #7394, #2887 ),
 .UNSPECIFIED., .F., .F.,
 ( 4, 2, 2, 4 ),
 ( 0.000000000000000000, 0.0002734111411466474723, 0.0005468222822932949445, 0.001093644564586588154 ),
 .UNSPECIFIED. ) ;
#5096 = CARTESIAN_POINT ( 'NONE',  ( 5.949999999999997513, -8.012463504261800651, 53.36789795213030629 ) ) ;
#5097 = ORIENTED_EDGE ( 'NONE', *, *, #10946, .F. ) ;
#5098 = DIRECTION ( 'NONE',  ( -0.7340002190031390539, -0.6791492313942082415, 0.000000000000000000 ) ) ;
#5099 = CARTESIAN_POINT ( 'NONE',  ( 17.85733928375348611, 7.859109667189650317, -34.29634816116375617 ) ) ;
#5100 = CARTESIAN_POINT ( 'NONE',  ( 10.66468526717345888, -15.54831095325050860, -34.29634816116375617 ) ) ;
#5101 = CARTESIAN_POINT ( 'NONE',  ( -16.08584744898875130, -10.12714877143520020, -34.29634816116375617 ) ) ;
#5102 = CARTESIAN_POINT ( 'NONE',  ( 8.074651695274543073, 15.83753649573824873, -46.29634816116374907 ) ) ;
#5103 = EDGE_CURVE ( 'NONE', #6646, #9616, #9001, .T. ) ;
#5104 = AXIS2_PLACEMENT_3D ( 'NONE', #1201, #10541, #2296 ) ;
#5105 = CARTESIAN_POINT ( 'NONE',  ( 0.05003513775708824662, 19.33705603708741094, -34.29634816116375617 ) ) ;
#5106 = ORIENTED_EDGE ( 'NONE', *, *, #5723, .T. ) ;
#5107 = CIRCLE ( 'NONE', #6847, 19.33712077059222523 ) ;
#5108 = FACE_OUTER_BOUND ( 'NONE', #7808, .T. ) ;
#5109 = CARTESIAN_POINT ( 'NONE',  ( 12.99616139583824825, -13.04720388479473492, -34.22033216491849572 ) ) ;
#5110 = EDGE_LOOP ( 'NONE', ( #9315, #6717, #2497, #7931 ) ) ;
#5111 = VERTEX_POINT ( 'NONE', #6439 ) ;
#5112 = CARTESIAN_POINT ( 'NONE',  ( -10.93355334446133398, 16.44293176199114370, -34.29634816116376328 ) ) ;
#5113 = EDGE_CURVE ( 'NONE', #4117, #957, #793, .T. ) ;
#5114 = CARTESIAN_POINT ( 'NONE',  ( 16.02637064780046927, -9.290785029855426203, -26.81318187454957780 ) ) ;
#5115 = CARTESIAN_POINT ( 'NONE',  ( 18.57040281239282820, 3.466725913688817773, -26.99634816116374836 ) ) ;
#5116 = CYLINDRICAL_SURFACE ( 'NONE', #10511, 0.6999999999999998446 ) ;
#5117 = DIRECTION ( 'NONE',  ( 0.000000000000000000, 0.000000000000000000, -1.000000000000000000 ) ) ;
#5118 = CARTESIAN_POINT ( 'NONE',  ( 12.30000000000000071, 0.5375364957381988384, -29.44634816116375120 ) ) ;
#5119 = CARTESIAN_POINT ( 'NONE',  ( -12.75269500745296192, 14.35089167497130980, -33.59634816116375333 ) ) ;
#5120 = CARTESIAN_POINT ( 'NONE',  ( 15.20250745882143661, -10.52247156145777396, -34.29634816116375617 ) ) ;
#5121 = ADVANCED_FACE ( 'NONE', ( #8374 ), #8319, .T. ) ;
#5122 = VERTEX_POINT ( 'NONE', #10079 ) ;
#5123 = ORIENTED_EDGE ( 'NONE', *, *, #7758, .F. ) ;
#5124 = CARTESIAN_POINT ( 'NONE',  ( -3.146222789369087280, -18.50440267094522540, -34.02662297194007124 ) ) ;
#5125 = ORIENTED_EDGE ( 'NONE', *, *, #2716, .T. ) ;
#5126 = ORIENTED_EDGE ( 'NONE', *, *, #11244, .T. ) ;
#5127 = DIRECTION ( 'NONE',  ( -1.000000000000000000, 0.000000000000000000, 0.000000000000000000 ) ) ;
#5128 = EDGE_LOOP ( 'NONE', ( #2637, #9770, #8569, #9769, #10115, #4505, #5912, #1708 ) ) ;
#5129 = DIRECTION ( 'NONE',  ( -0.000000000000000000, -0.000000000000000000, 1.000000000000000000 ) ) ;
#5130 = CARTESIAN_POINT ( 'NONE',  ( -15.60715541303852838, -10.81617214563821427, -26.99634816116374836 ) ) ;
#5131 = CARTESIAN_POINT ( 'NONE',  ( -15.90579585943573449, 11.46927197098554529, -34.27817872468220628 ) ) ;
#5132 = DIRECTION ( 'NONE',  ( -1.000000000000000000, 0.000000000000000000, 0.000000000000000000 ) ) ;
#5133 = DIRECTION ( 'NONE',  ( -0.000000000000000000, -0.000000000000000000, 1.000000000000000000 ) ) ;
#5134 = VERTEX_POINT ( 'NONE', #10128 ) ;
#5135 = EDGE_LOOP ( 'NONE', ( #9799, #5097, #8541, #1651 ) ) ;
#5136 = LINE ( 'NONE', #11748, #3244 ) ;
#5137 = ORIENTED_EDGE ( 'NONE', *, *, #3979, .F. ) ;
#5138 = CARTESIAN_POINT ( 'NONE',  ( 6.495811729277746416, -17.10458472702124055, -33.59634816116375333 ) ) ;
#5139 = VERTEX_POINT ( 'NONE', #11949 ) ;
#5140 = CARTESIAN_POINT ( 'NONE',  ( 13.32864793594260533, -12.72035106979326891, -34.29634816116375617 ) ) ;
#5141 = LINE ( 'NONE', #8662, #6008 ) ;
#5142 = DIRECTION ( 'NONE',  ( -0.000000000000000000, -0.000000000000000000, 1.000000000000000000 ) ) ;
#5143 = CARTESIAN_POINT ( 'NONE',  ( 18.96029297893643673, -3.068824119847327836, -26.29634816116375262 ) ) ;
#5144 = CARTESIAN_POINT ( 'NONE',  ( 18.57040281239282820, 3.466725913688817773, -34.29634816116375617 ) ) ;
#5145 = EDGE_CURVE ( 'NONE', #4951, #3269, #8328, .T. ) ;
#5146 = CARTESIAN_POINT ( 'NONE',  ( -10.10744715304691610, 16.38920429162450532, -26.38468553521233417 ) ) ;
#5147 = EDGE_CURVE ( 'NONE', #9848, #7490, #9403, .T. ) ;
#5148 = LINE ( 'NONE', #4242, #10133 ) ;
#5149 = ADVANCED_FACE ( 'NONE', ( #2730 ), #12017, .F. ) ;
#5150 = CARTESIAN_POINT ( 'NONE',  ( -7.150496056235359887, -17.38994501901131429, -34.29634816116376328 ) ) ;
#5151 = VERTEX_POINT ( 'NONE', #11105 ) ;
#5152 = DIRECTION ( 'NONE',  ( -0.6791492313942085746, 0.7340002190031389429, 0.000000000000000000 ) ) ;
#5153 = CARTESIAN_POINT ( 'NONE',  ( -17.38763894355417605, 7.685574720956330985, -34.29634816116375617 ) ) ;
#5154 = EDGE_CURVE ( 'NONE', #11228, #9000, #10929, .T. ) ;
#5155 = CARTESIAN_POINT ( 'NONE',  ( 18.78453066649127123, 4.968410001616116567, -33.94899550485384765 ) ) ;
#5156 = FACE_OUTER_BOUND ( 'NONE', #7264, .T. ) ;
#5157 = CARTESIAN_POINT ( 'NONE',  ( 18.01622734663562397, 7.459221497207887630, -34.15606879818030706 ) ) ;
#5158 = ADVANCED_FACE ( 'NONE', ( #1821 ), #8151, .F. ) ;
#5159 = EDGE_CURVE ( 'NONE', #1735, #9131, #6382, .T. ) ;
#5160 = EDGE_CURVE ( 'NONE', #941, #9552, #1770, .T. ) ;
#5161 = EDGE_LOOP ( 'NONE', ( #2233, #12007, #6423, #9886 ) ) ;
#5162 = CARTESIAN_POINT ( 'NONE',  ( 10.58763275542133364, 16.67446865067649497, -26.29634816116375617 ) ) ;
#5163 = CARTESIAN_POINT ( 'NONE',  ( 7.823042886243198879, 14.83753649573822919, -44.29634816116374907 ) ) ;
#5164 = EDGE_LOOP ( 'NONE', ( #1065, #2938, #9728, #3541 ) ) ;
#5165 = ADVANCED_FACE ( 'NONE', ( #5413 ), #9119, .F. ) ;
#5166 = EDGE_CURVE ( 'NONE', #6501, #2035, #733, .T. ) ;
#5167 = VERTEX_POINT ( 'NONE', #8255 ) ;
#5168 = CARTESIAN_POINT ( 'NONE',  ( -13.25788756553123982, 13.86618443168104520, -34.29634816116375617 ) ) ;
#5169 = CARTESIAN_POINT ( 'NONE',  ( 18.27776732936861137, -3.862830842817394750, -34.29634816116375617 ) ) ;
#5170 = CARTESIAN_POINT ( 'NONE',  ( -16.46205883478114984, 10.61179174961217697, -26.99634816116374836 ) ) ;
#5171 = CARTESIAN_POINT ( 'NONE',  ( 14.18035528873443951, -12.55473312741210989, -33.59634816116375333 ) ) ;
#5172 = CARTESIAN_POINT ( 'NONE',  ( -0.4220916014713436692, 19.83310648220897221, -26.38468825395369777 ) ) ;
#5173 = B_SPLINE_CURVE_WITH_KNOTS ( 'NONE', 3,
 ( #8547, #11329, #6654, #11556, #4719, #1015, #10351, #5130 ),
 .UNSPECIFIED., .F., .F.,
 ( 4, 2, 2, 4 ),
 ( 0.000000000000000000, 0.0002734115678465732992, 0.0005468231356931465984, 0.001093646271386293197 ),
 .UNSPECIFIED. ) ;
#5174 = CARTESIAN_POINT ( 'NONE',  ( 4.191598272854099250, 19.37731261412847772, -26.37236741899921455 ) ) ;
#5175 = DIRECTION ( 'NONE',  ( 0.9992475592060070522, -0.03878550529305227479, -0.000000000000000000 ) ) ;
#5176 = AXIS2_PLACEMENT_3D ( 'NONE', #1228, #5843, #383 ) ;
#5177 = EDGE_CURVE ( 'NONE', #11288, #881, #5650, .T. ) ;
#5178 = PLANE ( 'NONE',  #11416 ) ;
#5179 = AXIS2_PLACEMENT_3D ( 'NONE', #6041, #8649, #9734 ) ;
#5180 = EDGE_LOOP ( 'NONE', ( #5466, #8400, #11595, #6893 ) ) ;
#5181 = AXIS2_PLACEMENT_3D ( 'NONE', #8011, #1518, #8929 ) ;
#5182 = ORIENTED_EDGE ( 'NONE', *, *, #11996, .F. ) ;
#5183 = DIRECTION ( 'NONE',  ( -0.000000000000000000, -0.000000000000000000, 1.000000000000000000 ) ) ;
#5184 = EDGE_LOOP ( 'NONE', ( #1364, #2622, #10841, #5926 ) ) ;
#5185 = B_SPLINE_CURVE_WITH_KNOTS ( 'NONE', 3,
 ( #7235, #7055, #9773, #3745, #6140, #3343, #11848, #6268 ),
 .UNSPECIFIED., .F., .F.,
 ( 4, 2, 2, 4 ),
 ( 0.000000000000000000, 0.0002734144572333934895, 0.0005468289144667869790, 0.001093657828933582848 ),
 .UNSPECIFIED. ) ;
#5186 = ORIENTED_EDGE ( 'NONE', *, *, #3152, .F. ) ;
#5187 = DIRECTION ( 'NONE',  ( 0.000000000000000000, 0.000000000000000000, 1.000000000000000000 ) ) ;
#5188 = ORIENTED_EDGE ( 'NONE', *, *, #8418, .T. ) ;
#5189 = DIRECTION ( 'NONE',  ( -0.000000000000000000, -0.000000000000000000, 1.000000000000000000 ) ) ;
#5190 = DIRECTION ( 'NONE',  ( -0.9380269381538446360, 0.3465623512410477280, 0.000000000000000000 ) ) ;
#5191 = DIRECTION ( 'NONE',  ( 0.9992475592060074963, 0.03878550529304005540, 0.000000000000000000 ) ) ;
#5192 = CARTESIAN_POINT ( 'NONE',  ( -15.60715541303828680, 11.89124513711494835, -33.78124629862856665 ) ) ;
#5193 = CIRCLE ( 'NONE', #5951, 19.33712077059221812 ) ;
#5194 = CARTESIAN_POINT ( 'NONE',  ( -0.4966189663903671225, 0.3318301845276023232, -34.29634816116375617 ) ) ;
#5195 = EDGE_CURVE ( 'NONE', #4375, #10973, #6546, .T. ) ;
#5196 = CARTESIAN_POINT ( 'NONE',  ( -11.35370864137636460, 16.14469190877676397, -33.59634816116375333 ) ) ;
#5197 = AXIS2_PLACEMENT_3D ( 'NONE', #11209, #9218, #2893 ) ;
#5198 = ORIENTED_EDGE ( 'NONE', *, *, #2126, .F. ) ;
#5199 = ORIENTED_EDGE ( 'NONE', *, *, #10060, .T. ) ;
#5200 = VECTOR ( 'NONE', #6832, 1000.000000000000000 ) ;
#5201 = CARTESIAN_POINT ( 'NONE',  ( -7.449911663003913276, 18.34171623571615939, -34.29634816116375617 ) ) ;
#5202 = VERTEX_POINT ( 'NONE', #10421 ) ;
#5203 = CARTESIAN_POINT ( 'NONE',  ( 0.000000000000000000, 0.5375364957382021691, -42.69634816116374765 ) ) ;
#5204 = ORIENTED_EDGE ( 'NONE', *, *, #1600, .F. ) ;
#5205 = CARTESIAN_POINT ( 'NONE',  ( 13.71773326906365753, 13.39298473022665803, -34.02662676194078273 ) ) ;
#5206 = CARTESIAN_POINT ( 'NONE',  ( 17.27814378842743892, 7.948669206898932416, -26.29634816116374552 ) ) ;
#5207 = CARTESIAN_POINT ( 'NONE',  ( -3.184081677783118191E-15, -8.012463504261800651, -21.29634816116374907 ) ) ;
#5208 = CARTESIAN_POINT ( 'NONE',  ( 10.93173547524716938, 16.44333235517404646, -34.27817872468220628 ) ) ;
#5209 = FACE_OUTER_BOUND ( 'NONE', #2282, .T. ) ;
#5210 = AXIS2_PLACEMENT_3D ( 'NONE', #6182, #7033, #10727 ) ;
#5211 = AXIS2_PLACEMENT_3D ( 'NONE', #10326, #256, #3117 ) ;
#5212 = CARTESIAN_POINT ( 'NONE',  ( -13.57521732419796123, 13.54327886069264153, -34.20801078711516396 ) ) ;
#5213 = CIRCLE ( 'NONE', #3033, 9.599999999999988987 ) ;
#5214 = VECTOR ( 'NONE', #10517, 1000.000000000000000 ) ;
#5215 = ORIENTED_EDGE ( 'NONE', *, *, #3387, .F. ) ;
#5216 = CARTESIAN_POINT ( 'NONE',  ( -18.15000000000008029, 0.5375364957382012809, -40.15919010370956954 ) ) ;
#5217 = ORIENTED_EDGE ( 'NONE', *, *, #10954, .T. ) ;
#5218 = VECTOR ( 'NONE', #5784, 999.9999999999998863 ) ;
#5219 = EDGE_CURVE ( 'NONE', #10181, #9236, #4650, .T. ) ;
#5220 = VECTOR ( 'NONE', #7777, 1000.000000000000114 ) ;
#5221 = DIRECTION ( 'NONE',  ( -0.000000000000000000, -0.000000000000000000, 1.000000000000000000 ) ) ;
#5222 = VERTEX_POINT ( 'NONE', #8432 ) ;
#5223 = FACE_OUTER_BOUND ( 'NONE', #11321, .T. ) ;
#5224 = CARTESIAN_POINT ( 'NONE',  ( -6.669092904898531238, -17.57359819609807161, -26.99634816116374836 ) ) ;
#5225 = AXIS2_PLACEMENT_3D ( 'NONE', #4927, #10374, #1095 ) ;
#5226 = CARTESIAN_POINT ( 'NONE',  ( 18.79646519144485950, 4.917840295113266258, -34.02662297194007124 ) ) ;
#5227 = DIRECTION ( 'NONE',  ( 0.8092959084338506859, 0.5874011683613068469, 0.000000000000000000 ) ) ;
#5228 = DIRECTION ( 'NONE',  ( -0.000000000000000000, -0.000000000000000000, 1.000000000000000000 ) ) ;
#5229 = VECTOR ( 'NONE', #3525, 1000.000000000000000 ) ;
#5230 = AXIS2_PLACEMENT_3D ( 'NONE', #7281, #2478, #6316 ) ;
#5231 = VERTEX_POINT ( 'NONE', #7512 ) ;
#5232 = DIRECTION ( 'NONE',  ( -0.7071067811865463515, 0.7071067811865487940, 0.000000000000000000 ) ) ;
#5233 = CARTESIAN_POINT ( 'NONE',  ( -18.11113469183639779, -6.131556409159996335, -26.99634816116374836 ) ) ;
#5234 = VERTEX_POINT ( 'NONE', #4781 ) ;
#5235 = ORIENTED_EDGE ( 'NONE', *, *, #2621, .T. ) ;
#5236 = DIRECTION ( 'NONE',  ( -0.3465623512410344054, 0.9380269381538496321, 0.000000000000000000 ) ) ;
#5237 = CARTESIAN_POINT ( 'NONE',  ( -18.78503423634786174, 1.287536495738401232, -34.29634816116375617 ) ) ;
#5238 = CARTESIAN_POINT ( 'NONE',  ( -0.4803001114056685283, -18.25618984280271562, -26.43662391211885065 ) ) ;
#5239 = DIRECTION ( 'NONE',  ( 0.5555702330195947392, -0.8314696123025502317, 0.000000000000000000 ) ) ;
#5240 = FACE_OUTER_BOUND ( 'NONE', #5180, .T. ) ;
#5241 = CARTESIAN_POINT ( 'NONE',  ( 10.36908797339796884, -15.74064512945437855, -34.20800806837381458 ) ) ;
#5242 = DIRECTION ( 'NONE',  ( 0.3826834323650937786, 0.9238795325112850731, 0.000000000000000000 ) ) ;
#5243 = B_SPLINE_CURVE_WITH_KNOTS ( 'NONE', 3,
 ( #3713, #5482, #6336, #10945, #10145, #10029, #1838, #4512 ),
 .UNSPECIFIED., .F., .F.,
 ( 4, 2, 2, 4 ),
 ( 0.000000000000000000, 0.0002734144572333936521, 0.0005468289144667873043, 0.001093657828933582848 ),
 .UNSPECIFIED. ) ;
#5244 = EDGE_CURVE ( 'NONE', #2153, #919, #5821, .T. ) ;
#5245 = ADVANCED_FACE ( 'NONE', ( #3996 ), #10246, .T. ) ;
#5246 = CARTESIAN_POINT ( 'NONE',  ( 3.618530594455220406, 18.98558991168354382, -34.29634816116375617 ) ) ;
#5247 = EDGE_CURVE ( 'NONE', #3672, #3980, #228, .T. ) ;
#5248 = ORIENTED_EDGE ( 'NONE', *, *, #1830, .F. ) ;
#5249 = ORIENTED_EDGE ( 'NONE', *, *, #310, .T. ) ;
#5250 = DIRECTION ( 'NONE',  ( -0.2329837807837338015, 0.9724806208309330069, -0.000000000000000000 ) ) ;
#5251 = ORIENTED_EDGE ( 'NONE', *, *, #4073, .T. ) ;
#5252 = B_SPLINE_CURVE_WITH_KNOTS ( 'NONE', 3,
 ( #7849, #2386, #4093, #5972, #5124, #4275, #8824, #4333 ),
 .UNSPECIFIED., .F., .F.,
 ( 4, 2, 2, 4 ),
 ( 0.000000000000000000, 0.0002734111411466472554, 0.0005468222822932945109, 0.001093644564586589889 ),
 .UNSPECIFIED. ) ;
#5253 = VERTEX_POINT ( 'NONE', #3807 ) ;
#5254 = EDGE_CURVE ( 'NONE', #10372, #5035, #10301, .T. ) ;
#5255 = FACE_OUTER_BOUND ( 'NONE', #11217, .T. ) ;
#5256 = ORIENTED_EDGE ( 'NONE', *, *, #5154, .T. ) ;
#5257 = VECTOR ( 'NONE', #2198, 999.9999999999998863 ) ;
#5258 = DIRECTION ( 'NONE',  ( -0.9380269381538446360, 0.3465623512410477280, 0.000000000000000000 ) ) ;
#5259 = PLANE ( 'NONE',  #1937 ) ;
#5260 = DIRECTION ( 'NONE',  ( 0.8523920528607157321, -0.5229032302633966900, 0.000000000000000000 ) ) ;
#5261 = CARTESIAN_POINT ( 'NONE',  ( 4.382682564439751793, -17.74449166555952928, -26.81318187454957425 ) ) ;
#5262 = DIRECTION ( 'NONE',  ( 0.000000000000000000, -0.000000000000000000, 1.000000000000000000 ) ) ;
#5263 = ADVANCED_FACE ( 'NONE', ( #6660 ), #2118, .T. ) ;
#5264 = DIRECTION ( 'NONE',  ( 0.9992475592060079403, 0.03878550529303135402, 0.000000000000000000 ) ) ;
#5265 = AXIS2_PLACEMENT_3D ( 'NONE', #280, #221, #2953 ) ;
#5266 = VERTEX_POINT ( 'NONE', #11337 ) ;
#5267 = ORIENTED_EDGE ( 'NONE', *, *, #1520, .T. ) ;
#5268 = CARTESIAN_POINT ( 'NONE',  ( -7.786515877027178512, 18.19757134193445225, -34.22032890332828003 ) ) ;
#5269 = ORIENTED_EDGE ( 'NONE', *, *, #8244, .F. ) ;
#5270 = CARTESIAN_POINT ( 'NONE',  ( 7.635787144553501271, -16.64179971286003124, -34.15607241020865104 ) ) ;
#5271 = VERTEX_POINT ( 'NONE', #11215 ) ;
#5272 = CARTESIAN_POINT ( 'NONE',  ( -19.06420979952543959, 3.545177551396542448, -34.29634816116375617 ) ) ;
#5273 = DIRECTION ( 'NONE',  ( 0.5874011683613097334, -0.8092959084338484654, 0.000000000000000000 ) ) ;
#5274 = CARTESIAN_POINT ( 'NONE',  ( -18.94258358435493150, -3.159560628997707177, -26.29634816116374907 ) ) ;
#5275 = CARTESIAN_POINT ( 'NONE',  ( -12.75269500745324969, -13.27581868349463079, -33.59634816116375333 ) ) ;
#5276 = DIRECTION ( 'NONE',  ( 0.7071067811865413555, -0.7071067811865536790, 0.000000000000000000 ) ) ;
#5277 = FACE_BOUND ( 'NONE', #3655, .T. ) ;
#5278 = B_SPLINE_CURVE_WITH_KNOTS ( 'NONE', 3,
 ( #1376, #5079, #8780, #460, #4165, #10904, #4700, #7261 ),
 .UNSPECIFIED., .F., .F.,
 ( 4, 2, 2, 4 ),
 ( 0.000000000000000000, 0.0002734144572333957663, 0.0005468289144667915326, 0.001093657828933583065 ),
 .UNSPECIFIED. ) ;
#5279 = VERTEX_POINT ( 'NONE', #9455 ) ;
#5280 = CARTESIAN_POINT ( 'NONE',  ( 7.240491104578268278, 17.88688020278095792, -34.29634816116375617 ) ) ;
#5281 = ORIENTED_EDGE ( 'NONE', *, *, #12002, .T. ) ;
#5282 = CARTESIAN_POINT ( 'NONE',  ( 13.62879480352612127, 13.48708436770508179, -26.43662391211885065 ) ) ;
#5283 = ORIENTED_EDGE ( 'NONE', *, *, #5533, .F. ) ;
#5284 = CARTESIAN_POINT ( 'NONE',  ( 0.4966189663903623486, 0.7432428069487966305, -34.29634816116375617 ) ) ;
#5285 = DIRECTION ( 'NONE',  ( 0.9807852804032290983, -0.1950903220161353258, 0.000000000000000000 ) ) ;
#5286 = CARTESIAN_POINT ( 'NONE',  ( 16.08584744898859142, -10.12714877143543113, -26.29634816116374907 ) ) ;
#5287 = CARTESIAN_POINT ( 'NONE',  ( 18.41026011511894822, 4.344840670033425667, -34.29634816116376328 ) ) ;
#5288 = CARTESIAN_POINT ( 'NONE',  ( 17.85733928375348611, 7.859109667189650317, -34.29634816116375617 ) ) ;
#5289 = DIRECTION ( 'NONE',  ( 0.5874011683613068469, -0.8092959084338506859, -0.000000000000000000 ) ) ;
#5290 = ADVANCED_FACE ( 'NONE', ( #6720 ), #3094, .F. ) ;
#5291 = CARTESIAN_POINT ( 'NONE',  ( 17.66525471581591944, 8.311593239045878434, -26.38468825395369421 ) ) ;
#5292 = FACE_OUTER_BOUND ( 'NONE', #4755, .T. ) ;
#5293 = EDGE_LOOP ( 'NONE', ( #6036, #7139, #5362, #6076 ) ) ;
#5294 = EDGE_LOOP ( 'NONE', ( #672, #2439, #7286, #10749 ) ) ;
#5295 = LINE ( 'NONE', #2314, #9284 ) ;
#5296 = FACE_OUTER_BOUND ( 'NONE', #891, .T. ) ;
#5297 = CARTESIAN_POINT ( 'NONE',  ( 16.13693215493834288, 11.12516925115947686, -34.29634816116377038 ) ) ;
#5298 = CARTESIAN_POINT ( 'NONE',  ( 15.50030883325553255, 11.17706500548481330, -26.29634816116375262 ) ) ;
#5299 = CARTESIAN_POINT ( 'NONE',  ( -19.06420979952543959, 3.545177551396542448, -26.99634816116374836 ) ) ;
#5300 = CARTESIAN_POINT ( 'NONE',  ( 13.32864793594270481, 13.79542406126957665, -26.29634816116374907 ) ) ;
#5301 = EDGE_CURVE ( 'NONE', #11452, #7682, #1996, .T. ) ;
#5302 = CARTESIAN_POINT ( 'NONE',  ( 15.60715541303844667, 11.89124513711472098, -26.99634816116374836 ) ) ;
#5303 = AXIS2_PLACEMENT_3D ( 'NONE', #4086, #10507, #7967 ) ;
#5304 = ORIENTED_EDGE ( 'NONE', *, *, #4866, .F. ) ;
#5305 = VERTEX_POINT ( 'NONE', #11154 ) ;
#5306 = CARTESIAN_POINT ( 'NONE',  ( 10.39999999999998792, 0.5375364957382021691, -42.69634816116374765 ) ) ;
#5307 = EDGE_CURVE ( 'NONE', #6175, #5455, #5640, .T. ) ;
#5308 = ORIENTED_EDGE ( 'NONE', *, *, #2843, .F. ) ;
#5309 = VERTEX_POINT ( 'NONE', #4911 ) ;
#5310 = DIRECTION ( 'NONE',  ( 0.1569032754148996234, -0.9876139742652875197, 0.000000000000000000 ) ) ;
#5311 = ORIENTED_EDGE ( 'NONE', *, *, #5387, .T. ) ;
#5312 = LINE ( 'NONE', #5430, #11014 ) ;
#5313 = CARTESIAN_POINT ( 'NONE',  ( 6.495811729277748192, -17.10458472702124055, -33.59634816116375333 ) ) ;
#5314 = CARTESIAN_POINT ( 'NONE',  ( 0.000000000000000000, 0.5375364957382021691, -43.49634816116374481 ) ) ;
#5315 = EDGE_CURVE ( 'NONE', #5970, #3251, #5879, .T. ) ;
#5316 = CARTESIAN_POINT ( 'NONE',  ( -10.40947807574472428, -15.13229405142824113, -34.29634816116375617 ) ) ;
#5317 = AXIS2_PLACEMENT_3D ( 'NONE', #3275, #6130, #544 ) ;
#5318 = DIRECTION ( 'NONE',  ( -0.03878550529304181094, 0.9992475592060074963, 0.000000000000000000 ) ) ;
#5319 = CARTESIAN_POINT ( 'NONE',  ( 13.09226962315025844, 14.71789178447269109, -26.99634816116374836 ) ) ;
#5320 = B_SPLINE_CURVE_WITH_KNOTS ( 'NONE', 3,
 ( #9994, #9206, #3506, #11879, #3564, #2537, #6245, #9936 ),
 .UNSPECIFIED., .F., .F.,
 ( 4, 2, 2, 4 ),
 ( 0.000000000000000000, 0.0002734111411466471470, 0.0005468222822932942940, 0.001093644564586590323 ),
 .UNSPECIFIED. ) ;
#5321 = EDGE_LOOP ( 'NONE', ( #6151, #7805, #3007, #2683 ) ) ;
#5322 = VERTEX_POINT ( 'NONE', #1267 ) ;
#5323 = VECTOR ( 'NONE', #10430, 1000.000000000000000 ) ;
#5324 = CARTESIAN_POINT ( 'NONE',  ( -15.71019037049275369, 10.86338566686317897, -34.29634816116377038 ) ) ;
#5325 = EDGE_LOOP ( 'NONE', ( #8404, #3369, #3592, #11763 ) ) ;
#5326 = CARTESIAN_POINT ( 'NONE',  ( 7.881631028044678189, -16.53055957847361412, -33.59634816116375333 ) ) ;
#5327 = ORIENTED_EDGE ( 'NONE', *, *, #245, .T. ) ;
#5328 = LINE ( 'NONE', #9031, #7920 ) ;
#5329 = EDGE_CURVE ( 'NONE', #8985, #5613, #7938, .T. ) ;
#5330 = CARTESIAN_POINT ( 'NONE',  ( -18.79904110953531671, 0.7724709504517651704, -34.29634816116376328 ) ) ;
#5331 = CARTESIAN_POINT ( 'NONE',  ( -13.60606977645226401, 14.24248732249693106, -34.29634816116375617 ) ) ;
#5332 = DIRECTION ( 'NONE',  ( 0.9238795325112837409, -0.3826834323650970537, 0.000000000000000000 ) ) ;
#5333 = CYLINDRICAL_SURFACE ( 'NONE', #2677, 0.7000000000000010658 ) ;
#5334 = DIRECTION ( 'NONE',  ( 0.3826834323650937786, 0.9238795325112851842, 0.000000000000000000 ) ) ;
#5335 = ORIENTED_EDGE ( 'NONE', *, *, #4262, .T. ) ;
#5336 = DIRECTION ( 'NONE',  ( 0.9992475592060074963, -0.03878550529304005540, 0.000000000000000000 ) ) ;
#5337 = EDGE_LOOP ( 'NONE', ( #3721, #836, #9380, #446 ) ) ;
#5338 = DIRECTION ( 'NONE',  ( 1.000000000000000000, 0.000000000000000000, 0.000000000000000000 ) ) ;
#5339 = ORIENTED_EDGE ( 'NONE', *, *, #1926, .F. ) ;
#5340 = DIRECTION ( 'NONE',  ( -0.9876139742652865205, -0.1569032754149066178, 0.000000000000000000 ) ) ;
#5341 = FACE_OUTER_BOUND ( 'NONE', #2944, .T. ) ;
#5342 = EDGE_CURVE ( 'NONE', #6322, #5266, #2513, .T. ) ;
#5343 = CARTESIAN_POINT ( 'NONE',  ( -10.51057942118732491, 16.72555390191973501, -26.29634816116374552 ) ) ;
#5344 = CARTESIAN_POINT ( 'NONE',  ( 0.2057063112105903813, 0.04091752934783500495, -26.29634816116374907 ) ) ;
#5345 = CARTESIAN_POINT ( 'NONE',  ( 19.06420979952547512, 3.545177551396273774, -26.99634816116374836 ) ) ;
#5346 = EDGE_CURVE ( 'NONE', #4637, #1147, #2959, .T. ) ;
#5347 = CARTESIAN_POINT ( 'NONE',  ( 17.63376692998103934, 8.382562622166236821, -26.43662752414719463 ) ) ;
#5348 = CARTESIAN_POINT ( 'NONE',  ( 0.06945629112693588181, -18.76233852519460754, -26.29634816116374907 ) ) ;
#5349 = ORIENTED_EDGE ( 'NONE', *, *, #7527, .T. ) ;
#5350 = ORIENTED_EDGE ( 'NONE', *, *, #711, .F. ) ;
#5351 = CARTESIAN_POINT ( 'NONE',  ( 0.2349344547133567218, -18.26150461379713263, -26.29634816116375973 ) ) ;
#5352 = CARTESIAN_POINT ( 'NONE',  ( -0.02634122926532372899, 1.216176849937394167, -26.29634816116374907 ) ) ;
#5353 = CARTESIAN_POINT ( 'NONE',  ( 16.31969683414743599, 10.84101485533840048, -34.15606879818030706 ) ) ;
#5354 = CARTESIAN_POINT ( 'NONE',  ( -6.808232438217534543, -16.98654274684572840, -26.37236415740902018 ) ) ;
#5355 = CARTESIAN_POINT ( 'NONE',  ( 9.828321525593562313, 16.56390714353870308, -26.81318187454957780 ) ) ;
#5356 = CARTESIAN_POINT ( 'NONE',  ( 19.28465801595086759, 1.306929248384651743, -33.59634816116375333 ) ) ;
#5357 = FACE_OUTER_BOUND ( 'NONE', #6096, .T. ) ;
#5358 = B_SPLINE_CURVE_WITH_KNOTS ( 'NONE', 3,
 ( #1685, #773, #2978, #5384, #9361, #2647, #6356, #826 ),
 .UNSPECIFIED., .F., .F.,
 ( 4, 2, 2, 4 ),
 ( 0.000000000000000000, 0.0002734111411466473096, 0.0005468222822932946193, 0.001093644564586589239 ),
 .UNSPECIFIED. ) ;
#5359 = ORIENTED_EDGE ( 'NONE', *, *, #1230, .T. ) ;
#5360 = VERTEX_POINT ( 'NONE', #1580 ) ;
#5361 = CARTESIAN_POINT ( 'NONE',  ( -16.00867175329660697, -10.24265036234578830, -26.29634816116374907 ) ) ;
#5362 = ORIENTED_EDGE ( 'NONE', *, *, #11746, .T. ) ;
#5363 = VERTEX_POINT ( 'NONE', #2414 ) ;
#5364 = CARTESIAN_POINT ( 'NONE',  ( 0.000000000000000000, 0.5375364957382021691, -41.89634816116375760 ) ) ;
#5365 = ADVANCED_FACE ( 'NONE', ( #5037 ), #7947, .F. ) ;
#5366 = VECTOR ( 'NONE', #4516, 1000.000000000000000 ) ;
#5367 = ORIENTED_EDGE ( 'NONE', *, *, #7766, .F. ) ;
#5368 = DIRECTION ( 'NONE',  ( 0.000000000000000000, 0.000000000000000000, 1.000000000000000000 ) ) ;
#5369 = DIRECTION ( 'NONE',  ( -0.1569032754149203013, -0.9876139742652841891, -0.000000000000000000 ) ) ;
#5370 = CARTESIAN_POINT ( 'NONE',  ( -10.30347835960038338, -15.78216033840911692, -26.43662752414719463 ) ) ;
#5371 = CARTESIAN_POINT ( 'NONE',  ( 4.400367338555393637, -17.74023083363045927, -26.90389799132447024 ) ) ;
#5372 = CARTESIAN_POINT ( 'NONE',  ( -3.620519199936122146, 18.99810701534062929, -26.99634816116374836 ) ) ;
#5373 = CARTESIAN_POINT ( 'NONE',  ( 13.28931482262856889, 14.53354602025253328, -26.43662752414719463 ) ) ;
#5374 = AXIS2_PLACEMENT_3D ( 'NONE', #6910, #9641, #8624 ) ;
#5375 = VERTEX_POINT ( 'NONE', #9812 ) ;
#5376 = ORIENTED_EDGE ( 'NONE', *, *, #6203, .F. ) ;
#5377 = CARTESIAN_POINT ( 'NONE',  ( -3.198396408832238080E-15, 0.5375364957382012809, -34.29634816116375617 ) ) ;
#5378 = ORIENTED_EDGE ( 'NONE', *, *, #8960, .F. ) ;
#5379 = CARTESIAN_POINT ( 'NONE',  ( -13.69618551780621374, 14.13549598464089030, -34.29634816116375617 ) ) ;
#5380 = ORIENTED_EDGE ( 'NONE', *, *, #3578, .T. ) ;
#5381 = CARTESIAN_POINT ( 'NONE',  ( -0.3551304480341347380, 1.116439730818021836, -26.29634816116374907 ) ) ;
#5382 = AXIS2_PLACEMENT_3D ( 'NONE', #888, #5385, #8058 ) ;
#5383 = CARTESIAN_POINT ( 'NONE',  ( -7.753965944771021412, 17.66397125251463862, -26.56606956038672607 ) ) ;
#5384 = CARTESIAN_POINT ( 'NONE',  ( -19.05026529220677389, 3.632471823331381966, -33.94899550485384054 ) ) ;
#5385 = DIRECTION ( 'NONE',  ( 0.8523920528607231706, 0.5229032302633846996, 0.000000000000000000 ) ) ;
#5386 = DIRECTION ( 'NONE',  ( 1.000000000000000000, 0.000000000000000000, 0.000000000000000000 ) ) ;
#5387 = EDGE_CURVE ( 'NONE', #4375, #5992, #3492, .T. ) ;
#5388 = DIRECTION ( 'NONE',  ( 0.000000000000000000, 0.000000000000000000, 1.000000000000000000 ) ) ;
#5389 = EDGE_CURVE ( 'NONE', #7191, #9298, #11443, .T. ) ;
#5390 = AXIS2_PLACEMENT_3D ( 'NONE', #6551, #11220, #2904 ) ;
#5391 = EDGE_CURVE ( 'NONE', #6809, #3186, #736, .T. ) ;
#5392 = VECTOR ( 'NONE', #9629, 1000.000000000000114 ) ;
#5393 = ORIENTED_EDGE ( 'NONE', *, *, #4652, .T. ) ;
#5394 = AXIS2_PLACEMENT_3D ( 'NONE', #9828, #10621, #4982 ) ;
#5395 = EDGE_CURVE ( 'NONE', #4390, #3189, #5936, .T. ) ;
#5396 = CARTESIAN_POINT ( 'NONE',  ( -0.6604615511865254973, 0.6957677509032199614, -33.59634816116375333 ) ) ;
#5397 = VERTEX_POINT ( 'NONE', #7877 ) ;
#5398 = CARTESIAN_POINT ( 'NONE',  ( 11.35370864137646763, -15.06961891730028569, -34.29634816116375617 ) ) ;
#5399 = ORIENTED_EDGE ( 'NONE', *, *, #5195, .T. ) ;
#5400 = DIRECTION ( 'NONE',  ( 0.6791492313942107950, -0.7340002190031367224, 0.000000000000000000 ) ) ;
#5401 = VECTOR ( 'NONE', #1184, 1000.000000000000114 ) ;
#5402 = DIRECTION ( 'NONE',  ( -0.000000000000000000, -0.000000000000000000, 1.000000000000000000 ) ) ;
#5403 = EDGE_CURVE ( 'NONE', #2161, #9120, #6010, .T. ) ;
#5404 = VECTOR ( 'NONE', #4290, 999.9999999999997726 ) ;
#5405 = AXIS2_PLACEMENT_3D ( 'NONE', #3237, #5189, #510 ) ;
#5406 = CARTESIAN_POINT ( 'NONE',  ( -13.82475207952419893, 14.00503115371061824, -26.31451759764529541 ) ) ;
#5407 = AXIS2_PLACEMENT_3D ( 'NONE', #1359, #3175, #9729 ) ;
#5408 = CARTESIAN_POINT ( 'NONE',  ( 16.08584744898859142, -10.12714877143543113, -26.29634816116374907 ) ) ;
#5409 = EDGE_CURVE ( 'NONE', #4007, #5167, #9704, .T. ) ;
#5410 = CIRCLE ( 'NONE', #7347, 1.700000000000000178 ) ;
#5411 = CIRCLE ( 'NONE', #9864, 19.30000000000008598 ) ;
#5412 = VECTOR ( 'NONE', #11553, 1000.000000000000114 ) ;
#5413 = FACE_OUTER_BOUND ( 'NONE', #7886, .T. ) ;
#5414 = ORIENTED_EDGE ( 'NONE', *, *, #6434, .T. ) ;
#5415 = VERTEX_POINT ( 'NONE', #10738 ) ;
#5416 = CARTESIAN_POINT ( 'NONE',  ( 18.78503423634786529, 1.287536495738132558, -34.29634816116375617 ) ) ;
#5417 = CARTESIAN_POINT ( 'NONE',  ( -0.7500000000000066613, -18.24749774060966701, -26.81144803512891528 ) ) ;
#5418 = CARTESIAN_POINT ( 'NONE',  ( 15.60343119137689705, 11.02359264457449939, -26.29634816116374907 ) ) ;
#5419 = CARTESIAN_POINT ( 'NONE',  ( -18.11113469183625568, 7.206629400636784588, -26.99634816116374836 ) ) ;
#5420 = CARTESIAN_POINT ( 'NONE',  ( -17.73284624609435767, 8.156154902982473587, -34.27817872468220628 ) ) ;
#5421 = VECTOR ( 'NONE', #2899, 1000.000000000000000 ) ;
#5422 = AXIS2_PLACEMENT_3D ( 'NONE', #3097, #11157, #6795 ) ;
#5423 = DIRECTION ( 'NONE',  ( -0.03878550529304181094, -0.9992475592060074963, -0.000000000000000000 ) ) ;
#5424 = EDGE_LOOP ( 'NONE', ( #1280, #5915, #11480, #112, #3682, #38, #11523, #6335 ) ) ;
#5425 = ORIENTED_EDGE ( 'NONE', *, *, #6353, .F. ) ;
#5426 = DIRECTION ( 'NONE',  ( 0.000000000000000000, -0.000000000000000000, 1.000000000000000000 ) ) ;
#5427 = ORIENTED_EDGE ( 'NONE', *, *, #726, .T. ) ;
#5428 = EDGE_LOOP ( 'NONE', ( #8120, #2914, #10359, #9781, #5580, #1813, #4332, #11950 ) ) ;
#5429 = CARTESIAN_POINT ( 'NONE',  ( -3.897931238696243916, -17.85445287176651519, -34.29634816116376328 ) ) ;
#5430 = CARTESIAN_POINT ( 'NONE',  ( 8.074651695274543073, 15.83753649573824873, -45.29634816116374907 ) ) ;
#5431 = LINE ( 'NONE', #9019, #1170 ) ;
#5432 = DIRECTION ( 'NONE',  ( 0.000000000000000000, 0.000000000000000000, -1.000000000000000000 ) ) ;
#5433 = LINE ( 'NONE', #11807, #4975 ) ;
#5434 = VECTOR ( 'NONE', #4367, 1000.000000000000000 ) ;
#5435 = FACE_OUTER_BOUND ( 'NONE', #1652, .T. ) ;
#5436 = DIRECTION ( 'NONE',  ( 1.000000000000000000, 0.000000000000000000, 0.000000000000000000 ) ) ;
#5437 = EDGE_CURVE ( 'NONE', #4984, #6737, #1510, .T. ) ;
#5438 = ORIENTED_EDGE ( 'NONE', *, *, #8650, .F. ) ;
#5439 = ORIENTED_EDGE ( 'NONE', *, *, #7294, .F. ) ;
#5440 = VECTOR ( 'NONE', #7369, 1000.000000000000114 ) ;
#5441 = CARTESIAN_POINT ( 'NONE',  ( -17.52407924258390892, 7.345768933955788782, -26.37236415740902018 ) ) ;
#5442 = VERTEX_POINT ( 'NONE', #6068 ) ;
#5443 = CARTESIAN_POINT ( 'NONE',  ( 10.35782588660521597, 16.82317750783327881, -34.22032890332829425 ) ) ;
#5444 = EDGE_LOOP ( 'NONE', ( #3036, #4942, #4156, #242 ) ) ;
#5445 = CARTESIAN_POINT ( 'NONE',  ( -13.09226962315006304, 14.71789178447287583, -33.59634816116375333 ) ) ;
#5446 = CYLINDRICAL_SURFACE ( 'NONE', #11405, 0.6999999999999996225 ) ;
#5447 = CARTESIAN_POINT ( 'NONE',  ( 0.7693927526465147437, -18.74712152021266931, -33.59634816116375333 ) ) ;
#5448 = CARTESIAN_POINT ( 'NONE',  ( -3.198396408832238080E-15, 0.5375364957382012809, -26.29634816116374907 ) ) ;
#5449 = CARTESIAN_POINT ( 'NONE',  ( -9.812803638742224166, -15.49832631261261362, -34.29634816116375617 ) ) ;
#5450 = AXIS2_PLACEMENT_3D ( 'NONE', #2319, #5901, #9776 ) ;
#5451 = DIRECTION ( 'NONE',  ( -0.000000000000000000, -0.000000000000000000, 1.000000000000000000 ) ) ;
#5452 = ORIENTED_EDGE ( 'NONE', *, *, #6007, .T. ) ;
#5453 = CARTESIAN_POINT ( 'NONE',  ( 0.6370622852088140275, 0.3021681982312162673, -33.59634816116375333 ) ) ;
#5454 = ORIENTED_EDGE ( 'NONE', *, *, #7900, .T. ) ;
#5455 = VERTEX_POINT ( 'NONE', #9885 ) ;
#5456 = EDGE_CURVE ( 'NONE', #9158, #3707, #8118, .T. ) ;
#5457 = DIRECTION ( 'NONE',  ( -0.5874011683613097334, 0.8092959084338484654, 0.000000000000000000 ) ) ;
#5458 = VERTEX_POINT ( 'NONE', #10543 ) ;
#5459 = CYLINDRICAL_SURFACE ( 'NONE', #7761, 0.7000000000000000666 ) ;
#5460 = DIRECTION ( 'NONE',  ( -0.000000000000000000, -0.000000000000000000, 1.000000000000000000 ) ) ;
#5461 = CARTESIAN_POINT ( 'NONE',  ( 18.33890825336892405, 4.675081898449786166, -34.15607241020864393 ) ) ;
#5462 = EDGE_CURVE ( 'NONE', #9418, #4153, #1695, .T. ) ;
#5463 = CARTESIAN_POINT ( 'NONE',  ( -13.62879480352622075, -12.41201137622858575, -26.43662391211885421 ) ) ;
#5464 = CARTESIAN_POINT ( 'NONE',  ( -18.76400763978415043, -3.979322733208999097, -33.59634816116375333 ) ) ;
#5465 = ORIENTED_EDGE ( 'NONE', *, *, #9130, .F. ) ;
#5466 = ORIENTED_EDGE ( 'NONE', *, *, #6419, .F. ) ;
#5467 = B_SPLINE_CURVE_WITH_KNOTS ( 'NONE', 3,
 ( #5101, #7705, #4068, #7772, #3024, #4917, #367, #3154 ),
 .UNSPECIFIED., .F., .F.,
 ( 4, 2, 2, 4 ),
 ( 0.000000000000000000, 0.0002734115678465766060, 0.0005468231356931532120, 0.001093646271386295582 ),
 .UNSPECIFIED. ) ;
#5468 = CARTESIAN_POINT ( 'NONE',  ( 0.4161881913413939538, -18.25799940038741553, -26.37236415740901307 ) ) ;
#5469 = ADVANCED_FACE ( 'NONE', ( #9214 ), #10171, .F. ) ;
#5470 = CARTESIAN_POINT ( 'NONE',  ( 13.25788756553132686, -12.79111144020455093, -26.29634816116374907 ) ) ;
#5471 = CARTESIAN_POINT ( 'NONE',  ( -19.29920961486470787, 0.7918897018060849780, -26.29634816116375617 ) ) ;
#5472 = FACE_OUTER_BOUND ( 'NONE', #63, .T. ) ;
#5473 = CARTESIAN_POINT ( 'NONE',  ( -10.40285075565169137, -15.12149076192433306, -34.29634816116375617 ) ) ;
#5474 = FACE_OUTER_BOUND ( 'NONE', #9502, .T. ) ;
#5475 = VERTEX_POINT ( 'NONE', #3448 ) ;
#5476 = ORIENTED_EDGE ( 'NONE', *, *, #8373, .F. ) ;
#5477 = EDGE_CURVE ( 'NONE', #9830, #7429, #1812, .T. ) ;
#5478 = VECTOR ( 'NONE', #68, 1000.000000000000000 ) ;
#5479 = DIRECTION ( 'NONE',  ( 0.000000000000000000, 0.000000000000000000, -1.000000000000000000 ) ) ;
#5480 = VERTEX_POINT ( 'NONE', #9043 ) ;
#5481 = EDGE_LOOP ( 'NONE', ( #8973, #3069, #4276, #4090 ) ) ;
#5482 = CARTESIAN_POINT ( 'NONE',  ( -3.527811130911377990, 19.00339123378277151, -26.29634816116375262 ) ) ;
#5483 = LINE ( 'NONE', #11970, #4615 ) ;
#5484 = CARTESIAN_POINT ( 'NONE',  ( 3.618530594455083182, -17.91051692020717212, -26.29634816116374907 ) ) ;
#5485 = LINE ( 'NONE', #10266, #1605 ) ;
#5486 = B_SPLINE_CURVE_WITH_KNOTS ( 'NONE', 3,
 ( #1862, #7498, #5632, #278 ),
 .UNSPECIFIED., .F., .F.,
 ( 4, 4 ),
 ( 0.000000000000000000, 0.001436421592981046219 ),
 .UNSPECIFIED. ) ;
#5487 = CARTESIAN_POINT ( 'NONE',  ( 18.42853067367102682, -3.179141551947287869, -26.29634816116374907 ) ) ;
#5488 = CARTESIAN_POINT ( 'NONE',  ( -0.4469452617099130554, 0.2388972195443866964, -34.29634816116375617 ) ) ;
#5489 = VECTOR ( 'NONE', #4743, 1000.000000000000114 ) ;
#5490 = CARTESIAN_POINT ( 'NONE',  ( -16.03586280835078526, 10.35034013448047752, -34.29634816116375617 ) ) ;
#5491 = ADVANCED_FACE ( 'NONE', ( #6313 ), #2657, .F. ) ;
#5492 = VERTEX_POINT ( 'NONE', #6428 ) ;
#5493 = ORIENTED_EDGE ( 'NONE', *, *, #1765, .T. ) ;
#5494 = CARTESIAN_POINT ( 'NONE',  ( 8.090745338163678468, 18.05980346873533549, -34.29634816116375617 ) ) ;
#5495 = ORIENTED_EDGE ( 'NONE', *, *, #11245, .T. ) ;
#5496 = CARTESIAN_POINT ( 'NONE',  ( 10.98836408587623836, 15.79183409056949827, -33.94899881303460631 ) ) ;
#5497 = EDGE_LOOP ( 'NONE', ( #7259, #11678, #10515, #3356 ) ) ;
#5498 = FACE_OUTER_BOUND ( 'NONE', #9408, .T. ) ;
#5499 = AXIS2_PLACEMENT_3D ( 'NONE', #1211, #3818, #6667 ) ;
#5500 = DIRECTION ( 'NONE',  ( 0.000000000000000000, -0.000000000000000000, 1.000000000000000000 ) ) ;
#5501 = CARTESIAN_POINT ( 'NONE',  ( -16.18649121439561256, 11.04918168519916577, -26.31451759764528830 ) ) ;
#5502 = CARTESIAN_POINT ( 'NONE',  ( -3.716678047685552766, -17.89099417793281788, -26.29634816116374907 ) ) ;
#5503 = DIRECTION ( 'NONE',  ( -0.000000000000000000, -0.000000000000000000, 1.000000000000000000 ) ) ;
#5504 = EDGE_LOOP ( 'NONE', ( #4588, #8648, #9669, #4030 ) ) ;
#5505 = CARTESIAN_POINT ( 'NONE',  ( -0.6370622852088170252, 0.7729047932451901248, -33.59634816116375333 ) ) ;
#5506 = ORIENTED_EDGE ( 'NONE', *, *, #11515, .T. ) ;
#5507 = ORIENTED_EDGE ( 'NONE', *, *, #6436, .F. ) ;
#5508 = CARTESIAN_POINT ( 'NONE',  ( 7.449911663004169959, 18.34171623571604925, -26.29634816116374907 ) ) ;
#5509 = ORIENTED_EDGE ( 'NONE', *, *, #2188, .F. ) ;
#5510 = DIRECTION ( 'NONE',  ( -0.9992475592060074963, -0.03878550529304005540, 0.000000000000000000 ) ) ;
#5511 = CYLINDRICAL_SURFACE ( 'NONE', #6260, 19.33712077059222167 ) ;
#5512 = EDGE_CURVE ( 'NONE', #8386, #9518, #2880, .T. ) ;
#5513 = CARTESIAN_POINT ( 'NONE',  ( 15.40423419148052808, -10.23954236807259299, -26.38468553521233773 ) ) ;
#5514 = CARTESIAN_POINT ( 'NONE',  ( -8.090745338163806366, -16.98473047725886786, -34.29634816116375617 ) ) ;
#5515 = EDGE_CURVE ( 'NONE', #7712, #1910, #3688, .T. ) ;
#5516 = EDGE_CURVE ( 'NONE', #5791, #11633, #7746, .T. ) ;
#5517 = ADVANCED_FACE ( 'NONE', ( #2603 ), #8138, .F. ) ;
#5518 = DIRECTION ( 'NONE',  ( -0.03878550529304530120, -0.9992475592060073852, 0.000000000000000000 ) ) ;
#5519 = ORIENTED_EDGE ( 'NONE', *, *, #4134, .F. ) ;
#5520 = ORIENTED_EDGE ( 'NONE', *, *, #7178, .T. ) ;
#5521 = DIRECTION ( 'NONE',  ( -0.000000000000000000, 0.000000000000000000, 1.000000000000000000 ) ) ;
#5522 = CARTESIAN_POINT ( 'NONE',  ( -8.090745338163806366, -16.98473047725886786, -33.59634816116375333 ) ) ;
#5523 = EDGE_CURVE ( 'NONE', #6040, #375, #11278, .T. ) ;
#5524 = CARTESIAN_POINT ( 'NONE',  ( -7.245791769745417277, -16.82331961263992426, -26.99634816116374836 ) ) ;
#5525 = CYLINDRICAL_SURFACE ( 'NONE', #6533, 0.6999999999999999556 ) ;
#5526 = CARTESIAN_POINT ( 'NONE',  ( -17.76849405989241149, 8.072731621302043692, -34.29634816116376328 ) ) ;
#5527 = FACE_OUTER_BOUND ( 'NONE', #9871, .T. ) ;
#5528 = B_SPLINE_CURVE_WITH_KNOTS ( 'NONE', 3,
 ( #8769, #3484, #10702, #9732, #1549, #11677, #4336, #508 ),
 .UNSPECIFIED., .F., .F.,
 ( 4, 2, 2, 4 ),
 ( 0.000000000000000000, 0.0002734144572333932184, 0.0005468289144667864369, 0.001093657828933580246 ),
 .UNSPECIFIED. ) ;
#5529 = EDGE_CURVE ( 'NONE', #11858, #5862, #11715, .T. ) ;
#5530 = EDGE_CURVE ( 'NONE', #3299, #6136, #11035, .T. ) ;
#5531 = EDGE_CURVE ( 'NONE', #6824, #4364, #8306, .T. ) ;
#5532 = EDGE_CURVE ( 'NONE', #1981, #8883, #3480, .T. ) ;
#5533 = EDGE_CURVE ( 'NONE', #5736, #7860, #11830, .T. ) ;
#5534 = ORIENTED_EDGE ( 'NONE', *, *, #10568, .F. ) ;
#5535 = ORIENTED_EDGE ( 'NONE', *, *, #5609, .T. ) ;
#5536 = CARTESIAN_POINT ( 'NONE',  ( 11.06000805719591895, 15.74004395455968286, -33.59634816116375333 ) ) ;
#5537 = VERTEX_POINT ( 'NONE', #10919 ) ;
#5538 = ORIENTED_EDGE ( 'NONE', *, *, #7858, .T. ) ;
#5539 = CARTESIAN_POINT ( 'NONE',  ( -18.78826689590395915, -0.1364427607484244853, -33.96250492026806711 ) ) ;
#5540 = CARTESIAN_POINT ( 'NONE',  ( 17.64212122275941041, 7.033348225016011313, -34.29634816116375617 ) ) ;
#5541 = CARTESIAN_POINT ( 'NONE',  ( 3.258635898495561900, 19.05311572821684507, -26.37236415740902729 ) ) ;
#5542 = DIRECTION ( 'NONE',  ( -0.9238795325112864054, 0.3826834323650906144, 0.000000000000000000 ) ) ;
#5543 = EDGE_CURVE ( 'NONE', #5795, #5685, #5061, .T. ) ;
#5544 = CARTESIAN_POINT ( 'NONE',  ( 0.000000000000000000, 0.5375364957382021691, -40.29634816116375617 ) ) ;
#5545 = B_SPLINE_CURVE_WITH_KNOTS ( 'NONE', 3,
 ( #1324, #10599, #2291, #9698, #2355, #4906, #6061, #8616 ),
 .UNSPECIFIED., .F., .F.,
 ( 4, 2, 2, 4 ),
 ( 0.000000000000000000, 0.0002734140155771861693, 0.0005468280311543723387, 0.001093656062308729932 ),
 .UNSPECIFIED. ) ;
#5546 = DIRECTION ( 'NONE',  ( -0.000000000000000000, 0.000000000000000000, -1.000000000000000000 ) ) ;
#5547 = DIRECTION ( 'NONE',  ( 0.000000000000000000, 0.000000000000000000, 1.000000000000000000 ) ) ;
#5548 = ORIENTED_EDGE ( 'NONE', *, *, #5858, .F. ) ;
#5549 = ORIENTED_EDGE ( 'NONE', *, *, #11657, .T. ) ;
#5550 = CARTESIAN_POINT ( 'NONE',  ( 0.2986392761938108653, 0.9844817574481115052, -34.29634816116375617 ) ) ;
#5551 = EDGE_LOOP ( 'NONE', ( #4540, #11943, #1400, #9946 ) ) ;
#5552 = CARTESIAN_POINT ( 'NONE',  ( 19.29987502093280582, 0.6069927868650726310, -34.29634816116375617 ) ) ;
#5553 = EDGE_LOOP ( 'NONE', ( #3173, #7300, #809, #8320 ) ) ;
#5554 = CARTESIAN_POINT ( 'NONE',  ( -0.3800957012717393058, 0.9176321970099368119, -34.29634816116375617 ) ) ;
#5555 = DIRECTION ( 'NONE',  ( 0.5874011683613152845, 0.8092959084338446907, 0.000000000000000000 ) ) ;
#5556 = EDGE_CURVE ( 'NONE', #1782, #3466, #5486, .T. ) ;
#5557 = PLANE ( 'NONE',  #7491 ) ;
#5558 = DIRECTION ( 'NONE',  ( -0.000000000000000000, -0.000000000000000000, 1.000000000000000000 ) ) ;
#5559 = CIRCLE ( 'NONE', #10586, 8.799999999999993605 ) ;
#5560 = CARTESIAN_POINT ( 'NONE',  ( -17.17933620859810162, 8.173323640292000647, -26.43662391211885421 ) ) ;
#5561 = ORIENTED_EDGE ( 'NONE', *, *, #2260, .T. ) ;
#5562 = B_SPLINE_CURVE_WITH_KNOTS ( 'NONE', 3,
 ( #197, #3904, #2983, #4024, #2021, #4814, #7659, #5908 ),
 .UNSPECIFIED., .F., .F.,
 ( 4, 2, 2, 4 ),
 ( 0.000000000000000000, 0.0002734144572333953868, 0.0005468289144667907737, 0.001093657828933583933 ),
 .UNSPECIFIED. ) ;
#5563 = AXIS2_PLACEMENT_3D ( 'NONE', #3165, #4929, #3957 ) ;
#5564 = CARTESIAN_POINT ( 'NONE',  ( 17.06809607421178043, 8.419167523782942197, -33.59634816116375333 ) ) ;
#5565 = ORIENTED_EDGE ( 'NONE', *, *, #6487, .T. ) ;
#5566 = ORIENTED_EDGE ( 'NONE', *, *, #5329, .T. ) ;
#5567 = CARTESIAN_POINT ( 'NONE',  ( 3.896099109065937593, -17.85412670895879117, -34.27817972094532450 ) ) ;
#5568 = DIRECTION ( 'NONE',  ( -0.000000000000000000, -0.000000000000000000, -1.000000000000000000 ) ) ;
#5569 = FACE_OUTER_BOUND ( 'NONE', #643, .T. ) ;
#5570 = SURFACE_SIDE_STYLE ('',( #7569 ) ) ;
#5571 = FACE_OUTER_BOUND ( 'NONE', #11165, .T. ) ;
#5572 = DIRECTION ( 'NONE',  ( 0.8314696123025483443, 0.5555702330195977368, 0.000000000000000000 ) ) ;
#5573 = VECTOR ( 'NONE', #9327, 1000.000000000000114 ) ;
#5574 = CARTESIAN_POINT ( 'NONE',  ( 13.33597411585062886, 14.48954189472740950, -34.22032890332829425 ) ) ;
#5575 = VECTOR ( 'NONE', #8728, 1000.000000000000000 ) ;
#5576 = EDGE_CURVE ( 'NONE', #851, #9174, #9699, .T. ) ;
#5577 = AXIS2_PLACEMENT_3D ( 'NONE', #654, #4235, #6308 ) ;
#5578 = VECTOR ( 'NONE', #1867, 1000.000000000000000 ) ;
#5579 = DIRECTION ( 'NONE',  ( -0.7340002190031224005, 0.6791492313942264492, 0.000000000000000000 ) ) ;
#5580 = ORIENTED_EDGE ( 'NONE', *, *, #7087, .T. ) ;
#5581 = ORIENTED_EDGE ( 'NONE', *, *, #2845, .F. ) ;
#5582 = CARTESIAN_POINT ( 'NONE',  ( -2.929189417950421426, 19.10793930813105845, -26.99634816116374836 ) ) ;
#5583 = VECTOR ( 'NONE', #8420, 1000.000000000000000 ) ;
#5584 = CARTESIAN_POINT ( 'NONE',  ( 6.669092904898265672, -17.57359819609816753, -33.59634816116375333 ) ) ;
#5585 = FACE_BOUND ( 'NONE', #5128, .T. ) ;
#5586 = DIRECTION ( 'NONE',  ( 0.3465623512410310747, -0.9380269381538508533, 0.000000000000000000 ) ) ;
#5587 = LINE ( 'NONE', #2005, #1817 ) ;
#5588 = CIRCLE ( 'NONE', #3266, 19.30000000000008598 ) ;
#5589 = VECTOR ( 'NONE', #6343, 1000.000000000000000 ) ;
#5590 = CARTESIAN_POINT ( 'NONE',  ( -0.6786403541991895549, 0.5638777250035287292, -26.29634816116374907 ) ) ;
#5591 = AXIS2_PLACEMENT_3D ( 'NONE', #8594, #3785, #6519 ) ;
#5592 = AXIS2_PLACEMENT_3D ( 'NONE', #11440, #1244, #206 ) ;
#5593 = ORIENTED_EDGE ( 'NONE', *, *, #9990, .F. ) ;
#5594 = ORIENTED_EDGE ( 'NONE', *, *, #9322, .F. ) ;
#5595 = FACE_OUTER_BOUND ( 'NONE', #8032, .T. ) ;
#5596 = ORIENTED_EDGE ( 'NONE', *, *, #7221, .T. ) ;
#5597 = VERTEX_POINT ( 'NONE', #3866 ) ;
#5598 = VECTOR ( 'NONE', #3803, 1000.000000000000000 ) ;
#5599 = CARTESIAN_POINT ( 'NONE',  ( -4.075018402386270111, -17.81565416020420045, -34.22033216491848862 ) ) ;
#5600 = CIRCLE ( 'NONE', #3659, 19.30000000000008598 ) ;
#5601 = ADVANCED_FACE ( 'NONE', ( #3009 ), #92, .F. ) ;
#5602 = PLANE ( 'NONE',  #908 ) ;
#5603 = CYLINDRICAL_SURFACE ( 'NONE', #11055, 19.33712077059222167 ) ;
#5604 = DIRECTION ( 'NONE',  ( 0.9238795325112838519, -0.3826834323650971093, 0.000000000000000000 ) ) ;
#5605 = AXIS2_PLACEMENT_3D ( 'NONE', #11171, #5656, #1223 ) ;
#5606 = DIRECTION ( 'NONE',  ( -0.6791492313942084635, 0.7340002190031388318, 0.000000000000000000 ) ) ;
#5607 = DIRECTION ( 'NONE',  ( 0.000000000000000000, 0.000000000000000000, 1.000000000000000000 ) ) ;
#5608 = DIRECTION ( 'NONE',  ( 0.000000000000000000, 0.000000000000000000, -1.000000000000000000 ) ) ;
#5609 = EDGE_CURVE ( 'NONE', #1782, #167, #5809, .T. ) ;
#5610 = CARTESIAN_POINT ( 'NONE',  ( -8.074651695274550178, -14.76246350426184151, -46.29634816116374907 ) ) ;
#5611 = AXIS2_PLACEMENT_3D ( 'NONE', #12009, #6481, #10858 ) ;
#5612 = B_SPLINE_CURVE_WITH_KNOTS ( 'NONE', 3,
 ( #2519, #634, #7303, #9138, #10895, #1612, #4513, #2577 ),
 .UNSPECIFIED., .F., .F.,
 ( 4, 2, 2, 4 ),
 ( 0.000000000000000000, 0.0002734140155771849225, 0.0005468280311543698450, 0.001093656062308726680 ),
 .UNSPECIFIED. ) ;
#5613 = VERTEX_POINT ( 'NONE', #3797 ) ;
#5614 = EDGE_CURVE ( 'NONE', #11352, #2383, #3077, .T. ) ;
#5615 = ORIENTED_EDGE ( 'NONE', *, *, #4946, .T. ) ;
#5616 = CARTESIAN_POINT ( 'NONE',  ( -17.55917063790316490, 8.547952146279786945, -26.64370081747366115 ) ) ;
#5617 = VERTEX_POINT ( 'NONE', #10404 ) ;
#5618 = CARTESIAN_POINT ( 'NONE',  ( 11.04530000614073693, 15.75074812002959312, -33.77951444777792744 ) ) ;
#5619 = EDGE_LOOP ( 'NONE', ( #6580, #2065, #7796, #5425 ) ) ;
#5620 = CYLINDRICAL_SURFACE ( 'NONE', #1718, 19.33712077059222167 ) ;
#5621 = CARTESIAN_POINT ( 'NONE',  ( 10.07425525387379928, 16.99959533051945471, -34.29634816116375617 ) ) ;
#5622 = EDGE_CURVE ( 'NONE', #3191, #4965, #6229, .T. ) ;
#5623 = CARTESIAN_POINT ( 'NONE',  ( -13.09226962315036502, -13.64281879299619504, -26.99634816116374836 ) ) ;
#5624 = CARTESIAN_POINT ( 'NONE',  ( 11.35370864137657954, 16.14469190877660765, -26.99634816116374836 ) ) ;
#5625 = PLANE ( 'NONE',  #337 ) ;
#5626 = AXIS2_PLACEMENT_3D ( 'NONE', #4593, #1814, #5510 ) ;
#5627 = EDGE_LOOP ( 'NONE', ( #2752, #3589, #3300, #3376 ) ) ;
#5628 = CARTESIAN_POINT ( 'NONE',  ( 0.5375364957381981723, 0.5375364957381987274, -34.29634816116375617 ) ) ;
#5629 = ORIENTED_EDGE ( 'NONE', *, *, #7676, .F. ) ;
#5630 = ORIENTED_EDGE ( 'NONE', *, *, #103, .F. ) ;
#5631 = CARTESIAN_POINT ( 'NONE',  ( 17.52226697299715497, 8.628281833901812803, -26.81145002369893149 ) ) ;
#5632 = CARTESIAN_POINT ( 'NONE',  ( 7.908218864265225356, -14.09563116873375499, -44.62951582563566433 ) ) ;
#5633 = CARTESIAN_POINT ( 'NONE',  ( -17.45666576429974981, -6.440836100805705122, -26.31451660138217719 ) ) ;
#5634 = CARTESIAN_POINT ( 'NONE',  ( 4.061777369183257491, 18.89340270973000102, -26.38468553521232351 ) ) ;
#5635 = CARTESIAN_POINT ( 'NONE',  ( -13.28931482262838060, 14.53354602025272690, -34.15606879818032837 ) ) ;
#5636 = CIRCLE ( 'NONE', #7197, 19.30000000000008242 ) ;
#5637 = CARTESIAN_POINT ( 'NONE',  ( 0.000000000000000000, 0.5375364957382021691, -44.29634816116374907 ) ) ;
#5638 = CARTESIAN_POINT ( 'NONE',  ( 13.46674711338446961, 14.36399336277661121, -34.29634816116375617 ) ) ;
#5639 = VECTOR ( 'NONE', #1746, 1000.000000000000000 ) ;
#5640 = LINE ( 'NONE', #1203, #10852 ) ;
#5641 = VERTEX_POINT ( 'NONE', #2104 ) ;
#5642 = VERTEX_POINT ( 'NONE', #5742 ) ;
#5643 = CARTESIAN_POINT ( 'NONE',  ( -3.144186300207962859E-15, 0.5375364957382012809, -26.29634816116374907 ) ) ;
#5644 = CARTESIAN_POINT ( 'NONE',  ( -0.1065610753026998009, 1.208275884724072213, -26.29634816116374907 ) ) ;
#5645 = FACE_BOUND ( 'NONE', #6297, .T. ) ;
#5646 = CARTESIAN_POINT ( 'NONE',  ( -19.29556998647077393, 0.1154448942670627254, -26.38468825395369421 ) ) ;
#5647 = ADVANCED_FACE ( 'NONE', ( #8367 ), #6596, .F. ) ;
#5648 = CARTESIAN_POINT ( 'NONE',  ( -18.57040281239279977, 3.466725913689079785, -26.99634816116374836 ) ) ;
#5649 = DIRECTION ( 'NONE',  ( 3.491481338843133355E-15, 1.000000000000000000, 0.000000000000000000 ) ) ;
#5650 = B_SPLINE_CURVE_WITH_KNOTS ( 'NONE', 3,
 ( #5464, #4494, #6320, #3579, #849, #7284, #3939, #8618 ),
 .UNSPECIFIED., .F., .F.,
 ( 4, 2, 2, 4 ),
 ( 0.000000000000000000, 0.0002734111411466473096, 0.0005468222822932946193, 0.001093644564586587504 ),
 .UNSPECIFIED. ) ;
#5651 = ORIENTED_EDGE ( 'NONE', *, *, #989, .F. ) ;
#5652 = VERTEX_POINT ( 'NONE', #11145 ) ;
#5653 = DIRECTION ( 'NONE',  ( 0.000000000000000000, 0.000000000000000000, -1.000000000000000000 ) ) ;
#5654 = ORIENTED_EDGE ( 'NONE', *, *, #8217, .F. ) ;
#5655 = ORIENTED_EDGE ( 'NONE', *, *, #8582, .T. ) ;
#5656 = DIRECTION ( 'NONE',  ( 0.000000000000000000, 0.000000000000000000, 1.000000000000000000 ) ) ;
#5657 = DIRECTION ( 'NONE',  ( -0.3465623512410444529, -0.9380269381538457463, 0.000000000000000000 ) ) ;
#5658 = DIRECTION ( 'NONE',  ( 0.5874011683613209467, 0.8092959084338404718, -0.000000000000000000 ) ) ;
#5659 = DIRECTION ( 'NONE',  ( -0.000000000000000000, -0.000000000000000000, 1.000000000000000000 ) ) ;
#5660 = DIRECTION ( 'NONE',  ( 0.9992475592060079403, 0.03878550529303135402, 0.000000000000000000 ) ) ;
#5661 = DIRECTION ( 'NONE',  ( -1.000000000000000000, 0.000000000000000000, 0.000000000000000000 ) ) ;
#5662 = EDGE_CURVE ( 'NONE', #6156, #11012, #218, .T. ) ;
#5663 = CARTESIAN_POINT ( 'NONE',  ( -3.184843881676169275E-15, 0.5375364957382012809, -26.29634816116374907 ) ) ;
#5664 = FACE_OUTER_BOUND ( 'NONE', #702, .T. ) ;
#5665 = DIRECTION ( 'NONE',  ( -0.000000000000000000, 0.000000000000000000, -1.000000000000000000 ) ) ;
#5666 = EDGE_CURVE ( 'NONE', #2791, #8768, #10295, .T. ) ;
#5667 = EDGE_LOOP ( 'NONE', ( #7079, #10808, #2807, #7978, #5359, #8792, #8065, #6786 ) ) ;
#5668 = EDGE_LOOP ( 'NONE', ( #5186, #7479, #2329, #7700, #7477, #4683, #8364, #10228 ) ) ;
#5669 = DIRECTION ( 'NONE',  ( 0.000000000000000000, -0.000000000000000000, -1.000000000000000000 ) ) ;
#5670 = ORIENTED_EDGE ( 'NONE', *, *, #3129, .F. ) ;
#5671 = CLOSED_SHELL ( 'NONE', ( #863, #7173, #249, #45, #1588, #11686, #8948, #563, #6486, #1450, #6287, #8861, #9672, #6063, #11101, #8062, #6950, #583, #5121, #3614, #1900, #5752, #7439, #4132, #2792, #6798, #6975, #2410, #6611, #8719, #6261, #6936, #2827, #10578, #5290, #10730, #2472, #1255, #4111, #3370, #10810, #5833, #6121, #2957, #7816, #5904, #7063, #6417, #3975, #10965, #7169, #9861, #10483, #3006, #11760, #1625, #5365, #8189, #6523, #7029, #3812, #11824, #8074, #11313, #3749, #10760, #4359, #4255, #2067, #3224, #6217, #8644, #1405, #2407, #2384, #322, #2271, #6752, #9316, #5737, #6448, #1144, #567, #859, #10957, #4556, #6842, #8801, #2996, #7292, #2728, #7107, #9809, #3052, #5647, #8505, #11626, #8045, #10523, #6408, #182, #8968, #6593, #9528, #1051, #2646, #10336, #6554, #11466, #4493, #6064, #7763, #1968, #697, #1029, #1173, #3905, #10014, #73, #2775, #6696, #11531, #9594, #10327, #3201, #5750, #11908, #1974, #9439, #8211, #7668, #1861, #5878, #9470, #2490, #11309, #7715, #7624, #11115, #2244, #6802, #487, #8137, #3243, #4788, #1674, #10489, #3595, #3179, #9007, #10885, #10950, #11166, #6437, #2751, #4657, #11772, #9037, #4269, #8537, #6057, #9925, #6291, #3084, #5469, #10294, #10869, #11547, #9431, #4272, #91, #1444, #4449, #1499, #848, #2190, #8981, #192, #2429, #6574, #9170, #11695, #3722, #688, #2342, #5985, #842, #10119, #7524, #4492, #9264, #1430, #2495, #5245, #7400, #6987, #10347, #6298, #2927, #6105, #418, #1602, #6783, #3083, #2713, #1691, #928, #11857, #5263, #3968, #8487, #8993, #6388, #3789, #5909, #1233, #12015, #2274, #10552, #6295, #4503, #8691, #7802, #11470, #10711, #10566, #11463, #1825, #6796, #4810, #9884, #1387, #3843, #2525, #7982, #10322, #1892, #5890, #1078, #8037, #5601, #6863, #7656, #4881, #353, #11646, #10728, #10030, #11609, #3367, #2201, #5158, #6768, #8860, #11414, #1, #2921, #2036, #6131, #8271, #7020, #8912, #5998, #5165, #11559, #11264, #8723, #629, #4649, #179, #7955, #9971, #8283, #4102, #9098, #9944, #2463, #8961, #9680, #105, #8777, #2121, #331, #5016, #296, #11316, #9328, #3948, #10484, #11624, #11453, #7830, #2850, #1833, #2644, #9357, #5491, #1768, #285, #4928, #5087, #327, #1237, #1960, #11020, #3987, #10951, #1557, #2724, #10418, #8060, #7530, #332, #7683, #10132, #7672, #4040, #5947, #470, #3888, #6532, #11044, #11158, #11477, #8466, #7457, #5895, #3088, #11083, #11009, #5149, #1621, #4957, #85, #11611, #9392, #4115, #2207, #7022, #7660, #5517, #6196, #2710, #178, #11104, #3015, #49, #7825, #6062, #6473, #9377, #3606, #7525 ) ) ;
#5672 = CARTESIAN_POINT ( 'NONE',  ( -10.40285075565136097, 16.19656375340095167, -34.29634816116375617 ) ) ;
#5673 = ORIENTED_EDGE ( 'NONE', *, *, #782, .T. ) ;
#5674 = CARTESIAN_POINT ( 'NONE',  ( -18.78208908959304324, -3.905414515865076375, -26.63019525567114698 ) ) ;
#5675 = EDGE_CURVE ( 'NONE', #9366, #1949, #6534, .T. ) ;
#5676 = DIRECTION ( 'NONE',  ( 0.1950903220161321339, 0.9807852804032296534, 0.000000000000000000 ) ) ;
#5677 = FACE_OUTER_BOUND ( 'NONE', #7714, .T. ) ;
#5678 = VECTOR ( 'NONE', #9452, 1000.000000000000114 ) ;
#5679 = CYLINDRICAL_SURFACE ( 'NONE', #7340, 0.6999999999999999556 ) ;
#5680 = DIRECTION ( 'NONE',  ( 0.1569032754149065623, -0.9876139742652865205, 0.000000000000000000 ) ) ;
#5681 = VERTEX_POINT ( 'NONE', #10233 ) ;
#5682 = EDGE_CURVE ( 'NONE', #428, #8724, #3988, .T. ) ;
#5683 = AXIS2_PLACEMENT_3D ( 'NONE', #7898, #6145, #11491 ) ;
#5684 = DIRECTION ( 'NONE',  ( -0.9724806208309282329, 0.2329837807837541463, 0.000000000000000000 ) ) ;
#5685 = VERTEX_POINT ( 'NONE', #152 ) ;
#5686 = EDGE_CURVE ( 'NONE', #2035, #363, #269, .T. ) ;
#5687 = ORIENTED_EDGE ( 'NONE', *, *, #10344, .T. ) ;
#5688 = CYLINDRICAL_SURFACE ( 'NONE', #4606, 0.7000000000000000666 ) ;
#5689 = CARTESIAN_POINT ( 'NONE',  ( 19.29551535982284705, 0.9731363934685033357, -34.22032890332829425 ) ) ;
#5690 = DIRECTION ( 'NONE',  ( 0.9724806208309324518, 0.2329837807837372154, 0.000000000000000000 ) ) ;
#5691 = DIRECTION ( 'NONE',  ( 0.000000000000000000, -0.000000000000000000, 1.000000000000000000 ) ) ;
#5692 = DIRECTION ( 'NONE',  ( 0.000000000000000000, 0.000000000000000000, -1.000000000000000000 ) ) ;
#5693 = B_SPLINE_CURVE_WITH_KNOTS ( 'NONE', 3,
 ( #11130, #8285, #2701, #6411, #1796, #2806, #9200, #9313 ),
 .UNSPECIFIED., .F., .F.,
 ( 4, 2, 2, 4 ),
 ( 0.000000000000000000, 0.0002734115678465766060, 0.0005468231356931532120, 0.001093646271386296016 ),
 .UNSPECIFIED. ) ;
#5694 = CARTESIAN_POINT ( 'NONE',  ( 15.24743017919717758, -10.46105859274476835, -26.63019140205943813 ) ) ;
#5695 = CARTESIAN_POINT ( 'NONE',  ( 0.000000000000000000, 0.5375364957382012809, -40.15919010370956954 ) ) ;
#5696 = CARTESIAN_POINT ( 'NONE',  ( 15.35957190761378577, 11.37812636436731317, -34.15607241020865104 ) ) ;
#5697 = EDGE_LOOP ( 'NONE', ( #1375, #5538, #749, #10494 ) ) ;
#5698 = DIRECTION ( 'NONE',  ( 0.6791492313942135706, -0.7340002190031341689, 0.000000000000000000 ) ) ;
#5699 = CARTESIAN_POINT ( 'NONE',  ( -18.57040281239285662, -2.391652922212283094, -34.29634816116375617 ) ) ;
#5700 = CARTESIAN_POINT ( 'NONE',  ( -19.30000000000008598, 0.5375364957382036124, -21.29634816116374907 ) ) ;
#5701 = CYLINDRICAL_SURFACE ( 'NONE', #9824, 19.30000000000008242 ) ;
#5702 = EDGE_CURVE ( 'NONE', #919, #203, #2301, .T. ) ;
#5703 = CARTESIAN_POINT ( 'NONE',  ( -0.6370622852088154708, 0.3021681982312284798, -33.59634816116375333 ) ) ;
#5704 = LINE ( 'NONE', #10365, #8603 ) ;
#5705 = DIRECTION ( 'NONE',  ( -0.000000000000000000, -0.000000000000000000, 1.000000000000000000 ) ) ;
#5706 = B_SPLINE_CURVE_WITH_KNOTS ( 'NONE', 3,
 ( #6491, #11781, #10182, #9122, #674, #2559, #9002, #10082 ),
 .UNSPECIFIED., .F., .F.,
 ( 4, 2, 2, 4 ),
 ( 0.000000000000000000, 0.0002734115678465716729, 0.0005468231356931433458, 0.001093646271386294064 ),
 .UNSPECIFIED. ) ;
#5707 = ORIENTED_EDGE ( 'NONE', *, *, #10796, .T. ) ;
#5708 = EDGE_LOOP ( 'NONE', ( #4547, #9147, #2929, #11277, #3689, #2935, #11551, #6219 ) ) ;
#5709 = B_SPLINE_CURVE_WITH_KNOTS ( 'NONE', 3,
 ( #268, #3130, #9679, #9557, #10395, #2093, #1186, #11446 ),
 .UNSPECIFIED., .F., .F.,
 ( 4, 2, 2, 4 ),
 ( 0.000000000000000000, 0.0002734111411466483938, 0.0005468222822932967877, 0.001093644564586590973 ),
 .UNSPECIFIED. ) ;
#5710 = CARTESIAN_POINT ( 'NONE',  ( -15.65902725766250470, 10.94038725138994828, -26.29634816116374907 ) ) ;
#5711 = EDGE_LOOP ( 'NONE', ( #7105, #88, #1966, #1192 ) ) ;
#5712 = ORIENTED_EDGE ( 'NONE', *, *, #9660, .F. ) ;
#5713 = DIRECTION ( 'NONE',  ( -0.000000000000000000, 0.000000000000000000, 1.000000000000000000 ) ) ;
#5714 = DIRECTION ( 'NONE',  ( -0.6791492313942186776, -0.7340002190031295060, 0.000000000000000000 ) ) ;
#5715 = CARTESIAN_POINT ( 'NONE',  ( 2.929189417950685215, 19.10793930813102648, -26.99634816116374836 ) ) ;
#5716 = DIRECTION ( 'NONE',  ( 0.000000000000000000, 0.000000000000000000, -1.000000000000000000 ) ) ;
#5717 = CARTESIAN_POINT ( 'NONE',  ( 0.7693927526465147437, -18.74712152021267286, -33.68879736725453711 ) ) ;
#5718 = DIRECTION ( 'NONE',  ( -0.2329837807837406016, 0.9724806208309314526, 0.000000000000000000 ) ) ;
#5719 = CARTESIAN_POINT ( 'NONE',  ( 15.60715541303845377, 11.89124513711472630, -33.59634816116375333 ) ) ;
#5720 = CARTESIAN_POINT ( 'NONE',  ( 7.774056743307613537, -17.12771822007774247, -26.38468825395370132 ) ) ;
#5721 = CARTESIAN_POINT ( 'NONE',  ( 14.00000000000000000, 0.5375364957381987274, -29.44634816116375120 ) ) ;
#5722 = ORIENTED_EDGE ( 'NONE', *, *, #9772, .F. ) ;
#5723 = EDGE_CURVE ( 'NONE', #404, #2572, #4170, .T. ) ;
#5724 = ORIENTED_EDGE ( 'NONE', *, *, #4815, .T. ) ;
#5725 = CYLINDRICAL_SURFACE ( 'NONE', #10602, 0.7000000000000001776 ) ;
#5726 = VERTEX_POINT ( 'NONE', #6841 ) ;
#5727 = CARTESIAN_POINT ( 'NONE',  ( 0.05003513775708197386, -18.26198304561101082, -26.29634816116374907 ) ) ;
#5728 = VERTEX_POINT ( 'NONE', #5931 ) ;
#5729 = LINE ( 'NONE', #3972, #11994 ) ;
#5730 = ORIENTED_EDGE ( 'NONE', *, *, #10059, .T. ) ;
#5731 = DIRECTION ( 'NONE',  ( 0.5229032302633908058, 0.8523920528607192848, 0.000000000000000000 ) ) ;
#5732 = DIRECTION ( 'NONE',  ( -0.000000000000000000, -0.000000000000000000, 1.000000000000000000 ) ) ;
#5733 = FACE_OUTER_BOUND ( 'NONE', #4894, .T. ) ;
#5734 = DIRECTION ( 'NONE',  ( 0.7340002190031269524, -0.6791492313942213421, -0.000000000000000000 ) ) ;
#5735 = PRODUCT ( 'ThermallerCameraLens', 'ThermallerCameraLens', '', ( #1456 ) ) ;
#5736 = VERTEX_POINT ( 'NONE', #2350 ) ;
#5737 = ADVANCED_FACE ( 'NONE', ( #7030 ), #1438, .F. ) ;
#5738 = CARTESIAN_POINT ( 'NONE',  ( 3.697097124736113294, 19.48012008009308715, -26.29634816116374907 ) ) ;
#5739 = ORIENTED_EDGE ( 'NONE', *, *, #5177, .F. ) ;
#5740 = ORIENTED_EDGE ( 'NONE', *, *, #7294, .T. ) ;
#5741 = CARTESIAN_POINT ( 'NONE',  ( 3.350397732440409282, 19.54469350191043375, -26.38468825395369421 ) ) ;
#5742 = CARTESIAN_POINT ( 'NONE',  ( 7.449911663004169959, 18.34171623571604925, -34.29634816116375617 ) ) ;
#5743 = DIRECTION ( 'NONE',  ( -0.000000000000000000, -0.000000000000000000, 1.000000000000000000 ) ) ;
#5744 = CARTESIAN_POINT ( 'NONE',  ( -15.20250745882136378, 11.59754455293428244, -26.81144803512890817 ) ) ;
#5745 = VECTOR ( 'NONE', #2923, 1000.000000000000000 ) ;
#5746 = CARTESIAN_POINT ( 'NONE',  ( 17.52407924258395155, -6.270695942479271423, -26.37236415740901663 ) ) ;
#5747 = EDGE_CURVE ( 'NONE', #1179, #9604, #5141, .T. ) ;
#5748 = EDGE_CURVE ( 'NONE', #2623, #89, #714, .T. ) ;
#5749 = CARTESIAN_POINT ( 'NONE',  ( -13.69618551780621374, 14.13549598464089030, -34.29634816116375617 ) ) ;
#5750 = ADVANCED_FACE ( 'NONE', ( #5870 ), #1319, .F. ) ;
#5751 = CARTESIAN_POINT ( 'NONE',  ( 19.04193916668345921, 3.683759285107083503, -26.56607335038743400 ) ) ;
#5752 = ADVANCED_FACE ( 'NONE', ( #3319 ), #11457, .T. ) ;
#5753 = DIRECTION ( 'NONE',  ( -0.000000000000000000, -0.000000000000000000, 1.000000000000000000 ) ) ;
#5754 = EDGE_CURVE ( 'NONE', #1782, #2150, #4452, .T. ) ;
#5755 = CARTESIAN_POINT ( 'NONE',  ( -0.5272078826995645340, 0.4326683276892129282, -34.29634816116375617 ) ) ;
#5756 = EDGE_LOOP ( 'NONE', ( #6093, #9682, #2602, #1509, #11554, #9912, #6937, #8608, #4108, #9475, #4337, #1006, #9383, #5068, #2347, #9973 ) ) ;
#5757 = CARTESIAN_POINT ( 'NONE',  ( 0.000000000000000000, 0.5375364957382012809, -40.20101271002261711 ) ) ;
#5758 = CARTESIAN_POINT ( 'NONE',  ( 0.6707393889858677127, 0.6440975710408953780, -26.29634816116374907 ) ) ;
#5759 = AXIS2_PLACEMENT_3D ( 'NONE', #5237, #739, #9900 ) ;
#5760 = CARTESIAN_POINT ( 'NONE',  ( -16.02637064780061849, -9.290785029855193500, -33.77951444777792744 ) ) ;
#5761 = CYLINDRICAL_SURFACE ( 'NONE', #3246, 0.7000000000000003997 ) ;
#5762 = CARTESIAN_POINT ( 'NONE',  ( -19.29853274190028856, 0.2849173503296842380, -26.31451759764529186 ) ) ;
#5763 = EDGE_CURVE ( 'NONE', #1578, #5736, #1730, .T. ) ;
#5764 = CARTESIAN_POINT ( 'NONE',  ( -18.55636403081262387, 3.554007008011469182, -26.64369750929288472 ) ) ;
#5765 = AXIS2_PLACEMENT_3D ( 'NONE', #9744, #3190, #4049 ) ;
#5766 = LINE ( 'NONE', #4071, #5220 ) ;
#5767 = VECTOR ( 'NONE', #3333, 1000.000000000000000 ) ;
#5768 = AXIS2_PLACEMENT_3D ( 'NONE', #11334, #471, #2112 ) ;
#5769 = EDGE_LOOP ( 'NONE', ( #11676, #7549, #3808, #6758, #8346, #5787, #183, #6560 ) ) ;
#5770 = VECTOR ( 'NONE', #1663, 1000.000000000000114 ) ;
#5771 = EDGE_LOOP ( 'NONE', ( #1360, #7636 ) ) ;
#5772 = CARTESIAN_POINT ( 'NONE',  ( 15.60715541303836140, -10.81617214563843810, -26.99634816116374836 ) ) ;
#5773 = ORIENTED_EDGE ( 'NONE', *, *, #5748, .T. ) ;
#5774 = ORIENTED_EDGE ( 'NONE', *, *, #873, .T. ) ;
#5775 = CARTESIAN_POINT ( 'NONE',  ( 18.27776732936863979, 4.937903834293664751, -33.59634816116375333 ) ) ;
#5776 = CARTESIAN_POINT ( 'NONE',  ( -10.63771102557790371, -14.96317212803020702, -26.31451660138218074 ) ) ;
#5777 = CARTESIAN_POINT ( 'NONE',  ( 17.61601593170029290, 7.104819319248713683, -26.63019140205944169 ) ) ;
#5778 = CARTESIAN_POINT ( 'NONE',  ( 19.29987502093280582, 0.6069927868650726310, -26.29634816116374907 ) ) ;
#5779 = CARTESIAN_POINT ( 'NONE',  ( -19.28465801595088180, -0.2318562569081147051, -26.99634816116374836 ) ) ;
#5780 = CIRCLE ( 'NONE', #7912, 19.30000000000008598 ) ;
#5781 = CARTESIAN_POINT ( 'NONE',  ( 4.516859228947264882, -18.22647114404593083, -33.59634816116375333 ) ) ;
#5782 = PLANE ( 'NONE',  #1234 ) ;
#5783 = CIRCLE ( 'NONE', #5211, 19.30000000000008598 ) ;
#5784 = DIRECTION ( 'NONE',  ( -0.2329837807837476515, -0.9724806208309298983, -0.000000000000000000 ) ) ;
#5785 = CARTESIAN_POINT ( 'NONE',  ( -16.45258368036180840, 10.62731957696122720, -33.77951245282524440 ) ) ;
#5786 = AXIS2_PLACEMENT_3D ( 'NONE', #3045, #10271, #8639 ) ;
#5787 = ORIENTED_EDGE ( 'NONE', *, *, #6419, .T. ) ;
#5788 = ORIENTED_EDGE ( 'NONE', *, *, #4186, .F. ) ;
#5789 = CIRCLE ( 'NONE', #8317, 7.199999999999993960 ) ;
#5790 = PLANE ( 'NONE',  #1507 ) ;
#5791 = VERTEX_POINT ( 'NONE', #9801 ) ;
#5792 = ORIENTED_EDGE ( 'NONE', *, *, #10190, .T. ) ;
#5793 = LINE ( 'NONE', #4096, #8314 ) ;
#5794 = VECTOR ( 'NONE', #8336, 1000.000000000000227 ) ;
#5795 = VERTEX_POINT ( 'NONE', #8911 ) ;
#5796 = LINE ( 'NONE', #7485, #8700 ) ;
#5797 = CARTESIAN_POINT ( 'NONE',  ( -13.53235365129178014, -13.22378434904710787, -26.29634816116374907 ) ) ;
#5798 = FACE_OUTER_BOUND ( 'NONE', #10764, .T. ) ;
#5799 = EDGE_CURVE ( 'NONE', #11352, #10332, #10594, .T. ) ;
#5800 = VECTOR ( 'NONE', #10357, 1000.000000000000000 ) ;
#5801 = CARTESIAN_POINT ( 'NONE',  ( -2.929189417950816221, -18.03286631665460149, -33.59634816116375333 ) ) ;
#5802 = AXIS2_PLACEMENT_3D ( 'NONE', #4594, #10922, #1762 ) ;
#5803 = ORIENTED_EDGE ( 'NONE', *, *, #9701, .F. ) ;
#5804 = EDGE_LOOP ( 'NONE', ( #10104, #7686, #10312, #4735 ) ) ;
#5805 = CARTESIAN_POINT ( 'NONE',  ( -4.400367338555660091, -17.74023083363039532, -34.29634816116375617 ) ) ;
#5806 = ORIENTED_EDGE ( 'NONE', *, *, #10384, .F. ) ;
#5807 = ORIENTED_EDGE ( 'NONE', *, *, #5346, .T. ) ;
#5808 = CARTESIAN_POINT ( 'NONE',  ( 17.58074150463225749, 8.500682432823543522, -34.02662297194007834 ) ) ;
#5809 = LINE ( 'NONE', #6706, #6977 ) ;
#5810 = FILL_AREA_STYLE_COLOUR ( '', #1803 ) ;
#5811 = DIRECTION ( 'NONE',  ( -1.000000000000000000, 0.000000000000000000, 0.000000000000000000 ) ) ;
#5812 = DIRECTION ( 'NONE',  ( 0.000000000000000000, 0.000000000000000000, -1.000000000000000000 ) ) ;
#5813 = B_SPLINE_CURVE_WITH_KNOTS ( 'NONE', 3,
 ( #3341, #10752, #7782, #2428, #8755, #6138, #6921, #7891 ),
 .UNSPECIFIED., .F., .F.,
 ( 4, 2, 2, 4 ),
 ( 0.000000000000000000, 0.0002734144572333939232, 0.0005468289144667878464, 0.001093657828933583065 ),
 .UNSPECIFIED. ) ;
#5814 = CARTESIAN_POINT ( 'NONE',  ( -0.4355998977303788822, -18.75797886408463810, -26.37236741899920389 ) ) ;
#5815 = AXIS2_PLACEMENT_3D ( 'NONE', #8798, #6981, #5340 ) ;
#5816 = CARTESIAN_POINT ( 'NONE',  ( -7.801259921233545391, -16.56737753610673636, -33.94899881303460631 ) ) ;
#5817 = ORIENTED_EDGE ( 'NONE', *, *, #10429, .T. ) ;
#5818 = CARTESIAN_POINT ( 'NONE',  ( 18.11113469183634450, 7.206629400636535010, -26.90389895507295748 ) ) ;
#5819 = EDGE_CURVE ( 'NONE', #10105, #1984, #8786, .T. ) ;
#5820 = CONICAL_SURFACE ( 'NONE', #3497, 19.30000000000008242, 0.7853981633974482790 ) ;
#5821 = LINE ( 'NONE', #3019, #8915 ) ;
#5822 = EDGE_LOOP ( 'NONE', ( #3919, #2511, #290, #897 ) ) ;
#5823 = CARTESIAN_POINT ( 'NONE',  ( -18.29576878560973086, -3.788901477167864407, -33.96250492026808132 ) ) ;
#5824 = CARTESIAN_POINT ( 'NONE',  ( 7.881631028044678189, -16.53055957847361412, -33.59634816116375333 ) ) ;
#5825 = EDGE_CURVE ( 'NONE', #2052, #4139, #706, .T. ) ;
#5826 = CARTESIAN_POINT ( 'NONE',  ( 8.090745338163548794, -16.98473047725898510, -33.59634816116375333 ) ) ;
#5827 = PLANE ( 'NONE',  #10607 ) ;
#5828 = CYLINDRICAL_SURFACE ( 'NONE', #7497, 0.7000000000000000666 ) ;
#5829 = CARTESIAN_POINT ( 'NONE',  ( -18.56757163774435782, 3.484695064318951374, -26.81318187454957780 ) ) ;
#5830 = AXIS2_PLACEMENT_3D ( 'NONE', #9708, #481, #9890 ) ;
#5831 = DIRECTION ( 'NONE',  ( -0.6791492313942211201, -0.7340002190031271745, 0.000000000000000000 ) ) ;
#5832 = VERTEX_POINT ( 'NONE', #8186 ) ;
#5833 = ADVANCED_FACE ( 'NONE', ( #6242, #10848 ), #4528, .T. ) ;
#5834 = ORIENTED_EDGE ( 'NONE', *, *, #9841, .F. ) ;
#5835 = LINE ( 'NONE', #301, #10038 ) ;
#5836 = EDGE_LOOP ( 'NONE', ( #2444, #1256 ) ) ;
#5837 = EDGE_LOOP ( 'NONE', ( #5806, #2220, #8218, #577 ) ) ;
#5838 = DIRECTION ( 'NONE',  ( -0.8523920528607248359, -0.5229032302633819240, 0.000000000000000000 ) ) ;
#5839 = FACE_OUTER_BOUND ( 'NONE', #2494, .T. ) ;
#5840 = LINE ( 'NONE', #247, #195 ) ;
#5841 = CARTESIAN_POINT ( 'NONE',  ( 7.240491104578138604, -16.81180721130461109, -26.29634816116374907 ) ) ;
#5842 = CARTESIAN_POINT ( 'NONE',  ( -13.59795948890264761, -13.15864902206805453, -34.29634816116375617 ) ) ;
#5843 = DIRECTION ( 'NONE',  ( 0.000000000000000000, -0.000000000000000000, -1.000000000000000000 ) ) ;
#5844 = CARTESIAN_POINT ( 'NONE',  ( 6.495811729277748192, -17.10458472702124055, -34.29634816116375617 ) ) ;
#5845 = CARTESIAN_POINT ( 'NONE',  ( 8.090745338163548794, -16.98473047725898510, -26.99634816116374836 ) ) ;
#5846 = CARTESIAN_POINT ( 'NONE',  ( 0.000000000000000000, 0.5375364957382021691, -39.49634816116376612 ) ) ;
#5847 = EDGE_CURVE ( 'NONE', #3512, #8882, #4839, .T. ) ;
#5848 = ORIENTED_EDGE ( 'NONE', *, *, #1143, .T. ) ;
#5849 = ORIENTED_EDGE ( 'NONE', *, *, #8807, .T. ) ;
#5850 = CARTESIAN_POINT ( 'NONE',  ( 16.46205883478129550, 10.61179174961193894, -26.90389895507296458 ) ) ;
#5851 = ORIENTED_EDGE ( 'NONE', *, *, #8426, .F. ) ;
#5852 = ORIENTED_EDGE ( 'NONE', *, *, #3875, .T. ) ;
#5853 = DIRECTION ( 'NONE',  ( -0.000000000000000000, -0.000000000000000000, 1.000000000000000000 ) ) ;
#5854 = ORIENTED_EDGE ( 'NONE', *, *, #10073, .F. ) ;
#5855 = FACE_OUTER_BOUND ( 'NONE', #3393, .T. ) ;
#5856 = DIRECTION ( 'NONE',  ( -0.000000000000000000, -0.000000000000000000, 1.000000000000000000 ) ) ;
#5857 = DIRECTION ( 'NONE',  ( -0.2329837807837338293, 0.9724806208309331179, 0.000000000000000000 ) ) ;
#5858 = EDGE_CURVE ( 'NONE', #149, #6170, #6576, .T. ) ;
#5859 =( GEOMETRIC_REPRESENTATION_CONTEXT ( 3 ) GLOBAL_UNCERTAINTY_ASSIGNED_CONTEXT ( ( #6475 ) ) GLOBAL_UNIT_ASSIGNED_CONTEXT ( ( #1864, #44, #220 ) ) REPRESENTATION_CONTEXT ( 'NONE', 'WORKASPACE' ) );
#5860 = FACE_OUTER_BOUND ( 'NONE', #734, .T. ) ;
#5861 = VERTEX_POINT ( 'NONE', #10051 ) ;
#5862 = VERTEX_POINT ( 'NONE', #8124 ) ;
#5863 = CARTESIAN_POINT ( 'NONE',  ( 11.06000805719591895, 15.74004395455968641, -33.59634816116375333 ) ) ;
#5864 = ORIENTED_EDGE ( 'NONE', *, *, #6271, .T. ) ;
#5865 = LINE ( 'NONE', #462, #6922 ) ;
#5866 = ORIENTED_EDGE ( 'NONE', *, *, #1675, .F. ) ;
#5867 = DIRECTION ( 'NONE',  ( 0.3826834323650937786, 0.9238795325112850731, 0.000000000000000000 ) ) ;
#5868 = EDGE_CURVE ( 'NONE', #9054, #5360, #7644, .T. ) ;
#5869 = AXIS2_PLACEMENT_3D ( 'NONE', #11330, #10235, #7397 ) ;
#5870 = FACE_OUTER_BOUND ( 'NONE', #7231, .T. ) ;
#5871 = CARTESIAN_POINT ( 'NONE',  ( 13.32864793594260533, -12.72035106979326891, -26.29634816116374907 ) ) ;
#5872 = CARTESIAN_POINT ( 'NONE',  ( -18.08510766236704725, -6.203054361264580763, -33.96250106665635116 ) ) ;
#5873 = CARTESIAN_POINT ( 'NONE',  ( -13.14836500474436498, 14.66648486293561149, -33.96250106665635826 ) ) ;
#5874 = PLANE ( 'NONE',  #11973 ) ;
#5875 = DIRECTION ( 'NONE',  ( -0.7071067811865561215, -0.7071067811865389130, 0.000000000000000000 ) ) ;
#5876 = EDGE_LOOP ( 'NONE', ( #9664, #7861, #181, #6548 ) ) ;
#5877 = CARTESIAN_POINT ( 'NONE',  ( 7.881631028044806087, 17.60563256994996451, -34.29634816116375617 ) ) ;
#5878 = ADVANCED_FACE ( 'NONE', ( #10783 ), #9934, .F. ) ;
#5879 = LINE ( 'NONE', #1938, #1337 ) ;
#5880 = ORIENTED_EDGE ( 'NONE', *, *, #5614, .F. ) ;
#5881 = LINE ( 'NONE', #10545, #11634 ) ;
#5882 = CARTESIAN_POINT ( 'NONE',  ( -6.669092904898138663, 18.64867118757461739, -33.59634816116375333 ) ) ;
#5883 = AXIS2_PLACEMENT_3D ( 'NONE', #5453, #1924, #9159 ) ;
#5884 = CARTESIAN_POINT ( 'NONE',  ( -3.184081677783118191E-15, 0.5375364957382012809, -21.29634816116374907 ) ) ;
#5885 = EDGE_CURVE ( 'NONE', #8835, #8882, #1443, .T. ) ;
#5886 = CARTESIAN_POINT ( 'NONE',  ( -19.04193916668348763, -2.608686293630544828, -26.56607335038743045 ) ) ;
#5887 = CARTESIAN_POINT ( 'NONE',  ( 0.6169015811528620885, 0.2534959530723681076, -33.59634816116375333 ) ) ;
#5888 =( NAMED_UNIT ( * ) PLANE_ANGLE_UNIT ( ) SI_UNIT ( $, .RADIAN. ) );
#5889 = CARTESIAN_POINT ( 'NONE',  ( 0.000000000000000000, 0.5375364957382021691, -39.49634816116376612 ) ) ;
#5890 = ADVANCED_FACE ( 'NONE', ( #3503 ), #5446, .F. ) ;
#5891 = VERTEX_POINT ( 'NONE', #10909 ) ;
#5892 = ORIENTED_EDGE ( 'NONE', *, *, #1737, .T. ) ;
#5893 = CARTESIAN_POINT ( 'NONE',  ( -13.45905319441912873, 13.66434219803329242, -26.29634816116375617 ) ) ;
#5894 = ORIENTED_EDGE ( 'NONE', *, *, #8661, .T. ) ;
#5895 = ADVANCED_FACE ( 'NONE', ( #9874 ), #1801, .F. ) ;
#5896 = VERTEX_POINT ( 'NONE', #6178 ) ;
#5897 = CARTESIAN_POINT ( 'NONE',  ( 19.28797325785051697, -0.1558406493708922036, -33.96250106665635826 ) ) ;
#5898 = DIRECTION ( 'NONE',  ( -0.9238795325112864054, 0.3826834323650906144, 0.000000000000000000 ) ) ;
#5899 = CARTESIAN_POINT ( 'NONE',  ( 11.04530000614062857, -14.67567512855327116, -26.81318187454957425 ) ) ;
#5900 = DIRECTION ( 'NONE',  ( -0.9724806208309274558, 0.2329837807837575325, 0.000000000000000000 ) ) ;
#5901 = DIRECTION ( 'NONE',  ( 0.000000000000000000, 0.000000000000000000, -1.000000000000000000 ) ) ;
#5902 = CARTESIAN_POINT ( 'NONE',  ( 18.57040281239283885, 3.466725913688819549, -33.59634816116375333 ) ) ;
#5903 = PLANE ( 'NONE',  #3364 ) ;
#5904 = ADVANCED_FACE ( 'NONE', ( #885, #2594 ), #1568, .T. ) ;
#5905 = DIRECTION ( 'NONE',  ( 1.000000000000000000, 0.000000000000000000, 0.000000000000000000 ) ) ;
#5906 = EDGE_CURVE ( 'NONE', #1179, #8602, #4762, .T. ) ;
#5907 = EDGE_CURVE ( 'NONE', #8206, #10887, #6794, .T. ) ;
#5908 = CARTESIAN_POINT ( 'NONE',  ( 9.812803638741991463, -15.49832631261275395, -26.99634816116374836 ) ) ;
#5909 = ADVANCED_FACE ( 'NONE', ( #29 ), #11255, .F. ) ;
#5910 = EDGE_CURVE ( 'NONE', #9975, #11185, #4757, .T. ) ;
#5911 = VERTEX_POINT ( 'NONE', #81 ) ;
#5912 = ORIENTED_EDGE ( 'NONE', *, *, #5916, .T. ) ;
#5913 = DIRECTION ( 'NONE',  ( 0.1569032754148996234, -0.9876139742652875197, -0.000000000000000000 ) ) ;
#5914 = VERTEX_POINT ( 'NONE', #7557 ) ;
#5915 = ORIENTED_EDGE ( 'NONE', *, *, #9293, .T. ) ;
#5916 = EDGE_CURVE ( 'NONE', #7483, #9869, #145, .T. ) ;
#5917 = LINE ( 'NONE', #11312, #2491 ) ;
#5918 = VERTEX_POINT ( 'NONE', #6639 ) ;
#5919 = CARTESIAN_POINT ( 'NONE',  ( -0.2353682975069899819, -0.09952578947061425929, -33.59634816116375333 ) ) ;
#5920 = CARTESIAN_POINT ( 'NONE',  ( -15.60715541303828680, 11.89124513711495013, -33.59634816116375333 ) ) ;
#5921 = CARTESIAN_POINT ( 'NONE',  ( 0.6604615511865264965, 0.6957677509032118568, -33.59634816116375333 ) ) ;
#5922 = CARTESIAN_POINT ( 'NONE',  ( -3.618530594455353189, -17.91051692020711883, -34.29634816116375617 ) ) ;
#5923 = ORIENTED_EDGE ( 'NONE', *, *, #9820, .T. ) ;
#5924 = EDGE_LOOP ( 'NONE', ( #10144, #11549, #1478, #5137 ) ) ;
#5925 = FACE_BOUND ( 'NONE', #8445, .T. ) ;
#5926 = ORIENTED_EDGE ( 'NONE', *, *, #2321, .F. ) ;
#5927 = FACE_OUTER_BOUND ( 'NONE', #9350, .T. ) ;
#5928 = EDGE_CURVE ( 'NONE', #11575, #4026, #4889, .T. ) ;
#5929 = ORIENTED_EDGE ( 'NONE', *, *, #947, .F. ) ;
#5930 = CARTESIAN_POINT ( 'NONE',  ( 17.63376692998098250, -7.307489630689966376, -34.15606879818032127 ) ) ;
#5931 = CARTESIAN_POINT ( 'NONE',  ( 3.007641055658142104, 19.60174629526366985, -26.99634816116374836 ) ) ;
#5932 = DIRECTION ( 'NONE',  ( -0.000000000000000000, -0.000000000000000000, 1.000000000000000000 ) ) ;
#5933 = CARTESIAN_POINT ( 'NONE',  ( 11.29234582336314574, 16.18968044046633992, -33.96250106665637247 ) ) ;
#5934 = CARTESIAN_POINT ( 'NONE',  ( -0.6291290431575530251, -18.75231476639114803, -26.56607335038743400 ) ) ;
#5935 = CARTESIAN_POINT ( 'NONE',  ( 8.090745338163548794, -16.98473047725898510, -33.59634816116375333 ) ) ;
#5936 = B_SPLINE_CURVE_WITH_KNOTS ( 'NONE', 3,
 ( #4246, #6979, #11650, #476, #2359, #5940, #6850, #1391 ),
 .UNSPECIFIED., .F., .F.,
 ( 4, 2, 2, 4 ),
 ( 0.000000000000000000, 0.0002734144572333947363, 0.0005468289144667894727, 0.001093657828933583282 ),
 .UNSPECIFIED. ) ;
#5937 = B_SPLINE_CURVE_WITH_KNOTS ( 'NONE', 3,
 ( #4805, #9096, #7325, #11878, #9993, #8516, #8239, #3960 ),
 .UNSPECIFIED., .F., .F.,
 ( 4, 2, 2, 4 ),
 ( 0.000000000000000000, 0.0002734111411466460086, 0.0005468222822932920172, 0.001093644564586587287 ),
 .UNSPECIFIED. ) ;
#5938 = ORIENTED_EDGE ( 'NONE', *, *, #8897, .T. ) ;
#5939 = CARTESIAN_POINT ( 'NONE',  ( 18.10487092869004400, 7.223707376063950747, -26.81318386950226085 ) ) ;
#5940 = CARTESIAN_POINT ( 'NONE',  ( 15.99631580435078781, 10.41534504203893974, -26.63019140205943458 ) ) ;
#5941 = ORIENTED_EDGE ( 'NONE', *, *, #6675, .T. ) ;
#5942 = DIRECTION ( 'NONE',  ( -0.2329837807837510100, -0.9724806208309290101, 0.000000000000000000 ) ) ;
#5943 = CARTESIAN_POINT ( 'NONE',  ( 15.61368827667444670, 11.03103741703037421, -34.29634816116375617 ) ) ;
#5944 = CARTESIAN_POINT ( 'NONE',  ( -15.96212440652343112, -9.394700904840675548, -34.02662676194078983 ) ) ;
#5945 = CARTESIAN_POINT ( 'NONE',  ( 0.4803001114056620335, 19.33126283427911218, -26.43662391211885065 ) ) ;
#5946 = CARTESIAN_POINT ( 'NONE',  ( 16.03586280835084210, -9.275267143003960157, -33.59634816116375333 ) ) ;
#5947 = ADVANCED_FACE ( 'NONE', ( #8463 ), #10220, .F. ) ;
#5948 = CIRCLE ( 'NONE', #8281, 19.30000000000008242 ) ;
#5949 = CARTESIAN_POINT ( 'NONE',  ( -18.29819821516124634, -3.776821217076165915, -26.64369750929288827 ) ) ;
#5950 = VERTEX_POINT ( 'NONE', #11315 ) ;
#5951 = AXIS2_PLACEMENT_3D ( 'NONE', #3013, #1071, #7691 ) ;
#5952 = CARTESIAN_POINT ( 'NONE',  ( -13.71773326906348345, 13.39298473022685698, -26.56606956038671541 ) ) ;
#5953 = CARTESIAN_POINT ( 'NONE',  ( -12.76606289380143266, 14.33855451408140347, -33.77951444777792744 ) ) ;
#5954 = ORIENTED_EDGE ( 'NONE', *, *, #8843, .F. ) ;
#5955 = ORIENTED_EDGE ( 'NONE', *, *, #7346, .F. ) ;
#5956 = LINE ( 'NONE', #8022, #7541 ) ;
#5957 = CIRCLE ( 'NONE', #8859, 19.33712077059222167 ) ;
#5958 = CARTESIAN_POINT ( 'NONE',  ( 0.000000000000000000, 10.13753649573819082, -41.89634816116375760 ) ) ;
#5959 = DIRECTION ( 'NONE',  ( -0.9083417975707390735, -0.4182286202377336060, -0.000000000000000000 ) ) ;
#5960 = CARTESIAN_POINT ( 'NONE',  ( 0.000000000000000000, 0.5375364957382021691, -21.29634816116374907 ) ) ;
#5961 = CARTESIAN_POINT ( 'NONE',  ( -0.4984972582793962270, 0.07629136113542503428, -33.59634816116375333 ) ) ;
#5962 = DIRECTION ( 'NONE',  ( -0.9083417975707304137, 0.4182286202377525908, 0.000000000000000000 ) ) ;
#5963 = DIRECTION ( 'NONE',  ( 0.9724806208309276778, -0.2329837807837561170, 0.000000000000000000 ) ) ;
#5964 = LINE ( 'NONE', #9115, #6555 ) ;
#5965 = AXIS2_PLACEMENT_3D ( 'NONE', #159, #8252, #96 ) ;
#5966 = AXIS2_PLACEMENT_3D ( 'NONE', #4304, #8847, #10729 ) ;
#5967 = CARTESIAN_POINT ( 'NONE',  ( 18.76400763978407582, -3.979322733209272211, -33.59634816116375333 ) ) ;
#5968 = AXIS2_PLACEMENT_3D ( 'NONE', #7207, #6348, #4522 ) ;
#5969 = B_SPLINE_CURVE_WITH_KNOTS ( 'NONE', 3,
 ( #3412, #4610, #4502, #8214, #7291, #7357, #2676, #6390 ),
 .UNSPECIFIED., .F., .F.,
 ( 4, 2, 2, 4 ),
 ( 0.000000000000000000, 0.0002734115678465716187, 0.0005468231356931432374, 0.001093646271386293847 ),
 .UNSPECIFIED. ) ;
#5970 = VERTEX_POINT ( 'NONE', #137 ) ;
#5971 = ORIENTED_EDGE ( 'NONE', *, *, #2545, .T. ) ;
#5972 = CARTESIAN_POINT ( 'NONE',  ( -3.094935327593117513, -18.51272879646857206, -33.94899550485385475 ) ) ;
#5973 = EDGE_CURVE ( 'NONE', #3570, #2164, #5796, .T. ) ;
#5974 = ORIENTED_EDGE ( 'NONE', *, *, #5301, .T. ) ;
#5975 = B_SPLINE_CURVE_WITH_KNOTS ( 'NONE', 3,
 ( #10437, #9406, #4924, #2009, #62, #3767, #7465, #2135 ),
 .UNSPECIFIED., .F., .F.,
 ( 4, 2, 2, 4 ),
 ( 0.000000000000000000, 0.0002734115678465767686, 0.0005468231356931535373, 0.001093646271386297534 ),
 .UNSPECIFIED. ) ;
#5976 = EDGE_CURVE ( 'NONE', #11612, #11322, #6948, .T. ) ;
#5977 = VERTEX_POINT ( 'NONE', #11190 ) ;
#5978 = CIRCLE ( 'NONE', #4611, 19.30000000000008598 ) ;
#5979 = CARTESIAN_POINT ( 'NONE',  ( 18.94258358435486755, -3.159560628997981180, -34.29634816116375617 ) ) ;
#5980 = AXIS2_PLACEMENT_3D ( 'NONE', #6751, #2078, #3172 ) ;
#5981 = VERTEX_POINT ( 'NONE', #2089 ) ;
#5982 = FACE_OUTER_BOUND ( 'NONE', #10975, .T. ) ;
#5983 = CARTESIAN_POINT ( 'NONE',  ( 19.28465801595086759, 1.306929248384650855, -26.81145002369893149 ) ) ;
#5984 = CIRCLE ( 'NONE', #11978, 19.33712077059222167 ) ;
#5985 = ADVANCED_FACE ( 'NONE', ( #4827 ), #2877, .F. ) ;
#5986 = CARTESIAN_POINT ( 'NONE',  ( 0.6169015811528728577, 0.8215770384040234076, -33.59634816116375333 ) ) ;
#5987 = DIRECTION ( 'NONE',  ( 0.000000000000000000, 0.000000000000000000, 1.000000000000000000 ) ) ;
#5988 = FACE_OUTER_BOUND ( 'NONE', #4454, .T. ) ;
#5989 = AXIS2_PLACEMENT_3D ( 'NONE', #9142, #71, #2801 ) ;
#5990 = AXIS2_PLACEMENT_3D ( 'NONE', #6394, #2620, #1717 ) ;
#5991 = EDGE_LOOP ( 'NONE', ( #6672, #1052, #8083, #3590 ) ) ;
#5992 = VERTEX_POINT ( 'NONE', #1182 ) ;
#5993 = CARTESIAN_POINT ( 'NONE',  ( -0.2986392761938140850, 0.09059123402828882232, -26.29634816116374907 ) ) ;
#5994 = ORIENTED_EDGE ( 'NONE', *, *, #5666, .T. ) ;
#5995 = FACE_OUTER_BOUND ( 'NONE', #8932, .T. ) ;
#5996 = ORIENTED_EDGE ( 'NONE', *, *, #5529, .F. ) ;
#5997 = CARTESIAN_POINT ( 'NONE',  ( 11.99999999999998757, 0.5375364957382021691, -43.49634816116374481 ) ) ;
#5998 = ADVANCED_FACE ( 'NONE', ( #9374 ), #1058, .F. ) ;
#5999 = DIRECTION ( 'NONE',  ( -0.6427876096865912103, 0.000000000000000000, -0.7660444431189344927 ) ) ;
#6000 = CARTESIAN_POINT ( 'NONE',  ( -15.40423419148045703, 11.31461535954910680, -26.38468553521233773 ) ) ;
#6001 = CARTESIAN_POINT ( 'NONE',  ( -12.75269500745325146, -13.27581868349462901, -33.78124828719859352 ) ) ;
#6002 = CIRCLE ( 'NONE', #2307, 19.30000000000008598 ) ;
#6003 = LINE ( 'NONE', #2173, #1308 ) ;
#6004 = VECTOR ( 'NONE', #6739, 1000.000000000000000 ) ;
#6005 = CARTESIAN_POINT ( 'NONE',  ( 4.012722106420902435, -18.34089680047218707, -26.31451759764529186 ) ) ;
#6006 = B_SPLINE_CURVE_WITH_KNOTS ( 'NONE', 3,
 ( #4902, #3928, #11147, #5634, #8478, #9388, #1016, #6536 ),
 .UNSPECIFIED., .F., .F.,
 ( 4, 2, 2, 4 ),
 ( 0.000000000000000000, 0.0002734144572333956037, 0.0005468289144667901232, 0.001093657828933582848 ),
 .UNSPECIFIED. ) ;
#6007 = EDGE_CURVE ( 'NONE', #2591, #5480, #10618, .T. ) ;
#6008 = VECTOR ( 'NONE', #8842, 1000.000000000000000 ) ;
#6009 = CARTESIAN_POINT ( 'NONE',  ( 2.929189417950544438, -18.03286631665463702, -34.29634816116375617 ) ) ;
#6010 = LINE ( 'NONE', #3328, #1545 ) ;
#6011 = ORIENTED_EDGE ( 'NONE', *, *, #8111, .F. ) ;
#6012 = DIRECTION ( 'NONE',  ( -0.000000000000000000, -0.000000000000000000, 1.000000000000000000 ) ) ;
#6013 = DIRECTION ( 'NONE',  ( 0.1569032754149136677, 0.9876139742652854103, -0.000000000000000000 ) ) ;
#6014 = CARTESIAN_POINT ( 'NONE',  ( 0.5272078826995588718, 0.6424046637871858589, -26.29634816116374907 ) ) ;
#6015 = CARTESIAN_POINT ( 'NONE',  ( -19.06420979952549999, -2.470104559919734655, -26.90389895507295392 ) ) ;
#6016 = CARTESIAN_POINT ( 'NONE',  ( 18.79904110953532381, 0.3026020410247685644, -34.29634816116376328 ) ) ;
#6017 = CARTESIAN_POINT ( 'NONE',  ( 0.6616571570119252899, 19.32582939855472404, -33.94899881303460631 ) ) ;
#6018 = ORIENTED_EDGE ( 'NONE', *, *, #4126, .F. ) ;
#6019 = DIRECTION ( 'NONE',  ( -0.000000000000000000, 0.000000000000000000, -1.000000000000000000 ) ) ;
#6020 = CARTESIAN_POINT ( 'NONE',  ( -16.00867175329637959, 11.31772335382252948, -34.29634816116375617 ) ) ;
#6021 = EDGE_LOOP ( 'NONE', ( #10289, #4166, #6192, #6615 ) ) ;
#6022 = ORIENTED_EDGE ( 'NONE', *, *, #11701, .F. ) ;
#6023 = CARTESIAN_POINT ( 'NONE',  ( -17.64212122275947081, -5.958275233539477966, -34.29634816116375617 ) ) ;
#6024 = CARTESIAN_POINT ( 'NONE',  ( 3.618530594455083182, -17.91051692020717212, -26.29634816116374907 ) ) ;
#6025 = LINE ( 'NONE', #8574, #10466 ) ;
#6026 = LINE ( 'NONE', #557, #1020 ) ;
#6027 = DIRECTION ( 'NONE',  ( 0.2329837807837541463, 0.9724806208309282329, -0.000000000000000000 ) ) ;
#6028 = CARTESIAN_POINT ( 'NONE',  ( 18.44085597591726611, 4.257167399712014522, -34.29634816116375617 ) ) ;
#6029 = DIRECTION ( 'NONE',  ( 0.9807852804032318739, 0.1950903220161216700, 0.000000000000000000 ) ) ;
#6030 = VECTOR ( 'NONE', #1382, 1000.000000000000000 ) ;
#6031 = CARTESIAN_POINT ( 'NONE',  ( -0.5789032350798303250, 0.1824060477040737871, -26.29634816116374907 ) ) ;
#6032 = ORIENTED_EDGE ( 'NONE', *, *, #9314, .T. ) ;
#6033 = VERTEX_POINT ( 'NONE', #11080 ) ;
#6034 = VECTOR ( 'NONE', #10815, 1000.000000000000114 ) ;
#6035 = FACE_BOUND ( 'NONE', #879, .T. ) ;
#6036 = ORIENTED_EDGE ( 'NONE', *, *, #2125, .F. ) ;
#6037 = ORIENTED_EDGE ( 'NONE', *, *, #6125, .F. ) ;
#6038 = DIRECTION ( 'NONE',  ( -0.3826834323650873948, 0.9238795325112878487, 0.000000000000000000 ) ) ;
#6039 = EDGE_CURVE ( 'NONE', #1491, #2457, #10160, .T. ) ;
#6040 = VERTEX_POINT ( 'NONE', #9258 ) ;
#6041 = CARTESIAN_POINT ( 'NONE',  ( -3.171291354520100469E-15, 0.5375364957382012809, -34.29634816116375617 ) ) ;
#6042 = CARTESIAN_POINT ( 'NONE',  ( 7.823042886243198879, 14.83753649573822919, -44.29634816116374907 ) ) ;
#6043 = DIRECTION ( 'NONE',  ( -0.9380269381538446360, 0.3465623512410477280, 0.000000000000000000 ) ) ;
#6044 = CARTESIAN_POINT ( 'NONE',  ( 17.06809607421173425, -7.344094532306666423, -34.29634816116375617 ) ) ;
#6045 = EDGE_CURVE ( 'NONE', #9174, #4561, #946, .T. ) ;
#6046 = CARTESIAN_POINT ( 'NONE',  ( 14.16803286791276051, 13.64318707246218310, -26.81318386950226440 ) ) ;
#6047 = B_SPLINE_CURVE_WITH_KNOTS ( 'NONE', 3,
 ( #7800, #7856, #5131, #4215, #7921, #11503, #5192, #5920 ),
 .UNSPECIFIED., .F., .F.,
 ( 4, 2, 2, 4 ),
 ( 1.734723475976806902E-18, 0.0002734115678465783407, 0.0005468231356931549467, 0.001093646271386297750 ),
 .UNSPECIFIED. ) ;
#6048 = VERTEX_POINT ( 'NONE', #2391 ) ;
#6049 = EDGE_CURVE ( 'NONE', #7513, #4662, #4212, .T. ) ;
#6050 = VERTEX_POINT ( 'NONE', #11371 ) ;
#6051 = CARTESIAN_POINT ( 'NONE',  ( 0.2840405426658280108, 1.154438076891067588, -33.59634816116375333 ) ) ;
#6052 = ORIENTED_EDGE ( 'NONE', *, *, #3307, .T. ) ;
#6053 = CARTESIAN_POINT ( 'NONE',  ( 11.06000805719581059, -14.66497096308335379, -34.29634816116375617 ) ) ;
#6054 = ORIENTED_EDGE ( 'NONE', *, *, #6631, .T. ) ;
#6055 = CARTESIAN_POINT ( 'NONE',  ( -7.618618407244219348, -17.19530975035618070, -34.27817872468220628 ) ) ;
#6056 = DIRECTION ( 'NONE',  ( -0.000000000000000000, -0.000000000000000000, 1.000000000000000000 ) ) ;
#6057 = ADVANCED_FACE ( 'NONE', ( #5855 ), #2215, .F. ) ;
#6058 = DIRECTION ( 'NONE',  ( 0.000000000000000000, 0.000000000000000000, -1.000000000000000000 ) ) ;
#6059 = LINE ( 'NONE', #9803, #7321 ) ;
#6060 = DIRECTION ( 'NONE',  ( 0.000000000000000000, 0.000000000000000000, 1.000000000000000000 ) ) ;
#6061 = CARTESIAN_POINT ( 'NONE',  ( -13.45905319441940762, -12.58926920655660275, -34.29634816116376328 ) ) ;
#6062 = ADVANCED_FACE ( 'NONE', ( #7799 ), #10519, .T. ) ;
#6063 = ADVANCED_FACE ( 'NONE', ( #4157 ), #8829, .F. ) ;
#6064 = ADVANCED_FACE ( 'NONE', ( #5982 ), #7917, .F. ) ;
#6065 = ORIENTED_EDGE ( 'NONE', *, *, #4060, .T. ) ;
#6066 = CIRCLE ( 'NONE', #7602, 19.33712077059222523 ) ;
#6067 = CARTESIAN_POINT ( 'NONE',  ( 7.411132711160796305, 17.81568028416561589, -34.29634816116376328 ) ) ;
#6068 = CARTESIAN_POINT ( 'NONE',  ( 18.57040281239283175, 3.466725913688820437, -33.59634816116375333 ) ) ;
#6069 = ORIENTED_EDGE ( 'NONE', *, *, #7540, .F. ) ;
#6070 = FACE_OUTER_BOUND ( 'NONE', #8587, .T. ) ;
#6071 = CARTESIAN_POINT ( 'NONE',  ( 17.38763894355421868, -6.610501729479815403, -26.29634816116374907 ) ) ;
#6072 = LINE ( 'NONE', #9762, #4092 ) ;
#6073 = DIRECTION ( 'NONE',  ( 0.2329837807837511487, 0.9724806208309290101, 0.000000000000000000 ) ) ;
#6074 = DIRECTION ( 'NONE',  ( 0.8092959084338485765, 0.5874011683613098445, 0.000000000000000000 ) ) ;
#6075 = AXIS2_PLACEMENT_3D ( 'NONE', #1390, #2601, #2471 ) ;
#6076 = ORIENTED_EDGE ( 'NONE', *, *, #3387, .T. ) ;
#6077 = AXIS2_PLACEMENT_3D ( 'NONE', #5396, #8193, #4535 ) ;
#6078 = PLANE ( 'NONE',  #1117 ) ;
#6079 = CARTESIAN_POINT ( 'NONE',  ( -17.92748151474964402, -6.612959560496826761, -26.29634816116374196 ) ) ;
#6080 = ORIENTED_EDGE ( 'NONE', *, *, #9269, .F. ) ;
#6081 = EDGE_LOOP ( 'NONE', ( #8361, #11182 ) ) ;
#6082 = EDGE_CURVE ( 'NONE', #11423, #258, #860, .T. ) ;
#6083 = DIRECTION ( 'NONE',  ( -0.000000000000000000, -0.000000000000000000, 1.000000000000000000 ) ) ;
#6084 = LINE ( 'NONE', #5169, #1505 ) ;
#6085 = CARTESIAN_POINT ( 'NONE',  ( -0.2332011601476352003, -18.26082728735674721, -26.31451660138218074 ) ) ;
#6086 = LINE ( 'NONE', #1469, #9352 ) ;
#6087 = CARTESIAN_POINT ( 'NONE',  ( -6.368163355566236381E-15, 1.075072991476402562, -34.29634816116375617 ) ) ;
#6088 = CARTESIAN_POINT ( 'NONE',  ( -0.6097275952637731811, -18.25254034312444773, -34.02662676194078273 ) ) ;
#6089 = CARTESIAN_POINT ( 'NONE',  ( -0.7500000000000045519, -18.24749774060966701, -34.29634816116375617 ) ) ;
#6090 = CARTESIAN_POINT ( 'NONE',  ( -17.52226697299705194, 8.628281833902057940, -26.99634816116374836 ) ) ;
#6091 = EDGE_CURVE ( 'NONE', #8985, #4571, #397, .T. ) ;
#6092 = ORIENTED_EDGE ( 'NONE', *, *, #6179, .T. ) ;
#6093 = ORIENTED_EDGE ( 'NONE', *, *, #6789, .F. ) ;
#6094 = CARTESIAN_POINT ( 'NONE',  ( 17.92748151474954099, -6.612959560497093214, -34.29634816116377038 ) ) ;
#6095 = ORIENTED_EDGE ( 'NONE', *, *, #1295, .T. ) ;
#6096 = EDGE_LOOP ( 'NONE', ( #8689, #5071, #11688, #9476 ) ) ;
#6097 = LINE ( 'NONE', #4391, #8894 ) ;
#6098 = VERTEX_POINT ( 'NONE', #3974 ) ;
#6099 = CARTESIAN_POINT ( 'NONE',  ( -10.13930177131642907, 16.96011984462385769, -33.96250106665635116 ) ) ;
#6100 = DIRECTION ( 'NONE',  ( 1.000000000000000000, 0.000000000000000000, 0.000000000000000000 ) ) ;
#6101 = CARTESIAN_POINT ( 'NONE',  ( -17.06809607421185504, -7.344094532306415068, -26.90389799132447024 ) ) ;
#6102 = CARTESIAN_POINT ( 'NONE',  ( 0.000000000000000000, 0.5375364957382021691, -21.29634816116374907 ) ) ;
#6103 = DIRECTION ( 'NONE',  ( -1.000000000000000000, 0.000000000000000000, 0.000000000000000000 ) ) ;
#6104 = CARTESIAN_POINT ( 'NONE',  ( 10.40285075565157591, 16.19656375340080601, -26.29634816116374907 ) ) ;
#6105 = ADVANCED_FACE ( 'NONE', ( #2157 ), #3304, .F. ) ;
#6106 = ORIENTED_EDGE ( 'NONE', *, *, #3388, .T. ) ;
#6107 = VERTEX_POINT ( 'NONE', #7854 ) ;
#6108 = FACE_OUTER_BOUND ( 'NONE', #3621, .T. ) ;
#6109 = VERTEX_POINT ( 'NONE', #4036 ) ;
#6110 = DIRECTION ( 'NONE',  ( -0.000000000000000000, 0.000000000000000000, -1.000000000000000000 ) ) ;
#6111 = ORIENTED_EDGE ( 'NONE', *, *, #7675, .F. ) ;
#6112 = CARTESIAN_POINT ( 'NONE',  ( 4.075018402386140437, 18.89072715168063965, -34.22033216491848862 ) ) ;
#6113 = CARTESIAN_POINT ( 'NONE',  ( 18.78503423634786174, -0.2124635042618656378, -26.99634816116374836 ) ) ;
#6114 = CYLINDRICAL_SURFACE ( 'NONE', #4860, 0.6999999999999999556 ) ;
#6115 = CARTESIAN_POINT ( 'NONE',  ( 10.07425525387368204, -15.92452233904311676, -26.99634816116374836 ) ) ;
#6116 = DIRECTION ( 'NONE',  ( 0.000000000000000000, 0.000000000000000000, -1.000000000000000000 ) ) ;
#6117 = CARTESIAN_POINT ( 'NONE',  ( -3.171291354520100469E-15, 0.5375364957382012809, -26.29634816116374907 ) ) ;
#6118 = ORIENTED_EDGE ( 'NONE', *, *, #10267, .T. ) ;
#6119 = LINE ( 'NONE', #3390, #9941 ) ;
#6120 = ORIENTED_EDGE ( 'NONE', *, *, #4964, .T. ) ;
#6121 = ADVANCED_FACE ( 'NONE', ( #6946 ), #10646, .F. ) ;
#6122 = CARTESIAN_POINT ( 'NONE',  ( -6.981632217273364027, -17.45589207846056823, -34.22032890332828714 ) ) ;
#6123 = VERTEX_POINT ( 'NONE', #7012 ) ;
#6125 = EDGE_CURVE ( 'NONE', #9120, #2718, #9542, .T. ) ;
#6124 = DIRECTION ( 'NONE',  ( -0.4182286202377467066, -0.9083417975707330783, 0.000000000000000000 ) ) ;
#6126 = CARTESIAN_POINT ( 'NONE',  ( -7.321573171451645656, -17.31980278801520967, -26.29634816116374907 ) ) ;
#6127 = CARTESIAN_POINT ( 'NONE',  ( -3.618530594455353189, -17.91051692020711883, -26.29634816116374907 ) ) ;
#6128 = CARTESIAN_POINT ( 'NONE',  ( -19.29920961486470787, 0.2831832896707279223, -34.29634816116377038 ) ) ;
#6129 = CARTESIAN_POINT ( 'NONE',  ( -0.6169015811528778537, 0.2534959530723740473, -26.29634816116374907 ) ) ;
#6130 = DIRECTION ( 'NONE',  ( 0.000000000000000000, 0.000000000000000000, 1.000000000000000000 ) ) ;
#6131 = ADVANCED_FACE ( 'NONE', ( #7743 ), #264, .F. ) ;
#6132 = EDGE_CURVE ( 'NONE', #2791, #10387, #7511, .T. ) ;
#6133 = ORIENTED_EDGE ( 'NONE', *, *, #11086, .F. ) ;
#6134 = FACE_OUTER_BOUND ( 'NONE', #12019, .T. ) ;
#6135 = CARTESIAN_POINT ( 'NONE',  ( 12.76606289380151971, -13.26348152260491631, -33.77951444777792744 ) ) ;
#6136 = VERTEX_POINT ( 'NONE', #9976 ) ;
#6137 = ORIENTED_EDGE ( 'NONE', *, *, #9831, .F. ) ;
#6138 = CARTESIAN_POINT ( 'NONE',  ( -18.78826689590394139, 1.211515752225226450, -26.63019140205944169 ) ) ;
#6139 = EDGE_CURVE ( 'NONE', #9298, #9149, #2629, .T. ) ;
#6140 = CARTESIAN_POINT ( 'NONE',  ( 17.17933620859814425, -7.098250648815488617, -26.43662391211885421 ) ) ;
#6141 = CARTESIAN_POINT ( 'NONE',  ( -0.2543532060676784723, 19.83674611060290971, -34.29634816116377038 ) ) ;
#6142 = CARTESIAN_POINT ( 'NONE',  ( 13.82645686703835963, -12.92921061764631929, -34.29634816116375617 ) ) ;
#6143 = CARTESIAN_POINT ( 'NONE',  ( 15.20250745882152188, 11.59754455293406217, -26.99634816116374836 ) ) ;
#6144 = LINE ( 'NONE', #7290, #1096 ) ;
#6145 = DIRECTION ( 'NONE',  ( 0.000000000000000000, 0.000000000000000000, 1.000000000000000000 ) ) ;
#6146 = AXIS2_PLACEMENT_3D ( 'NONE', #7371, #7254, #11918 ) ;
#6147 = B_SPLINE_CURVE_WITH_KNOTS ( 'NONE', 3,
 ( #5171, #7964, #11666, #3345, #2432, #9837, #6142, #1534 ),
 .UNSPECIFIED., .F., .F.,
 ( 4, 2, 2, 4 ),
 ( 0.000000000000000000, 0.0002734111411466464965, 0.0005468222822932929930, 0.001093644564586588371 ),
 .UNSPECIFIED. ) ;
#6148 = LINE ( 'NONE', #8947, #11789 ) ;
#6149 = B_SPLINE_CURVE_WITH_KNOTS ( 'NONE', 3,
 ( #4312, #9707, #2182, #8008, #6982, #11711, #10675, #4249 ),
 .UNSPECIFIED., .F., .F.,
 ( 4, 2, 2, 4 ),
 ( 0.000000000000000000, 0.0002734111411466470928, 0.0005468222822932941856, 0.001093644564586588154 ),
 .UNSPECIFIED. ) ;
#6150 = VECTOR ( 'NONE', #4627, 1000.000000000000114 ) ;
#6151 = ORIENTED_EDGE ( 'NONE', *, *, #11102, .F. ) ;
#6152 = AXIS2_PLACEMENT_3D ( 'NONE', #10816, #11786, #10085 ) ;
#6153 = ORIENTED_EDGE ( 'NONE', *, *, #10550, .F. ) ;
#6154 = FACE_OUTER_BOUND ( 'NONE', #6490, .T. ) ;
#6155 = ORIENTED_EDGE ( 'NONE', *, *, #8607, .F. ) ;
#6156 = VERTEX_POINT ( 'NONE', #1668 ) ;
#6157 = DIRECTION ( 'NONE',  ( -0.8523920528607266123, -0.5229032302633787044, 0.000000000000000000 ) ) ;
#6158 = ORIENTED_EDGE ( 'NONE', *, *, #8141, .T. ) ;
#6159 = CARTESIAN_POINT ( 'NONE',  ( -18.44805341594531356, 4.156067090193616309, -34.29634816116375617 ) ) ;
#6160 = DIRECTION ( 'NONE',  ( -0.2329837807837476515, -0.9724806208309298983, 0.000000000000000000 ) ) ;
#6161 = CARTESIAN_POINT ( 'NONE',  ( -0.5789032350798245519, 0.8926669437723417921, -26.29634816116374907 ) ) ;
#6162 = VECTOR ( 'NONE', #1816, 1000.000000000000000 ) ;
#6163 = CARTESIAN_POINT ( 'NONE',  ( -19.28465801595086759, 1.306929248384927522, -26.99634816116374836 ) ) ;
#6164 = AXIS2_PLACEMENT_3D ( 'NONE', #1383, #9750, #7814 ) ;
#6165 = CARTESIAN_POINT ( 'NONE',  ( -3.184081677783118191E-15, 0.5375364957382011699, -44.29634816116374907 ) ) ;
#6166 = VECTOR ( 'NONE', #5913, 1000.000000000000114 ) ;
#6167 = CARTESIAN_POINT ( 'NONE',  ( 13.53235365129167533, 14.29885734052360569, -26.29634816116374907 ) ) ;
#6168 = AXIS2_PLACEMENT_3D ( 'NONE', #2353, #1572, #7147 ) ;
#6169 = ORIENTED_EDGE ( 'NONE', *, *, #1452, .T. ) ;
#6170 = VERTEX_POINT ( 'NONE', #10031 ) ;
#6171 = AXIS2_PLACEMENT_3D ( 'NONE', #4101, #7674, #11377 ) ;
#6172 = CARTESIAN_POINT ( 'NONE',  ( -8.090745338163426226, 18.05980346873545273, -33.68879736725453711 ) ) ;
#6173 = EDGE_LOOP ( 'NONE', ( #8352, #9558, #7586, #6095 ) ) ;
#6174 = CARTESIAN_POINT ( 'NONE',  ( 7.409272154180534642, -16.74064482776788765, -34.27817972094533161 ) ) ;
#6175 = VERTEX_POINT ( 'NONE', #7070 ) ;
#6176 = CARTESIAN_POINT ( 'NONE',  ( 15.20250745882152188, 11.59754455293406217, -33.59634816116375333 ) ) ;
#6177 = CIRCLE ( 'NONE', #9266, 10.39999999999998792 ) ;
#6178 = CARTESIAN_POINT ( 'NONE',  ( 9.812803638742101597, 16.57339930408909012, -26.99634816116374836 ) ) ;
#6179 = EDGE_CURVE ( 'NONE', #10348, #3735, #10832, .T. ) ;
#6180 = CARTESIAN_POINT ( 'NONE',  ( -2.929189417950421426, 19.10793930813105845, -34.29634816116375617 ) ) ;
#6181 = DIRECTION ( 'NONE',  ( 0.9380269381538508533, 0.3465623512410310747, 0.000000000000000000 ) ) ;
#6182 = CARTESIAN_POINT ( 'NONE',  ( 0.000000000000000000, 0.5375364957382021691, -21.29634816116374907 ) ) ;
#6183 = CARTESIAN_POINT ( 'NONE',  ( -15.20250745882137267, 11.59754455293428421, -33.59634816116375333 ) ) ;
#6184 = AXIS2_PLACEMENT_3D ( 'NONE', #5621, #3915, #7611 ) ;
#6185 = CIRCLE ( 'NONE', #3853, 19.33712077059222167 ) ;
#6186 = VERTEX_POINT ( 'NONE', #9073 ) ;
#6187 = LINE ( 'NONE', #6250, #11696 ) ;
#6188 = ORIENTED_EDGE ( 'NONE', *, *, #699, .F. ) ;
#6189 = CIRCLE ( 'NONE', #5989, 19.30000000000008242 ) ;
#6190 = VECTOR ( 'NONE', #5423, 1000.000000000000114 ) ;
#6191 = CARTESIAN_POINT ( 'NONE',  ( -3.094935327592708951, 19.58780178794503968, -26.64370081747365759 ) ) ;
#6192 = ORIENTED_EDGE ( 'NONE', *, *, #7240, .F. ) ;
#6193 = DIRECTION ( 'NONE',  ( 0.000000000000000000, 0.000000000000000000, -1.000000000000000000 ) ) ;
#6194 = CARTESIAN_POINT ( 'NONE',  ( -6.669092904898138663, 18.64867118757461739, -26.99634816116374836 ) ) ;
#6195 = VECTOR ( 'NONE', #4914, 1000.000000000000114 ) ;
#6196 = ADVANCED_FACE ( 'NONE', ( #10947 ), #3486, .F. ) ;
#6197 = DIRECTION ( 'NONE',  ( -0.000000000000000000, -0.000000000000000000, 1.000000000000000000 ) ) ;
#6198 = CARTESIAN_POINT ( 'NONE',  ( -19.02040434580925421, 3.811431666196819723, -26.43662752414719463 ) ) ;
#6199 = CARTESIAN_POINT ( 'NONE',  ( 13.69618551780630078, -13.06042299316439248, -34.29634816116375617 ) ) ;
#6200 = FACE_OUTER_BOUND ( 'NONE', #5428, .T. ) ;
#6201 = AXIS2_PLACEMENT_3D ( 'NONE', #10000, #4539, #5338 ) ;
#6202 = EDGE_CURVE ( 'NONE', #1949, #2209, #6288, .T. ) ;
#6203 = EDGE_CURVE ( 'NONE', #2150, #8985, #5312, .T. ) ;
#6204 = DIRECTION ( 'NONE',  ( -0.000000000000000000, 0.000000000000000000, -1.000000000000000000 ) ) ;
#6205 = CARTESIAN_POINT ( 'NONE',  ( 13.12680570229484722, -12.92151669868115782, -34.29634816116376328 ) ) ;
#6206 = ORIENTED_EDGE ( 'NONE', *, *, #4761, .T. ) ;
#6207 = ORIENTED_EDGE ( 'NONE', *, *, #9304, .F. ) ;
#6208 = DIRECTION ( 'NONE',  ( -0.000000000000000000, -0.000000000000000000, 1.000000000000000000 ) ) ;
#6209 = CARTESIAN_POINT ( 'NONE',  ( -7.786515877027564869, -17.12249835045788160, -26.37236741899921455 ) ) ;
#6210 = DIRECTION ( 'NONE',  ( -0.2329837807837406016, 0.9724806208309314526, 0.000000000000000000 ) ) ;
#6211 = DIRECTION ( 'NONE',  ( 0.000000000000000000, -1.000000000000000000, 0.000000000000000000 ) ) ;
#6212 = CARTESIAN_POINT ( 'NONE',  ( -19.29987502093280938, 0.6069927868653487435, -26.29634816116374907 ) ) ;
#6213 = CARTESIAN_POINT ( 'NONE',  ( 10.40285075565157591, 16.19656375340080601, -26.29634816116374907 ) ) ;
#6214 = CARTESIAN_POINT ( 'NONE',  ( -7.881631028044929543, -16.53055957847350044, -34.29634816116375617 ) ) ;
#6215 = AXIS2_PLACEMENT_3D ( 'NONE', #4248, #6124, #3743 ) ;
#6216 = LINE ( 'NONE', #3294, #2486 ) ;
#6217 = ADVANCED_FACE ( 'NONE', ( #2445 ), #8172, .F. ) ;
#6218 = VERTEX_POINT ( 'NONE', #9018 ) ;
#6219 = ORIENTED_EDGE ( 'NONE', *, *, #3129, .T. ) ;
#6220 = CARTESIAN_POINT ( 'NONE',  ( -0.2353682975069837369, 1.174598780947013532, -26.29634816116374907 ) ) ;
#6221 = ORIENTED_EDGE ( 'NONE', *, *, #5005, .T. ) ;
#6222 = ORIENTED_EDGE ( 'NONE', *, *, #1021, .F. ) ;
#6223 = LINE ( 'NONE', #7914, #9280 ) ;
#6224 = VERTEX_POINT ( 'NONE', #9920 ) ;
#6225 = AXIS2_PLACEMENT_3D ( 'NONE', #3408, #2615, #10691 ) ;
#6226 = CARTESIAN_POINT ( 'NONE',  ( -7.152430585985316114, 17.93706407262896718, -26.99634816116374836 ) ) ;
#6227 = CARTESIAN_POINT ( 'NONE',  ( 18.42853067367105524, 4.254214543423555206, -26.29634816116374907 ) ) ;
#6228 = DIRECTION ( 'NONE',  ( -0.1569032754149136677, -0.9876139742652854103, 0.000000000000000000 ) ) ;
#6229 = B_SPLINE_CURVE_WITH_KNOTS ( 'NONE', 3,
 ( #1132, #8610, #8546, #3742, #4664, #5689, #11390, #2889 ),
 .UNSPECIFIED., .F., .F.,
 ( 4, 2, 2, 4 ),
 ( 0.000000000000000000, 0.0002734111411466471470, 0.0005468222822932942940, 0.001093644564586588805 ),
 .UNSPECIFIED. ) ;
#6230 = CARTESIAN_POINT ( 'NONE',  ( 18.78503423634786529, 1.287536495738132114, -26.90389799132447379 ) ) ;
#6231 = CARTESIAN_POINT ( 'NONE',  ( 10.66468526717357079, 16.62338394472683589, -34.29634816116375617 ) ) ;
#6232 = CARTESIAN_POINT ( 'NONE',  ( 0.3989343114037609550, 1.087170925056097692, -26.29634816116374907 ) ) ;
#6233 = VECTOR ( 'NONE', #6709, 1000.000000000000000 ) ;
#6234 = ORIENTED_EDGE ( 'NONE', *, *, #10174, .T. ) ;
#6235 = ORIENTED_EDGE ( 'NONE', *, *, #4354, .T. ) ;
#6236 = EDGE_CURVE ( 'NONE', #1278, #3914, #5612, .T. ) ;
#6237 = CARTESIAN_POINT ( 'NONE',  ( -15.99631580435065636, 10.41534504203917066, -33.96250492026806711 ) ) ;
#6238 = ORIENTED_EDGE ( 'NONE', *, *, #11705, .T. ) ;
#6239 = CARTESIAN_POINT ( 'NONE',  ( 7.881631028044679077, -16.53055957847361768, -33.78124828719859352 ) ) ;
#6240 = ORIENTED_EDGE ( 'NONE', *, *, #11153, .F. ) ;
#6241 = CARTESIAN_POINT ( 'NONE',  ( -3.144186300207962859E-15, 0.5375364957382012809, -34.29634816116375617 ) ) ;
#6242 = FACE_BOUND ( 'NONE', #3892, .T. ) ;
#6243 = EDGE_CURVE ( 'NONE', #881, #6980, #690, .T. ) ;
#6244 = CARTESIAN_POINT ( 'NONE',  ( 7.881631028044678189, -16.53055957847361412, -34.29634816116375617 ) ) ;
#6245 = CARTESIAN_POINT ( 'NONE',  ( 7.150496056235229325, 18.46501801048777125, -34.29634816116377038 ) ) ;
#6246 = CARTESIAN_POINT ( 'NONE',  ( 7.240491104578268278, 17.88688020278095792, -26.29634816116374907 ) ) ;
#6247 = CARTESIAN_POINT ( 'NONE',  ( -13.81335517923279177, 13.29023150319149416, -33.78124828719859352 ) ) ;
#6248 = EDGE_LOOP ( 'NONE', ( #4296, #2312, #10383, #9930 ) ) ;
#6249 = EDGE_CURVE ( 'NONE', #2101, #9134, #1266, .T. ) ;
#6250 = CARTESIAN_POINT ( 'NONE',  ( 9.812803638741991463, -15.49832631261275928, -33.59634816116375333 ) ) ;
#6251 = ORIENTED_EDGE ( 'NONE', *, *, #2949, .F. ) ;
#6252 = CARTESIAN_POINT ( 'NONE',  ( 13.32864793594270481, 13.79542406126957665, -26.29634816116374907 ) ) ;
#6253 = ORIENTED_EDGE ( 'NONE', *, *, #310, .F. ) ;
#6254 = CARTESIAN_POINT ( 'NONE',  ( -0.6707393889858754843, 0.4309754204355117357, -33.59634816116375333 ) ) ;
#6255 = FACE_OUTER_BOUND ( 'NONE', #9928, .T. ) ;
#6256 = CARTESIAN_POINT ( 'NONE',  ( 16.46205883478120668, -9.536718758135663165, -33.68879736725453711 ) ) ;
#6257 = DIRECTION ( 'NONE',  ( 0.8523920528607193958, -0.5229032302633908058, -0.000000000000000000 ) ) ;
#6258 = CARTESIAN_POINT ( 'NONE',  ( -10.48605614883647696, -15.06589469563858330, -26.29634816116374907 ) ) ;
#6259 = CARTESIAN_POINT ( 'NONE',  ( 6.399999999999995026, 0.5375364957382021691, -38.69634816116376186 ) ) ;
#6260 = AXIS2_PLACEMENT_3D ( 'NONE', #2660, #5402, #8073 ) ;
#6261 = ADVANCED_FACE ( 'NONE', ( #6401 ), #8039, .F. ) ;
#6262 = DIRECTION ( 'NONE',  ( 0.3465623512410380691, -0.9380269381538482998, 0.000000000000000000 ) ) ;
#6263 = CARTESIAN_POINT ( 'NONE',  ( 0.4612451346027887644, 1.036033754017587016, -33.59634816116375333 ) ) ;
#6264 = ORIENTED_EDGE ( 'NONE', *, *, #2479, .F. ) ;
#6265 = ORIENTED_EDGE ( 'NONE', *, *, #11320, .F. ) ;
#6266 = CARTESIAN_POINT ( 'NONE',  ( 0.7318237867870197588, -18.24822657357095679, -26.81318187454958135 ) ) ;
#6267 = VECTOR ( 'NONE', #11602, 1000.000000000000000 ) ;
#6268 = CARTESIAN_POINT ( 'NONE',  ( 17.06809607421173425, -7.344094532306666423, -26.99634816116374836 ) ) ;
#6269 = CARTESIAN_POINT ( 'NONE',  ( -0.06945629112694208518, 19.83741151667101121, -34.29634816116375617 ) ) ;
#6270 = LINE ( 'NONE', #4444, #11853 ) ;
#6271 = EDGE_CURVE ( 'NONE', #11844, #4496, #10830, .T. ) ;
#6272 = DIRECTION ( 'NONE',  ( -0.000000000000000000, -0.000000000000000000, -1.000000000000000000 ) ) ;
#6273 = CARTESIAN_POINT ( 'NONE',  ( -17.80417973997777636, 7.987448158742551207, -34.29634816116375617 ) ) ;
#6274 = EDGE_CURVE ( 'NONE', #11439, #6646, #3360, .T. ) ;
#6275 = DIRECTION ( 'NONE',  ( -0.000000000000000000, -0.000000000000000000, 1.000000000000000000 ) ) ;
#6276 = B_SPLINE_CURVE_WITH_KNOTS ( 'NONE', 3,
 ( #9622, #6705, #11388, #4109, #8660, #3864, #276, #151 ),
 .UNSPECIFIED., .F., .F.,
 ( 4, 2, 2, 4 ),
 ( 0.000000000000000000, 0.0002734140155771857357, 0.0005468280311543714713, 0.001093656062308728198 ),
 .UNSPECIFIED. ) ;
#6277 = CIRCLE ( 'NONE', #7244, 19.30000000000008598 ) ;
#6278 = EDGE_CURVE ( 'NONE', #11254, #8153, #5213, .T. ) ;
#6279 = ORIENTED_EDGE ( 'NONE', *, *, #3184, .T. ) ;
#6280 = ORIENTED_EDGE ( 'NONE', *, *, #3599, .F. ) ;
#6281 = B_SPLINE_CURVE_WITH_KNOTS ( 'NONE', 3,
 ( #5648, #8382, #5829, #5764, #7408, #9347, #11112, #8562 ),
 .UNSPECIFIED., .F., .F.,
 ( 4, 2, 2, 4 ),
 ( 0.000000000000000000, 0.0002734140155771816699, 0.0005468280311543633398, 0.001093656062308726680 ),
 .UNSPECIFIED. ) ;
#6282 = DIRECTION ( 'NONE',  ( 0.6791492313942214532, 0.7340002190031269524, 0.000000000000000000 ) ) ;
#6283 = VERTEX_POINT ( 'NONE', #8447 ) ;
#6284 = EDGE_LOOP ( 'NONE', ( #2137, #5304, #2886, #9652 ) ) ;
#6285 = LINE ( 'NONE', #10998, #7349 ) ;
#6286 = VERTEX_POINT ( 'NONE', #118 ) ;
#6287 = ADVANCED_FACE ( 'NONE', ( #9192 ), #11122, .F. ) ;
#6288 = LINE ( 'NONE', #10096, #4238 ) ;
#6289 = CARTESIAN_POINT ( 'NONE',  ( 6.627336253428098622, -17.05556355896465703, -34.02662676194077562 ) ) ;
#6290 = DIRECTION ( 'NONE',  ( 0.03878550529304181788, -0.9992475592060076073, 0.000000000000000000 ) ) ;
#6291 = ADVANCED_FACE ( 'NONE', ( #925 ), #11234, .F. ) ;
#6292 = EDGE_CURVE ( 'NONE', #2742, #9635, #840, .T. ) ;
#6293 = CARTESIAN_POINT ( 'NONE',  ( 18.27776732936860427, -3.862830842817395194, -26.81144803512891173 ) ) ;
#6294 = CARTESIAN_POINT ( 'NONE',  ( 18.56757163774436492, -2.409622072842422469, -26.81318187454957780 ) ) ;
#6295 = ADVANCED_FACE ( 'NONE', ( #10201 ), #3771, .F. ) ;
#6296 = DIRECTION ( 'NONE',  ( 1.000000000000000000, 0.000000000000000000, 0.000000000000000000 ) ) ;
#6297 = EDGE_LOOP ( 'NONE', ( #7911, #2911, #9607, #11720, #2848, #7273, #4050, #7374 ) ) ;
#6298 = ADVANCED_FACE ( 'NONE', ( #3714 ), #4741, .F. ) ;
#6299 = ORIENTED_EDGE ( 'NONE', *, *, #10007, .F. ) ;
#6300 = CARTESIAN_POINT ( 'NONE',  ( -17.63583884095515586, 7.050419768681535082, -26.81318187454957780 ) ) ;
#6301 = ORIENTED_EDGE ( 'NONE', *, *, #3101, .F. ) ;
#6302 = CARTESIAN_POINT ( 'NONE',  ( 10.07425525387380105, 16.99959533051945471, -33.68879736725453711 ) ) ;
#6303 = VERTEX_POINT ( 'NONE', #2014 ) ;
#6304 = CARTESIAN_POINT ( 'NONE',  ( 0.2057063112105903813, 0.04091752934783500495, -34.29634816116375617 ) ) ;
#6305 = CARTESIAN_POINT ( 'NONE',  ( -2.929189417950421426, 19.10793930813106556, -33.68879833100303500 ) ) ;
#6306 = PLANE ( 'NONE',  #6600 ) ;
#6307 = CARTESIAN_POINT ( 'NONE',  ( -17.06809607421185504, -7.344094532306416845, -33.78124828719859352 ) ) ;
#6308 = DIRECTION ( 'NONE',  ( -0.9807852804032330951, -0.1950903220161147589, 0.000000000000000000 ) ) ;
#6309 = CARTESIAN_POINT ( 'NONE',  ( -11.07100065386128840, -15.27164207068412516, -34.20800806837381458 ) ) ;
#6310 = ORIENTED_EDGE ( 'NONE', *, *, #9245, .F. ) ;
#6311 = CARTESIAN_POINT ( 'NONE',  ( -18.76400763978415043, -3.979322733208999097, -33.59634816116375333 ) ) ;
#6312 = EDGE_LOOP ( 'NONE', ( #5050, #8163, #5866, #2313 ) ) ;
#6313 = FACE_OUTER_BOUND ( 'NONE', #212, .T. ) ;
#6314 = ORIENTED_EDGE ( 'NONE', *, *, #9232, .T. ) ;
#6315 = FACE_OUTER_BOUND ( 'NONE', #1823, .T. ) ;
#6316 = DIRECTION ( 'NONE',  ( -1.000000000000000000, 0.000000000000000000, 0.000000000000000000 ) ) ;
#6317 = CARTESIAN_POINT ( 'NONE',  ( -19.28540651163792319, -0.2136812265736469374, -33.77951245282524440 ) ) ;
#6318 = CYLINDRICAL_SURFACE ( 'NONE', #4205, 0.6999999999999999556 ) ;
#6319 = CARTESIAN_POINT ( 'NONE',  ( 15.90539526625282818, 11.47108984019969569, -34.29634816116376328 ) ) ;
#6320 = CARTESIAN_POINT ( 'NONE',  ( -18.76828752585705828, -3.961642955250684661, -33.77951245282524440 ) ) ;
#6321 = ORIENTED_EDGE ( 'NONE', *, *, #10263, .F. ) ;
#6322 = VERTEX_POINT ( 'NONE', #1041 ) ;
#6323 = CARTESIAN_POINT ( 'NONE',  ( 10.93355334446155069, 16.44293176199098738, -26.29634816116374907 ) ) ;
#6324 = CARTESIAN_POINT ( 'NONE',  ( -18.27776732936858650, 4.937903834293922323, -34.29634816116375617 ) ) ;
#6325 = CARTESIAN_POINT ( 'NONE',  ( 4.400367338555391861, -17.74023083363045572, -26.99634816116374836 ) ) ;
#6326 = CARTESIAN_POINT ( 'NONE',  ( 0.6604615511865260524, 0.6957677509032117458, -26.29634816116374907 ) ) ;
#6327 = CARTESIAN_POINT ( 'NONE',  ( 10.24884678979260855, 16.29889050849256904, -26.29634816116375617 ) ) ;
#6328 = EDGE_CURVE ( 'NONE', #3174, #8659, #11066, .T. ) ;
#6329 = CARTESIAN_POINT ( 'NONE',  ( 11.35370864137646763, -15.06961891730028569, -26.99634816116374836 ) ) ;
#6330 = DIRECTION ( 'NONE',  ( 0.000000000000000000, 0.000000000000000000, 1.000000000000000000 ) ) ;
#6331 = ORIENTED_EDGE ( 'NONE', *, *, #8956, .T. ) ;
#6332 = ORIENTED_EDGE ( 'NONE', *, *, #2103, .T. ) ;
#6333 = LINE ( 'NONE', #1783, #5770 ) ;
#6334 = ORIENTED_EDGE ( 'NONE', *, *, #1830, .T. ) ;
#6335 = ORIENTED_EDGE ( 'NONE', *, *, #5033, .T. ) ;
#6336 = CARTESIAN_POINT ( 'NONE',  ( -3.438658578574311342, 19.02019027929069139, -26.31451660138218074 ) ) ;
#6337 = VECTOR ( 'NONE', #1168, 1000.000000000000000 ) ;
#6338 = DIRECTION ( 'NONE',  ( -0.3465623512410310192, 0.9380269381538507423, 0.000000000000000000 ) ) ;
#6339 = FACE_OUTER_BOUND ( 'NONE', #8167, .T. ) ;
#6340 = CARTESIAN_POINT ( 'NONE',  ( -0.7693927526465275113, -18.74712152021266931, -33.59634816116375333 ) ) ;
#6341 = CARTESIAN_POINT ( 'NONE',  ( -16.46205883478135945, -9.536718758135423357, -26.99634816116374836 ) ) ;
#6342 = DIRECTION ( 'NONE',  ( -0.000000000000000000, -0.000000000000000000, 1.000000000000000000 ) ) ;
#6343 = DIRECTION ( 'NONE',  ( 0.9380269381538446360, -0.3465623512410477280, -0.000000000000000000 ) ) ;
#6344 = CIRCLE ( 'NONE', #9821, 18.15000000000008029 ) ;
#6345 = EDGE_CURVE ( 'NONE', #1188, #4738, #5483, .T. ) ;
#6346 = EDGE_LOOP ( 'NONE', ( #4402, #5509, #10698, #10623 ) ) ;
#6347 = ORIENTED_EDGE ( 'NONE', *, *, #1215, .T. ) ;
#6348 = DIRECTION ( 'NONE',  ( -0.000000000000000000, -0.000000000000000000, -1.000000000000000000 ) ) ;
#6349 = VERTEX_POINT ( 'NONE', #9239 ) ;
#6350 = DIRECTION ( 'NONE',  ( 1.000000000000000000, 0.000000000000000000, 0.000000000000000000 ) ) ;
#6351 = ORIENTED_EDGE ( 'NONE', *, *, #3001, .F. ) ;
#6352 = DIRECTION ( 'NONE',  ( -0.3826834323650998848, -0.9238795325112825196, 0.000000000000000000 ) ) ;
#6353 = EDGE_CURVE ( 'NONE', #10028, #851, #7536, .T. ) ;
#6354 = VECTOR ( 'NONE', #3081, 1000.000000000000000 ) ;
#6355 = CARTESIAN_POINT ( 'NONE',  ( -3.198396408832238080E-15, 0.5375364957382012809, -26.29634816116374907 ) ) ;
#6356 = CARTESIAN_POINT ( 'NONE',  ( -18.97800256255333551, 4.053159633624573210, -34.29634816116376328 ) ) ;
#6357 = CIRCLE ( 'NONE', #7892, 19.30000000000008598 ) ;
#6358 = CARTESIAN_POINT ( 'NONE',  ( -3.171291354520100469E-15, 0.5375364957382013920, -34.29634816116375617 ) ) ;
#6359 = CARTESIAN_POINT ( 'NONE',  ( 15.96212440652335118, 10.46977389631718935, -34.02662676194078273 ) ) ;
#6360 = FACE_OUTER_BOUND ( 'NONE', #10025, .T. ) ;
#6361 = CIRCLE ( 'NONE', #10803, 19.33712077059222523 ) ;
#6362 = VECTOR ( 'NONE', #4892, 1000.000000000000000 ) ;
#6363 = ORIENTED_EDGE ( 'NONE', *, *, #2421, .F. ) ;
#6364 = EDGE_CURVE ( 'NONE', #3951, #642, #8512, .T. ) ;
#6365 = AXIS2_PLACEMENT_3D ( 'NONE', #4685, #9530, #2912 ) ;
#6366 = CARTESIAN_POINT ( 'NONE',  ( 17.10017454126979075, 8.350170600059421133, -33.96250492026807422 ) ) ;
#6367 = ORIENTED_EDGE ( 'NONE', *, *, #11632, .F. ) ;
#6368 = EDGE_LOOP ( 'NONE', ( #4570, #22, #10513, #3420 ) ) ;
#6369 = CARTESIAN_POINT ( 'NONE',  ( -0.5496344293179106222, 0.1386021843344378279, -26.29634816116374907 ) ) ;
#6370 = VERTEX_POINT ( 'NONE', #188 ) ;
#6371 = LINE ( 'NONE', #2821, #2529 ) ;
#6372 = AXIS2_PLACEMENT_3D ( 'NONE', #5144, #8916, #3507 ) ;
#6373 = DIRECTION ( 'NONE',  ( 0.000000000000000000, -0.000000000000000000, 1.000000000000000000 ) ) ;
#6374 = CIRCLE ( 'NONE', #6545, 19.33712077059222167 ) ;
#6375 = AXIS2_PLACEMENT_3D ( 'NONE', #5919, #2333, #3126 ) ;
#6376 = CARTESIAN_POINT ( 'NONE',  ( -19.28801171605218556, -0.1435188815077514390, -33.94899550485384765 ) ) ;
#6377 = DIRECTION ( 'NONE',  ( 0.1950903220161181728, -0.9807852804032324290, 0.000000000000000000 ) ) ;
#6378 = EDGE_CURVE ( 'NONE', #9132, #11058, #6506, .T. ) ;
#6379 = VECTOR ( 'NONE', #2865, 1000.000000000000114 ) ;
#6380 = AXIS2_PLACEMENT_3D ( 'NONE', #4754, #132, #3850 ) ;
#6381 = VECTOR ( 'NONE', #4548, 1000.000000000000000 ) ;
#6382 = LINE ( 'NONE', #9221, #10441 ) ;
#6383 = VERTEX_POINT ( 'NONE', #870 ) ;
#6384 = ORIENTED_EDGE ( 'NONE', *, *, #3032, .F. ) ;
#6385 = DIRECTION ( 'NONE',  ( -0.9724806208309305644, -0.2329837807837442099, 0.000000000000000000 ) ) ;
#6386 = CARTESIAN_POINT ( 'NONE',  ( -17.52226697299722247, -7.553208842425282121, -33.59634816116375333 ) ) ;
#6387 = CARTESIAN_POINT ( 'NONE',  ( -4.012722106420778090, 19.41596979194861561, -26.31451759764528830 ) ) ;
#6388 = ADVANCED_FACE ( 'NONE', ( #11295 ), #5602, .F. ) ;
#6389 = CARTESIAN_POINT ( 'NONE',  ( 10.58763275542122528, -15.59939565920017301, -34.29634816116374196 ) ) ;
#6390 = CARTESIAN_POINT ( 'NONE',  ( -17.52226697299722247, -7.553208842425282121, -26.99634816116374836 ) ) ;
#6391 = AXIS2_PLACEMENT_3D ( 'NONE', #4438, #1706, #5518 ) ;
#6392 = EDGE_CURVE ( 'NONE', #3674, #7622, #9301, .T. ) ;
#6393 = AXIS2_PLACEMENT_3D ( 'NONE', #899, #8310, #5285 ) ;
#6394 = CARTESIAN_POINT ( 'NONE',  ( 0.000000000000000000, 0.5375364957382012809, -41.52970673519271827 ) ) ;
#6395 = ORIENTED_EDGE ( 'NONE', *, *, #11756, .F. ) ;
#6396 = ORIENTED_EDGE ( 'NONE', *, *, #10057, .T. ) ;
#6397 = DIRECTION ( 'NONE',  ( 0.7340002190031270635, -0.6791492313942213421, 0.000000000000000000 ) ) ;
#6398 = ORIENTED_EDGE ( 'NONE', *, *, #2836, .T. ) ;
#6399 = ORIENTED_EDGE ( 'NONE', *, *, #11378, .F. ) ;
#6400 = DIRECTION ( 'NONE',  ( 0.000000000000000000, 0.000000000000000000, 1.000000000000000000 ) ) ;
#6401 = FACE_OUTER_BOUND ( 'NONE', #6284, .T. ) ;
#6402 = DIRECTION ( 'NONE',  ( -0.7340002190031317264, -0.6791492313942160131, -0.000000000000000000 ) ) ;
#6403 = DIRECTION ( 'NONE',  ( 1.000000000000000000, 0.000000000000000000, 0.000000000000000000 ) ) ;
#6404 = CARTESIAN_POINT ( 'NONE',  ( -14.00000000000000000, 0.5375364957381987274, -29.44634816116375120 ) ) ;
#6405 = FACE_OUTER_BOUND ( 'NONE', #2627, .T. ) ;
#6406 = DIRECTION ( 'NONE',  ( 0.5874011683613039603, -0.8092959084338526843, 0.000000000000000000 ) ) ;
#6407 = ORIENTED_EDGE ( 'NONE', *, *, #9681, .F. ) ;
#6408 = ADVANCED_FACE ( 'NONE', ( #6455 ), #8392, .F. ) ;
#6409 = ORIENTED_EDGE ( 'NONE', *, *, #7315, .F. ) ;
#6410 = AXIS2_PLACEMENT_3D ( 'NONE', #11738, #10948, #2630 ) ;
#6411 = CARTESIAN_POINT ( 'NONE',  ( -6.994133160418912531, 18.52584613720125972, -34.20800806837381458 ) ) ;
#6412 = EDGE_LOOP ( 'NONE', ( #4766, #2120, #1493, #11747 ) ) ;
#6413 = CARTESIAN_POINT ( 'NONE',  ( -3.007641055658277107, -18.52667330378724486, -34.29634816116375617 ) ) ;
#6414 = ORIENTED_EDGE ( 'NONE', *, *, #2113, .F. ) ;
#6415 = CARTESIAN_POINT ( 'NONE',  ( -18.78503423634787595, -0.2124635042615988234, -33.59634816116375333 ) ) ;
#6416 = DIRECTION ( 'NONE',  ( 0.7340002190031318374, 0.6791492313942161241, 0.000000000000000000 ) ) ;
#6417 = ADVANCED_FACE ( 'NONE', ( #8272, #9654 ), #9719, .T. ) ;
#6418 = DIRECTION ( 'NONE',  ( 0.000000000000000000, -0.000000000000000000, -1.000000000000000000 ) ) ;
#6419 = EDGE_CURVE ( 'NONE', #7916, #11091, #10840, .T. ) ;
#6420 = FACE_OUTER_BOUND ( 'NONE', #2874, .T. ) ;
#6421 = LINE ( 'NONE', #10288, #10411 ) ;
#6422 = EDGE_CURVE ( 'NONE', #6772, #936, #2316, .T. ) ;
#6423 = ORIENTED_EDGE ( 'NONE', *, *, #10669, .T. ) ;
#6424 = CARTESIAN_POINT ( 'NONE',  ( -10.35782588660533143, -15.74810451635679698, -34.22032890332828714 ) ) ;
#6425 = ORIENTED_EDGE ( 'NONE', *, *, #9780, .F. ) ;
#6426 = EDGE_CURVE ( 'NONE', #2721, #5279, #2585, .T. ) ;
#6427 = VERTEX_POINT ( 'NONE', #1283 ) ;
#6428 = CARTESIAN_POINT ( 'NONE',  ( -8.090745338163806366, -16.98473047725886786, -26.99634816116374836 ) ) ;
#6429 = VERTEX_POINT ( 'NONE', #6024 ) ;
#6430 = CARTESIAN_POINT ( 'NONE',  ( -0.4984972582793916751, 0.9987816303409925434, -33.59634816116375333 ) ) ;
#6431 = DIRECTION ( 'NONE',  ( 1.000000000000000000, 0.000000000000000000, 0.000000000000000000 ) ) ;
#6432 = EDGE_CURVE ( 'NONE', #3095, #6825, #9668, .T. ) ;
#6433 = CARTESIAN_POINT ( 'NONE',  ( -3.007641055658277107, -18.52667330378724486, -33.59634816116375333 ) ) ;
#6434 = EDGE_CURVE ( 'NONE', #5728, #9369, #10502, .T. ) ;
#6435 = CARTESIAN_POINT ( 'NONE',  ( -14.18035528873435425, 13.62980611888861127, -26.99634816116374836 ) ) ;
#6436 = EDGE_CURVE ( 'NONE', #9418, #2515, #10208, .T. ) ;
#6437 = ADVANCED_FACE ( 'NONE', ( #9595 ), #6924, .T. ) ;
#6438 = EDGE_CURVE ( 'NONE', #11441, #3299, #9630, .T. ) ;
#6439 = CARTESIAN_POINT ( 'NONE',  ( -15.60343119137675316, 11.02359264457472854, -34.29634816116375617 ) ) ;
#6440 = ORIENTED_EDGE ( 'NONE', *, *, #10152, .T. ) ;
#6441 = EDGE_LOOP ( 'NONE', ( #4424, #6398, #9867, #10637, #805, #11779, #2910, #518 ) ) ;
#6442 = DIRECTION ( 'NONE',  ( 0.03878550529303134015, -0.9992475592060078293, 0.000000000000000000 ) ) ;
#6443 = CARTESIAN_POINT ( 'NONE',  ( 6.977030442778040964, 17.99549133118667754, -26.29634816116375262 ) ) ;
#6444 = CARTESIAN_POINT ( 'NONE',  ( 4.516859228947263993, -18.22647114404592728, -34.29634816116375617 ) ) ;
#6445 = DIRECTION ( 'NONE',  ( -0.4182286202377402673, 0.9083417975707359648, 0.000000000000000000 ) ) ;
#6446 = LINE ( 'NONE', #11852, #3736 ) ;
#6447 = CARTESIAN_POINT ( 'NONE',  ( 18.91548308395086764, -3.295804044935394028, -34.29634816116375617 ) ) ;
#6448 = ADVANCED_FACE ( 'NONE', ( #5839 ), #9479, .F. ) ;
#6449 = ORIENTED_EDGE ( 'NONE', *, *, #11906, .F. ) ;
#6450 = ORIENTED_EDGE ( 'NONE', *, *, #7323, .F. ) ;
#6451 = CARTESIAN_POINT ( 'NONE',  ( -4.430873505877720220, 19.32206716222951925, -33.94899550485384054 ) ) ;
#6452 = ORIENTED_EDGE ( 'NONE', *, *, #4568, .T. ) ;
#6453 = ORIENTED_EDGE ( 'NONE', *, *, #1792, .T. ) ;
#6454 = CARTESIAN_POINT ( 'NONE',  ( 0.000000000000000000, 0.5375364957382021691, -41.09634816116376044 ) ) ;
#6455 = FACE_OUTER_BOUND ( 'NONE', #10400, .T. ) ;
#6456 = DIRECTION ( 'NONE',  ( 0.1569032754149203013, 0.9876139742652841891, 0.000000000000000000 ) ) ;
#6457 = DIRECTION ( 'NONE',  ( 1.000000000000000000, 0.000000000000000000, 0.000000000000000000 ) ) ;
#6458 = CARTESIAN_POINT ( 'NONE',  ( -17.61601593170020763, 7.104819319248956155, -33.96250492026806711 ) ) ;
#6459 = DIRECTION ( 'NONE',  ( 1.000000000000000000, 0.000000000000000000, 0.000000000000000000 ) ) ;
#6460 = EDGE_CURVE ( 'NONE', #5970, #7416, #7783, .T. ) ;
#6461 = VECTOR ( 'NONE', #1008, 1000.000000000000000 ) ;
#6462 = FACE_BOUND ( 'NONE', #11963, .T. ) ;
#6463 = EDGE_LOOP ( 'NONE', ( #3134, #5256, #343, #10041 ) ) ;
#6464 = ORIENTED_EDGE ( 'NONE', *, *, #434, .F. ) ;
#6465 = DIRECTION ( 'NONE',  ( 0.000000000000000000, -0.000000000000000000, -1.000000000000000000 ) ) ;
#6466 = EDGE_LOOP ( 'NONE', ( #2755, #8350, #2794, #11200 ) ) ;
#6467 = CARTESIAN_POINT ( 'NONE',  ( 10.63952850974667186, 16.03784532899368998, -34.29634816116376328 ) ) ;
#6468 = ORIENTED_EDGE ( 'NONE', *, *, #1307, .F. ) ;
#6469 = LINE ( 'NONE', #9256, #8702 ) ;
#6470 = CARTESIAN_POINT ( 'NONE',  ( -3.618530594454960614, 18.98558991168359711, -34.29634816116375617 ) ) ;
#6471 = DIRECTION ( 'NONE',  ( 0.1569032754149065623, -0.9876139742652865205, 0.000000000000000000 ) ) ;
#6472 = CARTESIAN_POINT ( 'NONE',  ( 15.95703378537415418, -10.31933319626696033, -34.29634816116376328 ) ) ;
#6473 = ADVANCED_FACE ( 'NONE', ( #4872 ), #9534, .F. ) ;
#6474 = DIRECTION ( 'NONE',  ( -0.03878550529304181094, 0.9992475592060074963, -0.000000000000000000 ) ) ;
#6475 = UNCERTAINTY_MEASURE_WITH_UNIT (LENGTH_MEASURE( 1.000000000000000082E-05 ), #1864, 'distance_accuracy_value', 'NONE');
#6476 = ORIENTED_EDGE ( 'NONE', *, *, #2496, .F. ) ;
#6477 = CARTESIAN_POINT ( 'NONE',  ( 19.06420979952547512, 3.545177551396273774, -33.59634816116375333 ) ) ;
#6478 = ORIENTED_EDGE ( 'NONE', *, *, #10125, .T. ) ;
#6479 = ORIENTED_EDGE ( 'NONE', *, *, #10184, .F. ) ;
#6480 = CARTESIAN_POINT ( 'NONE',  ( 13.59795948890244510, -13.15864902206824816, -26.29634816116374907 ) ) ;
#6481 = DIRECTION ( 'NONE',  ( 0.4182286202377303308, -0.9083417975707405168, 0.000000000000000000 ) ) ;
#6482 = DIRECTION ( 'NONE',  ( -0.1569032754149203013, -0.9876139742652841891, -0.000000000000000000 ) ) ;
#6483 = DIRECTION ( 'NONE',  ( -0.5229032302633875862, -0.8523920528607212832, 0.000000000000000000 ) ) ;
#6484 = CARTESIAN_POINT ( 'NONE',  ( 15.55187027908996100, -10.02525543652590123, -26.29634816116374552 ) ) ;
#6485 = DIRECTION ( 'NONE',  ( 0.9876139742652860765, 0.1569032754149101982, 0.000000000000000000 ) ) ;
#6486 = ADVANCED_FACE ( 'NONE', ( #11355 ), #3039, .F. ) ;
#6487 = EDGE_CURVE ( 'NONE', #10716, #11452, #5185, .T. ) ;
#6488 = DIRECTION ( 'NONE',  ( -0.2329837807837541463, -0.9724806208309282329, 0.000000000000000000 ) ) ;
#6489 = ORIENTED_EDGE ( 'NONE', *, *, #1926, .T. ) ;
#6490 = EDGE_LOOP ( 'NONE', ( #9296, #5817, #1009, #3144 ) ) ;
#6491 = CARTESIAN_POINT ( 'NONE',  ( -17.85733928375339374, 7.859109667189896342, -26.29634816116374907 ) ) ;
#6492 = EDGE_CURVE ( 'NONE', #5492, #3515, #4744, .T. ) ;
#6493 = CARTESIAN_POINT ( 'NONE',  ( 6.627336253428228297, 18.13063655044102163, -26.56606956038671896 ) ) ;
#6494 = CARTESIAN_POINT ( 'NONE',  ( -0.4966189663903682328, 0.7432428069487977407, -26.29634816116374907 ) ) ;
#6495 = LINE ( 'NONE', #1944, #730 ) ;
#6496 = DIRECTION ( 'NONE',  ( 0.9992475592060070522, -0.03878550529305227479, 0.000000000000000000 ) ) ;
#6497 = EDGE_CURVE ( 'NONE', #9489, #5458, #10103, .T. ) ;
#6498 = PLANE ( 'NONE',  #8501 ) ;
#6499 = ORIENTED_EDGE ( 'NONE', *, *, #5675, .F. ) ;
#6500 = EDGE_CURVE ( 'NONE', #11651, #2731, #6084, .T. ) ;
#6501 = VERTEX_POINT ( 'NONE', #3407 ) ;
#6502 = CARTESIAN_POINT ( 'NONE',  ( -4.191598272853834573, 19.37731261412853812, -34.22032890332828714 ) ) ;
#6503 = ORIENTED_EDGE ( 'NONE', *, *, #9631, .T. ) ;
#6504 = ORIENTED_EDGE ( 'NONE', *, *, #4186, .T. ) ;
#6505 = DIRECTION ( 'NONE',  ( 0.000000000000000000, 0.000000000000000000, 1.000000000000000000 ) ) ;
#6506 = LINE ( 'NONE', #3896, #7728 ) ;
#6507 = FACE_OUTER_BOUND ( 'NONE', #6441, .T. ) ;
#6508 = PLANE ( 'NONE',  #9169 ) ;
#6509 = DIRECTION ( 'NONE',  ( -0.000000000000000000, -0.000000000000000000, 1.000000000000000000 ) ) ;
#6510 = DIRECTION ( 'NONE',  ( -0.1569032754148996511, 0.9876139742652876308, 0.000000000000000000 ) ) ;
#6511 = DIRECTION ( 'NONE',  ( 0.000000000000000000, -1.334402673828313339E-16, 1.000000000000000000 ) ) ;
#6512 = ORIENTED_EDGE ( 'NONE', *, *, #6353, .T. ) ;
#6513 = ORIENTED_EDGE ( 'NONE', *, *, #11515, .F. ) ;
#6514 = DIRECTION ( 'NONE',  ( 0.8314696123025404617, -0.5555702330196092831, 0.000000000000000000 ) ) ;
#6515 = ORIENTED_EDGE ( 'NONE', *, *, #947, .T. ) ;
#6516 = CARTESIAN_POINT ( 'NONE',  ( 16.00867175329644709, -10.24265036234601389, -26.29634816116374907 ) ) ;
#6517 = EDGE_LOOP ( 'NONE', ( #9072, #9017, #7361, #5594 ) ) ;
#6518 = CARTESIAN_POINT ( 'NONE',  ( 10.66468526717345888, -15.54831095325050860, -26.29634816116374907 ) ) ;
#6519 = DIRECTION ( 'NONE',  ( 0.8314696123025404617, -0.5555702330196092831, 0.000000000000000000 ) ) ;
#6520 = CARTESIAN_POINT ( 'NONE',  ( -18.76400763978415753, -3.979322733209000873, -33.59634816116375333 ) ) ;
#6521 = LINE ( 'NONE', #4654, #4600 ) ;
#6522 = CIRCLE ( 'NONE', #10200, 19.33712077059221812 ) ;
#6523 = ADVANCED_FACE ( 'NONE', ( #2430 ), #555, .F. ) ;
#6524 = CARTESIAN_POINT ( 'NONE',  ( 3.697097124735971629, -18.40504708861671190, -34.29634816116375617 ) ) ;
#6525 = ORIENTED_EDGE ( 'NONE', *, *, #2625, .T. ) ;
#6526 = VECTOR ( 'NONE', #6694, 1000.000000000000227 ) ;
#6527 = CARTESIAN_POINT ( 'NONE',  ( -10.08978308122297385, -15.91504718462363677, -33.77951245282525150 ) ) ;
#6528 = ORIENTED_EDGE ( 'NONE', *, *, #6777, .F. ) ;
#6529 = ORIENTED_EDGE ( 'NONE', *, *, #3158, .F. ) ;
#6530 = B_SPLINE_CURVE_WITH_KNOTS ( 'NONE', 3,
 ( #9639, #7639, #366, #3098, #1334, #4127, #4000, #11473 ),
 .UNSPECIFIED., .F., .F.,
 ( 4, 2, 2, 4 ),
 ( 0.000000000000000000, 0.0002734144572333943026, 0.0005468289144667886053, 0.001093657828933582848 ),
 .UNSPECIFIED. ) ;
#6531 = CARTESIAN_POINT ( 'NONE',  ( 13.19512322287336481, -13.54730955245152657, -26.56607335038743045 ) ) ;
#6532 = ADVANCED_FACE ( 'NONE', ( #9835 ), #7962, .F. ) ;
#6533 = AXIS2_PLACEMENT_3D ( 'NONE', #1030, #172, #911 ) ;
#6534 = LINE ( 'NONE', #9386, #3286 ) ;
#6535 = DIRECTION ( 'NONE',  ( 0.03878550529304181788, -0.9992475592060076073, 0.000000000000000000 ) ) ;
#6536 = CARTESIAN_POINT ( 'NONE',  ( 4.400367338555529528, 18.81530382510683452, -26.99634816116374836 ) ) ;
#6537 = DIRECTION ( 'NONE',  ( 0.000000000000000000, 0.000000000000000000, -1.000000000000000000 ) ) ;
#6538 = B_SPLINE_CURVE_WITH_KNOTS ( 'NONE', 3,
 ( #5140, #3434, #4229, #7934, #7028, #7142, #11818, #10847 ),
 .UNSPECIFIED., .F., .F.,
 ( 4, 2, 2, 4 ),
 ( 0.000000000000000000, 0.0002734144572333957663, 0.0005468289144667915326, 0.001093657828933583065 ),
 .UNSPECIFIED. ) ;
#6539 = CARTESIAN_POINT ( 'NONE',  ( 18.35586621399181340, 4.599313864921394490, -34.20801078711517107 ) ) ;
#6540 = AXIS2_PLACEMENT_3D ( 'NONE', #6712, #4905, #7760 ) ;
#6541 = AXIS2_PLACEMENT_3D ( 'NONE', #8653, #6697, #5076 ) ;
#6542 = LINE ( 'NONE', #6435, #1311 ) ;
#6543 = AXIS2_PLACEMENT_3D ( 'NONE', #5993, #4225, #1563 ) ;
#6544 = EDGE_CURVE ( 'NONE', #3829, #8686, #8024, .T. ) ;
#6545 = AXIS2_PLACEMENT_3D ( 'NONE', #9247, #5665, #9143 ) ;
#6546 = LINE ( 'NONE', #4967, #5800 ) ;
#6547 = ORIENTED_EDGE ( 'NONE', *, *, #1363, .F. ) ;
#6548 = ORIENTED_EDGE ( 'NONE', *, *, #10742, .F. ) ;
#6549 = DIRECTION ( 'NONE',  ( 0.000000000000000000, -0.000000000000000000, -1.000000000000000000 ) ) ;
#6550 = CARTESIAN_POINT ( 'NONE',  ( 6.495811729277876978, 18.17965771849760159, -26.90389799132447024 ) ) ;
#6551 = CARTESIAN_POINT ( 'NONE',  ( 13.60606977645244875, 14.24248732249673743, -26.99634816116374836 ) ) ;
#6552 = CARTESIAN_POINT ( 'NONE',  ( -19.28465801595087470, -0.2318562569081137059, -26.81145002369892083 ) ) ;
#6553 = FACE_OUTER_BOUND ( 'NONE', #5497, .T. ) ;
#6554 = ADVANCED_FACE ( 'NONE', ( #5296 ), #3529, .F. ) ;
#6555 = VECTOR ( 'NONE', #791, 1000.000000000000000 ) ;
#6556 = VECTOR ( 'NONE', #8681, 1000.000000000000114 ) ;
#6557 = CARTESIAN_POINT ( 'NONE',  ( -3.144186300207962859E-15, 0.5375364957382012809, -34.29634816116375617 ) ) ;
#6558 = AXIS2_PLACEMENT_3D ( 'NONE', #11735, #9786, #7123 ) ;
#6559 = EDGE_CURVE ( 'NONE', #9424, #1910, #4023, .T. ) ;
#6560 = ORIENTED_EDGE ( 'NONE', *, *, #4621, .T. ) ;
#6561 = ORIENTED_EDGE ( 'NONE', *, *, #11242, .F. ) ;
#6562 = CARTESIAN_POINT ( 'NONE',  ( -15.96212440652321263, 10.46977389631741850, -26.56606956038672251 ) ) ;
#6563 = ORIENTED_EDGE ( 'NONE', *, *, #3147, .F. ) ;
#6564 = EDGE_LOOP ( 'NONE', ( #5465, #3000, #6810, #7275 ) ) ;
#6565 = CYLINDRICAL_SURFACE ( 'NONE', #11418, 0.7000000000000000666 ) ;
#6566 = DIRECTION ( 'NONE',  ( -0.000000000000000000, -0.000000000000000000, 1.000000000000000000 ) ) ;
#6567 = CARTESIAN_POINT ( 'NONE',  ( 2.929189417950544883, -18.03286631665464057, -26.81144803512891173 ) ) ;
#6568 = CARTESIAN_POINT ( 'NONE',  ( -3.184081677783118191E-15, 0.5375364957382012809, -26.29634816116374907 ) ) ;
#6569 = FACE_OUTER_BOUND ( 'NONE', #2804, .T. ) ;
#6570 = VECTOR ( 'NONE', #7180, 1000.000000000000000 ) ;
#6571 = CARTESIAN_POINT ( 'NONE',  ( -17.64212122275932870, 7.033348225016253785, -33.78124828719859352 ) ) ;
#6572 = DIRECTION ( 'NONE',  ( -0.7340002190031341689, -0.6791492313942135706, 0.000000000000000000 ) ) ;
#6573 = DIRECTION ( 'NONE',  ( 0.2329837807837476515, 0.9724806208309298983, 0.000000000000000000 ) ) ;
#6574 = ADVANCED_FACE ( 'NONE', ( #618 ), #9003, .F. ) ;
#6575 = CARTESIAN_POINT ( 'NONE',  ( -3.144186300207962859E-15, 0.5375364957382012809, -26.29634816116374907 ) ) ;
#6576 = CIRCLE ( 'NONE', #1909, 19.30000000000008242 ) ;
#6577 = ORIENTED_EDGE ( 'NONE', *, *, #9586, .T. ) ;
#6578 = ORIENTED_EDGE ( 'NONE', *, *, #10661, .T. ) ;
#6579 = CARTESIAN_POINT ( 'NONE',  ( 18.79646519144482397, -3.842767303637000254, -26.56607335038743400 ) ) ;
#6580 = ORIENTED_EDGE ( 'NONE', *, *, #4033, .F. ) ;
#6581 = CYLINDRICAL_SURFACE ( 'NONE', #6380, 0.7000000000000000666 ) ;
#6582 = ORIENTED_EDGE ( 'NONE', *, *, #8591, .F. ) ;
#6583 = CARTESIAN_POINT ( 'NONE',  ( -13.69618551780621196, 14.13549598464089385, -26.29634816116374907 ) ) ;
#6584 = CIRCLE ( 'NONE', #3490, 19.33712077059222167 ) ;
#6585 = DIRECTION ( 'NONE',  ( 0.000000000000000000, 0.000000000000000000, -1.000000000000000000 ) ) ;
#6586 = CARTESIAN_POINT ( 'NONE',  ( 18.39198936750472413, -3.360394742957980352, -34.29634816116376328 ) ) ;
#6587 = CARTESIAN_POINT ( 'NONE',  ( -0.2057063112106004010, 1.034155462128566016, -34.29634816116375617 ) ) ;
#6588 = LINE ( 'NONE', #84, #10219 ) ;
#6589 = VECTOR ( 'NONE', #104, 1000.000000000000114 ) ;
#6590 = ORIENTED_EDGE ( 'NONE', *, *, #10464, .F. ) ;
#6591 = CARTESIAN_POINT ( 'NONE',  ( 7.999999999999992895, 0.5375364957382021691, -21.29634816116374907 ) ) ;
#6592 = ORIENTED_EDGE ( 'NONE', *, *, #4413, .F. ) ;
#6593 = ADVANCED_FACE ( 'NONE', ( #1595 ), #2614, .F. ) ;
#6594 = ORIENTED_EDGE ( 'NONE', *, *, #8563, .T. ) ;
#6595 = CARTESIAN_POINT ( 'NONE',  ( 13.15710500441166708, -13.58272625990226068, -26.64370081747365404 ) ) ;
#6596 = PLANE ( 'NONE',  #2888 ) ;
#6597 = LINE ( 'NONE', #7626, #4074 ) ;
#6598 = DIRECTION ( 'NONE',  ( 1.000000000000000000, 0.000000000000000000, 0.000000000000000000 ) ) ;
#6599 = CARTESIAN_POINT ( 'NONE',  ( -6.669092904898531238, -17.57359819609807161, -26.99634816116374836 ) ) ;
#6600 = AXIS2_PLACEMENT_3D ( 'NONE', #11358, #2073, #8577 ) ;
#6601 = CARTESIAN_POINT ( 'NONE',  ( 0.7499999999999982236, 19.32257073208607068, -34.29634816116375617 ) ) ;
#6602 = DIRECTION ( 'NONE',  ( -0.000000000000000000, -0.000000000000000000, 1.000000000000000000 ) ) ;
#6603 = CARTESIAN_POINT ( 'NONE',  ( -0.3800957012717374184, 0.1574407944664638070, -34.29634816116375617 ) ) ;
#6604 = ORIENTED_EDGE ( 'NONE', *, *, #126, .F. ) ;
#6605 = FACE_OUTER_BOUND ( 'NONE', #7972, .T. ) ;
#6606 = CARTESIAN_POINT ( 'NONE',  ( 3.025612882145683358, 19.59893463629536470, -33.77951245282525150 ) ) ;
#6607 = CARTESIAN_POINT ( 'NONE',  ( -18.76400763978415043, -3.979322733208999097, -34.29634816116375617 ) ) ;
#6608 = FACE_BOUND ( 'NONE', #2023, .T. ) ;
#6609 = CARTESIAN_POINT ( 'NONE',  ( -19.29363787273916842, 0.03782787980634270270, -26.43662752414719463 ) ) ;
#6610 = CARTESIAN_POINT ( 'NONE',  ( -9.812803638741884882, 16.57339930408923223, -33.59634816116375333 ) ) ;
#6611 = ADVANCED_FACE ( 'NONE', ( #5571 ), #4668, .F. ) ;
#6612 = DIRECTION ( 'NONE',  ( 1.000000000000000000, 0.000000000000000000, 0.000000000000000000 ) ) ;
#6613 = EDGE_LOOP ( 'NONE', ( #3738, #11387, #11089, #205 ) ) ;
#6614 = B_SPLINE_CURVE_WITH_KNOTS ( 'NONE', 3,
 ( #2184, #6015, #11475, #9763, #5886, #10548, #4001, #1396 ),
 .UNSPECIFIED., .F., .F.,
 ( 4, 2, 2, 4 ),
 ( 0.000000000000000000, 0.0002734111411466465507, 0.0005468222822932931014, 0.001093644564586588371 ),
 .UNSPECIFIED. ) ;
#6615 = ORIENTED_EDGE ( 'NONE', *, *, #11980, .F. ) ;
#6616 = LINE ( 'NONE', #3827, #2293 ) ;
#6617 = ORIENTED_EDGE ( 'NONE', *, *, #6820, .F. ) ;
#6618 = VERTEX_POINT ( 'NONE', #3801 ) ;
#6619 = DIRECTION ( 'NONE',  ( 1.000000000000000000, 0.000000000000000000, 0.000000000000000000 ) ) ;
#6620 = CARTESIAN_POINT ( 'NONE',  ( 10.77707886381073621, 15.94177068721876545, -26.38468553521233773 ) ) ;
#6621 = LINE ( 'NONE', #10318, #5440 ) ;
#6622 = PLANE ( 'NONE',  #8002 ) ;
#6623 = DIRECTION ( 'NONE',  ( 1.000000000000000000, 0.000000000000000000, 0.000000000000000000 ) ) ;
#6624 = DIRECTION ( 'NONE',  ( -0.000000000000000000, -0.000000000000000000, 1.000000000000000000 ) ) ;
#6625 = CYLINDRICAL_SURFACE ( 'NONE', #10139, 0.7000000000000000666 ) ;
#6626 = CARTESIAN_POINT ( 'NONE',  ( 4.516859228947263993, -18.22647114404592728, -33.68879736725453711 ) ) ;
#6627 = DIRECTION ( 'NONE',  ( -0.000000000000000000, 0.000000000000000000, 1.000000000000000000 ) ) ;
#6628 = ORIENTED_EDGE ( 'NONE', *, *, #2949, .T. ) ;
#6629 = VERTEX_POINT ( 'NONE', #8550 ) ;
#6630 = CARTESIAN_POINT ( 'NONE',  ( 16.45258368036194696, 10.62731957696099094, -26.81318386950226440 ) ) ;
#6631 = EDGE_CURVE ( 'NONE', #8230, #10601, #11394, .T. ) ;
#6632 = ORIENTED_EDGE ( 'NONE', *, *, #7679, .F. ) ;
#6633 = EDGE_CURVE ( 'NONE', #4698, #1566, #3047, .T. ) ;
#6634 = CARTESIAN_POINT ( 'NONE',  ( 2.929189417950545771, -18.03286631665464412, -33.59634816116375333 ) ) ;
#6635 = EDGE_LOOP ( 'NONE', ( #6264, #2224, #11662, #1923, #604, #3544, #8936, #10367 ) ) ;
#6636 = DIRECTION ( 'NONE',  ( -0.8092959084338506859, -0.5874011683613068469, -0.000000000000000000 ) ) ;
#6637 = EDGE_CURVE ( 'NONE', #3104, #568, #2422, .T. ) ;
#6638 = EDGE_LOOP ( 'NONE', ( #3446, #7988, #2589, #2214 ) ) ;
#6639 = CARTESIAN_POINT ( 'NONE',  ( -10.07425525387357013, 16.99959533051958971, -26.99634816116374836 ) ) ;
#6640 = EDGE_CURVE ( 'NONE', #11368, #10373, #7939, .T. ) ;
#6641 = CARTESIAN_POINT ( 'NONE',  ( -10.78018685808427435, -15.47113525755820795, -26.29634816116374907 ) ) ;
#6642 = CIRCLE ( 'NONE', #6075, 19.30000000000008598 ) ;
#6643 = CARTESIAN_POINT ( 'NONE',  ( -11.06000805719570756, 15.74004395455983563, -26.99634816116374836 ) ) ;
#6644 = LINE ( 'NONE', #10342, #6933 ) ;
#6645 = EDGE_CURVE ( 'NONE', #3826, #9367, #7786, .T. ) ;
#6646 = VERTEX_POINT ( 'NONE', #281 ) ;
#6647 = VECTOR ( 'NONE', #1472, 1000.000000000000000 ) ;
#6648 = CARTESIAN_POINT ( 'NONE',  ( -13.09226962315036502, -13.64281879299619504, -34.29634816116375617 ) ) ;
#6649 = ORIENTED_EDGE ( 'NONE', *, *, #4579, .F. ) ;
#6650 = VERTEX_POINT ( 'NONE', #4961 ) ;
#6651 = DIRECTION ( 'NONE',  ( -1.000000000000000000, 0.000000000000000000, 0.000000000000000000 ) ) ;
#6652 = EDGE_CURVE ( 'NONE', #517, #10580, #157, .T. ) ;
#6653 = CARTESIAN_POINT ( 'NONE',  ( 12.85544823448850948, 14.25526976480181496, -26.56606956038672251 ) ) ;
#6654 = CARTESIAN_POINT ( 'NONE',  ( -15.90579585943597074, -10.39419897950880589, -26.31451759764529541 ) ) ;
#6655 = CARTESIAN_POINT ( 'NONE',  ( -17.85733928375354651, -6.784036675713113418, -34.29634816116375617 ) ) ;
#6656 = DIRECTION ( 'NONE',  ( 0.3826834323650805114, -0.9238795325112906243, 0.000000000000000000 ) ) ;
#6657 = DIRECTION ( 'NONE',  ( 1.000000000000000000, 0.000000000000000000, 0.000000000000000000 ) ) ;
#6658 = CARTESIAN_POINT ( 'NONE',  ( 0.000000000000000000, 0.5375364957382021691, -43.49634816116374481 ) ) ;
#6659 = CARTESIAN_POINT ( 'NONE',  ( -13.81335517923306000, -12.21515851171479916, -26.99634816116374836 ) ) ;
#6660 = FACE_OUTER_BOUND ( 'NONE', #8837, .T. ) ;
#6661 = VERTEX_POINT ( 'NONE', #1992 ) ;
#6662 = CARTESIAN_POINT ( 'NONE',  ( 11.06000805719581059, -14.66497096308336090, -33.78124828719859352 ) ) ;
#6663 = CARTESIAN_POINT ( 'NONE',  ( 3.094935327592980734, 19.58780178794499705, -33.94899550485385475 ) ) ;
#6664 = CARTESIAN_POINT ( 'NONE',  ( 8.074240236533393400, -16.99237728009615722, -33.77951245282525150 ) ) ;
#6665 = DIRECTION ( 'NONE',  ( 0.000000000000000000, 0.000000000000000000, -1.000000000000000000 ) ) ;
#6666 = CARTESIAN_POINT ( 'NONE',  ( -16.03586280835099487, -9.275267143003736336, -26.99634816116374836 ) ) ;
#6667 = DIRECTION ( 'NONE',  ( 0.5555702330195947392, -0.8314696123025502317, 0.000000000000000000 ) ) ;
#6668 = FACE_OUTER_BOUND ( 'NONE', #4006, .T. ) ;
#6669 = EDGE_LOOP ( 'NONE', ( #588, #35, #4953, #10248 ) ) ;
#6670 = ORIENTED_EDGE ( 'NONE', *, *, #4997, .F. ) ;
#6671 = DIRECTION ( 'NONE',  ( 0.4182286202377468176, 0.9083417975707329672, 0.000000000000000000 ) ) ;
#6672 = ORIENTED_EDGE ( 'NONE', *, *, #535, .F. ) ;
#6673 = ORIENTED_EDGE ( 'NONE', *, *, #9032, .T. ) ;
#6674 = CARTESIAN_POINT ( 'NONE',  ( 0.6370622852088065891, 0.7729047932451785785, -33.59634816116375333 ) ) ;
#6675 = EDGE_CURVE ( 'NONE', #8267, #1735, #5193, .T. ) ;
#6676 = CARTESIAN_POINT ( 'NONE',  ( -17.64212122275933226, 7.033348225016254673, -34.29634816116375617 ) ) ;
#6677 = CARTESIAN_POINT ( 'NONE',  ( 17.42279670759671006, 7.600071272127109978, -26.29634816116374196 ) ) ;
#6678 = CARTESIAN_POINT ( 'NONE',  ( -15.61368827667429215, 11.03103741703059804, -26.99634816116374836 ) ) ;
#6679 = CARTESIAN_POINT ( 'NONE',  ( -10.39999999999998792, 0.5375364957382033904, -21.29634816116374907 ) ) ;
#6680 = CARTESIAN_POINT ( 'NONE',  ( -0.2986392761938140850, 0.09059123402828882232, -34.29634816116375617 ) ) ;
#6681 = DIRECTION ( 'NONE',  ( -0.8092959084338526843, -0.5874011683613041823, 0.000000000000000000 ) ) ;
#6682 = CARTESIAN_POINT ( 'NONE',  ( 4.499179450988949114, -18.23075103011883158, -33.77951245282524440 ) ) ;
#6683 = CARTESIAN_POINT ( 'NONE',  ( 18.91548308395089606, 4.370877036411658700, -34.29634816116375617 ) ) ;
#6684 = ORIENTED_EDGE ( 'NONE', *, *, #5088, .T. ) ;
#6685 = VERTEX_POINT ( 'NONE', #8666 ) ;
#6686 = CARTESIAN_POINT ( 'NONE',  ( -3.198396408832238080E-15, 0.5375364957382012809, -34.29634816116375617 ) ) ;
#6687 = EDGE_LOOP ( 'NONE', ( #2166, #3527, #5047, #3778 ) ) ;
#6688 = CARTESIAN_POINT ( 'NONE',  ( 10.07425525387380105, 16.99959533051945826, -33.59634816116375333 ) ) ;
#6689 = ORIENTED_EDGE ( 'NONE', *, *, #8814, .T. ) ;
#6690 = DIRECTION ( 'NONE',  ( 0.6791492313942186776, 0.7340002190031295060, -0.000000000000000000 ) ) ;
#6691 = B_SPLINE_CURVE_WITH_KNOTS ( 'NONE', 3,
 ( #11645, #9880, #7216, #6309, #9038, #11702, #1751, #9996 ),
 .UNSPECIFIED., .F., .F.,
 ( 4, 2, 2, 4 ),
 ( 1.734723475976806902E-18, 0.0002734115678465794791, 0.0005468231356931572236, 0.001093646271386297967 ),
 .UNSPECIFIED. ) ;
#6692 = ORIENTED_EDGE ( 'NONE', *, *, #7034, .T. ) ;
#6693 = DIRECTION ( 'NONE',  ( 0.8523920528607193958, -0.5229032302633908058, 0.000000000000000000 ) ) ;
#6694 = DIRECTION ( 'NONE',  ( -0.9724806208309322297, -0.2329837807837371599, -0.000000000000000000 ) ) ;
#6695 = DIRECTION ( 'NONE',  ( 0.9083417975707390735, 0.4182286202377336060, 0.000000000000000000 ) ) ;
#6696 = ADVANCED_FACE ( 'NONE', ( #7449 ), #1136, .F. ) ;
#6697 = DIRECTION ( 'NONE',  ( 0.000000000000000000, -0.000000000000000000, -1.000000000000000000 ) ) ;
#6698 = PRODUCT_DEFINITION ( 'UNKNOWN', '', #9009, #4533 ) ;
#6699 = ORIENTED_EDGE ( 'NONE', *, *, #11847, .T. ) ;
#6700 = EDGE_CURVE ( 'NONE', #11951, #11408, #11260, .T. ) ;
#6701 = ORIENTED_EDGE ( 'NONE', *, *, #5315, .F. ) ;
#6702 = DIRECTION ( 'NONE',  ( 0.000000000000000000, 0.000000000000000000, -1.000000000000000000 ) ) ;
#6703 = EDGE_LOOP ( 'NONE', ( #3136, #373, #2299, #11861 ) ) ;
#6704 = ORIENTED_EDGE ( 'NONE', *, *, #10742, .T. ) ;
#6705 = CARTESIAN_POINT ( 'NONE',  ( 9.812803638741991463, -15.49832631261275395, -33.68879833100304921 ) ) ;
#6706 = CARTESIAN_POINT ( 'NONE',  ( 8.074651695274543073, -14.76246350426184328, -44.29634816116374907 ) ) ;
#6707 = CARTESIAN_POINT ( 'NONE',  ( 7.992049606106917281, 15.50404494607282047, -44.96285661149831725 ) ) ;
#6708 = LINE ( 'NONE', #1990, #10913 ) ;
#6709 = DIRECTION ( 'NONE',  ( -0.9083417975707330783, 0.4182286202377467066, -0.000000000000000000 ) ) ;
#6710 = AXIS2_PLACEMENT_3D ( 'NONE', #8637, #4019, #6745 ) ;
#6711 = CARTESIAN_POINT ( 'NONE',  ( -3.144186300207962859E-15, 0.5375364957382012809, -34.29634816116375617 ) ) ;
#6712 = CARTESIAN_POINT ( 'NONE',  ( -3.184843881676169275E-15, 0.5375364957382012809, -26.29634816116374907 ) ) ;
#6713 = CARTESIAN_POINT ( 'NONE',  ( -10.32584917112459166, 16.24772686623120421, -26.29634816116374552 ) ) ;
#6714 = B_SPLINE_CURVE_WITH_KNOTS ( 'NONE', 3,
 ( #2833, #4728, #6606, #6663, #1082, #8494, #11525, #7770 ),
 .UNSPECIFIED., .F., .F.,
 ( 4, 2, 2, 4 ),
 ( 0.000000000000000000, 0.0002734111411466469302, 0.0005468222822932938603, 0.001093644564586588588 ),
 .UNSPECIFIED. ) ;
#6715 = EDGE_CURVE ( 'NONE', #10973, #10918, #2892, .T. ) ;
#6716 = AXIS2_PLACEMENT_3D ( 'NONE', #1424, #5129, #8715 ) ;
#6717 = ORIENTED_EDGE ( 'NONE', *, *, #5819, .T. ) ;
#6718 = AXIS2_PLACEMENT_3D ( 'NONE', #609, #4954, #3074 ) ;
#6719 = DIRECTION ( 'NONE',  ( 0.5874011683613182822, 0.8092959084338424702, 0.000000000000000000 ) ) ;
#6720 = FACE_OUTER_BOUND ( 'NONE', #11647, .T. ) ;
#6721 = ORIENTED_EDGE ( 'NONE', *, *, #873, .F. ) ;
#6722 = ORIENTED_EDGE ( 'NONE', *, *, #6364, .T. ) ;
#6723 = DIRECTION ( 'NONE',  ( -0.9876139742652869646, -0.1569032754149030651, 0.000000000000000000 ) ) ;
#6724 = DIRECTION ( 'NONE',  ( 0.000000000000000000, -0.000000000000000000, -1.000000000000000000 ) ) ;
#6725 = CARTESIAN_POINT ( 'NONE',  ( -11.06000805719603619, -14.66497096308320458, -34.29634816116375617 ) ) ;
#6726 = CARTESIAN_POINT ( 'NONE',  ( 18.79553589612560316, 0.1213483043967320263, -34.22033216491848151 ) ) ;
#6727 = LINE ( 'NONE', #6610, #7619 ) ;
#6728 = EDGE_CURVE ( 'NONE', #1740, #8335, #3632, .T. ) ;
#6729 = DIRECTION ( 'NONE',  ( -0.000000000000000000, -0.000000000000000000, 1.000000000000000000 ) ) ;
#6730 = AXIS2_PLACEMENT_3D ( 'NONE', #5637, #10239, #4722 ) ;
#6731 = CIRCLE ( 'NONE', #4601, 18.15000000000008029 ) ;
#6732 = ORIENTED_EDGE ( 'NONE', *, *, #3805, .T. ) ;
#6733 = AXIS2_PLACEMENT_3D ( 'NONE', #10142, #750, #11859 ) ;
#6734 = ORIENTED_EDGE ( 'NONE', *, *, #5515, .T. ) ;
#6735 = DIRECTION ( 'NONE',  ( 0.9083417975707330783, -0.4182286202377467066, 0.000000000000000000 ) ) ;
#6736 = EDGE_LOOP ( 'NONE', ( #4799, #8709, #3981, #752 ) ) ;
#6737 = VERTEX_POINT ( 'NONE', #10353 ) ;
#6738 = EDGE_CURVE ( 'NONE', #7680, #5151, #8515, .T. ) ;
#6739 = DIRECTION ( 'NONE',  ( -0.000000000000000000, -0.000000000000000000, 1.000000000000000000 ) ) ;
#6740 = CARTESIAN_POINT ( 'NONE',  ( 15.96212440652327480, -9.394700904840906475, -26.56606956038672251 ) ) ;
#6741 = CARTESIAN_POINT ( 'NONE',  ( 11.06000805719581059, -14.66497096308335379, -26.99634816116374836 ) ) ;
#6742 = CARTESIAN_POINT ( 'NONE',  ( 12.75269500745314133, 14.35089167497111795, -33.78124828719858641 ) ) ;
#6743 = CARTESIAN_POINT ( 'NONE',  ( -13.59795948890235628, 14.23372201354474598, -26.29634816116374907 ) ) ;
#6744 = CONICAL_SURFACE ( 'NONE', #2289, 16.30000000000003624, 0.7853981633974517207 ) ;
#6745 = DIRECTION ( 'NONE',  ( -0.9724806208309305644, -0.2329837807837442099, 0.000000000000000000 ) ) ;
#6746 = DIRECTION ( 'NONE',  ( 0.9807852804032318739, 0.1950903220161216700, 0.000000000000000000 ) ) ;
#6747 = AXIS2_PLACEMENT_3D ( 'NONE', #6819, #4937, #8640 ) ;
#6748 = AXIS2_PLACEMENT_3D ( 'NONE', #1956, #4802, #2797 ) ;
#6749 = CYLINDRICAL_SURFACE ( 'NONE', #7148, 19.33712077059222167 ) ;
#6750 = CIRCLE ( 'NONE', #160, 9.599999999999988987 ) ;
#6751 = CARTESIAN_POINT ( 'NONE',  ( 14.18035528873443951, -12.55473312741210989, -34.29634816116375617 ) ) ;
#6752 = ADVANCED_FACE ( 'NONE', ( #8977 ), #7085, .F. ) ;
#6753 = CIRCLE ( 'NONE', #1724, 19.33712077059222523 ) ;
#6754 = EDGE_LOOP ( 'NONE', ( #9082, #3973, #2757, #7412, #229, #3428, #1130, #11 ) ) ;
#6755 = ORIENTED_EDGE ( 'NONE', *, *, #10775, .F. ) ;
#6756 = AXIS2_PLACEMENT_3D ( 'NONE', #11478, #1155, #5649 ) ;
#6757 = CARTESIAN_POINT ( 'NONE',  ( -7.449911663003912388, 18.34171623571615939, -26.29634816116374907 ) ) ;
#6758 = ORIENTED_EDGE ( 'NONE', *, *, #5543, .T. ) ;
#6759 = VERTEX_POINT ( 'NONE', #7032 ) ;
#6760 = CARTESIAN_POINT ( 'NONE',  ( 13.09226962315026022, 14.71789178447269109, -33.59634816116375333 ) ) ;
#6761 = VECTOR ( 'NONE', #7106, 1000.000000000000000 ) ;
#6762 = VERTEX_POINT ( 'NONE', #3257 ) ;
#6763 = DIRECTION ( 'NONE',  ( -0.000000000000000000, -0.000000000000000000, -1.000000000000000000 ) ) ;
#6764 = CARTESIAN_POINT ( 'NONE',  ( 10.51057942118743505, -15.65048091044326739, -26.29634816116374552 ) ) ;
#6765 = PLANE ( 'NONE',  #8887 ) ;
#6766 = AXIS2_PLACEMENT_3D ( 'NONE', #671, #8751, #7833 ) ;
#6767 = CARTESIAN_POINT ( 'NONE',  ( -0.7693927526465210720, 19.82219451168907298, -34.29634816116375617 ) ) ;
#6768 = ADVANCED_FACE ( 'NONE', ( #6970 ), #10726, .F. ) ;
#6769 = VERTEX_POINT ( 'NONE', #6115 ) ;
#6770 = ORIENTED_EDGE ( 'NONE', *, *, #726, .F. ) ;
#6771 = CARTESIAN_POINT ( 'NONE',  ( -3.271892909798964411, -17.97544750602614272, -34.20801078711517818 ) ) ;
#6772 = VERTEX_POINT ( 'NONE', #11642 ) ;
#6773 = EDGE_CURVE ( 'NONE', #6762, #2572, #6059, .T. ) ;
#6774 = CARTESIAN_POINT ( 'NONE',  ( -18.48265378355248245, -2.901122082836171678, -26.31451660138218074 ) ) ;
#6775 = EDGE_LOOP ( 'NONE', ( #9069, #2719, #5740, #7718 ) ) ;
#6776 = DIRECTION ( 'NONE',  ( 1.000000000000000000, 0.000000000000000000, 0.000000000000000000 ) ) ;
#6777 = EDGE_CURVE ( 'NONE', #4103, #7553, #4981, .T. ) ;
#6778 = CARTESIAN_POINT ( 'NONE',  ( -10.09619242343941359, -15.32160221927540000, -26.37236415740902373 ) ) ;
#6779 = FACE_BOUND ( 'NONE', #3794, .T. ) ;
#6780 = CARTESIAN_POINT ( 'NONE',  ( -15.20250745882137267, 11.59754455293428421, -26.99634816116374836 ) ) ;
#6781 = DIRECTION ( 'NONE',  ( 0.000000000000000000, -0.000000000000000000, -1.000000000000000000 ) ) ;
#6782 = CYLINDRICAL_SURFACE ( 'NONE', #3057, 19.33712077059222167 ) ;
#6783 = ADVANCED_FACE ( 'NONE', ( #2352 ), #1502, .F. ) ;
#6784 = CARTESIAN_POINT ( 'NONE',  ( -0.1582312551650282562, -0.1229250554483183183, -26.29634816116374907 ) ) ;
#6785 = EDGE_CURVE ( 'NONE', #2457, #8071, #10525, .T. ) ;
#6786 = ORIENTED_EDGE ( 'NONE', *, *, #9751, .T. ) ;
#6787 = DIRECTION ( 'NONE',  ( 1.000000000000000000, 0.000000000000000000, 0.000000000000000000 ) ) ;
#6788 = VECTOR ( 'NONE', #8816, 1000.000000000000227 ) ;
#6789 = EDGE_CURVE ( 'NONE', #506, #7907, #9876, .T. ) ;
#6790 = CARTESIAN_POINT ( 'NONE',  ( 17.06809607421173069, -7.344094532306668199, -26.99634816116374836 ) ) ;
#6791 = ORIENTED_EDGE ( 'NONE', *, *, #5219, .F. ) ;
#6793 = EDGE_CURVE ( 'NONE', #766, #7610, #468, .T. ) ;
#6792 = CARTESIAN_POINT ( 'NONE',  ( 11.06000805719581059, -14.66497096308335379, -33.59634816116375333 ) ) ;
#6794 = B_SPLINE_CURVE_WITH_KNOTS ( 'NONE', 3,
 ( #8534, #10283, #2811, #3729, #2939, #3854, #2994, #1915 ),
 .UNSPECIFIED., .F., .F.,
 ( 4, 2, 2, 4 ),
 ( 0.000000000000000000, 0.0002734115678465717271, 0.0005468231356931434542, 0.001093646271386294281 ),
 .UNSPECIFIED. ) ;
#6795 = DIRECTION ( 'NONE',  ( 0.6791492313942161241, -0.7340002190031317264, 0.000000000000000000 ) ) ;
#6796 = ADVANCED_FACE ( 'NONE', ( #6899 ), #9694, .F. ) ;
#6797 = DIRECTION ( 'NONE',  ( 0.9876139742652837450, -0.1569032754149237430, 0.000000000000000000 ) ) ;
#6798 = ADVANCED_FACE ( 'NONE', ( #4302 ), #11699, .F. ) ;
#6799 = EDGE_CURVE ( 'NONE', #5266, #1343, #9242, .T. ) ;
#6800 = DIRECTION ( 'NONE',  ( -0.9876139742652869646, -0.1569032754149030651, 0.000000000000000000 ) ) ;
#6801 = CARTESIAN_POINT ( 'NONE',  ( -3.184843881676169275E-15, 0.5375364957382012809, -34.29634816116375617 ) ) ;
#6802 = ADVANCED_FACE ( 'NONE', ( #4530 ), #5557, .F. ) ;
#6803 = VECTOR ( 'NONE', #8075, 1000.000000000000114 ) ;
#6804 = CARTESIAN_POINT ( 'NONE',  ( -10.63952850974679087, -14.96277233751721525, -34.29634816116376328 ) ) ;
#6805 = EDGE_CURVE ( 'NONE', #11897, #404, #4578, .T. ) ;
#6806 = ORIENTED_EDGE ( 'NONE', *, *, #11030, .T. ) ;
#6807 = ORIENTED_EDGE ( 'NONE', *, *, #11841, .T. ) ;
#6808 = CARTESIAN_POINT ( 'NONE',  ( 18.55636403081266650, 3.554007008011208502, -33.94899881303461342 ) ) ;
#6809 = VERTEX_POINT ( 'NONE', #8294 ) ;
#6810 = ORIENTED_EDGE ( 'NONE', *, *, #675, .F. ) ;
#6811 = CARTESIAN_POINT ( 'NONE',  ( 0.5789032350798216653, 0.8926669437723329104, -33.59634816116375333 ) ) ;
#6812 = CARTESIAN_POINT ( 'NONE',  ( 15.65902725766256687, -9.865314259913438022, -26.29634816116374907 ) ) ;
#6813 = CARTESIAN_POINT ( 'NONE',  ( -0.7500000000000000000, 19.32257073208606712, -33.59634816116375333 ) ) ;
#6814 = CARTESIAN_POINT ( 'NONE',  ( -11.35370864137636460, 16.14469190877676397, -34.29634816116375617 ) ) ;
#6815 = CARTESIAN_POINT ( 'NONE',  ( -15.20250745882160359, -10.52247156145755547, -26.99634816116374836 ) ) ;
#6816 = DIRECTION ( 'NONE',  ( -0.9724806208309305644, -0.2329837807837442099, 0.000000000000000000 ) ) ;
#6817 = DIRECTION ( 'NONE',  ( 0.000000000000000000, 0.000000000000000000, 1.000000000000000000 ) ) ;
#6818 = DIRECTION ( 'NONE',  ( 3.491481338843133355E-15, 1.000000000000000000, 0.000000000000000000 ) ) ;
#6819 = CARTESIAN_POINT ( 'NONE',  ( -0.2057063112106004010, 1.034155462128566016, -34.29634816116375617 ) ) ;
#6820 = EDGE_CURVE ( 'NONE', #6283, #8034, #3439, .T. ) ;
#6821 = EDGE_LOOP ( 'NONE', ( #6037, #100, #4150, #2038 ) ) ;
#6822 = ORIENTED_EDGE ( 'NONE', *, *, #2339, .T. ) ;
#6823 = DIRECTION ( 'NONE',  ( 0.9083417975707375192, 0.4182286202377371587, 0.000000000000000000 ) ) ;
#6824 = VERTEX_POINT ( 'NONE', #11997 ) ;
#6825 = VERTEX_POINT ( 'NONE', #653 ) ;
#6826 = LINE ( 'NONE', #6760, #11806 ) ;
#6827 = ORIENTED_EDGE ( 'NONE', *, *, #4285, .F. ) ;
#6828 = CARTESIAN_POINT ( 'NONE',  ( -10.07425525387357013, 16.99959533051959326, -33.78124629862856665 ) ) ;
#6829 = CARTESIAN_POINT ( 'NONE',  ( 15.20250745882144372, -10.52247156145778106, -33.68879833100304211 ) ) ;
#6830 = CARTESIAN_POINT ( 'NONE',  ( 17.38763894355426487, 7.685574720956091177, -34.29634816116375617 ) ) ;
#6831 = VECTOR ( 'NONE', #11124, 999.9999999999997726 ) ;
#6832 = DIRECTION ( 'NONE',  ( -0.000000000000000000, 0.000000000000000000, 1.000000000000000000 ) ) ;
#6833 = ORIENTED_EDGE ( 'NONE', *, *, #11052, .F. ) ;
#6834 = VERTEX_POINT ( 'NONE', #8240 ) ;
#6835 = PLANE ( 'NONE',  #11782 ) ;
#6836 = ORIENTED_EDGE ( 'NONE', *, *, #5916, .F. ) ;
#6837 = CARTESIAN_POINT ( 'NONE',  ( -10.07425525387392184, -15.92452233904298176, -34.29634816116375617 ) ) ;
#6838 = ORIENTED_EDGE ( 'NONE', *, *, #10775, .T. ) ;
#6839 = CARTESIAN_POINT ( 'NONE',  ( 3.007641055658141216, 19.60174629526366274, -26.81145002369893149 ) ) ;
#6840 = AXIS2_PLACEMENT_3D ( 'NONE', #6678, #381, #2072 ) ;
#6841 = CARTESIAN_POINT ( 'NONE',  ( -17.85733928375339374, 7.859109667189896342, -26.29634816116374907 ) ) ;
#6842 = ADVANCED_FACE ( 'NONE', ( #9035 ), #4357, .T. ) ;
#6843 = CARTESIAN_POINT ( 'NONE',  ( -15.24743017919710475, 11.53613158422128215, -26.63019140205943458 ) ) ;
#6844 = CARTESIAN_POINT ( 'NONE',  ( 11.35370864137657598, 16.14469190877660765, -33.78124629862856665 ) ) ;
#6845 = CARTESIAN_POINT ( 'NONE',  ( -0.06945629112694853835, -18.76233852519460754, -26.29634816116374907 ) ) ;
#6846 = CARTESIAN_POINT ( 'NONE',  ( -10.24991166914466056, 16.29736436527414867, -26.31451660138217719 ) ) ;
#6847 = AXIS2_PLACEMENT_3D ( 'NONE', #11938, #892, #3623 ) ;
#6848 = EDGE_LOOP ( 'NONE', ( #376, #9270, #5629, #6617 ) ) ;
#6849 = CARTESIAN_POINT ( 'NONE',  ( 0.2057063112105950997, 1.034155462128565572, -34.29634816116375617 ) ) ;
#6850 = CARTESIAN_POINT ( 'NONE',  ( 16.03586280835092381, 10.35034013448024481, -26.81144803512891528 ) ) ;
#6851 = ORIENTED_EDGE ( 'NONE', *, *, #9820, .F. ) ;
#6852 = B_SPLINE_CURVE_WITH_KNOTS ( 'NONE', 3,
 ( #3250, #5324, #9742, #8970, #6963, #6237, #8905, #7930 ),
 .UNSPECIFIED., .F., .F.,
 ( 4, 2, 2, 4 ),
 ( 0.000000000000000000, 0.0002734144572333948447, 0.0005468289144667896895, 0.001093657828933583282 ),
 .UNSPECIFIED. ) ;
#6853 = PLANE ( 'NONE',  #8725 ) ;
#6854 = CARTESIAN_POINT ( 'NONE',  ( -6.994133160419304218, -17.45077314572470328, -26.38468825395369421 ) ) ;
#6855 = B_SPLINE_CURVE_WITH_KNOTS ( 'NONE', 3,
 ( #4861, #237, #2243, #5949, #1398, #9643, #4133, #7829 ),
 .UNSPECIFIED., .F., .F.,
 ( 4, 2, 2, 4 ),
 ( 0.000000000000000000, 0.0002734140155771814531, 0.0005468280311543629061, 0.001093656062308726680 ),
 .UNSPECIFIED. ) ;
#6856 = VECTOR ( 'NONE', #58, 1000.000000000000114 ) ;
#6857 = CARTESIAN_POINT ( 'NONE',  ( 11.08220204277490240, -15.26409184298618804, -34.22032890332829425 ) ) ;
#6858 = CARTESIAN_POINT ( 'NONE',  ( 0.1424843179073523869, 19.33681682241815381, -26.29634816116374196 ) ) ;
#6859 = CARTESIAN_POINT ( 'NONE',  ( -19.05263143062892084, -2.545306320483186280, -33.96250106665635116 ) ) ;
#6860 = DIRECTION ( 'NONE',  ( 0.000000000000000000, 0.000000000000000000, -1.000000000000000000 ) ) ;
#6861 = EDGE_CURVE ( 'NONE', #6098, #27, #5320, .T. ) ;
#6862 = EDGE_CURVE ( 'NONE', #614, #3727, #9220, .T. ) ;
#6864 = ORIENTED_EDGE ( 'NONE', *, *, #6633, .F. ) ;
#6863 = ADVANCED_FACE ( 'NONE', ( #2707 ), #7146, .F. ) ;
#6865 = CARTESIAN_POINT ( 'NONE',  ( -8.074651695274543073, 15.83753649573824873, -45.29634816116374907 ) ) ;
#6866 = ORIENTED_EDGE ( 'NONE', *, *, #3469, .T. ) ;
#6867 = ORIENTED_EDGE ( 'NONE', *, *, #7306, .T. ) ;
#6868 = LINE ( 'NONE', #10625, #10434 ) ;
#6869 = DIRECTION ( 'NONE',  ( -0.9238795325112919565, -0.3826834323650772918, 0.000000000000000000 ) ) ;
#6870 = CARTESIAN_POINT ( 'NONE',  ( 0.6739792564868195557, -18.25073040016575021, -33.96250492026808132 ) ) ;
#6871 = LINE ( 'NONE', #1043, #5489 ) ;
#6872 = CARTESIAN_POINT ( 'NONE',  ( -3.184081677783118191E-15, 0.5375364957382011699, -44.29634816116374907 ) ) ;
#6873 = EDGE_CURVE ( 'NONE', #2591, #8642, #8069, .T. ) ;
#6874 = CYLINDRICAL_SURFACE ( 'NONE', #11172, 0.6999999999999996225 ) ;
#6875 = FACE_OUTER_BOUND ( 'NONE', #3483, .T. ) ;
#6876 = CARTESIAN_POINT ( 'NONE',  ( -12.75269500745324969, -13.27581868349463079, -34.29634816116375617 ) ) ;
#6877 = DIRECTION ( 'NONE',  ( -1.000000000000000000, 0.000000000000000000, 0.000000000000000000 ) ) ;
#6878 = EDGE_CURVE ( 'NONE', #8797, #3669, #7214, .T. ) ;
#6879 = ORIENTED_EDGE ( 'NONE', *, *, #10510, .F. ) ;
#6880 = ORIENTED_EDGE ( 'NONE', *, *, #3562, .T. ) ;
#6881 = CARTESIAN_POINT ( 'NONE',  ( -18.76400763978415043, -3.979322733208999097, -26.99634816116374836 ) ) ;
#6882 = ORIENTED_EDGE ( 'NONE', *, *, #934, .T. ) ;
#6883 = EDGE_LOOP ( 'NONE', ( #4439, #1693, #10638, #4817 ) ) ;
#6884 = LINE ( 'NONE', #1973, #4437 ) ;
#6885 = ORIENTED_EDGE ( 'NONE', *, *, #8084, .F. ) ;
#6886 = CARTESIAN_POINT ( 'NONE',  ( 17.63583884095523757, 7.050419768681291721, -33.77951444777792744 ) ) ;
#6887 = CARTESIAN_POINT ( 'NONE',  ( -3.833340540673260133, 19.45301957968914053, -34.29634816116375617 ) ) ;
#6888 = DIRECTION ( 'NONE',  ( 1.000000000000000000, 0.000000000000000000, 0.000000000000000000 ) ) ;
#6889 = DIRECTION ( 'NONE',  ( 0.03878550529304181094, -0.9992475592060074963, 0.000000000000000000 ) ) ;
#6890 = ORIENTED_EDGE ( 'NONE', *, *, #11790, .T. ) ;
#6891 = ORIENTED_EDGE ( 'NONE', *, *, #2712, .F. ) ;
#6892 = CARTESIAN_POINT ( 'NONE',  ( 13.58474038053278932, -12.45862490010019563, -26.37236415740902018 ) ) ;
#6893 = ORIENTED_EDGE ( 'NONE', *, *, #11993, .F. ) ;
#6894 = LINE ( 'NONE', #6053, #5575 ) ;
#6895 = ORIENTED_EDGE ( 'NONE', *, *, #5910, .F. ) ;
#6896 = LINE ( 'NONE', #3925, #2672 ) ;
#6897 = CARTESIAN_POINT ( 'NONE',  ( -19.29987502093280938, 0.6069927868653487435, -34.29634816116375617 ) ) ;
#6898 = CARTESIAN_POINT ( 'NONE',  ( 16.03586280835092381, 10.35034013448024837, -33.59634816116375333 ) ) ;
#6899 = FACE_OUTER_BOUND ( 'NONE', #2670, .T. ) ;
#6900 = CYLINDRICAL_SURFACE ( 'NONE', #9644, 17.30000000000003979 ) ;
#6901 = DIRECTION ( 'NONE',  ( 1.000000000000000000, 0.000000000000000000, 0.000000000000000000 ) ) ;
#6902 = ORIENTED_EDGE ( 'NONE', *, *, #9696, .F. ) ;
#6903 = CARTESIAN_POINT ( 'NONE',  ( 5.949999999999998401, 0.5375364957382006148, -21.29634816116374907 ) ) ;
#6904 = CARTESIAN_POINT ( 'NONE',  ( -6.669092904898532126, -17.57359819609807516, -33.68879736725453711 ) ) ;
#6905 = ORIENTED_EDGE ( 'NONE', *, *, #1980, .T. ) ;
#6906 = DIRECTION ( 'NONE',  ( -0.1950903220161252782, 0.9807852804032310967, 0.000000000000000000 ) ) ;
#6907 = LINE ( 'NONE', #2302, #7359 ) ;
#6908 = CARTESIAN_POINT ( 'NONE',  ( -3.697097124736248741, -18.40504708861665861, -26.29634816116374907 ) ) ;
#6909 = CARTESIAN_POINT ( 'NONE',  ( -7.325811466425591334, 17.85128042766502077, -34.29634816116377038 ) ) ;
#6910 = CARTESIAN_POINT ( 'NONE',  ( -3.144186300207962859E-15, 0.5375364957382012809, -26.29634816116374907 ) ) ;
#6911 = AXIS2_PLACEMENT_3D ( 'NONE', #9399, #10136, #2057 ) ;
#6912 = CARTESIAN_POINT ( 'NONE',  ( -13.99600952451448421, -12.75177832689022317, -34.15606879818032127 ) ) ;
#6913 = EDGE_CURVE ( 'NONE', #11047, #5077, #11391, .T. ) ;
#6914 = VERTEX_POINT ( 'NONE', #4476 ) ;
#6915 = VECTOR ( 'NONE', #6471, 1000.000000000000000 ) ;
#6916 = CARTESIAN_POINT ( 'NONE',  ( 17.52226697299715497, 8.628281833901814579, -34.29634816116375617 ) ) ;
#6917 = CYLINDRICAL_SURFACE ( 'NONE', #3857, 0.7000000000000000666 ) ;
#6918 = ORIENTED_EDGE ( 'NONE', *, *, #2771, .F. ) ;
#6919 = EDGE_CURVE ( 'NONE', #5234, #9517, #8188, .T. ) ;
#6920 = ORIENTED_EDGE ( 'NONE', *, *, #5531, .T. ) ;
#6921 = CARTESIAN_POINT ( 'NONE',  ( -18.78503423634786529, 1.287536495738401232, -26.81144803512891528 ) ) ;
#6922 = VECTOR ( 'NONE', #4227, 1000.000000000000000 ) ;
#6923 = EDGE_CURVE ( 'NONE', #5891, #11288, #3855, .T. ) ;
#6924 = CYLINDRICAL_SURFACE ( 'NONE', #4216, 19.33712077059222167 ) ;
#6925 = LINE ( 'NONE', #4873, #6 ) ;
#6926 = CARTESIAN_POINT ( 'NONE',  ( 6.921685001469750631, 18.55376384237379384, -26.43662752414719463 ) ) ;
#6927 = DIRECTION ( 'NONE',  ( 0.000000000000000000, 0.000000000000000000, -1.000000000000000000 ) ) ;
#6928 = DIRECTION ( 'NONE',  ( -1.000000000000000000, 0.000000000000000000, -0.000000000000000000 ) ) ;
#6929 = DIRECTION ( 'NONE',  ( 0.000000000000000000, 0.000000000000000000, 1.000000000000000000 ) ) ;
#6930 = CARTESIAN_POINT ( 'NONE',  ( -15.60715541303852838, -10.81617214563821427, -34.29634816116375617 ) ) ;
#6931 = VECTOR ( 'NONE', #4595, 1000.000000000000000 ) ;
#6932 = EDGE_CURVE ( 'NONE', #509, #8492, #1559, .T. ) ;
#6933 = VECTOR ( 'NONE', #952, 1000.000000000000000 ) ;
#6934 = CARTESIAN_POINT ( 'NONE',  ( 3.004380104787478967, 19.09627894170828100, -33.96250492026806000 ) ) ;
#6935 = VECTOR ( 'NONE', #1682, 1000.000000000000000 ) ;
#6936 = ADVANCED_FACE ( 'NONE', ( #4828 ), #1700, .F. ) ;
#6937 = ORIENTED_EDGE ( 'NONE', *, *, #10464, .T. ) ;
#6938 = VERTEX_POINT ( 'NONE', #10223 ) ;
#6939 = CARTESIAN_POINT ( 'NONE',  ( -6.495811729278003099, -17.10458472702114463, -33.59634816116375333 ) ) ;
#6940 = ORIENTED_EDGE ( 'NONE', *, *, #3396, .F. ) ;
#6941 = ORIENTED_EDGE ( 'NONE', *, *, #8650, .T. ) ;
#6942 = AXIS2_PLACEMENT_3D ( 'NONE', #5921, #5857, #11445 ) ;
#6943 = CARTESIAN_POINT ( 'NONE',  ( -18.44805341594538817, -3.080994098716820506, -34.29634816116375617 ) ) ;
#6944 = AXIS2_PLACEMENT_3D ( 'NONE', #11869, #5133, #584 ) ;
#6945 = ORIENTED_EDGE ( 'NONE', *, *, #4964, .F. ) ;
#6946 = FACE_OUTER_BOUND ( 'NONE', #8982, .T. ) ;
#6947 = FACE_OUTER_BOUND ( 'NONE', #9787, .T. ) ;
#6948 = CIRCLE ( 'NONE', #9087, 19.33712077059222167 ) ;
#6949 = B_SPLINE_CURVE_WITH_KNOTS ( 'NONE', 3,
 ( #6143, #1597, #9963, #3531, #8158, #2616, #5298, #5418 ),
 .UNSPECIFIED., .F., .F.,
 ( 4, 2, 2, 4 ),
 ( 0.000000000000000000, 0.0002734140155771799352, 0.0005468280311543598704, 0.001093656062308724945 ),
 .UNSPECIFIED. ) ;
#6950 = ADVANCED_FACE ( 'NONE', ( #8356 ), #2031, .F. ) ;
#6951 = VECTOR ( 'NONE', #3675, 1000.000000000000114 ) ;
#6952 = CYLINDRICAL_SURFACE ( 'NONE', #2650, 9.599999999999988987 ) ;
#6953 = EDGE_CURVE ( 'NONE', #5911, #3314, #4581, .T. ) ;
#6954 = EDGE_CURVE ( 'NONE', #11651, #11633, #3711, .T. ) ;
#6955 = CARTESIAN_POINT ( 'NONE',  ( -7.325711761606220840, -17.33100455022933417, -26.99634816116374836 ) ) ;
#6956 = DIRECTION ( 'NONE',  ( -0.5229032302633875862, -0.8523920528607213942, 0.000000000000000000 ) ) ;
#6957 = AXIS2_PLACEMENT_3D ( 'NONE', #11628, #4217, #3309 ) ;
#6958 = AXIS2_PLACEMENT_3D ( 'NONE', #10021, #3949, #3157 ) ;
#6959 = ORIENTED_EDGE ( 'NONE', *, *, #7320, .F. ) ;
#6960 = B_SPLINE_CURVE_WITH_KNOTS ( 'NONE', 3,
 ( #9964, #6389, #8943, #5241, #1598, #800, #7112, #3473 ),
 .UNSPECIFIED., .F., .F.,
 ( 4, 2, 2, 4 ),
 ( 0.000000000000000000, 0.0002734115678465769313, 0.0005468231356931538625, 0.001093646271386296883 ),
 .UNSPECIFIED. ) ;
#6961 = AXIS2_PLACEMENT_3D ( 'NONE', #4456, #13, #7366 ) ;
#6962 = EDGE_LOOP ( 'NONE', ( #3295, #659, #7637, #2947 ) ) ;
#6963 = CARTESIAN_POINT ( 'NONE',  ( -15.89325279723962225, 10.57941646952886927, -34.15607241020865104 ) ) ;
#6964 = ORIENTED_EDGE ( 'NONE', *, *, #9873, .T. ) ;
#6965 = DIRECTION ( 'NONE',  ( 0.000000000000000000, 0.000000000000000000, -1.000000000000000000 ) ) ;
#6966 = EDGE_LOOP ( 'NONE', ( #2156, #11939 ) ) ;
#6967 = CARTESIAN_POINT ( 'NONE',  ( 13.32864793594270481, 13.79542406126957843, -34.29634816116375617 ) ) ;
#6968 = CARTESIAN_POINT ( 'NONE',  ( 5.949999999999999289, 9.087536495738202547, -26.19634816116376541 ) ) ;
#6969 = DIRECTION ( 'NONE',  ( -0.6791492313942084635, 0.7340002190031388318, 0.000000000000000000 ) ) ;
#6970 = FACE_OUTER_BOUND ( 'NONE', #6021, .T. ) ;
#6971 = VECTOR ( 'NONE', #5221, 1000.000000000000000 ) ;
#6972 = CARTESIAN_POINT ( 'NONE',  ( -13.09226962315036680, -13.64281879299619682, -33.59634816116375333 ) ) ;
#6973 = AXIS2_PLACEMENT_3D ( 'NONE', #970, #1025, #169 ) ;
#6974 = LINE ( 'NONE', #5935, #5392 ) ;
#6975 = ADVANCED_FACE ( 'NONE', ( #30 ), #3731, .F. ) ;
#6976 = ORIENTED_EDGE ( 'NONE', *, *, #7906, .F. ) ;
#6977 = VECTOR ( 'NONE', #5568, 1000.000000000000000 ) ;
#6978 = CARTESIAN_POINT ( 'NONE',  ( 3.606360615585319618, -18.42275648319827397, -34.29634816116376328 ) ) ;
#6979 = CARTESIAN_POINT ( 'NONE',  ( 15.71019037049289224, 10.86338566686295160, -26.29634816116374552 ) ) ;
#6980 = VERTEX_POINT ( 'NONE', #3916 ) ;
#6981 = DIRECTION ( 'NONE',  ( -0.1569032754149065623, 0.9876139742652865205, 0.000000000000000000 ) ) ;
#6982 = CARTESIAN_POINT ( 'NONE',  ( 19.28985126212935697, -0.09159254741941584566, -26.56607335038743756 ) ) ;
#6983 = CIRCLE ( 'NONE', #11826, 19.33712077059222167 ) ;
#6984 = CARTESIAN_POINT ( 'NONE',  ( -3.016470512273206062, -18.01882753507442914, -26.64369750929288827 ) ) ;
#6985 = CARTESIAN_POINT ( 'NONE',  ( 18.44085597591723413, -3.182094408235745409, -26.99634816116374836 ) ) ;
#6986 = DIRECTION ( 'NONE',  ( 1.000000000000000000, 0.000000000000000000, 0.000000000000000000 ) ) ;
#6987 = ADVANCED_FACE ( 'NONE', ( #5677 ), #4890, .F. ) ;
#6988 = CARTESIAN_POINT ( 'NONE',  ( -13.76132084478555662, -12.99481715555333494, -34.29634816116375617 ) ) ;
#6989 = CIRCLE ( 'NONE', #7561, 19.30000000000008598 ) ;
#6990 = ORIENTED_EDGE ( 'NONE', *, *, #9229, .T. ) ;
#6991 = CARTESIAN_POINT ( 'NONE',  ( -13.75319158104423067, 13.35500355169527253, -26.64369750929288827 ) ) ;
#6992 = CARTESIAN_POINT ( 'NONE',  ( 12.75269500745304896, -13.27581868349481375, -33.59634816116375333 ) ) ;
#6993 = ORIENTED_EDGE ( 'NONE', *, *, #8401, .F. ) ;
#6994 = ORIENTED_EDGE ( 'NONE', *, *, #7090, .T. ) ;
#6995 = DIRECTION ( 'NONE',  ( -0.9876139742652860765, -0.1569032754149101982, 0.000000000000000000 ) ) ;
#6996 = CARTESIAN_POINT ( 'NONE',  ( 18.11113469183629832, -6.131556409160264565, -26.99634816116374836 ) ) ;
#6997 = FACE_OUTER_BOUND ( 'NONE', #6463, .T. ) ;
#6998 = CARTESIAN_POINT ( 'NONE',  ( -13.25788756553152226, -12.79111144020435908, -26.29634816116374907 ) ) ;
#6999 = DIRECTION ( 'NONE',  ( 0.000000000000000000, 0.000000000000000000, -1.000000000000000000 ) ) ;
#7000 = FACE_OUTER_BOUND ( 'NONE', #10576, .T. ) ;
#7001 = EDGE_CURVE ( 'NONE', #1403, #5271, #266, .T. ) ;
#7002 = CARTESIAN_POINT ( 'NONE',  ( -12.75269500745296014, 14.35089167497130447, -33.59634816116375333 ) ) ;
#7003 = AXIS2_PLACEMENT_3D ( 'NONE', #7539, #2017, #6623 ) ;
#7004 = CARTESIAN_POINT ( 'NONE',  ( 15.65902725766264680, 10.94038725138971913, -26.29634816116374907 ) ) ;
#7005 = ORIENTED_EDGE ( 'NONE', *, *, #9612, .F. ) ;
#7006 = ORIENTED_EDGE ( 'NONE', *, *, #2251, .T. ) ;
#7007 = FACE_OUTER_BOUND ( 'NONE', #8082, .T. ) ;
#7008 = EDGE_LOOP ( 'NONE', ( #2732, #5520, #11261, #11736 ) ) ;
#7009 = ORIENTED_EDGE ( 'NONE', *, *, #2565, .F. ) ;
#7010 = FACE_OUTER_BOUND ( 'NONE', #11106, .T. ) ;
#7011 = VERTEX_POINT ( 'NONE', #10285 ) ;
#7012 = CARTESIAN_POINT ( 'NONE',  ( 12.30000000000000071, 0.5375364957381988384, -21.29634816116374907 ) ) ;
#7013 = CARTESIAN_POINT ( 'NONE',  ( -17.42279670759676691, -6.524998280650577520, -26.29634816116374552 ) ) ;
#7014 = DIRECTION ( 'NONE',  ( 0.9724806208309306754, 0.2329837807837442376, 0.000000000000000000 ) ) ;
#7015 = EDGE_CURVE ( 'NONE', #6769, #9424, #3868, .T. ) ;
#7016 = CARTESIAN_POINT ( 'NONE',  ( 7.535195125563665997, 18.30603055563067727, -34.29634816116376328 ) ) ;
#7017 = CARTESIAN_POINT ( 'NONE',  ( -18.76400763978415043, -3.979322733208999097, -34.29634816116375617 ) ) ;
#7018 = CARTESIAN_POINT ( 'NONE',  ( -4.400367338555271068, 18.81530382510689137, -26.99634816116374836 ) ) ;
#7019 = EDGE_CURVE ( 'NONE', #9832, #7483, #2708, .T. ) ;
#7020 = ADVANCED_FACE ( 'NONE', ( #4038 ), #512, .F. ) ;
#7021 = ORIENTED_EDGE ( 'NONE', *, *, #7425, .T. ) ;
#7022 = ADVANCED_FACE ( 'NONE', ( #7744 ), #10771, .F. ) ;
#7023 = ORIENTED_EDGE ( 'NONE', *, *, #6500, .T. ) ;
#7024 = DIRECTION ( 'NONE',  ( 0.3465623512410444529, 0.9380269381538457463, -0.000000000000000000 ) ) ;
#7025 = EDGE_LOOP ( 'NONE', ( #6464, #9354, #4209, #3779 ) ) ;
#7026 = DIRECTION ( 'NONE',  ( 0.2329837807837371877, -0.9724806208309323408, 0.000000000000000000 ) ) ;
#7027 = ORIENTED_EDGE ( 'NONE', *, *, #6487, .F. ) ;
#7028 = CARTESIAN_POINT ( 'NONE',  ( 13.62879480352602712, -12.41201137622877582, -34.15607241020864393 ) ) ;
#7029 = ADVANCED_FACE ( 'NONE', ( #1426 ), #11625, .T. ) ;
#7030 = FACE_OUTER_BOUND ( 'NONE', #8742, .T. ) ;
#7031 = CARTESIAN_POINT ( 'NONE',  ( -3.198396408832238080E-15, 0.5375364957382012809, -26.29634816116374907 ) ) ;
#7032 = CARTESIAN_POINT ( 'NONE',  ( 15.20250745882152188, 11.59754455293406217, -26.99634816116374836 ) ) ;
#7033 = DIRECTION ( 'NONE',  ( -0.000000000000000000, -0.000000000000000000, 1.000000000000000000 ) ) ;
#7034 = EDGE_CURVE ( 'NONE', #5642, #7603, #534, .T. ) ;
#7035 = FACE_BOUND ( 'NONE', #8332, .T. ) ;
#7036 = VERTEX_POINT ( 'NONE', #2272 ) ;
#7037 = EDGE_CURVE ( 'NONE', #5455, #10165, #7627, .T. ) ;
#7038 = VECTOR ( 'NONE', #2891, 1000.000000000000114 ) ;
#7039 = DIRECTION ( 'NONE',  ( -0.000000000000000000, -0.000000000000000000, 1.000000000000000000 ) ) ;
#7040 = VERTEX_POINT ( 'NONE', #6887 ) ;
#7041 = CARTESIAN_POINT ( 'NONE',  ( -3.833340540673658925, -18.37794658821265514, -34.29634816116375617 ) ) ;
#7042 = ORIENTED_EDGE ( 'NONE', *, *, #4733, .F. ) ;
#7043 = DIRECTION ( 'NONE',  ( 0.000000000000000000, 0.000000000000000000, 1.000000000000000000 ) ) ;
#7044 = DIRECTION ( 'NONE',  ( -0.1950903220161252505, 0.9807852804032309857, 0.000000000000000000 ) ) ;
#7045 = CARTESIAN_POINT ( 'NONE',  ( 18.76400763978411490, 5.054395724685538660, -33.68879736725454421 ) ) ;
#7046 = CARTESIAN_POINT ( 'NONE',  ( 17.80417973997781900, -6.912375167266032072, -26.29634816116374907 ) ) ;
#7047 = CARTESIAN_POINT ( 'NONE',  ( 0.6786403541991895549, 0.5638777250035289512, -26.29634816116374907 ) ) ;
#7048 = ORIENTED_EDGE ( 'NONE', *, *, #11840, .T. ) ;
#7049 = VECTOR ( 'NONE', #10565, 1000.000000000000000 ) ;
#7050 = CARTESIAN_POINT ( 'NONE',  ( -13.80101801834288722, 13.30359938953997023, -26.81318187454957425 ) ) ;
#7051 = CARTESIAN_POINT ( 'NONE',  ( -17.99342857419889441, -6.444095721534829124, -26.37236741899921100 ) ) ;
#7052 = ORIENTED_EDGE ( 'NONE', *, *, #3227, .F. ) ;
#7053 = ORIENTED_EDGE ( 'NONE', *, *, #9381, .F. ) ;
#7054 = CARTESIAN_POINT ( 'NONE',  ( 19.30000000000007887, 0.5375364957382012809, -101.8849916687654371 ) ) ;
#7055 = CARTESIAN_POINT ( 'NONE',  ( 17.31374393192668748, -6.788274970687700360, -26.29634816116375262 ) ) ;
#7056 = CARTESIAN_POINT ( 'NONE',  ( 16.08584744898867314, 11.20222176291171046, -34.29634816116375617 ) ) ;
#7057 = CARTESIAN_POINT ( 'NONE',  ( 6.669092904898398899, 18.64867118757452502, -26.99634816116374836 ) ) ;
#7058 = CARTESIAN_POINT ( 'NONE',  ( -4.516859228947138760, 19.30154413552235937, -26.81145002369893149 ) ) ;
#7059 = CYLINDRICAL_SURFACE ( 'NONE', #3438, 19.33712077059222167 ) ;
#7060 = LINE ( 'NONE', #10758, #6647 ) ;
#7061 = CARTESIAN_POINT ( 'NONE',  ( -18.94258358435485334, 4.234633620474513194, -34.29634816116375617 ) ) ;
#7062 = ORIENTED_EDGE ( 'NONE', *, *, #3970, .T. ) ;
#7063 = ADVANCED_FACE ( 'NONE', ( #7073 ), #6952, .F. ) ;
#7064 = ORIENTED_EDGE ( 'NONE', *, *, #5532, .T. ) ;
#7065 = CARTESIAN_POINT ( 'NONE',  ( -19.29987502093281293, 0.4680802046114641568, -26.29634816116374907 ) ) ;
#7066 = ORIENTED_EDGE ( 'NONE', *, *, #4712, .F. ) ;
#7067 = ORIENTED_EDGE ( 'NONE', *, *, #6645, .F. ) ;
#7068 = PLANE ( 'NONE',  #4616 ) ;
#7069 = ORIENTED_EDGE ( 'NONE', *, *, #10988, .T. ) ;
#7070 = CARTESIAN_POINT ( 'NONE',  ( -18.27776732936859005, 4.937903834293920546, -26.99634816116374836 ) ) ;
#7071 = CARTESIAN_POINT ( 'NONE',  ( 6.495811729277747304, -17.10458472702124411, -33.68879833100304211 ) ) ;
#7072 = CARTESIAN_POINT ( 'NONE',  ( 18.78503423634786529, 1.287536495738132558, -33.59634816116375333 ) ) ;
#7073 = FACE_OUTER_BOUND ( 'NONE', #2442, .T. ) ;
#7074 = LINE ( 'NONE', #7017, #10226 ) ;
#7075 = CARTESIAN_POINT ( 'NONE',  ( 0.000000000000000000, 0.5375364957382021691, -21.29634816116374907 ) ) ;
#7076 = ORIENTED_EDGE ( 'NONE', *, *, #5976, .F. ) ;
#7077 = ORIENTED_EDGE ( 'NONE', *, *, #5160, .T. ) ;
#7078 = CARTESIAN_POINT ( 'NONE',  ( 15.76445036975688119, 11.67199991364495659, -26.43662752414719108 ) ) ;
#7079 = ORIENTED_EDGE ( 'NONE', *, *, #10409, .F. ) ;
#7080 = CARTESIAN_POINT ( 'NONE',  ( 7.325811466425709462, -16.77620743618856380, -34.29634816116376328 ) ) ;
#7081 = ORIENTED_EDGE ( 'NONE', *, *, #8412, .F. ) ;
#7082 = CARTESIAN_POINT ( 'NONE',  ( -7.535195125563791230, -17.23095756415422031, -34.29634816116374907 ) ) ;
#7083 = CARTESIAN_POINT ( 'NONE',  ( -3.258635898495301220, 19.05311572821688415, -34.22033216491849572 ) ) ;
#7084 = DIRECTION ( 'NONE',  ( -0.000000000000000000, 0.000000000000000000, 1.000000000000000000 ) ) ;
#7085 = PLANE ( 'NONE',  #326 ) ;
#7086 = EDGE_CURVE ( 'NONE', #5020, #8999, #6047, .T. ) ;
#7087 = EDGE_CURVE ( 'NONE', #6349, #10590, #9419, .T. ) ;
#7088 = DIRECTION ( 'NONE',  ( 0.000000000000000000, 0.000000000000000000, 1.000000000000000000 ) ) ;
#7089 = DIRECTION ( 'NONE',  ( 0.2329837807837541463, 0.9724806208309282329, -0.000000000000000000 ) ) ;
#7090 = EDGE_CURVE ( 'NONE', #4496, #1566, #8794, .T. ) ;
#7091 = ORIENTED_EDGE ( 'NONE', *, *, #7101, .F. ) ;
#7092 = CARTESIAN_POINT ( 'NONE',  ( 0.3551304480341410108, 1.116439730818024278, -26.29634816116374907 ) ) ;
#7093 = ORIENTED_EDGE ( 'NONE', *, *, #2437, .T. ) ;
#7094 = DIRECTION ( 'NONE',  ( -0.9380269381538470785, -0.3465623512410412332, 0.000000000000000000 ) ) ;
#7095 = ORIENTED_EDGE ( 'NONE', *, *, #8326, .T. ) ;
#7096 = CARTESIAN_POINT ( 'NONE',  ( 13.82475207952438190, 14.00503115371042107, -34.27817872468220628 ) ) ;
#7097 = CARTESIAN_POINT ( 'NONE',  ( -0.7693927526465210720, 19.82219451168907298, -34.29634816116375617 ) ) ;
#7098 = CARTESIAN_POINT ( 'NONE',  ( 16.42258334888547466, -9.601765275578515002, -26.63019525567115764 ) ) ;
#7099 = CARTESIAN_POINT ( 'NONE',  ( -10.07425525387357013, 16.99959533051959326, -26.90389895507296458 ) ) ;
#7100 = CARTESIAN_POINT ( 'NONE',  ( -3.007641055657872098, 19.60174629526370893, -33.78124629862856665 ) ) ;
#7101 = EDGE_CURVE ( 'NONE', #10767, #919, #6522, .T. ) ;
#7102 = LINE ( 'NONE', #1928, #5583 ) ;
#7103 = DIRECTION ( 'NONE',  ( -0.000000000000000000, 0.000000000000000000, 1.000000000000000000 ) ) ;
#7104 = ORIENTED_EDGE ( 'NONE', *, *, #8292, .F. ) ;
#7105 = ORIENTED_EDGE ( 'NONE', *, *, #3683, .F. ) ;
#7106 = DIRECTION ( 'NONE',  ( -0.000000000000000000, -0.000000000000000000, 1.000000000000000000 ) ) ;
#7107 = ADVANCED_FACE ( 'NONE', ( #1304 ), #398, .T. ) ;
#7108 = CARTESIAN_POINT ( 'NONE',  ( -3.198396408832238080E-15, 0.5375364957382013920, -26.29634816116374907 ) ) ;
#7109 = FACE_OUTER_BOUND ( 'NONE', #7946, .T. ) ;
#7110 = CARTESIAN_POINT ( 'NONE',  ( -3.184081677783118191E-15, 0.5375364957382012809, -46.29634816116374907 ) ) ;
#7111 = CARTESIAN_POINT ( 'NONE',  ( -19.28465801595087115, 1.306929248384927300, -26.90389895507295748 ) ) ;
#7112 = CARTESIAN_POINT ( 'NONE',  ( 10.07425525387367671, -15.92452233904312031, -33.78124629862856665 ) ) ;
#7113 = CARTESIAN_POINT ( 'NONE',  ( -10.10744715304725005, -15.31413130014788848, -34.20801078711517107 ) ) ;
#7114 = AXIS2_PLACEMENT_3D ( 'NONE', #209, #5732, #8535 ) ;
#7115 = DIRECTION ( 'NONE',  ( 1.000000000000000000, 0.000000000000000000, 0.000000000000000000 ) ) ;
#7116 = AXIS2_PLACEMENT_3D ( 'NONE', #4263, #8086, #963 ) ;
#7117 = EDGE_CURVE ( 'NONE', #7751, #9067, #4461, .T. ) ;
#7118 = VERTEX_POINT ( 'NONE', #3601 ) ;
#7119 = EDGE_LOOP ( 'NONE', ( #9547, #7834, #5399, #2219 ) ) ;
#7120 = CARTESIAN_POINT ( 'NONE',  ( 18.11113469183630187, -6.131556409160265453, -33.68879736725453000 ) ) ;
#7121 = ORIENTED_EDGE ( 'NONE', *, *, #4640, .F. ) ;
#7122 = ORIENTED_EDGE ( 'NONE', *, *, #9990, .T. ) ;
#7123 = DIRECTION ( 'NONE',  ( 0.9724806208309314526, 0.2329837807837405461, 0.000000000000000000 ) ) ;
#7124 = ORIENTED_EDGE ( 'NONE', *, *, #7164, .F. ) ;
#7125 = B_SPLINE_CURVE_WITH_KNOTS ( 'NONE', 3,
 ( #11456, #8609, #2167, #5741, #10349, #4899, #6839, #10533 ),
 .UNSPECIFIED., .F., .F.,
 ( 4, 2, 2, 4 ),
 ( 0.000000000000000000, 0.0002734115678465718355, 0.0005468231356931436710, 0.001093646271386293630 ),
 .UNSPECIFIED. ) ;
#7126 = DIRECTION ( 'NONE',  ( 0.5555702330195948502, -0.8314696123025503427, 0.000000000000000000 ) ) ;
#7127 = DIRECTION ( 'NONE',  ( 0.000000000000000000, -0.000000000000000000, -1.000000000000000000 ) ) ;
#7128 = CARTESIAN_POINT ( 'NONE',  ( 18.79557684664591832, 0.9402161011353916686, -34.20801078711517107 ) ) ;
#7129 = AXIS2_PLACEMENT_3D ( 'NONE', #5043, #11527, #10491 ) ;
#7130 = DIRECTION ( 'NONE',  ( -0.7071067811865561215, -0.7071067811865389130, 0.000000000000000000 ) ) ;
#7131 = CIRCLE ( 'NONE', #3059, 19.30000000000008953 ) ;
#7132 = LINE ( 'NONE', #10836, #11999 ) ;
#7133 = VECTOR ( 'NONE', #9382, 1000.000000000000000 ) ;
#7134 = B_SPLINE_CURVE_WITH_KNOTS ( 'NONE', 3,
 ( #7492, #1857, #10065, #11198, #3793, #6366, #8363, #5564 ),
 .UNSPECIFIED., .F., .F.,
 ( 4, 2, 2, 4 ),
 ( 0.000000000000000000, 0.0002734144572333966879, 0.0005468289144667933758, 0.001093657828933583282 ),
 .UNSPECIFIED. ) ;
#7135 = LINE ( 'NONE', #7924, #5404 ) ;
#7136 = VERTEX_POINT ( 'NONE', #10898 ) ;
#7137 = ORIENTED_EDGE ( 'NONE', *, *, #10572, .F. ) ;
#7138 = DIRECTION ( 'NONE',  ( 0.6791492313942238956, 0.7340002190031247320, 0.000000000000000000 ) ) ;
#7139 = ORIENTED_EDGE ( 'NONE', *, *, #7149, .T. ) ;
#7140 = CARTESIAN_POINT ( 'NONE',  ( 7.812634104321158013, -16.56263804553162444, -33.96250492026807422 ) ) ;
#7141 = ORIENTED_EDGE ( 'NONE', *, *, #7240, .T. ) ;
#7142 = CARTESIAN_POINT ( 'NONE',  ( 13.76188623147723611, -12.27119913045738286, -33.96250492026806711 ) ) ;
#7143 = AXIS2_PLACEMENT_3D ( 'NONE', #9783, #3297, #8033 ) ;
#7144 = CARTESIAN_POINT ( 'NONE',  ( -2.929189417950423646, 19.10793930813106201, -33.59634816116375333 ) ) ;
#7145 = FACE_OUTER_BOUND ( 'NONE', #6412, .T. ) ;
#7146 = CYLINDRICAL_SURFACE ( 'NONE', #5382, 0.6999999999999997335 ) ;
#7147 = DIRECTION ( 'NONE',  ( -0.1950903220161387952, -0.9807852804032283212, 0.000000000000000000 ) ) ;
#7148 = AXIS2_PLACEMENT_3D ( 'NONE', #1231, #196, #4021 ) ;
#7149 = EDGE_CURVE ( 'NONE', #11455, #4385, #5433, .T. ) ;
#7150 = CIRCLE ( 'NONE', #938, 19.33712077059222167 ) ;
#7151 = CARTESIAN_POINT ( 'NONE',  ( -11.35370864137669855, -15.06961891730012582, -33.59634816116375333 ) ) ;
#7152 = AXIS2_PLACEMENT_3D ( 'NONE', #1787, #3421, #8891 ) ;
#7153 = ORIENTED_EDGE ( 'NONE', *, *, #5556, .T. ) ;
#7154 = CARTESIAN_POINT ( 'NONE',  ( 3.273895170458275494, -18.48286785007110211, -34.15606879818029995 ) ) ;
#7155 = VERTEX_POINT ( 'NONE', #814 ) ;
#7156 = CIRCLE ( 'NONE', #2504, 19.30000000000008598 ) ;
#7157 = B_SPLINE_CURVE_WITH_KNOTS ( 'NONE', 3,
 ( #11236, #9721, #10692, #8872, #6926, #10814, #1410, #7057 ),
 .UNSPECIFIED., .F., .F.,
 ( 4, 2, 2, 4 ),
 ( 0.000000000000000000, 0.0002734115678465721608, 0.0005468231356931443216, 0.001093646271386294281 ),
 .UNSPECIFIED. ) ;
#7158 = CIRCLE ( 'NONE', #4056, 5.599999999999997868 ) ;
#7159 = CARTESIAN_POINT ( 'NONE',  ( 0.3989343114037599558, -0.01209793357970223582, -26.29634816116374907 ) ) ;
#7160 = VERTEX_POINT ( 'NONE', #6163 ) ;
#7161 = CARTESIAN_POINT ( 'NONE',  ( -3.171291354520100469E-15, 0.5375364957382012809, -34.29634816116375617 ) ) ;
#7162 = CARTESIAN_POINT ( 'NONE',  ( -3.698970837643976051, -18.41684101099680149, -26.99634816116374836 ) ) ;
#7163 = VECTOR ( 'NONE', #102, 1000.000000000000000 ) ;
#7164 = EDGE_CURVE ( 'NONE', #5222, #3628, #7201, .T. ) ;
#7165 = CARTESIAN_POINT ( 'NONE',  ( -11.19999999999998863, 0.5375364957382035014, -42.69634816116374054 ) ) ;
#7166 = CARTESIAN_POINT ( 'NONE',  ( -19.05263143062885334, 3.620379311959993629, -26.63019525567113988 ) ) ;
#7167 = CARTESIAN_POINT ( 'NONE',  ( -10.40285075565136452, 16.19656375340095522, -26.29634816116374907 ) ) ;
#7168 = DIRECTION ( 'NONE',  ( -1.000000000000000000, 0.000000000000000000, 0.000000000000000000 ) ) ;
#7169 = ADVANCED_FACE ( 'NONE', ( #10952 ), #2580, .F. ) ;
#7170 = VECTOR ( 'NONE', #3282, 1000.000000000000227 ) ;
#7171 = EDGE_CURVE ( 'NONE', #8659, #5231, #721, .T. ) ;
#7172 = EDGE_CURVE ( 'NONE', #8835, #8655, #9195, .T. ) ;
#7173 = ADVANCED_FACE ( 'NONE', ( #11975 ), #9980, .F. ) ;
#7174 = LINE ( 'NONE', #9271, #9844 ) ;
#7175 = AXIS2_PLACEMENT_3D ( 'NONE', #11916, #10896, #4514 ) ;
#7176 = CARTESIAN_POINT ( 'NONE',  ( 17.61601593170023961, -6.029746327772440573, -33.96250492026808132 ) ) ;
#7177 = VERTEX_POINT ( 'NONE', #6341 ) ;
#7178 = EDGE_CURVE ( 'NONE', #1662, #7680, #1618, .T. ) ;
#7179 = ORIENTED_EDGE ( 'NONE', *, *, #254, .T. ) ;
#7180 = DIRECTION ( 'NONE',  ( -0.000000000000000000, 0.000000000000000000, 1.000000000000000000 ) ) ;
#7181 = EDGE_CURVE ( 'NONE', #2411, #9351, #3489, .T. ) ;
#7182 = CARTESIAN_POINT ( 'NONE',  ( -18.27776732936859005, 4.937903834293920546, -33.59634816116375333 ) ) ;
#7183 = DIRECTION ( 'NONE',  ( -0.000000000000000000, -0.000000000000000000, 1.000000000000000000 ) ) ;
#7184 = CARTESIAN_POINT ( 'NONE',  ( -18.57040281239285662, -2.391652922212283094, -33.59634816116375333 ) ) ;
#7185 = CARTESIAN_POINT ( 'NONE',  ( 0.1065610753026886848, -0.1332028932476702898, -33.59634816116375333 ) ) ;
#7186 = CARTESIAN_POINT ( 'NONE',  ( 7.449911663004036733, -17.26664324423969887, -34.29634816116375617 ) ) ;
#7187 = EDGE_CURVE ( 'NONE', #2655, #2731, #10871, .T. ) ;
#7188 = CIRCLE ( 'NONE', #9326, 19.30000000000008242 ) ;
#7189 = CARTESIAN_POINT ( 'NONE',  ( -13.09226962315006304, 14.71789178447287583, -34.29634816116375617 ) ) ;
#7190 = ORIENTED_EDGE ( 'NONE', *, *, #9182, .F. ) ;
#7191 = VERTEX_POINT ( 'NONE', #1671 ) ;
#7192 = CARTESIAN_POINT ( 'NONE',  ( -0.4612451346027916510, 0.03903923745881253404, -33.59634816116375333 ) ) ;
#7193 = ORIENTED_EDGE ( 'NONE', *, *, #4635, .T. ) ;
#7194 = VERTEX_POINT ( 'NONE', #2448 ) ;
#7195 = CARTESIAN_POINT ( 'NONE',  ( -18.79372633854092101, 0.05723638433273783854, -34.15607241020864393 ) ) ;
#7196 = ORIENTED_EDGE ( 'NONE', *, *, #8354, .T. ) ;
#7197 = AXIS2_PLACEMENT_3D ( 'NONE', #5884, #4971, #8677 ) ;
#7198 = DIRECTION ( 'NONE',  ( -0.9380269381538506313, -0.3465623512410318519, 0.000000000000000000 ) ) ;
#7199 = DIRECTION ( 'NONE',  ( 0.000000000000000000, 0.000000000000000000, -1.000000000000000000 ) ) ;
#7200 = DIRECTION ( 'NONE',  ( 0.000000000000000000, 0.000000000000000000, -1.000000000000000000 ) ) ;
#7201 = LINE ( 'NONE', #9141, #5366 ) ;
#7202 = DIRECTION ( 'NONE',  ( 0.8092959084338384734, -0.5874011683613238333, -0.000000000000000000 ) ) ;
#7203 = CARTESIAN_POINT ( 'NONE',  ( 13.09226962315025844, 14.71789178447269109, -34.29634816116375617 ) ) ;
#7204 = AXIS2_PLACEMENT_3D ( 'NONE', #191, #10320, #2922 ) ;
#7205 = ORIENTED_EDGE ( 'NONE', *, *, #8625, .T. ) ;
#7206 = ORIENTED_EDGE ( 'NONE', *, *, #5858, .T. ) ;
#7207 = CARTESIAN_POINT ( 'NONE',  ( 14.00000000000000000, 0.5375364957381987274, -29.44634816116375120 ) ) ;
#7208 = EDGE_LOOP ( 'NONE', ( #4623, #1291, #11937, #6111 ) ) ;
#7209 = CARTESIAN_POINT ( 'NONE',  ( -10.56279193226383484, 16.08940677482835468, -34.29634816116376328 ) ) ;
#7210 = EDGE_LOOP ( 'NONE', ( #8249, #2528, #2872, #3907, #1785, #11815, #10315, #9237 ) ) ;
#7211 = LINE ( 'NONE', #10908, #1914 ) ;
#7212 = CARTESIAN_POINT ( 'NONE',  ( -18.78503423634787239, 1.287536495738401898, -33.68879833100303500 ) ) ;
#7213 = FACE_OUTER_BOUND ( 'NONE', #10943, .T. ) ;
#7214 = LINE ( 'NONE', #10053, #6915 ) ;
#7215 = CARTESIAN_POINT ( 'NONE',  ( 10.49350092129222745, 16.15122477241260412, -26.99634816116374836 ) ) ;
#7216 = CARTESIAN_POINT ( 'NONE',  ( -10.93173547524729550, -15.36825936369756640, -34.27817872468220628 ) ) ;
#7217 = B_SPLINE_CURVE_WITH_KNOTS ( 'NONE', 3,
 ( #4129, #6909, #10611, #4183, #2305, #9709, #7882, #11586 ),
 .UNSPECIFIED., .F., .F.,
 ( 4, 2, 2, 4 ),
 ( 0.000000000000000000, 0.0002734144572333953868, 0.0005468289144667907737, 0.001093657828933581981 ),
 .UNSPECIFIED. ) ;
#7218 = ORIENTED_EDGE ( 'NONE', *, *, #3335, .F. ) ;
#7219 = DIRECTION ( 'NONE',  ( -0.03878550529304181788, -0.9992475592060076073, 0.000000000000000000 ) ) ;
#7220 = ORIENTED_EDGE ( 'NONE', *, *, #7390, .T. ) ;
#7221 = EDGE_CURVE ( 'NONE', #893, #2809, #10714, .T. ) ;
#7222 = DIRECTION ( 'NONE',  ( 0.9992475592060073852, -0.03878550529304530120, 0.000000000000000000 ) ) ;
#7223 = VERTEX_POINT ( 'NONE', #8175 ) ;
#7224 = CYLINDRICAL_SURFACE ( 'NONE', #8926, 0.6999999999999999556 ) ;
#7225 = CARTESIAN_POINT ( 'NONE',  ( 4.012722106421043655, 19.41596979194855876, -34.27817872468220628 ) ) ;
#7226 = CARTESIAN_POINT ( 'NONE',  ( -0.3551304480341443415, -0.04136673934162560934, -26.29634816116374907 ) ) ;
#7227 = CARTESIAN_POINT ( 'NONE',  ( 18.08510766236699752, 7.278127352741120326, -33.96250106665636537 ) ) ;
#7228 = CARTESIAN_POINT ( 'NONE',  ( 15.65902152899698407, 11.81965850978551558, -33.94899550485384765 ) ) ;
#7229 = VECTOR ( 'NONE', #11739, 1000.000000000000000 ) ;
#7230 = CARTESIAN_POINT ( 'NONE',  ( 17.54694199899425655, -6.210771764034324960, -34.15607241020865104 ) ) ;
#7231 = EDGE_LOOP ( 'NONE', ( #1344, #503, #5941, #1436 ) ) ;
#7232 = ORIENTED_EDGE ( 'NONE', *, *, #7693, .F. ) ;
#7233 = CARTESIAN_POINT ( 'NONE',  ( 3.007641055657998219, -18.52667330378728749, -26.99634816116374836 ) ) ;
#7234 = VECTOR ( 'NONE', #8553, 1000.000000000000114 ) ;
#7235 = CARTESIAN_POINT ( 'NONE',  ( 17.34934370704273121, -6.702954608840128614, -26.29634816116374907 ) ) ;
#7236 = CARTESIAN_POINT ( 'NONE',  ( 16.46205883478128129, 10.61179174961193539, -33.78124629862856665 ) ) ;
#7237 = CARTESIAN_POINT ( 'NONE',  ( -3.833340540673259689, 19.45301957968914053, -26.29634816116374907 ) ) ;
#7238 = CARTESIAN_POINT ( 'NONE',  ( 9.888068446240419362, 16.52702813236990309, -26.64369750929288472 ) ) ;
#7239 = CARTESIAN_POINT ( 'NONE',  ( -10.48605614883614479, 16.14096768711521079, -34.29634816116375617 ) ) ;
#7240 = EDGE_CURVE ( 'NONE', #5597, #6156, #7969, .T. ) ;
#7241 = EDGE_CURVE ( 'NONE', #3653, #9832, #11238, .T. ) ;
#7242 = CARTESIAN_POINT ( 'NONE',  ( 6.495811729277876090, 18.17965771849759804, -26.99634816116374836 ) ) ;
#7243 = EDGE_CURVE ( 'NONE', #8113, #6040, #11125, .T. ) ;
#7244 = AXIS2_PLACEMENT_3D ( 'NONE', #11177, #194, #2863 ) ;
#7245 = VERTEX_POINT ( 'NONE', #2800 ) ;
#7246 = ORIENTED_EDGE ( 'NONE', *, *, #8362, .F. ) ;
#7247 = CARTESIAN_POINT ( 'NONE',  ( -4.499179450988827433, 19.30582402159526723, -33.77951245282524440 ) ) ;
#7248 = ORIENTED_EDGE ( 'NONE', *, *, #8807, .F. ) ;
#7249 = ORIENTED_EDGE ( 'NONE', *, *, #2716, .F. ) ;
#7250 = DIRECTION ( 'NONE',  ( -0.000000000000000000, -0.000000000000000000, 1.000000000000000000 ) ) ;
#7251 = CARTESIAN_POINT ( 'NONE',  ( -14.00000000000000000, 0.5375364957381987274, -29.44634816116375120 ) ) ;
#7252 = LINE ( 'NONE', #3487, #976 ) ;
#7253 = DIRECTION ( 'NONE',  ( 0.000000000000000000, 0.000000000000000000, -1.000000000000000000 ) ) ;
#7254 = DIRECTION ( 'NONE',  ( -0.000000000000000000, -0.000000000000000000, 1.000000000000000000 ) ) ;
#7255 = FACE_OUTER_BOUND ( 'NONE', #8243, .T. ) ;
#7256 = B_SPLINE_CURVE_WITH_KNOTS ( 'NONE', 3,
 ( #4313, #6256, #8802, #7952, #3272, #11585, #4251, #1584 ),
 .UNSPECIFIED., .F., .F.,
 ( 4, 2, 2, 4 ),
 ( 0.000000000000000000, 0.0002734111411466464965, 0.0005468222822932929930, 0.001093644564586585335 ),
 .UNSPECIFIED. ) ;
#7257 = EDGE_CURVE ( 'NONE', #1107, #8347, #283, .T. ) ;
#7258 = CYLINDRICAL_SURFACE ( 'NONE', #11984, 6.399999999999995026 ) ;
#7259 = ORIENTED_EDGE ( 'NONE', *, *, #8216, .F. ) ;
#7260 = VERTEX_POINT ( 'NONE', #69 ) ;
#7261 = CARTESIAN_POINT ( 'NONE',  ( 9.812803638742101597, 16.57339930408909012, -33.59634816116375333 ) ) ;
#7262 = ORIENTED_EDGE ( 'NONE', *, *, #7324, .F. ) ;
#7263 = CARTESIAN_POINT ( 'NONE',  ( 10.08978308122284950, 16.99012017610010616, -33.77951245282524440 ) ) ;
#7264 = EDGE_LOOP ( 'NONE', ( #1859, #9984, #2990, #3851, #2700, #1543, #4331, #4361 ) ) ;
#7265 = FACE_OUTER_BOUND ( 'NONE', #6635, .T. ) ;
#7266 = CARTESIAN_POINT ( 'NONE',  ( -11.06000805719603619, -14.66497096308320103, -34.29634816116375617 ) ) ;
#7267 = CYLINDRICAL_SURFACE ( 'NONE', #7003, 19.33712077059222167 ) ;
#7268 = CARTESIAN_POINT ( 'NONE',  ( 19.06420979952545380, -2.470104559920010434, -26.99634816116374836 ) ) ;
#7269 = EDGE_CURVE ( 'NONE', #2818, #3075, #988, .T. ) ;
#7270 = B_SPLINE_CURVE_WITH_KNOTS ( 'NONE', 3,
 ( #11777, #1649, #2819, #6595, #6531, #1589, #8474, #6480 ),
 .UNSPECIFIED., .F., .F.,
 ( 4, 2, 2, 4 ),
 ( 0.000000000000000000, 0.0002734111411466471470, 0.0005468222822932942940, 0.001093644564586588588 ),
 .UNSPECIFIED. ) ;
#7271 = CARTESIAN_POINT ( 'NONE',  ( -0.5789032350798245519, 0.8926669437723417921, -33.59634816116375333 ) ) ;
#7272 = CARTESIAN_POINT ( 'NONE',  ( -3.198396408832238080E-15, 0.5375364957382012809, -34.29634816116375617 ) ) ;
#7273 = ORIENTED_EDGE ( 'NONE', *, *, #1542, .T. ) ;
#7274 = DIRECTION ( 'NONE',  ( -0.5874011683613209467, -0.8092959084338404718, 0.000000000000000000 ) ) ;
#7275 = ORIENTED_EDGE ( 'NONE', *, *, #6434, .F. ) ;
#7276 = EDGE_CURVE ( 'NONE', #6303, #1491, #3800, .T. ) ;
#7277 = ORIENTED_EDGE ( 'NONE', *, *, #3668, .T. ) ;
#7278 = CARTESIAN_POINT ( 'NONE',  ( -9.812803638742222390, -15.49832631261261184, -26.90389799132446669 ) ) ;
#7279 = ORIENTED_EDGE ( 'NONE', *, *, #9323, .T. ) ;
#7280 = DIRECTION ( 'NONE',  ( -0.000000000000000000, -0.000000000000000000, 1.000000000000000000 ) ) ;
#7281 = CARTESIAN_POINT ( 'NONE',  ( -3.184081677783118191E-15, 0.5375364957382012809, -26.19634816116376541 ) ) ;
#7282 = DIRECTION ( 'NONE',  ( 0.1569032754149065623, -0.9876139742652865205, 0.000000000000000000 ) ) ;
#7283 = DIRECTION ( 'NONE',  ( -0.000000000000000000, -0.000000000000000000, -1.000000000000000000 ) ) ;
#7284 = CARTESIAN_POINT ( 'NONE',  ( -18.83977611839032917, -3.654061777115690468, -34.22032890332828714 ) ) ;
#7285 = ORIENTED_EDGE ( 'NONE', *, *, #10243, .F. ) ;
#7286 = ORIENTED_EDGE ( 'NONE', *, *, #4648, .T. ) ;
#7287 = CARTESIAN_POINT ( 'NONE',  ( 4.400367338555391861, -17.74023083363045572, -34.29634816116375617 ) ) ;
#7288 = CARTESIAN_POINT ( 'NONE',  ( 6.578676911427569607, 18.14886099137170206, -26.64369750929288472 ) ) ;
#7289 = CARTESIAN_POINT ( 'NONE',  ( 4.400367338555529528, 18.81530382510683452, -26.99634816116374836 ) ) ;
#7290 = CARTESIAN_POINT ( 'NONE',  ( -5.950000000000001954, -8.012463504261800651, 53.36789795213030629 ) ) ;
#7291 = CARTESIAN_POINT ( 'NONE',  ( -17.63376692998110329, -7.307489630689707027, -26.43662752414719108 ) ) ;
#7292 = ADVANCED_FACE ( 'NONE', ( #8451 ), #4807, .F. ) ;
#7293 = CARTESIAN_POINT ( 'NONE',  ( -3.144186300207962859E-15, 0.5375364957382012809, -34.29634816116375617 ) ) ;
#7294 = EDGE_CURVE ( 'NONE', #3353, #10332, #4004, .T. ) ;
#7295 = ORIENTED_EDGE ( 'NONE', *, *, #9526, .T. ) ;
#7296 = ORIENTED_EDGE ( 'NONE', *, *, #5005, .F. ) ;
#7297 = CARTESIAN_POINT ( 'NONE',  ( -8.021784762357402343, 18.09195626647763433, -26.63019525567115053 ) ) ;
#7298 = EDGE_CURVE ( 'NONE', #10181, #9495, #11561, .T. ) ;
#7299 = ORIENTED_EDGE ( 'NONE', *, *, #3032, .T. ) ;
#7300 = ORIENTED_EDGE ( 'NONE', *, *, #10192, .F. ) ;
#7301 = CARTESIAN_POINT ( 'NONE',  ( -4.400367338555660979, -17.74023083363040243, -33.68879833100304211 ) ) ;
#7302 = AXIS2_PLACEMENT_3D ( 'NONE', #2995, #3786, #8595 ) ;
#7303 = CARTESIAN_POINT ( 'NONE',  ( -6.512883272942900703, 18.17337533669351401, -33.77951444777792034 ) ) ;
#7304 = LINE ( 'NONE', #4283, #2898 ) ;
#7305 = DIRECTION ( 'NONE',  ( -0.000000000000000000, 0.000000000000000000, -1.000000000000000000 ) ) ;
#7306 = EDGE_CURVE ( 'NONE', #10624, #257, #7472, .T. ) ;
#7307 = CARTESIAN_POINT ( 'NONE',  ( 0.000000000000000000, 0.5375364957382021691, -37.09634816116376044 ) ) ;
#7308 = DIRECTION ( 'NONE',  ( -0.000000000000000000, -0.000000000000000000, 1.000000000000000000 ) ) ;
#7309 = FACE_OUTER_BOUND ( 'NONE', #4939, .T. ) ;
#7310 = EDGE_CURVE ( 'NONE', #6136, #5122, #10791, .T. ) ;
#7311 = VECTOR ( 'NONE', #5228, 1000.000000000000000 ) ;
#7312 = ORIENTED_EDGE ( 'NONE', *, *, #9172, .F. ) ;
#7313 = ORIENTED_EDGE ( 'NONE', *, *, #6728, .T. ) ;
#7314 = CARTESIAN_POINT ( 'NONE',  ( -17.58074150463214380, 8.500682432823785106, -26.56607335038743045 ) ) ;
#7315 = EDGE_CURVE ( 'NONE', #1953, #8419, #11299, .T. ) ;
#7316 = EDGE_LOOP ( 'NONE', ( #6476, #11314, #7910, #11062 ) ) ;
#7317 = CARTESIAN_POINT ( 'NONE',  ( -11.06000805719570756, 15.74004395455983563, -33.78124828719859352 ) ) ;
#7318 = ORIENTED_EDGE ( 'NONE', *, *, #4864, .T. ) ;
#7319 = CARTESIAN_POINT ( 'NONE',  ( -18.57040281239285306, -2.391652922212281762, -26.99634816116374836 ) ) ;
#7320 = EDGE_CURVE ( 'NONE', #375, #2515, #9484, .T. ) ;
#7321 = VECTOR ( 'NONE', #4055, 1000.000000000000000 ) ;
#7322 = CARTESIAN_POINT ( 'NONE',  ( -18.79951954134921266, 0.5875716334954894648, -34.29634816116375617 ) ) ;
#7323 = EDGE_CURVE ( 'NONE', #3189, #1264, #3774, .T. ) ;
#7324 = EDGE_CURVE ( 'NONE', #10438, #3674, #4630, .T. ) ;
#7325 = CARTESIAN_POINT ( 'NONE',  ( -16.45258368036202157, -9.552246585484475361, -26.81318386950226440 ) ) ;
#7326 = VECTOR ( 'NONE', #272, 1000.000000000000000 ) ;
#7327 = CARTESIAN_POINT ( 'NONE',  ( -16.08584744898852392, 11.20222176291194316, -26.29634816116374907 ) ) ;
#7328 = DIRECTION ( 'NONE',  ( 0.000000000000000000, -0.000000000000000000, 1.000000000000000000 ) ) ;
#7329 = CARTESIAN_POINT ( 'NONE',  ( 15.20250745882144017, -10.52247156145777396, -34.29634816116375617 ) ) ;
#7330 = EDGE_CURVE ( 'NONE', #5832, #4738, #5559, .T. ) ;
#7331 = CIRCLE ( 'NONE', #3442, 9.599999999999988987 ) ;
#7332 = ORIENTED_EDGE ( 'NONE', *, *, #3824, .T. ) ;
#7333 = AXIS2_PLACEMENT_3D ( 'NONE', #374, #4137, #9714 ) ;
#7334 = CARTESIAN_POINT ( 'NONE',  ( 18.94258358435489598, 4.234633620474245852, -34.29634816116375617 ) ) ;
#7335 = ORIENTED_EDGE ( 'NONE', *, *, #4362, .T. ) ;
#7336 = ORIENTED_EDGE ( 'NONE', *, *, #3754, .T. ) ;
#7337 = CARTESIAN_POINT ( 'NONE',  ( 13.81335517923296763, 13.29023150319130231, -26.99634816116374836 ) ) ;
#7338 = EDGE_LOOP ( 'NONE', ( #11048, #11889, #5851, #8015 ) ) ;
#7339 = DIRECTION ( 'NONE',  ( -0.000000000000000000, 0.000000000000000000, 1.000000000000000000 ) ) ;
#7340 = AXIS2_PLACEMENT_3D ( 'NONE', #7271, #3679, #4759 ) ;
#7341 = CARTESIAN_POINT ( 'NONE',  ( 4.442951011603483380, 19.31962558533119534, -33.96250106665636537 ) ) ;
#7342 = VECTOR ( 'NONE', #6627, 1000.000000000000000 ) ;
#7343 = VECTOR ( 'NONE', #8224, 1000.000000000000227 ) ;
#7344 = CARTESIAN_POINT ( 'NONE',  ( -0.2986392761938163609, 0.9844817574481121714, -26.29634816116374907 ) ) ;
#7345 = CARTESIAN_POINT ( 'NONE',  ( -18.89712107237533090, 4.461483731971319422, -34.29634816116374907 ) ) ;
#7346 = EDGE_CURVE ( 'NONE', #432, #8528, #1896, .T. ) ;
#7347 = AXIS2_PLACEMENT_3D ( 'NONE', #11558, #10650, #5132 ) ;
#7348 = AXIS2_PLACEMENT_3D ( 'NONE', #4005, #10493, #5831 ) ;
#7349 = VECTOR ( 'NONE', #3594, 1000.000000000000000 ) ;
#7350 = CARTESIAN_POINT ( 'NONE',  ( 0.6933771451090171567, -18.75043676211232579, -26.63019525567115053 ) ) ;
#7351 = ORIENTED_EDGE ( 'NONE', *, *, #2619, .F. ) ;
#7352 = ORIENTED_EDGE ( 'NONE', *, *, #861, .F. ) ;
#7353 = CARTESIAN_POINT ( 'NONE',  ( 10.49350092129211731, -15.07615178093627328, -34.29634816116375617 ) ) ;
#7354 = CARTESIAN_POINT ( 'NONE',  ( 5.599999999999997868, 0.5375364957382021691, -21.29634816116374907 ) ) ;
#7355 = FACE_BOUND ( 'NONE', #2970, .T. ) ;
#7356 = CARTESIAN_POINT ( 'NONE',  ( 7.321573171451382755, -17.31980278801531625, -26.29634816116374907 ) ) ;
#7357 = CARTESIAN_POINT ( 'NONE',  ( -17.55441977073940762, -7.484248266619258239, -26.63019525567115053 ) ) ;
#7358 = VECTOR ( 'NONE', #1870, 1000.000000000000000 ) ;
#7359 = VECTOR ( 'NONE', #6013, 1000.000000000000000 ) ;
#7360 = LINE ( 'NONE', #2679, #3462 ) ;
#7361 = ORIENTED_EDGE ( 'NONE', *, *, #1976, .F. ) ;
#7362 = ORIENTED_EDGE ( 'NONE', *, *, #11974, .F. ) ;
#7363 = DIRECTION ( 'NONE',  ( -0.6791492313942084635, 0.7340002190031388318, 0.000000000000000000 ) ) ;
#7364 = ORIENTED_EDGE ( 'NONE', *, *, #6091, .T. ) ;
#7365 = VERTEX_POINT ( 'NONE', #1961 ) ;
#7366 = DIRECTION ( 'NONE',  ( 0.9807852804032318739, 0.1950903220161216423, 0.000000000000000000 ) ) ;
#7367 = EDGE_CURVE ( 'NONE', #4385, #6383, #8131, .T. ) ;
#7368 = DIRECTION ( 'NONE',  ( -0.3465623512410538343, -0.9380269381538424156, 0.000000000000000000 ) ) ;
#7369 = DIRECTION ( 'NONE',  ( 0.8092959084338506859, 0.5874011683613068469, 0.000000000000000000 ) ) ;
#7370 = FACE_OUTER_BOUND ( 'NONE', #6173, .T. ) ;
#7371 = CARTESIAN_POINT ( 'NONE',  ( 0.000000000000000000, 0.5375364957382021691, -21.29634816116374907 ) ) ;
#7372 = CARTESIAN_POINT ( 'NONE',  ( 0.3800957012717303130, 0.1574407944664631132, -34.29634816116375617 ) ) ;
#7373 = DIRECTION ( 'NONE',  ( 0.5229032302633819240, -0.8523920528607249469, 0.000000000000000000 ) ) ;
#7374 = ORIENTED_EDGE ( 'NONE', *, *, #335, .T. ) ;
#7375 = ORIENTED_EDGE ( 'NONE', *, *, #8023, .T. ) ;
#7376 = AXIS2_PLACEMENT_3D ( 'NONE', #3832, #11174, #10202 ) ;
#7377 = CARTESIAN_POINT ( 'NONE',  ( -11.06000805719570756, 15.74004395455983563, -26.99634816116374836 ) ) ;
#7378 = EDGE_LOOP ( 'NONE', ( #7555, #1148, #11119, #10857, #2704, #1250 ) ) ;
#7379 = CARTESIAN_POINT ( 'NONE',  ( -15.75982786953592729, -9.712375173406508466, -26.31451660138218429 ) ) ;
#7380 = VERTEX_POINT ( 'NONE', #4199 ) ;
#7381 = DIRECTION ( 'NONE',  ( 0.5229032302633760398, -0.8523920528607284997, 0.000000000000000000 ) ) ;
#7382 = DIRECTION ( 'NONE',  ( -0.000000000000000000, -0.000000000000000000, 1.000000000000000000 ) ) ;
#7383 = CARTESIAN_POINT ( 'NONE',  ( -6.820728415370162168, -16.98141106815777945, -34.20801078711517107 ) ) ;
#7384 = CARTESIAN_POINT ( 'NONE',  ( 18.42853067367102682, -3.179141551947287869, -26.29634816116374907 ) ) ;
#7385 = VECTOR ( 'NONE', #4772, 1000.000000000000000 ) ;
#7386 = EDGE_CURVE ( 'NONE', #5685, #7916, #316, .T. ) ;
#7387 = CARTESIAN_POINT ( 'NONE',  ( -17.27818132350597224, 7.946808649919040235, -26.31451660138218074 ) ) ;
#7388 = PRODUCT_DEFINITION_SHAPE ( 'NONE', 'NONE',  #6698 ) ;
#7389 = ORIENTED_EDGE ( 'NONE', *, *, #11632, .T. ) ;
#7390 = EDGE_CURVE ( 'NONE', #9472, #979, #1292, .T. ) ;
#7391 = CARTESIAN_POINT ( 'NONE',  ( 19.05263143062888531, 3.620379311959724511, -33.96250106665635116 ) ) ;
#7392 = ORIENTED_EDGE ( 'NONE', *, *, #2094, .F. ) ;
#7393 = VERTEX_POINT ( 'NONE', #11543 ) ;
#7394 = CARTESIAN_POINT ( 'NONE',  ( -4.014554898955402962, -18.34122236905998804, -26.29634816116374907 ) ) ;
#7395 = CARTESIAN_POINT ( 'NONE',  ( 7.963145937085405635, 18.11827800037042380, -26.56607335038743045 ) ) ;
#7396 = LINE ( 'NONE', #11944, #9889 ) ;
#7397 = DIRECTION ( 'NONE',  ( 1.000000000000000000, 0.000000000000000000, 0.000000000000000000 ) ) ;
#7398 = LINE ( 'NONE', #6601, #6162 ) ;
#7399 = LINE ( 'NONE', #11150, #9448 ) ;
#7400 = ADVANCED_FACE ( 'NONE', ( #7000 ), #9539, .F. ) ;
#7401 = DIRECTION ( 'NONE',  ( 0.5555702330196063965, 0.8314696123025424601, 0.000000000000000000 ) ) ;
#7402 = VERTEX_POINT ( 'NONE', #2143 ) ;
#7403 = ORIENTED_EDGE ( 'NONE', *, *, #2467, .F. ) ;
#7404 = CARTESIAN_POINT ( 'NONE',  ( 11.28212201404737414, 16.19655802473513262, -26.64370081747365049 ) ) ;
#7405 = LINE ( 'NONE', #11954, #6589 ) ;
#7406 = FACE_OUTER_BOUND ( 'NONE', #5756, .T. ) ;
#7407 = CARTESIAN_POINT ( 'NONE',  ( -3.198396408832238080E-15, 0.5375364957382012809, -26.29634816116374907 ) ) ;
#7408 = CARTESIAN_POINT ( 'NONE',  ( -18.54798273410424514, 3.605286786449549918, -26.56606956038671896 ) ) ;
#7409 = AXIS2_PLACEMENT_3D ( 'NONE', #4395, #10770, #2447 ) ;
#7410 = CARTESIAN_POINT ( 'NONE',  ( 19.28465801595087115, 1.306929248384651965, -34.29634816116375617 ) ) ;
#7411 = ORIENTED_EDGE ( 'NONE', *, *, #718, .T. ) ;
#7412 = ORIENTED_EDGE ( 'NONE', *, *, #1675, .T. ) ;
#7413 = CIRCLE ( 'NONE', #5104, 19.30000000000008953 ) ;
#7414 = CARTESIAN_POINT ( 'NONE',  ( -17.45795483544855387, -6.439493947039647281, -34.29634816116375617 ) ) ;
#7415 = VERTEX_POINT ( 'NONE', #7843 ) ;
#7416 = VERTEX_POINT ( 'NONE', #440 ) ;
#7417 = CARTESIAN_POINT ( 'NONE',  ( 0.1065610753026886848, -0.1332028932476702898, -26.29634816116374907 ) ) ;
#7418 = CARTESIAN_POINT ( 'NONE',  ( 10.48605614883635617, 16.14096768711506513, -26.29634816116374907 ) ) ;
#7419 = DIRECTION ( 'NONE',  ( -0.000000000000000000, -0.000000000000000000, 1.000000000000000000 ) ) ;
#7420 = CARTESIAN_POINT ( 'NONE',  ( -13.81335517923306178, -12.21515851171480271, -26.99634816116374836 ) ) ;
#7421 = DIRECTION ( 'NONE',  ( 0.7340002190031222895, -0.6791492313942264492, 0.000000000000000000 ) ) ;
#7422 = FACE_OUTER_BOUND ( 'NONE', #3538, .T. ) ;
#7423 = VECTOR ( 'NONE', #7274, 1000.000000000000000 ) ;
#7424 = CARTESIAN_POINT ( 'NONE',  ( -18.11113469183625568, 7.206629400636784588, -33.68879736725453000 ) ) ;
#7425 = EDGE_CURVE ( 'NONE', #2600, #5442, #3169, .T. ) ;
#7426 = ORIENTED_EDGE ( 'NONE', *, *, #11627, .F. ) ;
#7427 = VERTEX_POINT ( 'NONE', #7725 ) ;
#7428 = CARTESIAN_POINT ( 'NONE',  ( -17.59310005470275939, 7.164872749166609545, -26.56606956038672251 ) ) ;
#7429 = VERTEX_POINT ( 'NONE', #3220 ) ;
#7430 = LINE ( 'NONE', #9254, #11801 ) ;
#7431 = ORIENTED_EDGE ( 'NONE', *, *, #2148, .F. ) ;
#7432 = CYLINDRICAL_SURFACE ( 'NONE', #10834, 0.7000000000000000666 ) ;
#7433 = CIRCLE ( 'NONE', #4136, 19.30000000000008598 ) ;
#7434 = DIRECTION ( 'NONE',  ( -0.000000000000000000, -0.000000000000000000, 1.000000000000000000 ) ) ;
#7435 = CARTESIAN_POINT ( 'NONE',  ( 10.07425525387368204, -15.92452233904311676, -26.90389895507296458 ) ) ;
#7436 = CARTESIAN_POINT ( 'NONE',  ( 15.65214394472809190, -10.75480932762500075, -33.96250106665636537 ) ) ;
#7437 = DIRECTION ( 'NONE',  ( 0.000000000000000000, 0.000000000000000000, -1.000000000000000000 ) ) ;
#7438 = UNCERTAINTY_MEASURE_WITH_UNIT (LENGTH_MEASURE( 1.000000000000000082E-05 ), #9584, 'distance_accuracy_value', 'NONE');
#7439 = ADVANCED_FACE ( 'NONE', ( #8874, #3113, #500, #10694 ), #2379, .F. ) ;
#7440 = EDGE_LOOP ( 'NONE', ( #7285, #9713, #9969, #9395 ) ) ;
#7441 = CARTESIAN_POINT ( 'NONE',  ( -11.06000805719603619, -14.66497096308320458, -33.59634816116375333 ) ) ;
#7442 = VERTEX_POINT ( 'NONE', #2320 ) ;
#7443 = EDGE_LOOP ( 'NONE', ( #9135, #4316, #10846, #4950 ) ) ;
#7444 = CARTESIAN_POINT ( 'NONE',  ( -8.799999999999993605, 0.5375364957382032793, -41.09634816116376044 ) ) ;
#7445 = EDGE_CURVE ( 'NONE', #4222, #11612, #7897, .T. ) ;
#7446 = DIRECTION ( 'NONE',  ( 0.8523920528607157321, -0.5229032302633966900, 0.000000000000000000 ) ) ;
#7447 = CYLINDRICAL_SURFACE ( 'NONE', #386, 0.7000000000000000666 ) ;
#7448 = CARTESIAN_POINT ( 'NONE',  ( 7.152430585985568356, 17.93706407262886415, -34.29634816116375617 ) ) ;
#7449 = FACE_OUTER_BOUND ( 'NONE', #4294, .T. ) ;
#7450 = CARTESIAN_POINT ( 'NONE',  ( -6.669092904898531238, -17.57359819609807161, -34.29634816116375617 ) ) ;
#7451 = EDGE_CURVE ( 'NONE', #5253, #2411, #2828, .T. ) ;
#7452 = CARTESIAN_POINT ( 'NONE',  ( -18.82542771621639233, 4.791645376190496464, -34.15606879818032127 ) ) ;
#7453 = DIRECTION ( 'NONE',  ( -0.6791492313942135706, 0.7340002190031341689, -0.000000000000000000 ) ) ;
#7454 = ORIENTED_EDGE ( 'NONE', *, *, #1880, .F. ) ;
#7455 = ORIENTED_EDGE ( 'NONE', *, *, #10733, .F. ) ;
#7456 = CARTESIAN_POINT ( 'NONE',  ( 13.70495082675858534, 14.14360627219060262, -34.29634816116375617 ) ) ;
#7457 = ADVANCED_FACE ( 'NONE', ( #560 ), #6874, .F. ) ;
#7458 = DIRECTION ( 'NONE',  ( 0.000000000000000000, 0.000000000000000000, -1.000000000000000000 ) ) ;
#7459 = CARTESIAN_POINT ( 'NONE',  ( 19.06420979952547512, 3.545177551396273774, -34.29634816116375617 ) ) ;
#7460 = CARTESIAN_POINT ( 'NONE',  ( 6.751989403452317795, -17.54289136095561119, -26.64370081747366115 ) ) ;
#7461 = CARTESIAN_POINT ( 'NONE',  ( -5.950000000000001954, -8.012463504261800651, -26.19634816116376541 ) ) ;
#7462 = CARTESIAN_POINT ( 'NONE',  ( -3.144186300207962859E-15, 0.5375364957382012809, -34.29634816116375617 ) ) ;
#7463 = VERTEX_POINT ( 'NONE', #5118 ) ;
#7464 = ORIENTED_EDGE ( 'NONE', *, *, #11073, .F. ) ;
#7465 = CARTESIAN_POINT ( 'NONE',  ( 13.09226962315015541, -13.64281879299638334, -33.78124629862856665 ) ) ;
#7466 = ORIENTED_EDGE ( 'NONE', *, *, #9755, .F. ) ;
#7467 = ORIENTED_EDGE ( 'NONE', *, *, #9245, .T. ) ;
#7468 = CARTESIAN_POINT ( 'NONE',  ( 19.28465801595086404, -0.2318562569083902902, -33.59634816116375333 ) ) ;
#7469 = CARTESIAN_POINT ( 'NONE',  ( 11.06000805719591717, 15.74004395455968286, -26.81144803512891528 ) ) ;
#7470 = CARTESIAN_POINT ( 'NONE',  ( -9.812803638741883105, 16.57339930408922513, -34.29634816116375617 ) ) ;
#7471 = DIRECTION ( 'NONE',  ( 0.5555702330196063965, 0.8314696123025424601, 0.000000000000000000 ) ) ;
#7472 = LINE ( 'NONE', #5781, #2258 ) ;
#7473 = DIRECTION ( 'NONE',  ( 0.6791492313942135706, -0.7340002190031341689, 0.000000000000000000 ) ) ;
#7474 = CARTESIAN_POINT ( 'NONE',  ( -11.07100065386094911, 16.34671506216076509, -26.38468825395370132 ) ) ;
#7475 = LINE ( 'NONE', #9365, #5589 ) ;
#7476 = EDGE_CURVE ( 'NONE', #4867, #11423, #1471, .T. ) ;
#7477 = ORIENTED_EDGE ( 'NONE', *, *, #4553, .T. ) ;
#7478 = AXIS2_PLACEMENT_3D ( 'NONE', #5986, #5009, #9736 ) ;
#7479 = ORIENTED_EDGE ( 'NONE', *, *, #4328, .T. ) ;
#7480 = CARTESIAN_POINT ( 'NONE',  ( -3.198396408832238080E-15, 0.5375364957382012809, -34.29634816116375617 ) ) ;
#7481 = ORIENTED_EDGE ( 'NONE', *, *, #10415, .F. ) ;
#7482 = CARTESIAN_POINT ( 'NONE',  ( 18.78503423634786174, -0.2124635042618656378, -33.59634816116375333 ) ) ;
#7483 = VERTEX_POINT ( 'NONE', #11605 ) ;
#7484 = DIRECTION ( 'NONE',  ( -0.5229032302633759288, 0.8523920528607283886, 0.000000000000000000 ) ) ;
#7485 = CARTESIAN_POINT ( 'NONE',  ( -4.799999999999999822, 0.5375364957382027242, -21.29634816116374907 ) ) ;
#7486 = CARTESIAN_POINT ( 'NONE',  ( -13.34556455061094482, -13.40495572223705167, -26.38468825395369777 ) ) ;
#7487 = CARTESIAN_POINT ( 'NONE',  ( -19.29987502093280938, 0.6069927868653487435, -34.29634816116375617 ) ) ;
#7488 = AXIS2_PLACEMENT_3D ( 'NONE', #9554, #6043, #2216 ) ;
#7489 = DIRECTION ( 'NONE',  ( -0.000000000000000000, 0.000000000000000000, 1.000000000000000000 ) ) ;
#7490 = VERTEX_POINT ( 'NONE', #9599 ) ;
#7491 = AXIS2_PLACEMENT_3D ( 'NONE', #6358, #2760, #5332 ) ;
#7492 = CARTESIAN_POINT ( 'NONE',  ( 17.34934370704278095, 7.778027600316403500, -34.29634816116375617 ) ) ;
#7493 = ORIENTED_EDGE ( 'NONE', *, *, #5409, .T. ) ;
#7494 = ORIENTED_EDGE ( 'NONE', *, *, #6919, .F. ) ;
#7495 = B_SPLINE_CURVE_WITH_KNOTS ( 'NONE', 3,
 ( #9364, #1103, #7658, #5720, #9416, #2926, #10508, #5845 ),
 .UNSPECIFIED., .F., .F.,
 ( 4, 2, 2, 4 ),
 ( 0.000000000000000000, 0.0002734115678465723776, 0.0005468231356931447552, 0.001093646271386293847 ),
 .UNSPECIFIED. ) ;
#7496 = CARTESIAN_POINT ( 'NONE',  ( 3.716678047685281427, -17.89099417793287117, -34.29634816116375617 ) ) ;
#7497 = AXIS2_PLACEMENT_3D ( 'NONE', #5887, #9522, #4918 ) ;
#7498 = CARTESIAN_POINT ( 'NONE',  ( 7.992049606106884418, -14.42897195459641857, -44.96285661149832436 ) ) ;
#7499 = CARTESIAN_POINT ( 'NONE',  ( 19.28465801595087115, 1.306929248384651965, -26.99634816116374836 ) ) ;
#7500 = LINE ( 'NONE', #8611, #7038 ) ;
#7501 = EDGE_CURVE ( 'NONE', #1147, #9088, #7526, .T. ) ;
#7502 = CARTESIAN_POINT ( 'NONE',  ( 17.63583884095519139, -5.975346777205015059, -26.81318187454957780 ) ) ;
#7503 = FACE_OUTER_BOUND ( 'NONE', #9011, .T. ) ;
#7504 = VECTOR ( 'NONE', #11333, 1000.000000000000114 ) ;
#7505 = AXIS2_PLACEMENT_3D ( 'NONE', #284, #3143, #5875 ) ;
#7506 = CYLINDRICAL_SURFACE ( 'NONE', #10242, 0.7000000000000003997 ) ;
#7507 = VECTOR ( 'NONE', #3671, 1000.000000000000000 ) ;
#7508 = VECTOR ( 'NONE', #3856, 1000.000000000000000 ) ;
#7509 = EDGE_CURVE ( 'NONE', #1204, #10746, #5948, .T. ) ;
#7510 = VECTOR ( 'NONE', #6275, 1000.000000000000000 ) ;
#7512 = CARTESIAN_POINT ( 'NONE',  ( 5.599999999999997868, 0.5375364957382021691, -37.09634816116376044 ) ) ;
#7511 = CIRCLE ( 'NONE', #1125, 19.33712077059221812 ) ;
#7513 = VERTEX_POINT ( 'NONE', #9125 ) ;
#7514 = FACE_OUTER_BOUND ( 'NONE', #6775, .T. ) ;
#7515 = B_SPLINE_CURVE_WITH_KNOTS ( 'NONE', 3,
 ( #942, #9423, #5618, #5496, #9317, #3673, #6467, #78 ),
 .UNSPECIFIED., .F., .F.,
 ( 4, 2, 2, 4 ),
 ( 0.000000000000000000, 0.0002734140155771874704, 0.0005468280311543749408, 0.001093656062308727764 ),
 .UNSPECIFIED. ) ;
#7516 = DIRECTION ( 'NONE',  ( 0.000000000000000000, 0.000000000000000000, -1.000000000000000000 ) ) ;
#7517 = VECTOR ( 'NONE', #8974, 1000.000000000000000 ) ;
#7518 = CARTESIAN_POINT ( 'NONE',  ( -17.58074150463232144, -7.425609441347011064, -34.02662297194007834 ) ) ;
#7519 = CARTESIAN_POINT ( 'NONE',  ( 17.81502700716352194, -6.917369584126028315, -34.29634816116375617 ) ) ;
#7520 = DIRECTION ( 'NONE',  ( -0.000000000000000000, -0.000000000000000000, 1.000000000000000000 ) ) ;
#7521 = DIRECTION ( 'NONE',  ( -0.9992475592060076073, -0.03878550529303832067, 0.000000000000000000 ) ) ;
#7522 = VECTOR ( 'NONE', #8405, 1000.000000000000000 ) ;
#7523 = CARTESIAN_POINT ( 'NONE',  ( -7.999999999999994671, 0.5375364957382031683, -39.49634816116375902 ) ) ;
#7524 = ADVANCED_FACE ( 'NONE', ( #4445 ), #7059, .T. ) ;
#7525 = ADVANCED_FACE ( 'NONE', ( #5472 ), #3411, .T. ) ;
#7526 = B_SPLINE_CURVE_WITH_KNOTS ( 'NONE', 3,
 ( #1287, #4085, #7655, #7788, #11490, #5174, #3043, #10564 ),
 .UNSPECIFIED., .F., .F.,
 ( 4, 2, 2, 4 ),
 ( 0.000000000000000000, 0.0002734111411466474181, 0.0005468222822932948361, 0.001093644564586587938 ),
 .UNSPECIFIED. ) ;
#7527 = EDGE_CURVE ( 'NONE', #1204, #299, #6960, .T. ) ;
#7528 = VECTOR ( 'NONE', #10827, 1000.000000000000000 ) ;
#7529 = ORIENTED_EDGE ( 'NONE', *, *, #2117, .F. ) ;
#7531 = ORIENTED_EDGE ( 'NONE', *, *, #4219, .T. ) ;
#7530 = ADVANCED_FACE ( 'NONE', ( #9059 ), #8159, .F. ) ;
#7532 = FACE_OUTER_BOUND ( 'NONE', #5078, .T. ) ;
#7533 = ORIENTED_EDGE ( 'NONE', *, *, #4866, .T. ) ;
#7534 = ORIENTED_EDGE ( 'NONE', *, *, #1737, .F. ) ;
#7535 = CARTESIAN_POINT ( 'NONE',  ( -3.171291354520100469E-15, 0.5375364957382012809, -26.29634816116374907 ) ) ;
#7536 = LINE ( 'NONE', #2745, #940 ) ;
#7537 = CARTESIAN_POINT ( 'NONE',  ( 3.437090728611260637, 19.02119274008836314, -26.29634816116374907 ) ) ;
#7538 = FACE_OUTER_BOUND ( 'NONE', #723, .T. ) ;
#7539 = CARTESIAN_POINT ( 'NONE',  ( -0.4469452617099144431, 0.8361757719320137561, -34.29634816116375617 ) ) ;
#7540 = EDGE_CURVE ( 'NONE', #10526, #4154, #742, .T. ) ;
#7541 = VECTOR ( 'NONE', #2373, 1000.000000000000000 ) ;
#7542 = DIRECTION ( 'NONE',  ( 0.03878550529304181094, 0.9992475592060074963, 0.000000000000000000 ) ) ;
#7543 = DIRECTION ( 'NONE',  ( 0.3826834323650805114, -0.9238795325112906243, 0.000000000000000000 ) ) ;
#7544 = CARTESIAN_POINT ( 'NONE',  ( 16.03586280835084210, -9.275267143003960157, -26.99634816116374836 ) ) ;
#7545 = CARTESIAN_POINT ( 'NONE',  ( -16.46205883478114984, 10.61179174961217697, -33.59634816116375333 ) ) ;
#7546 = EDGE_CURVE ( 'NONE', #5896, #3969, #1616, .T. ) ;
#7547 = AXIS2_PLACEMENT_3D ( 'NONE', #651, #8975, #11819 ) ;
#7548 = ORIENTED_EDGE ( 'NONE', *, *, #2843, .T. ) ;
#7549 = ORIENTED_EDGE ( 'NONE', *, *, #11842, .T. ) ;
#7550 = CARTESIAN_POINT ( 'NONE',  ( 14.18035528873443951, -12.55473312741210989, -26.99634816116374836 ) ) ;
#7551 = ORIENTED_EDGE ( 'NONE', *, *, #4863, .T. ) ;
#7552 = DIRECTION ( 'NONE',  ( 0.7340002190031224005, -0.6791492313942264492, 0.000000000000000000 ) ) ;
#7553 = VERTEX_POINT ( 'NONE', #1713 ) ;
#7554 = CARTESIAN_POINT ( 'NONE',  ( -4.516859228947537552, -18.22647114404586688, -26.99634816116374836 ) ) ;
#7555 = ORIENTED_EDGE ( 'NONE', *, *, #3184, .F. ) ;
#7556 = AXIS2_PLACEMENT_3D ( 'NONE', #3204, #5152, #5098 ) ;
#7557 = CARTESIAN_POINT ( 'NONE',  ( -0.7500000000000000000, 19.32257073208606712, -26.99634816116374836 ) ) ;
#7558 = CARTESIAN_POINT ( 'NONE',  ( 18.35319065594242005, -3.537481906648006103, -34.22033216491848862 ) ) ;
#7559 = LINE ( 'NONE', #10341, #5401 ) ;
#7560 = CARTESIAN_POINT ( 'NONE',  ( -17.10017454126969483, 8.350170600059660941, -26.63019140205944524 ) ) ;
#7561 = AXIS2_PLACEMENT_3D ( 'NONE', #9774, #1533, #1468 ) ;
#7562 = ORIENTED_EDGE ( 'NONE', *, *, #7178, .F. ) ;
#7563 = DIRECTION ( 'NONE',  ( 0.7340002190031247320, -0.6791492313942238956, -0.000000000000000000 ) ) ;
#7564 = ORIENTED_EDGE ( 'NONE', *, *, #1232, .T. ) ;
#7565 = ORIENTED_EDGE ( 'NONE', *, *, #6861, .F. ) ;
#7566 = CARTESIAN_POINT ( 'NONE',  ( 17.52226697299710167, -7.553208842425544134, -26.90389895507295748 ) ) ;
#7567 = CARTESIAN_POINT ( 'NONE',  ( 17.06809607421178043, 8.419167523782940421, -26.90389799132447379 ) ) ;
#7568 = CARTESIAN_POINT ( 'NONE',  ( -17.51894756389611985, -6.283191919631643252, -26.38468553521233773 ) ) ;
#7569 = SURFACE_STYLE_FILL_AREA ( #3869 ) ;
#7570 = LINE ( 'NONE', #409, #792 ) ;
#7571 = CARTESIAN_POINT ( 'NONE',  ( 18.29819821516120015, 4.851894208552700150, -26.64369750929288472 ) ) ;
#7572 = CIRCLE ( 'NONE', #11065, 4.799999999999999822 ) ;
#7573 = CARTESIAN_POINT ( 'NONE',  ( 0.4997086159320628940, 19.83117436847736315, -34.15606879818032127 ) ) ;
#7574 = LINE ( 'NONE', #9281, #4034 ) ;
#7575 = EDGE_CURVE ( 'NONE', #10257, #7622, #2434, .T. ) ;
#7576 = CARTESIAN_POINT ( 'NONE',  ( 18.11113469183634095, 7.206629400636532345, -26.99634816116374836 ) ) ;
#7577 = DIRECTION ( 'NONE',  ( -0.000000000000000000, -0.000000000000000000, 1.000000000000000000 ) ) ;
#7578 = ORIENTED_EDGE ( 'NONE', *, *, #11934, .T. ) ;
#7579 = ORIENTED_EDGE ( 'NONE', *, *, #6789, .T. ) ;
#7580 = LINE ( 'NONE', #8621, #953 ) ;
#7581 = DIRECTION ( 'NONE',  ( -0.1569032754149237430, -0.9876139742652837450, 0.000000000000000000 ) ) ;
#7582 = DIRECTION ( 'NONE',  ( 0.9083417975707309688, -0.4182286202377514250, 0.000000000000000000 ) ) ;
#7583 = LINE ( 'NONE', #9291, #7697 ) ;
#7584 = LINE ( 'NONE', #1945, #9184 ) ;
#7585 = CARTESIAN_POINT ( 'NONE',  ( -18.79007683886265312, -0.07219109952536542640, -26.56606956038672607 ) ) ;
#7586 = ORIENTED_EDGE ( 'NONE', *, *, #1619, .T. ) ;
#7587 = ORIENTED_EDGE ( 'NONE', *, *, #1230, .F. ) ;
#7588 = CARTESIAN_POINT ( 'NONE',  ( 18.44805341594535619, 4.156067090193356073, -26.29634816116374907 ) ) ;
#7589 = EDGE_LOOP ( 'NONE', ( #5566, #2473, #1301, #1200 ) ) ;
#7590 = VERTEX_POINT ( 'NONE', #10018 ) ;
#7591 = CARTESIAN_POINT ( 'NONE',  ( 19.29954231967443690, 0.3756322405494274541, -34.29634816116375617 ) ) ;
#7592 = EDGE_CURVE ( 'NONE', #883, #941, #4501, .T. ) ;
#7593 = DIRECTION ( 'NONE',  ( 0.3465623512410412332, -0.9380269381538470785, 0.000000000000000000 ) ) ;
#7594 = CARTESIAN_POINT ( 'NONE',  ( -15.50030883325538866, 11.17706500548504778, -34.29634816116377749 ) ) ;
#7595 = DIRECTION ( 'NONE',  ( 0.5874011683613039603, -0.8092959084338527953, 0.000000000000000000 ) ) ;
#7596 = CARTESIAN_POINT ( 'NONE',  ( 15.60343119137682244, -9.948519653098212956, -34.29634816116375617 ) ) ;
#7597 = DIRECTION ( 'NONE',  ( 1.000000000000000000, 0.000000000000000000, 0.000000000000000000 ) ) ;
#7598 = CARTESIAN_POINT ( 'NONE',  ( -4.263773991691617304, 18.84761532403827289, -26.56606956038671896 ) ) ;
#7599 = CARTESIAN_POINT ( 'NONE',  ( -0.3800957012717393058, 0.9176321970099368119, -34.29634816116375617 ) ) ;
#7600 = EDGE_CURVE ( 'NONE', #5202, #11897, #6144, .T. ) ;
#7601 = DIRECTION ( 'NONE',  ( -0.000000000000000000, -0.000000000000000000, 1.000000000000000000 ) ) ;
#7602 = AXIS2_PLACEMENT_3D ( 'NONE', #4565, #7305, #5542 ) ;
#7603 = VERTEX_POINT ( 'NONE', #10987 ) ;
#7604 = ORIENTED_EDGE ( 'NONE', *, *, #5387, .F. ) ;
#7605 = FACE_OUTER_BOUND ( 'NONE', #213, .T. ) ;
#7606 = ORIENTED_EDGE ( 'NONE', *, *, #2568, .F. ) ;
#7607 = CARTESIAN_POINT ( 'NONE',  ( -15.71019037049297573, -9.788312675386437789, -26.29634816116374907 ) ) ;
#7608 = ORIENTED_EDGE ( 'NONE', *, *, #1757, .T. ) ;
#7609 = CYLINDRICAL_SURFACE ( 'NONE', #10425, 19.33712077059222167 ) ;
#7610 = VERTEX_POINT ( 'NONE', #2675 ) ;
#7611 = DIRECTION ( 'NONE',  ( -0.5229032302633875862, -0.8523920528607212832, 0.000000000000000000 ) ) ;
#7612 = EDGE_CURVE ( 'NONE', #1188, #9090, #1879, .T. ) ;
#7613 = CARTESIAN_POINT ( 'NONE',  ( -3.184081677783118191E-15, 0.5375364957382011699, -44.29634816116374907 ) ) ;
#7614 = AXIS2_PLACEMENT_3D ( 'NONE', #6009, #10417, #4062 ) ;
#7615 = CARTESIAN_POINT ( 'NONE',  ( -17.52226697299722247, -7.553208842425282121, -34.29634816116375617 ) ) ;
#7616 = CARTESIAN_POINT ( 'NONE',  ( -10.24884678979239716, 16.29889050849271115, -34.29634816116376328 ) ) ;
#7617 = ORIENTED_EDGE ( 'NONE', *, *, #2125, .T. ) ;
#7618 = ORIENTED_EDGE ( 'NONE', *, *, #8203, .T. ) ;
#7619 = VECTOR ( 'NONE', #235, 1000.000000000000114 ) ;
#7620 = CARTESIAN_POINT ( 'NONE',  ( -15.60715541303852838, -10.81617214563821427, -26.99634816116374836 ) ) ;
#7621 = ORIENTED_EDGE ( 'NONE', *, *, #11989, .F. ) ;
#7622 = VERTEX_POINT ( 'NONE', #2505 ) ;
#7623 = DIRECTION ( 'NONE',  ( 0.000000000000000000, 0.000000000000000000, -1.000000000000000000 ) ) ;
#7624 = ADVANCED_FACE ( 'NONE', ( #9839 ), #4381, .F. ) ;
#7625 = DIRECTION ( 'NONE',  ( 0.5874011683613121759, -0.8092959084338468001, 0.000000000000000000 ) ) ;
#7626 = CARTESIAN_POINT ( 'NONE',  ( 11.99999999999998757, 0.5375364957382021691, -21.29634816116374907 ) ) ;
#7627 = B_SPLINE_CURVE_WITH_KNOTS ( 'NONE', 3,
 ( #9791, #2335, #4947, #9676, #8651, #10649, #3308, #3127 ),
 .UNSPECIFIED., .F., .F.,
 ( 4, 2, 2, 4 ),
 ( 0.000000000000000000, 0.0002734111411466472554, 0.0005468222822932945109, 0.001093644564586587287 ),
 .UNSPECIFIED. ) ;
#7628 = FACE_BOUND ( 'NONE', #6081, .T. ) ;
#7629 = DIRECTION ( 'NONE',  ( 0.000000000000000000, -1.000000000000000000, 0.000000000000000000 ) ) ;
#7630 = DIRECTION ( 'NONE',  ( 0.9380269381538495210, 0.3465623512410343499, -0.000000000000000000 ) ) ;
#7631 = CARTESIAN_POINT ( 'NONE',  ( 15.69999999999999929, 0.5375364957381987274, -29.44634816116375120 ) ) ;
#7632 = EDGE_CURVE ( 'NONE', #6186, #4247, #4267, .T. ) ;
#7633 = ORIENTED_EDGE ( 'NONE', *, *, #1236, .T. ) ;
#7634 = DIRECTION ( 'NONE',  ( 0.8092959084338424702, -0.5874011683613181711, 0.000000000000000000 ) ) ;
#7635 = CARTESIAN_POINT ( 'NONE',  ( -15.20250745882136556, 11.59754455293428421, -26.99634816116374836 ) ) ;
#7636 = ORIENTED_EDGE ( 'NONE', *, *, #1970, .F. ) ;
#7637 = ORIENTED_EDGE ( 'NONE', *, *, #265, .T. ) ;
#7638 = CARTESIAN_POINT ( 'NONE',  ( 16.08584744898859142, -10.12714877143543113, -34.29634816116375617 ) ) ;
#7639 = CARTESIAN_POINT ( 'NONE',  ( 7.325811466425839136, 17.85128042766491063, -26.29634816116374907 ) ) ;
#7640 = CARTESIAN_POINT ( 'NONE',  ( 0.4026796053972597211, 19.33311334238412016, -26.38468553521233773 ) ) ;
#7641 = FACE_OUTER_BOUND ( 'NONE', #10713, .T. ) ;
#7642 = LINE ( 'NONE', #9400, #5323 ) ;
#7643 = CARTESIAN_POINT ( 'NONE',  ( -0.2057063112106004010, 1.034155462128566016, -26.29634816116374907 ) ) ;
#7644 = B_SPLINE_CURVE_WITH_KNOTS ( 'NONE', 3,
 ( #825, #3436, #8237, #2706, #5383, #772, #11931, #4355 ),
 .UNSPECIFIED., .F., .F.,
 ( 4, 2, 2, 4 ),
 ( 0.000000000000000000, 0.0002734140155771798268, 0.0005468280311543605209, 0.001093656062308726680 ),
 .UNSPECIFIED. ) ;
#7645 = VERTEX_POINT ( 'NONE', #9904 ) ;
#7646 = ORIENTED_EDGE ( 'NONE', *, *, #1073, .F. ) ;
#7647 = CARTESIAN_POINT ( 'NONE',  ( 15.68939978118995349, -10.70243234647902852, -26.56607335038743045 ) ) ;
#7648 = VERTEX_POINT ( 'NONE', #11668 ) ;
#7649 = ORIENTED_EDGE ( 'NONE', *, *, #10409, .T. ) ;
#7650 = CARTESIAN_POINT ( 'NONE',  ( 7.148038225217954178, 17.92517543929244539, -34.29634816116375617 ) ) ;
#7651 = CARTESIAN_POINT ( 'NONE',  ( 3.007641055658142104, 19.60174629526366985, -26.99634816116374836 ) ) ;
#7652 = CARTESIAN_POINT ( 'NONE',  ( -15.20250745882136911, 11.59754455293428599, -33.68879833100304211 ) ) ;
#7653 = LINE ( 'NONE', #2977, #4118 ) ;
#7654 = CARTESIAN_POINT ( 'NONE',  ( -13.10565057672383737, 14.70556936365110268, -26.81318386950226440 ) ) ;
#7655 = CARTESIAN_POINT ( 'NONE',  ( 4.499179450989092111, 19.30582402159519972, -26.81318386950226085 ) ) ;
#7656 = ADVANCED_FACE ( 'NONE', ( #8089 ), #9227, .F. ) ;
#7657 = FACE_OUTER_BOUND ( 'NONE', #1784, .T. ) ;
#7658 = CARTESIAN_POINT ( 'NONE',  ( 7.618618407243962665, -17.19530975035629083, -26.31451759764529186 ) ) ;
#7659 = CARTESIAN_POINT ( 'NONE',  ( 9.812803638741984358, -15.49832631261274862, -26.81144803512890462 ) ) ;
#7660 = ADVANCED_FACE ( 'NONE', ( #4731 ), #11956, .F. ) ;
#7661 = EDGE_CURVE ( 'NONE', #8686, #2209, #874, .T. ) ;
#7662 = ORIENTED_EDGE ( 'NONE', *, *, #1683, .T. ) ;
#7663 = ORIENTED_EDGE ( 'NONE', *, *, #1749, .F. ) ;
#7664 = DIRECTION ( 'NONE',  ( -0.000000000000000000, -0.000000000000000000, 1.000000000000000000 ) ) ;
#7665 = ORIENTED_EDGE ( 'NONE', *, *, #5395, .F. ) ;
#7666 = ORIENTED_EDGE ( 'NONE', *, *, #7324, .T. ) ;
#7667 = CARTESIAN_POINT ( 'NONE',  ( -18.84246503326958688, -3.640823696111841201, -26.38468825395369777 ) ) ;
#7668 = ADVANCED_FACE ( 'NONE', ( #2004 ), #1877, .F. ) ;
#7669 = ORIENTED_EDGE ( 'NONE', *, *, #11532, .F. ) ;
#7670 = DIRECTION ( 'NONE',  ( -0.4182286202377403228, 0.9083417975707360759, 0.000000000000000000 ) ) ;
#7671 = CARTESIAN_POINT ( 'NONE',  ( 18.29819821516117173, -3.776821217076430592, -33.94899881303460631 ) ) ;
#7672 = ADVANCED_FACE ( 'NONE', ( #3645 ), #2838, .F. ) ;
#7673 = FACE_OUTER_BOUND ( 'NONE', #9958, .T. ) ;
#7674 = DIRECTION ( 'NONE',  ( 0.000000000000000000, 0.000000000000000000, -1.000000000000000000 ) ) ;
#7675 = EDGE_CURVE ( 'NONE', #10686, #5492, #1085, .T. ) ;
#7676 = EDGE_CURVE ( 'NONE', #8034, #647, #3049, .T. ) ;
#7677 = ORIENTED_EDGE ( 'NONE', *, *, #3923, .T. ) ;
#7678 = B_SPLINE_CURVE_WITH_KNOTS ( 'NONE', 3,
 ( #294, #7707, #9583, #1273, #4973, #8679, #368, #5946 ),
 .UNSPECIFIED., .F., .F.,
 ( 4, 2, 2, 4 ),
 ( 1.734723475976807094E-18, 0.0002734144572333970132, 0.0005468289144667922916, 0.001093657828933582848 ),
 .UNSPECIFIED. ) ;
#7679 = EDGE_CURVE ( 'NONE', #4837, #5415, #5957, .T. ) ;
#7680 = VERTEX_POINT ( 'NONE', #57 ) ;
#7681 = CARTESIAN_POINT ( 'NONE',  ( -7.240491104578392623, -16.81180721130450451, -26.29634816116374907 ) ) ;
#7682 = VERTEX_POINT ( 'NONE', #10252 ) ;
#7683 = ADVANCED_FACE ( 'NONE', ( #107 ), #5525, .F. ) ;
#7684 = EDGE_CURVE ( 'NONE', #1064, #5728, #6495, .T. ) ;
#7685 = CARTESIAN_POINT ( 'NONE',  ( -18.55874244597012179, -2.466843609049078623, -26.63019140205943813 ) ) ;
#7686 = ORIENTED_EDGE ( 'NONE', *, *, #10363, .T. ) ;
#7687 = CARTESIAN_POINT ( 'NONE',  ( -16.08584744898875130, -10.12714877143520020, -34.29634816116375617 ) ) ;
#7688 = CARTESIAN_POINT ( 'NONE',  ( 17.06809607421178043, 8.419167523782942197, -26.99634816116374836 ) ) ;
#7689 = CARTESIAN_POINT ( 'NONE',  ( -17.20554259143937514, -7.039711445785438393, -26.37236415740902018 ) ) ;
#7690 = CARTESIAN_POINT ( 'NONE',  ( 0.000000000000000000, 0.000000000000000000, -26.29634816116374907 ) ) ;
#7691 = DIRECTION ( 'NONE',  ( 0.5555702330195948502, -0.8314696123025503427, 0.000000000000000000 ) ) ;
#7692 = DIRECTION ( 'NONE',  ( -0.9876139742652848552, 0.1569032754149171371, 0.000000000000000000 ) ) ;
#7693 = EDGE_CURVE ( 'NONE', #9766, #2383, #6344, .T. ) ;
#7694 = CARTESIAN_POINT ( 'NONE',  ( 0.000000000000000000, 0.5375364957382021691, -41.09634816116376044 ) ) ;
#7695 = VECTOR ( 'NONE', #5555, 999.9999999999998863 ) ;
#7696 = ORIENTED_EDGE ( 'NONE', *, *, #2033, .F. ) ;
#7697 = VECTOR ( 'NONE', #4680, 1000.000000000000000 ) ;
#7698 = LINE ( 'NONE', #6903, #1416 ) ;
#7699 = CARTESIAN_POINT ( 'NONE',  ( -3.184081677783118191E-15, 14.83753649573823985, -44.29634816116374907 ) ) ;
#7700 = ORIENTED_EDGE ( 'NONE', *, *, #7086, .T. ) ;
#7701 = ORIENTED_EDGE ( 'NONE', *, *, #9823, .F. ) ;
#7702 = VECTOR ( 'NONE', #7630, 1000.000000000000114 ) ;
#7703 = CARTESIAN_POINT ( 'NONE',  ( -3.198396408832238080E-15, 0.5375364957382013920, -34.29634816116375617 ) ) ;
#7704 = CARTESIAN_POINT ( 'NONE',  ( 11.23996884221706161, -15.15186328545188488, -34.02662297194007124 ) ) ;
#7705 = CARTESIAN_POINT ( 'NONE',  ( -16.13693215493842459, -10.05009625968296838, -34.29634816116374196 ) ) ;
#7706 = EDGE_CURVE ( 'NONE', #11363, #5305, #7583, .T. ) ;
#7707 = CARTESIAN_POINT ( 'NONE',  ( 15.71019037049281586, -9.788312675386666939, -34.29634816116376328 ) ) ;
#7708 = CIRCLE ( 'NONE', #8485, 7.199999999999994849 ) ;
#7709 = CARTESIAN_POINT ( 'NONE',  ( -3.184081677783118191E-15, 0.5375364957382012809, -26.29634816116374907 ) ) ;
#7710 = VECTOR ( 'NONE', #949, 1000.000000000000000 ) ;
#7711 = CIRCLE ( 'NONE', #7505, 19.33712077059222167 ) ;
#7712 = VERTEX_POINT ( 'NONE', #11221 ) ;
#7713 = AXIS2_PLACEMENT_3D ( 'NONE', #11911, #5479, #10091 ) ;
#7714 = EDGE_LOOP ( 'NONE', ( #2268, #8444, #3359, #10645 ) ) ;
#7715 = ADVANCED_FACE ( 'NONE', ( #3704 ), #2966, .T. ) ;
#7716 = CYLINDRICAL_SURFACE ( 'NONE', #5008, 11.19999999999998863 ) ;
#7717 = ORIENTED_EDGE ( 'NONE', *, *, #10661, .F. ) ;
#7718 = ORIENTED_EDGE ( 'NONE', *, *, #5799, .F. ) ;
#7719 = CARTESIAN_POINT ( 'NONE',  ( 19.29853274190027790, 0.2849173503294110121, -34.27817872468219917 ) ) ;
#7720 = CARTESIAN_POINT ( 'NONE',  ( 16.03586280835084210, -9.275267143003960157, -26.99634816116374836 ) ) ;
#7721 = CARTESIAN_POINT ( 'NONE',  ( 17.45666576429968941, 7.515909092282238468, -26.31451660138218074 ) ) ;
#7722 = CARTESIAN_POINT ( 'NONE',  ( 7.801259921233298478, -16.56737753610685004, -26.64369750929288472 ) ) ;
#7723 = PLANE ( 'NONE',  #2908 ) ;
#7724 = AXIS2_PLACEMENT_3D ( 'NONE', #2749, #4695, #2696 ) ;
#7725 = CARTESIAN_POINT ( 'NONE',  ( -7.321573171451259299, 18.39487577949177322, -26.29634816116374907 ) ) ;
#7726 = CARTESIAN_POINT ( 'NONE',  ( 18.92709628633273411, 4.373659290103886654, -26.99634816116374836 ) ) ;
#7727 = AXIS2_PLACEMENT_3D ( 'NONE', #10570, #2261, #11362 ) ;
#7728 = VECTOR ( 'NONE', #8337, 1000.000000000000000 ) ;
#7729 = CARTESIAN_POINT ( 'NONE',  ( -0.3989343114037711135, -0.01209793357969226116, -33.59634816116375333 ) ) ;
#7730 = VECTOR ( 'NONE', #3728, 1000.000000000000000 ) ;
#7731 = LINE ( 'NONE', #3842, #7342 ) ;
#7732 = VECTOR ( 'NONE', #48, 1000.000000000000000 ) ;
#7733 = VERTEX_POINT ( 'NONE', #6666 ) ;
#7734 = EDGE_CURVE ( 'NONE', #6033, #1162, #9249, .T. ) ;
#7735 = ORIENTED_EDGE ( 'NONE', *, *, #11793, .T. ) ;
#7736 = CIRCLE ( 'NONE', #7926, 19.30000000000008598 ) ;
#7737 = FACE_OUTER_BOUND ( 'NONE', #1111, .T. ) ;
#7738 = EDGE_LOOP ( 'NONE', ( #11216, #5864, #1216, #11438 ) ) ;
#7739 = VERTEX_POINT ( 'NONE', #9465 ) ;
#7740 = CARTESIAN_POINT ( 'NONE',  ( 15.65902725766264680, 10.94038725138971913, -34.29634816116375617 ) ) ;
#7741 = VECTOR ( 'NONE', #2122, 1000.000000000000114 ) ;
#7742 = ORIENTED_EDGE ( 'NONE', *, *, #1086, .F. ) ;
#7743 = FACE_OUTER_BOUND ( 'NONE', #2453, .T. ) ;
#7744 = FACE_OUTER_BOUND ( 'NONE', #3710, .T. ) ;
#7745 = CARTESIAN_POINT ( 'NONE',  ( 17.85733928375343282, -6.784036675713378095, -26.29634816116374907 ) ) ;
#7746 = CIRCLE ( 'NONE', #2698, 19.33712077059222167 ) ;
#7747 = FACE_OUTER_BOUND ( 'NONE', #3002, .T. ) ;
#7748 = ORIENTED_EDGE ( 'NONE', *, *, #11904, .T. ) ;
#7749 = ORIENTED_EDGE ( 'NONE', *, *, #9401, .T. ) ;
#7750 = CARTESIAN_POINT ( 'NONE',  ( -3.198396408832238080E-15, 0.5375364957382012809, -34.29634816116375617 ) ) ;
#7751 = VERTEX_POINT ( 'NONE', #1397 ) ;
#7752 = DIRECTION ( 'NONE',  ( 0.4182286202377525908, 0.9083417975707304137, 0.000000000000000000 ) ) ;
#7753 = EDGE_LOOP ( 'NONE', ( #5339, #10527, #11719, #2795, #10343, #10962, #572, #11036 ) ) ;
#7754 = CARTESIAN_POINT ( 'NONE',  ( -18.57040281239279977, 3.466725913689079785, -33.59634816116375333 ) ) ;
#7755 = CARTESIAN_POINT ( 'NONE',  ( -19.28465801595086404, 1.306929248384927300, -33.78124629862856665 ) ) ;
#7756 = CARTESIAN_POINT ( 'NONE',  ( -15.35957190761363478, 11.37812636436753522, -26.43662391211885421 ) ) ;
#7757 = DIRECTION ( 'NONE',  ( -0.9992475592060076073, -0.03878550529303832067, 0.000000000000000000 ) ) ;
#7758 = EDGE_CURVE ( 'NONE', #4571, #4560, #3946, .T. ) ;
#7759 = EDGE_CURVE ( 'NONE', #7751, #11951, #8804, .T. ) ;
#7760 = DIRECTION ( 'NONE',  ( -0.9807852804032332061, -0.1950903220161148144, 0.000000000000000000 ) ) ;
#7761 = AXIS2_PLACEMENT_3D ( 'NONE', #6430, #9164, #8368 ) ;
#7762 = CARTESIAN_POINT ( 'NONE',  ( -13.39385022782712298, 13.72988346875558818, -34.29634816116375617 ) ) ;
#7763 = ADVANCED_FACE ( 'NONE', ( #8747 ), #7828, .T. ) ;
#7764 = ORIENTED_EDGE ( 'NONE', *, *, #10557, .T. ) ;
#7765 = DIRECTION ( 'NONE',  ( -0.3465623512410537788, -0.9380269381538424156, 0.000000000000000000 ) ) ;
#7766 = EDGE_CURVE ( 'NONE', #4983, #186, #1300, .T. ) ;
#7767 = CARTESIAN_POINT ( 'NONE',  ( -3.337138337175625136, 19.54727526276534277, -26.37236741899921100 ) ) ;
#7768 = ORIENTED_EDGE ( 'NONE', *, *, #10715, .T. ) ;
#7769 = CARTESIAN_POINT ( 'NONE',  ( -18.41026011511899085, -3.269767678556889212, -34.29634816116377038 ) ) ;
#7770 = CARTESIAN_POINT ( 'NONE',  ( 3.697097124736113294, 19.48012008009308715, -34.29634816116375617 ) ) ;
#7771 = CARTESIAN_POINT ( 'NONE',  ( -15.98949163663181494, -9.350531950502050549, -33.94899881303461342 ) ) ;
#7772 = CARTESIAN_POINT ( 'NONE',  ( -16.27818162519262302, -9.831551477659720817, -34.20800806837381458 ) ) ;
#7773 = CARTESIAN_POINT ( 'NONE',  ( -19.00715700617227455, -2.812861236702000944, -34.20800806837382169 ) ) ;
#7774 = EDGE_CURVE ( 'NONE', #4923, #10080, #9279, .T. ) ;
#7775 = DIRECTION ( 'NONE',  ( 0.000000000000000000, 0.000000000000000000, -1.000000000000000000 ) ) ;
#7776 = AXIS2_PLACEMENT_3D ( 'NONE', #11570, #5142, #1500 ) ;
#7777 = DIRECTION ( 'NONE',  ( 0.3465623512410310192, -0.9380269381538507423, 0.000000000000000000 ) ) ;
#7778 = ORIENTED_EDGE ( 'NONE', *, *, #5543, .F. ) ;
#7779 = FACE_OUTER_BOUND ( 'NONE', #3571, .T. ) ;
#7780 = ORIENTED_EDGE ( 'NONE', *, *, #2845, .T. ) ;
#7781 = VERTEX_POINT ( 'NONE', #3208 ) ;
#7782 = CARTESIAN_POINT ( 'NONE',  ( -18.79836378309493838, 0.7707376558860298266, -26.31451660138218074 ) ) ;
#7783 = LINE ( 'NONE', #11600, #2662 ) ;
#7784 = CARTESIAN_POINT ( 'NONE',  ( -0.4803001114056631438, 19.33126283427911218, -34.15607241020864393 ) ) ;
#7785 = CARTESIAN_POINT ( 'NONE',  ( 12.94954787196692791, 14.16633129926428047, -34.15607241020864393 ) ) ;
#7786 = B_SPLINE_CURVE_WITH_KNOTS ( 'NONE', 3,
 ( #1933, #1261, #11271, #11148, #5635, #5873, #222, #10407 ),
 .UNSPECIFIED., .F., .F.,
 ( 4, 2, 2, 4 ),
 ( 1.734723475976807094E-18, 0.0002734115678465800212, 0.0005468231356931583078, 0.001093646271386297317 ),
 .UNSPECIFIED. ) ;
#7787 = CARTESIAN_POINT ( 'NONE',  ( -3.198396408832238080E-15, 0.5375364957382012809, -34.29634816116375617 ) ) ;
#7788 = CARTESIAN_POINT ( 'NONE',  ( 4.430873505877985785, 19.32206716222945886, -26.64370081747365049 ) ) ;
#7789 = LINE ( 'NONE', #6089, #7049 ) ;
#7790 = CARTESIAN_POINT ( 'NONE',  ( -10.48605614883614301, 16.14096768711521079, -26.29634816116374907 ) ) ;
#7791 = CARTESIAN_POINT ( 'NONE',  ( -15.65902725766250470, 10.94038725138994828, -34.29634816116375617 ) ) ;
#7792 = EDGE_LOOP ( 'NONE', ( #5519, #3828, #8641, #9897, #3845 ) ) ;
#7793 = ORIENTED_EDGE ( 'NONE', *, *, #277, .F. ) ;
#7794 = CARTESIAN_POINT ( 'NONE',  ( 18.11113469183629832, -6.131556409160264565, -33.59634816116375333 ) ) ;
#7795 = ORIENTED_EDGE ( 'NONE', *, *, #6049, .F. ) ;
#7796 = ORIENTED_EDGE ( 'NONE', *, *, #5576, .F. ) ;
#7797 = DIRECTION ( 'NONE',  ( 0.9992475592060073852, -0.03878550529304530120, 0.000000000000000000 ) ) ;
#7798 = ORIENTED_EDGE ( 'NONE', *, *, #4498, .T. ) ;
#7799 = FACE_OUTER_BOUND ( 'NONE', #4686, .T. ) ;
#7800 = CARTESIAN_POINT ( 'NONE',  ( -16.00867175329637959, 11.31772335382252948, -34.29634816116375617 ) ) ;
#7801 = FACE_OUTER_BOUND ( 'NONE', #9782, .T. ) ;
#7802 = ADVANCED_FACE ( 'NONE', ( #11587 ), #7883, .F. ) ;
#7803 = AXIS2_PLACEMENT_3D ( 'NONE', #6568, #7253, #6403 ) ;
#7804 = DIRECTION ( 'NONE',  ( 0.9724806208309274558, -0.2329837807837575325, 0.000000000000000000 ) ) ;
#7805 = ORIENTED_EDGE ( 'NONE', *, *, #6919, .T. ) ;
#7806 = ORIENTED_EDGE ( 'NONE', *, *, #4936, .F. ) ;
#7807 = PLANE ( 'NONE',  #10993 ) ;
#7808 = EDGE_LOOP ( 'NONE', ( #8152, #6314, #9212, #5017 ) ) ;
#7809 = CARTESIAN_POINT ( 'NONE',  ( -18.46585473804456967, -2.990274635173238327, -26.29634816116375262 ) ) ;
#7810 = ORIENTED_EDGE ( 'NONE', *, *, #7734, .T. ) ;
#7811 = CARTESIAN_POINT ( 'NONE',  ( -3.144186300207962859E-15, 0.5375364957382012809, -34.29634816116375617 ) ) ;
#7812 = CARTESIAN_POINT ( 'NONE',  ( -19.28465801595086759, 1.306929248384927522, -33.59634816116375333 ) ) ;
#7813 = CARTESIAN_POINT ( 'NONE',  ( -15.90539526625267541, 11.47108984019992306, -26.29634816116375262 ) ) ;
#7814 = DIRECTION ( 'NONE',  ( 1.000000000000000000, 0.000000000000000000, 0.000000000000000000 ) ) ;
#7815 = CARTESIAN_POINT ( 'NONE',  ( 0.1048681680489795265, 0.01032861303863882863, -34.29634816116375617 ) ) ;
#7816 = ADVANCED_FACE ( 'NONE', ( #11528 ), #234, .F. ) ;
#7817 = CARTESIAN_POINT ( 'NONE',  ( -7.411132711160919762, -16.74060729268916248, -34.29634816116376328 ) ) ;
#7818 = EDGE_LOOP ( 'NONE', ( #981, #10197, #10459, #3849 ) ) ;
#7819 = DIRECTION ( 'NONE',  ( -0.000000000000000000, -0.000000000000000000, 1.000000000000000000 ) ) ;
#7820 = EDGE_CURVE ( 'NONE', #7822, #11012, #4590, .T. ) ;
#7821 = CARTESIAN_POINT ( 'NONE',  ( -7.321573171451644768, -17.31980278801520967, -34.29634816116375617 ) ) ;
#7822 = VERTEX_POINT ( 'NONE', #3100 ) ;
#7823 = FACE_OUTER_BOUND ( 'NONE', #905, .T. ) ;
#7824 = DIRECTION ( 'NONE',  ( -0.000000000000000000, -0.000000000000000000, 1.000000000000000000 ) ) ;
#7825 = ADVANCED_FACE ( 'NONE', ( #7641 ), #11958, .T. ) ;
#7826 = CARTESIAN_POINT ( 'NONE',  ( 11.28212201404726045, -15.12148503325881421, -33.94899550485384054 ) ) ;
#7827 = DIRECTION ( 'NONE',  ( 0.8523920528607267233, 0.5229032302633788154, 0.000000000000000000 ) ) ;
#7828 = PLANE ( 'NONE',  #5374 ) ;
#7829 = CARTESIAN_POINT ( 'NONE',  ( -18.42853067367109077, -3.179141551947019195, -26.29634816116374907 ) ) ;
#7830 = ADVANCED_FACE ( 'NONE', ( #4002 ), #5828, .F. ) ;
#7831 = EDGE_LOOP ( 'NONE', ( #6265, #2222, #7493, #2900 ) ) ;
#7832 = CARTESIAN_POINT ( 'NONE',  ( -13.81335517923278999, 13.29023150319149416, -26.99634816116374836 ) ) ;
#7833 = DIRECTION ( 'NONE',  ( -0.9807852804032330951, -0.1950903220161147866, 0.000000000000000000 ) ) ;
#7834 = ORIENTED_EDGE ( 'NONE', *, *, #8713, .T. ) ;
#7835 = EDGE_CURVE ( 'NONE', #4698, #11228, #7678, .T. ) ;
#7836 = ORIENTED_EDGE ( 'NONE', *, *, #2842, .T. ) ;
#7837 = CARTESIAN_POINT ( 'NONE',  ( 0.000000000000000000, 0.5375364957382021691, -37.09634816116376044 ) ) ;
#7838 = DIRECTION ( 'NONE',  ( 1.000000000000000000, 0.000000000000000000, 0.000000000000000000 ) ) ;
#7839 = LINE ( 'NONE', #11540, #4280 ) ;
#7841 = B_SPLINE_CURVE_WITH_KNOTS ( 'NONE', 3,
 ( #11593, #5162, #10683, #8864, #3281, #2369, #4076, #11659 ),
 .UNSPECIFIED., .F., .F.,
 ( 4, 2, 2, 4 ),
 ( 0.000000000000000000, 0.0002734115678465728113, 0.0005468231356931456226, 0.001093646271386294498 ),
 .UNSPECIFIED. ) ;
#7840 = CARTESIAN_POINT ( 'NONE',  ( -12.76606289380172932, -13.26348152260473157, -26.81318187454957425 ) ) ;
#7842 = CARTESIAN_POINT ( 'NONE',  ( -15.39669517412668753, -10.25075159589999352, -26.37236415740901663 ) ) ;
#7843 = CARTESIAN_POINT ( 'NONE',  ( 6.669092904898265672, -17.57359819609816753, -33.59634816116375333 ) ) ;
#7844 = PLANE ( 'NONE',  #9952 ) ;
#7845 = CARTESIAN_POINT ( 'NONE',  ( 15.68939978119004230, 11.77750533795531318, -34.02662297194006413 ) ) ;
#7846 = LINE ( 'NONE', #3226, #11208 ) ;
#7847 = ORIENTED_EDGE ( 'NONE', *, *, #11224, .F. ) ;
#7848 = ORIENTED_EDGE ( 'NONE', *, *, #1275, .T. ) ;
#7849 = CARTESIAN_POINT ( 'NONE',  ( -3.007641055658277107, -18.52667330378724486, -33.59634816116375333 ) ) ;
#7850 = ORIENTED_EDGE ( 'NONE', *, *, #10177, .T. ) ;
#7851 = VERTEX_POINT ( 'NONE', #9951 ) ;
#7852 = DIRECTION ( 'NONE',  ( 0.03878550529304181094, -0.9992475592060074963, 0.000000000000000000 ) ) ;
#7853 = ORIENTED_EDGE ( 'NONE', *, *, #10569, .T. ) ;
#7854 = CARTESIAN_POINT ( 'NONE',  ( 18.78503423634786529, 1.287536495738132558, -33.59634816116375333 ) ) ;
#7855 = CARTESIAN_POINT ( 'NONE',  ( -0.7500000000000000000, 19.32257073208606712, -33.59634816116375333 ) ) ;
#7856 = CARTESIAN_POINT ( 'NONE',  ( -15.95703378537408845, 11.39440618774347591, -34.29634816116377038 ) ) ;
#7857 = CARTESIAN_POINT ( 'NONE',  ( 18.44805341594532777, -3.080994098717086960, -34.29634816116375617 ) ) ;
#7858 = EDGE_CURVE ( 'NONE', #9505, #8153, #4371, .T. ) ;
#7859 = CARTESIAN_POINT ( 'NONE',  ( 3.007641055657998219, -18.52667330378728749, -33.59634816116375333 ) ) ;
#7860 = VERTEX_POINT ( 'NONE', #1647 ) ;
#7861 = ORIENTED_EDGE ( 'NONE', *, *, #6652, .F. ) ;
#7862 = B_SPLINE_CURVE_WITH_KNOTS ( 'NONE', 3,
 ( #6447, #3587, #9183, #11056, #11907, #858, #8384, #11960 ),
 .UNSPECIFIED., .F., .F.,
 ( 4, 2, 2, 4 ),
 ( 0.000000000000000000, 0.0002734115678465780155, 0.0005468231356931560309, 0.001093646271386296449 ),
 .UNSPECIFIED. ) ;
#7863 = CARTESIAN_POINT ( 'NONE',  ( -12.75269500745296014, 14.35089167497130447, -34.29634816116375617 ) ) ;
#7864 = ORIENTED_EDGE ( 'NONE', *, *, #8880, .T. ) ;
#7865 = CARTESIAN_POINT ( 'NONE',  ( -17.06809607421168096, 8.419167523783178453, -34.29634816116375617 ) ) ;
#7866 = ORIENTED_EDGE ( 'NONE', *, *, #3504, .F. ) ;
#7867 = CARTESIAN_POINT ( 'NONE',  ( -7.845026126428232160, -17.09623043424275934, -34.15606879818032837 ) ) ;
#7868 = CARTESIAN_POINT ( 'NONE',  ( -19.29556998647075261, 0.9596280972097482875, -34.20800806837381458 ) ) ;
#7869 = CARTESIAN_POINT ( 'NONE',  ( -13.32864793594279895, -12.72035106979308239, -34.29634816116375617 ) ) ;
#7870 = DIRECTION ( 'NONE',  ( -1.000000000000000000, 0.000000000000000000, 0.000000000000000000 ) ) ;
#7871 = FACE_OUTER_BOUND ( 'NONE', #1178, .T. ) ;
#7872 = CARTESIAN_POINT ( 'NONE',  ( 4.442951011603342160, -18.24455259385483075, -26.63019525567115053 ) ) ;
#7873 = VERTEX_POINT ( 'NONE', #6199 ) ;
#7874 = CARTESIAN_POINT ( 'NONE',  ( 3.007641055657999551, -18.52667330378728749, -33.78124629862857375 ) ) ;
#7875 = EDGE_CURVE ( 'NONE', #10358, #2161, #8600, .T. ) ;
#7876 = AXIS2_PLACEMENT_3D ( 'NONE', #8760, #10631, #6928 ) ;
#7877 = CARTESIAN_POINT ( 'NONE',  ( 19.30000000000008242, 0.5375364957382012809, -34.29634816116375617 ) ) ;
#7878 = EDGE_LOOP ( 'NONE', ( #10247, #2096, #3526, #5687 ) ) ;
#7879 = FACE_OUTER_BOUND ( 'NONE', #878, .T. ) ;
#7880 = CARTESIAN_POINT ( 'NONE',  ( 15.20250745882143661, -10.52247156145777396, -26.99634816116374836 ) ) ;
#7881 = CARTESIAN_POINT ( 'NONE',  ( 18.87875886479823251, 4.552091394693404069, -34.29634816116377038 ) ) ;
#7882 = CARTESIAN_POINT ( 'NONE',  ( -7.881631028044560061, 17.60563256995008174, -33.78124828719860062 ) ) ;
#7883 = CYLINDRICAL_SURFACE ( 'NONE', #1694, 0.7000000000000000666 ) ;
#7884 = VECTOR ( 'NONE', #8857, 1000.000000000000000 ) ;
#7885 = DIRECTION ( 'NONE',  ( 0.9238795325112838519, -0.3826834323650971093, 0.000000000000000000 ) ) ;
#7886 = EDGE_LOOP ( 'NONE', ( #1772, #11420, #11817, #8839 ) ) ;
#7887 = CARTESIAN_POINT ( 'NONE',  ( 18.51557923247864323, 3.796172394233697123, -34.22033216491848151 ) ) ;
#7888 = CARTESIAN_POINT ( 'NONE',  ( 18.95437750673504596, 4.236507333381974050, -34.29634816116375617 ) ) ;
#7889 = EDGE_LOOP ( 'NONE', ( #7246, #8540, #3443, #9268, #7006, #4467, #10346, #11076 ) ) ;
#7890 = VERTEX_POINT ( 'NONE', #7167 ) ;
#7891 = CARTESIAN_POINT ( 'NONE',  ( -18.78503423634786529, 1.287536495738399234, -26.99634816116374836 ) ) ;
#7892 = AXIS2_PLACEMENT_3D ( 'NONE', #7750, #2163, #2037 ) ;
#7893 = CARTESIAN_POINT ( 'NONE',  ( -3.171291354520100469E-15, 0.5375364957382012809, -34.29634816116375617 ) ) ;
#7894 = CARTESIAN_POINT ( 'NONE',  ( -0.7500000000000045519, -18.24749774060966701, -26.99634816116374836 ) ) ;
#7895 = CARTESIAN_POINT ( 'NONE',  ( -12.81746705595702451, -13.21565508530607502, -26.64369750929288116 ) ) ;
#7896 = DIRECTION ( 'NONE',  ( 0.9238795325112837409, -0.3826834323650971093, 0.000000000000000000 ) ) ;
#7897 = LINE ( 'NONE', #6028, #11948 ) ;
#7898 = CARTESIAN_POINT ( 'NONE',  ( -3.144186300207962859E-15, 0.5375364957382012809, -34.29634816116375617 ) ) ;
#7899 = EDGE_CURVE ( 'NONE', #5360, #7191, #117, .T. ) ;
#7900 = EDGE_CURVE ( 'NONE', #8923, #1807, #8078, .T. ) ;
#7901 = AXIS2_PLACEMENT_3D ( 'NONE', #2552, #9113, #8991 ) ;
#7902 = EDGE_CURVE ( 'NONE', #4560, #167, #10394, .T. ) ;
#7903 = VECTOR ( 'NONE', #5734, 1000.000000000000114 ) ;
#7904 = CARTESIAN_POINT ( 'NONE',  ( -0.7500000000000045519, -18.24749774060966701, -33.59634816116375333 ) ) ;
#7905 = AXIS2_PLACEMENT_3D ( 'NONE', #4190, #10554, #5232 ) ;
#7906 = EDGE_CURVE ( 'NONE', #10130, #5234, #9061, .T. ) ;
#7907 = VERTEX_POINT ( 'NONE', #10925 ) ;
#7908 = ORIENTED_EDGE ( 'NONE', *, *, #10495, .T. ) ;
#7909 = CARTESIAN_POINT ( 'NONE',  ( 3.620519199936384158, 18.99810701534058666, -34.29634816116375617 ) ) ;
#7910 = ORIENTED_EDGE ( 'NONE', *, *, #8496, .T. ) ;
#7911 = ORIENTED_EDGE ( 'NONE', *, *, #9261, .F. ) ;
#7912 = AXIS2_PLACEMENT_3D ( 'NONE', #3382, #7088, #2538 ) ;
#7913 = EDGE_CURVE ( 'NONE', #3180, #4753, #7954, .T. ) ;
#7914 = CARTESIAN_POINT ( 'NONE',  ( -17.06809607421185504, -7.344094532306414180, -34.29634816116375617 ) ) ;
#7915 = AXIS2_PLACEMENT_3D ( 'NONE', #5721, #11493, #6877 ) ;
#7916 = VERTEX_POINT ( 'NONE', #6258 ) ;
#7917 = PLANE ( 'NONE',  #9277 ) ;
#7918 = CARTESIAN_POINT ( 'NONE',  ( 19.29363787273915776, 1.037245111670194619, -26.43662752414719463 ) ) ;
#7919 = CARTESIAN_POINT ( 'NONE',  ( -0.06991946120231591622, 19.84934436539420233, -26.99634816116374836 ) ) ;
#7920 = VECTOR ( 'NONE', #4407, 1000.000000000000000 ) ;
#7921 = CARTESIAN_POINT ( 'NONE',  ( -15.76445036975671421, 11.67199991364518397, -34.15606879818029995 ) ) ;
#7922 = FACE_OUTER_BOUND ( 'NONE', #8908, .T. ) ;
#7923 = EDGE_CURVE ( 'NONE', #5139, #5641, #2933, .T. ) ;
#7924 = CARTESIAN_POINT ( 'NONE',  ( 18.46057051960236706, -3.082982704198250712, -34.29634816116375617 ) ) ;
#7925 = VECTOR ( 'NONE', #11741, 1000.000000000000000 ) ;
#7926 = AXIS2_PLACEMENT_3D ( 'NONE', #7709, #110, #175 ) ;
#7927 = ORIENTED_EDGE ( 'NONE', *, *, #7913, .T. ) ;
#7928 = VECTOR ( 'NONE', #9771, 999.9999999999998863 ) ;
#7929 = ORIENTED_EDGE ( 'NONE', *, *, #8428, .F. ) ;
#7930 = CARTESIAN_POINT ( 'NONE',  ( -16.03586280835078526, 10.35034013448047752, -33.59634816116375333 ) ) ;
#7931 = ORIENTED_EDGE ( 'NONE', *, *, #5437, .T. ) ;
#7932 = CARTESIAN_POINT ( 'NONE',  ( 17.52226697299710167, -7.553208842425543246, -34.29634816116375617 ) ) ;
#7933 = ORIENTED_EDGE ( 'NONE', *, *, #2059, .T. ) ;
#7934 = CARTESIAN_POINT ( 'NONE',  ( 13.57521732419805005, -12.46820586921614193, -34.20801078711517107 ) ) ;
#7935 = CARTESIAN_POINT ( 'NONE',  ( 12.75269500745304896, -13.27581868349481375, -26.99634816116374836 ) ) ;
#7936 = CARTESIAN_POINT ( 'NONE',  ( -15.40423419148068263, -10.23954236807238161, -34.20801078711517818 ) ) ;
#7937 = DIRECTION ( 'NONE',  ( 0.03878550529304005540, -0.9992475592060074963, 0.000000000000000000 ) ) ;
#7938 = CIRCLE ( 'NONE', #4636, 17.30000000000003979 ) ;
#7939 = B_SPLINE_CURVE_WITH_KNOTS ( 'NONE', 3,
 ( #9389, #1197, #7502, #4904, #2172, #5746, #9444, #8613 ),
 .UNSPECIFIED., .F., .F.,
 ( 4, 2, 2, 4 ),
 ( 0.000000000000000000, 0.0002734140155771807483, 0.0005468280311543614967, 0.001093656062308725595 ),
 .UNSPECIFIED. ) ;
#7940 = PLANE ( 'NONE',  #3835 ) ;
#7941 = AXIS2_PLACEMENT_3D ( 'NONE', #1645, #10003, #1698 ) ;
#7942 = CARTESIAN_POINT ( 'NONE',  ( -13.81335517923278999, 13.29023150319149416, -33.59634816116375333 ) ) ;
#7943 = B_SPLINE_CURVE_WITH_KNOTS ( 'NONE', 3,
 ( #9662, #10075, #5060, #8762, #5463, #9168, #845, #4544 ),
 .UNSPECIFIED., .F., .F.,
 ( 4, 2, 2, 4 ),
 ( 0.000000000000000000, 0.0002734144572333937063, 0.0005468289144667874127, 0.001093657828933582415 ),
 .UNSPECIFIED. ) ;
#7944 = EDGE_LOOP ( 'NONE', ( #9504, #11156, #9109, #6512 ) ) ;
#7945 = DIRECTION ( 'NONE',  ( -0.1569032754148996234, 0.9876139742652875197, 0.000000000000000000 ) ) ;
#7946 = EDGE_LOOP ( 'NONE', ( #10311, #7551, #1129, #7196, #8783, #10274, #2010, #9807 ) ) ;
#7947 = PLANE ( 'NONE',  #1734 ) ;
#7948 = ORIENTED_EDGE ( 'NONE', *, *, #7117, .T. ) ;
#7949 = DIRECTION ( 'NONE',  ( 0.6791492313942135706, -0.7340002190031341689, 0.000000000000000000 ) ) ;
#7950 = LINE ( 'NONE', #5040, #576 ) ;
#7951 = AXIS2_PLACEMENT_3D ( 'NONE', #4311, #6193, #11710 ) ;
#7952 = CARTESIAN_POINT ( 'NONE',  ( 16.41576971826869880, -9.612031817358380081, -33.94899550485384765 ) ) ;
#7953 = DIRECTION ( 'NONE',  ( -0.000000000000000000, -0.000000000000000000, 1.000000000000000000 ) ) ;
#7954 = LINE ( 'NONE', #6129, #2656 ) ;
#7955 = ADVANCED_FACE ( 'NONE', ( #2608 ), #6318, .F. ) ;
#7956 = ORIENTED_EDGE ( 'NONE', *, *, #669, .T. ) ;
#7957 = CARTESIAN_POINT ( 'NONE',  ( 18.57040281239283175, 3.466725913688820437, -26.99634816116374836 ) ) ;
#7958 = CARTESIAN_POINT ( 'NONE',  ( 12.81746705595682023, -13.21565508530625621, -33.94899881303461342 ) ) ;
#7959 = ORIENTED_EDGE ( 'NONE', *, *, #2917, .F. ) ;
#7960 = ORIENTED_EDGE ( 'NONE', *, *, #7835, .T. ) ;
#7961 = PLANE ( 'NONE',  #2110 ) ;
#7962 = CYLINDRICAL_SURFACE ( 'NONE', #10600, 0.6999999999999996225 ) ;
#7963 = CARTESIAN_POINT ( 'NONE',  ( -0.1424843179073587984, -18.26174383094175013, -26.29634816116374196 ) ) ;
#7964 = CARTESIAN_POINT ( 'NONE',  ( 14.18035528873443951, -12.55473312741211167, -33.68879736725453000 ) ) ;
#7965 = CARTESIAN_POINT ( 'NONE',  ( -0.7693927526465210720, 19.82219451168907298, -26.99634816116374836 ) ) ;
#7966 = DIRECTION ( 'NONE',  ( 0.9876139742652837450, -0.1569032754149237430, 0.000000000000000000 ) ) ;
#7967 = DIRECTION ( 'NONE',  ( 1.000000000000000000, 0.000000000000000000, 0.000000000000000000 ) ) ;
#7968 = AXIS2_PLACEMENT_3D ( 'NONE', #6872, #6927, #9722 ) ;
#7969 = B_SPLINE_CURVE_WITH_KNOTS ( 'NONE', 3,
 ( #2523, #6230, #9923, #693, #9076, #761, #4396, #8106 ),
 .UNSPECIFIED., .F., .F.,
 ( 4, 2, 2, 4 ),
 ( 0.000000000000000000, 0.0002734140155771815073, 0.0005468280311543630146, 0.001093656062308726463 ),
 .UNSPECIFIED. ) ;
#7970 = CARTESIAN_POINT ( 'NONE',  ( -14.18035528873435425, 13.62980611888861127, -34.29634816116375617 ) ) ;
#7971 = ORIENTED_EDGE ( 'NONE', *, *, #10162, .T. ) ;
#7972 = EDGE_LOOP ( 'NONE', ( #10048, #7806, #3656, #3889 ) ) ;
#7973 = CARTESIAN_POINT ( 'NONE',  ( -4.516859228947138760, 19.30154413552235582, -33.59634816116375333 ) ) ;
#7974 = EDGE_CURVE ( 'NONE', #3607, #6834, #3334, .T. ) ;
#7975 = EDGE_LOOP ( 'NONE', ( #392, #1738, #5954, #615 ) ) ;
#7976 = ORIENTED_EDGE ( 'NONE', *, *, #5748, .F. ) ;
#7977 = CARTESIAN_POINT ( 'NONE',  ( 17.64212122275937134, -5.958275233539739091, -33.59634816116375333 ) ) ;
#7978 = ORIENTED_EDGE ( 'NONE', *, *, #4724, .T. ) ;
#7979 = CARTESIAN_POINT ( 'NONE',  ( -18.48265378355240784, 3.976195074312969258, -34.27817972094532450 ) ) ;
#7980 = CARTESIAN_POINT ( 'NONE',  ( -19.30000000000008598, 0.5375364957382036124, -39.14634816116374338 ) ) ;
#7981 = DIRECTION ( 'NONE',  ( -1.000000000000000000, 0.000000000000000000, -0.000000000000000000 ) ) ;
#7982 = ADVANCED_FACE ( 'NONE', ( #9819 ), #2483, .F. ) ;
#7983 = DIRECTION ( 'NONE',  ( 0.9807852804032290983, -0.1950903220161353258, 0.000000000000000000 ) ) ;
#7984 = LINE ( 'NONE', #11179, #4042 ) ;
#7985 = B_SPLINE_CURVE_WITH_KNOTS ( 'NONE', 3,
 ( #7056, #5297, #8025, #1655, #5353, #4443, #7236, #10934 ),
 .UNSPECIFIED., .F., .F.,
 ( 4, 2, 2, 4 ),
 ( 0.000000000000000000, 0.0002734115678465744918, 0.0005468231356931489836, 0.001093646271386290378 ),
 .UNSPECIFIED. ) ;
#7986 = DIRECTION ( 'NONE',  ( -0.03878550529303014666, 0.9992475592060080514, 0.000000000000000000 ) ) ;
#7987 = ORIENTED_EDGE ( 'NONE', *, *, #7445, .F. ) ;
#7988 = ORIENTED_EDGE ( 'NONE', *, *, #5015, .F. ) ;
#7989 = CARTESIAN_POINT ( 'NONE',  ( 13.80101801834297426, -12.22852639806347064, -26.81318187454958135 ) ) ;
#7990 = EDGE_LOOP ( 'NONE', ( #10067, #7362, #1418, #6770 ) ) ;
#7991 = CARTESIAN_POINT ( 'NONE',  ( -16.00867175329660697, -10.24265036234578830, -34.29634816116375617 ) ) ;
#7992 = ORIENTED_EDGE ( 'NONE', *, *, #10733, .T. ) ;
#7993 = CARTESIAN_POINT ( 'NONE',  ( 13.81335517923296763, 13.29023150319130231, -33.59634816116375333 ) ) ;
#7994 = EDGE_CURVE ( 'NONE', #5652, #1161, #526, .T. ) ;
#7995 = CARTESIAN_POINT ( 'NONE',  ( -18.18509333353224022, 0.5375364957382012809, -40.20101271002261711 ) ) ;
#7996 = CYLINDRICAL_SURFACE ( 'NONE', #7776, 8.799999999999993605 ) ;
#7997 = DIRECTION ( 'NONE',  ( 0.5229032302633846996, -0.8523920528607231706, 0.000000000000000000 ) ) ;
#7998 = B_SPLINE_CURVE_WITH_KNOTS ( 'NONE', 3,
 ( #7832, #3337, #7050, #6991, #5952, #1460, #5893, #2424 ),
 .UNSPECIFIED., .F., .F.,
 ( 4, 2, 2, 4 ),
 ( 0.000000000000000000, 0.0002734140155771833504, 0.0005468280311543667008, 0.001093656062308727981 ),
 .UNSPECIFIED. ) ;
#7999 = PLANE ( 'NONE',  #6372 ) ;
#8000 = CARTESIAN_POINT ( 'NONE',  ( -13.76188623147715262, 13.34627212193387713, -33.96250492026806711 ) ) ;
#8001 = ORIENTED_EDGE ( 'NONE', *, *, #11793, .F. ) ;
#8002 = AXIS2_PLACEMENT_3D ( 'NONE', #4804, #5716, #1285 ) ;
#8003 = FACE_OUTER_BOUND ( 'NONE', #8589, .T. ) ;
#8004 = EDGE_LOOP ( 'NONE', ( #9456, #1887, #8688, #9250 ) ) ;
#8005 = CARTESIAN_POINT ( 'NONE',  ( -7.062534776388723401, 17.96033320333499006, -26.29634816116374552 ) ) ;
#8006 = ORIENTED_EDGE ( 'NONE', *, *, #5868, .T. ) ;
#8007 = CARTESIAN_POINT ( 'NONE',  ( 17.34934370704273121, -6.702954608840128614, -34.29634816116375617 ) ) ;
#8008 = CARTESIAN_POINT ( 'NONE',  ( 19.28801171605217135, -0.1435188815080276903, -26.64370081747365759 ) ) ;
#8009 = CARTESIAN_POINT ( 'NONE',  ( 16.18649121439567296, -9.974108693722651964, -26.31451759764528830 ) ) ;
#8010 = DIRECTION ( 'NONE',  ( 0.000000000000000000, -0.000000000000000000, 1.000000000000000000 ) ) ;
#8011 = CARTESIAN_POINT ( 'NONE',  ( 0.4984972582793886220, 0.07629136113541343245, -33.59634816116375333 ) ) ;
#8012 = VECTOR ( 'NONE', #2958, 1000.000000000000000 ) ;
#8013 = EDGE_CURVE ( 'NONE', #936, #7136, #8658, .T. ) ;
#8014 = B_SPLINE_CURVE_WITH_KNOTS ( 'NONE', 3,
 ( #3445, #474, #2412, #2358, #2543, #11706, #6067, #5280 ),
 .UNSPECIFIED., .F., .F.,
 ( 4, 2, 2, 4 ),
 ( 0.000000000000000000, 0.0002734140155771853562, 0.0005468280311543707124, 0.001093656062308726680 ),
 .UNSPECIFIED. ) ;
#8015 = ORIENTED_EDGE ( 'NONE', *, *, #11081, .F. ) ;
#8016 = B_SPLINE_CURVE_WITH_KNOTS ( 'NONE', 3,
 ( #5246, #3477, #1474, #2566, #9967, #6934, #2381, #2436 ),
 .UNSPECIFIED., .F., .F.,
 ( 4, 2, 2, 4 ),
 ( 0.000000000000000000, 0.0002734144572333955495, 0.0005468289144667910990, 0.001093657828933583065 ),
 .UNSPECIFIED. ) ;
#8017 = VECTOR ( 'NONE', #4919, 1000.000000000000000 ) ;
#8018 = DIRECTION ( 'NONE',  ( -0.03878550529304181094, 0.9992475592060074963, 0.000000000000000000 ) ) ;
#8019 = CARTESIAN_POINT ( 'NONE',  ( -13.12680570229475663, 13.99658969015765209, -34.29634816116376328 ) ) ;
#8020 = EDGE_LOOP ( 'NONE', ( #3863, #10982, #7467, #10066 ) ) ;
#8021 = ORIENTED_EDGE ( 'NONE', *, *, #9752, .F. ) ;
#8022 = CARTESIAN_POINT ( 'NONE',  ( 2.929189417950685215, 19.10793930813102648, -34.29634816116375617 ) ) ;
#8023 = EDGE_CURVE ( 'NONE', #1392, #2035, #405, .T. ) ;
#8024 = LINE ( 'NONE', #5352, #4596 ) ;
#8025 = CARTESIAN_POINT ( 'NONE',  ( 16.18649121439575467, 11.04918168519893129, -34.27817872468220628 ) ) ;
#8026 = CARTESIAN_POINT ( 'NONE',  ( -13.12680570229504617, -12.92151669868096775, -26.29634816116375262 ) ) ;
#8027 = CARTESIAN_POINT ( 'NONE',  ( 13.94249221797529792, -12.80802805487269502, -26.38468825395369421 ) ) ;
#8028 = CARTESIAN_POINT ( 'NONE',  ( 9.812803638742103374, 16.57339930408908657, -26.90389799132447379 ) ) ;
#8029 = FACE_OUTER_BOUND ( 'NONE', #3417, .T. ) ;
#8030 = LINE ( 'NONE', #3413, #1323 ) ;
#8031 = ORIENTED_EDGE ( 'NONE', *, *, #7306, .F. ) ;
#8032 = EDGE_LOOP ( 'NONE', ( #7027, #8525, #275, #11536 ) ) ;
#8033 = DIRECTION ( 'NONE',  ( 0.1950903220161321339, 0.9807852804032296534, 0.000000000000000000 ) ) ;
#8034 = VERTEX_POINT ( 'NONE', #2223 ) ;
#8035 = VERTEX_POINT ( 'NONE', #11511 ) ;
#8036 = CARTESIAN_POINT ( 'NONE',  ( 11.06000805719591895, 15.74004395455968641, -26.99634816116374836 ) ) ;
#8037 = ADVANCED_FACE ( 'NONE', ( #5927 ), #3984, .F. ) ;
#8038 = EDGE_LOOP ( 'NONE', ( #748, #5038 ) ) ;
#8039 = PLANE ( 'NONE',  #7152 ) ;
#8040 = PLANE ( 'NONE',  #6410 ) ;
#8041 = DIRECTION ( 'NONE',  ( 1.000000000000000000, 0.000000000000000000, 0.000000000000000000 ) ) ;
#8042 = DIRECTION ( 'NONE',  ( -0.000000000000000000, -0.000000000000000000, 1.000000000000000000 ) ) ;
#8043 = EDGE_CURVE ( 'NONE', #11385, #432, #8297, .T. ) ;
#8044 = CARTESIAN_POINT ( 'NONE',  ( 9.812803638741991463, -15.49832631261275395, -34.29634816116375617 ) ) ;
#8045 = ADVANCED_FACE ( 'NONE', ( #4167 ), #3252, .F. ) ;
#8046 = CYLINDRICAL_SURFACE ( 'NONE', #359, 10.39999999999998792 ) ;
#8047 = ORIENTED_EDGE ( 'NONE', *, *, #7913, .F. ) ;
#8048 = EDGE_CURVE ( 'NONE', #9881, #6218, #177, .T. ) ;
#8049 = ORIENTED_EDGE ( 'NONE', *, *, #1880, .T. ) ;
#8050 = CARTESIAN_POINT ( 'NONE',  ( -8.090745338163426226, 18.05980346873544917, -33.59634816116375333 ) ) ;
#8051 = ORIENTED_EDGE ( 'NONE', *, *, #902, .T. ) ;
#8052 = CARTESIAN_POINT ( 'NONE',  ( -8.074651695274543073, 15.83753649573824873, -45.29634816116374907 ) ) ;
#8053 = VERTEX_POINT ( 'NONE', #1314 ) ;
#8054 = CARTESIAN_POINT ( 'NONE',  ( 13.75319158104441541, 13.35500355169507714, -33.94899881303462053 ) ) ;
#8055 = DIRECTION ( 'NONE',  ( -0.5229032302633966900, -0.8523920528607158431, 0.000000000000000000 ) ) ;
#8056 = EDGE_CURVE ( 'NONE', #8642, #10918, #5865, .T. ) ;
#8057 = CARTESIAN_POINT ( 'NONE',  ( -3.144186300207962859E-15, 0.5375364957382012809, -26.29634816116374907 ) ) ;
#8058 = DIRECTION ( 'NONE',  ( -0.5229032302633855878, 0.8523920528607225044, 0.000000000000000000 ) ) ;
#8059 = DIRECTION ( 'NONE',  ( 0.5229032302633938034, 0.8523920528607175084, 0.000000000000000000 ) ) ;
#8060 = ADVANCED_FACE ( 'NONE', ( #3135 ), #521, .F. ) ;
#8061 = FACE_BOUND ( 'NONE', #10089, .T. ) ;
#8062 = ADVANCED_FACE ( 'NONE', ( #1254 ), #8680, .F. ) ;
#8063 = EDGE_CURVE ( 'NONE', #9160, #7682, #10531, .T. ) ;
#8064 = EDGE_CURVE ( 'NONE', #10105, #6737, #6894, .T. ) ;
#8065 = ORIENTED_EDGE ( 'NONE', *, *, #10328, .F. ) ;
#8066 = EDGE_CURVE ( 'NONE', #7415, #3553, #9798, .T. ) ;
#8067 = FACE_OUTER_BOUND ( 'NONE', #10452, .T. ) ;
#8068 = VERTEX_POINT ( 'NONE', #2281 ) ;
#8069 = B_SPLINE_CURVE_WITH_KNOTS ( 'NONE', 3,
 ( #3678, #9154, #1635, #7383, #9097, #4412, #8126, #11082 ),
 .UNSPECIFIED., .F., .F.,
 ( 4, 2, 2, 4 ),
 ( 0.000000000000000000, 0.0002734144572333963626, 0.0005468289144667927253, 0.001093657828933583716 ),
 .UNSPECIFIED. ) ;
#8070 = DIRECTION ( 'NONE',  ( 0.3465623512410444529, 0.9380269381538457463, -0.000000000000000000 ) ) ;
#8071 = VERTEX_POINT ( 'NONE', #10591 ) ;
#8072 = CARTESIAN_POINT ( 'NONE',  ( -3.184081677783118191E-15, -13.76246350426183618, -44.29634816116374907 ) ) ;
#8073 = DIRECTION ( 'NONE',  ( 1.000000000000000000, 0.000000000000000000, 0.000000000000000000 ) ) ;
#8074 = ADVANCED_FACE ( 'NONE', ( #5995 ), #10719, .T. ) ;
#8075 = DIRECTION ( 'NONE',  ( 0.5229032302633819240, -0.8523920528607248359, 0.000000000000000000 ) ) ;
#8076 = CARTESIAN_POINT ( 'NONE',  ( -13.94249221797521443, 13.88310104634919462, -26.38468825395369777 ) ) ;
#8077 = B_SPLINE_CURVE_WITH_KNOTS ( 'NONE', 3,
 ( #1535, #7111, #10084, #11850, #10880, #10935, #5471, #6212 ),
 .UNSPECIFIED., .F., .F.,
 ( 4, 2, 2, 4 ),
 ( 0.000000000000000000, 0.0002734111411466468760, 0.0005468222822932937519, 0.001093644564586587938 ),
 .UNSPECIFIED. ) ;
#8078 = LINE ( 'NONE', #4430, #7884 ) ;
#8079 = CARTESIAN_POINT ( 'NONE',  ( 17.06809607421173425, -7.344094532306666423, -33.59634816116375333 ) ) ;
#8080 = CARTESIAN_POINT ( 'NONE',  ( -4.430873505878116347, -18.24699417075302676, -26.64370081747365049 ) ) ;
#8081 = CARTESIAN_POINT ( 'NONE',  ( -17.12643475677624494, 8.291502440509640692, -34.02662676194078273 ) ) ;
#8082 = EDGE_LOOP ( 'NONE', ( #5507, #11170, #9341, #11304 ) ) ;
#8083 = ORIENTED_EDGE ( 'NONE', *, *, #924, .F. ) ;
#8084 = EDGE_CURVE ( 'NONE', #2280, #1760, #1190, .T. ) ;
#8085 = CARTESIAN_POINT ( 'NONE',  ( 0.7499999999999936717, -18.24749774060966701, -26.99634816116374836 ) ) ;
#8086 = DIRECTION ( 'NONE',  ( 0.9992475592060074963, -0.03878550529304181094, 0.000000000000000000 ) ) ;
#8087 = DIRECTION ( 'NONE',  ( 0.3826834323650805114, -0.9238795325112906243, 0.000000000000000000 ) ) ;
#8088 = CARTESIAN_POINT ( 'NONE',  ( -4.442951011603219591, 19.31962558533126639, -26.63019525567114698 ) ) ;
#8089 = FACE_OUTER_BOUND ( 'NONE', #11592, .T. ) ;
#8090 = PLANE ( 'NONE',  #11302 ) ;
#8091 = VECTOR ( 'NONE', #4146, 1000.000000000000227 ) ;
#8092 = DIRECTION ( 'NONE',  ( -0.9083417975707390735, -0.4182286202377336060, -0.000000000000000000 ) ) ;
#8093 = VECTOR ( 'NONE', #4195, 1000.000000000000000 ) ;
#8094 = ORIENTED_EDGE ( 'NONE', *, *, #9696, .T. ) ;
#8095 = B_SPLINE_CURVE_WITH_KNOTS ( 'NONE', 3,
 ( #10899, #2581, #6294, #9737, #5075, #8774, #456, #2449 ),
 .UNSPECIFIED., .F., .F.,
 ( 4, 2, 2, 4 ),
 ( 0.000000000000000000, 0.0002734140155771813446, 0.0005468280311543626893, 0.001093656062308725595 ),
 .UNSPECIFIED. ) ;
#8096 = VECTOR ( 'NONE', #1153, 1000.000000000000000 ) ;
#8097 = VERTEX_POINT ( 'NONE', #5863 ) ;
#8098 = CARTESIAN_POINT ( 'NONE',  ( -13.81335517923306178, -12.21515851171480271, -34.29634816116375617 ) ) ;
#8099 = ORIENTED_EDGE ( 'NONE', *, *, #2574, .T. ) ;
#8100 = ORIENTED_EDGE ( 'NONE', *, *, #11461, .T. ) ;
#8101 = CARTESIAN_POINT ( 'NONE',  ( -3.198396408832238080E-15, 0.5375364957382012809, -34.29634816116375617 ) ) ;
#8102 = ORIENTED_EDGE ( 'NONE', *, *, #9908, .F. ) ;
#8103 = DIRECTION ( 'NONE',  ( -0.000000000000000000, -0.000000000000000000, 1.000000000000000000 ) ) ;
#8104 = CARTESIAN_POINT ( 'NONE',  ( -13.59795948890264761, -13.15864902206805453, -26.29634816116374907 ) ) ;
#8105 = CARTESIAN_POINT ( 'NONE',  ( -17.10491403184508385, -7.263723425495032693, -26.64369750929288116 ) ) ;
#8106 = CARTESIAN_POINT ( 'NONE',  ( 18.79951954134920555, 0.5875716334952204578, -26.29634816116374907 ) ) ;
#8107 = AXIS2_PLACEMENT_3D ( 'NONE', #3932, #9573, #9513 ) ;
#8108 = DIRECTION ( 'NONE',  ( 0.000000000000000000, 0.000000000000000000, -1.000000000000000000 ) ) ;
#8109 = AXIS2_PLACEMENT_3D ( 'NONE', #1627, #9027, #4295 ) ;
#8110 = CYLINDRICAL_SURFACE ( 'NONE', #1716, 0.6999999999999999556 ) ;
#8111 = EDGE_CURVE ( 'NONE', #4546, #320, #10469, .T. ) ;
#8112 = AXIS2_PLACEMENT_3D ( 'NONE', #11823, #6116, #5276 ) ;
#8113 = VERTEX_POINT ( 'NONE', #4835 ) ;
#8114 = ORIENTED_EDGE ( 'NONE', *, *, #7902, .F. ) ;
#8115 = VECTOR ( 'NONE', #8092, 1000.000000000000114 ) ;
#8116 = CARTESIAN_POINT ( 'NONE',  ( 17.80417973997786873, 7.987448158742305182, -34.29634816116375617 ) ) ;
#8117 = ORIENTED_EDGE ( 'NONE', *, *, #9103, .F. ) ;
#8119 = CARTESIAN_POINT ( 'NONE',  ( -14.18035528873435425, 13.62980611888861127, -33.68879736725453000 ) ) ;
#8118 = B_SPLINE_CURVE_WITH_KNOTS ( 'NONE', 3,
 ( #9634, #10793, #2474, #6191, #4063, #7767, #11467, #3148 ),
 .UNSPECIFIED., .F., .F.,
 ( 4, 2, 2, 4 ),
 ( 0.000000000000000000, 0.0002734111411466472554, 0.0005468222822932945109, 0.001093644564586587721 ),
 .UNSPECIFIED. ) ;
#8120 = ORIENTED_EDGE ( 'NONE', *, *, #1001, .F. ) ;
#8121 = B_SPLINE_CURVE_WITH_KNOTS ( 'NONE', 3,
 ( #2364, #8990, #665, #6984, #541, #11769, #3454, #6127 ),
 .UNSPECIFIED., .F., .F.,
 ( 4, 2, 2, 4 ),
 ( 0.000000000000000000, 0.0002734140155771813446, 0.0005468280311543626893, 0.001093656062308726246 ),
 .UNSPECIFIED. ) ;
#8122 = CARTESIAN_POINT ( 'NONE',  ( 4.400367338555533081, 18.81530382510683808, -33.68879833100304211 ) ) ;
#8123 = VECTOR ( 'NONE', #3354, 1000.000000000000227 ) ;
#8124 = CARTESIAN_POINT ( 'NONE',  ( 13.81335517923296763, 13.29023150319130231, -26.99634816116374836 ) ) ;
#8125 = DIRECTION ( 'NONE',  ( 0.9876139742652876308, 0.1569032754148996511, 0.000000000000000000 ) ) ;
#8126 = CARTESIAN_POINT ( 'NONE',  ( -6.495811729278003988, -17.10458472702114463, -33.78124828719859352 ) ) ;
#8127 = LINE ( 'NONE', #9099, #9850 ) ;
#8128 = AXIS2_PLACEMENT_3D ( 'NONE', #7729, #3902, #3116 ) ;
#8129 = VECTOR ( 'NONE', #2989, 1000.000000000000000 ) ;
#8130 = FACE_BOUND ( 'NONE', #1011, .T. ) ;
#8131 = B_SPLINE_CURVE_WITH_KNOTS ( 'NONE', 3,
 ( #9362, #2202, #3291, #11430, #6088, #8819, #2256, #4990 ),
 .UNSPECIFIED., .F., .F.,
 ( 4, 2, 2, 4 ),
 ( 0.000000000000000000, 0.0002734140155771853020, 0.0005468280311543706040, 0.001093656062308726463 ),
 .UNSPECIFIED. ) ;
#8132 = VECTOR ( 'NONE', #4887, 1000.000000000000114 ) ;
#8133 = ORIENTED_EDGE ( 'NONE', *, *, #716, .T. ) ;
#8134 = CARTESIAN_POINT ( 'NONE',  ( 3.082842816221450732, -18.51509493489070834, -33.96250106665637247 ) ) ;
#8135 = ORIENTED_EDGE ( 'NONE', *, *, #1010, .F. ) ;
#8136 = AXIS2_PLACEMENT_3D ( 'NONE', #9162, #896, #837 ) ;
#8137 = ADVANCED_FACE ( 'NONE', ( #338 ), #148, .F. ) ;
#8138 = CYLINDRICAL_SURFACE ( 'NONE', #5611, 0.7000000000000000666 ) ;
#8139 = VERTEX_POINT ( 'NONE', #8542 ) ;
#8141 = EDGE_CURVE ( 'NONE', #4206, #5111, #4420, .T. ) ;
#8140 = CARTESIAN_POINT ( 'NONE',  ( 18.78503423634786174, -0.2124635042618656378, -34.29634816116375617 ) ) ;
#8142 = CARTESIAN_POINT ( 'NONE',  ( 3.833340540673527030, 19.45301957968908724, -34.29634816116375617 ) ) ;
#8143 = VECTOR ( 'NONE', #10877, 1000.000000000000114 ) ;
#8144 = CARTESIAN_POINT ( 'NONE',  ( -14.18035528873435425, 13.62980611888861127, -26.99634816116374836 ) ) ;
#8145 = CARTESIAN_POINT ( 'NONE',  ( -3.697097124735845952, 19.48012008009314044, -34.29634816116375617 ) ) ;
#8146 = EDGE_CURVE ( 'NONE', #5271, #1662, #6357, .T. ) ;
#8147 = DIRECTION ( 'NONE',  ( 0.8092959084338506859, 0.5874011683613068469, 0.000000000000000000 ) ) ;
#8148 = AXIS2_PLACEMENT_3D ( 'NONE', #2041, #10350, #7625 ) ;
#8149 = EDGE_CURVE ( 'NONE', #6098, #4466, #10290, .T. ) ;
#8150 = AXIS2_PLACEMENT_3D ( 'NONE', #1613, #1553, #1669 ) ;
#8151 = CYLINDRICAL_SURFACE ( 'NONE', #6391, 0.7000000000000000666 ) ;
#8152 = ORIENTED_EDGE ( 'NONE', *, *, #9323, .F. ) ;
#8153 = VERTEX_POINT ( 'NONE', #3133 ) ;
#8154 = FACE_OUTER_BOUND ( 'NONE', #11707, .T. ) ;
#8155 = EDGE_CURVE ( 'NONE', #3860, #3879, #2778, .T. ) ;
#8156 = CARTESIAN_POINT ( 'NONE',  ( -18.42853067367100550, 4.254214543423815442, -34.29634816116375617 ) ) ;
#8157 = CARTESIAN_POINT ( 'NONE',  ( 17.64212122275941041, 7.033348225016013089, -26.81144803512891173 ) ) ;
#8158 = CARTESIAN_POINT ( 'NONE',  ( 15.28463140216501159, 11.48371383080544383, -26.56606956038672607 ) ) ;
#8159 = CYLINDRICAL_SURFACE ( 'NONE', #3229, 0.7000000000000000666 ) ;
#8160 = CARTESIAN_POINT ( 'NONE',  ( -17.52226697299705194, 8.628281833902057940, -33.59634816116375333 ) ) ;
#8161 = VECTOR ( 'NONE', #5369, 1000.000000000000114 ) ;
#8162 = FACE_OUTER_BOUND ( 'NONE', #5161, .T. ) ;
#8163 = ORIENTED_EDGE ( 'NONE', *, *, #5666, .F. ) ;
#8164 = ORIENTED_EDGE ( 'NONE', *, *, #5462, .F. ) ;
#8165 = EDGE_CURVE ( 'NONE', #1981, #2742, #3003, .T. ) ;
#8166 = CARTESIAN_POINT ( 'NONE',  ( -17.64212122275947436, -5.958275233539478855, -33.68879833100304211 ) ) ;
#8167 = EDGE_LOOP ( 'NONE', ( #3071, #8765, #9610, #11187 ) ) ;
#8168 = ORIENTED_EDGE ( 'NONE', *, *, #8946, .T. ) ;
#8169 = DIRECTION ( 'NONE',  ( -0.5229032302633819240, 0.8523920528607248359, -0.000000000000000000 ) ) ;
#8170 = ORIENTED_EDGE ( 'NONE', *, *, #4219, .F. ) ;
#8171 = AXIS2_PLACEMENT_3D ( 'NONE', #5961, #308, #1227 ) ;
#8172 = PLANE ( 'NONE',  #548 ) ;
#8173 = CARTESIAN_POINT ( 'NONE',  ( 7.148038225217826280, -16.85010244781609501, -34.29634816116375617 ) ) ;
#8174 = CARTESIAN_POINT ( 'NONE',  ( 18.76400763978411135, 5.054395724685537772, -26.99634816116374836 ) ) ;
#8175 = CARTESIAN_POINT ( 'NONE',  ( 9.812803638741991463, -15.49832631261275395, -33.59634816116375333 ) ) ;
#8176 = CARTESIAN_POINT ( 'NONE',  ( -18.46057051960234929, 4.158055695674779173, -34.29634816116375617 ) ) ;
#8177 = DIRECTION ( 'NONE',  ( 0.2329837807837541463, 0.9724806208309282329, 0.000000000000000000 ) ) ;
#8178 = CIRCLE ( 'NONE', #4484, 19.33712077059221812 ) ;
#8179 = ORIENTED_EDGE ( 'NONE', *, *, #1150, .T. ) ;
#8180 = ORIENTED_EDGE ( 'NONE', *, *, #4631, .T. ) ;
#8181 = CARTESIAN_POINT ( 'NONE',  ( -3.007641055658277107, -18.52667330378724486, -26.99634816116374836 ) ) ;
#8182 = VERTEX_POINT ( 'NONE', #7620 ) ;
#8183 = CARTESIAN_POINT ( 'NONE',  ( 10.07425525387379928, 16.99959533051945471, -33.59634816116375333 ) ) ;
#8184 = ORIENTED_EDGE ( 'NONE', *, *, #6700, .T. ) ;
#8185 = CARTESIAN_POINT ( 'NONE',  ( -10.40285075565169137, -15.12149076192433306, -34.29634816116375617 ) ) ;
#8186 = CARTESIAN_POINT ( 'NONE',  ( -8.799999999999993605, 0.5375364957382032793, -40.29634816116375617 ) ) ;
#8187 = CARTESIAN_POINT ( 'NONE',  ( 18.79951954134920555, 0.4875013579810443809, -26.29634816116374907 ) ) ;
#8188 = LINE ( 'NONE', #2648, #4408 ) ;
#8189 = ADVANCED_FACE ( 'NONE', ( #5925, #1128 ), #6835, .F. ) ;
#8190 = CARTESIAN_POINT ( 'NONE',  ( -0.4966189663903682328, 0.7432428069487977407, -34.29634816116375617 ) ) ;
#8191 = DIRECTION ( 'NONE',  ( 0.000000000000000000, 0.000000000000000000, 1.000000000000000000 ) ) ;
#8192 = ORIENTED_EDGE ( 'NONE', *, *, #847, .F. ) ;
#8193 = DIRECTION ( 'NONE',  ( -0.2329837807837476238, -0.9724806208309297872, 0.000000000000000000 ) ) ;
#8194 = VERTEX_POINT ( 'NONE', #5738 ) ;
#8195 = CARTESIAN_POINT ( 'NONE',  ( -17.06809607421168096, 8.419167523783178453, -26.99634816116374836 ) ) ;
#8196 = VERTEX_POINT ( 'NONE', #10529 ) ;
#8197 = CYLINDRICAL_SURFACE ( 'NONE', #5626, 0.7000000000000000666 ) ;
#8198 = CYLINDRICAL_SURFACE ( 'NONE', #5093, 0.6999999999999999556 ) ;
#8199 = EDGE_CURVE ( 'NONE', #7781, #4470, #9834, .T. ) ;
#8200 = LINE ( 'NONE', #2607, #5767 ) ;
#8201 = DIRECTION ( 'NONE',  ( 1.000000000000000000, 0.000000000000000000, 0.000000000000000000 ) ) ;
#8202 = VECTOR ( 'NONE', #11175, 1000.000000000000114 ) ;
#8203 = EDGE_CURVE ( 'NONE', #3198, #10686, #11630, .T. ) ;
#8204 = EDGE_CURVE ( 'NONE', #9517, #10332, #10345, .T. ) ;
#8205 = CARTESIAN_POINT ( 'NONE',  ( -3.184081677783118191E-15, 0.5375364957382012809, -101.8849916687654371 ) ) ;
#8206 = VERTEX_POINT ( 'NONE', #9434 ) ;
#8207 = ORIENTED_EDGE ( 'NONE', *, *, #4991, .F. ) ;
#8208 = CARTESIAN_POINT ( 'NONE',  ( 0.7499999999999936717, -18.24749774060966345, -26.90389799132447024 ) ) ;
#8209 = AXIS2_PLACEMENT_3D ( 'NONE', #3167, #4931, #8635 ) ;
#8210 = FACE_OUTER_BOUND ( 'NONE', #3605, .T. ) ;
#8211 = ADVANCED_FACE ( 'NONE', ( #11262 ), #7807, .F. ) ;
#8212 = CARTESIAN_POINT ( 'NONE',  ( -7.148038225218081188, -16.85010244781599198, -26.29634816116374907 ) ) ;
#8213 = CARTESIAN_POINT ( 'NONE',  ( 9.932237400579044362, 16.49966090226150683, -26.56606956038672251 ) ) ;
#8214 = CARTESIAN_POINT ( 'NONE',  ( -17.66525471581596918, -7.236520247569345088, -26.38468825395369777 ) ) ;
#8215 = DIRECTION ( 'NONE',  ( 0.03878550529303135402, -0.9992475592060079403, 0.000000000000000000 ) ) ;
#8216 = EDGE_CURVE ( 'NONE', #3969, #2742, #8293, .T. ) ;
#8217 = EDGE_CURVE ( 'NONE', #7429, #4348, #3950, .T. ) ;
#8218 = ORIENTED_EDGE ( 'NONE', *, *, #1767, .F. ) ;
#8219 = ORIENTED_EDGE ( 'NONE', *, *, #10060, .F. ) ;
#8220 = PLANE ( 'NONE',  #1901 ) ;
#8221 = ORIENTED_EDGE ( 'NONE', *, *, #11224, .T. ) ;
#8222 = ORIENTED_EDGE ( 'NONE', *, *, #2260, .F. ) ;
#8223 = CARTESIAN_POINT ( 'NONE',  ( -11.35370864137669855, -15.06961891730012582, -26.99634816116374836 ) ) ;
#8224 = DIRECTION ( 'NONE',  ( 0.9724806208309322297, 0.2329837807837371599, 0.000000000000000000 ) ) ;
#8225 = LINE ( 'NONE', #11804, #597 ) ;
#8226 = CARTESIAN_POINT ( 'NONE',  ( 19.30000000000007887, 0.5375364957382012809, -45.29634816116371354 ) ) ;
#8227 = DIRECTION ( 'NONE',  ( 0.03878550529304181094, 0.9992475592060074963, -0.000000000000000000 ) ) ;
#8228 = PLANE ( 'NONE',  #559 ) ;
#8229 = PLANE ( 'NONE',  #1522 ) ;
#8230 = VERTEX_POINT ( 'NONE', #8116 ) ;
#8231 = ORIENTED_EDGE ( 'NONE', *, *, #5907, .F. ) ;
#8232 = CARTESIAN_POINT ( 'NONE',  ( -17.64212122275933226, 7.033348225016258226, -26.90389799132447024 ) ) ;
#8233 = VERTEX_POINT ( 'NONE', #11690 ) ;
#8234 = CARTESIAN_POINT ( 'NONE',  ( -10.99859508848270195, 15.78496667493557659, -33.96250492026806711 ) ) ;
#8235 = ORIENTED_EDGE ( 'NONE', *, *, #11424, .T. ) ;
#8236 = DIRECTION ( 'NONE',  ( -0.9876139742652869646, -0.1569032754149030651, 0.000000000000000000 ) ) ;
#8237 = CARTESIAN_POINT ( 'NONE',  ( -7.865117308977779054, 17.61326165946537969, -26.81318187454957780 ) ) ;
#8238 = EDGE_CURVE ( 'NONE', #5231, #8659, #3825, .T. ) ;
#8239 = CARTESIAN_POINT ( 'NONE',  ( -16.18801740618150475, -9.973042925449171037, -26.29634816116374552 ) ) ;
#8240 = CARTESIAN_POINT ( 'NONE',  ( -0.06945629112694227947, 19.83741151667101121, -26.29634816116374907 ) ) ;
#8241 = CARTESIAN_POINT ( 'NONE',  ( 16.03586280835092381, 10.35034013448024837, -33.59634816116375333 ) ) ;
#8242 = CARTESIAN_POINT ( 'NONE',  ( 19.29987502093280582, 0.4680802046111883774, -34.29634816116375617 ) ) ;
#8243 = EDGE_LOOP ( 'NONE', ( #336, #9529, #10167, #7864, #689, #11617, #5593, #10605 ) ) ;
#8244 = EDGE_CURVE ( 'NONE', #552, #507, #2361, .T. ) ;
#8245 = DIRECTION ( 'NONE',  ( 1.000000000000000000, 0.000000000000000000, 0.000000000000000000 ) ) ;
#8246 = ORIENTED_EDGE ( 'NONE', *, *, #4431, .T. ) ;
#8247 = ORIENTED_EDGE ( 'NONE', *, *, #10152, .F. ) ;
#8248 = DIRECTION ( 'NONE',  ( 0.1950903220161321339, 0.9807852804032296534, 0.000000000000000000 ) ) ;
#8249 = ORIENTED_EDGE ( 'NONE', *, *, #2437, .F. ) ;
#8250 = CYLINDRICAL_SURFACE ( 'NONE', #10863, 18.15000000000008029 ) ;
#8251 = DIRECTION ( 'NONE',  ( -0.9992475592060070522, 0.03878550529305227479, 0.000000000000000000 ) ) ;
#8252 = DIRECTION ( 'NONE',  ( 0.9992475592060076073, 0.03878550529303832067, 0.000000000000000000 ) ) ;
#8253 = CARTESIAN_POINT ( 'NONE',  ( 17.27814378842739274, -6.873596215422658418, -34.29634816116376328 ) ) ;
#8254 = EDGE_CURVE ( 'NONE', #4206, #517, #6852, .T. ) ;
#8255 = CARTESIAN_POINT ( 'NONE',  ( -11.35370864137636460, 16.14469190877676397, -26.99634816116374836 ) ) ;
#8256 = ORIENTED_EDGE ( 'NONE', *, *, #1221, .F. ) ;
#8257 = EDGE_LOOP ( 'NONE', ( #1603, #8619, #10231, #8179 ) ) ;
#8258 = LINE ( 'NONE', #3528, #3859 ) ;
#8259 = DIRECTION ( 'NONE',  ( 0.03878550529304181094, 0.9992475592060074963, -0.000000000000000000 ) ) ;
#8260 = CARTESIAN_POINT ( 'NONE',  ( 10.78018685808403809, -15.47113525755836427, -26.29634816116374907 ) ) ;
#8261 = DIRECTION ( 'NONE',  ( 0.7071067811865414665, -0.7071067811865536790, 0.000000000000000000 ) ) ;
#8262 = CARTESIAN_POINT ( 'NONE',  ( 13.81335517923296585, 13.29023150319129698, -34.29634816116375617 ) ) ;
#8263 = CARTESIAN_POINT ( 'NONE',  ( -15.60715541303828680, 11.89124513711495013, -34.29634816116375617 ) ) ;
#8264 = VERTEX_POINT ( 'NONE', #10656 ) ;
#8265 = ORIENTED_EDGE ( 'NONE', *, *, #4281, .F. ) ;
#8266 = LINE ( 'NONE', #1606, #4037 ) ;
#8267 = VERTEX_POINT ( 'NONE', #1492 ) ;
#8268 = ORIENTED_EDGE ( 'NONE', *, *, #11479, .F. ) ;
#8269 = DIRECTION ( 'NONE',  ( -0.8092959084338384734, 0.5874011683613238333, 0.000000000000000000 ) ) ;
#8270 = VECTOR ( 'NONE', #11003, 1000.000000000000000 ) ;
#8271 = ADVANCED_FACE ( 'NONE', ( #2344 ), #644, .F. ) ;
#8272 = FACE_BOUND ( 'NONE', #8038, .T. ) ;
#8273 = CYLINDRICAL_SURFACE ( 'NONE', #7376, 0.6999999999999999556 ) ;
#8274 = DIRECTION ( 'NONE',  ( 0.8314696123025482333, 0.5555702330195977368, 0.000000000000000000 ) ) ;
#8275 = EDGE_CURVE ( 'NONE', #1799, #6098, #5136, .T. ) ;
#8276 = CARTESIAN_POINT ( 'NONE',  ( 18.27776732936861137, -3.862830842817394750, -26.99634816116374836 ) ) ;
#8277 = CARTESIAN_POINT ( 'NONE',  ( -10.85686969200488328, 16.49457028111255141, -26.29634816116374907 ) ) ;
#8278 = EDGE_CURVE ( 'NONE', #11733, #432, #3430, .T. ) ;
#8279 = DIRECTION ( 'NONE',  ( -0.000000000000000000, -0.000000000000000000, -1.000000000000000000 ) ) ;
#8280 = B_SPLINE_CURVE_WITH_KNOTS ( 'NONE', 3,
 ( #5054, #4987, #10561, #4082, #7784, #10627, #10503, #6813 ),
 .UNSPECIFIED., .F., .F.,
 ( 4, 2, 2, 4 ),
 ( 0.000000000000000000, 0.0002734144572333958747, 0.0005468289144667917495, 0.001093657828933583499 ),
 .UNSPECIFIED. ) ;
#8281 = AXIS2_PLACEMENT_3D ( 'NONE', #9659, #1352, #3347 ) ;
#8282 = ORIENTED_EDGE ( 'NONE', *, *, #2984, .T. ) ;
#8283 = ADVANCED_FACE ( 'NONE', ( #6108 ), #9929, .F. ) ;
#8284 = EDGE_LOOP ( 'NONE', ( #685, #4687, #7232, #1641 ) ) ;
#8285 = CARTESIAN_POINT ( 'NONE',  ( -7.236035070372752287, 18.42994670781104460, -34.29634816116377038 ) ) ;
#8286 = ORIENTED_EDGE ( 'NONE', *, *, #817, .F. ) ;
#8287 = LINE ( 'NONE', #10108, #7522 ) ;
#8288 = ORIENTED_EDGE ( 'NONE', *, *, #2861, .F. ) ;
#8289 = CARTESIAN_POINT ( 'NONE',  ( -13.32864793594251829, 13.79542406126976672, -26.29634816116374907 ) ) ;
#8290 = AXIS2_PLACEMENT_3D ( 'NONE', #7893, #379, #6869 ) ;
#8291 = CARTESIAN_POINT ( 'NONE',  ( -3.067750290710892003, 19.08551922984251803, -34.02662676194078983 ) ) ;
#8292 = EDGE_CURVE ( 'NONE', #3924, #10767, #11339, .T. ) ;
#8293 = CIRCLE ( 'NONE', #6543, 19.33712077059222523 ) ;
#8294 = CARTESIAN_POINT ( 'NONE',  ( -3.833340540673658925, -18.37794658821265514, -34.29634816116375617 ) ) ;
#8295 = DIRECTION ( 'NONE',  ( 0.8092959084338425813, -0.5874011683613181711, 0.000000000000000000 ) ) ;
#8296 = FACE_OUTER_BOUND ( 'NONE', #4335, .T. ) ;
#8297 = B_SPLINE_CURVE_WITH_KNOTS ( 'NONE', 3,
 ( #3315, #8606, #11386, #2346, #274, #342, #9620, #1378 ),
 .UNSPECIFIED., .F., .F.,
 ( 4, 2, 2, 4 ),
 ( 0.000000000000000000, 0.0002734144572333932184, 0.0005468289144667864369, 0.001093657828933582848 ),
 .UNSPECIFIED. ) ;
#8298 = AXIS2_PLACEMENT_3D ( 'NONE', #1322, #469, #282 ) ;
#8299 = CIRCLE ( 'NONE', #6541, 19.33712077059222167 ) ;
#8300 = EDGE_LOOP ( 'NONE', ( #3415, #10416, #11335, #10334 ) ) ;
#8301 = VECTOR ( 'NONE', #2684, 1000.000000000000000 ) ;
#8302 = FACE_OUTER_BOUND ( 'NONE', #894, .T. ) ;
#8303 = EDGE_LOOP ( 'NONE', ( #5938, #6347 ) ) ;
#8304 = ORIENTED_EDGE ( 'NONE', *, *, #7906, .T. ) ;
#8305 = DIRECTION ( 'NONE',  ( -0.5555702330196004013, 0.8314696123025465679, 0.000000000000000000 ) ) ;
#8306 = LINE ( 'NONE', #8195, #378 ) ;
#8307 = ORIENTED_EDGE ( 'NONE', *, *, #6292, .F. ) ;
#8308 = CYLINDRICAL_SURFACE ( 'NONE', #4270, 0.6999999999999999556 ) ;
#8309 = VECTOR ( 'NONE', #8295, 999.9999999999998863 ) ;
#8310 = DIRECTION ( 'NONE',  ( 0.000000000000000000, 0.000000000000000000, -1.000000000000000000 ) ) ;
#8311 = VECTOR ( 'NONE', #10955, 1000.000000000000000 ) ;
#8312 = AXIS2_PLACEMENT_3D ( 'NONE', #9358, #3831, #5657 ) ;
#8313 = LINE ( 'NONE', #11098, #6931 ) ;
#8314 = VECTOR ( 'NONE', #7797, 1000.000000000000000 ) ;
#8315 = CARTESIAN_POINT ( 'NONE',  ( 19.00973876702709475, 3.874674832914025480, -26.37236741899920744 ) ) ;
#8316 = VECTOR ( 'NONE', #3549, 1000.000000000000000 ) ;
#8317 = AXIS2_PLACEMENT_3D ( 'NONE', #5889, #10433, #9585 ) ;
#8318 = VECTOR ( 'NONE', #11538, 1000.000000000000000 ) ;
#8319 = CYLINDRICAL_SURFACE ( 'NONE', #8718, 19.30000000000008242 ) ;
#8320 = ORIENTED_EDGE ( 'NONE', *, *, #2999, .F. ) ;
#8321 = ORIENTED_EDGE ( 'NONE', *, *, #9381, .T. ) ;
#8322 = CARTESIAN_POINT ( 'NONE',  ( 11.35370864137657954, 16.14469190877660409, -26.90389895507295392 ) ) ;
#8323 = DIRECTION ( 'NONE',  ( -0.000000000000000000, -0.000000000000000000, 1.000000000000000000 ) ) ;
#8324 = LINE ( 'NONE', #4730, #4794 ) ;
#8325 = CARTESIAN_POINT ( 'NONE',  ( 6.669092904898265672, -17.57359819609816753, -26.99634816116374836 ) ) ;
#8326 = EDGE_CURVE ( 'NONE', #6303, #8196, #5278, .T. ) ;
#8327 = CARTESIAN_POINT ( 'NONE',  ( -10.32584917112492739, -15.17265387475458560, -34.29634816116377038 ) ) ;
#8328 = CIRCLE ( 'NONE', #2114, 19.30000000000008242 ) ;
#8329 = VECTOR ( 'NONE', #3395, 999.9999999999998863 ) ;
#8330 = PLANE ( 'NONE',  #10633 ) ;
#8331 = VERTEX_POINT ( 'NONE', #9146 ) ;
#8332 = EDGE_LOOP ( 'NONE', ( #9106, #9222, #5803, #4583, #6515, #9565, #2869, #553 ) ) ;
#8333 = CARTESIAN_POINT ( 'NONE',  ( -7.535195125563403096, 18.30603055563078030, -26.29634816116374907 ) ) ;
#8334 = ORIENTED_EDGE ( 'NONE', *, *, #9538, .T. ) ;
#8335 = VERTEX_POINT ( 'NONE', #3498 ) ;
#8336 = DIRECTION ( 'NONE',  ( 0.9876139742652869646, 0.1569032754149030651, -0.000000000000000000 ) ) ;
#8337 = DIRECTION ( 'NONE',  ( -0.9083417975707304137, 0.4182286202377525908, 0.000000000000000000 ) ) ;
#8338 = CARTESIAN_POINT ( 'NONE',  ( 7.321573171451382755, -17.31980278801531625, -26.29634816116374907 ) ) ;
#8339 = CARTESIAN_POINT ( 'NONE',  ( 14.18035528873443951, -12.55473312741210989, -33.59634816116375333 ) ) ;
#8340 = CARTESIAN_POINT ( 'NONE',  ( -12.75269500745295481, 14.35089167497130269, -26.99634816116374836 ) ) ;
#8341 = EDGE_CURVE ( 'NONE', #7603, #6040, #1739, .T. ) ;
#8342 = AXIS2_PLACEMENT_3D ( 'NONE', #153, #1989, #3867 ) ;
#8343 = CARTESIAN_POINT ( 'NONE',  ( -11.29234582336292902, 16.18968044046649979, -26.63019525567114698 ) ) ;
#8344 = CARTESIAN_POINT ( 'NONE',  ( -18.11113469183625568, 7.206629400636784588, -33.59634816116375333 ) ) ;
#8345 = EDGE_CURVE ( 'NONE', #2457, #2817, #2849, .T. ) ;
#8346 = ORIENTED_EDGE ( 'NONE', *, *, #7386, .T. ) ;
#8347 = VERTEX_POINT ( 'NONE', #8181 ) ;
#8348 = VECTOR ( 'NONE', #4499, 1000.000000000000000 ) ;
#8349 = CARTESIAN_POINT ( 'NONE',  ( -11.06000805719570756, 15.74004395455983207, -26.90389799132446313 ) ) ;
#8350 = ORIENTED_EDGE ( 'NONE', *, *, #4079, .T. ) ;
#8351 = CARTESIAN_POINT ( 'NONE',  ( -0.7500000000000000000, 19.32257073208606712, -26.99634816116374836 ) ) ;
#8352 = ORIENTED_EDGE ( 'NONE', *, *, #3225, .T. ) ;
#8353 = CARTESIAN_POINT ( 'NONE',  ( -14.00000000000000000, 0.5375364957381987274, -29.44634816116375120 ) ) ;
#8354 = EDGE_CURVE ( 'NONE', #2767, #3125, #2522, .T. ) ;
#8355 = CARTESIAN_POINT ( 'NONE',  ( 0.4984972582793886220, 0.07629136113541343245, -26.29634816116374907 ) ) ;
#8356 = FACE_OUTER_BOUND ( 'NONE', #7589, .T. ) ;
#8357 = APPLICATION_CONTEXT ( 'automotive_design' ) ;
#8358 = CARTESIAN_POINT ( 'NONE',  ( 15.76445036975679415, -10.59692692216867016, -34.15606879818029995 ) ) ;
#8359 = AXIS2_PLACEMENT_3D ( 'NONE', #467, #10725, #3256 ) ;
#8360 = DIRECTION ( 'NONE',  ( 1.000000000000000000, 0.000000000000000000, 0.000000000000000000 ) ) ;
#8361 = ORIENTED_EDGE ( 'NONE', *, *, #4789, .T. ) ;
#8362 = EDGE_CURVE ( 'NONE', #683, #5475, #11576, .T. ) ;
#8363 = CARTESIAN_POINT ( 'NONE',  ( 17.06809607421178399, 8.419167523782943974, -33.78124828719858641 ) ) ;
#8364 = ORIENTED_EDGE ( 'NONE', *, *, #9911, .T. ) ;
#8365 = ORIENTED_EDGE ( 'NONE', *, *, #2568, .T. ) ;
#8366 = DIRECTION ( 'NONE',  ( 0.9876139742652849662, -0.1569032754149171649, 0.000000000000000000 ) ) ;
#8367 = FACE_OUTER_BOUND ( 'NONE', #11419, .T. ) ;
#8368 = DIRECTION ( 'NONE',  ( 0.7340002190031246210, -0.6791492313942238956, 0.000000000000000000 ) ) ;
#8369 = CARTESIAN_POINT ( 'NONE',  ( 8.074651695274543073, -14.76246350426184328, -44.29634816116374907 ) ) ;
#8370 = PLANE ( 'NONE',  #2085 ) ;
#8371 = CARTESIAN_POINT ( 'NONE',  ( 19.06420979952547512, 3.545177551396273774, -26.99634816116374836 ) ) ;
#8372 = B_SPLINE_CURVE_WITH_KNOTS ( 'NONE', 3,
 ( #4370, #7099, #789, #8928, #11770, #4489, #5343, #4252 ),
 .UNSPECIFIED., .F., .F.,
 ( 4, 2, 2, 4 ),
 ( 0.000000000000000000, 0.0002734111411466465507, 0.0005468222822932931014, 0.001093644564586589455 ),
 .UNSPECIFIED. ) ;
#8373 = EDGE_CURVE ( 'NONE', #3510, #7463, #9642, .T. ) ;
#8374 = FACE_OUTER_BOUND ( 'NONE', #3985, .T. ) ;
#8375 = VERTEX_POINT ( 'NONE', #10044 ) ;
#8376 = ORIENTED_EDGE ( 'NONE', *, *, #4478, .T. ) ;
#8377 = LINE ( 'NONE', #291, #8712 ) ;
#8378 = CARTESIAN_POINT ( 'NONE',  ( -3.198396408832238080E-15, 0.5375364957382012809, -26.29634816116374907 ) ) ;
#8379 = DIRECTION ( 'NONE',  ( 0.3826834323650937786, 0.9238795325112850731, 0.000000000000000000 ) ) ;
#8380 = EDGE_CURVE ( 'NONE', #7622, #3123, #34, .T. ) ;
#8381 = CARTESIAN_POINT ( 'NONE',  ( -19.28465801595088180, -0.2318562569081147051, -26.99634816116374836 ) ) ;
#8382 = CARTESIAN_POINT ( 'NONE',  ( -18.57040281239280688, 3.466725913689079785, -26.90389799132446313 ) ) ;
#8383 = VECTOR ( 'NONE', #4515, 1000.000000000000114 ) ;
#8384 = CARTESIAN_POINT ( 'NONE',  ( 18.76400763978407937, -3.979322733209272211, -33.78124629862857375 ) ) ;
#8385 = ORIENTED_EDGE ( 'NONE', *, *, #5195, .F. ) ;
#8386 = VERTEX_POINT ( 'NONE', #1678 ) ;
#8387 = CIRCLE ( 'NONE', #833, 19.30000000000008242 ) ;
#8388 = CARTESIAN_POINT ( 'NONE',  ( -18.79951954134921266, 0.5875716334954894648, -34.29634816116375617 ) ) ;
#8389 = ORIENTED_EDGE ( 'NONE', *, *, #5747, .T. ) ;
#8390 = EDGE_LOOP ( 'NONE', ( #6207, #1925, #11338, #6920 ) ) ;
#8391 = CARTESIAN_POINT ( 'NONE',  ( -4.400367338555658314, -17.74023083363039888, -33.59634816116375333 ) ) ;
#8392 = PLANE ( 'NONE',  #10398 ) ;
#8393 = DIRECTION ( 'NONE',  ( -0.000000000000000000, -0.000000000000000000, 1.000000000000000000 ) ) ;
#8394 = CARTESIAN_POINT ( 'NONE',  ( 15.60715541303844667, 11.89124513711472098, -33.59634816116375333 ) ) ;
#8395 = DIRECTION ( 'NONE',  ( -0.5555702330196004013, 0.8314696123025465679, 0.000000000000000000 ) ) ;
#8396 = DIRECTION ( 'NONE',  ( -0.5229032302633921381, -0.8523920528607185076, 0.000000000000000000 ) ) ;
#8397 = CARTESIAN_POINT ( 'NONE',  ( -14.00000000000000000, 0.5375364957381987274, -29.44634816116375120 ) ) ;
#8398 = CIRCLE ( 'NONE', #4713, 19.30000000000008242 ) ;
#8399 = CARTESIAN_POINT ( 'NONE',  ( -3.836122794365888211, -18.38955979059449675, -34.29634816116375617 ) ) ;
#8400 = ORIENTED_EDGE ( 'NONE', *, *, #664, .F. ) ;
#8401 = EDGE_CURVE ( 'NONE', #4364, #7380, #4832, .T. ) ;
#8402 = ORIENTED_EDGE ( 'NONE', *, *, #2508, .T. ) ;
#8403 = CARTESIAN_POINT ( 'NONE',  ( 18.91548308395086764, -3.295804044935393584, -26.29634816116374907 ) ) ;
#8404 = ORIENTED_EDGE ( 'NONE', *, *, #9117, .F. ) ;
#8405 = DIRECTION ( 'NONE',  ( -0.000000000000000000, -0.000000000000000000, 1.000000000000000000 ) ) ;
#8406 = ORIENTED_EDGE ( 'NONE', *, *, #11599, .F. ) ;
#8407 = DIRECTION ( 'NONE',  ( 1.000000000000000000, 0.000000000000000000, 0.000000000000000000 ) ) ;
#8408 = CARTESIAN_POINT ( 'NONE',  ( 18.76400763978411135, 5.054395724685537772, -33.59634816116375333 ) ) ;
#8409 = B_SPLINE_CURVE_WITH_KNOTS ( 'NONE', 3,
 ( #4875, #250, #7654, #10629, #10505, #2378, #8695, #6743 ),
 .UNSPECIFIED., .F., .F.,
 ( 4, 2, 2, 4 ),
 ( 0.000000000000000000, 0.0002734111411466464423, 0.0005468222822932928846, 0.001093644564586588154 ),
 .UNSPECIFIED. ) ;
#8410 = CARTESIAN_POINT ( 'NONE',  ( 18.28202816129767783, -3.845146068701754682, -33.77951444777792744 ) ) ;
#8411 = LINE ( 'NONE', #11137, #1521 ) ;
#8412 = EDGE_CURVE ( 'NONE', #686, #9795, #738, .T. ) ;
#8413 = DIRECTION ( 'NONE',  ( -0.000000000000000000, -0.000000000000000000, 1.000000000000000000 ) ) ;
#8414 = EDGE_CURVE ( 'NONE', #10129, #10481, #5693, .T. ) ;
#8415 = ORIENTED_EDGE ( 'NONE', *, *, #3427, .F. ) ;
#8416 = CYLINDRICAL_SURFACE ( 'NONE', #6077, 0.7000000000000000666 ) ;
#8417 = ORIENTED_EDGE ( 'NONE', *, *, #7164, .T. ) ;
#8418 = EDGE_CURVE ( 'NONE', #492, #3914, #9079, .T. ) ;
#8419 = VERTEX_POINT ( 'NONE', #1847 ) ;
#8420 = DIRECTION ( 'NONE',  ( -0.000000000000000000, 0.000000000000000000, 1.000000000000000000 ) ) ;
#8421 = CARTESIAN_POINT ( 'NONE',  ( 12.99616139583835128, 14.12227687627104089, -26.37236415740901307 ) ) ;
#8422 = LINE ( 'NONE', #9387, #2132 ) ;
#8423 = CARTESIAN_POINT ( 'NONE',  ( 10.07425525387379928, 16.99959533051945471, -26.99634816116374836 ) ) ;
#8424 = DIRECTION ( 'NONE',  ( -0.8523920528607157321, 0.5229032302633966900, -0.000000000000000000 ) ) ;
#8425 = EDGE_CURVE ( 'NONE', #9351, #7590, #2665, .T. ) ;
#8426 = EDGE_CURVE ( 'NONE', #3162, #6322, #2050, .T. ) ;
#8427 = CARTESIAN_POINT ( 'NONE',  ( 18.29576878560969533, 4.863974468644397753, -33.96250492026806711 ) ) ;
#8428 = EDGE_CURVE ( 'NONE', #1264, #7194, #1903, .T. ) ;
#8429 = DIRECTION ( 'NONE',  ( -0.1569032754149119191, 0.9876139742652855213, 0.000000000000000000 ) ) ;
#8430 = EDGE_CURVE ( 'NONE', #7733, #7177, #318, .T. ) ;
#8431 = EDGE_CURVE ( 'NONE', #3653, #11436, #202, .T. ) ;
#8432 = CARTESIAN_POINT ( 'NONE',  ( -17.52226697299722247, -7.553208842425282121, -33.59634816116375333 ) ) ;
#8433 = EDGE_LOOP ( 'NONE', ( #11562, #10168, #1281, #8714 ) ) ;
#8434 = VERTEX_POINT ( 'NONE', #6757 ) ;
#8435 = FACE_OUTER_BOUND ( 'NONE', #5164, .T. ) ;
#8436 = PLANE ( 'NONE',  #11644 ) ;
#8437 = DIRECTION ( 'NONE',  ( -0.000000000000000000, -0.000000000000000000, 1.000000000000000000 ) ) ;
#8438 = CARTESIAN_POINT ( 'NONE',  ( -7.881631028044929543, -16.53055957847349688, -26.99634816116374836 ) ) ;
#8439 = CARTESIAN_POINT ( 'NONE',  ( 17.52226697299715497, 8.628281833901814579, -33.59634816116375333 ) ) ;
#8440 = CARTESIAN_POINT ( 'NONE',  ( 4.516859228947406102, 19.30154413552229897, -33.59634816116375333 ) ) ;
#8441 = EDGE_LOOP ( 'NONE', ( #6251, #9532, #10577, #7066, #2570, #216 ) ) ;
#8442 = EDGE_LOOP ( 'NONE', ( #7091, #7332, #10829, #4676 ) ) ;
#8443 = CARTESIAN_POINT ( 'NONE',  ( 0.000000000000000000, 0.5375364957382021691, -21.29634816116374907 ) ) ;
#8444 = ORIENTED_EDGE ( 'NONE', *, *, #7445, .T. ) ;
#8445 = EDGE_LOOP ( 'NONE', ( #3336, #4511 ) ) ;
#8446 = CARTESIAN_POINT ( 'NONE',  ( -0.7693927526465210720, 19.82219451168907298, -26.99634816116374836 ) ) ;
#8447 = CARTESIAN_POINT ( 'NONE',  ( 6.495811729277748192, -17.10458472702124055, -26.99634816116374836 ) ) ;
#8448 = CARTESIAN_POINT ( 'NONE',  ( -16.08584744898852392, 11.20222176291194316, -26.29634816116374907 ) ) ;
#8449 = CARTESIAN_POINT ( 'NONE',  ( -17.34934370704284490, -6.702954608839872819, -34.29634816116375617 ) ) ;
#8450 = DIRECTION ( 'NONE',  ( 0.7340002190031269524, -0.6791492313942213421, 0.000000000000000000 ) ) ;
#8451 = FACE_OUTER_BOUND ( 'NONE', #9223, .T. ) ;
#8452 = CARTESIAN_POINT ( 'NONE',  ( 16.09602657359683420, -10.13339319513816505, -26.99634816116374836 ) ) ;
#8453 = CARTESIAN_POINT ( 'NONE',  ( -0.5375364957382043896, 0.5375364957381999487, -34.29634816116375617 ) ) ;
#8454 = CARTESIAN_POINT ( 'NONE',  ( -17.30000000000004334, 0.5375364957382011699, -44.29634816116374907 ) ) ;
#8455 = ORIENTED_EDGE ( 'NONE', *, *, #3325, .F. ) ;
#8456 = AXIS2_PLACEMENT_3D ( 'NONE', #10269, #6624, #5661 ) ;
#8457 = ORIENTED_EDGE ( 'NONE', *, *, #1765, .F. ) ;
#8458 = CARTESIAN_POINT ( 'NONE',  ( -4.326437972906005847, 18.83330528134793980, -33.96250492026807422 ) ) ;
#8459 = ORIENTED_EDGE ( 'NONE', *, *, #11966, .F. ) ;
#8460 = DIRECTION ( 'NONE',  ( 0.3465623512410411777, -0.9380269381538470785, 0.000000000000000000 ) ) ;
#8461 = VERTEX_POINT ( 'NONE', #4884 ) ;
#8462 = FACE_OUTER_BOUND ( 'NONE', #7210, .T. ) ;
#8463 = FACE_OUTER_BOUND ( 'NONE', #4204, .T. ) ;
#8464 = CARTESIAN_POINT ( 'NONE',  ( -11.28212201404748960, -15.12148503325865079, -26.64370081747365759 ) ) ;
#8465 = CARTESIAN_POINT ( 'NONE',  ( 3.716678047685282316, -17.89099417793287117, -26.29634816116374907 ) ) ;
#8466 = ADVANCED_FACE ( 'NONE', ( #7737 ), #5725, .F. ) ;
#8467 = AXIS2_PLACEMENT_3D ( 'NONE', #1657, #10757, #1537 ) ;
#8468 = DIRECTION ( 'NONE',  ( -0.2329837807837510377, -0.9724806208309290101, 0.000000000000000000 ) ) ;
#8469 = VERTEX_POINT ( 'NONE', #11437 ) ;
#8470 = AXIS2_PLACEMENT_3D ( 'NONE', #9260, #9497, #1003 ) ;
#8471 = CARTESIAN_POINT ( 'NONE',  ( 6.669092904898398899, 18.64867118757452502, -34.29634816116375617 ) ) ;
#8472 = ORIENTED_EDGE ( 'NONE', *, *, #11097, .F. ) ;
#8473 = EDGE_LOOP ( 'NONE', ( #6137, #10765, #954, #4604 ) ) ;
#8474 = CARTESIAN_POINT ( 'NONE',  ( 13.46674711338437902, -13.28892037130031412, -26.29634816116374907 ) ) ;
#8475 = VECTOR ( 'NONE', #8656, 999.9999999999998863 ) ;
#8476 = DIRECTION ( 'NONE',  ( -0.9724806208309322297, -0.2329837807837371599, -0.000000000000000000 ) ) ;
#8477 = FACE_OUTER_BOUND ( 'NONE', #5325, .T. ) ;
#8478 = CARTESIAN_POINT ( 'NONE',  ( 4.137545402711651832, 18.87644474910711523, -26.43662391211885421 ) ) ;
#8479 = CARTESIAN_POINT ( 'NONE',  ( -15.55187027908989883, 11.10032842800241504, -26.29634816116374907 ) ) ;
#8480 = CARTESIAN_POINT ( 'NONE',  ( -14.16803286791285821, -12.56811408098567817, -26.81318386950226795 ) ) ;
#8481 = CARTESIAN_POINT ( 'NONE',  ( 13.59795948890244510, -13.15864902206824816, -26.29634816116374907 ) ) ;
#8482 = AXIS2_PLACEMENT_3D ( 'NONE', #666, #7282, #2661 ) ;
#8483 = VECTOR ( 'NONE', #7089, 1000.000000000000000 ) ;
#8484 = CARTESIAN_POINT ( 'NONE',  ( -18.91548308395084632, 4.370877036411926042, -34.29634816116375617 ) ) ;
#8485 = AXIS2_PLACEMENT_3D ( 'NONE', #2440, #5183, #4152 ) ;
#8486 = FACE_OUTER_BOUND ( 'NONE', #4882, .T. ) ;
#8487 = ADVANCED_FACE ( 'NONE', ( #2871 ), #8643, .F. ) ;
#8488 = CIRCLE ( 'NONE', #11981, 19.30000000000008598 ) ;
#8489 = VECTOR ( 'NONE', #9197, 1000.000000000000000 ) ;
#8491 = DIRECTION ( 'NONE',  ( -0.9724806208309274558, 0.2329837807837575325, 0.000000000000000000 ) ) ;
#8490 = AXIS2_PLACEMENT_3D ( 'NONE', #2030, #6693, #5731 ) ;
#8492 = VERTEX_POINT ( 'NONE', #9368 ) ;
#8493 = CARTESIAN_POINT ( 'NONE',  ( -18.27776732936868243, -3.862830842817130073, -33.78124828719859352 ) ) ;
#8494 = CARTESIAN_POINT ( 'NONE',  ( 3.337138337175893810, 19.54727526276530369, -34.22032890332828714 ) ) ;
#8495 = VECTOR ( 'NONE', #9425, 1000.000000000000000 ) ;
#8496 = EDGE_CURVE ( 'NONE', #8953, #9201, #3819, .T. ) ;
#8497 = CARTESIAN_POINT ( 'NONE',  ( 8.090745338163552347, -16.98473047725898866, -33.68879736725453711 ) ) ;
#8498 = FACE_BOUND ( 'NONE', #260, .T. ) ;
#8499 = CARTESIAN_POINT ( 'NONE',  ( 6.981632217273099350, -17.45589207846066060, -26.37236741899921100 ) ) ;
#8500 = DIRECTION ( 'NONE',  ( -0.03878550529304181094, -0.9992475592060074963, 0.000000000000000000 ) ) ;
#8501 = AXIS2_PLACEMENT_3D ( 'NONE', #9231, #8215, #1947 ) ;
#8502 = CARTESIAN_POINT ( 'NONE',  ( -11.06000805719603619, -14.66497096308320103, -33.68879833100302790 ) ) ;
#8503 = VECTOR ( 'NONE', #5521, 1000.000000000000000 ) ;
#8504 = EDGE_LOOP ( 'NONE', ( #6822, #5892, #3501, #4192 ) ) ;
#8505 = ADVANCED_FACE ( 'NONE', ( #2024 ), #5790, .F. ) ;
#8506 = VERTEX_POINT ( 'NONE', #7550 ) ;
#8507 = CARTESIAN_POINT ( 'NONE',  ( 17.36085610837815452, -6.708255274007155045, -26.99634816116374836 ) ) ;
#8508 = ORIENTED_EDGE ( 'NONE', *, *, #11042, .T. ) ;
#8509 = ORIENTED_EDGE ( 'NONE', *, *, #1363, .T. ) ;
#8510 = FACE_OUTER_BOUND ( 'NONE', #5991, .T. ) ;
#8511 = AXIS2_PLACEMENT_3D ( 'NONE', #288, #2830, #2179 ) ;
#8512 = LINE ( 'NONE', #1893, #6150 ) ;
#8513 = CARTESIAN_POINT ( 'NONE',  ( -7.148038225218081188, -16.85010244781599198, -26.29634816116374907 ) ) ;
#8514 = CARTESIAN_POINT ( 'NONE',  ( 7.411132711160666631, -16.74060729268927261, -26.29634816116375262 ) ) ;
#8515 = B_SPLINE_CURVE_WITH_KNOTS ( 'NONE', 3,
 ( #3195, #4113, #3321, #4234, #3381, #2287, #6001, #5275 ),
 .UNSPECIFIED., .F., .F.,
 ( 4, 2, 2, 4 ),
 ( 0.000000000000000000, 0.0002734144572333959290, 0.0005468289144667918579, 0.001093657828933583716 ),
 .UNSPECIFIED. ) ;
#8516 = CARTESIAN_POINT ( 'NONE',  ( -16.28564101209518711, -9.820289390866840051, -26.37236741899920744 ) ) ;
#8517 = VECTOR ( 'NONE', #9396, 1000.000000000000114 ) ;
#8518 = DIRECTION ( 'NONE',  ( -0.6791492313942264492, -0.7340002190031222895, 0.000000000000000000 ) ) ;
#8519 = PLANE ( 'NONE',  #2593 ) ;
#8520 = FACE_OUTER_BOUND ( 'NONE', #7889, .T. ) ;
#8521 = CARTESIAN_POINT ( 'NONE',  ( -16.46205883478114984, 10.61179174961218052, -33.68879736725453711 ) ) ;
#8522 = B_SPLINE_CURVE_WITH_KNOTS ( 'NONE', 3,
 ( #8079, #442, #11545, #10868, #2323, #1766, #8253, #4148 ),
 .UNSPECIFIED., .F., .F.,
 ( 4, 2, 2, 4 ),
 ( 0.000000000000000000, 0.0002734140155771850309, 0.0005468280311543700619, 0.001093656062308725379 ),
 .UNSPECIFIED. ) ;
#8523 = EDGE_CURVE ( 'NONE', #1889, #9766, #11249, .T. ) ;
#8524 = AXIS2_PLACEMENT_3D ( 'NONE', #11021, #1684, #9094 ) ;
#8525 = ORIENTED_EDGE ( 'NONE', *, *, #1303, .F. ) ;
#8526 = EDGE_LOOP ( 'NONE', ( #10643, #9740, #9549, #5894 ) ) ;
#8527 = DIRECTION ( 'NONE',  ( -0.8523920528607266123, -0.5229032302633787044, 0.000000000000000000 ) ) ;
#8528 = VERTEX_POINT ( 'NONE', #3121 ) ;
#8529 = CARTESIAN_POINT ( 'NONE',  ( -0.7499999999999998890, 19.32257073208607068, -26.90389799132447379 ) ) ;
#8530 = ORIENTED_EDGE ( 'NONE', *, *, #5254, .T. ) ;
#8531 = DIRECTION ( 'NONE',  ( 0.000000000000000000, 0.000000000000000000, 1.000000000000000000 ) ) ;
#8532 = VERTEX_POINT ( 'NONE', #2082 ) ;
#8533 = AXIS2_PLACEMENT_3D ( 'NONE', #1331, #3998, #5942 ) ;
#8534 = CARTESIAN_POINT ( 'NONE',  ( 18.91548308395089606, 4.370877036411657812, -26.29634816116374907 ) ) ;
#8535 = DIRECTION ( 'NONE',  ( 1.000000000000000000, 0.000000000000000000, 0.000000000000000000 ) ) ;
#8536 = CARTESIAN_POINT ( 'NONE',  ( 18.94258358435489598, 4.234633620474245852, -34.29634816116375617 ) ) ;
#8537 = ADVANCED_FACE ( 'NONE', ( #7605 ), #3967, .F. ) ;
#8538 = LINE ( 'NONE', #1371, #7903 ) ;
#8539 = AXIS2_PLACEMENT_3D ( 'NONE', #8378, #1826, #11109 ) ;
#8540 = ORIENTED_EDGE ( 'NONE', *, *, #32, .T. ) ;
#8541 = ORIENTED_EDGE ( 'NONE', *, *, #9230, .F. ) ;
#8542 = CARTESIAN_POINT ( 'NONE',  ( -2.929189417950816221, -18.03286631665460149, -26.99634816116374836 ) ) ;
#8543 = ORIENTED_EDGE ( 'NONE', *, *, #9462, .F. ) ;
#8544 = ORIENTED_EDGE ( 'NONE', *, *, #5906, .F. ) ;
#8545 = CARTESIAN_POINT ( 'NONE',  ( 17.66003484619611186, -7.248979381289295532, -26.37236741899921455 ) ) ;
#8546 = CARTESIAN_POINT ( 'NONE',  ( 19.28540651163792319, 1.288754218050184308, -33.77951245282524440 ) ) ;
#8547 = CARTESIAN_POINT ( 'NONE',  ( -16.00867175329660697, -10.24265036234578830, -26.29634816116374907 ) ) ;
#8548 = DIRECTION ( 'NONE',  ( -0.4182286202377304418, 0.9083417975707406278, -0.000000000000000000 ) ) ;
#8549 = FACE_OUTER_BOUND ( 'NONE', #3150, .T. ) ;
#8550 = CARTESIAN_POINT ( 'NONE',  ( 9.599999999999988987, 0.5375364957382021691, -41.89634816116375760 ) ) ;
#8551 = LINE ( 'NONE', #3992, #2666 ) ;
#8552 = CARTESIAN_POINT ( 'NONE',  ( 19.06139814055717352, 3.563149377883815472, -26.81318386950226795 ) ) ;
#8553 = DIRECTION ( 'NONE',  ( 0.9380269381538495210, 0.3465623512410343499, -0.000000000000000000 ) ) ;
#8554 = EDGE_CURVE ( 'NONE', #3707, #979, #10278, .T. ) ;
#8555 = CARTESIAN_POINT ( 'NONE',  ( 15.50070862376852610, 11.17524752131592969, -34.27817972094533872 ) ) ;
#8556 = ORIENTED_EDGE ( 'NONE', *, *, #3739, .T. ) ;
#8557 = FACE_OUTER_BOUND ( 'NONE', #8303, .T. ) ;
#8558 = CARTESIAN_POINT ( 'NONE',  ( 16.46205883478120668, -9.536718758135661389, -26.99634816116374836 ) ) ;
#8559 = CARTESIAN_POINT ( 'NONE',  ( -3.171291354520100469E-15, 0.5375364957382012809, -26.29634816116374907 ) ) ;
#8560 = FACE_OUTER_BOUND ( 'NONE', #9012, .T. ) ;
#8561 = CARTESIAN_POINT ( 'NONE',  ( 18.79007683886263536, -0.07219109952563439181, -34.02662676194078273 ) ) ;
#8562 = CARTESIAN_POINT ( 'NONE',  ( -18.44805341594531356, 4.156067090193616309, -26.29634816116374907 ) ) ;
#8563 = EDGE_CURVE ( 'NONE', #5322, #11575, #10901, .T. ) ;
#8564 = PLANE ( 'NONE',  #2507 ) ;
#8565 = EDGE_CURVE ( 'NONE', #11912, #11439, #10008, .T. ) ;
#8566 = VERTEX_POINT ( 'NONE', #11615 ) ;
#8567 = ORIENTED_EDGE ( 'NONE', *, *, #3405, .F. ) ;
#8568 = CARTESIAN_POINT ( 'NONE',  ( 15.65902152899689348, -10.74458551830923270, -26.64370081747365759 ) ) ;
#8569 = ORIENTED_EDGE ( 'NONE', *, *, #7451, .F. ) ;
#8570 = EDGE_CURVE ( 'NONE', #8506, #3924, #8884, .T. ) ;
#8571 = ORIENTED_EDGE ( 'NONE', *, *, #10939, .T. ) ;
#8572 = FACE_BOUND ( 'NONE', #2913, .T. ) ;
#8573 = CARTESIAN_POINT ( 'NONE',  ( -10.99859508848302880, -14.70989368345893489, -26.63019140205943458 ) ) ;
#8574 = CARTESIAN_POINT ( 'NONE',  ( -0.2840405426658278998, 1.154438076891077136, -26.29634816116374907 ) ) ;
#8576 = B_SPLINE_CURVE_WITH_KNOTS ( 'NONE', 3,
 ( #9068, #8333, #9013, #10890, #10942, #7297, #4453, #10026 ),
 .UNSPECIFIED., .F., .F.,
 ( 4, 2, 2, 4 ),
 ( 0.000000000000000000, 0.0002734115678465716729, 0.0005468231356931433458, 0.001093646271386294064 ),
 .UNSPECIFIED. ) ;
#8575 = CARTESIAN_POINT ( 'NONE',  ( 13.19234697301724424, 13.93138672356545626, -34.29634816116376328 ) ) ;
#8577 = DIRECTION ( 'NONE',  ( -0.3826834323650873393, 0.9238795325112877377, 0.000000000000000000 ) ) ;
#8578 = DIRECTION ( 'NONE',  ( 0.8523920528607230596, 0.5229032302633845886, 0.000000000000000000 ) ) ;
#8579 = CARTESIAN_POINT ( 'NONE',  ( 12.75269500745304541, -13.27581868349481198, -34.29634816116375617 ) ) ;
#8580 = EDGE_CURVE ( 'NONE', #3163, #10540, #7708, .T. ) ;
#8581 = CARTESIAN_POINT ( 'NONE',  ( 18.76400763978407582, -3.979322733209272211, -26.99634816116374836 ) ) ;
#8582 = EDGE_CURVE ( 'NONE', #8461, #9745, #2090, .T. ) ;
#8583 = DIRECTION ( 'NONE',  ( -0.9724806208309290101, 0.2329837807837510377, -0.000000000000000000 ) ) ;
#8584 = EDGE_CURVE ( 'NONE', #3340, #6769, #1546, .T. ) ;
#8585 = AXIS2_PLACEMENT_3D ( 'NONE', #11866, #3773, #7471 ) ;
#8586 = ORIENTED_EDGE ( 'NONE', *, *, #7600, .T. ) ;
#8587 = EDGE_LOOP ( 'NONE', ( #4122, #9310, #7780, #5974 ) ) ;
#8588 = CARTESIAN_POINT ( 'NONE',  ( -11.06000805719603797, -14.66497096308320458, -33.59634816116375333 ) ) ;
#8589 = EDGE_LOOP ( 'NONE', ( #4176, #11499, #3351, #11169 ) ) ;
#8590 = ORIENTED_EDGE ( 'NONE', *, *, #9727, .F. ) ;
#8591 = EDGE_CURVE ( 'NONE', #11575, #10697, #2264, .T. ) ;
#8592 = CARTESIAN_POINT ( 'NONE',  ( -3.716678047685161523, 18.96606716940929616, -26.29634816116374907 ) ) ;
#8593 = VERTEX_POINT ( 'NONE', #8951 ) ;
#8594 = CARTESIAN_POINT ( 'NONE',  ( -3.198396408832238080E-15, 0.5375364957382012809, -26.29634816116374907 ) ) ;
#8595 = DIRECTION ( 'NONE',  ( -0.1950903220161252505, 0.9807852804032309857, 0.000000000000000000 ) ) ;
#8596 = VECTOR ( 'NONE', #10789, 1000.000000000000114 ) ;
#8597 = CARTESIAN_POINT ( 'NONE',  ( -4.400367338555658314, -17.74023083363039888, -26.99634816116374836 ) ) ;
#8598 = B_SPLINE_CURVE_WITH_KNOTS ( 'NONE', 3,
 ( #11488, #8575, #307, #248, #7785, #3041, #6742, #10562 ),
 .UNSPECIFIED., .F., .F.,
 ( 4, 2, 2, 4 ),
 ( 0.000000000000000000, 0.0002734144572333965795, 0.0005468289144667931589, 0.001093657828933583716 ),
 .UNSPECIFIED. ) ;
#8599 = CARTESIAN_POINT ( 'NONE',  ( -10.09619242343907963, 16.39667521075201151, -34.22033216491849572 ) ) ;
#8600 = B_SPLINE_CURVE_WITH_KNOTS ( 'NONE', 3,
 ( #5288, #11714, #728, #9048, #5157, #7227, #3400, #9764 ),
 .UNSPECIFIED., .F., .F.,
 ( 4, 2, 2, 4 ),
 ( 0.000000000000000000, 0.0002734115678465779070, 0.0005468231356931558141, 0.001093646271386296883 ),
 .UNSPECIFIED. ) ;
#8601 = ORIENTED_EDGE ( 'NONE', *, *, #5010, .F. ) ;
#8602 = VERTEX_POINT ( 'NONE', #571 ) ;
#8603 = VECTOR ( 'NONE', #9292, 999.9999999999998863 ) ;
#8604 = DIRECTION ( 'NONE',  ( 1.000000000000000000, 0.000000000000000000, 0.000000000000000000 ) ) ;
#8605 = ORIENTED_EDGE ( 'NONE', *, *, #9966, .T. ) ;
#8606 = CARTESIAN_POINT ( 'NONE',  ( -13.19234697301706127, 13.93138672356564989, -26.29634816116375262 ) ) ;
#8607 = EDGE_CURVE ( 'NONE', #2191, #11910, #5252, .T. ) ;
#8608 = ORIENTED_EDGE ( 'NONE', *, *, #4712, .T. ) ;
#8609 = CARTESIAN_POINT ( 'NONE',  ( 3.606360615585460838, 19.49782947467464922, -26.29634816116375262 ) ) ;
#8610 = CARTESIAN_POINT ( 'NONE',  ( 19.28465801595087470, 1.306929248384651965, -33.68879736725453711 ) ) ;
#8611 = CARTESIAN_POINT ( 'NONE',  ( 0.4612451346027747756, 0.03903923745880982094, -26.29634816116374907 ) ) ;
#8612 = CARTESIAN_POINT ( 'NONE',  ( -6.495811729277623847, 18.17965771849769396, -33.59634816116375333 ) ) ;
#8613 = CARTESIAN_POINT ( 'NONE',  ( 17.38763894355421868, -6.610501729479815403, -26.29634816116374907 ) ) ;
#8614 = CARTESIAN_POINT ( 'NONE',  ( 19.29987502093280582, 0.4680802046111885439, -26.29634816116374907 ) ) ;
#8615 = VECTOR ( 'NONE', #2839, 1000.000000000000114 ) ;
#8616 = CARTESIAN_POINT ( 'NONE',  ( -13.32864793594279895, -12.72035106979308239, -34.29634816116375617 ) ) ;
#8617 = DIRECTION ( 'NONE',  ( -0.1950903220161252782, 0.9807852804032310967, 0.000000000000000000 ) ) ;
#8618 = CARTESIAN_POINT ( 'NONE',  ( -18.91548308395093159, -3.295804044935118693, -34.29634816116375617 ) ) ;
#8619 = ORIENTED_EDGE ( 'NONE', *, *, #10184, .T. ) ;
#8620 = CARTESIAN_POINT ( 'NONE',  ( 10.77707886381062963, -14.86669769574244171, -34.20801078711517107 ) ) ;
#8621 = CARTESIAN_POINT ( 'NONE',  ( -19.06420979952550354, -2.470104559919733322, -34.29634816116375617 ) ) ;
#8622 = CARTESIAN_POINT ( 'NONE',  ( 18.11113469183629832, -6.131556409160264565, -33.59634816116375333 ) ) ;
#8623 = CARTESIAN_POINT ( 'NONE',  ( 0.000000000000000000, 0.5375364957382021691, -41.89634816116375760 ) ) ;
#8624 = DIRECTION ( 'NONE',  ( -1.047444401652940007E-14, -1.000000000000000000, 0.000000000000000000 ) ) ;
#8625 = EDGE_CURVE ( 'NONE', #1162, #5950, #10824, .T. ) ;
#8626 = CARTESIAN_POINT ( 'NONE',  ( -18.78829290281653286, -0.1241206612735254594, -26.64369750929288827 ) ) ;
#8627 = ORIENTED_EDGE ( 'NONE', *, *, #6007, .F. ) ;
#8628 = ORIENTED_EDGE ( 'NONE', *, *, #8146, .F. ) ;
#8629 = CARTESIAN_POINT ( 'NONE',  ( -7.321573171451645656, -17.31980278801520967, -26.29634816116374907 ) ) ;
#8630 = VERTEX_POINT ( 'NONE', #11674 ) ;
#8631 = ORIENTED_EDGE ( 'NONE', *, *, #7172, .F. ) ;
#8632 = CARTESIAN_POINT ( 'NONE',  ( 6.748308259772461959, 18.08447849473249036, -34.15607241020865104 ) ) ;
#8633 = CARTESIAN_POINT ( 'NONE',  ( 0.000000000000000000, 0.5375364957382021691, -21.29634816116374907 ) ) ;
#8634 = CARTESIAN_POINT ( 'NONE',  ( 0.7499999999999937828, -18.24749774060966701, -33.78124828719859352 ) ) ;
#8635 = DIRECTION ( 'NONE',  ( -0.9807852804032304306, 0.1950903220161287199, 0.000000000000000000 ) ) ;
#8636 = FACE_OUTER_BOUND ( 'NONE', #1309, .T. ) ;
#8637 = CARTESIAN_POINT ( 'NONE',  ( 18.76400763978411135, 5.054395724685537772, -34.29634816116375617 ) ) ;
#8638 = CARTESIAN_POINT ( 'NONE',  ( -3.719630903973619951, 18.97839247165550347, -34.29634816116375617 ) ) ;
#8639 = DIRECTION ( 'NONE',  ( 1.000000000000000000, 0.000000000000000000, 0.000000000000000000 ) ) ;
#8640 = DIRECTION ( 'NONE',  ( 1.000000000000000000, 0.000000000000000000, 0.000000000000000000 ) ) ;
#8641 = ORIENTED_EDGE ( 'NONE', *, *, #854, .F. ) ;
#8642 = VERTEX_POINT ( 'NONE', #6939 ) ;
#8643 = PLANE ( 'NONE',  #2470 ) ;
#8644 = ADVANCED_FACE ( 'NONE', ( #6154 ), #11732, .T. ) ;
#8645 = ORIENTED_EDGE ( 'NONE', *, *, #36, .T. ) ;
#8646 = ORIENTED_EDGE ( 'NONE', *, *, #8341, .T. ) ;
#8647 = CARTESIAN_POINT ( 'NONE',  ( 7.881631028044678189, -16.53055957847361412, -26.99634816116374836 ) ) ;
#8648 = ORIENTED_EDGE ( 'NONE', *, *, #8066, .T. ) ;
#8649 = DIRECTION ( 'NONE',  ( 0.000000000000000000, 0.000000000000000000, -1.000000000000000000 ) ) ;
#8650 = EDGE_CURVE ( 'NONE', #7118, #11247, #2514, .T. ) ;
#8651 = CARTESIAN_POINT ( 'NONE',  ( -18.79646519144480266, 4.917840295113532711, -26.56607335038743400 ) ) ;
#8652 = CARTESIAN_POINT ( 'NONE',  ( 11.35370864137657954, 16.14469190877660765, -34.29634816116375617 ) ) ;
#8653 = CARTESIAN_POINT ( 'NONE',  ( 0.5272078826995580947, 0.4326683276892119290, -26.29634816116374907 ) ) ;
#8654 = ORIENTED_EDGE ( 'NONE', *, *, #10751, .T. ) ;
#8655 = VERTEX_POINT ( 'NONE', #3416 ) ;
#8656 = DIRECTION ( 'NONE',  ( -0.5874011683613152845, -0.8092959084338446907, -0.000000000000000000 ) ) ;
#8657 = EDGE_LOOP ( 'NONE', ( #6363, #3478, #8867, #8556 ) ) ;
#8658 = LINE ( 'NONE', #6837, #1501 ) ;
#8659 = VERTEX_POINT ( 'NONE', #9914 ) ;
#8660 = CARTESIAN_POINT ( 'NONE',  ( 9.932237400578932451, -15.42458791078518487, -34.02662676194078273 ) ) ;
#8661 = EDGE_CURVE ( 'NONE', #5363, #11565, #505, .T. ) ;
#8662 = CARTESIAN_POINT ( 'NONE',  ( -2.929189417950423646, 19.10793930813106201, -34.29634816116375617 ) ) ;
#8663 = CARTESIAN_POINT ( 'NONE',  ( 18.79836378309494194, 0.7707376558857609306, -34.27817972094533161 ) ) ;
#8664 = CARTESIAN_POINT ( 'NONE',  ( -18.11113469183639069, -6.131556409159991894, -33.78124629862855954 ) ) ;
#8665 = VECTOR ( 'NONE', #11192, 1000.000000000000114 ) ;
#8666 = CARTESIAN_POINT ( 'NONE',  ( -7.823042886243204208, -13.76246350426183618, -44.29634816116374907 ) ) ;
#8667 = DIRECTION ( 'NONE',  ( -0.000000000000000000, -0.000000000000000000, 1.000000000000000000 ) ) ;
#8668 = DIRECTION ( 'NONE',  ( -0.000000000000000000, 0.000000000000000000, 1.000000000000000000 ) ) ;
#8669 = AXIS2_PLACEMENT_3D ( 'NONE', #2406, #7757, #7937 ) ;
#8670 = B_SPLINE_CURVE_WITH_KNOTS ( 'NONE', 3,
 ( #10355, #3751, #9449, #1140, #10126, #5574, #5638, #1994 ),
 .UNSPECIFIED., .F., .F.,
 ( 4, 2, 2, 4 ),
 ( 0.000000000000000000, 0.0002734111411466464423, 0.0005468222822932928846, 0.001093644564586588154 ),
 .UNSPECIFIED. ) ;
#8671 = VECTOR ( 'NONE', #3585, 1000.000000000000000 ) ;
#8672 = CARTESIAN_POINT ( 'NONE',  ( 0.2353682975069878447, 1.174598780947015086, -33.59634816116375333 ) ) ;
#8673 = CARTESIAN_POINT ( 'NONE',  ( -4.516859228947537552, -18.22647114404586688, -33.59634816116375333 ) ) ;
#8674 = ORIENTED_EDGE ( 'NONE', *, *, #1869, .T. ) ;
#8675 = DIRECTION ( 'NONE',  ( 0.000000000000000000, 0.000000000000000000, -1.000000000000000000 ) ) ;
#8676 = CARTESIAN_POINT ( 'NONE',  ( -7.151839091317004460, -17.38865607364847676, -26.31451759764529541 ) ) ;
#8677 = DIRECTION ( 'NONE',  ( -1.000000000000000000, 0.000000000000000000, 0.000000000000000000 ) ) ;
#8678 = CARTESIAN_POINT ( 'NONE',  ( -13.81335517923306000, -12.21515851171479916, -34.29634816116375617 ) ) ;
#8679 = CARTESIAN_POINT ( 'NONE',  ( 15.99631580435071143, -9.340272050562660411, -33.96250492026806711 ) ) ;
#8680 = CONICAL_SURFACE ( 'NONE', #10403, 16.30000000000003268, 0.7853981633974517207 ) ;
#8681 = DIRECTION ( 'NONE',  ( -0.5874011683613039603, 0.8092959084338527953, -0.000000000000000000 ) ) ;
#8682 = VECTOR ( 'NONE', #8279, 1000.000000000000000 ) ;
#8683 = B_SPLINE_CURVE_WITH_KNOTS ( 'NONE', 3,
 ( #5233, #11594, #10555, #4138, #11718, #7051, #6079, #10748 ),
 .UNSPECIFIED., .F., .F.,
 ( 4, 2, 2, 4 ),
 ( 0.000000000000000000, 0.0002734111411466462254, 0.0005468222822932924509, 0.001093644564586587287 ),
 .UNSPECIFIED. ) ;
#8684 = ORIENTED_EDGE ( 'NONE', *, *, #2582, .F. ) ;
#8685 = AXIS2_PLACEMENT_3D ( 'NONE', #10196, #5653, #2852 ) ;
#8686 = VERTEX_POINT ( 'NONE', #7065 ) ;
#8687 = CYLINDRICAL_SURFACE ( 'NONE', #7333, 0.6999999999999997335 ) ;
#8688 = ORIENTED_EDGE ( 'NONE', *, *, #2113, .T. ) ;
#8689 = ORIENTED_EDGE ( 'NONE', *, *, #2013, .F. ) ;
#8690 = DIRECTION ( 'NONE',  ( 0.000000000000000000, 0.000000000000000000, 1.000000000000000000 ) ) ;
#8691 = ADVANCED_FACE ( 'NONE', ( #7007 ), #5067, .T. ) ;
#8692 = DIRECTION ( 'NONE',  ( -0.000000000000000000, 0.000000000000000000, 1.000000000000000000 ) ) ;
#8693 = CARTESIAN_POINT ( 'NONE',  ( 10.98836408587613356, -14.71676109909317098, -26.64369750929288472 ) ) ;
#8694 = CYLINDRICAL_SURFACE ( 'NONE', #6840, 0.7000000000000008438 ) ;
#8695 = CARTESIAN_POINT ( 'NONE',  ( -13.46674711338428487, 14.36399336277680128, -26.29634816116374196 ) ) ;
#8696 = AXIS2_PLACEMENT_3D ( 'NONE', #6930, #5289, #8147 ) ;
#8697 = CARTESIAN_POINT ( 'NONE',  ( -10.67092969087608267, 16.63356306933523143, -34.29634816116375617 ) ) ;
#8698 = CARTESIAN_POINT ( 'NONE',  ( -3.144186300207962859E-15, 0.5375364957382012809, -26.29634816116374907 ) ) ;
#8699 = CIRCLE ( 'NONE', #5990, 19.30000000000008242 ) ;
#8700 = VECTOR ( 'NONE', #7382, 1000.000000000000000 ) ;
#8701 = DIRECTION ( 'NONE',  ( 0.000000000000000000, 0.000000000000000000, 1.000000000000000000 ) ) ;
#8702 = VECTOR ( 'NONE', #4645, 1000.000000000000000 ) ;
#8703 = CARTESIAN_POINT ( 'NONE',  ( -11.35370864137636460, 16.14469190877676397, -26.99634816116374836 ) ) ;
#8704 = AXIS2_PLACEMENT_3D ( 'NONE', #5695, #9391, #4777 ) ;
#8705 = VERTEX_POINT ( 'NONE', #8766 ) ;
#8706 = ORIENTED_EDGE ( 'NONE', *, *, #11996, .T. ) ;
#8707 = CIRCLE ( 'NONE', #6958, 19.30000000000008598 ) ;
#8708 = CARTESIAN_POINT ( 'NONE',  ( 18.08042785669373487, -6.214452907714316687, -33.94899550485385475 ) ) ;
#8709 = ORIENTED_EDGE ( 'NONE', *, *, #10125, .F. ) ;
#8710 = ORIENTED_EDGE ( 'NONE', *, *, #11008, .F. ) ;
#8711 = CARTESIAN_POINT ( 'NONE',  ( 0.2543532060676785833, 19.83674611060290971, -26.29634816116375617 ) ) ;
#8712 = VECTOR ( 'NONE', #6723, 1000.000000000000227 ) ;
#8713 = EDGE_CURVE ( 'NONE', #8642, #4375, #447, .T. ) ;
#8714 = ORIENTED_EDGE ( 'NONE', *, *, #7476, .F. ) ;
#8715 = DIRECTION ( 'NONE',  ( 1.000000000000000000, 0.000000000000000000, 0.000000000000000000 ) ) ;
#8716 = CARTESIAN_POINT ( 'NONE',  ( 15.28463140216492988, -10.40864083932915563, -34.02662676194078273 ) ) ;
#8717 = PLANE ( 'NONE',  #143 ) ;
#8718 = AXIS2_PLACEMENT_3D ( 'NONE', #8205, #3465, #10874 ) ;
#8719 = ADVANCED_FACE ( 'NONE', ( #6035, #9847 ), #3540, .T. ) ;
#8720 = DIRECTION ( 'NONE',  ( -0.000000000000000000, 0.000000000000000000, 1.000000000000000000 ) ) ;
#8721 = B_SPLINE_CURVE_WITH_KNOTS ( 'NONE', 3,
 ( #3124, #2213, #135, #2086, #9609, #5004, #8711, #3913 ),
 .UNSPECIFIED., .F., .F.,
 ( 4, 2, 2, 4 ),
 ( 0.000000000000000000, 0.0002734111411466470928, 0.0005468222822932941856, 0.001093644564586588154 ),
 .UNSPECIFIED. ) ;
#8722 = ORIENTED_EDGE ( 'NONE', *, *, #6203, .T. ) ;
#8723 = ADVANCED_FACE ( 'NONE', ( #2793 ), #11060, .F. ) ;
#8724 = VERTEX_POINT ( 'NONE', #11965 ) ;
#8725 = AXIS2_PLACEMENT_3D ( 'NONE', #4969, #8675, #5039 ) ;
#8726 = DIRECTION ( 'NONE',  ( -1.000000000000000000, 0.000000000000000000, 0.000000000000000000 ) ) ;
#8727 = ORIENTED_EDGE ( 'NONE', *, *, #10928, .F. ) ;
#8728 = DIRECTION ( 'NONE',  ( -0.000000000000000000, 0.000000000000000000, 1.000000000000000000 ) ) ;
#8729 = ORIENTED_EDGE ( 'NONE', *, *, #32, .F. ) ;
#8730 = CARTESIAN_POINT ( 'NONE',  ( 17.52226697299710167, -7.553208842425543246, -33.59634816116375333 ) ) ;
#8731 = CARTESIAN_POINT ( 'NONE',  ( 18.79557684664591477, 0.1348568903408730590, -26.38468553521233773 ) ) ;
#8732 = CARTESIAN_POINT ( 'NONE',  ( -15.60715541303828680, 11.89124513711495013, -26.99634816116374836 ) ) ;
#8733 = CARTESIAN_POINT ( 'NONE',  ( 19.06420979952543959, -2.470104559920009102, -26.81145002369892083 ) ) ;
#8734 = CARTESIAN_POINT ( 'NONE',  ( -0.7512177223120601877, -18.74787001589971069, -26.81318386950226795 ) ) ;
#8735 = CARTESIAN_POINT ( 'NONE',  ( 12.75269500745304896, -13.27581868349481375, -33.59634816116375333 ) ) ;
#8736 = EDGE_CURVE ( 'NONE', #3969, #8883, #6333, .T. ) ;
#8737 = EDGE_CURVE ( 'NONE', #10697, #7040, #1479, .T. ) ;
#8738 = ORIENTED_EDGE ( 'NONE', *, *, #4345, .F. ) ;
#8739 = DIRECTION ( 'NONE',  ( 0.9724806208309336730, 0.2329837807837315811, 0.000000000000000000 ) ) ;
#8740 = VECTOR ( 'NONE', #3870, 1000.000000000000000 ) ;
#8741 = CARTESIAN_POINT ( 'NONE',  ( -6.669092904898531238, -17.57359819609807161, -33.59634816116375333 ) ) ;
#8742 = EDGE_LOOP ( 'NONE', ( #7392, #11029, #7411, #6882 ) ) ;
#8743 = CARTESIAN_POINT ( 'NONE',  ( 10.56279193226393964, -15.01433378335187641, -34.29634816116376328 ) ) ;
#8744 = CARTESIAN_POINT ( 'NONE',  ( 3.437090728611121193, -17.94611974861199855, -34.29634816116376328 ) ) ;
#8745 = LINE ( 'NONE', #8622, #4087 ) ;
#8746 = CARTESIAN_POINT ( 'NONE',  ( 0.3551304480341252456, -0.04136673934162322930, -33.59634816116375333 ) ) ;
#8747 = FACE_OUTER_BOUND ( 'NONE', #7792, .T. ) ;
#8748 = CARTESIAN_POINT ( 'NONE',  ( 0.7500000000000003331, 19.32257073208607423, -33.68879833100304211 ) ) ;
#8749 = ORIENTED_EDGE ( 'NONE', *, *, #3746, .T. ) ;
#8750 = CARTESIAN_POINT ( 'NONE',  ( 18.56757163774439334, 3.484695064318689806, -33.77951444777792744 ) ) ;
#8751 = DIRECTION ( 'NONE',  ( 0.000000000000000000, 0.000000000000000000, 1.000000000000000000 ) ) ;
#8752 = ORIENTED_EDGE ( 'NONE', *, *, #484, .F. ) ;
#8753 = VERTEX_POINT ( 'NONE', #4559 ) ;
#8754 = EDGE_CURVE ( 'NONE', #11912, #5279, #8266, .T. ) ;
#8755 = CARTESIAN_POINT ( 'NONE',  ( -18.79372633854091035, 1.017836607144063210, -26.43662391211885065 ) ) ;
#8756 = CARTESIAN_POINT ( 'NONE',  ( -10.56279193226416702, -15.01433378335173074, -26.29634816116374907 ) ) ;
#8757 = CARTESIAN_POINT ( 'NONE',  ( 10.48605614883624604, -15.06589469563873607, -26.29634816116374907 ) ) ;
#8758 = CYLINDRICAL_SURFACE ( 'NONE', #2583, 0.6999999999999995115 ) ;
#8759 = LINE ( 'NONE', #1351, #4291 ) ;
#8760 = CARTESIAN_POINT ( 'NONE',  ( -3.184081677783118191E-15, 0.5375364957382012809, -21.29634816116374907 ) ) ;
#8761 = DIRECTION ( 'NONE',  ( 0.000000000000000000, -0.000000000000000000, -1.000000000000000000 ) ) ;
#8762 = CARTESIAN_POINT ( 'NONE',  ( -13.57521732419824012, -12.46820586921595364, -26.38468553521233773 ) ) ;
#8763 = CARTESIAN_POINT ( 'NONE',  ( -17.99342857419874520, 7.519168713011612937, -34.22032890332828003 ) ) ;
#8764 = ORIENTED_EDGE ( 'NONE', *, *, #5342, .T. ) ;
#8765 = ORIENTED_EDGE ( 'NONE', *, *, #1615, .T. ) ;
#8766 = CARTESIAN_POINT ( 'NONE',  ( 19.06420979952545380, -2.470104559920010434, -33.59634816116375333 ) ) ;
#8767 = VERTEX_POINT ( 'NONE', #5306 ) ;
#8768 = VERTEX_POINT ( 'NONE', #5361 ) ;
#8769 = CARTESIAN_POINT ( 'NONE',  ( 7.148038225217825392, -16.85010244781609501, -26.29634816116374907 ) ) ;
#8770 = EDGE_LOOP ( 'NONE', ( #7529, #6069, #7621, #9913 ) ) ;
#8771 = CARTESIAN_POINT ( 'NONE',  ( -10.66468526717335052, 16.62338394472698866, -34.29634816116375617 ) ) ;
#8772 = CARTESIAN_POINT ( 'NONE',  ( 7.449911663004169959, 18.34171623571604925, -26.29634816116374907 ) ) ;
#8773 = CARTESIAN_POINT ( 'NONE',  ( 15.50030883325545084, -10.10199201400853219, -34.29634816116377749 ) ) ;
#8774 = CARTESIAN_POINT ( 'NONE',  ( 18.51557923247863258, -2.721099402757430230, -26.37236415740902729 ) ) ;
#8775 = AXIS2_PLACEMENT_3D ( 'NONE', #8959, #6228, #2521 ) ;
#8776 = CARTESIAN_POINT ( 'NONE',  ( 16.00867175329652881, 11.31772335382229322, -34.29634816116375617 ) ) ;
#8777 = ADVANCED_FACE ( 'NONE', ( #3481 ), #2624, .F. ) ;
#8778 = EDGE_LOOP ( 'NONE', ( #8231, #5834, #4011, #10230 ) ) ;
#8779 = ORIENTED_EDGE ( 'NONE', *, *, #5247, .F. ) ;
#8780 = CARTESIAN_POINT ( 'NONE',  ( 10.24991166914487728, 16.29736436527401011, -34.27817972094532450 ) ) ;
#8781 = ORIENTED_EDGE ( 'NONE', *, *, #5247, .T. ) ;
#8782 = DIRECTION ( 'NONE',  ( -0.9083417975707304137, 0.4182286202377525908, 0.000000000000000000 ) ) ;
#8783 = ORIENTED_EDGE ( 'NONE', *, *, #1749, .T. ) ;
#8784 = CARTESIAN_POINT ( 'NONE',  ( -8.090745338163806366, -16.98473047725886786, -33.59634816116375333 ) ) ;
#8785 = CIRCLE ( 'NONE', #3934, 9.599999999999988987 ) ;
#8786 = LINE ( 'NONE', #466, #1748 ) ;
#8787 = PLANE ( 'NONE',  #2338 ) ;
#8788 = CARTESIAN_POINT ( 'NONE',  ( -19.30000000000008598, 0.5375364957382036124, -101.8849916687654371 ) ) ;
#8789 = LINE ( 'NONE', #11395, #7702 ) ;
#8790 = CARTESIAN_POINT ( 'NONE',  ( -7.449911663004298745, -17.26664324423959229, -26.29634816116374907 ) ) ;
#8791 = VECTOR ( 'NONE', #912, 1000.000000000000000 ) ;
#8792 = ORIENTED_EDGE ( 'NONE', *, *, #8048, .T. ) ;
#8793 = CARTESIAN_POINT ( 'NONE',  ( 0.6786403541991896660, 0.5638777250035289512, -33.59634816116375333 ) ) ;
#8794 = B_SPLINE_CURVE_WITH_KNOTS ( 'NONE', 3,
 ( #10520, #6829, #10583, #11682, #8716, #5074, #8773, #9613 ),
 .UNSPECIFIED., .F., .F.,
 ( 4, 2, 2, 4 ),
 ( 0.000000000000000000, 0.0002734140155771864404, 0.0005468280311543728808, 0.001093656062308727981 ),
 .UNSPECIFIED. ) ;
#8795 = EDGE_CURVE ( 'NONE', #8434, #7648, #8576, .T. ) ;
#8796 = CARTESIAN_POINT ( 'NONE',  ( -4.516859228947535776, -18.22647114404585977, -33.78124629862856665 ) ) ;
#8797 = VERTEX_POINT ( 'NONE', #1721 ) ;
#8799 = EDGE_CURVE ( 'NONE', #6938, #851, #684, .T. ) ;
#8798 = CARTESIAN_POINT ( 'NONE',  ( 0.6707393889858672686, 0.6440975710408952670, -33.59634816116375333 ) ) ;
#8800 = CARTESIAN_POINT ( 'NONE',  ( 3.258635898495422900, -17.97804273674046627, -34.22033216491848862 ) ) ;
#8801 = ADVANCED_FACE ( 'NONE', ( #2571 ), #8220, .F. ) ;
#8802 = CARTESIAN_POINT ( 'NONE',  ( 16.45258368036186525, -9.552246585484713393, -33.77951245282524440 ) ) ;
#8803 = CYLINDRICAL_SURFACE ( 'NONE', #4221, 0.6999999999999999556 ) ;
#8804 = LINE ( 'NONE', #10612, #8096 ) ;
#8805 = EDGE_CURVE ( 'NONE', #9067, #10844, #10995, .T. ) ;
#8806 = CARTESIAN_POINT ( 'NONE',  ( -14.12894836719737057, -12.61082850900620755, -33.96250106665635116 ) ) ;
#8807 = EDGE_CURVE ( 'NONE', #8071, #8097, #9970, .T. ) ;
#8808 = ORIENTED_EDGE ( 'NONE', *, *, #3225, .F. ) ;
#8809 = CARTESIAN_POINT ( 'NONE',  ( 18.57040281239283175, 3.466725913688818217, -26.81144803512891528 ) ) ;
#8810 = DIRECTION ( 'NONE',  ( 0.5229032302633875862, 0.8523920528607212832, -0.000000000000000000 ) ) ;
#8811 = ORIENTED_EDGE ( 'NONE', *, *, #6045, .T. ) ;
#8812 = VERTEX_POINT ( 'NONE', #9133 ) ;
#8813 = FACE_OUTER_BOUND ( 'NONE', #5444, .T. ) ;
#8814 = EDGE_CURVE ( 'NONE', #1379, #7260, #11757, .T. ) ;
#8815 = DIRECTION ( 'NONE',  ( -0.1569032754149136677, -0.9876139742652854103, 0.000000000000000000 ) ) ;
#8816 = DIRECTION ( 'NONE',  ( 0.9876139742652858544, 0.1569032754149101705, 0.000000000000000000 ) ) ;
#8817 = CARTESIAN_POINT ( 'NONE',  ( -16.09602657359677025, 11.20846618661467708, -26.99634816116374836 ) ) ;
#8818 = FACE_OUTER_BOUND ( 'NONE', #10070, .T. ) ;
#8819 = CARTESIAN_POINT ( 'NONE',  ( -0.4161881913414065548, -18.25799940038741198, -34.22033216491848862 ) ) ;
#8820 = CARTESIAN_POINT ( 'NONE',  ( -3.184843881676169275E-15, 0.5375364957382012809, -34.29634816116375617 ) ) ;
#8821 = DIRECTION ( 'NONE',  ( -0.5874011683613181711, -0.8092959084338425813, 0.000000000000000000 ) ) ;
#8822 = ORIENTED_EDGE ( 'NONE', *, *, #2354, .T. ) ;
#8823 = EDGE_LOOP ( 'NONE', ( #1463, #9104, #6791, #11061 ) ) ;
#8824 = CARTESIAN_POINT ( 'NONE',  ( -3.515623137886306537, -18.44046606681513722, -34.29634816116376328 ) ) ;
#8825 = VERTEX_POINT ( 'NONE', #11291 ) ;
#8826 = ORIENTED_EDGE ( 'NONE', *, *, #2048, .T. ) ;
#8827 = CARTESIAN_POINT ( 'NONE',  ( -0.4966189663903671225, 0.3318301845276023232, -34.29634816116375617 ) ) ;
#8828 = ORIENTED_EDGE ( 'NONE', *, *, #10221, .F. ) ;
#8829 = CYLINDRICAL_SURFACE ( 'NONE', #5405, 5.599999999999997868 ) ;
#8830 = CARTESIAN_POINT ( 'NONE',  ( -12.75269500745296014, 14.35089167497130447, -26.99634816116374836 ) ) ;
#8831 = CARTESIAN_POINT ( 'NONE',  ( 0.000000000000000000, 0.000000000000000000, -34.29634816116375617 ) ) ;
#8832 = CYLINDRICAL_SURFACE ( 'NONE', #6957, 0.6999999999999999556 ) ;
#8833 = CARTESIAN_POINT ( 'NONE',  ( -7.992049606106891524, -14.42897195459641679, -44.96285661149832436 ) ) ;
#8834 = ORIENTED_EDGE ( 'NONE', *, *, #5088, .F. ) ;
#8835 = VERTEX_POINT ( 'NONE', #11421 ) ;
#8836 = CARTESIAN_POINT ( 'NONE',  ( 0.000000000000000000, 0.5375364957382021691, -37.09634816116376044 ) ) ;
#8837 = EDGE_LOOP ( 'NONE', ( #11231, #6806, #10198, #2385, #2133, #10397, #4179, #6990 ) ) ;
#8838 = CARTESIAN_POINT ( 'NONE',  ( -18.57040281239285662, -2.391652922212283094, -26.99634816116374836 ) ) ;
#8839 = ORIENTED_EDGE ( 'NONE', *, *, #2597, .F. ) ;
#8840 = B_SPLINE_CURVE_WITH_KNOTS ( 'NONE', 3,
 ( #4067, #10490, #5042, #7826, #7704, #6857, #2124, #4787 ),
 .UNSPECIFIED., .F., .F.,
 ( 4, 2, 2, 4 ),
 ( 0.000000000000000000, 0.0002734111411466473639, 0.0005468222822932947277, 0.001093644564586589455 ),
 .UNSPECIFIED. ) ;
#8841 = CARTESIAN_POINT ( 'NONE',  ( -19.06420979952543959, 3.545177551396542448, -33.59634816116375333 ) ) ;
#8842 = DIRECTION ( 'NONE',  ( -0.000000000000000000, -0.000000000000000000, 1.000000000000000000 ) ) ;
#8843 = EDGE_CURVE ( 'NONE', #9161, #4951, #3791, .T. ) ;
#8844 = DIRECTION ( 'NONE',  ( 0.03878550529304181094, -0.9992475592060074963, 0.000000000000000000 ) ) ;
#8845 = CARTESIAN_POINT ( 'NONE',  ( 19.00715700617221771, -2.812861236702276280, -26.38468825395369777 ) ) ;
#8846 = FACE_OUTER_BOUND ( 'NONE', #2654, .T. ) ;
#8847 = DIRECTION ( 'NONE',  ( -0.000000000000000000, -0.000000000000000000, 1.000000000000000000 ) ) ;
#8848 = VERTEX_POINT ( 'NONE', #1951 ) ;
#8849 = DIRECTION ( 'NONE',  ( -0.000000000000000000, -0.000000000000000000, 1.000000000000000000 ) ) ;
#8850 = VECTOR ( 'NONE', #7542, 1000.000000000000114 ) ;
#8851 = CARTESIAN_POINT ( 'NONE',  ( -4.254108880452229791, -18.28789122047820825, -34.15606879818030706 ) ) ;
#8852 = ORIENTED_EDGE ( 'NONE', *, *, #6559, .T. ) ;
#8853 = CARTESIAN_POINT ( 'NONE',  ( -10.66468526717335230, 16.62338394472698511, -26.29634816116374907 ) ) ;
#8854 = CARTESIAN_POINT ( 'NONE',  ( 2.947158568580415583, -18.03003514200620216, -33.77951444777792744 ) ) ;
#8855 = CARTESIAN_POINT ( 'NONE',  ( 18.91548308395089606, 4.370877036411658700, -34.29634816116375617 ) ) ;
#8856 = CARTESIAN_POINT ( 'NONE',  ( -14.18035528873435069, 13.62980611888860771, -26.81145002369893149 ) ) ;
#8857 = DIRECTION ( 'NONE',  ( -0.000000000000000000, -0.000000000000000000, 1.000000000000000000 ) ) ;
#8858 = B_SPLINE_CURVE_WITH_KNOTS ( 'NONE', 3,
 ( #11601, #7963, #6085, #3471, #5238, #2501, #5417, #7894 ),
 .UNSPECIFIED., .F., .F.,
 ( 4, 2, 2, 4 ),
 ( 1.355252715606880543E-20, 0.0002734144572333939774, 0.0005468289144667879548, 0.001093657828933583282 ),
 .UNSPECIFIED. ) ;
#8859 = AXIS2_PLACEMENT_3D ( 'NONE', #10364, #1828, #2787 ) ;
#8860 = ADVANCED_FACE ( 'NONE', ( #7532 ), #3105, .F. ) ;
#8862 = ORIENTED_EDGE ( 'NONE', *, *, #10886, .T. ) ;
#8861 = ADVANCED_FACE ( 'NONE', ( #1160 ), #11168, .F. ) ;
#8863 = VECTOR ( 'NONE', #8424, 1000.000000000000114 ) ;
#8864 = CARTESIAN_POINT ( 'NONE',  ( 10.36908797339809141, 16.81571812093071472, -26.38468825395369777 ) ) ;
#8865 = DIRECTION ( 'NONE',  ( 0.03878550529304181788, 0.9992475592060076073, 0.000000000000000000 ) ) ;
#8866 = ORIENTED_EDGE ( 'NONE', *, *, #10572, .T. ) ;
#8867 = ORIENTED_EDGE ( 'NONE', *, *, #4909, .T. ) ;
#8868 = CARTESIAN_POINT ( 'NONE',  ( -11.23996884221695680, 16.22693627692836316, -34.02662297194007124 ) ) ;
#8869 = AXIS2_PLACEMENT_3D ( 'NONE', #1435, #9563, #7026 ) ;
#8870 = CARTESIAN_POINT ( 'NONE',  ( -8.010415650541537147, -17.02163414216498083, -26.64370081747365049 ) ) ;
#8871 = DIRECTION ( 'NONE',  ( 0.000000000000000000, 0.000000000000000000, -1.000000000000000000 ) ) ;
#8872 = CARTESIAN_POINT ( 'NONE',  ( 6.994133160419172768, 18.52584613720114959, -26.38468825395369777 ) ) ;
#8873 = CARTESIAN_POINT ( 'NONE',  ( 0.2986392761938067575, 0.09059123402828839211, -26.29634816116374907 ) ) ;
#8874 = FACE_BOUND ( 'NONE', #6966, .T. ) ;
#8875 = CARTESIAN_POINT ( 'NONE',  ( -3.198396408832238080E-15, 0.5375364957382012809, -34.29634816116375617 ) ) ;
#8876 = VECTOR ( 'NONE', #5227, 1000.000000000000114 ) ;
#8877 = B_SPLINE_CURVE_WITH_KNOTS ( 'NONE', 3,
 ( #10667, #6713, #6846, #5146, #1386, #11519, #224, #5090 ),
 .UNSPECIFIED., .F., .F.,
 ( 4, 2, 2, 4 ),
 ( 0.000000000000000000, 0.0002734144572333949532, 0.0005468289144667899063, 0.001093657828933584149 ),
 .UNSPECIFIED. ) ;
#8878 = VECTOR ( 'NONE', #3620, 1000.000000000000000 ) ;
#8879 = CARTESIAN_POINT ( 'NONE',  ( -10.39999999999998792, 0.5375364957382033904, -41.89634816116375760 ) ) ;
#8880 = EDGE_CURVE ( 'NONE', #5681, #4837, #1044, .T. ) ;
#8881 = VECTOR ( 'NONE', #5250, 1000.000000000000114 ) ;
#8882 = VERTEX_POINT ( 'NONE', #8388 ) ;
#8883 = VERTEX_POINT ( 'NONE', #3034 ) ;
#8884 = LINE ( 'NONE', #391, #918 ) ;
#8885 = ORIENTED_EDGE ( 'NONE', *, *, #1611, .T. ) ;
#8886 = ORIENTED_EDGE ( 'NONE', *, *, #7858, .F. ) ;
#8887 = AXIS2_PLACEMENT_3D ( 'NONE', #7615, #11318, #6695 ) ;
#8888 = CARTESIAN_POINT ( 'NONE',  ( -18.55636403081268782, -2.478934016534671159, -33.94899881303460631 ) ) ;
#8889 = VECTOR ( 'NONE', #9603, 1000.000000000000114 ) ;
#8890 = ORIENTED_EDGE ( 'NONE', *, *, #11730, .T. ) ;
#8891 = DIRECTION ( 'NONE',  ( -1.000000000000000000, 0.000000000000000000, 0.000000000000000000 ) ) ;
#8892 = DIRECTION ( 'NONE',  ( -0.000000000000000000, -0.000000000000000000, 1.000000000000000000 ) ) ;
#8893 = CARTESIAN_POINT ( 'NONE',  ( -8.074651695274550178, -14.76246350426184151, -45.29634816116374907 ) ) ;
#8894 = VECTOR ( 'NONE', #10644, 999.9999999999998863 ) ;
#8895 = CARTESIAN_POINT ( 'NONE',  ( 0.1048681680489843421, 1.064744378437762817, -26.29634816116374907 ) ) ;
#8896 = DIRECTION ( 'NONE',  ( -0.000000000000000000, -0.000000000000000000, 1.000000000000000000 ) ) ;
#8897 = EDGE_CURVE ( 'NONE', #2368, #506, #1710, .T. ) ;
#8898 = CARTESIAN_POINT ( 'NONE',  ( 13.34556455061084002, 14.48002871371355127, -26.38468825395369066 ) ) ;
#8899 = AXIS2_PLACEMENT_3D ( 'NONE', #5194, #8896, #4289 ) ;
#8900 = B_SPLINE_CURVE_WITH_KNOTS ( 'NONE', 3,
 ( #10033, #10098, #9303, #3598, #11972, #3662, #10949, #6340 ),
 .UNSPECIFIED., .F., .F.,
 ( 4, 2, 2, 4 ),
 ( 0.000000000000000000, 0.0002734115678465778528, 0.0005468231356931557057, 0.001093646271386296449 ),
 .UNSPECIFIED. ) ;
#8901 = VECTOR ( 'NONE', #11113, 1000.000000000000000 ) ;
#8902 = ORIENTED_EDGE ( 'NONE', *, *, #11962, .T. ) ;
#8903 = AXIS2_PLACEMENT_3D ( 'NONE', #9974, #2796, #8269 ) ;
#8904 = ORIENTED_EDGE ( 'NONE', *, *, #11940, .T. ) ;
#8905 = CARTESIAN_POINT ( 'NONE',  ( -16.03586280835078171, 10.35034013448047396, -33.78124828719857931 ) ) ;
#8906 = ORIENTED_EDGE ( 'NONE', *, *, #10872, .T. ) ;
#8907 = CARTESIAN_POINT ( 'NONE',  ( -10.84058986862895679, 15.89710840335210484, -34.15607241020865104 ) ) ;
#8908 = EDGE_LOOP ( 'NONE', ( #4944, #2452, #9199, #1054, #11909, #11422, #10258, #215 ) ) ;
#8909 = LINE ( 'NONE', #5272, #7517 ) ;
#8910 = B_SPLINE_CURVE_WITH_KNOTS ( 'NONE', 3,
 ( #8344, #7424, #1902, #4696, #10451, #8763, #1172, #9543 ),
 .UNSPECIFIED., .F., .F.,
 ( 4, 2, 2, 4 ),
 ( 0.000000000000000000, 0.0002734111411466461170, 0.0005468222822932922340, 0.001093644564586586203 ),
 .UNSPECIFIED. ) ;
#8911 = CARTESIAN_POINT ( 'NONE',  ( -9.812803638742224166, -15.49832631261261362, -26.99634816116374836 ) ) ;
#8912 = ADVANCED_FACE ( 'NONE', ( #5595 ), #113, .F. ) ;
#8913 = DIRECTION ( 'NONE',  ( -0.000000000000000000, 0.000000000000000000, 1.000000000000000000 ) ) ;
#8914 = CARTESIAN_POINT ( 'NONE',  ( 0.7693927526465210720, 19.82219451168907298, -34.29634816116375617 ) ) ;
#8915 = VECTOR ( 'NONE', #7453, 999.9999999999998863 ) ;
#8916 = DIRECTION ( 'NONE',  ( 0.1569032754149101982, -0.9876139742652859654, 0.000000000000000000 ) ) ;
#8917 = CIRCLE ( 'NONE', #5230, 4.799999999999999822 ) ;
#8918 = CARTESIAN_POINT ( 'NONE',  ( -13.62879480352594719, 13.48708436770527364, -34.15607241020865104 ) ) ;
#8919 = VERTEX_POINT ( 'NONE', #10259 ) ;
#8920 = LINE ( 'NONE', #4307, #8596 ) ;
#8921 = ORIENTED_EDGE ( 'NONE', *, *, #3405, .T. ) ;
#8922 = CARTESIAN_POINT ( 'NONE',  ( -6.495811729277619406, 18.17965771849768686, -26.81144803512891528 ) ) ;
#8923 = VERTEX_POINT ( 'NONE', #9297 ) ;
#8924 = PLANE ( 'NONE',  #7951 ) ;
#8925 = DIRECTION ( 'NONE',  ( 0.000000000000000000, 0.000000000000000000, -1.000000000000000000 ) ) ;
#8926 = AXIS2_PLACEMENT_3D ( 'NONE', #10921, #5690, #10582 ) ;
#8927 = CARTESIAN_POINT ( 'NONE',  ( 16.13693215493825761, -10.05009625968319931, -26.29634816116374907 ) ) ;
#8928 = CARTESIAN_POINT ( 'NONE',  ( -10.14956831309629415, 16.95330621400708182, -26.64370081747366115 ) ) ;
#8929 = DIRECTION ( 'NONE',  ( -0.7340002190031295060, 0.6791492313942185666, 0.000000000000000000 ) ) ;
#8930 = EDGE_CURVE ( 'NONE', #10790, #10940, #5975, .T. ) ;
#8931 = VECTOR ( 'NONE', #5658, 1000.000000000000000 ) ;
#8932 = EDGE_LOOP ( 'NONE', ( #2985, #11613, #11033, #7798 ) ) ;
#8933 = PLANE ( 'NONE',  #3062 ) ;
#8934 = CARTESIAN_POINT ( 'NONE',  ( 17.42279670759665322, -6.524998280650832427, -34.29634816116375617 ) ) ;
#8935 = VERTEX_POINT ( 'NONE', #8629 ) ;
#8936 = ORIENTED_EDGE ( 'NONE', *, *, #8805, .F. ) ;
#8937 = CARTESIAN_POINT ( 'NONE',  ( -0.1065610753026997454, 1.208275884724071769, -33.59634816116375333 ) ) ;
#8938 = EDGE_CURVE ( 'NONE', #10261, #4698, #5835, .T. ) ;
#8939 = DIRECTION ( 'NONE',  ( 0.000000000000000000, 0.000000000000000000, 1.000000000000000000 ) ) ;
#8940 = PLANE ( 'NONE',  #6225 ) ;
#8941 = FACE_OUTER_BOUND ( 'NONE', #11143, .T. ) ;
#8942 = CYLINDRICAL_SURFACE ( 'NONE', #2916, 0.7000000000000001776 ) ;
#8943 = CARTESIAN_POINT ( 'NONE',  ( 10.51164518946067439, -15.64895471865759546, -34.27817872468220628 ) ) ;
#8944 = LINE ( 'NONE', #1353, #10926 ) ;
#8945 = AXIS2_PLACEMENT_3D ( 'NONE', #3194, #11458, #1135 ) ;
#8946 = EDGE_CURVE ( 'NONE', #2718, #10358, #6616, .T. ) ;
#8947 = CARTESIAN_POINT ( 'NONE',  ( 7.245791769745162370, -16.82331961264002729, -34.29634816116375617 ) ) ;
#8948 = ADVANCED_FACE ( 'NONE', ( #4009 ), #7716, .F. ) ;
#8949 = EDGE_LOOP ( 'NONE', ( #9042, #10905, #8406, #6833 ) ) ;
#8950 = ORIENTED_EDGE ( 'NONE', *, *, #9805, .T. ) ;
#8951 = CARTESIAN_POINT ( 'NONE',  ( -16.46205883478135945, -9.536718758135423357, -33.59634816116375333 ) ) ;
#8952 = ORIENTED_EDGE ( 'NONE', *, *, #346, .T. ) ;
#8953 = VERTEX_POINT ( 'NONE', #184 ) ;
#8954 = CARTESIAN_POINT ( 'NONE',  ( 7.240491104578138604, -16.81180721130461109, -34.29634816116375617 ) ) ;
#8955 = VERTEX_POINT ( 'NONE', #3891 ) ;
#8956 = EDGE_CURVE ( 'NONE', #1837, #4163, #11905, .T. ) ;
#8957 = DIRECTION ( 'NONE',  ( 0.000000000000000000, 0.000000000000000000, -1.000000000000000000 ) ) ;
#8958 = CARTESIAN_POINT ( 'NONE',  ( 6.578676911427440821, -17.07378799989534457, -33.94899881303459921 ) ) ;
#8959 = CARTESIAN_POINT ( 'NONE',  ( 3.698970837643841936, 19.49191400247323358, -26.99634816116374836 ) ) ;
#8960 = EDGE_CURVE ( 'NONE', #8883, #9145, #7841, .T. ) ;
#8961 = ADVANCED_FACE ( 'NONE', ( #2310 ), #8687, .F. ) ;
#8962 = CARTESIAN_POINT ( 'NONE',  ( 4.314357712814427259, -17.76066171942301963, -26.64369750929288116 ) ) ;
#8963 = EDGE_CURVE ( 'NONE', #8, #9394, #7998, .T. ) ;
#8964 = EDGE_CURVE ( 'NONE', #8630, #5025, #747, .T. ) ;
#8965 = CARTESIAN_POINT ( 'NONE',  ( 18.48265378355242916, -2.901122082836439464, -34.27817972094533161 ) ) ;
#8966 = CARTESIAN_POINT ( 'NONE',  ( 0.6604615511865193911, 0.3793052405731777155, -33.59634816116375333 ) ) ;
#8967 = ORIENTED_EDGE ( 'NONE', *, *, #5819, .F. ) ;
#8968 = ADVANCED_FACE ( 'NONE', ( #5108 ), #490, .T. ) ;
#8969 = ORIENTED_EDGE ( 'NONE', *, *, #493, .F. ) ;
#8970 = CARTESIAN_POINT ( 'NONE',  ( -15.85166779588605834, 10.64498364878550518, -34.20801078711517107 ) ) ;
#8971 = EDGE_LOOP ( 'NONE', ( #1885, #4091, #3159, #969 ) ) ;
#8972 = CARTESIAN_POINT ( 'NONE',  ( -14.08484604818950103, 13.73265971861181711, -34.02662297194007124 ) ) ;
#8973 = ORIENTED_EDGE ( 'NONE', *, *, #5033, .F. ) ;
#8974 = DIRECTION ( 'NONE',  ( -0.000000000000000000, -0.000000000000000000, 1.000000000000000000 ) ) ;
#8975 = DIRECTION ( 'NONE',  ( 0.000000000000000000, -0.000000000000000000, -1.000000000000000000 ) ) ;
#8976 = DIRECTION ( 'NONE',  ( 0.000000000000000000, 0.000000000000000000, -1.000000000000000000 ) ) ;
#8977 = FACE_OUTER_BOUND ( 'NONE', #1547, .T. ) ;
#8978 = MECHANICAL_DESIGN_GEOMETRIC_PRESENTATION_REPRESENTATION (  '', ( #640 ), #5859 ) ;
#8979 = DIRECTION ( 'NONE',  ( -0.000000000000000000, 0.000000000000000000, 1.000000000000000000 ) ) ;
#8980 = FACE_BOUND ( 'NONE', #5668, .T. ) ;
#8981 = ADVANCED_FACE ( 'NONE', ( #6134 ), #6078, .T. ) ;
#8982 = EDGE_LOOP ( 'NONE', ( #7795, #9588, #917, #9185 ) ) ;
#8983 = AXIS2_PLACEMENT_3D ( 'NONE', #5505, #11141, #2884 ) ;
#8984 = FACE_OUTER_BOUND ( 'NONE', #5924, .T. ) ;
#8985 = VERTEX_POINT ( 'NONE', #6865 ) ;
#8986 = CARTESIAN_POINT ( 'NONE',  ( 7.786515877027435195, 18.19757134193434212, -26.37236741899921455 ) ) ;
#8987 = ORIENTED_EDGE ( 'NONE', *, *, #8056, .T. ) ;
#8988 = DIRECTION ( 'NONE',  ( -0.000000000000000000, 0.000000000000000000, -1.000000000000000000 ) ) ;
#8989 = CARTESIAN_POINT ( 'NONE',  ( 3.719630903973880187, 18.97839247165545018, -26.99634816116374836 ) ) ;
#8990 = CARTESIAN_POINT ( 'NONE',  ( -2.929189417950817109, -18.03286631665460504, -26.90389799132447024 ) ) ;
#8991 = DIRECTION ( 'NONE',  ( 1.000000000000000000, 0.000000000000000000, 0.000000000000000000 ) ) ;
#8992 = DIRECTION ( 'NONE',  ( 0.4182286202377371032, -0.9083417975707374081, -0.000000000000000000 ) ) ;
#8993 = ADVANCED_FACE ( 'NONE', ( #5048 ), #11481, .T. ) ;
#8994 = AXIS2_PLACEMENT_3D ( 'NONE', #2322, #11727, #5963 ) ;
#8995 = CARTESIAN_POINT ( 'NONE',  ( 14.18035528873453721, 13.62980611888840876, -26.99634816116374836 ) ) ;
#8996 = VECTOR ( 'NONE', #3170, 1000.000000000000000 ) ;
#8997 = CARTESIAN_POINT ( 'NONE',  ( 4.137545402711513276, -17.80137175763074353, -34.15607241020864393 ) ) ;
#8998 = CYLINDRICAL_SURFACE ( 'NONE', #1929, 0.6999999999999994005 ) ;
#8999 = VERTEX_POINT ( 'NONE', #1279 ) ;
#9000 = VERTEX_POINT ( 'NONE', #2246 ) ;
#9001 = B_SPLINE_CURVE_WITH_KNOTS ( 'NONE', 3,
 ( #1528, #8934, #3697, #9957, #7230, #7176, #1650, #904 ),
 .UNSPECIFIED., .F., .F.,
 ( 4, 2, 2, 4 ),
 ( 0.000000000000000000, 0.0002734144572333959290, 0.0005468289144667918579, 0.001093657828933583716 ),
 .UNSPECIFIED. ) ;
#9002 = CARTESIAN_POINT ( 'NONE',  ( -18.11113469183625213, 7.206629400636783700, -26.81145002369893149 ) ) ;
#9003 = PLANE ( 'NONE',  #3435 ) ;
#9004 = CARTESIAN_POINT ( 'NONE',  ( -18.91548308395093159, -3.295804044935118693, -34.29634816116375617 ) ) ;
#9005 = CARTESIAN_POINT ( 'NONE',  ( -6.495811729278003099, -17.10458472702114463, -26.99634816116374836 ) ) ;
#9006 = CARTESIAN_POINT ( 'NONE',  ( -0.5375364957382043896, 0.5375364957381999487, -34.29634816116375617 ) ) ;
#9007 = ADVANCED_FACE ( 'NONE', ( #7779 ), #8933, .F. ) ;
#9008 = CARTESIAN_POINT ( 'NONE',  ( 11.35370864137646585, -15.06961891730028569, -26.81145002369893149 ) ) ;
#9009 = PRODUCT_DEFINITION_FORMATION_WITH_SPECIFIED_SOURCE ( 'ANY', '', #5735, .NOT_KNOWN. ) ;
#9010 = CARTESIAN_POINT ( 'NONE',  ( 0.7693927526465147437, -18.74712152021266931, -26.99634816116374836 ) ) ;
#9011 = EDGE_LOOP ( 'NONE', ( #9943, #8738, #1836, #1771 ) ) ;
#9012 = EDGE_LOOP ( 'NONE', ( #864, #10776, #4481, #11011 ) ) ;
#9013 = CARTESIAN_POINT ( 'NONE',  ( -7.618618407243834767, 18.27038274183274780, -26.31451759764529186 ) ) ;
#9014 = ORIENTED_EDGE ( 'NONE', *, *, #9873, .F. ) ;
#9015 = EDGE_LOOP ( 'NONE', ( #406, #7318, #6169, #5217, #8180, #6503, #4573, #4622 ) ) ;
#9016 = DIRECTION ( 'NONE',  ( 0.000000000000000000, -0.000000000000000000, 1.000000000000000000 ) ) ;
#9017 = ORIENTED_EDGE ( 'NONE', *, *, #9822, .F. ) ;
#9018 = CARTESIAN_POINT ( 'NONE',  ( -18.57040281239285662, -2.391652922212283094, -26.99634816116374836 ) ) ;
#9019 = CARTESIAN_POINT ( 'NONE',  ( -18.11113469183625568, 7.206629400636784588, -34.29634816116375617 ) ) ;
#9020 = CARTESIAN_POINT ( 'NONE',  ( 10.78018685808403809, -15.47113525755836427, -34.29634816116375617 ) ) ;
#9021 = DIRECTION ( 'NONE',  ( 1.000000000000000000, 0.000000000000000000, 0.000000000000000000 ) ) ;
#9022 = LINE ( 'NONE', #6044, #11205 ) ;
#9023 = CARTESIAN_POINT ( 'NONE',  ( 13.59795948890254458, 14.23372201354455235, -26.29634816116374907 ) ) ;
#9024 = EDGE_CURVE ( 'NONE', #5442, #11322, #2907, .T. ) ;
#9025 = ORIENTED_EDGE ( 'NONE', *, *, #8238, .T. ) ;
#9026 = ORIENTED_EDGE ( 'NONE', *, *, #155, .T. ) ;
#9027 = DIRECTION ( 'NONE',  ( -0.5874011683613098445, 0.8092959084338485765, 0.000000000000000000 ) ) ;
#9028 = ORIENTED_EDGE ( 'NONE', *, *, #9508, .F. ) ;
#9029 = LINE ( 'NONE', #769, #5014 ) ;
#9030 = ORIENTED_EDGE ( 'NONE', *, *, #1232, .F. ) ;
#9031 = CARTESIAN_POINT ( 'NONE',  ( -17.52226697299705194, 8.628281833902057940, -34.29634816116375617 ) ) ;
#9032 = EDGE_CURVE ( 'NONE', #6650, #1392, #3211, .T. ) ;
#9033 = CARTESIAN_POINT ( 'NONE',  ( 13.33795071725701575, 13.80403165649348907, -26.99634816116374836 ) ) ;
#9034 = LINE ( 'NONE', #5207, #6030 ) ;
#9035 = FACE_OUTER_BOUND ( 'NONE', #390, .T. ) ;
#9036 = CARTESIAN_POINT ( 'NONE',  ( 0.000000000000000000, 0.5375364957382021691, -44.29634816116374907 ) ) ;
#9037 = ADVANCED_FACE ( 'NONE', ( #11092 ), #670, .F. ) ;
#9038 = CARTESIAN_POINT ( 'NONE',  ( -11.13446341790693417, -15.22691387401855501, -34.15606879818030706 ) ) ;
#9039 = ORIENTED_EDGE ( 'NONE', *, *, #4079, .F. ) ;
#9040 = EDGE_CURVE ( 'NONE', #3922, #2611, #7102, .T. ) ;
#9041 = CARTESIAN_POINT ( 'NONE',  ( 5.599999999999997868, 0.5375364957382021691, -37.89634816116375760 ) ) ;
#9042 = ORIENTED_EDGE ( 'NONE', *, *, #1780, .F. ) ;
#9043 = CARTESIAN_POINT ( 'NONE',  ( -7.240491104578391734, -16.81180721130450806, -34.29634816116375617 ) ) ;
#9044 = ORIENTED_EDGE ( 'NONE', *, *, #7684, .F. ) ;
#9045 = FACE_OUTER_BOUND ( 'NONE', #865, .T. ) ;
#9046 = CYLINDRICAL_SURFACE ( 'NONE', #9879, 11.99999999999998757 ) ;
#9047 = CARTESIAN_POINT ( 'NONE',  ( -19.06420979952543249, 3.545177551396542448, -26.81145002369893149 ) ) ;
#9048 = CARTESIAN_POINT ( 'NONE',  ( 17.98830964146296196, 7.531669656157311543, -34.20800806837381458 ) ) ;
#9049 = CARTESIAN_POINT ( 'NONE',  ( -13.81335517923278999, 13.29023150319149416, -34.29634816116375617 ) ) ;
#9050 = AXIS2_PLACEMENT_3D ( 'NONE', #8831, #5856, #2394 ) ;
#9051 = CARTESIAN_POINT ( 'NONE',  ( 17.73284624609440741, -7.081081911505957116, -34.27817872468219917 ) ) ;
#9052 = DIRECTION ( 'NONE',  ( -0.8523920528607266123, -0.5229032302633787044, 0.000000000000000000 ) ) ;
#9053 = ORIENTED_EDGE ( 'NONE', *, *, #2187, .T. ) ;
#9054 = VERTEX_POINT ( 'NONE', #9333 ) ;
#9055 = CARTESIAN_POINT ( 'NONE',  ( 0.05003513775708197386, -18.26198304561101082, -26.29634816116374907 ) ) ;
#9056 = CARTESIAN_POINT ( 'NONE',  ( -18.39198936750470281, 4.435467734434507925, -34.29634816116376328 ) ) ;
#9057 = LINE ( 'NONE', #9962, #10666 ) ;
#9058 = CARTESIAN_POINT ( 'NONE',  ( -4.178360191849982641, 19.38000152900779227, -26.38468825395369777 ) ) ;
#9059 = FACE_OUTER_BOUND ( 'NONE', #1871, .T. ) ;
#9060 = CARTESIAN_POINT ( 'NONE',  ( 10.93173547524706102, -15.36825936369772094, -26.31451759764529541 ) ) ;
#9061 = CIRCLE ( 'NONE', #3804, 18.30000000000004690 ) ;
#9062 = CARTESIAN_POINT ( 'NONE',  ( 13.59795948890254458, 14.23372201354455235, -26.29634816116374907 ) ) ;
#9063 = AXIS2_PLACEMENT_3D ( 'NONE', #4173, #10785, #7870 ) ;
#9064 = ORIENTED_EDGE ( 'NONE', *, *, #6640, .F. ) ;
#9065 = EDGE_CURVE ( 'NONE', #3075, #10624, #4665, .T. ) ;
#9066 = AXIS2_PLACEMENT_3D ( 'NONE', #667, #2553, #11771 ) ;
#9067 = VERTEX_POINT ( 'NONE', #4373 ) ;
#9068 = CARTESIAN_POINT ( 'NONE',  ( -7.449911663003912388, 18.34171623571615939, -26.29634816116374907 ) ) ;
#9069 = ORIENTED_EDGE ( 'NONE', *, *, #4045, .F. ) ;
#9070 = ORIENTED_EDGE ( 'NONE', *, *, #7037, .F. ) ;
#9071 = CARTESIAN_POINT ( 'NONE',  ( -18.79951954134921266, 0.4875013579813130549, -34.29634816116375617 ) ) ;
#9072 = ORIENTED_EDGE ( 'NONE', *, *, #8048, .F. ) ;
#9073 = CARTESIAN_POINT ( 'NONE',  ( -19.06420979952543959, 3.545177551396542448, -26.99634816116374836 ) ) ;
#9074 = DIRECTION ( 'NONE',  ( -0.000000000000000000, -0.000000000000000000, 1.000000000000000000 ) ) ;
#9075 = CARTESIAN_POINT ( 'NONE',  ( -17.34934370704284490, -6.702954608839873707, -26.29634816116374907 ) ) ;
#9076 = CARTESIAN_POINT ( 'NONE',  ( 18.79007683886264246, 1.147264091001898745, -26.56606956038672251 ) ) ;
#9077 = CIRCLE ( 'NONE', #8107, 8.799999999999993605 ) ;
#9078 = CARTESIAN_POINT ( 'NONE',  ( -11.13446341790659488, 16.30198686549519493, -26.43662752414719108 ) ) ;
#9079 = CIRCLE ( 'NONE', #10024, 19.33712077059221812 ) ;
#9080 = CYLINDRICAL_SURFACE ( 'NONE', #9085, 0.6999999999999999556 ) ;
#9081 = VECTOR ( 'NONE', #9614, 1000.000000000000000 ) ;
#9082 = ORIENTED_EDGE ( 'NONE', *, *, #6675, .F. ) ;
#9083 = EDGE_CURVE ( 'NONE', #2809, #8331, #7174, .T. ) ;
#9084 = ORIENTED_EDGE ( 'NONE', *, *, #10862, .T. ) ;
#9085 = AXIS2_PLACEMENT_3D ( 'NONE', #4465, #5264, #7986 ) ;
#9086 = CARTESIAN_POINT ( 'NONE',  ( 0.3800957012717336436, 0.9176321970099360348, -26.29634816116374907 ) ) ;
#9087 = AXIS2_PLACEMENT_3D ( 'NONE', #2759, #1975, #10338 ) ;
#9088 = VERTEX_POINT ( 'NONE', #10232 ) ;
#9089 = CARTESIAN_POINT ( 'NONE',  ( 7.245791769745291155, 17.89839260411637767, -26.99634816116374836 ) ) ;
#9090 = VERTEX_POINT ( 'NONE', #7444 ) ;
#9091 = B_SPLINE_CURVE_WITH_KNOTS ( 'NONE', 3,
 ( #11836, #3519, #6317, #6376, #2419, #9891, #6128, #1585 ),
 .UNSPECIFIED., .F., .F.,
 ( 4, 2, 2, 4 ),
 ( 0.000000000000000000, 0.0002734111411466472012, 0.0005468222822932944024, 0.001093644564586588588 ),
 .UNSPECIFIED. ) ;
#9092 = CARTESIAN_POINT ( 'NONE',  ( 7.240491104578268278, 17.88688020278095792, -34.29634816116375617 ) ) ;
#9093 = VECTOR ( 'NONE', #5426, 1000.000000000000000 ) ;
#9094 = DIRECTION ( 'NONE',  ( -1.000000000000000000, 0.000000000000000000, -0.000000000000000000 ) ) ;
#9095 = EDGE_CURVE ( 'NONE', #9830, #4390, #5984, .T. ) ;
#9096 = CARTESIAN_POINT ( 'NONE',  ( -16.46205883478136300, -9.536718758135423357, -26.90389895507296458 ) ) ;
#9097 = CARTESIAN_POINT ( 'NONE',  ( -6.748308259772591633, -17.00940550325603695, -34.15607241020864393 ) ) ;
#9098 = ADVANCED_FACE ( 'NONE', ( #11201 ), #5688, .F. ) ;
#9099 = CARTESIAN_POINT ( 'NONE',  ( -16.03586280835099842, -9.275267143003732784, -33.59634816116375333 ) ) ;
#9100 = AXIS2_PLACEMENT_3D ( 'NONE', #2738, #4504, #9294 ) ;
#9101 = FACE_BOUND ( 'NONE', #9187, .T. ) ;
#9102 = CIRCLE ( 'NONE', #10635, 19.30000000000008598 ) ;
#9103 = EDGE_CURVE ( 'NONE', #9552, #1039, #5095, .T. ) ;
#9104 = ORIENTED_EDGE ( 'NONE', *, *, #11530, .F. ) ;
#9105 = CARTESIAN_POINT ( 'NONE',  ( 17.85733928375343282, -6.784036675713378983, -34.29634816116375617 ) ) ;
#9106 = ORIENTED_EDGE ( 'NONE', *, *, #3379, .F. ) ;
#9107 = AXIS2_PLACEMENT_3D ( 'NONE', #5755, #7577, #1146 ) ;
#9108 = CARTESIAN_POINT ( 'NONE',  ( 8.010415650541409249, 18.09670713364143779, -26.64370081747365404 ) ) ;
#9109 = ORIENTED_EDGE ( 'NONE', *, *, #3753, .T. ) ;
#9110 = PLANE ( 'NONE',  #1753 ) ;
#9111 = CARTESIAN_POINT ( 'NONE',  ( 7.199999999999994849, 0.5375364957382021691, -38.69634816116376186 ) ) ;
#9112 = AXIS2_PLACEMENT_3D ( 'NONE', #5052, #433, #4141 ) ;
#9113 = DIRECTION ( 'NONE',  ( -0.000000000000000000, -0.000000000000000000, 1.000000000000000000 ) ) ;
#9114 = EDGE_CURVE ( 'NONE', #2011, #2153, #7270, .T. ) ;
#9115 = CARTESIAN_POINT ( 'NONE',  ( 13.81335517923296763, 13.29023150319130231, -34.29634816116375617 ) ) ;
#9116 = EDGE_CURVE ( 'NONE', #549, #8705, #3464, .T. ) ;
#9117 = EDGE_CURVE ( 'NONE', #6914, #1392, #11178, .T. ) ;
#9118 = VECTOR ( 'NONE', #5500, 1000.000000000000000 ) ;
#9119 = CYLINDRICAL_SURFACE ( 'NONE', #11212, 0.6999999999999999556 ) ;
#9120 = VERTEX_POINT ( 'NONE', #3401 ) ;
#9121 = ORIENTED_EDGE ( 'NONE', *, *, #10191, .T. ) ;
#9122 = CARTESIAN_POINT ( 'NONE',  ( -17.98830964146288380, 7.531669656157558457, -26.38468825395369777 ) ) ;
#9123 = DIRECTION ( 'NONE',  ( 1.000000000000000000, 0.000000000000000000, 0.000000000000000000 ) ) ;
#9124 = DIRECTION ( 'NONE',  ( 0.000000000000000000, -0.000000000000000000, -1.000000000000000000 ) ) ;
#9125 = CARTESIAN_POINT ( 'NONE',  ( -7.999999999999992895, 0.5375364957382031683, -40.29634816116375617 ) ) ;
#9126 = CARTESIAN_POINT ( 'NONE',  ( 15.60715541303836140, -10.81617214563843810, -33.59634816116375333 ) ) ;
#9127 = EDGE_CURVE ( 'NONE', #1475, #9160, #2925, .T. ) ;
#9128 = DIRECTION ( 'NONE',  ( -0.000000000000000000, -0.000000000000000000, 1.000000000000000000 ) ) ;
#9129 = B_SPLINE_CURVE_WITH_KNOTS ( 'NONE', 3,
 ( #7237, #3584, #6387, #9058, #1712, #8088, #7058, #621 ),
 .UNSPECIFIED., .F., .F.,
 ( 4, 2, 2, 4 ),
 ( 0.000000000000000000, 0.0002734115678465738413, 0.0005468231356931476826, 0.001093646271386293630 ),
 .UNSPECIFIED. ) ;
#9130 = EDGE_CURVE ( 'NONE', #8194, #5728, #7125, .T. ) ;
#9131 = VERTEX_POINT ( 'NONE', #7687 ) ;
#9132 = VERTEX_POINT ( 'NONE', #4051 ) ;
#9133 = CARTESIAN_POINT ( 'NONE',  ( -0.7693927526465210720, 19.82219451168907298, -33.59634816116375333 ) ) ;
#9134 = VERTEX_POINT ( 'NONE', #7754 ) ;
#9135 = ORIENTED_EDGE ( 'NONE', *, *, #5091, .F. ) ;
#9136 = DIRECTION ( 'NONE',  ( -0.000000000000000000, -0.000000000000000000, 1.000000000000000000 ) ) ;
#9137 = VECTOR ( 'NONE', #1045, 1000.000000000000000 ) ;
#9138 = CARTESIAN_POINT ( 'NONE',  ( -6.578676911427319141, 18.14886099137179443, -33.94899881303461342 ) ) ;
#9139 = LINE ( 'NONE', #579, #8161 ) ;
#9140 = DIRECTION ( 'NONE',  ( 0.000000000000000000, 0.000000000000000000, -1.000000000000000000 ) ) ;
#9141 = CARTESIAN_POINT ( 'NONE',  ( -17.52226697299722247, -7.553208842425282121, -34.29634816116375617 ) ) ;
#9142 = CARTESIAN_POINT ( 'NONE',  ( -3.171291354520100469E-15, 0.5375364957382012809, -26.29634816116374907 ) ) ;
#9143 = DIRECTION ( 'NONE',  ( -0.7071067811865462405, 0.7071067811865487940, 0.000000000000000000 ) ) ;
#9144 = VERTEX_POINT ( 'NONE', #344 ) ;
#9145 = VERTEX_POINT ( 'NONE', #217 ) ;
#9146 = CARTESIAN_POINT ( 'NONE',  ( 3.833340540673383146, -18.37794658821271199, -26.29634816116374907 ) ) ;
#9147 = ORIENTED_EDGE ( 'NONE', *, *, #1075, .T. ) ;
#9148 = CARTESIAN_POINT ( 'NONE',  ( -13.82645686703827614, 14.00428360912281711, -34.29634816116375617 ) ) ;
#9149 = VERTEX_POINT ( 'NONE', #2225 ) ;
#9150 = DIRECTION ( 'NONE',  ( 0.5874011683613209467, 0.8092959084338404718, 0.000000000000000000 ) ) ;
#9151 = DIRECTION ( 'NONE',  ( -1.000000000000000000, 0.000000000000000000, -0.000000000000000000 ) ) ;
#9152 = B_SPLINE_CURVE_WITH_KNOTS ( 'NONE', 3,
 ( #437, #11487, #2976, #11356, #9480, #6870, #8634, #9596 ),
 .UNSPECIFIED., .F., .F.,
 ( 4, 2, 2, 4 ),
 ( 1.355252715606880392E-20, 0.0002734144572333959290, 0.0005468289144667917495, 0.001093657828933583499 ),
 .UNSPECIFIED. ) ;
#9153 = CYLINDRICAL_SURFACE ( 'NONE', #10277, 19.33712077059222167 ) ;
#9154 = CARTESIAN_POINT ( 'NONE',  ( -7.062534776389098212, -16.88526021185842652, -34.29634816116377038 ) ) ;
#9155 = CARTESIAN_POINT ( 'NONE',  ( 15.60715541303836140, -10.81617214563843277, -33.78124629862856665 ) ) ;
#9156 = EDGE_CURVE ( 'NONE', #4466, #4575, #1316, .T. ) ;
#9157 = CYLINDRICAL_SURFACE ( 'NONE', #11776, 19.33712077059222167 ) ;
#9158 = VERTEX_POINT ( 'NONE', #11326 ) ;
#9159 = DIRECTION ( 'NONE',  ( -0.9380269381538458573, 0.3465623512410445084, 0.000000000000000000 ) ) ;
#9160 = VERTEX_POINT ( 'NONE', #4838 ) ;
#9161 = VERTEX_POINT ( 'NONE', #9437 ) ;
#9162 = CARTESIAN_POINT ( 'NONE',  ( -10.67092969087642551, -15.55849007785860572, -26.99634816116374836 ) ) ;
#9163 = EDGE_LOOP ( 'NONE', ( #8207, #7248, #11078, #9726 ) ) ;
#9164 = DIRECTION ( 'NONE',  ( -0.6791492313942238956, -0.7340002190031247320, 0.000000000000000000 ) ) ;
#9165 = CARTESIAN_POINT ( 'NONE',  ( 4.178360191850249095, 19.38000152900773543, -34.20800806837381458 ) ) ;
#9166 = CARTESIAN_POINT ( 'NONE',  ( -0.06945629112694853835, -18.76233852519460754, -26.29634816116374907 ) ) ;
#9167 = EDGE_CURVE ( 'NONE', #7223, #5475, #6276, .T. ) ;
#9168 = CARTESIAN_POINT ( 'NONE',  ( -13.76188623147742440, -12.27119913045718214, -26.63019140205943458 ) ) ;
#9169 = AXIS2_PLACEMENT_3D ( 'NONE', #9194, #9140, #813 ) ;
#9170 = ADVANCED_FACE ( 'NONE', ( #11266 ), #5026, .F. ) ;
#9171 = EDGE_CURVE ( 'NONE', #7907, #11704, #2866, .T. ) ;
#9172 = EDGE_CURVE ( 'NONE', #8767, #6661, #6177, .T. ) ;
#9173 = CARTESIAN_POINT ( 'NONE',  ( 0.1619042551886968884, -18.76200582393622440, -26.29634816116374907 ) ) ;
#9174 = VERTEX_POINT ( 'NONE', #3076 ) ;
#9175 = ORIENTED_EDGE ( 'NONE', *, *, #7899, .F. ) ;
#9176 = CARTESIAN_POINT ( 'NONE',  ( 3.094935327592837293, -18.51272879646861114, -26.64370081747365404 ) ) ;
#9177 = EDGE_CURVE ( 'NONE', #2191, #8347, #6896, .T. ) ;
#9178 = CARTESIAN_POINT ( 'NONE',  ( 7.236035070372875744, -17.35487371633457698, -34.29634816116374907 ) ) ;
#9179 = FACE_OUTER_BOUND ( 'NONE', #7990, .T. ) ;
#9180 = DIRECTION ( 'NONE',  ( -0.9083417975707316350, 0.4182286202377498152, 0.000000000000000000 ) ) ;
#9181 = DIRECTION ( 'NONE',  ( 0.000000000000000000, -0.000000000000000000, 1.000000000000000000 ) ) ;
#9182 = EDGE_CURVE ( 'NONE', #167, #4103, #2040, .T. ) ;
#9183 = CARTESIAN_POINT ( 'NONE',  ( 18.87843329621033917, -3.475185610682910653, -34.27817872468220628 ) ) ;
#9184 = VECTOR ( 'NONE', #9523, 1000.000000000000114 ) ;
#9185 = ORIENTED_EDGE ( 'NONE', *, *, #4413, .T. ) ;
#9186 = EDGE_CURVE ( 'NONE', #7682, #2066, #2045, .T. ) ;
#9187 = EDGE_LOOP ( 'NONE', ( #9211, #1462, #6395, #6807, #10704, #10822, #4852, #4279 ) ) ;
#9188 = CARTESIAN_POINT ( 'NONE',  ( -4.516859228947138760, 19.30154413552235582, -33.59634816116375333 ) ) ;
#9189 = ORIENTED_EDGE ( 'NONE', *, *, #4776, .F. ) ;
#9190 = EDGE_LOOP ( 'NONE', ( #11370, #9, #995, #10180, #7313, #2266, #11988, #6689 ) ) ;
#9191 = CARTESIAN_POINT ( 'NONE',  ( 0.1582312551650149335, -0.1229250554483287267, -26.29634816116374907 ) ) ;
#9192 = FACE_OUTER_BOUND ( 'NONE', #9311, .T. ) ;
#9193 = CARTESIAN_POINT ( 'NONE',  ( -13.25788756553152226, -12.79111144020435908, -26.29634816116374907 ) ) ;
#9194 = CARTESIAN_POINT ( 'NONE',  ( -3.184081677783118191E-15, 0.5375364957382012809, -34.29634816116375617 ) ) ;
#9195 = LINE ( 'NONE', #11867, #2060 ) ;
#9196 = CARTESIAN_POINT ( 'NONE',  ( 0.000000000000000000, 8.537536495738194731, -40.29634816116375617 ) ) ;
#9197 = DIRECTION ( 'NONE',  ( -0.000000000000000000, -0.000000000000000000, 1.000000000000000000 ) ) ;
#9198 = ORIENTED_EDGE ( 'NONE', *, *, #8043, .F. ) ;
#9199 = ORIENTED_EDGE ( 'NONE', *, *, #5166, .T. ) ;
#9200 = CARTESIAN_POINT ( 'NONE',  ( -6.669092904898138663, 18.64867118757461739, -33.78124629862856665 ) ) ;
#9201 = VERTEX_POINT ( 'NONE', #5997 ) ;
#9202 = CYLINDRICAL_SURFACE ( 'NONE', #2870, 0.7000000000000000666 ) ;
#9203 = ORIENTED_EDGE ( 'NONE', *, *, #4383, .F. ) ;
#9204 = FACE_OUTER_BOUND ( 'NONE', #8433, .T. ) ;
#9205 = DIRECTION ( 'NONE',  ( -0.8523920528607158431, 0.5229032302633966900, 0.000000000000000000 ) ) ;
#9206 = CARTESIAN_POINT ( 'NONE',  ( 6.669092904898400676, 18.64867118757452502, -33.68879736725453000 ) ) ;
#9207 = DIRECTION ( 'NONE',  ( 0.000000000000000000, -0.000000000000000000, -1.000000000000000000 ) ) ;
#9208 = CARTESIAN_POINT ( 'NONE',  ( 0.3551304480341243575, -0.04136673934162170968, -26.29634816116374907 ) ) ;
#9209 = ORIENTED_EDGE ( 'NONE', *, *, #861, .T. ) ;
#9210 = CARTESIAN_POINT ( 'NONE',  ( -6.399999999999995026, 0.5375364957382029463, -38.69634816116376186 ) ) ;
#9211 = ORIENTED_EDGE ( 'NONE', *, *, #574, .F. ) ;
#9212 = ORIENTED_EDGE ( 'NONE', *, *, #4070, .F. ) ;
#9213 = EDGE_CURVE ( 'NONE', #6650, #8230, #4523, .T. ) ;
#9214 = FACE_OUTER_BOUND ( 'NONE', #5110, .T. ) ;
#9215 = EDGE_LOOP ( 'NONE', ( #4097, #1220, #7649, #2398 ) ) ;
#9216 = DIRECTION ( 'NONE',  ( 0.000000000000000000, -0.000000000000000000, -1.000000000000000000 ) ) ;
#9217 = CARTESIAN_POINT ( 'NONE',  ( -6.751989403452189897, 18.61796435243206460, -26.64370081747366115 ) ) ;
#9218 = DIRECTION ( 'NONE',  ( -0.5229032302633760398, 0.8523920528607284997, 0.000000000000000000 ) ) ;
#9219 = CARTESIAN_POINT ( 'NONE',  ( 0.000000000000000000, 7.737536495738196685, -38.69634816116376186 ) ) ;
#9220 = B_SPLINE_CURVE_WITH_KNOTS ( 'NONE', 3,
 ( #7327, #11755, #5501, #10967, #11821, #709, #11023, #827 ),
 .UNSPECIFIED., .F., .F.,
 ( 4, 2, 2, 4 ),
 ( 0.000000000000000000, 0.0002734115678465728113, 0.0005468231356931456226, 0.001093646271386294498 ),
 .UNSPECIFIED. ) ;
#9221 = CARTESIAN_POINT ( 'NONE',  ( -16.09602657359699762, -10.13339319513793235, -34.29634816116375617 ) ) ;
#9222 = ORIENTED_EDGE ( 'NONE', *, *, #3234, .T. ) ;
#9223 = EDGE_LOOP ( 'NONE', ( #4763, #23, #8376, #4193 ) ) ;
#9224 = CARTESIAN_POINT ( 'NONE',  ( 10.78018685808415178, 16.54620824903469156, -26.29634816116374907 ) ) ;
#9225 = CARTESIAN_POINT ( 'NONE',  ( 7.321573171451383644, -17.31980278801531625, -34.29634816116375617 ) ) ;
#9226 = LINE ( 'NONE', #7459, #10034 ) ;
#9227 = CYLINDRICAL_SURFACE ( 'NONE', #329, 0.7000000000000000666 ) ;
#9228 = CARTESIAN_POINT ( 'NONE',  ( -17.55441977073924420, 8.559321258096035834, -33.96250106665637247 ) ) ;
#9229 = EDGE_CURVE ( 'NONE', #7416, #5025, #1779, .T. ) ;
#9230 = EDGE_CURVE ( 'NONE', #756, #943, #3938, .T. ) ;
#9231 = CARTESIAN_POINT ( 'NONE',  ( -19.28465801595088180, -0.2318562569081147051, -34.29634816116375617 ) ) ;
#9232 = EDGE_CURVE ( 'NONE', #3123, #5726, #1567, .T. ) ;
#9233 = ORIENTED_EDGE ( 'NONE', *, *, #1185, .T. ) ;
#9234 = ORIENTED_EDGE ( 'NONE', *, *, #7974, .F. ) ;
#9235 = CARTESIAN_POINT ( 'NONE',  ( -17.63583884095529797, -5.975346777204758375, -33.77951444777792744 ) ) ;
#9236 = VERTEX_POINT ( 'NONE', #6176 ) ;
#9237 = ORIENTED_EDGE ( 'NONE', *, *, #6497, .T. ) ;
#9238 = CARTESIAN_POINT ( 'NONE',  ( 18.15000000000008029, 0.5375364957382012809, -39.14634816116380023 ) ) ;
#9239 = CARTESIAN_POINT ( 'NONE',  ( -3.618530594455353189, -17.91051692020711883, -26.29634816116374907 ) ) ;
#9240 = CARTESIAN_POINT ( 'NONE',  ( 2.929189417950685659, 19.10793930813102648, -26.90389799132447024 ) ) ;
#9241 = DIRECTION ( 'NONE',  ( 0.000000000000000000, 0.000000000000000000, 1.000000000000000000 ) ) ;
#9242 = B_SPLINE_CURVE_WITH_KNOTS ( 'NONE', 3,
 ( #11571, #5143, #5030, #8845, #527, #2461, #8733, #7268 ),
 .UNSPECIFIED., .F., .F.,
 ( 4, 2, 2, 4 ),
 ( 0.000000000000000000, 0.0002734115678465714018, 0.0005468231356931428037, 0.001093646271386293847 ),
 .UNSPECIFIED. ) ;
#9243 = CARTESIAN_POINT ( 'NONE',  ( -3.007641055658277107, -18.52667330378724486, -26.99634816116374836 ) ) ;
#9244 = CARTESIAN_POINT ( 'NONE',  ( -13.33795071725683279, 13.80403165649368091, -34.29634816116375617 ) ) ;
#9245 = EDGE_CURVE ( 'NONE', #10390, #6186, #8909, .T. ) ;
#9246 = VECTOR ( 'NONE', #2228, 1000.000000000000000 ) ;
#9247 = CARTESIAN_POINT ( 'NONE',  ( -0.3800957012717374184, 0.1574407944664638070, -26.29634816116374907 ) ) ;
#9248 = B_SPLINE_CURVE_WITH_KNOTS ( 'NONE', 3,
 ( #1048, #6626, #6682, #11361, #10381, #9601, #1289, #4748 ),
 .UNSPECIFIED., .F., .F.,
 ( 4, 2, 2, 4 ),
 ( 0.000000000000000000, 0.0002734111411466478517, 0.0005468222822932957035, 0.001093644564586589672 ),
 .UNSPECIFIED. ) ;
#9249 = CIRCLE ( 'NONE', #913, 19.30000000000008953 ) ;
#9250 = ORIENTED_EDGE ( 'NONE', *, *, #2897, .F. ) ;
#9251 = ORIENTED_EDGE ( 'NONE', *, *, #6923, .T. ) ;
#9252 = DIRECTION ( 'NONE',  ( 0.000000000000000000, 0.000000000000000000, -1.000000000000000000 ) ) ;
#9253 = ORIENTED_EDGE ( 'NONE', *, *, #8204, .T. ) ;
#9254 = CARTESIAN_POINT ( 'NONE',  ( 18.92709628633270214, -3.298586298627621982, -34.29634816116375617 ) ) ;
#9255 = ORIENTED_EDGE ( 'NONE', *, *, #426, .F. ) ;
#9256 = CARTESIAN_POINT ( 'NONE',  ( 9.812803638742101597, 16.57339930408909012, -34.29634816116375617 ) ) ;
#9257 = AXIS2_PLACEMENT_3D ( 'NONE', #9627, #10597, #410 ) ;
#9258 = CARTESIAN_POINT ( 'NONE',  ( 8.090745338163678468, 18.05980346873533549, -26.99634816116374836 ) ) ;
#9259 = AXIS2_PLACEMENT_3D ( 'NONE', #4028, #7664, #3848 ) ;
#9260 = CARTESIAN_POINT ( 'NONE',  ( -3.184081677783118191E-15, 0.5375364957382011699, -44.29634816116374907 ) ) ;
#9261 = EDGE_CURVE ( 'NONE', #8469, #8182, #2534, .T. ) ;
#9262 = CARTESIAN_POINT ( 'NONE',  ( 5.949999999999999289, 9.087536495738202547, -26.19634816116376541 ) ) ;
#9263 = CARTESIAN_POINT ( 'NONE',  ( -3.184081677783118191E-15, 0.5375364957382012809, -26.19634816116376541 ) ) ;
#9264 = ADVANCED_FACE ( 'NONE', ( #9746 ), #9872, .F. ) ;
#9265 = ORIENTED_EDGE ( 'NONE', *, *, #6422, .F. ) ;
#9266 = AXIS2_PLACEMENT_3D ( 'NONE', #10593, #3192, #6776 ) ;
#9267 = CYLINDRICAL_SURFACE ( 'NONE', #11504, 0.7000000000000000666 ) ;
#9268 = ORIENTED_EDGE ( 'NONE', *, *, #711, .T. ) ;
#9269 = EDGE_CURVE ( 'NONE', #9134, #10390, #11752, .T. ) ;
#9270 = ORIENTED_EDGE ( 'NONE', *, *, #764, .F. ) ;
#9271 = CARTESIAN_POINT ( 'NONE',  ( -0.6604615511865341571, 0.3793052405731855425, -26.29634816116374907 ) ) ;
#9272 = CARTESIAN_POINT ( 'NONE',  ( -18.15000000000008029, 0.5375364957382035014, 978.5300036611693031 ) ) ;
#9273 = LINE ( 'NONE', #785, #3293 ) ;
#9274 = AXIS2_PLACEMENT_3D ( 'NONE', #7599, #3963, #4812 ) ;
#9275 = DIRECTION ( 'NONE',  ( 0.8314696123025483443, 0.5555702330195977368, 0.000000000000000000 ) ) ;
#9276 = CIRCLE ( 'NONE', #9852, 19.30000000000008598 ) ;
#9277 = AXIS2_PLACEMENT_3D ( 'NONE', #1366, #11442, #9674 ) ;
#9278 = LINE ( 'NONE', #2825, #11775 ) ;
#9279 = B_SPLINE_CURVE_WITH_KNOTS ( 'NONE', 3,
 ( #11413, #2306, #11476, #2185, #8561, #6726, #6016, #5044 ),
 .UNSPECIFIED., .F., .F.,
 ( 4, 2, 2, 4 ),
 ( 5.421010862427521568E-20, 0.0002734140155771854104, 0.0005468280311543707124, 0.001093656062308726463 ),
 .UNSPECIFIED. ) ;
#9280 = VECTOR ( 'NONE', #9016, 1000.000000000000000 ) ;
#9281 = CARTESIAN_POINT ( 'NONE',  ( -6.669092904898138663, 18.64867118757461739, -34.29634816116375617 ) ) ;
#9282 = AXIS2_PLACEMENT_3D ( 'NONE', #6658, #6602, #1818 ) ;
#9283 = AXIS2_PLACEMENT_3D ( 'NONE', #486, #4185, #7885 ) ;
#9284 = VECTOR ( 'NONE', #2498, 1000.000000000000000 ) ;
#9285 = CARTESIAN_POINT ( 'NONE',  ( 16.46205883478120668, -9.536718758135661389, -33.59634816116375333 ) ) ;
#9286 = ORIENTED_EDGE ( 'NONE', *, *, #9691, .F. ) ;
#9287 = EDGE_LOOP ( 'NONE', ( #717, #5380, #6052, #11351, #317, #1551, #4534, #2557 ) ) ;
#9288 = FACE_OUTER_BOUND ( 'NONE', #8257, .T. ) ;
#9289 = CARTESIAN_POINT ( 'NONE',  ( -10.07425525387392184, -15.92452233904298176, -33.59634816116375333 ) ) ;
#9290 = DIRECTION ( 'NONE',  ( 0.9083417975707330783, -0.4182286202377467066, 0.000000000000000000 ) ) ;
#9291 = CARTESIAN_POINT ( 'NONE',  ( 2.929189417950547103, -18.03286631665464057, -34.29634816116375617 ) ) ;
#9292 = DIRECTION ( 'NONE',  ( 0.3465623512410380691, -0.9380269381538482998, 0.000000000000000000 ) ) ;
#9293 = EDGE_CURVE ( 'NONE', #10512, #2356, #6538, .T. ) ;
#9294 = DIRECTION ( 'NONE',  ( -0.9238795325112864054, 0.3826834323650905589, 0.000000000000000000 ) ) ;
#9295 = EDGE_LOOP ( 'NONE', ( #2441, #362 ) ) ;
#9296 = ORIENTED_EDGE ( 'NONE', *, *, #3005, .F. ) ;
#9297 = CARTESIAN_POINT ( 'NONE',  ( 4.400367338555529528, 18.81530382510683452, -33.59634816116375333 ) ) ;
#9298 = VERTEX_POINT ( 'NONE', #9933 ) ;
#9299 = ORIENTED_EDGE ( 'NONE', *, *, #8373, .T. ) ;
#9300 = DIRECTION ( 'NONE',  ( 1.000000000000000000, 0.000000000000000000, 0.000000000000000000 ) ) ;
#9301 = LINE ( 'NONE', #6676, #9827 ) ;
#9302 = LINE ( 'NONE', #986, #2725 ) ;
#9303 = CARTESIAN_POINT ( 'NONE',  ( -0.2526191454087258204, -18.76099624616208317, -34.27817872468219917 ) ) ;
#9304 = EDGE_CURVE ( 'NONE', #2427, #4364, #5328, .T. ) ;
#9305 = CARTESIAN_POINT ( 'NONE',  ( -3.350397732440545173, -18.46962051043401232, -26.38468825395369421 ) ) ;
#9306 = DIRECTION ( 'NONE',  ( -0.000000000000000000, 0.000000000000000000, 1.000000000000000000 ) ) ;
#9307 = CARTESIAN_POINT ( 'NONE',  ( -10.78018685808393329, 16.54620824903484433, -26.29634816116374907 ) ) ;
#9308 = DIRECTION ( 'NONE',  ( 0.9807852804032290983, -0.1950903220161352980, 0.000000000000000000 ) ) ;
#9309 = EDGE_CURVE ( 'NONE', #8923, #10423, #1187, .T. ) ;
#9310 = ORIENTED_EDGE ( 'NONE', *, *, #10910, .T. ) ;
#9311 = EDGE_LOOP ( 'NONE', ( #372, #1610, #573, #6011 ) ) ;
#9312 = AXIS2_PLACEMENT_3D ( 'NONE', #3153, #7581, #6797 ) ;
#9313 = CARTESIAN_POINT ( 'NONE',  ( -6.669092904898138663, 18.64867118757461739, -33.59634816116375333 ) ) ;
#9314 = EDGE_CURVE ( 'NONE', #7463, #6123, #7211, .T. ) ;
#9315 = ORIENTED_EDGE ( 'NONE', *, *, #8064, .F. ) ;
#9316 = ADVANCED_FACE ( 'NONE', ( #2592 ), #4169, .T. ) ;
#9317 = CARTESIAN_POINT ( 'NONE',  ( 10.94617733506729884, 15.82216789790316724, -34.02662676194078273 ) ) ;
#9318 = ORIENTED_EDGE ( 'NONE', *, *, #4538, .T. ) ;
#9319 = DIRECTION ( 'NONE',  ( 0.000000000000000000, -0.000000000000000000, 1.000000000000000000 ) ) ;
#9320 = EDGE_CURVE ( 'NONE', #5641, #9158, #4527, .T. ) ;
#9321 = CARTESIAN_POINT ( 'NONE',  ( -4.400367338555271068, 18.81530382510689137, -34.29634816116375617 ) ) ;
#9322 = EDGE_CURVE ( 'NONE', #6218, #7365, #2705, .T. ) ;
#9323 = EDGE_CURVE ( 'NONE', #3123, #8233, #1127, .T. ) ;
#9324 = CARTESIAN_POINT ( 'NONE',  ( -13.46749465797237022, -13.28721558378603973, -26.31451759764529541 ) ) ;
#9325 = CARTESIAN_POINT ( 'NONE',  ( 15.60715541303836140, -10.81617214563843810, -33.59634816116375333 ) ) ;
#9326 = AXIS2_PLACEMENT_3D ( 'NONE', #3206, #3023, #170 ) ;
#9327 = DIRECTION ( 'NONE',  ( 0.8523920528607266123, 0.5229032302633787044, -0.000000000000000000 ) ) ;
#9328 = ADVANCED_FACE ( 'NONE', ( #5498 ), #3612, .F. ) ;
#9329 = ORIENTED_EDGE ( 'NONE', *, *, #2123, .F. ) ;
#9330 = FACE_OUTER_BOUND ( 'NONE', #4659, .T. ) ;
#9331 = VERTEX_POINT ( 'NONE', #9092 ) ;
#9332 = ORIENTED_EDGE ( 'NONE', *, *, #3599, .T. ) ;
#9333 = CARTESIAN_POINT ( 'NONE',  ( -7.881631028044558285, 17.60563256995007109, -26.99634816116374836 ) ) ;
#9334 = CARTESIAN_POINT ( 'NONE',  ( 12.75269500745314666, 14.35089167497112506, -26.90389799132447735 ) ) ;
#9335 = CARTESIAN_POINT ( 'NONE',  ( -17.61601593170034263, -6.029746327772179448, -26.63019140205943103 ) ) ;
#9336 = LINE ( 'NONE', #10405, #11285 ) ;
#9337 = CARTESIAN_POINT ( 'NONE',  ( -0.4469452617099144431, 0.8361757719320137561, -34.29634816116375617 ) ) ;
#9338 = DIRECTION ( 'NONE',  ( 0.000000000000000000, 0.000000000000000000, -1.000000000000000000 ) ) ;
#9339 = CARTESIAN_POINT ( 'NONE',  ( 13.69618551780640203, 14.13549598464069668, -26.29634816116374907 ) ) ;
#9340 = DIRECTION ( 'NONE',  ( -1.000000000000000000, 8.899231704794293218E-16, 0.000000000000000000 ) ) ;
#9341 = ORIENTED_EDGE ( 'NONE', *, *, #4262, .F. ) ;
#9342 = VERTEX_POINT ( 'NONE', #6583 ) ;
#9343 = LINE ( 'NONE', #5699, #164 ) ;
#9344 = DIRECTION ( 'NONE',  ( -0.9876139742652858544, -0.1569032754149101705, -0.000000000000000000 ) ) ;
#9345 = FACE_BOUND ( 'NONE', #2360, .T. ) ;
#9346 = DIRECTION ( 'NONE',  ( -0.4182286202377498152, -0.9083417975707316350, 0.000000000000000000 ) ) ;
#9347 = CARTESIAN_POINT ( 'NONE',  ( -18.51557923247862192, 3.796172394233956915, -26.37236415740902373 ) ) ;
#9348 = AXIS2_PLACEMENT_3D ( 'NONE', #3716, #5659, #6457 ) ;
#9349 = DIRECTION ( 'NONE',  ( 0.9238795325112891810, 0.3826834323650840641, 0.000000000000000000 ) ) ;
#9350 = EDGE_LOOP ( 'NONE', ( #9794, #5248, #1530, #4699 ) ) ;
#9351 = VERTEX_POINT ( 'NONE', #8185 ) ;
#9352 = VECTOR ( 'NONE', #4265, 1000.000000000000114 ) ;
#9353 = CARTESIAN_POINT ( 'NONE',  ( 15.90539526625274114, -10.39601684872341103, -26.29634816116374552 ) ) ;
#9354 = ORIENTED_EDGE ( 'NONE', *, *, #2354, .F. ) ;
#9355 = ORIENTED_EDGE ( 'NONE', *, *, #5456, .T. ) ;
#9356 = CARTESIAN_POINT ( 'NONE',  ( -3.198396408832238080E-15, 0.5375364957382012809, -34.29634816116375617 ) ) ;
#9357 = ADVANCED_FACE ( 'NONE', ( #2643 ), #11018, .F. ) ;
#9358 = CARTESIAN_POINT ( 'NONE',  ( 6.669092904898398899, 18.64867118757452502, -34.29634816116375617 ) ) ;
#9359 = LINE ( 'NONE', #2746, #3692 ) ;
#9360 = DIRECTION ( 'NONE',  ( -0.5874011683613065138, 0.8092959084338509079, 0.000000000000000000 ) ) ;
#9361 = CARTESIAN_POINT ( 'NONE',  ( -19.04193916668342013, 3.683759285107352177, -34.02662297194007124 ) ) ;
#9362 = CARTESIAN_POINT ( 'NONE',  ( -0.7500000000000045519, -18.24749774060966701, -33.59634816116375333 ) ) ;
#9363 = CYLINDRICAL_SURFACE ( 'NONE', #54, 0.7000000000000009548 ) ;
#9364 = CARTESIAN_POINT ( 'NONE',  ( 7.449911663004036733, -17.26664324423969887, -26.29634816116374907 ) ) ;
#9365 = CARTESIAN_POINT ( 'NONE',  ( -0.2353682975069899819, -0.09952578947061425929, -26.29634816116374907 ) ) ;
#9366 = VERTEX_POINT ( 'NONE', #6415 ) ;
#9367 = VERTEX_POINT ( 'NONE', #5445 ) ;
#9368 = CARTESIAN_POINT ( 'NONE',  ( -13.09226962315036502, -13.64281879299619504, -26.99634816116374836 ) ) ;
#9369 = VERTEX_POINT ( 'NONE', #944 ) ;
#9370 = LINE ( 'NONE', #1055, #8129 ) ;
#9371 = ORIENTED_EDGE ( 'NONE', *, *, #11756, .T. ) ;
#9372 = CARTESIAN_POINT ( 'NONE',  ( -18.76400763978414332, -3.979322733208996432, -26.81145002369892083 ) ) ;
#9373 = VECTOR ( 'NONE', #2967, 1000.000000000000000 ) ;
#9374 = FACE_OUTER_BOUND ( 'NONE', #5337, .T. ) ;
#9375 = CARTESIAN_POINT ( 'NONE',  ( 10.07425525387368204, -15.92452233904311676, -26.99634816116374836 ) ) ;
#9376 = FACE_OUTER_BOUND ( 'NONE', #9741, .T. ) ;
#9377 = ADVANCED_FACE ( 'NONE', ( #28 ), #1851, .T. ) ;
#9378 = FACE_OUTER_BOUND ( 'NONE', #3283, .T. ) ;
#9379 = EDGE_CURVE ( 'NONE', #3131, #10544, #1800, .T. ) ;
#9380 = ORIENTED_EDGE ( 'NONE', *, *, #7835, .F. ) ;
#9381 = EDGE_CURVE ( 'NONE', #8196, #5896, #6469, .T. ) ;
#9382 = DIRECTION ( 'NONE',  ( -0.000000000000000000, -0.000000000000000000, 1.000000000000000000 ) ) ;
#9383 = ORIENTED_EDGE ( 'NONE', *, *, #7661, .T. ) ;
#9384 = ORIENTED_EDGE ( 'NONE', *, *, #8414, .T. ) ;
#9385 = CARTESIAN_POINT ( 'NONE',  ( 17.80417973997781900, -6.912375167266032960, -34.29634816116375617 ) ) ;
#9386 = CARTESIAN_POINT ( 'NONE',  ( -19.28465801595089246, -0.2318562569081150937, -33.59634816116375333 ) ) ;
#9387 = CARTESIAN_POINT ( 'NONE',  ( 13.26649516075533519, 13.87548721299516963, -34.29634816116375617 ) ) ;
#9388 = CARTESIAN_POINT ( 'NONE',  ( 4.326437972906265195, 18.83330528134787585, -26.63019140205943813 ) ) ;
#9389 = CARTESIAN_POINT ( 'NONE',  ( 17.64212122275937134, -5.958275233539739091, -26.99634816116374836 ) ) ;
#9390 = CARTESIAN_POINT ( 'NONE',  ( -3.198396408832238080E-15, 0.5375364957382012809, -34.29634816116375617 ) ) ;
#9391 = DIRECTION ( 'NONE',  ( -0.000000000000000000, -0.000000000000000000, 1.000000000000000000 ) ) ;
#9392 = ADVANCED_FACE ( 'NONE', ( #9204 ), #7432, .F. ) ;
#9393 = CARTESIAN_POINT ( 'NONE',  ( 15.55187027909004271, 11.10032842800218944, -34.29634816116375617 ) ) ;
#9394 = VERTEX_POINT ( 'NONE', #8289 ) ;
#9395 = ORIENTED_EDGE ( 'NONE', *, *, #9322, .T. ) ;
#9396 = DIRECTION ( 'NONE',  ( -0.1569032754148996234, 0.9876139742652875197, 0.000000000000000000 ) ) ;
#9397 = LINE ( 'NONE', #3944, #201 ) ;
#9398 = CARTESIAN_POINT ( 'NONE',  ( -3.184081677783118191E-15, 0.5375364957382012809, -101.8849916687654371 ) ) ;
#9399 = CARTESIAN_POINT ( 'NONE',  ( -0.02634122926533770739, -0.1411038584609847490, -33.59634816116375333 ) ) ;
#9400 = CARTESIAN_POINT ( 'NONE',  ( 7.881631028044809639, 17.60563256994996451, -33.59634816116375333 ) ) ;
#9401 = EDGE_CURVE ( 'NONE', #7194, #4390, #2875, .T. ) ;
#9402 = CARTESIAN_POINT ( 'NONE',  ( -10.98836408587636093, -14.71676109909300934, -33.94899881303460631 ) ) ;
#9403 = B_SPLINE_CURVE_WITH_KNOTS ( 'NONE', 3,
 ( #5348, #9173, #2668, #4545, #2556, #7350, #2780, #11046 ),
 .UNSPECIFIED., .F., .F.,
 ( 4, 2, 2, 4 ),
 ( 0.000000000000000000, 0.0002734115678465716729, 0.0005468231356931433458, 0.001093646271386294064 ),
 .UNSPECIFIED. ) ;
#9404 = EDGE_LOOP ( 'NONE', ( #9255, #11087, #3593, #6504 ) ) ;
#9405 = ORIENTED_EDGE ( 'NONE', *, *, #7257, .F. ) ;
#9406 = CARTESIAN_POINT ( 'NONE',  ( 13.53235365129157586, -13.22378434904730682, -34.29634816116375617 ) ) ;
#9407 = ORIENTED_EDGE ( 'NONE', *, *, #2712, .T. ) ;
#9408 = EDGE_LOOP ( 'NONE', ( #6155, #7793, #1358, #9617 ) ) ;
#9409 = CARTESIAN_POINT ( 'NONE',  ( 3.716678047685421760, 18.96606716940923931, -26.29634816116374907 ) ) ;
#9410 = CARTESIAN_POINT ( 'NONE',  ( 10.84058986862916463, 15.89710840335194497, -26.43662391211885065 ) ) ;
#9411 = DIRECTION ( 'NONE',  ( -0.000000000000000000, 0.000000000000000000, 1.000000000000000000 ) ) ;
#9412 = FACE_OUTER_BOUND ( 'NONE', #10668, .T. ) ;
#9413 = CARTESIAN_POINT ( 'NONE',  ( 0.6291290431575401465, -18.75231476639115868, -34.02662297194006413 ) ) ;
#9414 = DIRECTION ( 'NONE',  ( 0.000000000000000000, -0.000000000000000000, 1.000000000000000000 ) ) ;
#9415 = CARTESIAN_POINT ( 'NONE',  ( 10.40285075565146755, -15.12149076192448227, -26.29634816116374907 ) ) ;
#9416 = CARTESIAN_POINT ( 'NONE',  ( 7.845026126427971924, -17.09623043424287303, -26.43662752414719108 ) ) ;
#9417 = DIRECTION ( 'NONE',  ( 0.2329837807837476515, 0.9724806208309298983, 0.000000000000000000 ) ) ;
#9418 = VERTEX_POINT ( 'NONE', #2810 ) ;
#9419 = CIRCLE ( 'NONE', #1688, 19.33712077059222167 ) ;
#9420 = ORIENTED_EDGE ( 'NONE', *, *, #7612, .T. ) ;
#9421 = DIRECTION ( 'NONE',  ( 0.3465623512410516693, 0.9380269381538431928, 0.000000000000000000 ) ) ;
#9422 = VERTEX_POINT ( 'NONE', #11079 ) ;
#9423 = CARTESIAN_POINT ( 'NONE',  ( 11.06000805719592250, 15.74004395455969352, -33.68879833100303500 ) ) ;
#9424 = VERTEX_POINT ( 'NONE', #6518 ) ;
#9425 = DIRECTION ( 'NONE',  ( -0.000000000000000000, 0.000000000000000000, 1.000000000000000000 ) ) ;
#9426 = ORIENTED_EDGE ( 'NONE', *, *, #8275, .T. ) ;
#9427 = CARTESIAN_POINT ( 'NONE',  ( 0.2057063112105950997, 1.034155462128565572, -34.29634816116375617 ) ) ;
#9428 = CARTESIAN_POINT ( 'NONE',  ( -13.09226962315035969, -13.64281879299619149, -26.81145002369893149 ) ) ;
#9429 = CYLINDRICAL_SURFACE ( 'NONE', #6942, 0.6999999999999999556 ) ;
#9430 = PLANE ( 'NONE',  #2667 ) ;
#9431 = ADVANCED_FACE ( 'NONE', ( #1743 ), #2758, .T. ) ;
#9432 = ORIENTED_EDGE ( 'NONE', *, *, #5023, .F. ) ;
#9433 = AXIS2_PLACEMENT_3D ( 'NONE', #8633, #46, #1532 ) ;
#9434 = CARTESIAN_POINT ( 'NONE',  ( 18.91548308395089606, 4.370877036411657812, -26.29634816116374907 ) ) ;
#9435 = ORIENTED_EDGE ( 'NONE', *, *, #716, .F. ) ;
#9436 = ORIENTED_EDGE ( 'NONE', *, *, #11381, .F. ) ;
#9437 = CARTESIAN_POINT ( 'NONE',  ( 15.60715541303836140, -10.81617214563843810, -26.99634816116374836 ) ) ;
#9438 = AXIS2_PLACEMENT_3D ( 'NONE', #10399, #2221, #8604 ) ;
#9439 = ADVANCED_FACE ( 'NONE', ( #7265 ), #5620, .T. ) ;
#9440 = DIRECTION ( 'NONE',  ( 0.9992475592060076073, 0.03878550529303832067, -0.000000000000000000 ) ) ;
#9441 = DIRECTION ( 'NONE',  ( 0.000000000000000000, 0.000000000000000000, -1.000000000000000000 ) ) ;
#9442 = CARTESIAN_POINT ( 'NONE',  ( -4.516859228947138760, 19.30154413552235582, -33.59634816116375333 ) ) ;
#9443 = PLANE ( 'NONE',  #8945 ) ;
#9444 = CARTESIAN_POINT ( 'NONE',  ( 17.45795483544845794, -6.439493947039906629, -26.29634816116375973 ) ) ;
#9445 = DIRECTION ( 'NONE',  ( 0.1569032754149171371, 0.9876139742652848552, 0.000000000000000000 ) ) ;
#9446 = VECTOR ( 'NONE', #4314, 1000.000000000000000 ) ;
#9447 = EDGE_CURVE ( 'NONE', #11620, #5918, #11876, .T. ) ;
#9448 = VECTOR ( 'NONE', #11041, 1000.000000000000114 ) ;
#9449 = CARTESIAN_POINT ( 'NONE',  ( 13.10565057672402567, 14.70556936365091794, -33.77951245282524440 ) ) ;
#9450 = VECTOR ( 'NONE', #8366, 999.9999999999997726 ) ;
#9451 = EDGE_CURVE ( 'NONE', #1476, #7860, #11189, .T. ) ;
#9452 = DIRECTION ( 'NONE',  ( -0.7340002190031365004, -0.6791492313942110171, 0.000000000000000000 ) ) ;
#9453 = AXIS2_PLACEMENT_3D ( 'NONE', #9036, #596, #11758 ) ;
#9455 = CARTESIAN_POINT ( 'NONE',  ( 18.11113469183629832, -6.131556409160264565, -26.99634816116374836 ) ) ;
#9454 = AXIS2_PLACEMENT_3D ( 'NONE', #6226, #1727, #7198 ) ;
#9456 = ORIENTED_EDGE ( 'NONE', *, *, #9314, .F. ) ;
#9457 = DIRECTION ( 'NONE',  ( -1.000000000000000000, 0.000000000000000000, 0.000000000000000000 ) ) ;
#9458 = CARTESIAN_POINT ( 'NONE',  ( -18.35586621399176721, 4.599313864921651174, -26.38468553521233417 ) ) ;
#9459 = EDGE_CURVE ( 'NONE', #7427, #7191, #4824, .T. ) ;
#9460 = VECTOR ( 'NONE', #4473, 1000.000000000000000 ) ;
#9461 = CARTESIAN_POINT ( 'NONE',  ( -15.65902725766272674, -9.865314259913210648, -34.29634816116375617 ) ) ;
#9462 = EDGE_CURVE ( 'NONE', #9968, #8532, #3263, .T. ) ;
#9463 = EDGE_CURVE ( 'NONE', #3971, #7490, #5729, .T. ) ;
#9464 = FACE_OUTER_BOUND ( 'NONE', #1643, .T. ) ;
#9465 = CARTESIAN_POINT ( 'NONE',  ( 0.06945629112694226559, 19.83741151667101121, -26.29634816116374907 ) ) ;
#9466 = LINE ( 'NONE', #3705, #4342 ) ;
#9467 = CIRCLE ( 'NONE', #10431, 19.33712077059222167 ) ;
#9468 = CIRCLE ( 'NONE', #6756, 19.30000000000008598 ) ;
#9469 = DIRECTION ( 'NONE',  ( 0.9807852804032317628, 0.1950903220161216423, 0.000000000000000000 ) ) ;
#9470 = ADVANCED_FACE ( 'NONE', ( #9551 ), #7609, .T. ) ;
#9471 = CIRCLE ( 'NONE', #2509, 19.30000000000008598 ) ;
#9472 = VERTEX_POINT ( 'NONE', #8592 ) ;
#9473 = ORIENTED_EDGE ( 'NONE', *, *, #8199, .T. ) ;
#9474 = DIRECTION ( 'NONE',  ( -0.000000000000000000, -0.000000000000000000, 1.000000000000000000 ) ) ;
#9475 = ORIENTED_EDGE ( 'NONE', *, *, #1077, .T. ) ;
#9476 = ORIENTED_EDGE ( 'NONE', *, *, #11904, .F. ) ;
#9477 = CARTESIAN_POINT ( 'NONE',  ( 13.81335517923287348, -12.21515851171499634, -34.29634816116375617 ) ) ;
#9478 = VECTOR ( 'NONE', #7103, 1000.000000000000000 ) ;
#9479 = PLANE ( 'NONE',  #8290 ) ;
#9480 = CARTESIAN_POINT ( 'NONE',  ( 0.4803001114056570375, -18.25618984280271562, -34.15607241020864393 ) ) ;
#9481 = CARTESIAN_POINT ( 'NONE',  ( 7.881631028044678189, -16.53055957847361412, -26.99634816116374836 ) ) ;
#9482 = LINE ( 'NONE', #1167, #9137 ) ;
#9483 = CIRCLE ( 'NONE', #1550, 19.33712077059221812 ) ;
#9484 = LINE ( 'NONE', #3961, #6337 ) ;
#9485 = LINE ( 'NONE', #1047, #3560 ) ;
#9486 = CYLINDRICAL_SURFACE ( 'NONE', #5786, 19.33712077059222167 ) ;
#9487 = CARTESIAN_POINT ( 'NONE',  ( -16.41576971826863129, 10.68710480883489211, -33.94899550485383344 ) ) ;
#9488 = EDGE_CURVE ( 'NONE', #9635, #2587, #5917, .T. ) ;
#9489 = VERTEX_POINT ( 'NONE', #262 ) ;
#9490 = EDGE_LOOP ( 'NONE', ( #8247, #6890, #1912, #458 ) ) ;
#9491 = CARTESIAN_POINT ( 'NONE',  ( 16.46205883478128840, 10.61179174961193716, -26.99634816116374836 ) ) ;
#9492 = EDGE_LOOP ( 'NONE', ( #1832, #431, #3149, #8645 ) ) ;
#9493 = VERTEX_POINT ( 'NONE', #2991 ) ;
#9494 = CARTESIAN_POINT ( 'NONE',  ( -19.30000000000008598, 0.5375364957382036124, -45.29634816116371354 ) ) ;
#9495 = VERTEX_POINT ( 'NONE', #7740 ) ;
#9496 = DIRECTION ( 'NONE',  ( 0.9238795325112837409, -0.3826834323650971093, 0.000000000000000000 ) ) ;
#9497 = DIRECTION ( 'NONE',  ( 0.000000000000000000, 0.000000000000000000, -1.000000000000000000 ) ) ;
#9498 = DIRECTION ( 'NONE',  ( -0.5874011683613123980, 0.8092959084338468001, 0.000000000000000000 ) ) ;
#9499 = LINE ( 'NONE', #2998, #4224 ) ;
#9500 = AXIS2_PLACEMENT_3D ( 'NONE', #691, #2392, #6100 ) ;
#9501 = EDGE_LOOP ( 'NONE', ( #11863, #6945, #10023, #2626 ) ) ;
#9502 = EDGE_LOOP ( 'NONE', ( #7464, #2544, #270, #8885 ) ) ;
#9503 = CARTESIAN_POINT ( 'NONE',  ( -7.812634104321409367, -16.56263804553151076, -26.63019140205944524 ) ) ;
#9504 = ORIENTED_EDGE ( 'NONE', *, *, #8799, .F. ) ;
#9505 = VERTEX_POINT ( 'NONE', #1057 ) ;
#9506 = DIRECTION ( 'NONE',  ( -0.3465623512410444529, -0.9380269381538457463, 0.000000000000000000 ) ) ;
#9507 = CARTESIAN_POINT ( 'NONE',  ( -0.3989343114037606219, 1.087170925056104798, -26.29634816116374907 ) ) ;
#9508 = EDGE_CURVE ( 'NONE', #6938, #4715, #6826, .T. ) ;
#9509 = CARTESIAN_POINT ( 'NONE',  ( -15.68939978118988599, 11.77750533795554588, -26.56607335038743756 ) ) ;
#9510 = CARTESIAN_POINT ( 'NONE',  ( 0.4966189663903623486, 0.7432428069487966305, -26.29634816116374907 ) ) ;
#9511 = CIRCLE ( 'NONE', #411, 19.30000000000008242 ) ;
#9512 = CARTESIAN_POINT ( 'NONE',  ( -3.198396408832238080E-15, 0.5375364957382012809, -34.29634816116375617 ) ) ;
#9513 = DIRECTION ( 'NONE',  ( 1.000000000000000000, 0.000000000000000000, 0.000000000000000000 ) ) ;
#9514 = ORIENTED_EDGE ( 'NONE', *, *, #4033, .T. ) ;
#9515 = LINE ( 'NONE', #6659, #5678 ) ;
#9516 = DIRECTION ( 'NONE',  ( 1.000000000000000000, 0.000000000000000000, 0.000000000000000000 ) ) ;
#9517 = VERTEX_POINT ( 'NONE', #9494 ) ;
#9518 = VERTEX_POINT ( 'NONE', #10389 ) ;
#9519 = PLANE ( 'NONE',  #4058 ) ;
#9520 = CYLINDRICAL_SURFACE ( 'NONE', #2546, 0.6999999999999999556 ) ;
#9521 = DIRECTION ( 'NONE',  ( 1.000000000000000000, 0.000000000000000000, 0.000000000000000000 ) ) ;
#9522 = DIRECTION ( 'NONE',  ( 0.4182286202377498707, 0.9083417975707317460, 0.000000000000000000 ) ) ;
#9523 = DIRECTION ( 'NONE',  ( 0.03878550529304181094, 0.9992475592060074963, 0.000000000000000000 ) ) ;
#9524 = CARTESIAN_POINT ( 'NONE',  ( -18.78503423634787950, -0.2124635042615988512, -26.90389799132447024 ) ) ;
#9525 = EDGE_CURVE ( 'NONE', #10165, #4154, #10050, .T. ) ;
#9526 = EDGE_CURVE ( 'NONE', #8492, #286, #11253, .T. ) ;
#9527 = EDGE_LOOP ( 'NONE', ( #1091, #6964, #86, #2988, #11496, #11766, #6240, #1544 ) ) ;
#9529 = ORIENTED_EDGE ( 'NONE', *, *, #8254, .T. ) ;
#9528 = ADVANCED_FACE ( 'NONE', ( #8462 ), #4032, .T. ) ;
#9530 = DIRECTION ( 'NONE',  ( 0.9992475592060073852, -0.03878550529304530120, 0.000000000000000000 ) ) ;
#9531 = VERTEX_POINT ( 'NONE', #8647 ) ;
#9532 = ORIENTED_EDGE ( 'NONE', *, *, #5662, .T. ) ;
#9533 = CARTESIAN_POINT ( 'NONE',  ( 6.978372596544102358, 17.99420226003786638, -34.27817972094533161 ) ) ;
#9534 = CYLINDRICAL_SURFACE ( 'NONE', #5563, 1.700000000000000178 ) ;
#9535 = DIRECTION ( 'NONE',  ( -0.000000000000000000, -0.000000000000000000, 1.000000000000000000 ) ) ;
#9536 = CARTESIAN_POINT ( 'NONE',  ( -16.01833623089144254, -10.24966500973451922, -26.99634816116374836 ) ) ;
#9537 = CARTESIAN_POINT ( 'NONE',  ( -0.06945629112694227947, 19.83741151667101121, -26.29634816116374907 ) ) ;
#9538 = EDGE_CURVE ( 'NONE', #7610, #7739, #8721, .T. ) ;
#9539 = PLANE ( 'NONE',  #6710 ) ;
#9540 = DIRECTION ( 'NONE',  ( 0.2329837807837338015, -0.9724806208309330069, 0.000000000000000000 ) ) ;
#9541 = DIRECTION ( 'NONE',  ( -0.000000000000000000, -0.000000000000000000, 1.000000000000000000 ) ) ;
#9542 = B_SPLINE_CURVE_WITH_KNOTS ( 'NONE', 3,
 ( #3181, #5072, #6886, #10705, #9788, #4945, #1483, #10581 ),
 .UNSPECIFIED., .F., .F.,
 ( 4, 2, 2, 4 ),
 ( 0.000000000000000000, 0.0002734140155771842178, 0.0005468280311543684356, 0.001093656062308726463 ),
 .UNSPECIFIED. ) ;
#9543 = CARTESIAN_POINT ( 'NONE',  ( -17.85733928375339374, 7.859109667189894566, -34.29634816116375617 ) ) ;
#9544 = EDGE_CURVE ( 'NONE', #2052, #8469, #6884, .T. ) ;
#9545 = VECTOR ( 'NONE', #6483, 1000.000000000000114 ) ;
#9546 = EDGE_LOOP ( 'NONE', ( #3177, #10422, #1560, #4684 ) ) ;
#9547 = ORIENTED_EDGE ( 'NONE', *, *, #8056, .F. ) ;
#9548 = CARTESIAN_POINT ( 'NONE',  ( 16.41576971826878051, 10.68710480883466118, -26.64370081747366115 ) ) ;
#9549 = ORIENTED_EDGE ( 'NONE', *, *, #11962, .F. ) ;
#9550 = ORIENTED_EDGE ( 'NONE', *, *, #2487, .F. ) ;
#9551 = FACE_OUTER_BOUND ( 'NONE', #5769, .T. ) ;
#9552 = VERTEX_POINT ( 'NONE', #7554 ) ;
#9553 = DIRECTION ( 'NONE',  ( -0.000000000000000000, -0.000000000000000000, 1.000000000000000000 ) ) ;
#9554 = CARTESIAN_POINT ( 'NONE',  ( 17.86854104596756443, -6.788175265867955943, -26.99634816116374836 ) ) ;
#9555 = AXIS2_PLACEMENT_3D ( 'NONE', #227, #7634, #6719 ) ;
#9556 = FACE_OUTER_BOUND ( 'NONE', #11597, .T. ) ;
#9557 = CARTESIAN_POINT ( 'NONE',  ( -13.15710500441188024, -13.58272625990207239, -33.94899550485384054 ) ) ;
#9558 = ORIENTED_EDGE ( 'NONE', *, *, #2829, .T. ) ;
#9559 = ORIENTED_EDGE ( 'NONE', *, *, #6559, .F. ) ;
#9560 = VECTOR ( 'NONE', #9181, 1000.000000000000000 ) ;
#9561 = CARTESIAN_POINT ( 'NONE',  ( -3.438658578574705693, -17.94511728781422022, -34.27817972094532450 ) ) ;
#9562 = VERTEX_POINT ( 'NONE', #394 ) ;
#9564 = B_SPLINE_CURVE_WITH_KNOTS ( 'NONE', 3,
 ( #8351, #8529, #11310, #882, #10157, #4643, #11077, #4258 ),
 .UNSPECIFIED., .F., .F.,
 ( 4, 2, 2, 4 ),
 ( 0.000000000000000000, 0.0002734140155771814531, 0.0005468280311543629061, 0.001093656062308726246 ),
 .UNSPECIFIED. ) ;
#9563 = DIRECTION ( 'NONE',  ( -0.9724806208309324518, -0.2329837807837372154, 0.000000000000000000 ) ) ;
#9565 = ORIENTED_EDGE ( 'NONE', *, *, #8428, .T. ) ;
#9566 = CARTESIAN_POINT ( 'NONE',  ( 8.074651695274543073, -14.76246350426184328, -46.29634816116374907 ) ) ;
#9567 = CARTESIAN_POINT ( 'NONE',  ( 18.78826689590394139, -0.1364427607486924654, -26.63019140205944169 ) ) ;
#9568 = LINE ( 'NONE', #3488, #3342 ) ;
#9569 = CARTESIAN_POINT ( 'NONE',  ( -15.60343119137675316, 11.02359264457472854, -26.29634816116374907 ) ) ;
#9570 = CARTESIAN_POINT ( 'NONE',  ( 18.42853067367105524, 4.254214543423555206, -26.29634816116374907 ) ) ;
#9571 = CARTESIAN_POINT ( 'NONE',  ( 7.881631028044806087, 17.60563256994995740, -34.29634816116375617 ) ) ;
#9572 = VECTOR ( 'NONE', #7521, 1000.000000000000000 ) ;
#9573 = DIRECTION ( 'NONE',  ( -0.000000000000000000, -0.000000000000000000, 1.000000000000000000 ) ) ;
#9574 = ORIENTED_EDGE ( 'NONE', *, *, #5754, .F. ) ;
#9575 = EDGE_CURVE ( 'NONE', #10080, #3792, #5793, .T. ) ;
#9576 = CYLINDRICAL_SURFACE ( 'NONE', #2192, 19.33712077059222167 ) ;
#9577 = DIRECTION ( 'NONE',  ( -0.000000000000000000, -0.000000000000000000, 1.000000000000000000 ) ) ;
#9578 = EDGE_LOOP ( 'NONE', ( #4592, #11967, #10960, #10930 ) ) ;
#9579 = DIRECTION ( 'NONE',  ( 0.000000000000000000, 0.000000000000000000, -1.000000000000000000 ) ) ;
#9580 = CARTESIAN_POINT ( 'NONE',  ( 3.716678047685421760, 18.96606716940924287, -34.29634816116375617 ) ) ;
#9581 = CARTESIAN_POINT ( 'NONE',  ( 7.963145937085276849, -17.04320500889408407, -34.02662297194007834 ) ) ;
#9582 = CARTESIAN_POINT ( 'NONE',  ( 0.7499999999999982236, 19.32257073208607068, -26.99634816116374836 ) ) ;
#9583 = CARTESIAN_POINT ( 'NONE',  ( 15.75982786953576742, -9.712375173406734064, -34.27817972094532450 ) ) ;
#9584 =( LENGTH_UNIT ( ) NAMED_UNIT ( * ) SI_UNIT ( .MILLI., .METRE. ) );
#9585 = DIRECTION ( 'NONE',  ( 1.000000000000000000, 0.000000000000000000, 0.000000000000000000 ) ) ;
#9586 = EDGE_CURVE ( 'NONE', #8724, #7118, #10449, .T. ) ;
#9587 = ORIENTED_EDGE ( 'NONE', *, *, #1592, .F. ) ;
#9588 = ORIENTED_EDGE ( 'NONE', *, *, #3518, .F. ) ;
#9589 = DIRECTION ( 'NONE',  ( 0.5555702330196063965, 0.8314696123025424601, 0.000000000000000000 ) ) ;
#9590 = ORIENTED_EDGE ( 'NONE', *, *, #3603, .T. ) ;
#9591 = ORIENTED_EDGE ( 'NONE', *, *, #9822, .T. ) ;
#9592 = FACE_OUTER_BOUND ( 'NONE', #3203, .T. ) ;
#9593 = B_SPLINE_CURVE_WITH_KNOTS ( 'NONE', 3,
 ( #3989, #3423, #8663, #7128, #1485, #1259, #348, #7072 ),
 .UNSPECIFIED., .F., .F.,
 ( 4, 2, 2, 4 ),
 ( 0.000000000000000000, 0.0002734144572333958747, 0.0005468289144667917495, 0.001093657828933583282 ),
 .UNSPECIFIED. ) ;
#9594 = ADVANCED_FACE ( 'NONE', ( #5255 ), #7068, .F. ) ;
#9595 = FACE_OUTER_BOUND ( 'NONE', #11709, .T. ) ;
#9596 = CARTESIAN_POINT ( 'NONE',  ( 0.7499999999999936717, -18.24749774060966701, -33.59634816116375333 ) ) ;
#9597 = DIRECTION ( 'NONE',  ( -0.2329837807837562558, -0.9724806208309276778, 0.000000000000000000 ) ) ;
#9598 = CARTESIAN_POINT ( 'NONE',  ( -0.1619042551887033277, 19.83707881541263163, -26.29634816116374907 ) ) ;
#9599 = CARTESIAN_POINT ( 'NONE',  ( 0.7693927526465147437, -18.74712152021266931, -26.99634816116374836 ) ) ;
#9600 = LINE ( 'NONE', #9724, #3750 ) ;
#9601 = CARTESIAN_POINT ( 'NONE',  ( 4.191598272853956253, -18.30223962265210957, -34.22032890332828714 ) ) ;
#9602 = EDGE_CURVE ( 'NONE', #10601, #2718, #6185, .T. ) ;
#9603 = DIRECTION ( 'NONE',  ( 0.5874011683613039603, -0.8092959084338527953, 0.000000000000000000 ) ) ;
#9604 = VERTEX_POINT ( 'NONE', #3235 ) ;
#9605 = ORIENTED_EDGE ( 'NONE', *, *, #9095, .F. ) ;
#9606 = CARTESIAN_POINT ( 'NONE',  ( -3.716678047685161967, 18.96606716940929616, -34.29634816116375617 ) ) ;
#9607 = ORIENTED_EDGE ( 'NONE', *, *, #3906, .F. ) ;
#9608 = ORIENTED_EDGE ( 'NONE', *, *, #1922, .F. ) ;
#9609 = CARTESIAN_POINT ( 'NONE',  ( 0.6291290431575465858, 19.82738775786755525, -26.56607335038743756 ) ) ;
#9610 = ORIENTED_EDGE ( 'NONE', *, *, #10886, .F. ) ;
#9611 = CARTESIAN_POINT ( 'NONE',  ( -10.07425525387357013, 16.99959533051958971, -33.59634816116375333 ) ) ;
#9612 = EDGE_CURVE ( 'NONE', #9865, #5914, #687, .T. ) ;
#9613 = CARTESIAN_POINT ( 'NONE',  ( 15.60343119137682244, -9.948519653098212956, -34.29634816116375617 ) ) ;
#9614 = DIRECTION ( 'NONE',  ( -0.000000000000000000, -0.000000000000000000, 1.000000000000000000 ) ) ;
#9615 = LINE ( 'NONE', #2034, #6362 ) ;
#9616 = VERTEX_POINT ( 'NONE', #7977 ) ;
#9617 = ORIENTED_EDGE ( 'NONE', *, *, #669, .F. ) ;
#9618 = CARTESIAN_POINT ( 'NONE',  ( -7.325811466425972363, -16.77620743618846788, -26.29634816116375617 ) ) ;
#9619 = EDGE_LOOP ( 'NONE', ( #6452, #11926, #1677, #5249, #6279, #1679 ) ) ;
#9620 = CARTESIAN_POINT ( 'NONE',  ( -12.75269500745295836, 14.35089167497130447, -26.81144803512891528 ) ) ;
#9621 = ORIENTED_EDGE ( 'NONE', *, *, #8380, .T. ) ;
#9622 = CARTESIAN_POINT ( 'NONE',  ( 9.812803638741991463, -15.49832631261275395, -33.59634816116375333 ) ) ;
#9623 = B_SPLINE_CURVE_WITH_KNOTS ( 'NONE', 3,
 ( #7545, #8521, #5785, #9487, #3048, #10820, #9909, #624 ),
 .UNSPECIFIED., .F., .F.,
 ( 4, 2, 2, 4 ),
 ( 0.000000000000000000, 0.0002734111411466454123, 0.0005468222822932908246, 0.001093644564586588588 ),
 .UNSPECIFIED. ) ;
#9624 = CARTESIAN_POINT ( 'NONE',  ( -19.28797325785052408, 1.230913640847429047, -33.96250106665636537 ) ) ;
#9625 = CARTESIAN_POINT ( 'NONE',  ( 16.46205883478128840, 10.61179174961193716, -26.99634816116374836 ) ) ;
#9626 = AXIS2_PLACEMENT_3D ( 'NONE', #10506, #5057, #10447 ) ;
#9627 = CARTESIAN_POINT ( 'NONE',  ( 7.325711761606091166, 18.40607754170579113, -26.99634816116374836 ) ) ;
#9628 = CARTESIAN_POINT ( 'NONE',  ( 19.06420979952545380, -2.470104559920010434, -34.29634816116375617 ) ) ;
#9629 = DIRECTION ( 'NONE',  ( 0.4182286202377371032, -0.9083417975707374081, 0.000000000000000000 ) ) ;
#9630 = CIRCLE ( 'NONE', #11574, 6.399999999999995026 ) ;
#9631 = EDGE_CURVE ( 'NONE', #3611, #6283, #5528, .T. ) ;
#9632 = AXIS2_PLACEMENT_3D ( 'NONE', #10678, #425, #2366 ) ;
#9633 = DIRECTION ( 'NONE',  ( 1.000000000000000000, 0.000000000000000000, 0.000000000000000000 ) ) ;
#9634 = CARTESIAN_POINT ( 'NONE',  ( -3.007641055657871654, 19.60174629526370893, -26.99634816116374836 ) ) ;
#9635 = VERTEX_POINT ( 'NONE', #8036 ) ;
#9636 = CARTESIAN_POINT ( 'NONE',  ( -18.33890825336896313, -3.600008906973251044, -34.15607241020864393 ) ) ;
#9637 = LINE ( 'NONE', #7880, #8329 ) ;
#9638 = AXIS2_PLACEMENT_3D ( 'NONE', #2777, #10480, #11573 ) ;
#9639 = CARTESIAN_POINT ( 'NONE',  ( 7.240491104578268278, 17.88688020278095792, -26.29634816116374907 ) ) ;
#9640 = CARTESIAN_POINT ( 'NONE',  ( 0.7500000000000002220, 19.32257073208607068, -26.81144803512891528 ) ) ;
#9641 = DIRECTION ( 'NONE',  ( 0.000000000000000000, -0.000000000000000000, -1.000000000000000000 ) ) ;
#9642 = CIRCLE ( 'NONE', #5968, 1.700000000000000178 ) ;
#9643 = CARTESIAN_POINT ( 'NONE',  ( -18.35319065594248755, -3.537481906647737873, -26.37236415740901663 ) ) ;
#9644 = AXIS2_PLACEMENT_3D ( 'NONE', #351, #2288, #9695 ) ;
#9645 = CIRCLE ( 'NONE', #4809, 18.15000000000008029 ) ;
#9646 = B_SPLINE_CURVE_WITH_KNOTS ( 'NONE', 3,
 ( #2955, #6484, #3748, #5513, #10299, #5694, #10124, #12013 ),
 .UNSPECIFIED., .F., .F.,
 ( 4, 2, 2, 4 ),
 ( 0.000000000000000000, 0.0002734144572333933269, 0.0005468289144667866537, 0.001093657828933582848 ),
 .UNSPECIFIED. ) ;
#9647 = AXIS2_PLACEMENT_3D ( 'NONE', #7811, #3986, #4956 ) ;
#9648 = VERTEX_POINT ( 'NONE', #8954 ) ;
#9649 = DIRECTION ( 'NONE',  ( -0.7071067811865462405, 0.7071067811865487940, 0.000000000000000000 ) ) ;
#9650 = LINE ( 'NONE', #7888, #7170 ) ;
#9651 = VERTEX_POINT ( 'NONE', #632 ) ;
#9652 = ORIENTED_EDGE ( 'NONE', *, *, #97, .F. ) ;
#9653 = DIRECTION ( 'NONE',  ( 0.9992475592060073852, -0.03878550529304530120, 0.000000000000000000 ) ) ;
#9654 = FACE_OUTER_BOUND ( 'NONE', #5771, .T. ) ;
#9655 = CARTESIAN_POINT ( 'NONE',  ( -7.449911663004296969, -17.26664324423959584, -34.29634816116375617 ) ) ;
#9656 = CARTESIAN_POINT ( 'NONE',  ( -3.198396408832238080E-15, 0.5375364957382012809, -26.29634816116374907 ) ) ;
#9657 = DIRECTION ( 'NONE',  ( -0.7340002190031269524, 0.6791492313942213421, 0.000000000000000000 ) ) ;
#9658 = VECTOR ( 'NONE', #7168, 1000.000000000000000 ) ;
#9659 = CARTESIAN_POINT ( 'NONE',  ( -3.198396408832238080E-15, 0.5375364957382013920, -34.29634816116375617 ) ) ;
#9660 = EDGE_CURVE ( 'NONE', #5077, #8919, #6223, .T. ) ;
#9661 = DIRECTION ( 'NONE',  ( 0.000000000000000000, 0.000000000000000000, -1.000000000000000000 ) ) ;
#9662 = CARTESIAN_POINT ( 'NONE',  ( -13.32864793594280073, -12.72035106979308061, -26.29634816116374907 ) ) ;
#9663 = LINE ( 'NONE', #2147, #10227 ) ;
#9664 = ORIENTED_EDGE ( 'NONE', *, *, #4328, .F. ) ;
#9665 = ORIENTED_EDGE ( 'NONE', *, *, #2574, .F. ) ;
#9666 = CARTESIAN_POINT ( 'NONE',  ( 9.812803638741987911, -15.49832631261275395, -26.99634816116374836 ) ) ;
#9667 = ORIENTED_EDGE ( 'NONE', *, *, #8805, .T. ) ;
#9668 = B_SPLINE_CURVE_WITH_KNOTS ( 'NONE', 3,
 ( #7720, #10560, #5114, #3109, #6740, #2070, #246, #6812 ),
 .UNSPECIFIED., .F., .F.,
 ( 4, 2, 2, 4 ),
 ( 0.000000000000000000, 0.0002734140155771834046, 0.0005468280311543668093, 0.001093656062308726680 ),
 .UNSPECIFIED. ) ;
#9669 = ORIENTED_EDGE ( 'NONE', *, *, #11577, .T. ) ;
#9670 = CARTESIAN_POINT ( 'NONE',  ( -18.54798273410431619, -2.530213794972752339, -34.02662676194078983 ) ) ;
#9671 = AXIS2_PLACEMENT_3D ( 'NONE', #7535, #3770, #4985 ) ;
#9672 = ADVANCED_FACE ( 'NONE', ( #1609 ), #11618, .F. ) ;
#9673 = ORIENTED_EDGE ( 'NONE', *, *, #9544, .T. ) ;
#9674 = DIRECTION ( 'NONE',  ( -1.047444401652940007E-14, -1.000000000000000000, 0.000000000000000000 ) ) ;
#9675 = CARTESIAN_POINT ( 'NONE',  ( 19.06420979952546446, -2.470104559920011766, -33.68879736725455132 ) ) ;
#9676 = CARTESIAN_POINT ( 'NONE',  ( -18.78453066649122150, 4.968410001616383020, -26.64370081747365049 ) ) ;
#9677 = DIRECTION ( 'NONE',  ( -0.1950903220161387952, -0.9807852804032283212, 0.000000000000000000 ) ) ;
#9678 = VECTOR ( 'NONE', #8476, 1000.000000000000227 ) ;
#9679 = CARTESIAN_POINT ( 'NONE',  ( -13.10565057672413758, -13.63049637217442012, -33.77951245282524440 ) ) ;
#9680 = ADVANCED_FACE ( 'NONE', ( #7010 ), #3419, .F. ) ;
#9681 = EDGE_CURVE ( 'NONE', #11185, #10887, #2389, .T. ) ;
#9682 = ORIENTED_EDGE ( 'NONE', *, *, #8897, .F. ) ;
#9683 = EDGE_CURVE ( 'NONE', #5641, #1179, #2517, .T. ) ;
#9684 = ORIENTED_EDGE ( 'NONE', *, *, #5702, .F. ) ;
#9685 = AXIS2_PLACEMENT_3D ( 'NONE', #9789, #7127, #11680 ) ;
#9686 = CARTESIAN_POINT ( 'NONE',  ( 13.81335517923287348, -12.21515851171499634, -26.90389799132447379 ) ) ;
#9687 = ORIENTED_EDGE ( 'NONE', *, *, #6426, .F. ) ;
#9688 = DIRECTION ( 'NONE',  ( 0.000000000000000000, -0.000000000000000000, 1.000000000000000000 ) ) ;
#9689 = ORIENTED_EDGE ( 'NONE', *, *, #5477, .F. ) ;
#9690 = CARTESIAN_POINT ( 'NONE',  ( 17.52226697299715497, 8.628281833901814579, -33.59634816116375333 ) ) ;
#9691 = EDGE_CURVE ( 'NONE', #1807, #1147, #6097, .T. ) ;
#9692 = DIRECTION ( 'NONE',  ( 1.000000000000000000, 0.000000000000000000, 0.000000000000000000 ) ) ;
#9693 = CARTESIAN_POINT ( 'NONE',  ( 0.7693927526465149658, -18.74712152021267642, -33.59634816116375333 ) ) ;
#9694 = CYLINDRICAL_SURFACE ( 'NONE', #9257, 0.7000000000000005107 ) ;
#9695 = DIRECTION ( 'NONE',  ( -1.000000000000000000, 0.000000000000000000, 0.000000000000000000 ) ) ;
#9696 = EDGE_CURVE ( 'NONE', #6685, #12010, #10240, .T. ) ;
#9697 = AXIS2_PLACEMENT_3D ( 'NONE', #871, #9411, #1894 ) ;
#9698 = CARTESIAN_POINT ( 'NONE',  ( -13.75319158104450779, -12.27993056021857576, -33.94899881303460631 ) ) ;
#9699 = B_SPLINE_CURVE_WITH_KNOTS ( 'NONE', 3,
 ( #2950, #9334, #4718, #11328, #6653, #8421, #11267, #960 ),
 .UNSPECIFIED., .F., .F.,
 ( 4, 2, 2, 4 ),
 ( 0.000000000000000000, 0.0002734140155771825373, 0.0005468280311543650745, 0.001093656062308729932 ),
 .UNSPECIFIED. ) ;
#9700 = ORIENTED_EDGE ( 'NONE', *, *, #7367, .F. ) ;
#9701 = EDGE_CURVE ( 'NONE', #3823, #3908, #9102, .T. ) ;
#9702 = CARTESIAN_POINT ( 'NONE',  ( -18.27776732936867887, -3.862830842817129628, -26.99634816116374836 ) ) ;
#9703 = VECTOR ( 'NONE', #8913, 1000.000000000000000 ) ;
#9704 = LINE ( 'NONE', #11579, #570 ) ;
#9705 = ORIENTED_EDGE ( 'NONE', *, *, #1592, .T. ) ;
#9706 = CYLINDRICAL_SURFACE ( 'NONE', #11045, 19.33712077059222167 ) ;
#9707 = CARTESIAN_POINT ( 'NONE',  ( 19.28465801595086759, -0.2318562569083902902, -26.90389895507296458 ) ) ;
#9708 = CARTESIAN_POINT ( 'NONE',  ( -3.144186300207962859E-15, 0.5375364957382012809, -34.29634816116375617 ) ) ;
#9709 = CARTESIAN_POINT ( 'NONE',  ( -7.812634104321035444, 17.63771103700808141, -33.96250492026806711 ) ) ;
#9710 = DIRECTION ( 'NONE',  ( -0.9876139742652854103, 0.1569032754149136955, 0.000000000000000000 ) ) ;
#9711 = CIRCLE ( 'NONE', #5066, 19.33712077059222167 ) ;
#9712 = CARTESIAN_POINT ( 'NONE',  ( -14.18035528873463136, -12.55473312741190739, -33.59634816116375333 ) ) ;
#9713 = ORIENTED_EDGE ( 'NONE', *, *, #226, .T. ) ;
#9714 = DIRECTION ( 'NONE',  ( 0.9380269381538486329, 0.3465623512410370699, 0.000000000000000000 ) ) ;
#9715 = CARTESIAN_POINT ( 'NONE',  ( 19.28465801595087115, 1.306929248384651965, -34.29634816116375617 ) ) ;
#9716 = ORIENTED_EDGE ( 'NONE', *, *, #176, .T. ) ;
#9717 = ORIENTED_EDGE ( 'NONE', *, *, #2117, .T. ) ;
#9718 = DIRECTION ( 'NONE',  ( 0.1569032754149101705, -0.9876139742652859654, 0.000000000000000000 ) ) ;
#9719 = PLANE ( 'NONE',  #3241 ) ;
#9720 = DIRECTION ( 'NONE',  ( -0.000000000000000000, -0.000000000000000000, 1.000000000000000000 ) ) ;
#9721 = CARTESIAN_POINT ( 'NONE',  ( 7.236035070373006306, 18.42994670781092736, -26.29634816116374907 ) ) ;
#9722 = DIRECTION ( 'NONE',  ( -1.000000000000000000, 0.000000000000000000, 0.000000000000000000 ) ) ;
#9723 = CARTESIAN_POINT ( 'NONE',  ( -17.36085610837810478, 7.783328265483667074, -26.99634816116374836 ) ) ;
#9724 = CARTESIAN_POINT ( 'NONE',  ( -0.02634122926533770045, -0.1411038584609846658, -26.29634816116374907 ) ) ;
#9725 = DIRECTION ( 'NONE',  ( -0.9992475592060073852, 0.03878550529304530120, -0.000000000000000000 ) ) ;
#9726 = ORIENTED_EDGE ( 'NONE', *, *, #6039, .F. ) ;
#9727 = EDGE_CURVE ( 'NONE', #12010, #5613, #1481, .T. ) ;
#9728 = ORIENTED_EDGE ( 'NONE', *, *, #9525, .F. ) ;
#9729 = DIRECTION ( 'NONE',  ( -0.9807852804032303196, 0.1950903220161286922, 0.000000000000000000 ) ) ;
#9730 = ORIENTED_EDGE ( 'NONE', *, *, #1869, .F. ) ;
#9731 = ORIENTED_EDGE ( 'NONE', *, *, #9401, .F. ) ;
#9732 = CARTESIAN_POINT ( 'NONE',  ( 6.820728415369907260, -16.98141106815788604, -26.38468553521233773 ) ) ;
#9733 = ORIENTED_EDGE ( 'NONE', *, *, #7661, .F. ) ;
#9734 = DIRECTION ( 'NONE',  ( 0.9238795325112890700, 0.3826834323650841196, 0.000000000000000000 ) ) ;
#9735 = CARTESIAN_POINT ( 'NONE',  ( -2.929189417950816221, -18.03286631665460149, -34.29634816116375617 ) ) ;
#9736 = DIRECTION ( 'NONE',  ( -0.9083417975707406278, -0.4182286202377304418, 0.000000000000000000 ) ) ;
#9737 = CARTESIAN_POINT ( 'NONE',  ( 18.55636403081264163, -2.478934016534940277, -26.64369750929288827 ) ) ;
#9738 = CIRCLE ( 'NONE', #7409, 19.30000000000008598 ) ;
#9739 = CARTESIAN_POINT ( 'NONE',  ( 14.18035528873453899, 13.62980611888841054, -26.90389895507296103 ) ) ;
#9740 = ORIENTED_EDGE ( 'NONE', *, *, #4346, .T. ) ;
#9741 = EDGE_LOOP ( 'NONE', ( #401, #7299, #7093, #5730 ) ) ;
#9742 = CARTESIAN_POINT ( 'NONE',  ( -15.75982786953569814, 10.78744816488324787, -34.27817972094532450 ) ) ;
#9743 = ORIENTED_EDGE ( 'NONE', *, *, #8063, .T. ) ;
#9744 = CARTESIAN_POINT ( 'NONE',  ( -0.3551304480341347380, 1.116439730818021836, -33.59634816116375333 ) ) ;
#9745 = VERTEX_POINT ( 'NONE', #5979 ) ;
#9746 = FACE_OUTER_BOUND ( 'NONE', #9619, .T. ) ;
#9747 = CIRCLE ( 'NONE', #8209, 19.33712077059222523 ) ;
#9748 = CARTESIAN_POINT ( 'NONE',  ( 13.12755238451700457, -12.91981213222086211, -26.31451660138218074 ) ) ;
#9749 = DIRECTION ( 'NONE',  ( 0.7071067811865512365, 0.7071067811865439090, 0.000000000000000000 ) ) ;
#9750 = DIRECTION ( 'NONE',  ( -0.000000000000000000, 0.000000000000000000, -1.000000000000000000 ) ) ;
#9751 = EDGE_CURVE ( 'NONE', #1758, #8264, #165, .T. ) ;
#9752 = EDGE_CURVE ( 'NONE', #6629, #9505, #6750, .T. ) ;
#9753 = FACE_OUTER_BOUND ( 'NONE', #1157, .T. ) ;
#9754 = CARTESIAN_POINT ( 'NONE',  ( 3.833340540673383146, -18.37794658821271199, -26.29634816116374907 ) ) ;
#9755 = EDGE_CURVE ( 'NONE', #3075, #8797, #4813, .T. ) ;
#9756 = AXIS2_PLACEMENT_3D ( 'NONE', #441, #3221, #6929 ) ;
#9757 = CARTESIAN_POINT ( 'NONE',  ( 2.929189417950547103, -18.03286631665464057, -33.59634816116375333 ) ) ;
#9758 = CARTESIAN_POINT ( 'NONE',  ( 4.516859228947406102, 19.30154413552229897, -34.29634816116375617 ) ) ;
#9759 = ORIENTED_EDGE ( 'NONE', *, *, #6274, .T. ) ;
#9760 = FACE_OUTER_BOUND ( 'NONE', #8504, .T. ) ;
#9761 = LINE ( 'NONE', #5943, #11039 ) ;
#9762 = CARTESIAN_POINT ( 'NONE',  ( -8.074651695274550178, -14.76246350426184151, -44.29634816116374907 ) ) ;
#9763 = CARTESIAN_POINT ( 'NONE',  ( -19.05026529220682718, -2.557398831854571064, -26.64370081747365049 ) ) ;
#9764 = CARTESIAN_POINT ( 'NONE',  ( 18.11113469183634095, 7.206629400636532345, -33.59634816116375333 ) ) ;
#9765 = EDGE_CURVE ( 'NONE', #9090, #1188, #1524, .T. ) ;
#9766 = VERTEX_POINT ( 'NONE', #9238 ) ;
#9767 = DIRECTION ( 'NONE',  ( 0.000000000000000000, 0.000000000000000000, -1.000000000000000000 ) ) ;
#9768 = CARTESIAN_POINT ( 'NONE',  ( -17.10491403184491688, 8.338796416971796077, -33.94899881303460631 ) ) ;
#9769 = ORIENTED_EDGE ( 'NONE', *, *, #3588, .T. ) ;
#9770 = ORIENTED_EDGE ( 'NONE', *, *, #11434, .T. ) ;
#9771 = DIRECTION ( 'NONE',  ( -0.9724806208309274558, 0.2329837807837575325, 0.000000000000000000 ) ) ;
#9772 = EDGE_CURVE ( 'NONE', #2189, #9848, #9858, .T. ) ;
#9773 = CARTESIAN_POINT ( 'NONE',  ( 17.27818132350600777, -6.871735658442525541, -26.31451660138218429 ) ) ;
#9774 = CARTESIAN_POINT ( 'NONE',  ( -3.144186300207962859E-15, 0.5375364957382012809, -26.29634816116374907 ) ) ;
#9775 = CARTESIAN_POINT ( 'NONE',  ( -11.06000805719603619, -14.66497096308320458, -26.99634816116374836 ) ) ;
#9776 = DIRECTION ( 'NONE',  ( 0.9807852804032290983, -0.1950903220161353258, 0.000000000000000000 ) ) ;
#9777 = CARTESIAN_POINT ( 'NONE',  ( 0.2986392761938108653, 0.9844817574481115052, -26.29634816116374907 ) ) ;
#9778 = CARTESIAN_POINT ( 'NONE',  ( -3.198396408832238080E-15, 0.5375364957382012809, -26.29634816116374907 ) ) ;
#9779 = CARTESIAN_POINT ( 'NONE',  ( -14.18035528873435425, 13.62980611888861127, -26.99634816116374836 ) ) ;
#9780 = EDGE_CURVE ( 'NONE', #4348, #6759, #6285, .T. ) ;
#9781 = ORIENTED_EDGE ( 'NONE', *, *, #1213, .T. ) ;
#9782 = EDGE_LOOP ( 'NONE', ( #10532, #9435, #2469, #7606 ) ) ;
#9783 = CARTESIAN_POINT ( 'NONE',  ( -3.144186300207962859E-15, 0.5375364957382012809, -34.29634816116375617 ) ) ;
#9784 = ORIENTED_EDGE ( 'NONE', *, *, #6773, .T. ) ;
#9785 = ORIENTED_EDGE ( 'NONE', *, *, #4785, .T. ) ;
#9786 = DIRECTION ( 'NONE',  ( 0.2329837807837406294, -0.9724806208309315636, 0.000000000000000000 ) ) ;
#9787 = EDGE_LOOP ( 'NONE', ( #4968, #6054, #12006, #8168 ) ) ;
#9788 = CARTESIAN_POINT ( 'NONE',  ( 17.59310005470283755, 7.164872749166367072, -34.02662676194077562 ) ) ;
#9789 = CARTESIAN_POINT ( 'NONE',  ( 0.3800957012717303130, 0.1574407944664631132, -26.29634816116374907 ) ) ;
#9790 = FACE_OUTER_BOUND ( 'NONE', #4455, .T. ) ;
#9791 = CARTESIAN_POINT ( 'NONE',  ( -18.76400763978405450, 5.054395724685802449, -26.99634816116374836 ) ) ;
#9792 = CARTESIAN_POINT ( 'NONE',  ( -0.3989343114037711135, -0.01209793357969226116, -26.29634816116374907 ) ) ;
#9793 = DIRECTION ( 'NONE',  ( -0.8523920528607267233, -0.5229032302633788154, 0.000000000000000000 ) ) ;
#9794 = ORIENTED_EDGE ( 'NONE', *, *, #2621, .F. ) ;
#9795 = VERTEX_POINT ( 'NONE', #4625 ) ;
#9796 = CARTESIAN_POINT ( 'NONE',  ( -7.963145937085152504, 18.11827800037054814, -34.02662297194007834 ) ) ;
#9797 = ORIENTED_EDGE ( 'NONE', *, *, #8345, .T. ) ;
#9798 = LINE ( 'NONE', #5138, #1105 ) ;
#9799 = ORIENTED_EDGE ( 'NONE', *, *, #3469, .F. ) ;
#9800 = CARTESIAN_POINT ( 'NONE',  ( 4.400367338555529528, 18.81530382510683452, -33.59634816116375333 ) ) ;
#9801 = CARTESIAN_POINT ( 'NONE',  ( 18.44805341594532777, -3.080994098717086960, -34.29634816116375617 ) ) ;
#9802 = CARTESIAN_POINT ( 'NONE',  ( 18.76400763978407582, -3.979322733209272211, -34.29634816116375617 ) ) ;
#9803 = CARTESIAN_POINT ( 'NONE',  ( 5.949999999999999289, 9.087536495738202547, 53.36789795213030629 ) ) ;
#9804 = DIRECTION ( 'NONE',  ( -0.9238795325112919565, -0.3826834323650772363, 0.000000000000000000 ) ) ;
#9805 = EDGE_CURVE ( 'NONE', #8419, #3951, #11213, .T. ) ;
#9806 = DIRECTION ( 'NONE',  ( 0.000000000000000000, 0.000000000000000000, 1.000000000000000000 ) ) ;
#9807 = ORIENTED_EDGE ( 'NONE', *, *, #3885, .T. ) ;
#9808 = CARTESIAN_POINT ( 'NONE',  ( 3.007641055657998219, -18.52667330378728749, -33.59634816116375333 ) ) ;
#9809 = ADVANCED_FACE ( 'NONE', ( #2628 ), #10893, .F. ) ;
#9810 = VERTEX_POINT ( 'NONE', #983 ) ;
#9811 = VECTOR ( 'NONE', #10835, 1000.000000000000000 ) ;
#9812 = CARTESIAN_POINT ( 'NONE',  ( 16.46205883478120668, -9.536718758135661389, -26.99634816116374836 ) ) ;
#9813 = ORIENTED_EDGE ( 'NONE', *, *, #7766, .T. ) ;
#9814 = FACE_OUTER_BOUND ( 'NONE', #4675, .T. ) ;
#9815 = CARTESIAN_POINT ( 'NONE',  ( -15.65902725766272674, -9.865314259913210648, -26.29634816116374907 ) ) ;
#9816 = EDGE_CURVE ( 'NONE', #979, #9604, #5243, .T. ) ;
#9817 = CARTESIAN_POINT ( 'NONE',  ( -3.184081677783118191E-15, 0.5375364957382012809, -39.14634816116374338 ) ) ;
#9818 = CARTESIAN_POINT ( 'NONE',  ( -13.69618551780621196, 14.13549598464089385, -26.29634816116374907 ) ) ;
#9819 = FACE_OUTER_BOUND ( 'NONE', #1459, .T. ) ;
#9820 = EDGE_CURVE ( 'NONE', #3512, #9366, #298, .T. ) ;
#9821 = AXIS2_PLACEMENT_3D ( 'NONE', #11111, #7520, #3883 ) ;
#9822 = EDGE_CURVE ( 'NONE', #1357, #9881, #65, .T. ) ;
#9823 = EDGE_CURVE ( 'NONE', #8955, #5977, #4688, .T. ) ;
#9824 = AXIS2_PLACEMENT_3D ( 'NONE', #9398, #1084, #2965 ) ;
#9825 = EDGE_CURVE ( 'NONE', #9424, #11567, #11914, .T. ) ;
#9826 = EDGE_LOOP ( 'NONE', ( #2782, #1253, #3132, #7748 ) ) ;
#9827 = VECTOR ( 'NONE', #4690, 1000.000000000000000 ) ;
#9828 = CARTESIAN_POINT ( 'NONE',  ( -3.144186300207962859E-15, 0.5375364957382012809, -26.29634816116374907 ) ) ;
#9829 = DIRECTION ( 'NONE',  ( 0.000000000000000000, 0.000000000000000000, 1.000000000000000000 ) ) ;
#9830 = VERTEX_POINT ( 'NONE', #1725 ) ;
#9831 = EDGE_CURVE ( 'NONE', #883, #7155, #4655, .T. ) ;
#9832 = VERTEX_POINT ( 'NONE', #8223 ) ;
#9833 = DIRECTION ( 'NONE',  ( 1.000000000000000000, 0.000000000000000000, 0.000000000000000000 ) ) ;
#9834 = CIRCLE ( 'NONE', #9438, 10.39999999999998792 ) ;
#9835 = FACE_OUTER_BOUND ( 'NONE', #8770, .T. ) ;
#9836 = DIRECTION ( 'NONE',  ( -0.000000000000000000, -0.000000000000000000, 1.000000000000000000 ) ) ;
#9837 = CARTESIAN_POINT ( 'NONE',  ( 13.95200539898915615, -12.79843762011247854, -34.22032890332829425 ) ) ;
#9838 = CARTESIAN_POINT ( 'NONE',  ( 13.69618551780630078, -13.06042299316439248, -26.29634816116374907 ) ) ;
#9839 = FACE_OUTER_BOUND ( 'NONE', #3482, .T. ) ;
#9840 = CARTESIAN_POINT ( 'NONE',  ( -19.29987502093281293, 0.4680802046114642123, -34.29634816116375617 ) ) ;
#9841 = EDGE_CURVE ( 'NONE', #568, #8206, #10095, .T. ) ;
#9842 = AXIS2_PLACEMENT_3D ( 'NONE', #9263, #7437, #3680 ) ;
#9843 = CARTESIAN_POINT ( 'NONE',  ( -17.52226697299722602, -7.553208842425283898, -33.59634816116375333 ) ) ;
#9844 = VECTOR ( 'NONE', #3741, 1000.000000000000114 ) ;
#9845 = ORIENTED_EDGE ( 'NONE', *, *, #4013, .T. ) ;
#9846 = ORIENTED_EDGE ( 'NONE', *, *, #1143, .F. ) ;
#9847 = FACE_OUTER_BOUND ( 'NONE', #477, .T. ) ;
#9848 = VERTEX_POINT ( 'NONE', #3956 ) ;
#9849 = ORIENTED_EDGE ( 'NONE', *, *, #5763, .F. ) ;
#9850 = VECTOR ( 'NONE', #10665, 1000.000000000000114 ) ;
#9851 = CARTESIAN_POINT ( 'NONE',  ( -0.7693927526465210720, 19.82219451168907298, -26.99634816116374836 ) ) ;
#9852 = AXIS2_PLACEMENT_3D ( 'NONE', #10039, #5547, #9308 ) ;
#9853 = ORIENTED_EDGE ( 'NONE', *, *, #514, .F. ) ;
#9854 = CARTESIAN_POINT ( 'NONE',  ( -18.46585473804448441, 4.065347626650032353, -34.29634816116375617 ) ) ;
#9855 = CARTESIAN_POINT ( 'NONE',  ( 6.512883272943024160, -17.09830234521706416, -33.77951444777792034 ) ) ;
#9856 = AXIS2_PLACEMENT_3D ( 'NONE', #7266, #10964, #2645 ) ;
#9857 = DIRECTION ( 'NONE',  ( 3.493063737212117561E-15, 1.000000000000000000, 0.000000000000000000 ) ) ;
#9858 = CIRCLE ( 'NONE', #11410, 19.30000000000008598 ) ;
#9859 = DIRECTION ( 'NONE',  ( 1.000000000000000000, 0.000000000000000000, 0.000000000000000000 ) ) ;
#9860 = CARTESIAN_POINT ( 'NONE',  ( 3.833340540673382701, -18.37794658821271199, -34.29634816116375617 ) ) ;
#9861 = ADVANCED_FACE ( 'NONE', ( #8572, #1954 ), #2196, .T. ) ;
#9862 = CARTESIAN_POINT ( 'NONE',  ( 13.09226962315025844, 14.71789178447268931, -26.81145002369893149 ) ) ;
#9863 = AXIS2_PLACEMENT_3D ( 'NONE', #4372, #7283, #9893 ) ;
#9864 = AXIS2_PLACEMENT_3D ( 'NONE', #7462, #4682, #2841 ) ;
#9865 = VERTEX_POINT ( 'NONE', #8446 ) ;
#9866 = CIRCLE ( 'NONE', #9112, 6.399999999999995026 ) ;
#9867 = ORIENTED_EDGE ( 'NONE', *, *, #2340, .T. ) ;
#9868 = CARTESIAN_POINT ( 'NONE',  ( -8.010415650541155230, 18.09670713364155858, -33.94899550485384765 ) ) ;
#9869 = VERTEX_POINT ( 'NONE', #11294 ) ;
#9870 = CARTESIAN_POINT ( 'NONE',  ( -7.908218864265216475, 15.17070416021015866, -44.62951582563566433 ) ) ;
#9871 = EDGE_LOOP ( 'NONE', ( #9026, #7853, #9084, #5427 ) ) ;
#9872 = PLANE ( 'NONE',  #3841 ) ;
#9873 = EDGE_CURVE ( 'NONE', #128, #1799, #4072, .T. ) ;
#9874 = FACE_OUTER_BOUND ( 'NONE', #5876, .T. ) ;
#9875 = DIRECTION ( 'NONE',  ( 0.000000000000000000, 0.000000000000000000, 1.000000000000000000 ) ) ;
#9876 = LINE ( 'NONE', #8788, #9246 ) ;
#9877 = VECTOR ( 'NONE', #4365, 1000.000000000000000 ) ;
#9878 = DIRECTION ( 'NONE',  ( -0.000000000000000000, -0.000000000000000000, 1.000000000000000000 ) ) ;
#9879 = AXIS2_PLACEMENT_3D ( 'NONE', #12012, #5460, #6431 ) ;
#9880 = CARTESIAN_POINT ( 'NONE',  ( -10.85686969200522789, -15.41949728963592037, -34.29634816116376328 ) ) ;
#9881 = VERTEX_POINT ( 'NONE', #2855 ) ;
#9882 = DIRECTION ( 'NONE',  ( -0.5229032302633819240, 0.8523920528607248359, -0.000000000000000000 ) ) ;
#9883 = ORIENTED_EDGE ( 'NONE', *, *, #6392, .T. ) ;
#9884 = ADVANCED_FACE ( 'NONE', ( #3830 ), #6565, .F. ) ;
#9885 = CARTESIAN_POINT ( 'NONE',  ( -18.76400763978405450, 5.054395724685802449, -26.99634816116374836 ) ) ;
#9886 = ORIENTED_EDGE ( 'NONE', *, *, #7476, .T. ) ;
#9887 = CARTESIAN_POINT ( 'NONE',  ( 14.12894836719727465, 13.68590150048270537, -33.96250106665635116 ) ) ;
#9888 = CARTESIAN_POINT ( 'NONE',  ( -6.981632217272974117, 18.53096506993712111, -26.37236741899921100 ) ) ;
#9889 = VECTOR ( 'NONE', #10172, 1000.000000000000114 ) ;
#9890 = DIRECTION ( 'NONE',  ( 0.1950903220161182283, -0.9807852804032325400, 0.000000000000000000 ) ) ;
#9891 = CARTESIAN_POINT ( 'NONE',  ( -19.29551535982285060, 0.1019365980080341044, -34.22032890332829425 ) ) ;
#9892 = CARTESIAN_POINT ( 'NONE',  ( -3.273895170458150705, 19.55794084154753065, -34.15606879818030706 ) ) ;
#9893 = DIRECTION ( 'NONE',  ( -1.000000000000000000, 0.000000000000000000, 0.000000000000000000 ) ) ;
#9894 = VECTOR ( 'NONE', #4678, 1000.000000000000000 ) ;
#9895 = DIRECTION ( 'NONE',  ( 0.9083417975707374081, 0.4182286202377371587, 0.000000000000000000 ) ) ;
#9896 = CARTESIAN_POINT ( 'NONE',  ( 13.25788756553132686, -12.79111144020455093, -34.29634816116375617 ) ) ;
#9897 = ORIENTED_EDGE ( 'NONE', *, *, #4617, .F. ) ;
#9898 = ORIENTED_EDGE ( 'NONE', *, *, #3747, .F. ) ;
#9899 = PLANE ( 'NONE',  #11608 ) ;
#9900 = DIRECTION ( 'NONE',  ( -0.9992475592060070522, 0.03878550529305227479, 0.000000000000000000 ) ) ;
#9901 = CARTESIAN_POINT ( 'NONE',  ( -0.6810553772461575006, 19.82554821179036963, -33.94899550485382633 ) ) ;
#9902 = LINE ( 'NONE', #11541, #11884 ) ;
#9903 = DIRECTION ( 'NONE',  ( -0.3826834323650998848, -0.9238795325112825196, 0.000000000000000000 ) ) ;
#9904 = CARTESIAN_POINT ( 'NONE',  ( -11.06000805719570756, 15.74004395455983563, -33.59634816116375333 ) ) ;
#9905 = DIRECTION ( 'NONE',  ( 0.7340002190031317264, 0.6791492313942160131, 0.000000000000000000 ) ) ;
#9906 = B_SPLINE_CURVE_WITH_KNOTS ( 'NONE', 3,
 ( #2579, #9978, #11623, #1670, #5370, #4692, #4629, #4460 ),
 .UNSPECIFIED., .F., .F.,
 ( 4, 2, 2, 4 ),
 ( 0.000000000000000000, 0.0002734115678465750339, 0.0005468231356931500678, 0.001093646271386296883 ),
 .UNSPECIFIED. ) ;
#9907 = VECTOR ( 'NONE', #8844, 1000.000000000000114 ) ;
#9908 = EDGE_CURVE ( 'NONE', #3792, #1476, #1473, .T. ) ;
#9909 = CARTESIAN_POINT ( 'NONE',  ( -16.18801740618128449, 11.04811591692592287, -34.29634816116377038 ) ) ;
#9910 = B_SPLINE_CURVE_WITH_KNOTS ( 'NONE', 3,
 ( #1999, #10360, #11341, #9458, #3022, #2054, #1149, #3880 ),
 .UNSPECIFIED., .F., .F.,
 ( 4, 2, 2, 4 ),
 ( 8.673617379884035472E-19, 0.0002734144572333950616, 0.0005468289144667892558, 0.001093657828933583499 ),
 .UNSPECIFIED. ) ;
#9911 = EDGE_CURVE ( 'NONE', #9422, #614, #1139, .T. ) ;
#9912 = ORIENTED_EDGE ( 'NONE', *, *, #9451, .T. ) ;
#9913 = ORIENTED_EDGE ( 'NONE', *, *, #7632, .F. ) ;
#9914 = CARTESIAN_POINT ( 'NONE',  ( -5.599999999999997868, 0.5375364957382028352, -37.09634816116376044 ) ) ;
#9915 = ORIENTED_EDGE ( 'NONE', *, *, #6738, .F. ) ;
#9916 = ORIENTED_EDGE ( 'NONE', *, *, #8431, .T. ) ;
#9917 = EDGE_CURVE ( 'NONE', #11423, #9562, #565, .T. ) ;
#9918 = DIRECTION ( 'NONE',  ( -0.000000000000000000, 0.000000000000000000, -1.000000000000000000 ) ) ;
#9919 = ORIENTED_EDGE ( 'NONE', *, *, #6328, .F. ) ;
#9920 = CARTESIAN_POINT ( 'NONE',  ( 7.321573171451383644, -17.31980278801531625, -34.29634816116375617 ) ) ;
#9921 = CARTESIAN_POINT ( 'NONE',  ( 0.000000000000000000, 0.5375364957382021691, -40.29634816116375617 ) ) ;
#9922 = CARTESIAN_POINT ( 'NONE',  ( -17.06809607421185504, -7.344094532306414180, -26.99634816116374836 ) ) ;
#9923 = CARTESIAN_POINT ( 'NONE',  ( 18.78576306930916218, 1.269360282525158645, -26.81318187454958135 ) ) ;
#9924 = CARTESIAN_POINT ( 'NONE',  ( 0.06945629112693578466, -18.76233852519460754, -34.29634816116375617 ) ) ;
#9925 = ADVANCED_FACE ( 'NONE', ( #9592 ), #11425, .T. ) ;
#9926 = CARTESIAN_POINT ( 'NONE',  ( 0.7693927526465147437, -18.74712152021266931, -33.59634816116375333 ) ) ;
#9927 = ORIENTED_EDGE ( 'NONE', *, *, #1307, .T. ) ;
#9928 = EDGE_LOOP ( 'NONE', ( #2400, #11495, #11941, #3230 ) ) ;
#9929 = CYLINDRICAL_SURFACE ( 'NONE', #8109, 0.7000000000000003997 ) ;
#9930 = ORIENTED_EDGE ( 'NONE', *, *, #4648, .F. ) ;
#9931 = CARTESIAN_POINT ( 'NONE',  ( 10.51057942118754696, 16.72555390191959646, -34.29634816116376328 ) ) ;
#9932 = ORIENTED_EDGE ( 'NONE', *, *, #3386, .F. ) ;
#9933 = CARTESIAN_POINT ( 'NONE',  ( -6.495811729277623847, 18.17965771849769396, -26.99634816116374836 ) ) ;
#9934 = PLANE ( 'NONE',  #9856 ) ;
#9935 = LINE ( 'NONE', #9693, #9907 ) ;
#9936 = CARTESIAN_POINT ( 'NONE',  ( 7.321573171451516870, 18.39487577949166308, -34.29634816116375617 ) ) ;
#9937 = VECTOR ( 'NONE', #18, 1000.000000000000114 ) ;
#9938 = FACE_OUTER_BOUND ( 'NONE', #4256, .T. ) ;
#9939 = CARTESIAN_POINT ( 'NONE',  ( -0.7500000000000064393, -18.24749774060966701, -34.29634816116375617 ) ) ;
#9940 = ORIENTED_EDGE ( 'NONE', *, *, #5682, .T. ) ;
#9941 = VECTOR ( 'NONE', #7039, 1000.000000000000000 ) ;
#9942 = DIRECTION ( 'NONE',  ( 0.9876139742652848552, -0.1569032754149171371, 0.000000000000000000 ) ) ;
#9943 = ORIENTED_EDGE ( 'NONE', *, *, #3461, .F. ) ;
#9944 = ADVANCED_FACE ( 'NONE', ( #8510 ), #4740, .F. ) ;
#9945 = DIRECTION ( 'NONE',  ( -0.8314696123025445695, 0.5555702330196032879, 0.000000000000000000 ) ) ;
#9946 = ORIENTED_EDGE ( 'NONE', *, *, #4305, .F. ) ;
#9947 = DIRECTION ( 'NONE',  ( 0.9876139742652876308, 0.1569032754148996234, 0.000000000000000000 ) ) ;
#9948 = FACE_OUTER_BOUND ( 'NONE', #6346, .T. ) ;
#9949 = DIRECTION ( 'NONE',  ( 1.000000000000000000, 0.000000000000000000, 0.000000000000000000 ) ) ;
#9950 = CARTESIAN_POINT ( 'NONE',  ( -19.06420979952543959, 3.545177551396542448, -26.99634816116374836 ) ) ;
#9951 = CARTESIAN_POINT ( 'NONE',  ( -16.03586280835099487, -9.275267143003736336, -33.59634816116375333 ) ) ;
#9952 = AXIS2_PLACEMENT_3D ( 'NONE', #9778, #8761, #561 ) ;
#9953 = LINE ( 'NONE', #9049, #4435 ) ;
#9954 = EDGE_CURVE ( 'NONE', #393, #5914, #1282, .T. ) ;
#9955 = VECTOR ( 'NONE', #975, 1000.000000000000000 ) ;
#9956 = CARTESIAN_POINT ( 'NONE',  ( 19.06420979952545736, -2.470104559920010878, -33.59634816116375333 ) ) ;
#9957 = CARTESIAN_POINT ( 'NONE',  ( 17.51894756389600261, -6.283191919631899935, -34.20801078711517107 ) ) ;
#9958 = EDGE_LOOP ( 'NONE', ( #9853, #11250, #4926, #522 ) ) ;
#9959 = EDGE_LOOP ( 'NONE', ( #5549, #11501, #3795, #11802 ) ) ;
#9960 = CARTESIAN_POINT ( 'NONE',  ( 0.6616571570119202939, -18.25075640707831326, -26.64369750929288827 ) ) ;
#9961 = CARTESIAN_POINT ( 'NONE',  ( -18.29819821516115042, 4.851894208552961274, -33.94899881303459210 ) ) ;
#9962 = CARTESIAN_POINT ( 'NONE',  ( 4.516859228947263993, -18.22647114404592728, -26.99634816116374836 ) ) ;
#9963 = CARTESIAN_POINT ( 'NONE',  ( 15.21321162429143392, 11.58283650187888547, -26.81318187454958135 ) ) ;
#9964 = CARTESIAN_POINT ( 'NONE',  ( 10.66468526717345888, -15.54831095325050860, -34.29634816116375617 ) ) ;
#9965 = LINE ( 'NONE', #6214, #9560 ) ;
#9966 = EDGE_CURVE ( 'NONE', #4921, #9651, #3663, .T. ) ;
#9967 = CARTESIAN_POINT ( 'NONE',  ( 3.195402843826239181, 19.06384855590414062, -34.15607241020864393 ) ) ;
#9968 = VERTEX_POINT ( 'NONE', #2068 ) ;
#9969 = ORIENTED_EDGE ( 'NONE', *, *, #10328, .T. ) ;
#9970 = LINE ( 'NONE', #5536, #4230 ) ;
#9971 = ADVANCED_FACE ( 'NONE', ( #3108 ), #10316, .F. ) ;
#9972 = ORIENTED_EDGE ( 'NONE', *, *, #9772, .T. ) ;
#9973 = ORIENTED_EDGE ( 'NONE', *, *, #9171, .F. ) ;
#9974 = CARTESIAN_POINT ( 'NONE',  ( -15.20250745882136556, 11.59754455293428421, -34.29634816116375617 ) ) ;
#9975 = VERTEX_POINT ( 'NONE', #5775 ) ;
#9976 = CARTESIAN_POINT ( 'NONE',  ( 6.399999999999995026, 0.5375364957382021691, -37.89634816116375760 ) ) ;
#9977 = CARTESIAN_POINT ( 'NONE',  ( -17.64212122275947081, -5.958275233539479743, -26.99634816116374836 ) ) ;
#9978 = CARTESIAN_POINT ( 'NONE',  ( -10.58763275542145799, -15.59939565920002558, -26.29634816116374552 ) ) ;
#9979 = EDGE_CURVE ( 'NONE', #2356, #3924, #10500, .T. ) ;
#9980 = CYLINDRICAL_SURFACE ( 'NONE', #4201, 1.700000000000000178 ) ;
#9981 = DIRECTION ( 'NONE',  ( 0.9807852804032318739, 0.1950903220161216423, 0.000000000000000000 ) ) ;
#9982 = FACE_OUTER_BOUND ( 'NONE', #8473, .T. ) ;
#9983 = ORIENTED_EDGE ( 'NONE', *, *, #974, .F. ) ;
#9984 = ORIENTED_EDGE ( 'NONE', *, *, #4383, .T. ) ;
#9985 = CARTESIAN_POINT ( 'NONE',  ( -17.61132449563343627, 7.116213407165950855, -26.64369750929288116 ) ) ;
#9986 = ORIENTED_EDGE ( 'NONE', *, *, #5928, .T. ) ;
#9987 = DIRECTION ( 'NONE',  ( 0.4182286202377435425, 0.9083417975707345215, 0.000000000000000000 ) ) ;
#9988 = VERTEX_POINT ( 'NONE', #9409 ) ;
#9989 = DIRECTION ( 'NONE',  ( 3.491481338843133355E-15, 1.000000000000000000, 0.000000000000000000 ) ) ;
#9990 = EDGE_CURVE ( 'NONE', #3624, #3672, #5295, .T. ) ;
#9991 = CARTESIAN_POINT ( 'NONE',  ( -2.947158568580293458, 19.10510813348262360, -33.77951444777792034 ) ) ;
#9992 = EDGE_CURVE ( 'NONE', #4007, #9562, #3494, .T. ) ;
#9993 = CARTESIAN_POINT ( 'NONE',  ( -16.38845051940299413, -9.656228983273846822, -26.56607335038743400 ) ) ;
#9994 = CARTESIAN_POINT ( 'NONE',  ( 6.669092904898398899, 18.64867118757452502, -33.59634816116375333 ) ) ;
#9995 = DIRECTION ( 'NONE',  ( 0.5874011683613151735, 0.8092959084338445797, 0.000000000000000000 ) ) ;
#9996 = CARTESIAN_POINT ( 'NONE',  ( -11.35370864137669855, -15.06961891730012582, -33.59634816116375333 ) ) ;
#9997 = ORIENTED_EDGE ( 'NONE', *, *, #5103, .F. ) ;
#9998 = FACE_OUTER_BOUND ( 'NONE', #3403, .T. ) ;
#9999 = ORIENTED_EDGE ( 'NONE', *, *, #8345, .F. ) ;
#10000 = CARTESIAN_POINT ( 'NONE',  ( -14.00000000000000000, 0.5375364957381987274, -21.29634816116374907 ) ) ;
#10001 = ORIENTED_EDGE ( 'NONE', *, *, #718, .F. ) ;
#10002 = DIRECTION ( 'NONE',  ( 1.000000000000000000, 0.000000000000000000, 0.000000000000000000 ) ) ;
#10003 = DIRECTION ( 'NONE',  ( 0.000000000000000000, 0.000000000000000000, 1.000000000000000000 ) ) ;
#10004 = CARTESIAN_POINT ( 'NONE',  ( 15.69999999999999929, 0.5375364957381987274, -29.44634816116375120 ) ) ;
#10005 = CARTESIAN_POINT ( 'NONE',  ( -0.5496344293179094009, 0.1386021843344388549, -33.59634816116375333 ) ) ;
#10006 = CARTESIAN_POINT ( 'NONE',  ( 3.007641055658142104, 19.60174629526366985, -34.29634816116375617 ) ) ;
#10007 = EDGE_CURVE ( 'NONE', #2368, #5397, #4080, .T. ) ;
#10008 = B_SPLINE_CURVE_WITH_KNOTS ( 'NONE', 3,
 ( #7794, #7120, #1419, #8708, #11497, #628, #6094, #10575 ),
 .UNSPECIFIED., .F., .F.,
 ( 4, 2, 2, 4 ),
 ( 0.000000000000000000, 0.0002734111411466466591, 0.0005468222822932933182, 0.001093644564586588371 ),
 .UNSPECIFIED. ) ;
#10009 = AXIS2_PLACEMENT_3D ( 'NONE', #7307, #10099, #9021 ) ;
#10010 = CARTESIAN_POINT ( 'NONE',  ( -3.198396408832238080E-15, 0.5375364957382012809, -26.29634816116374907 ) ) ;
#10011 = VERTEX_POINT ( 'NONE', #5168 ) ;
#10012 = ORIENTED_EDGE ( 'NONE', *, *, #1922, .T. ) ;
#10013 = CARTESIAN_POINT ( 'NONE',  ( 3.515623137886030314, -18.44046606681519407, -26.29634816116374907 ) ) ;
#10014 = ADVANCED_FACE ( 'NONE', ( #3406 ), #7961, .F. ) ;
#10015 = DIRECTION ( 'NONE',  ( 0.2329837807837575325, 0.9724806208309274558, 0.000000000000000000 ) ) ;
#10016 = LINE ( 'NONE', #4196, #1763 ) ;
#10017 = DIRECTION ( 'NONE',  ( -0.5874011683613209467, -0.8092959084338404718, 0.000000000000000000 ) ) ;
#10018 = CARTESIAN_POINT ( 'NONE',  ( -10.48605614883647696, -15.06589469563858330, -34.29634816116375617 ) ) ;
#10019 = CARTESIAN_POINT ( 'NONE',  ( 11.29234582336303028, -15.11460744899001263, -26.63019525567115053 ) ) ;
#10020 = VECTOR ( 'NONE', #11726, 1000.000000000000114 ) ;
#10021 = CARTESIAN_POINT ( 'NONE',  ( -3.144186300207962859E-15, 0.5375364957382012809, -26.29634816116374907 ) ) ;
#10022 = AXIS2_PLACEMENT_3D ( 'NONE', #11517, #7997, #1440 ) ;
#10023 = ORIENTED_EDGE ( 'NONE', *, *, #11307, .F. ) ;
#10024 = AXIS2_PLACEMENT_3D ( 'NONE', #11985, #6465, #10155 ) ;
#10025 = EDGE_LOOP ( 'NONE', ( #1795, #7579, #10216, #5773, #7277, #11155, #11829, #569, #4703, #7351, #2249, #2854, #9432, #11199, #6301, #6299 ) ) ;
#10026 = CARTESIAN_POINT ( 'NONE',  ( -8.090745338163426226, 18.05980346873544917, -26.99634816116374836 ) ) ;
#10027 = VERTEX_POINT ( 'NONE', #4321 ) ;
#10028 = VERTEX_POINT ( 'NONE', #1531 ) ;
#10029 = CARTESIAN_POINT ( 'NONE',  ( -3.004380104787217842, 19.09627894170833784, -26.63019140205943458 ) ) ;
#10030 = ADVANCED_FACE ( 'NONE', ( #8813 ), #10809, .F. ) ;
#10031 = CARTESIAN_POINT ( 'NONE',  ( -10.78018685808393329, 16.54620824903484433, -26.29634816116374907 ) ) ;
#10032 = CARTESIAN_POINT ( 'NONE',  ( -7.240491104578016923, 17.88688020278106805, -34.29634816116375617 ) ) ;
#10033 = CARTESIAN_POINT ( 'NONE',  ( -0.06945629112694835794, -18.76233852519460754, -34.29634816116375617 ) ) ;
#10034 = VECTOR ( 'NONE', #910, 1000.000000000000000 ) ;
#10035 = CARTESIAN_POINT ( 'NONE',  ( 18.35586621399178853, -3.524240873445125377, -26.38468553521233417 ) ) ;
#10036 = AXIS2_PLACEMENT_3D ( 'NONE', #7272, #5388, #3441 ) ;
#10037 = DIRECTION ( 'NONE',  ( 1.000000000000000000, 0.000000000000000000, 0.000000000000000000 ) ) ;
#10038 = VECTOR ( 'NONE', #1037, 1000.000000000000114 ) ;
#10039 = CARTESIAN_POINT ( 'NONE',  ( -3.184843881676169275E-15, 0.5375364957382011699, -34.29634816116375617 ) ) ;
#10040 = VECTOR ( 'NONE', #4708, 1000.000000000000000 ) ;
#10041 = ORIENTED_EDGE ( 'NONE', *, *, #10204, .T. ) ;
#10042 = ORIENTED_EDGE ( 'NONE', *, *, #4789, .F. ) ;
#10043 = CIRCLE ( 'NONE', #4613, 7.199999999999993960 ) ;
#10044 = CARTESIAN_POINT ( 'NONE',  ( -16.08584744898852392, 11.20222176291194316, -34.29634816116375617 ) ) ;
#10045 = VECTOR ( 'NONE', #7434, 1000.000000000000000 ) ;
#10046 = EDGE_LOOP ( 'NONE', ( #3055, #520, #7042, #4750 ) ) ;
#10047 = CARTESIAN_POINT ( 'NONE',  ( -15.61787527029530764, -10.80147600213569525, -33.77951245282525150 ) ) ;
#10048 = ORIENTED_EDGE ( 'NONE', *, *, #6954, .F. ) ;
#10049 = DIRECTION ( 'NONE',  ( 0.000000000000000000, -0.000000000000000000, -1.000000000000000000 ) ) ;
#10050 = CIRCLE ( 'NONE', #5019, 19.30000000000008598 ) ;
#10051 = CARTESIAN_POINT ( 'NONE',  ( 0.05003513775708186284, -18.26198304561101082, -34.29634816116375617 ) ) ;
#10052 = CARTESIAN_POINT ( 'NONE',  ( 18.18509333353224022, 0.5375364957382035014, -40.20101271002261711 ) ) ;
#10053 = CARTESIAN_POINT ( 'NONE',  ( 3.698970837643699383, -18.41684101099685122, -34.29634816116375617 ) ) ;
#10054 = CARTESIAN_POINT ( 'NONE',  ( -3.144186300207962859E-15, 0.5375364957382012809, -34.29634816116375617 ) ) ;
#10055 = CIRCLE ( 'NONE', #7724, 19.33712077059222167 ) ;
#10056 = VECTOR ( 'NONE', #11132, 1000.000000000000000 ) ;
#10057 = EDGE_CURVE ( 'NONE', #5360, #8434, #6868, .T. ) ;
#10058 = CYLINDRICAL_SURFACE ( 'NONE', #5966, 19.30000000000008242 ) ;
#10059 = EDGE_CURVE ( 'NONE', #5458, #6370, #1594, .T. ) ;
#10060 = EDGE_CURVE ( 'NONE', #6618, #8655, #5813, .T. ) ;
#10061 = AXIS2_PLACEMENT_3D ( 'NONE', #6674, #2915, #3037 ) ;
#10062 = VERTEX_POINT ( 'NONE', #10559 ) ;
#10063 = EDGE_CURVE ( 'NONE', #10453, #8953, #1406, .T. ) ;
#10064 = B_SPLINE_CURVE_WITH_KNOTS ( 'NONE', 3,
 ( #3918, #3065, #400, #11506, #1306, #8599, #7616, #10585 ),
 .UNSPECIFIED., .F., .F.,
 ( 4, 2, 2, 4 ),
 ( 0.000000000000000000, 0.0002734140155771847599, 0.0005468280311543695198, 0.001093656062308728198 ),
 .UNSPECIFIED. ) ;
#10065 = CARTESIAN_POINT ( 'NONE',  ( 17.27818132350605751, 7.946808649918798650, -34.27817972094533161 ) ) ;
#10066 = ORIENTED_EDGE ( 'NONE', *, *, #7632, .T. ) ;
#10067 = ORIENTED_EDGE ( 'NONE', *, *, #11354, .F. ) ;
#10068 = VECTOR ( 'NONE', #8070, 1000.000000000000114 ) ;
#10069 = CARTESIAN_POINT ( 'NONE',  ( 8.074240236533523074, 18.06745027157250050, -26.81318386950226795 ) ) ;
#10070 = EDGE_LOOP ( 'NONE', ( #8586, #2387, #9665, #3248 ) ) ;
#10071 = DIRECTION ( 'NONE',  ( -0.7071067811865560104, -0.7071067811865389130, 0.000000000000000000 ) ) ;
#10072 = CARTESIAN_POINT ( 'NONE',  ( -7.321573171451259299, 18.39487577949177322, -26.29634816116374907 ) ) ;
#10073 = EDGE_CURVE ( 'NONE', #5981, #9369, #5956, .T. ) ;
#10074 = DIRECTION ( 'NONE',  ( 0.3465623512410510587, 0.9380269381538434148, 0.000000000000000000 ) ) ;
#10075 = CARTESIAN_POINT ( 'NONE',  ( -13.39385022782740009, -12.65481047727890029, -26.29634816116375262 ) ) ;
#10076 = EDGE_CURVE ( 'NONE', #3570, #3131, #11812, .T. ) ;
#10077 = AXIS2_PLACEMENT_3D ( 'NONE', #11514, #11640, #5028 ) ;
#10078 = AXIS2_PLACEMENT_3D ( 'NONE', #2659, #724, #10071 ) ;
#10079 = CARTESIAN_POINT ( 'NONE',  ( -6.399999999999995026, 0.5375364957382029463, -37.89634816116375760 ) ) ;
#10080 = VERTEX_POINT ( 'NONE', #11598 ) ;
#10081 = ORIENTED_EDGE ( 'NONE', *, *, #9823, .T. ) ;
#10082 = CARTESIAN_POINT ( 'NONE',  ( -18.11113469183625568, 7.206629400636784588, -26.99634816116374836 ) ) ;
#10083 = CARTESIAN_POINT ( 'NONE',  ( -17.73280799888756576, -7.082943002725939685, -34.29634816116376328 ) ) ;
#10084 = CARTESIAN_POINT ( 'NONE',  ( -19.28540651163790898, 1.288754218050459421, -26.81318386950226085 ) ) ;
#10085 = DIRECTION ( 'NONE',  ( 1.000000000000000000, 0.000000000000000000, 0.000000000000000000 ) ) ;
#10086 = CARTESIAN_POINT ( 'NONE',  ( -9.812803638742220613, -15.49832631261261895, -33.78124828719859352 ) ) ;
#10087 = AXIS2_PLACEMENT_3D ( 'NONE', #55, #7458, #11050 ) ;
#10088 = PLANE ( 'NONE',  #9100 ) ;
#10089 = EDGE_LOOP ( 'NONE', ( #11482, #9785, #2008, #10276, #420, #4392, #7179, #7933 ) ) ;
#10090 = ORIENTED_EDGE ( 'NONE', *, *, #11138, .F. ) ;
#10091 = DIRECTION ( 'NONE',  ( -1.000000000000000000, 0.000000000000000000, -0.000000000000000000 ) ) ;
#10092 = EDGE_LOOP ( 'NONE', ( #8601, #7426, #7067, #2682 ) ) ;
#10093 = ORIENTED_EDGE ( 'NONE', *, *, #8625, .F. ) ;
#10094 = B_SPLINE_CURVE_WITH_KNOTS ( 'NONE', 3,
 ( #10706, #9675, #3238, #3798, #453, #1133, #4770, #4158 ),
 .UNSPECIFIED., .F., .F.,
 ( 4, 2, 2, 4 ),
 ( 0.000000000000000000, 0.0002734111411466474181, 0.0005468222822932948361, 0.001093644564586588805 ),
 .UNSPECIFIED. ) ;
#10095 = LINE ( 'NONE', #9191, #10245 ) ;
#10096 = CARTESIAN_POINT ( 'NONE',  ( -19.28465801595088180, -0.2318562569081147051, -34.29634816116375617 ) ) ;
#10097 = CARTESIAN_POINT ( 'NONE',  ( -10.07425525387357013, 16.99959533051958971, -34.29634816116375617 ) ) ;
#10098 = CARTESIAN_POINT ( 'NONE',  ( -0.1619042551887093506, -18.76200582393622796, -34.29634816116375617 ) ) ;
#10099 = DIRECTION ( 'NONE',  ( -0.000000000000000000, -0.000000000000000000, 1.000000000000000000 ) ) ;
#10100 = CYLINDRICAL_SURFACE ( 'NONE', #11799, 19.33712077059222167 ) ;
#10101 = DIRECTION ( 'NONE',  ( -1.047358436775639763E-14, -1.000000000000000000, 0.000000000000000000 ) ) ;
#10102 = EDGE_CURVE ( 'NONE', #1161, #5652, #4447, .T. ) ;
#10103 = B_SPLINE_CURVE_WITH_KNOTS ( 'NONE', 3,
 ( #7182, #10878, #2560, #9961, #1467, #11722, #9056, #8156 ),
 .UNSPECIFIED., .F., .F.,
 ( 4, 2, 2, 4 ),
 ( 0.000000000000000000, 0.0002734140155771851936, 0.0005468280311543703871, 0.001093656062308726029 ),
 .UNSPECIFIED. ) ;
#10104 = ORIENTED_EDGE ( 'NONE', *, *, #9701, .T. ) ;
#10105 = VERTEX_POINT ( 'NONE', #1345 ) ;
#10106 = CARTESIAN_POINT ( 'NONE',  ( -17.38763894355417605, 7.685574720956330985, -26.29634816116374907 ) ) ;
#10107 = ORIENTED_EDGE ( 'NONE', *, *, #9320, .F. ) ;
#10108 = CARTESIAN_POINT ( 'NONE',  ( 18.27776732936863979, 4.937903834293664751, -34.29634816116375617 ) ) ;
#10109 = ORIENTED_EDGE ( 'NONE', *, *, #8354, .F. ) ;
#10110 = DIRECTION ( 'NONE',  ( 0.000000000000000000, 0.000000000000000000, 1.000000000000000000 ) ) ;
#10111 = DIRECTION ( 'NONE',  ( -0.6791492313942160131, 0.7340002190031319484, 0.000000000000000000 ) ) ;
#10112 = CARTESIAN_POINT ( 'NONE',  ( -5.949999999999999289, 9.087536495738202547, -26.19634816116376541 ) ) ;
#10113 = CARTESIAN_POINT ( 'NONE',  ( -7.152430585985694478, -16.86199108115241074, -34.29634816116375617 ) ) ;
#10114 = LINE ( 'NONE', #1920, #3637 ) ;
#10115 = ORIENTED_EDGE ( 'NONE', *, *, #7241, .T. ) ;
#10116 = CARTESIAN_POINT ( 'NONE',  ( 17.06809607421173425, -7.344094532306666423, -26.99634816116374836 ) ) ;
#10117 = ORIENTED_EDGE ( 'NONE', *, *, #5166, .F. ) ;
#10118 = ORIENTED_EDGE ( 'NONE', *, *, #1617, .F. ) ;
#10119 = ADVANCED_FACE ( 'NONE', ( #616 ), #9899, .F. ) ;
#10120 = CARTESIAN_POINT ( 'NONE',  ( 8.090745338163678468, 18.05980346873533549, -26.99634816116374836 ) ) ;
#10121 = ORIENTED_EDGE ( 'NONE', *, *, #7315, .T. ) ;
#10122 = DIRECTION ( 'NONE',  ( -0.000000000000000000, -0.000000000000000000, 1.000000000000000000 ) ) ;
#10123 = CYLINDRICAL_SURFACE ( 'NONE', #4831, 0.7000000000000005107 ) ;
#10124 = CARTESIAN_POINT ( 'NONE',  ( 15.20250745882144194, -10.52247156145777396, -26.81144803512891528 ) ) ;
#10125 = EDGE_CURVE ( 'NONE', #3299, #11441, #9866, .T. ) ;
#10126 = CARTESIAN_POINT ( 'NONE',  ( 13.19512322287347139, 14.62238254392783610, -34.02662297194007834 ) ) ;
#10127 = AXIS2_PLACEMENT_3D ( 'NONE', #2016, #1166, #1099 ) ;
#10128 = CARTESIAN_POINT ( 'NONE',  ( -7.199999999999993960, 0.5375364957382030573, -39.49634816116376612 ) ) ;
#10129 = VERTEX_POINT ( 'NONE', #4441 ) ;
#10130 = VERTEX_POINT ( 'NONE', #4497 ) ;
#10131 = CARTESIAN_POINT ( 'NONE',  ( 11.35370864137657954, 16.14469190877660765, -26.99634816116374836 ) ) ;
#10132 = ADVANCED_FACE ( 'NONE', ( #8154 ), #907, .F. ) ;
#10133 = VECTOR ( 'NONE', #8849, 1000.000000000000000 ) ;
#10134 = CARTESIAN_POINT ( 'NONE',  ( -17.80417973997793624, -6.912375167265771836, -34.29634816116375617 ) ) ;
#10135 = DIRECTION ( 'NONE',  ( -0.000000000000000000, 0.000000000000000000, 1.000000000000000000 ) ) ;
#10136 = DIRECTION ( 'NONE',  ( 0.9992475592060070522, -0.03878550529305227479, 0.000000000000000000 ) ) ;
#10137 = PLANE ( 'NONE',  #1427 ) ;
#10138 = CARTESIAN_POINT ( 'NONE',  ( 15.20250745882144017, -10.52247156145777396, -33.59634816116375333 ) ) ;
#10139 = AXIS2_PLACEMENT_3D ( 'NONE', #3775, #10323, #6681 ) ;
#10140 = VERTEX_POINT ( 'NONE', #852 ) ;
#10141 = ORIENTED_EDGE ( 'NONE', *, *, #3535, .T. ) ;
#10142 = CARTESIAN_POINT ( 'NONE',  ( 3.836122794365611544, -18.38955979059454648, -26.99634816116374836 ) ) ;
#10143 = VERTEX_POINT ( 'NONE', #1709 ) ;
#10144 = ORIENTED_EDGE ( 'NONE', *, *, #412, .F. ) ;
#10145 = CARTESIAN_POINT ( 'NONE',  ( -3.195402843825979389, 19.06384855590418681, -26.43662391211885776 ) ) ;
#10146 = DIRECTION ( 'NONE',  ( 0.9380269381538424156, -0.3465623512410538343, 0.000000000000000000 ) ) ;
#10147 = CARTESIAN_POINT ( 'NONE',  ( -3.184081677783118191E-15, 0.5375364957382012809, -45.29634816116371354 ) ) ;
#10148 = CARTESIAN_POINT ( 'NONE',  ( -7.881631028044933096, -16.53055957847350399, -33.59634816116375333 ) ) ;
#10149 = CARTESIAN_POINT ( 'NONE',  ( -17.64212122275933226, 7.033348225016254673, -33.59634816116375333 ) ) ;
#10150 = DIRECTION ( 'NONE',  ( -1.000000000000000000, 0.000000000000000000, -0.000000000000000000 ) ) ;
#10151 = CARTESIAN_POINT ( 'NONE',  ( 7.321573171451515982, 18.39487577949166308, -26.29634816116374907 ) ) ;
#10152 = EDGE_CURVE ( 'NONE', #6107, #5597, #12020, .T. ) ;
#10153 = ORIENTED_EDGE ( 'NONE', *, *, #8431, .F. ) ;
#10154 = ORIENTED_EDGE ( 'NONE', *, *, #2251, .F. ) ;
#10155 = DIRECTION ( 'NONE',  ( -0.9238795325112920676, -0.3826834323650773473, 0.000000000000000000 ) ) ;
#10156 = ORIENTED_EDGE ( 'NONE', *, *, #5512, .T. ) ;
#10157 = CARTESIAN_POINT ( 'NONE',  ( -0.6097275952637665197, 19.32761333460084785, -26.56606956038672251 ) ) ;
#10158 = ORIENTED_EDGE ( 'NONE', *, *, #7501, .F. ) ;
#10159 = CARTESIAN_POINT ( 'NONE',  ( 0.4966189663903605167, 0.3318301845276014905, -26.29634816116374907 ) ) ;
#10160 = LINE ( 'NONE', #1852, #7695 ) ;
#10161 = CARTESIAN_POINT ( 'NONE',  ( -17.34934370704284490, -6.702954608839872819, -34.29634816116375617 ) ) ;
#10162 = EDGE_CURVE ( 'NONE', #10624, #893, #4605, .T. ) ;
#10163 = CARTESIAN_POINT ( 'NONE',  ( 19.06420979952547512, 3.545177551396273774, -33.59634816116375333 ) ) ;
#10164 = DIRECTION ( 'NONE',  ( 0.9724806208309290101, -0.2329837807837510377, 0.000000000000000000 ) ) ;
#10165 = VERTEX_POINT ( 'NONE', #737 ) ;
#10166 = FACE_OUTER_BOUND ( 'NONE', #7443, .T. ) ;
#10167 = ORIENTED_EDGE ( 'NONE', *, *, #4171, .T. ) ;
#10168 = ORIENTED_EDGE ( 'NONE', *, *, #11887, .F. ) ;
#10169 = CARTESIAN_POINT ( 'NONE',  ( 3.807304174295149668, -17.87272361938076060, -34.29634816116376328 ) ) ;
#10170 = B_SPLINE_CURVE_WITH_KNOTS ( 'NONE', 3,
 ( #2318, #4144, #7840, #7895, #2377, #498, #8026, #6998 ),
 .UNSPECIFIED., .F., .F.,
 ( 4, 2, 2, 4 ),
 ( 0.000000000000000000, 0.0002734140155771821578, 0.0005468280311543643156, 0.001093656062308728631 ),
 .UNSPECIFIED. ) ;
#10171 = PLANE ( 'NONE',  #10244 ) ;
#10172 = DIRECTION ( 'NONE',  ( 0.8523920528607230596, 0.5229032302633845886, 0.000000000000000000 ) ) ;
#10173 = FACE_OUTER_BOUND ( 'NONE', #1810, .T. ) ;
#10174 = EDGE_CURVE ( 'NONE', #2587, #1981, #2231, .T. ) ;
#10175 = CARTESIAN_POINT ( 'NONE',  ( 0.7693927526465210720, 19.82219451168907298, -33.59634816116375333 ) ) ;
#10176 = CARTESIAN_POINT ( 'NONE',  ( -18.76400763978405095, 5.054395724685800673, -33.78124629862855244 ) ) ;
#10177 = EDGE_CURVE ( 'NONE', #5020, #8375, #9471, .T. ) ;
#10178 = EDGE_CURVE ( 'NONE', #10794, #8506, #11108, .T. ) ;
#10179 = CARTESIAN_POINT ( 'NONE',  ( 0.3989343114037629534, 1.087170925056100357, -33.59634816116375333 ) ) ;
#10180 = ORIENTED_EDGE ( 'NONE', *, *, #10724, .T. ) ;
#10181 = VERTEX_POINT ( 'NONE', #3641 ) ;
#10182 = CARTESIAN_POINT ( 'NONE',  ( -17.92619256938665728, 7.689375587055252481, -26.31451759764529186 ) ) ;
#10183 = CARTESIAN_POINT ( 'NONE',  ( 6.921685001469617404, -17.47869085089743635, -34.15606879818032127 ) ) ;
#10184 = EDGE_CURVE ( 'NONE', #10746, #683, #1773, .T. ) ;
#10185 = CYLINDRICAL_SURFACE ( 'NONE', #5390, 0.6999999999999996225 ) ;
#10186 = CARTESIAN_POINT ( 'NONE',  ( 6.800667044521939708, -17.52471953216625522, -26.56607335038743756 ) ) ;
#10187 = CARTESIAN_POINT ( 'NONE',  ( -11.06000805719603619, -14.66497096308320103, -26.99634816116374836 ) ) ;
#10188 = CARTESIAN_POINT ( 'NONE',  ( -3.144186300207962859E-15, 0.5375364957382012809, -34.29634816116375617 ) ) ;
#10189 = EDGE_CURVE ( 'NONE', #5726, #10257, #5706, .T. ) ;
#10190 = EDGE_CURVE ( 'NONE', #10887, #3104, #4377, .T. ) ;
#10191 = EDGE_CURVE ( 'NONE', #5977, #4921, #3398, .T. ) ;
#10192 = EDGE_CURVE ( 'NONE', #11129, #1719, #8258, .T. ) ;
#10193 = ORIENTED_EDGE ( 'NONE', *, *, #5747, .F. ) ;
#10195 = ORIENTED_EDGE ( 'NONE', *, *, #6631, .F. ) ;
#10194 = EDGE_CURVE ( 'NONE', #2611, #6048, #4128, .T. ) ;
#10196 = CARTESIAN_POINT ( 'NONE',  ( -3.184081677783118191E-15, 0.5375364957382012809, -39.14634816116374338 ) ) ;
#10197 = ORIENTED_EDGE ( 'NONE', *, *, #10057, .F. ) ;
#10198 = ORIENTED_EDGE ( 'NONE', *, *, #8799, .T. ) ;
#10199 = CARTESIAN_POINT ( 'NONE',  ( -18.78503423634787595, -0.2124635042615987957, -33.78124828719858641 ) ) ;
#10200 = AXIS2_PLACEMENT_3D ( 'NONE', #3363, #325, #1368 ) ;
#10201 = FACE_OUTER_BOUND ( 'NONE', #11928, .T. ) ;
#10202 = DIRECTION ( 'NONE',  ( -0.7340002190031341689, -0.6791492313942135706, 0.000000000000000000 ) ) ;
#10203 = CARTESIAN_POINT ( 'NONE',  ( -3.171291354520100469E-15, 0.5375364957382013920, -26.29634816116374907 ) ) ;
#10204 = EDGE_CURVE ( 'NONE', #5375, #3095, #10304, .T. ) ;
#10205 = CARTESIAN_POINT ( 'NONE',  ( -11.35370864137669855, -15.06961891730012582, -34.29634816116375617 ) ) ;
#10206 = CARTESIAN_POINT ( 'NONE',  ( -4.400367338555270180, 18.81530382510688781, -26.90389799132446313 ) ) ;
#10207 = PLANE ( 'NONE',  #3657 ) ;
#10208 = CIRCLE ( 'NONE', #2834, 19.33712077059222523 ) ;
#10209 = DIRECTION ( 'NONE',  ( 0.000000000000000000, -1.000000000000000000, -1.334402673828313339E-16 ) ) ;
#10210 = VECTOR ( 'NONE', #679, 1000.000000000000000 ) ;
#10211 = ORIENTED_EDGE ( 'NONE', *, *, #3358, .T. ) ;
#10212 = ORIENTED_EDGE ( 'NONE', *, *, #2188, .T. ) ;
#10213 = CARTESIAN_POINT ( 'NONE',  ( 18.76400763978407582, -3.979322733209272211, -26.99634816116374836 ) ) ;
#10214 = ORIENTED_EDGE ( 'NONE', *, *, #1021, .T. ) ;
#10215 = CYLINDRICAL_SURFACE ( 'NONE', #3847, 0.6999999999999992895 ) ;
#10216 = ORIENTED_EDGE ( 'NONE', *, *, #11596, .F. ) ;
#10217 = AXIS2_PLACEMENT_3D ( 'NONE', #7450, #3631, #10074 ) ;
#10218 = CARTESIAN_POINT ( 'NONE',  ( 4.799999999999999822, 0.5375364957382021691, -21.29634816116374907 ) ) ;
#10219 = VECTOR ( 'NONE', #142, 1000.000000000000114 ) ;
#10220 = CYLINDRICAL_SURFACE ( 'NONE', #4811, 0.6999999999999999556 ) ;
#10221 = EDGE_CURVE ( 'NONE', #5025, #4557, #1206, .T. ) ;
#10222 = AXIS2_PLACEMENT_3D ( 'NONE', #7865, #7752, #8782 ) ;
#10223 = CARTESIAN_POINT ( 'NONE',  ( 12.75269500745314488, 14.35089167497112150, -33.59634816116375333 ) ) ;
#10224 = CARTESIAN_POINT ( 'NONE',  ( 15.80917856642236075, -10.53346415812302084, -34.20800806837380748 ) ) ;
#10225 = LINE ( 'NONE', #3790, #8878 ) ;
#10226 = VECTOR ( 'NONE', #5262, 1000.000000000000000 ) ;
#10227 = VECTOR ( 'NONE', #1356, 999.9999999999998863 ) ;
#10228 = ORIENTED_EDGE ( 'NONE', *, *, #6862, .T. ) ;
#10229 = LINE ( 'NONE', #1755, #7423 ) ;
#10230 = ORIENTED_EDGE ( 'NONE', *, *, #10190, .F. ) ;
#10231 = ORIENTED_EDGE ( 'NONE', *, *, #8362, .T. ) ;
#10232 = CARTESIAN_POINT ( 'NONE',  ( 3.833340540673527919, 19.45301957968908724, -26.29634816116374907 ) ) ;
#10233 = CARTESIAN_POINT ( 'NONE',  ( -16.03586280835078526, 10.35034013448047752, -26.99634816116374836 ) ) ;
#10234 = DIRECTION ( 'NONE',  ( 0.9992475592060074963, 0.03878550529304176236, 0.000000000000000000 ) ) ;
#10235 = DIRECTION ( 'NONE',  ( -0.000000000000000000, 0.7071067811865451302, 0.7071067811865500152 ) ) ;
#10236 = B_SPLINE_CURVE_WITH_KNOTS ( 'NONE', 3,
 ( #3010, #6707, #1367, #6042 ),
 .UNSPECIFIED., .F., .F.,
 ( 4, 4 ),
 ( 0.000000000000000000, 0.001436421592981037328 ),
 .UNSPECIFIED. ) ;
#10237 = CARTESIAN_POINT ( 'NONE',  ( 18.39198936750475255, 4.435467734434245912, -26.29634816116375262 ) ) ;
#10238 = AXIS2_PLACEMENT_3D ( 'NONE', #7410, #1778, #746 ) ;
#10239 = DIRECTION ( 'NONE',  ( -0.000000000000000000, -0.000000000000000000, 1.000000000000000000 ) ) ;
#10240 = CIRCLE ( 'NONE', #2303, 16.30000000000003268 ) ;
#10241 = CARTESIAN_POINT ( 'NONE',  ( -0.7500000000000064393, -18.24749774060966701, -26.99634816116374836 ) ) ;
#10242 = AXIS2_PLACEMENT_3D ( 'NONE', #2727, #6485, #8429 ) ;
#10243 = EDGE_CURVE ( 'NONE', #186, #7365, #7580, .T. ) ;
#10244 = AXIS2_PLACEMENT_3D ( 'NONE', #5398, #4423, #5457 ) ;
#10245 = VECTOR ( 'NONE', #4562, 1000.000000000000114 ) ;
#10246 = CYLINDRICAL_SURFACE ( 'NONE', #9107, 19.33712077059222167 ) ;
#10247 = ORIENTED_EDGE ( 'NONE', *, *, #2340, .F. ) ;
#10248 = ORIENTED_EDGE ( 'NONE', *, *, #3298, .F. ) ;
#10249 = CARTESIAN_POINT ( 'NONE',  ( -19.30000000000008242, 0.5375364957382036124, -41.52970673519271827 ) ) ;
#10250 = CARTESIAN_POINT ( 'NONE',  ( 6.994133160419040429, -17.45077314572479921, -34.20800806837380748 ) ) ;
#10251 = DIRECTION ( 'NONE',  ( -0.8523920528607230596, -0.5229032302633845886, 0.000000000000000000 ) ) ;
#10252 = CARTESIAN_POINT ( 'NONE',  ( 17.52226697299710167, -7.553208842425543246, -26.99634816116374836 ) ) ;
#10253 = DIRECTION ( 'NONE',  ( -0.9380269381538424156, 0.3465623512410538343, -0.000000000000000000 ) ) ;
#10254 = AXIS2_PLACEMENT_3D ( 'NONE', #11093, #2772, #9945 ) ;
#10255 = DIRECTION ( 'NONE',  ( 0.000000000000000000, 0.000000000000000000, 1.000000000000000000 ) ) ;
#10256 = AXIS2_PLACEMENT_3D ( 'NONE', #9921, #10769, #2446 ) ;
#10257 = VERTEX_POINT ( 'NONE', #10424 ) ;
#10258 = ORIENTED_EDGE ( 'NONE', *, *, #4909, .F. ) ;
#10259 = CARTESIAN_POINT ( 'NONE',  ( -17.06809607421185504, -7.344094532306414180, -26.99634816116374836 ) ) ;
#10260 = ORIENTED_EDGE ( 'NONE', *, *, #340, .F. ) ;
#10261 = VERTEX_POINT ( 'NONE', #7638 ) ;
#10262 = CARTESIAN_POINT ( 'NONE',  ( 19.29363787273915420, 0.03782787980606783229, -34.15606879818032127 ) ) ;
#10263 = EDGE_CURVE ( 'NONE', #9604, #9158, #4784, .T. ) ;
#10264 = DIRECTION ( 'NONE',  ( 0.8092959084338446907, -0.5874011683613152845, 0.000000000000000000 ) ) ;
#10265 = CARTESIAN_POINT ( 'NONE',  ( 0.5496344293178889728, 0.1386021843344373006, -26.29634816116374907 ) ) ;
#10266 = CARTESIAN_POINT ( 'NONE',  ( -7.454906079864294099, -17.27749051142529879, -34.29634816116375617 ) ) ;
#10267 = EDGE_CURVE ( 'NONE', #6048, #6429, #1941, .T. ) ;
#10268 = FACE_OUTER_BOUND ( 'NONE', #8526, .T. ) ;
#10269 = CARTESIAN_POINT ( 'NONE',  ( 0.000000000000000000, 0.5375364957382012809, -41.52970673519271827 ) ) ;
#10270 = DIRECTION ( 'NONE',  ( -0.8523920528607193958, 0.5229032302633908058, 0.000000000000000000 ) ) ;
#10271 = DIRECTION ( 'NONE',  ( -0.000000000000000000, -0.000000000000000000, 1.000000000000000000 ) ) ;
#10272 = EDGE_CURVE ( 'NONE', #8035, #6175, #9910, .T. ) ;
#10273 = DIRECTION ( 'NONE',  ( 0.8092959084338516851, 0.5874011683613054036, 0.000000000000000000 ) ) ;
#10274 = ORIENTED_EDGE ( 'NONE', *, *, #3461, .T. ) ;
#10275 = EDGE_CURVE ( 'NONE', #8264, #4983, #8377, .T. ) ;
#10276 = ORIENTED_EDGE ( 'NONE', *, *, #6645, .T. ) ;
#10277 = AXIS2_PLACEMENT_3D ( 'NONE', #3899, #2859, #11298 ) ;
#10278 = LINE ( 'NONE', #2210, #6166 ) ;
#10279 = VERTEX_POINT ( 'NONE', #3999 ) ;
#10280 = DIRECTION ( 'NONE',  ( 1.000000000000000000, 0.000000000000000000, 0.000000000000000000 ) ) ;
#10281 = ORIENTED_EDGE ( 'NONE', *, *, #9727, .T. ) ;
#10282 = CARTESIAN_POINT ( 'NONE',  ( 19.28465801595086404, -0.2318562569083902902, -34.29634816116375617 ) ) ;
#10283 = CARTESIAN_POINT ( 'NONE',  ( 18.89712107237536642, 4.461483731971048527, -26.29634816116374907 ) ) ;
#10284 = EDGE_CURVE ( 'NONE', #3914, #10129, #4854, .T. ) ;
#10285 = CARTESIAN_POINT ( 'NONE',  ( -3.833340540673259689, 19.45301957968914053, -26.29634816116374907 ) ) ;
#10286 = DIRECTION ( 'NONE',  ( 0.000000000000000000, 0.000000000000000000, -1.000000000000000000 ) ) ;
#10287 = AXIS2_PLACEMENT_3D ( 'NONE', #439, #5117, #7896 ) ;
#10288 = CARTESIAN_POINT ( 'NONE',  ( 2.929189417950544438, -18.03286631665463702, -26.99634816116374836 ) ) ;
#10289 = ORIENTED_EDGE ( 'NONE', *, *, #341, .F. ) ;
#10290 = LINE ( 'NONE', #8471, #7326 ) ;
#10291 = VERTEX_POINT ( 'NONE', #3811 ) ;
#10292 = VERTEX_POINT ( 'NONE', #5824 ) ;
#10293 = CARTESIAN_POINT ( 'NONE',  ( 17.55441977073934012, 8.559321258095792473, -26.63019525567115053 ) ) ;
#10294 = ADVANCED_FACE ( 'NONE', ( #9288 ), #9519, .F. ) ;
#10295 = LINE ( 'NONE', #9507, #2315 ) ;
#10296 = DIRECTION ( 'NONE',  ( 0.1950903220161321339, 0.9807852804032296534, 0.000000000000000000 ) ) ;
#10297 = CARTESIAN_POINT ( 'NONE',  ( -7.881631028044929543, -16.53055957847350044, -26.99634816116374836 ) ) ;
#10298 = DIRECTION ( 'NONE',  ( 0.3465623512410510587, 0.9380269381538434148, 0.000000000000000000 ) ) ;
#10299 = CARTESIAN_POINT ( 'NONE',  ( 15.35957190761370050, -10.30305337289102319, -26.43662391211885065 ) ) ;
#10300 = DIRECTION ( 'NONE',  ( -1.000000000000000000, 0.000000000000000000, -0.000000000000000000 ) ) ;
#10301 = LINE ( 'NONE', #7699, #3667 ) ;
#10302 = ORIENTED_EDGE ( 'NONE', *, *, #9379, .T. ) ;
#10303 = CARTESIAN_POINT ( 'NONE',  ( -18.35586621399185248, -3.524240873444857591, -34.20801078711515686 ) ) ;
#10304 = LINE ( 'NONE', #8558, #11028 ) ;
#10305 = DIRECTION ( 'NONE',  ( 0.2329837807837371877, -0.9724806208309323408, -0.000000000000000000 ) ) ;
#10306 = FACE_BOUND ( 'NONE', #11183, .T. ) ;
#10307 = CARTESIAN_POINT ( 'NONE',  ( -3.198396408832238080E-15, 0.5375364957382012809, -34.29634816116375617 ) ) ;
#10308 = CARTESIAN_POINT ( 'NONE',  ( 18.11113469183629832, -6.131556409160264565, -33.59634816116375333 ) ) ;
#10309 = CIRCLE ( 'NONE', #2761, 16.30000000000003268 ) ;
#10310 = CARTESIAN_POINT ( 'NONE',  ( -10.78828809163847602, -14.85915867838829385, -34.22033216491850283 ) ) ;
#10311 = ORIENTED_EDGE ( 'NONE', *, *, #10669, .F. ) ;
#10312 = ORIENTED_EDGE ( 'NONE', *, *, #7298, .T. ) ;
#10313 = DIRECTION ( 'NONE',  ( 0.9380269381538470785, 0.3465623512410412332, 0.000000000000000000 ) ) ;
#10314 = ORIENTED_EDGE ( 'NONE', *, *, #11097, .T. ) ;
#10315 = ORIENTED_EDGE ( 'NONE', *, *, #3695, .F. ) ;
#10316 = CYLINDRICAL_SURFACE ( 'NONE', #1921, 0.7000000000000000666 ) ;
#10317 = CARTESIAN_POINT ( 'NONE',  ( 11.06000805719591895, 15.74004395455968641, -26.99634816116374836 ) ) ;
#10318 = CARTESIAN_POINT ( 'NONE',  ( -15.60715541303852838, -10.81617214563821427, -26.99634816116374836 ) ) ;
#10319 = DIRECTION ( 'NONE',  ( 0.8092959084338506859, 0.5874011683613068469, 0.000000000000000000 ) ) ;
#10320 = DIRECTION ( 'NONE',  ( 0.9380269381538496321, 0.3465623512410343499, 0.000000000000000000 ) ) ;
#10321 = CARTESIAN_POINT ( 'NONE',  ( -3.273895170458553494, -18.48286785007105237, -26.43662752414719463 ) ) ;
#10322 = ADVANCED_FACE ( 'NONE', ( #4677 ), #2962, .F. ) ;
#10323 = DIRECTION ( 'NONE',  ( -0.5874011683613039603, 0.8092959084338526843, 0.000000000000000000 ) ) ;
#10324 = CARTESIAN_POINT ( 'NONE',  ( -7.240491104578392623, -16.81180721130450451, -26.29634816116374907 ) ) ;
#10325 = AXIS2_PLACEMENT_3D ( 'NONE', #5628, #834, #8245 ) ;
#10326 = CARTESIAN_POINT ( 'NONE',  ( -3.171291354520100469E-15, 0.5375364957382012809, -26.29634816116374907 ) ) ;
#10327 = ADVANCED_FACE ( 'NONE', ( #10488 ), #11218, .T. ) ;
#10328 = EDGE_CURVE ( 'NONE', #1758, #6218, #9343, .T. ) ;
#10329 = EDGE_LOOP ( 'NONE', ( #9587, #6080, #3176, #6384 ) ) ;
#10330 = ORIENTED_EDGE ( 'NONE', *, *, #6932, .F. ) ;
#10331 = CARTESIAN_POINT ( 'NONE',  ( -4.400367338555271068, 18.81530382510689137, -33.59634816116375333 ) ) ;
#10332 = VERTEX_POINT ( 'NONE', #10249 ) ;
#10333 = CARTESIAN_POINT ( 'NONE',  ( -15.89325279723983009, -9.504343478052128091, -26.43662391211885421 ) ) ;
#10334 = ORIENTED_EDGE ( 'NONE', *, *, #4232, .T. ) ;
#10335 = CARTESIAN_POINT ( 'NONE',  ( -0.6370622852088154708, 0.3021681982312284798, -26.29634816116374907 ) ) ;
#10336 = ADVANCED_FACE ( 'NONE', ( #8435 ), #3758, .T. ) ;
#10337 = ORIENTED_EDGE ( 'NONE', *, *, #713, .T. ) ;
#10338 = DIRECTION ( 'NONE',  ( -0.1950903220161252782, 0.9807852804032310967, 0.000000000000000000 ) ) ;
#10339 = CARTESIAN_POINT ( 'NONE',  ( -13.28931482262867547, -13.45847302877603902, -26.43662752414719108 ) ) ;
#10340 = EDGE_CURVE ( 'NONE', #1064, #1162, #6714, .T. ) ;
#10341 = CARTESIAN_POINT ( 'NONE',  ( 0.4612451346027887089, 1.036033754017586794, -26.29634816116374907 ) ) ;
#10342 = CARTESIAN_POINT ( 'NONE',  ( 13.09226962315025844, 14.71789178447269109, -34.29634816116375617 ) ) ;
#10343 = ORIENTED_EDGE ( 'NONE', *, *, #9040, .T. ) ;
#10344 = EDGE_CURVE ( 'NONE', #1343, #10700, #7950, .T. ) ;
#10345 = LINE ( 'NONE', #4105, #532 ) ;
#10346 = ORIENTED_EDGE ( 'NONE', *, *, #2842, .F. ) ;
#10347 = ADVANCED_FACE ( 'NONE', ( #479 ), #11471, .T. ) ;
#10348 = VERTEX_POINT ( 'NONE', #10546 ) ;
#10349 = CARTESIAN_POINT ( 'NONE',  ( 3.273895170458418935, 19.55794084154748091, -26.43662752414719463 ) ) ;
#10350 = DIRECTION ( 'NONE',  ( -0.8092959084338468001, -0.5874011683613123980, 0.000000000000000000 ) ) ;
#10351 = CARTESIAN_POINT ( 'NONE',  ( -15.60715541303852838, -10.81617214563821250, -26.81145002369893149 ) ) ;
#10352 = FACE_OUTER_BOUND ( 'NONE', #2413, .T. ) ;
#10353 = CARTESIAN_POINT ( 'NONE',  ( 11.06000805719581059, -14.66497096308335379, -26.99634816116374836 ) ) ;
#10354 = DIRECTION ( 'NONE',  ( -0.9992475592060076073, -0.03878550529303832067, 0.000000000000000000 ) ) ;
#10355 = CARTESIAN_POINT ( 'NONE',  ( 13.09226962315025844, 14.71789178447269109, -33.59634816116375333 ) ) ;
#10356 = LINE ( 'NONE', #11274, #8012 ) ;
#10357 = DIRECTION ( 'NONE',  ( 0.000000000000000000, -0.000000000000000000, 1.000000000000000000 ) ) ;
#10358 = VERTEX_POINT ( 'NONE', #5099 ) ;
#10359 = ORIENTED_EDGE ( 'NONE', *, *, #426, .T. ) ;
#10360 = CARTESIAN_POINT ( 'NONE',  ( -18.41026011511890559, 4.344840670033685903, -26.29634816116374552 ) ) ;
#10361 = CARTESIAN_POINT ( 'NONE',  ( 3.007641055658142104, 19.60174629526366985, -33.59634816116375333 ) ) ;
#10362 = CARTESIAN_POINT ( 'NONE',  ( 18.11113469183634095, 7.206629400636532345, -26.99634816116374836 ) ) ;
#10363 = EDGE_CURVE ( 'NONE', #3908, #10181, #9761, .T. ) ;
#10364 = CARTESIAN_POINT ( 'NONE',  ( 0.4469452617099060054, 0.2388972195443856694, -26.29634816116374907 ) ) ;
#10365 = CARTESIAN_POINT ( 'NONE',  ( 7.325711761605958827, -17.33100455022943720, -34.29634816116375617 ) ) ;
#10366 = CYLINDRICAL_SURFACE ( 'NONE', #7348, 0.6999999999999995115 ) ;
#10367 = ORIENTED_EDGE ( 'NONE', *, *, #3536, .T. ) ;
#10368 = B_SPLINE_CURVE_WITH_KNOTS ( 'NONE', 3,
 ( #2726, #1074, #4775, #900, #7573, #3693, #11946, #10175 ),
 .UNSPECIFIED., .F., .F.,
 ( 4, 2, 2, 4 ),
 ( 1.355252715606880392E-20, 0.0002734115678465778528, 0.0005468231356931557057, 0.001093646271386296449 ),
 .UNSPECIFIED. ) ;
#10369 = ORIENTED_EDGE ( 'NONE', *, *, #5907, .T. ) ;
#10370 = EDGE_CURVE ( 'NONE', #11363, #8797, #4978, .T. ) ;
#10371 = CARTESIAN_POINT ( 'NONE',  ( 15.80162833872426908, -10.54466554703687464, -26.37236741899921455 ) ) ;
#10372 = VERTEX_POINT ( 'NONE', #3331 ) ;
#10373 = VERTEX_POINT ( 'NONE', #6071 ) ;
#10374 = DIRECTION ( 'NONE',  ( 0.000000000000000000, 0.000000000000000000, -1.000000000000000000 ) ) ;
#10375 = CARTESIAN_POINT ( 'NONE',  ( 11.06000805719591895, 15.74004395455968286, -34.29634816116375617 ) ) ;
#10376 = CARTESIAN_POINT ( 'NONE',  ( 17.51894756389605590, 7.358264911108176598, -26.38468553521233773 ) ) ;
#10377 = PLANE ( 'NONE',  #3539 ) ;
#10378 = CARTESIAN_POINT ( 'NONE',  ( 14.18035528873444129, -12.55473312741211167, -33.59634816116375333 ) ) ;
#10379 = CARTESIAN_POINT ( 'NONE',  ( 3.719630903973739411, -17.90331948017907848, -34.29634816116375617 ) ) ;
#10380 = CARTESIAN_POINT ( 'NONE',  ( 18.42853067367105524, 4.254214543423556094, -34.29634816116375617 ) ) ;
#10381 = CARTESIAN_POINT ( 'NONE',  ( 4.380303799374990703, -18.25892869570667187, -34.02662297194007124 ) ) ;
#10382 = CARTESIAN_POINT ( 'NONE',  ( 16.00867175329644709, -10.24265036234601034, -34.29634816116375617 ) ) ;
#10383 = ORIENTED_EDGE ( 'NONE', *, *, #10102, .T. ) ;
#10384 = EDGE_CURVE ( 'NONE', #8935, #10973, #2541, .T. ) ;
#10385 = ORIENTED_EDGE ( 'NONE', *, *, #1569, .T. ) ;
#10386 = CARTESIAN_POINT ( 'NONE',  ( -17.86854104596751824, 7.863248257344473302, -26.99634816116374836 ) ) ;
#10387 = VERTEX_POINT ( 'NONE', #9815 ) ;
#10388 = ORIENTED_EDGE ( 'NONE', *, *, #10954, .F. ) ;
#10389 = CARTESIAN_POINT ( 'NONE',  ( -15.69999999999999929, 0.5375364957381988384, -21.29634816116374907 ) ) ;
#10390 = VERTEX_POINT ( 'NONE', #4181 ) ;
#10391 = DIRECTION ( 'NONE',  ( 0.000000000000000000, 0.000000000000000000, -1.000000000000000000 ) ) ;
#10392 = CARTESIAN_POINT ( 'NONE',  ( 18.31007882829999645, -3.726237495953740542, -34.02662676194078273 ) ) ;
#10393 = LINE ( 'NONE', #2159, #1715 ) ;
#10394 = CIRCLE ( 'NONE', #9066, 17.30000000000004334 ) ;
#10395 = CARTESIAN_POINT ( 'NONE',  ( -13.19512322287357264, -13.54730955245134005, -34.02662297194007124 ) ) ;
#10396 = ORIENTED_EDGE ( 'NONE', *, *, #11599, .T. ) ;
#10397 = ORIENTED_EDGE ( 'NONE', *, *, #5529, .T. ) ;
#10398 = AXIS2_PLACEMENT_3D ( 'NONE', #4563, #7368, #10146 ) ;
#10399 = CARTESIAN_POINT ( 'NONE',  ( 0.000000000000000000, 0.5375364957382021691, -41.89634816116375760 ) ) ;
#10400 = EDGE_LOOP ( 'NONE', ( #2331, #10574, #1217, #1604 ) ) ;
#10401 = ORIENTED_EDGE ( 'NONE', *, *, #4288, .F. ) ;
#10402 = CARTESIAN_POINT ( 'NONE',  ( 17.52226697299715497, 8.628281833901812803, -33.68879736725453711 ) ) ;
#10403 = AXIS2_PLACEMENT_3D ( 'NONE', #11566, #6965, #10658 ) ;
#10404 = CARTESIAN_POINT ( 'NONE',  ( 17.06809607421173425, -7.344094532306666423, -33.59634816116375333 ) ) ;
#10405 = CARTESIAN_POINT ( 'NONE',  ( -8.090745338163424449, 18.05980346873544562, -33.59634816116375333 ) ) ;
#10406 = CARTESIAN_POINT ( 'NONE',  ( -15.60715541303829035, 11.89124513711495545, -26.90389895507296103 ) ) ;
#10407 = CARTESIAN_POINT ( 'NONE',  ( -13.09226962315006304, 14.71789178447287583, -33.59634816116375333 ) ) ;
#10408 = EDGE_CURVE ( 'NONE', #4536, #9161, #9637, .T. ) ;
#10409 = EDGE_CURVE ( 'NONE', #6980, #8264, #9483, .T. ) ;
#10410 = DIRECTION ( 'NONE',  ( -0.000000000000000000, -0.000000000000000000, -1.000000000000000000 ) ) ;
#10411 = VECTOR ( 'NONE', #5680, 1000.000000000000000 ) ;
#10412 = CARTESIAN_POINT ( 'NONE',  ( -7.240491104578391734, -16.81180721130450806, -34.29634816116375617 ) ) ;
#10413 = B_SPLINE_CURVE_WITH_KNOTS ( 'NONE', 3,
 ( #9569, #8479, #1196, #6000, #7756, #6843, #5744, #6780 ),
 .UNSPECIFIED., .F., .F.,
 ( 4, 2, 2, 4 ),
 ( 0.000000000000000000, 0.0002734144572333947363, 0.0005468289144667894727, 0.001093657828933584366 ),
 .UNSPECIFIED. ) ;
#10414 = AXIS2_PLACEMENT_3D ( 'NONE', #407, #7623, #5867 ) ;
#10415 = EDGE_CURVE ( 'NONE', #8812, #9865, #606, .T. ) ;
#10416 = ORIENTED_EDGE ( 'NONE', *, *, #10849, .T. ) ;
#10417 = DIRECTION ( 'NONE',  ( -0.9876139742652865205, -0.1569032754149065623, 0.000000000000000000 ) ) ;
#10418 = ADVANCED_FACE ( 'NONE', ( #3271 ), #11583, .F. ) ;
#10419 = CIRCLE ( 'NONE', #7727, 19.30000000000008953 ) ;
#10421 = CARTESIAN_POINT ( 'NONE',  ( -5.950000000000001954, -8.012463504261800651, -21.29634816116374907 ) ) ;
#10420 = VECTOR ( 'NONE', #4647, 1000.000000000000000 ) ;
#10422 = ORIENTED_EDGE ( 'NONE', *, *, #12002, .F. ) ;
#10423 = VERTEX_POINT ( 'NONE', #9580 ) ;
#10424 = CARTESIAN_POINT ( 'NONE',  ( -18.11113469183625568, 7.206629400636784588, -26.99634816116374836 ) ) ;
#10425 = AXIS2_PLACEMENT_3D ( 'NONE', #10457, #1299, #1113 ) ;
#10426 = DIRECTION ( 'NONE',  ( -0.9238795325112919565, -0.3826834323650772918, 0.000000000000000000 ) ) ;
#10427 = FACE_OUTER_BOUND ( 'NONE', #7440, .T. ) ;
#10428 = DIRECTION ( 'NONE',  ( -1.000000000000000000, 0.000000000000000000, 0.000000000000000000 ) ) ;
#10429 = EDGE_CURVE ( 'NONE', #5309, #8194, #6907, .T. ) ;
#10430 = DIRECTION ( 'NONE',  ( -0.4182286202377435425, -0.9083417975707345215, 0.000000000000000000 ) ) ;
#10431 = AXIS2_PLACEMENT_3D ( 'NONE', #8453, #312, #124 ) ;
#10432 = CIRCLE ( 'NONE', #1539, 6.399999999999995026 ) ;
#10433 = DIRECTION ( 'NONE',  ( -0.000000000000000000, -0.000000000000000000, 1.000000000000000000 ) ) ;
#10434 = VECTOR ( 'NONE', #554, 1000.000000000000114 ) ;
#10435 = ORIENTED_EDGE ( 'NONE', *, *, #176, .F. ) ;
#10436 = ORIENTED_EDGE ( 'NONE', *, *, #4635, .F. ) ;
#10437 = CARTESIAN_POINT ( 'NONE',  ( 13.59795948890244510, -13.15864902206824816, -34.29634816116375617 ) ) ;
#10438 = VERTEX_POINT ( 'NONE', #5153 ) ;
#10439 = ORIENTED_EDGE ( 'NONE', *, *, #3383, .T. ) ;
#10440 = CARTESIAN_POINT ( 'NONE',  ( -6.368163355566236381E-15, 1.075072991476402562, -26.29634816116374907 ) ) ;
#10441 = VECTOR ( 'NONE', #9052, 1000.000000000000114 ) ;
#10442 = DIRECTION ( 'NONE',  ( -1.000000000000000000, 0.000000000000000000, -0.000000000000000000 ) ) ;
#10443 = LINE ( 'NONE', #1409, #5257 ) ;
#10444 = CARTESIAN_POINT ( 'NONE',  ( 7.753965944771141316, -16.58889826103817100, -26.56606956038671896 ) ) ;
#10445 = DIRECTION ( 'NONE',  ( 1.000000000000000000, 0.000000000000000000, 0.000000000000000000 ) ) ;
#10446 = VECTOR ( 'NONE', #7824, 1000.000000000000000 ) ;
#10447 = DIRECTION ( 'NONE',  ( 0.8314696123025404617, -0.5555702330196092831, 0.000000000000000000 ) ) ;
#10448 = DIRECTION ( 'NONE',  ( 0.5874011683613039603, -0.8092959084338527953, 0.000000000000000000 ) ) ;
#10449 = B_SPLINE_CURVE_WITH_KNOTS ( 'NONE', 3,
 ( #11500, #3852, #3178, #7667, #3058, #5674, #9372, #2936 ),
 .UNSPECIFIED., .F., .F.,
 ( 4, 2, 2, 4 ),
 ( 0.000000000000000000, 0.0002734115678465714018, 0.0005468231356931428037, 0.001093646271386293847 ),
 .UNSPECIFIED. ) ;
#10450 = CARTESIAN_POINT ( 'NONE',  ( -4.516859228947537552, -18.22647114404586688, -33.59634816116375333 ) ) ;
#10451 = CARTESIAN_POINT ( 'NONE',  ( -18.06225602790434692, 7.338203540260454183, -34.02662297194007124 ) ) ;
#10452 = EDGE_LOOP ( 'NONE', ( #3890, #2790, #2278, #8100 ) ) ;
#10453 = VERTEX_POINT ( 'NONE', #540 ) ;
#10454 = CARTESIAN_POINT ( 'NONE',  ( 16.08584744898867314, 11.20222176291171046, -26.29634816116374907 ) ) ;
#10455 = ORIENTED_EDGE ( 'NONE', *, *, #11847, .F. ) ;
#10456 = ORIENTED_EDGE ( 'NONE', *, *, #1611, .F. ) ;
#10457 = CARTESIAN_POINT ( 'NONE',  ( 0.2986392761938108653, 0.9844817574481115052, -34.29634816116375617 ) ) ;
#10458 = B_SPLINE_CURVE_WITH_KNOTS ( 'NONE', 3,
 ( #9754, #1199, #6005, #2174, #4175, #7872, #355, #5034 ),
 .UNSPECIFIED., .F., .F.,
 ( 4, 2, 2, 4 ),
 ( 0.000000000000000000, 0.0002734115678465717271, 0.0005468231356931434542, 0.001093646271386294281 ),
 .UNSPECIFIED. ) ;
#10459 = ORIENTED_EDGE ( 'NONE', *, *, #5868, .F. ) ;
#10460 = VECTOR ( 'NONE', #6482, 1000.000000000000114 ) ;
#10461 = CARTESIAN_POINT ( 'NONE',  ( -7.999999999999992895, 0.5375364957382031683, -21.29634816116374907 ) ) ;
#10462 = CARTESIAN_POINT ( 'NONE',  ( 10.66468526717345888, -15.54831095325050860, -26.29634816116374907 ) ) ;
#10463 = LINE ( 'NONE', #267, #7508 ) ;
#10464 = EDGE_CURVE ( 'NONE', #7860, #2388, #6149, .T. ) ;
#10465 = CARTESIAN_POINT ( 'NONE',  ( -0.1582312551650282562, -0.1229250554483183183, -33.59634816116375333 ) ) ;
#10466 = VECTOR ( 'NONE', #5959, 1000.000000000000114 ) ;
#10467 = ORIENTED_EDGE ( 'NONE', *, *, #3646, .T. ) ;
#10468 = ORIENTED_EDGE ( 'NONE', *, *, #4709, .T. ) ;
#10469 = LINE ( 'NONE', #6591, #7133 ) ;
#10470 = EDGE_LOOP ( 'NONE', ( #4638, #3106 ) ) ;
#10471 = CARTESIAN_POINT ( 'NONE',  ( -18.51298400176440850, -2.734356414060430840, -26.38468553521233417 ) ) ;
#10472 = ORIENTED_EDGE ( 'NONE', *, *, #715, .F. ) ;
#10473 = CARTESIAN_POINT ( 'NONE',  ( 17.52226697299710167, -7.553208842425543246, -26.99634816116374836 ) ) ;
#10474 = CARTESIAN_POINT ( 'NONE',  ( -19.29954231967444400, 0.6994407509271098888, -34.29634816116376328 ) ) ;
#10475 = FACE_OUTER_BOUND ( 'NONE', #10807, .T. ) ;
#10476 = DIRECTION ( 'NONE',  ( 0.5874011683613068469, -0.8092959084338507969, 0.000000000000000000 ) ) ;
#10477 = CARTESIAN_POINT ( 'NONE',  ( 18.31007882830002842, 4.801310487430009211, -26.56606956038671896 ) ) ;
#10478 = CIRCLE ( 'NONE', #602, 19.33712077059221812 ) ;
#10479 = LINE ( 'NONE', #5089, #7504 ) ;
#10480 = DIRECTION ( 'NONE',  ( 0.000000000000000000, 0.000000000000000000, 1.000000000000000000 ) ) ;
#10481 = VERTEX_POINT ( 'NONE', #5882 ) ;
#10482 = DIRECTION ( 'NONE',  ( -0.000000000000000000, -0.000000000000000000, 1.000000000000000000 ) ) ;
#10483 = ADVANCED_FACE ( 'NONE', ( #9948 ), #9046, .F. ) ;
#10484 = ADVANCED_FACE ( 'NONE', ( #11945 ), #10123, .F. ) ;
#10485 = CARTESIAN_POINT ( 'NONE',  ( 15.40423419148060447, 11.31461535954888120, -34.20801078711516396 ) ) ;
#10486 = ORIENTED_EDGE ( 'NONE', *, *, #6785, .T. ) ;
#10487 = ORIENTED_EDGE ( 'NONE', *, *, #9488, .F. ) ;
#10488 = FACE_OUTER_BOUND ( 'NONE', #6754, .T. ) ;
#10489 = ADVANCED_FACE ( 'NONE', ( #6255 ), #11833, .T. ) ;
#10490 = CARTESIAN_POINT ( 'NONE',  ( 11.35370864137646763, -15.06961891730028213, -33.68879736725453000 ) ) ;
#10491 = DIRECTION ( 'NONE',  ( -0.9807852804032330951, -0.1950903220161147866, 0.000000000000000000 ) ) ;
#10492 = CARTESIAN_POINT ( 'NONE',  ( 0.000000000000000000, 0.5375364957382021691, -21.29634816116374907 ) ) ;
#10493 = DIRECTION ( 'NONE',  ( -0.7340002190031270635, 0.6791492313942213421, 0.000000000000000000 ) ) ;
#10494 = ORIENTED_EDGE ( 'NONE', *, *, #2636, .F. ) ;
#10495 = EDGE_CURVE ( 'NONE', #6033, #4637, #3809, .T. ) ;
#10496 = ORIENTED_EDGE ( 'NONE', *, *, #5531, .F. ) ;
#10497 = CARTESIAN_POINT ( 'NONE',  ( -0.3800957012717374184, 0.1574407944664638070, -34.29634816116375617 ) ) ;
#10498 = VERTEX_POINT ( 'NONE', #1583 ) ;
#10499 = EDGE_LOOP ( 'NONE', ( #4389, #3073, #4151, #7352 ) ) ;
#10500 = LINE ( 'NONE', #9477, #1540 ) ;
#10501 = AXIS2_PLACEMENT_3D ( 'NONE', #5314, #11392, #8041 ) ;
#10502 = LINE ( 'NONE', #7651, #2273 ) ;
#10503 = CARTESIAN_POINT ( 'NONE',  ( -0.7500000000000001110, 19.32257073208607068, -33.78124828719859352 ) ) ;
#10504 = FACE_OUTER_BOUND ( 'NONE', #7831, .T. ) ;
#10505 = CARTESIAN_POINT ( 'NONE',  ( -13.19512322287327422, 14.62238254392801906, -26.56607335038743756 ) ) ;
#10506 = CARTESIAN_POINT ( 'NONE',  ( -3.198396408832238080E-15, 0.5375364957382012809, -34.29634816116375617 ) ) ;
#10507 = DIRECTION ( 'NONE',  ( -0.000000000000000000, -0.000000000000000000, 1.000000000000000000 ) ) ;
#10508 = CARTESIAN_POINT ( 'NONE',  ( 8.090745338163547018, -16.98473047725898510, -26.81145002369893149 ) ) ;
#10509 = FACE_OUTER_BOUND ( 'NONE', #1239, .T. ) ;
#10510 = EDGE_CURVE ( 'NONE', #7194, #7429, #1145, .T. ) ;
#10511 = AXIS2_PLACEMENT_3D ( 'NONE', #8817, #10628, #438 ) ;
#10512 = VERTEX_POINT ( 'NONE', #4427 ) ;
#10513 = ORIENTED_EDGE ( 'NONE', *, *, #6432, .F. ) ;
#10514 = DIRECTION ( 'NONE',  ( -0.4182286202377371032, 0.9083417975707374081, 0.000000000000000000 ) ) ;
#10515 = ORIENTED_EDGE ( 'NONE', *, *, #5532, .F. ) ;
#10516 = EDGE_LOOP ( 'NONE', ( #10573, #11563 ) ) ;
#10517 = DIRECTION ( 'NONE',  ( 0.6791492313942238956, 0.7340002190031247320, 0.000000000000000000 ) ) ;
#10518 = ORIENTED_EDGE ( 'NONE', *, *, #764, .T. ) ;
#10519 = CYLINDRICAL_SURFACE ( 'NONE', #6716, 18.15000000000008029 ) ;
#10520 = CARTESIAN_POINT ( 'NONE',  ( 15.20250745882144017, -10.52247156145777396, -33.59634816116375333 ) ) ;
#10521 = AXIS2_PLACEMENT_3D ( 'NONE', #3947, #3884, #11284 ) ;
#10522 = CARTESIAN_POINT ( 'NONE',  ( 18.27776732936861137, -3.862830842817394750, -26.99634816116374836 ) ) ;
#10523 = ADVANCED_FACE ( 'NONE', ( #5341 ), #3517, .T. ) ;
#10524 = DIRECTION ( 'NONE',  ( 0.8523920528607215052, -0.5229032302633873641, 0.000000000000000000 ) ) ;
#10525 = B_SPLINE_CURVE_WITH_KNOTS ( 'NONE', 3,
 ( #11459, #10536, #5208, #3140, #595, #5933, #6844, #10664 ),
 .UNSPECIFIED., .F., .F.,
 ( 4, 2, 2, 4 ),
 ( 0.000000000000000000, 0.0002734115678465768771, 0.0005468231356931537541, 0.001093646271386297100 ),
 .UNSPECIFIED. ) ;
#10526 = VERTEX_POINT ( 'NONE', #1815 ) ;
#10527 = ORIENTED_EDGE ( 'NONE', *, *, #3147, .T. ) ;
#10528 =( GEOMETRIC_REPRESENTATION_CONTEXT ( 3 ) GLOBAL_UNCERTAINTY_ASSIGNED_CONTEXT ( ( #7438 ) ) GLOBAL_UNIT_ASSIGNED_CONTEXT ( ( #9584, #5888, #4974 ) ) REPRESENTATION_CONTEXT ( 'NONE', 'WORKASPACE' ) );
#10529 = CARTESIAN_POINT ( 'NONE',  ( 9.812803638742101597, 16.57339930408909012, -33.59634816116375333 ) ) ;
#10530 = ORIENTED_EDGE ( 'NONE', *, *, #10275, .F. ) ;
#10531 = LINE ( 'NONE', #7932, #4025 ) ;
#10532 = ORIENTED_EDGE ( 'NONE', *, *, #11834, .F. ) ;
#10533 = CARTESIAN_POINT ( 'NONE',  ( 3.007641055658142104, 19.60174629526366985, -26.99634816116374836 ) ) ;
#10534 = CARTESIAN_POINT ( 'NONE',  ( 13.00574236495419456, -13.03768082845998855, -26.38468553521233062 ) ) ;
#10535 = CARTESIAN_POINT ( 'NONE',  ( -0.06991946120232231388, -18.77427137391780576, -34.29634816116375617 ) ) ;
#10536 = CARTESIAN_POINT ( 'NONE',  ( 10.85686969200510354, 16.49457028111239509, -34.29634816116377038 ) ) ;
#10537 = FACE_OUTER_BOUND ( 'NONE', #7878, .T. ) ;
#10538 = VECTOR ( 'NONE', #8500, 1000.000000000000114 ) ;
#10539 = CARTESIAN_POINT ( 'NONE',  ( 7.823042886243205984, -13.76246350426182374, -44.29634816116374907 ) ) ;
#10540 = VERTEX_POINT ( 'NONE', #9111 ) ;
#10541 = DIRECTION ( 'NONE',  ( 0.000000000000000000, 0.000000000000000000, 1.000000000000000000 ) ) ;
#10542 = EDGE_CURVE ( 'NONE', #8882, #2623, #4368, .T. ) ;
#10543 = CARTESIAN_POINT ( 'NONE',  ( -18.42853067367100550, 4.254214543423815442, -34.29634816116375617 ) ) ;
#10544 = VERTEX_POINT ( 'NONE', #2723 ) ;
#10545 = CARTESIAN_POINT ( 'NONE',  ( 12.75269500745304541, -13.27581868349481198, -26.99634816116374836 ) ) ;
#10546 = CARTESIAN_POINT ( 'NONE',  ( -12.30000000000000071, 0.5375364957381987274, -29.44634816116375120 ) ) ;
#10547 = DIRECTION ( 'NONE',  ( 0.9380269381538446360, -0.3465623512410477280, 0.000000000000000000 ) ) ;
#10548 = CARTESIAN_POINT ( 'NONE',  ( -19.00973876702713738, -2.799601841437486360, -26.37236741899921455 ) ) ;
#10549 = DIRECTION ( 'NONE',  ( 0.1569032754149136677, 0.9876139742652854103, 0.000000000000000000 ) ) ;
#10550 = EDGE_CURVE ( 'NONE', #10544, #2164, #8917, .T. ) ;
#10551 = DIRECTION ( 'NONE',  ( -0.000000000000000000, 0.000000000000000000, 1.000000000000000000 ) ) ;
#10552 = ADVANCED_FACE ( 'NONE', ( #841 ), #5511, .T. ) ;
#10553 = ORIENTED_EDGE ( 'NONE', *, *, #7323, .T. ) ;
#10554 = DIRECTION ( 'NONE',  ( 0.000000000000000000, 0.000000000000000000, -1.000000000000000000 ) ) ;
#10555 = CARTESIAN_POINT ( 'NONE',  ( -18.10487092869010084, -6.148634384587410295, -26.81318386950226440 ) ) ;
#10556 = ORIENTED_EDGE ( 'NONE', *, *, #9681, .T. ) ;
#10557 = EDGE_CURVE ( 'NONE', #9149, #7427, #10923, .T. ) ;
#10558 = EDGE_LOOP ( 'NONE', ( #8710, #10281, #1094, #9189 ) ) ;
#10559 = CARTESIAN_POINT ( 'NONE',  ( 18.44805341594532777, -3.080994098717086960, -26.29634816116374907 ) ) ;
#10560 = CARTESIAN_POINT ( 'NONE',  ( 16.03586280835084921, -9.275267143003967263, -26.90389799132447379 ) ) ;
#10561 = CARTESIAN_POINT ( 'NONE',  ( -0.2332011601476315643, 19.33590027883314377, -34.27817972094532450 ) ) ;
#10562 = CARTESIAN_POINT ( 'NONE',  ( 12.75269500745314488, 14.35089167497112150, -33.59634816116375333 ) ) ;
#10563 = CARTESIAN_POINT ( 'NONE',  ( -15.60343119137697343, -9.948519653097994464, -26.29634816116374907 ) ) ;
#10564 = CARTESIAN_POINT ( 'NONE',  ( 3.833340540673527919, 19.45301957968908724, -26.29634816116374907 ) ) ;
#10565 = DIRECTION ( 'NONE',  ( -0.000000000000000000, -0.000000000000000000, 1.000000000000000000 ) ) ;
#10566 = ADVANCED_FACE ( 'NONE', ( #11038 ), #8198, .F. ) ;
#10567 = DIRECTION ( 'NONE',  ( 0.000000000000000000, 0.000000000000000000, 1.000000000000000000 ) ) ;
#10568 = EDGE_CURVE ( 'NONE', #8593, #7177, #3575, .T. ) ;
#10569 = EDGE_CURVE ( 'NONE', #27, #128, #4542, .T. ) ;
#10570 = CARTESIAN_POINT ( 'NONE',  ( -3.184843881676169275E-15, 0.5375364957382012809, -26.29634816116374907 ) ) ;
#10571 = EDGE_CURVE ( 'NONE', #9988, #1807, #6006, .T. ) ;
#10572 = EDGE_CURVE ( 'NONE', #3625, #10027, #6708, .T. ) ;
#10573 = ORIENTED_EDGE ( 'NONE', *, *, #3365, .F. ) ;
#10574 = ORIENTED_EDGE ( 'NONE', *, *, #11959, .T. ) ;
#10575 = CARTESIAN_POINT ( 'NONE',  ( 17.85733928375343282, -6.784036675713378983, -34.29634816116375617 ) ) ;
#10576 = EDGE_LOOP ( 'NONE', ( #1754, #4347, #10556, #5792 ) ) ;
#10577 = ORIENTED_EDGE ( 'NONE', *, *, #7820, .F. ) ;
#10578 = ADVANCED_FACE ( 'NONE', ( #10173 ), #2822, .F. ) ;
#10579 = CARTESIAN_POINT ( 'NONE',  ( -16.30000000000003624, 0.5375364957382011699, -44.29634816116374907 ) ) ;
#10580 = VERTEX_POINT ( 'NONE', #94 ) ;
#10581 = CARTESIAN_POINT ( 'NONE',  ( 17.38763894355426487, 7.685574720956091177, -34.29634816116375617 ) ) ;
#10582 = DIRECTION ( 'NONE',  ( -0.2329837807837363828, 0.9724806208309324518, 0.000000000000000000 ) ) ;
#10583 = CARTESIAN_POINT ( 'NONE',  ( 15.21321162429135221, -10.50776351040259371, -33.77951444777792744 ) ) ;
#10584 = DIRECTION ( 'NONE',  ( 0.9724806208309314526, 0.2329837807837406016, 0.000000000000000000 ) ) ;
#10585 = CARTESIAN_POINT ( 'NONE',  ( -10.40285075565136097, 16.19656375340095167, -34.29634816116375617 ) ) ;
#10586 = AXIS2_PLACEMENT_3D ( 'NONE', #5544, #6509, #4632 ) ;
#10587 = EDGE_LOOP ( 'NONE', ( #10894, #6222, #11057, #1997 ) ) ;
#10588 = EDGE_LOOP ( 'NONE', ( #4189, #5848, #2638, #2176 ) ) ;
#10589 = CARTESIAN_POINT ( 'NONE',  ( 13.45905319441921577, -12.58926920655679460, -26.29634816116375617 ) ) ;
#10590 = VERTEX_POINT ( 'NONE', #1069 ) ;
#10591 = CARTESIAN_POINT ( 'NONE',  ( 11.35370864137657954, 16.14469190877660765, -33.59634816116375333 ) ) ;
#10592 = ORIENTED_EDGE ( 'NONE', *, *, #5885, .F. ) ;
#10593 = CARTESIAN_POINT ( 'NONE',  ( 0.000000000000000000, 0.5375364957382021691, -42.69634816116374765 ) ) ;
#10594 = LINE ( 'NONE', #7995, #1347 ) ;
#10595 = CARTESIAN_POINT ( 'NONE',  ( 19.06420979952545380, -2.470104559920010434, -26.99634816116374836 ) ) ;
#10596 = AXIS2_PLACEMENT_3D ( 'NONE', #7407, #2905, #3762 ) ;
#10597 = DIRECTION ( 'NONE',  ( -0.3465623512410445084, -0.9380269381538458573, 0.000000000000000000 ) ) ;
#10598 = DIRECTION ( 'NONE',  ( -0.000000000000000000, 0.000000000000000000, 1.000000000000000000 ) ) ;
#10599 = CARTESIAN_POINT ( 'NONE',  ( -13.81335517923306355, -12.21515851171480449, -33.68879833100304921 ) ) ;
#10600 = AXIS2_PLACEMENT_3D ( 'NONE', #10812, #11664, #1654 ) ;
#10601 = VERTEX_POINT ( 'NONE', #3011 ) ;
#10602 = AXIS2_PLACEMENT_3D ( 'NONE', #10386, #130, #9421 ) ;
#10603 = CARTESIAN_POINT ( 'NONE',  ( 13.59795948890254280, 14.23372201354455591, -34.29634816116375617 ) ) ;
#10604 = CARTESIAN_POINT ( 'NONE',  ( -7.148038225217703712, 17.92517543929255197, -26.29634816116374907 ) ) ;
#10605 = ORIENTED_EDGE ( 'NONE', *, *, #806, .T. ) ;
#10606 = CARTESIAN_POINT ( 'NONE',  ( 8.074651695274543073, -14.76246350426184328, -46.29634816116374907 ) ) ;
#10607 = AXIS2_PLACEMENT_3D ( 'NONE', #8678, #4972, #3945 ) ;
#10608 = DIRECTION ( 'NONE',  ( 0.1950903220161182283, -0.9807852804032324290, 0.000000000000000000 ) ) ;
#10609 = VECTOR ( 'NONE', #8668, 1000.000000000000000 ) ;
#10610 = CARTESIAN_POINT ( 'NONE',  ( -15.85913871501377592, -9.558655927700923982, -34.22033216491848862 ) ) ;
#10611 = CARTESIAN_POINT ( 'NONE',  ( -7.409272154180415626, 17.81571781924435172, -34.27817972094533161 ) ) ;
#10612 = CARTESIAN_POINT ( 'NONE',  ( -14.18035528873463136, -12.55473312741190739, -34.29634816116375617 ) ) ;
#10613 = AXIS2_PLACEMENT_3D ( 'NONE', #5550, #4639, #6514 ) ;
#10614 = EDGE_CURVE ( 'NONE', #9144, #552, #9336, .T. ) ;
#10615 = CARTESIAN_POINT ( 'NONE',  ( 0.6097275952637671859, 19.32761333460085140, -34.02662676194078273 ) ) ;
#10616 = AXIS2_PLACEMENT_3D ( 'NONE', #5011, #4100, #3064 ) ;
#10617 = AXIS2_PLACEMENT_3D ( 'NONE', #2802, #6406, #10273 ) ;
#10618 = CIRCLE ( 'NONE', #3622, 19.33712077059221812 ) ;
#10619 = VECTOR ( 'NONE', #523, 1000.000000000000000 ) ;
#10620 = ORIENTED_EDGE ( 'NONE', *, *, #5145, .T. ) ;
#10621 = DIRECTION ( 'NONE',  ( 0.000000000000000000, -0.000000000000000000, -1.000000000000000000 ) ) ;
#10622 = CARTESIAN_POINT ( 'NONE',  ( -17.20554259143921527, 8.114784437262205330, -34.22033216491848862 ) ) ;
#10623 = ORIENTED_EDGE ( 'NONE', *, *, #3365, .T. ) ;
#10624 = VERTEX_POINT ( 'NONE', #4720 ) ;
#10625 = CARTESIAN_POINT ( 'NONE',  ( 0.6169015811528728577, 0.8215770384040234076, -26.29634816116374907 ) ) ;
#10626 = DIRECTION ( 'NONE',  ( 0.000000000000000000, 0.000000000000000000, -1.000000000000000000 ) ) ;
#10627 = CARTESIAN_POINT ( 'NONE',  ( -0.6739792564868254399, 19.32580339164214678, -33.96250492026806711 ) ) ;
#10628 = DIRECTION ( 'NONE',  ( 0.8523920528607158431, -0.5229032302633966900, 0.000000000000000000 ) ) ;
#10629 = CARTESIAN_POINT ( 'NONE',  ( -13.15710500441158182, 14.65779925137875850, -26.64370081747366115 ) ) ;
#10630 = AXIS2_PLACEMENT_3D ( 'NONE', #8397, #4567, #11070 ) ;
#10631 = DIRECTION ( 'NONE',  ( 0.000000000000000000, 0.000000000000000000, -1.000000000000000000 ) ) ;
#10632 = DIRECTION ( 'NONE',  ( 0.6791492313942084635, -0.7340002190031388318, 0.000000000000000000 ) ) ;
#10633 = AXIS2_PLACEMENT_3D ( 'NONE', #977, #7, #3534 ) ;
#10634 = CARTESIAN_POINT ( 'NONE',  ( -3.184081677783118191E-15, 0.5375364957382012809, -34.29634816116375617 ) ) ;
#10635 = AXIS2_PLACEMENT_3D ( 'NONE', #8101, #5187, #11800 ) ;
#10636 = CARTESIAN_POINT ( 'NONE',  ( 10.07425525387379928, 16.99959533051945471, -33.59634816116375333 ) ) ;
#10637 = ORIENTED_EDGE ( 'NONE', *, *, #2917, .T. ) ;
#10638 = ORIENTED_EDGE ( 'NONE', *, *, #10557, .F. ) ;
#10639 = VECTOR ( 'NONE', #99, 999.9999999999998863 ) ;
#10640 = CARTESIAN_POINT ( 'NONE',  ( -6.669092904898532126, -17.57359819609807516, -33.59634816116375333 ) ) ;
#10641 = EDGE_CURVE ( 'NONE', #9145, #5896, #1932, .T. ) ;
#10642 = ORIENTED_EDGE ( 'NONE', *, *, #6640, .T. ) ;
#10643 = ORIENTED_EDGE ( 'NONE', *, *, #1374, .F. ) ;
#10644 = DIRECTION ( 'NONE',  ( 0.2329837807837476515, 0.9724806208309298983, 0.000000000000000000 ) ) ;
#10645 = ORIENTED_EDGE ( 'NONE', *, *, #5027, .T. ) ;
#10646 = CYLINDRICAL_SURFACE ( 'NONE', #1523, 7.999999999999992895 ) ;
#10647 = CARTESIAN_POINT ( 'NONE',  ( -5.949999999999999289, 9.087536495738202547, -26.19634816116376541 ) ) ;
#10648 = EDGE_CURVE ( 'NONE', #7851, #7733, #962, .T. ) ;
#10649 = CARTESIAN_POINT ( 'NONE',  ( -18.83977611839023680, 4.729134768592498261, -26.37236741899921455 ) ) ;
#10650 = DIRECTION ( 'NONE',  ( -0.000000000000000000, -0.000000000000000000, -1.000000000000000000 ) ) ;
#10651 = AXIS2_PLACEMENT_3D ( 'NONE', #524, #4231, #2404 ) ;
#10652 = DIRECTION ( 'NONE',  ( 0.5229032302633780382, -0.8523920528607271674, 0.000000000000000000 ) ) ;
#10653 = ORIENTED_EDGE ( 'NONE', *, *, #3523, .F. ) ;
#10654 = VERTEX_POINT ( 'NONE', #3799 ) ;
#10655 = CIRCLE ( 'NONE', #1156, 19.30000000000008598 ) ;
#10656 = CARTESIAN_POINT ( 'NONE',  ( -18.44805341594538817, -3.080994098716820506, -34.29634816116375617 ) ) ;
#10657 = EDGE_LOOP ( 'NONE', ( #7810, #7205, #8508, #2831 ) ) ;
#10658 = DIRECTION ( 'NONE',  ( -1.000000000000000000, 0.000000000000000000, 0.000000000000000000 ) ) ;
#10659 = ORIENTED_EDGE ( 'NONE', *, *, #1370, .F. ) ;
#10660 = CARTESIAN_POINT ( 'NONE',  ( -7.449911663004296969, -17.26664324423959584, -34.29634816116375617 ) ) ;
#10661 = EDGE_CURVE ( 'NONE', #11408, #9795, #7500, .T. ) ;
#10662 = DIRECTION ( 'NONE',  ( -0.9083417975707406278, -0.4182286202377303863, 0.000000000000000000 ) ) ;
#10663 = CARTESIAN_POINT ( 'NONE',  ( 17.52226697299715497, 8.628281833901814579, -26.99634816116374836 ) ) ;
#10664 = CARTESIAN_POINT ( 'NONE',  ( 11.35370864137657954, 16.14469190877660765, -33.59634816116375333 ) ) ;
#10665 = DIRECTION ( 'NONE',  ( 0.8523920528607266123, 0.5229032302633787044, -0.000000000000000000 ) ) ;
#10666 = VECTOR ( 'NONE', #6210, 1000.000000000000114 ) ;
#10667 = CARTESIAN_POINT ( 'NONE',  ( -10.40285075565136452, 16.19656375340095522, -26.29634816116374907 ) ) ;
#10668 = EDGE_LOOP ( 'NONE', ( #9983, #1797, #494, #8472 ) ) ;
#10669 = EDGE_CURVE ( 'NONE', #11798, #4867, #1987, .T. ) ;
#10670 = CYLINDRICAL_SURFACE ( 'NONE', #240, 0.7000000000000000666 ) ;
#10671 = CIRCLE ( 'NONE', #11839, 19.33712077059222167 ) ;
#10672 = DIRECTION ( 'NONE',  ( 0.000000000000000000, -1.000000000000000000, 0.000000000000000000 ) ) ;
#10673 = ORIENTED_EDGE ( 'NONE', *, *, #10801, .T. ) ;
#10674 = DIRECTION ( 'NONE',  ( -0.3826834323650998293, -0.9238795325112826307, 0.000000000000000000 ) ) ;
#10675 = CARTESIAN_POINT ( 'NONE',  ( 19.29920961486470432, 0.2831832896704526426, -26.29634816116375617 ) ) ;
#10676 = DIRECTION ( 'NONE',  ( -1.000000000000000000, 0.000000000000000000, 0.000000000000000000 ) ) ;
#10677 = DIRECTION ( 'NONE',  ( 0.9724806208309290101, -0.2329837807837510377, 0.000000000000000000 ) ) ;
#10678 = CARTESIAN_POINT ( 'NONE',  ( -3.144186300207962859E-15, 0.5375364957382012809, -26.29634816116374907 ) ) ;
#10679 = APPLICATION_PROTOCOL_DEFINITION ( 'draft international standard', 'automotive_design', 1998, #3617 ) ;
#10680 = EDGE_CURVE ( 'NONE', #8566, #9517, #11684, .T. ) ;
#10681 = CARTESIAN_POINT ( 'NONE',  ( -13.82475207952447782, -12.92995816223392147, -34.27817872468220628 ) ) ;
#10682 = ORIENTED_EDGE ( 'NONE', *, *, #9954, .F. ) ;
#10683 = CARTESIAN_POINT ( 'NONE',  ( 10.51164518946079340, 16.72402771013392453, -26.31451759764528830 ) ) ;
#10684 = CARTESIAN_POINT ( 'NONE',  ( -13.60606977645255178, -13.16741433102023962, -26.99634816116374836 ) ) ;
#10685 = ORIENTED_EDGE ( 'NONE', *, *, #11424, .F. ) ;
#10686 = VERTEX_POINT ( 'NONE', #10297 ) ;
#10687 = B_SPLINE_CURVE_WITH_KNOTS ( 'NONE', 3,
 ( #8371, #3633, #8552, #1019, #5751, #8315, #901, #965 ),
 .UNSPECIFIED., .F., .F.,
 ( 4, 2, 2, 4 ),
 ( 0.000000000000000000, 0.0002734111411466468760, 0.0005468222822932937519, 0.001093644564586588371 ),
 .UNSPECIFIED. ) ;
#10688 = MANIFOLD_SOLID_BREP ( 'Stock-Main-1', #5671 ) ;
#10689 = DIRECTION ( 'NONE',  ( -0.9380269381538495210, -0.3465623512410343499, 0.000000000000000000 ) ) ;
#10690 = CARTESIAN_POINT ( 'NONE',  ( -8.090745338163806366, -16.98473047725886786, -26.99634816116374836 ) ) ;
#10691 = DIRECTION ( 'NONE',  ( -0.8523920528607193958, 0.5229032302633908058, 0.000000000000000000 ) ) ;
#10692 = CARTESIAN_POINT ( 'NONE',  ( 7.151839091316872121, 18.46372906512492662, -26.31451759764528830 ) ) ;
#10693 = CARTESIAN_POINT ( 'NONE',  ( -15.50030883325560183, -10.10199201400830482, -26.29634816116374196 ) ) ;
#10694 = FACE_OUTER_BOUND ( 'NONE', #590, .T. ) ;
#10695 = FACE_OUTER_BOUND ( 'NONE', #3966, .T. ) ;
#10696 = CARTESIAN_POINT ( 'NONE',  ( 6.669092904898398899, 18.64867118757452502, -26.99634816116374836 ) ) ;
#10697 = VERTEX_POINT ( 'NONE', #9442 ) ;
#10698 = ORIENTED_EDGE ( 'NONE', *, *, #389, .T. ) ;
#10699 = DIRECTION ( 'NONE',  ( 0.000000000000000000, 0.000000000000000000, -1.000000000000000000 ) ) ;
#10700 = VERTEX_POINT ( 'NONE', #1195 ) ;
#10701 = ORIENTED_EDGE ( 'NONE', *, *, #2111, .T. ) ;
#10702 = CARTESIAN_POINT ( 'NONE',  ( 6.978372596543970907, -16.91912926856151955, -26.31451660138218074 ) ) ;
#10703 = EDGE_CURVE ( 'NONE', #1760, #1578, #435, .T. ) ;
#10704 = ORIENTED_EDGE ( 'NONE', *, *, #9304, .T. ) ;
#10705 = CARTESIAN_POINT ( 'NONE',  ( 17.61132449563351798, 7.116213407165709270, -33.94899881303461342 ) ) ;
#10706 = CARTESIAN_POINT ( 'NONE',  ( 19.06420979952545380, -2.470104559920010434, -33.59634816116375333 ) ) ;
#10707 = DIRECTION ( 'NONE',  ( 1.000000000000000000, 0.000000000000000000, 0.000000000000000000 ) ) ;
#10708 = CARTESIAN_POINT ( 'NONE',  ( 7.845026126428100710, 18.17130342571920920, -34.15606879818029995 ) ) ;
#10709 = DIRECTION ( 'NONE',  ( -0.000000000000000000, 0.000000000000000000, 1.000000000000000000 ) ) ;
#10710 = CIRCLE ( 'NONE', #8585, 19.30000000000008242 ) ;
#10711 = ADVANCED_FACE ( 'NONE', ( #2169 ), #580, .F. ) ;
#10712 = DIRECTION ( 'NONE',  ( -0.6791492313942186776, -0.7340002190031295060, 0.000000000000000000 ) ) ;
#10713 = EDGE_LOOP ( 'NONE', ( #3781, #3554, #2195, #4619 ) ) ;
#10714 = B_SPLINE_CURVE_WITH_KNOTS ( 'NONE', 3,
 ( #1555, #5371, #5261, #8962, #638, #4341, #11740, #3424 ),
 .UNSPECIFIED., .F., .F.,
 ( 4, 2, 2, 4 ),
 ( 0.000000000000000000, 0.0002734140155771822662, 0.0005468280311543645324, 0.001093656062308727113 ),
 .UNSPECIFIED. ) ;
#10715 = EDGE_CURVE ( 'NONE', #10540, #3163, #627, .T. ) ;
#10716 = VERTEX_POINT ( 'NONE', #2393 ) ;
#10717 = DIRECTION ( 'NONE',  ( -0.000000000000000000, -0.000000000000000000, 1.000000000000000000 ) ) ;
#10718 = ORIENTED_EDGE ( 'NONE', *, *, #5847, .F. ) ;
#10719 = PLANE ( 'NONE',  #127 ) ;
#10720 = ORIENTED_EDGE ( 'NONE', *, *, #4553, .F. ) ;
#10721 = CARTESIAN_POINT ( 'NONE',  ( 4.314357712814564927, 18.83573471089938778, -33.94899881303460631 ) ) ;
#10722 = AXIS2_PLACEMENT_3D ( 'NONE', #1640, #11648, #719 ) ;
#10723 = CARTESIAN_POINT ( 'NONE',  ( -3.184081677783118191E-15, 0.5375364957382012809, -101.8849916687654371 ) ) ;
#10724 = EDGE_CURVE ( 'NONE', #8919, #1740, #11808, .T. ) ;
#10725 = DIRECTION ( 'NONE',  ( -0.000000000000000000, 0.000000000000000000, -1.000000000000000000 ) ) ;
#10726 = CYLINDRICAL_SURFACE ( 'NONE', #8669, 0.7000000000000000666 ) ;
#10727 = DIRECTION ( 'NONE',  ( 1.000000000000000000, 0.000000000000000000, 0.000000000000000000 ) ) ;
#10728 = ADVANCED_FACE ( 'NONE', ( #3079 ), #3306, .F. ) ;
#10729 = DIRECTION ( 'NONE',  ( 1.000000000000000000, 0.000000000000000000, 0.000000000000000000 ) ) ;
#10730 = ADVANCED_FACE ( 'NONE', ( #6779, #9790 ), #1614, .T. ) ;
#10731 = VECTOR ( 'NONE', #1031, 1000.000000000000000 ) ;
#10732 = EDGE_CURVE ( 'NONE', #3314, #5911, #2374, .T. ) ;
#10733 = EDGE_CURVE ( 'NONE', #5685, #9869, #4214, .T. ) ;
#10734 = ORIENTED_EDGE ( 'NONE', *, *, #2094, .T. ) ;
#10735 = B_SPLINE_CURVE_WITH_KNOTS ( 'NONE', 3,
 ( #11296, #6677, #7721, #10376, #2071, #5777, #8157, #740 ),
 .UNSPECIFIED., .F., .F.,
 ( 4, 2, 2, 4 ),
 ( 0.000000000000000000, 0.0002734144572333940858, 0.0005468289144667881716, 0.001093657828933583716 ),
 .UNSPECIFIED. ) ;
#10736 = DIRECTION ( 'NONE',  ( -0.8523920528607157321, 0.5229032302633966900, -0.000000000000000000 ) ) ;
#10737 = ORIENTED_EDGE ( 'NONE', *, *, #11073, .T. ) ;
#10738 = CARTESIAN_POINT ( 'NONE',  ( -15.60343119137675316, 11.02359264457472854, -26.29634816116374907 ) ) ;
#10739 = ORIENTED_EDGE ( 'NONE', *, *, #7330, .F. ) ;
#10740 = CARTESIAN_POINT ( 'NONE',  ( 10.39999999999998792, 0.5375364957382021691, -21.29634816116374907 ) ) ;
#10741 = DIRECTION ( 'NONE',  ( -0.8092959084338466891, -0.5874011683613122869, 0.000000000000000000 ) ) ;
#10742 = EDGE_CURVE ( 'NONE', #8375, #4206, #9568, .T. ) ;
#10743 = CARTESIAN_POINT ( 'NONE',  ( 18.76828752585701210, 5.036715946727222892, -33.77951245282524440 ) ) ;
#10744 = CARTESIAN_POINT ( 'NONE',  ( -18.44805341594531356, 4.156067090193616309, -34.29634816116375617 ) ) ;
#10745 = DIRECTION ( 'NONE',  ( -0.03878550529304181094, 0.9992475592060074963, -0.000000000000000000 ) ) ;
#10746 = VERTEX_POINT ( 'NONE', #9020 ) ;
#10747 = CARTESIAN_POINT ( 'NONE',  ( 18.52631206016595300, 3.732939339564375736, -26.43662391211886131 ) ) ;
#10748 = CARTESIAN_POINT ( 'NONE',  ( -17.85733928375354651, -6.784036675713113418, -26.29634816116374907 ) ) ;
#10749 = ORIENTED_EDGE ( 'NONE', *, *, #7994, .T. ) ;
#10750 = EDGE_LOOP ( 'NONE', ( #9039, #8170, #6525, #7768 ) ) ;
#10751 = EDGE_CURVE ( 'NONE', #7245, #6107, #9593, .T. ) ;
#10752 = CARTESIAN_POINT ( 'NONE',  ( -18.79928032667995552, 0.6800208136457536190, -26.29634816116374196 ) ) ;
#10753 = DIRECTION ( 'NONE',  ( -0.000000000000000000, 0.000000000000000000, 1.000000000000000000 ) ) ;
#10754 = CARTESIAN_POINT ( 'NONE',  ( -0.6291290431575463638, 19.82738775786756236, -34.02662297194006413 ) ) ;
#10755 = DIRECTION ( 'NONE',  ( 0.9724806208309290101, -0.2329837807837510377, 0.000000000000000000 ) ) ;
#10756 = CARTESIAN_POINT ( 'NONE',  ( 0.4966189663903605167, 0.3318301845276014905, -34.29634816116375617 ) ) ;
#10757 = DIRECTION ( 'NONE',  ( 0.000000000000000000, 0.000000000000000000, 1.000000000000000000 ) ) ;
#10758 = CARTESIAN_POINT ( 'NONE',  ( 8.090745338163548794, -16.98473047725898510, -34.29634816116375617 ) ) ;
#10759 = DIRECTION ( 'NONE',  ( 0.03878550529304181788, 0.9992475592060076073, 0.000000000000000000 ) ) ;
#10760 = ADVANCED_FACE ( 'NONE', ( #10475 ), #692, .F. ) ;
#10761 = VERTEX_POINT ( 'NONE', #8893 ) ;
#10762 = EDGE_LOOP ( 'NONE', ( #3122, #11367, #9030, #8567 ) ) ;
#10763 = DIRECTION ( 'NONE',  ( -0.3465623512410510587, -0.9380269381538434148, -0.000000000000000000 ) ) ;
#10764 = EDGE_LOOP ( 'NONE', ( #11983, #6867, #6489, #5774 ) ) ;
#10765 = ORIENTED_EDGE ( 'NONE', *, *, #3600, .F. ) ;
#10766 = CARTESIAN_POINT ( 'NONE',  ( -16.03586280835099487, -9.275267143003731007, -34.29634816116375617 ) ) ;
#10767 = VERTEX_POINT ( 'NONE', #5871 ) ;
#10768 = DIRECTION ( 'NONE',  ( -0.9807852804032303196, 0.1950903220161286922, 0.000000000000000000 ) ) ;
#10769 = DIRECTION ( 'NONE',  ( -0.000000000000000000, -0.000000000000000000, 1.000000000000000000 ) ) ;
#10770 = DIRECTION ( 'NONE',  ( 0.000000000000000000, 0.000000000000000000, 1.000000000000000000 ) ) ;
#10771 = CYLINDRICAL_SURFACE ( 'NONE', #7478, 0.7000000000000000666 ) ;
#10772 = B_SPLINE_CURVE_WITH_KNOTS ( 'NONE', 3,
 ( #11588, #8748, #427, #6017, #10615, #3278, #2308, #5105 ),
 .UNSPECIFIED., .F., .F.,
 ( 4, 2, 2, 4 ),
 ( 1.084202172485504434E-19, 0.0002734140155771853020, 0.0005468280311543704955, 0.001093656062308726029 ),
 .UNSPECIFIED. ) ;
#10773 = DIRECTION ( 'NONE',  ( 0.3465623512410510587, 0.9380269381538434148, 0.000000000000000000 ) ) ;
#10774 = CARTESIAN_POINT ( 'NONE',  ( 14.12026275564041455, 13.69464150014992754, -26.64370081747366115 ) ) ;
#10775 = EDGE_CURVE ( 'NONE', #11616, #586, #9738, .T. ) ;
#10776 = ORIENTED_EDGE ( 'NONE', *, *, #2485, .F. ) ;
#10777 = ORIENTED_EDGE ( 'NONE', *, *, #5973, .T. ) ;
#10778 = CARTESIAN_POINT ( 'NONE',  ( 15.60715541303844667, 11.89124513711471742, -26.81145002369893149 ) ) ;
#10779 = VERTEX_POINT ( 'NONE', #10897 ) ;
#10780 = CARTESIAN_POINT ( 'NONE',  ( -15.60715541303852838, -10.81617214563821427, -33.59634816116375333 ) ) ;
#10781 = ORIENTED_EDGE ( 'NONE', *, *, #5015, .T. ) ;
#10782 = CARTESIAN_POINT ( 'NONE',  ( 13.58474038053287813, 13.53369789157649805, -34.22033216491848862 ) ) ;
#10783 = FACE_OUTER_BOUND ( 'NONE', #4893, .T. ) ;
#10784 = CARTESIAN_POINT ( 'NONE',  ( -15.35957190761386570, -10.30305337289081002, -34.15607241020865104 ) ) ;
#10785 = DIRECTION ( 'NONE',  ( -0.000000000000000000, -0.000000000000000000, -1.000000000000000000 ) ) ;
#10786 = DIRECTION ( 'NONE',  ( -0.6791492313942238956, -0.7340002190031247320, -0.000000000000000000 ) ) ;
#10787 = CARTESIAN_POINT ( 'NONE',  ( -0.05003513775708824662, 19.33705603708741094, -26.29634816116374907 ) ) ;
#10788 = ORIENTED_EDGE ( 'NONE', *, *, #707, .F. ) ;
#10789 = DIRECTION ( 'NONE',  ( -0.9380269381538495210, -0.3465623512410343499, 0.000000000000000000 ) ) ;
#10790 = VERTEX_POINT ( 'NONE', #4959 ) ;
#10791 = CIRCLE ( 'NONE', #3028, 6.399999999999995026 ) ;
#10792 = EDGE_CURVE ( 'NONE', #9869, #7136, #9906, .T. ) ;
#10793 = CARTESIAN_POINT ( 'NONE',  ( -3.007641055657873874, 19.60174629526371604, -26.90389895507295748 ) ) ;
#10794 = VERTEX_POINT ( 'NONE', #8339 ) ;
#10796 = EDGE_CURVE ( 'NONE', #11871, #11455, #8900, .T. ) ;
#10795 = CARTESIAN_POINT ( 'NONE',  ( 13.94249221797539739, 13.88310104634899567, -34.20800806837382169 ) ) ;
#10797 = CARTESIAN_POINT ( 'NONE',  ( 4.254108880452099228, 19.36296421195464035, -34.15606879818030706 ) ) ;
#10798 = CARTESIAN_POINT ( 'NONE',  ( 16.46205883478120668, -9.536718758135661389, -26.99634816116374836 ) ) ;
#10799 = LINE ( 'NONE', #3399, #9446 ) ;
#10800 = CARTESIAN_POINT ( 'NONE',  ( -3.517191827690944628, 19.51453689279906456, -34.27817872468220628 ) ) ;
#10801 = EDGE_CURVE ( 'NONE', #10279, #11385, #872, .T. ) ;
#10802 = VECTOR ( 'NONE', #3616, 1000.000000000000000 ) ;
#10803 = AXIS2_PLACEMENT_3D ( 'NONE', #6494, #4679, #8379 ) ;
#10804 = VECTOR ( 'NONE', #763, 999.9999999999998863 ) ;
#10805 = DIRECTION ( 'NONE',  ( 0.4182286202377371587, -0.9083417975707375192, 0.000000000000000000 ) ) ;
#10806 = CARTESIAN_POINT ( 'NONE',  ( 0.6786403541991833377, 0.5111952664728738327, -33.59634816116375333 ) ) ;
#10807 = EDGE_LOOP ( 'NONE', ( #3316, #9234, #7296, #7005 ) ) ;
#10808 = ORIENTED_EDGE ( 'NONE', *, *, #14, .T. ) ;
#10809 = CYLINDRICAL_SURFACE ( 'NONE', #12003, 0.7000000000000000666 ) ;
#10810 = ADVANCED_FACE ( 'NONE', ( #11917 ), #1895, .F. ) ;
#10811 = VECTOR ( 'NONE', #4897, 1000.000000000000000 ) ;
#10812 = CARTESIAN_POINT ( 'NONE',  ( -18.95437750673499622, 4.236507333382241391, -26.99634816116374836 ) ) ;
#10813 = PLANE ( 'NONE',  #3115 ) ;
#10814 = CARTESIAN_POINT ( 'NONE',  ( 6.740590857002985103, 18.62264415810517448, -26.63019525567114698 ) ) ;
#10815 = DIRECTION ( 'NONE',  ( -0.2329837807837338015, 0.9724806208309330069, -0.000000000000000000 ) ) ;
#10816 = CARTESIAN_POINT ( 'NONE',  ( 0.000000000000000000, 0.5375364957382021691, -41.09634816116376044 ) ) ;
#10817 = CARTESIAN_POINT ( 'NONE',  ( -9.877808546300915538, -15.45877930861247940, -33.96250492026806711 ) ) ;
#10818 = VECTOR ( 'NONE', #9878, 1000.000000000000000 ) ;
#10819 = AXIS2_PLACEMENT_3D ( 'NONE', #330, #2276, #4041 ) ;
#10820 = CARTESIAN_POINT ( 'NONE',  ( -16.28564101209497039, 10.89536238234358834, -34.22032890332829425 ) ) ;
#10821 = B_SPLINE_CURVE_WITH_KNOTS ( 'NONE', 3,
 ( #2482, #3576, #10978, #11655, #6198, #7166, #9047, #9950 ),
 .UNSPECIFIED., .F., .F.,
 ( 4, 2, 2, 4 ),
 ( 0.000000000000000000, 0.0002734115678465708597, 0.0005468231356931429121, 0.001093646271386293630 ),
 .UNSPECIFIED. ) ;
#10822 = ORIENTED_EDGE ( 'NONE', *, *, #8401, .T. ) ;
#10823 = ORIENTED_EDGE ( 'NONE', *, *, #3824, .F. ) ;
#10824 = LINE ( 'NONE', #7909, #139 ) ;
#10825 = ORIENTED_EDGE ( 'NONE', *, *, #2999, .T. ) ;
#10826 = ORIENTED_EDGE ( 'NONE', *, *, #11434, .F. ) ;
#10827 = DIRECTION ( 'NONE',  ( -0.000000000000000000, -0.000000000000000000, 1.000000000000000000 ) ) ;
#10828 = CIRCLE ( 'NONE', #7915, 1.700000000000000178 ) ;
#10829 = ORIENTED_EDGE ( 'NONE', *, *, #1792, .F. ) ;
#10830 = LINE ( 'NONE', #578, #1497 ) ;
#10831 = CARTESIAN_POINT ( 'NONE',  ( -3.171291354520100469E-15, 0.5375364957382013920, -26.29634816116374907 ) ) ;
#10832 = CIRCLE ( 'NONE', #2292, 1.700000000000000178 ) ;
#10833 = CARTESIAN_POINT ( 'NONE',  ( 0.000000000000000000, 0.5375364957382021691, -38.69634816116376186 ) ) ;
#10834 = AXIS2_PLACEMENT_3D ( 'NONE', #884, #7381, #4576 ) ;
#10835 = DIRECTION ( 'NONE',  ( 0.5229032302633938034, 0.8523920528607175084, 0.000000000000000000 ) ) ;
#10836 = CARTESIAN_POINT ( 'NONE',  ( 11.06000805719591895, 15.74004395455968641, -34.29634816116375617 ) ) ;
#10837 = CARTESIAN_POINT ( 'NONE',  ( -15.66983054716663126, -9.871941580006240002, -26.99634816116374836 ) ) ;
#10838 = CIRCLE ( 'NONE', #8704, 18.15000000000008029 ) ;
#10839 = AXIS2_PLACEMENT_3D ( 'NONE', #7293, #59, #10990 ) ;
#10840 = B_SPLINE_CURVE_WITH_KNOTS ( 'NONE', 3,
 ( #1348, #8756, #5776, #2252, #3287, #8573, #11426, #4986 ),
 .UNSPECIFIED., .F., .F.,
 ( 4, 2, 2, 4 ),
 ( 0.000000000000000000, 0.0002734144572333943026, 0.0005468289144667886053, 0.001093657828933582632 ),
 .UNSPECIFIED. ) ;
#10841 = ORIENTED_EDGE ( 'NONE', *, *, #10751, .F. ) ;
#10842 = ORIENTED_EDGE ( 'NONE', *, *, #3753, .F. ) ;
#10843 = CARTESIAN_POINT ( 'NONE',  ( 15.65214394472817361, 11.82988231910128363, -26.63019525567114343 ) ) ;
#10844 = VERTEX_POINT ( 'NONE', #7420 ) ;
#10845 = CARTESIAN_POINT ( 'NONE',  ( -15.60715541303852483, -10.81617214563821427, -33.68879736725453000 ) ) ;
#10846 = ORIENTED_EDGE ( 'NONE', *, *, #11841, .F. ) ;
#10847 = CARTESIAN_POINT ( 'NONE',  ( 13.81335517923287348, -12.21515851171499634, -33.59634816116375333 ) ) ;
#10848 = FACE_OUTER_BOUND ( 'NONE', #2265, .T. ) ;
#10849 = EDGE_CURVE ( 'NONE', #10062, #5266, #1841, .T. ) ;
#10850 = FACE_OUTER_BOUND ( 'NONE', #8441, .T. ) ;
#10851 = DIRECTION ( 'NONE',  ( -0.8314696123025522301, -0.5555702330195918526, 0.000000000000000000 ) ) ;
#10852 = VECTOR ( 'NONE', #8491, 999.9999999999998863 ) ;
#10853 = DIRECTION ( 'NONE',  ( -0.000000000000000000, 0.000000000000000000, -1.000000000000000000 ) ) ;
#10854 = LINE ( 'NONE', #2540, #2480 ) ;
#10855 = ORIENTED_EDGE ( 'NONE', *, *, #11214, .F. ) ;
#10856 = FACE_OUTER_BOUND ( 'NONE', #3769, .T. ) ;
#10857 = ORIENTED_EDGE ( 'NONE', *, *, #5763, .T. ) ;
#10858 = DIRECTION ( 'NONE',  ( 0.9083417975707399616, 0.4182286202377317741, 0.000000000000000000 ) ) ;
#10859 = ORIENTED_EDGE ( 'NONE', *, *, #7298, .F. ) ;
#10860 = LINE ( 'NONE', #8072, #5434 ) ;
#10861 = CARTESIAN_POINT ( 'NONE',  ( 4.516859228947404326, 19.30154413552229542, -33.78124629862856665 ) ) ;
#10862 = EDGE_CURVE ( 'NONE', #128, #9331, #6066, .T. ) ;
#10863 = AXIS2_PLACEMENT_3D ( 'NONE', #961, #10122, #10002 ) ;
#10864 = DIRECTION ( 'NONE',  ( 0.000000000000000000, 0.000000000000000000, -1.000000000000000000 ) ) ;
#10865 = LINE ( 'NONE', #7226, #11379 ) ;
#10866 = B_SPLINE_CURVE_WITH_KNOTS ( 'NONE', 3,
 ( #5447, #5717, #4475, #11022, #9413, #1100, #4529, #121 ),
 .UNSPECIFIED., .F., .F.,
 ( 4, 2, 2, 4 ),
 ( 0.000000000000000000, 0.0002734111411466470386, 0.0005468222822932940772, 0.001093644564586588588 ),
 .UNSPECIFIED. ) ;
#10867 = CARTESIAN_POINT ( 'NONE',  ( -3.606360615585191720, 19.49782947467469540, -34.29634816116376328 ) ) ;
#10868 = CARTESIAN_POINT ( 'NONE',  ( 17.10491403184495951, -7.263723425495284935, -33.94899881303460631 ) ) ;
#10869 = ADVANCED_FACE ( 'NONE', ( #2799 ), #1789, .T. ) ;
#10870 = VECTOR ( 'NONE', #1596, 1000.000000000000114 ) ;
#10871 = B_SPLINE_CURVE_WITH_KNOTS ( 'NONE', 3,
 ( #5487, #3548, #2695, #10035, #875, #4566, #6293, #8276 ),
 .UNSPECIFIED., .F., .F.,
 ( 4, 2, 2, 4 ),
 ( 0.000000000000000000, 0.0002734144572333933269, 0.0005468289144667866537, 0.001093657828933583065 ),
 .UNSPECIFIED. ) ;
#10872 = EDGE_CURVE ( 'NONE', #5480, #756, #5485, .T. ) ;
#10873 = DIRECTION ( 'NONE',  ( -0.000000000000000000, -0.000000000000000000, 1.000000000000000000 ) ) ;
#10874 = DIRECTION ( 'NONE',  ( 1.000000000000000000, 0.000000000000000000, 0.000000000000000000 ) ) ;
#10875 = EDGE_LOOP ( 'NONE', ( #10117, #4308, #6673, #7375 ) ) ;
#10876 = ORIENTED_EDGE ( 'NONE', *, *, #10849, .F. ) ;
#10877 = DIRECTION ( 'NONE',  ( -0.5874011683613097334, 0.8092959084338484654, 0.000000000000000000 ) ) ;
#10878 = CARTESIAN_POINT ( 'NONE',  ( -18.27776732936859005, 4.937903834293922323, -33.68879833100304211 ) ) ;
#10879 = LINE ( 'NONE', #5170, #10870 ) ;
#10880 = CARTESIAN_POINT ( 'NONE',  ( -19.28985126212935697, 1.166665538895952814, -26.56607335038743045 ) ) ;
#10881 = DIRECTION ( 'NONE',  ( -0.1569032754149030651, 0.9876139742652869646, 0.000000000000000000 ) ) ;
#10882 = DIRECTION ( 'NONE',  ( -1.000000000000000000, 0.000000000000000000, 0.000000000000000000 ) ) ;
#10883 = CIRCLE ( 'NONE', #11248, 19.33712077059222167 ) ;
#10884 = CARTESIAN_POINT ( 'NONE',  ( 0.000000000000000000, 0.5375364957382021691, -39.49634816116375902 ) ) ;
#10885 = ADVANCED_FACE ( 'NONE', ( #7370 ), #6508, .F. ) ;
#10886 = EDGE_CURVE ( 'NONE', #3515, #8935, #1407, .T. ) ;
#10887 = VERTEX_POINT ( 'NONE', #8174 ) ;
#10888 = B_SPLINE_CURVE_WITH_KNOTS ( 'NONE', 3,
 ( #5715, #9240, #1042, #926, #4742, #5541, #7537, #2919 ),
 .UNSPECIFIED., .F., .F.,
 ( 4, 2, 2, 4 ),
 ( 0.000000000000000000, 0.0002734140155771813989, 0.0005468280311543627977, 0.001093656062308725812 ),
 .UNSPECIFIED. ) ;
#10889 = VERTEX_POINT ( 'NONE', #8394 ) ;
#10890 = CARTESIAN_POINT ( 'NONE',  ( -7.774056743307488304, 18.20279121155419588, -26.38468825395369777 ) ) ;
#10891 = ORIENTED_EDGE ( 'NONE', *, *, #8795, .T. ) ;
#10892 = ORIENTED_EDGE ( 'NONE', *, *, #10344, .F. ) ;
#10893 = PLANE ( 'NONE',  #8903 ) ;
#10894 = ORIENTED_EDGE ( 'NONE', *, *, #8956, .F. ) ;
#10895 = CARTESIAN_POINT ( 'NONE',  ( -6.627336253427977830, 18.13063655044111755, -34.02662676194078983 ) ) ;
#10896 = DIRECTION ( 'NONE',  ( -0.9876139742652837450, 0.1569032754149237430, 0.000000000000000000 ) ) ;
#10897 = CARTESIAN_POINT ( 'NONE',  ( 17.64212122275941397, 7.033348225016013977, -26.99634816116374836 ) ) ;
#10898 = CARTESIAN_POINT ( 'NONE',  ( -10.07425525387392184, -15.92452233904298176, -26.99634816116374836 ) ) ;
#10899 = CARTESIAN_POINT ( 'NONE',  ( 18.57040281239280688, -2.391652922212551324, -26.99634816116374836 ) ) ;
#10900 = DIRECTION ( 'NONE',  ( -0.7340002190031295060, 0.6791492313942186776, 0.000000000000000000 ) ) ;
#10901 = B_SPLINE_CURVE_WITH_KNOTS ( 'NONE', 3,
 ( #9606, #3780, #11184, #1967, #1053, #8458, #2931, #10331 ),
 .UNSPECIFIED., .F., .F.,
 ( 4, 2, 2, 4 ),
 ( 0.000000000000000000, 0.0002734144572333953868, 0.0005468289144667919663, 0.001093657828933583499 ),
 .UNSPECIFIED. ) ;
#10902 = EDGE_LOOP ( 'NONE', ( #9299, #6032, #2181, #6414 ) ) ;
#10903 = ORIENTED_EDGE ( 'NONE', *, *, #4815, .F. ) ;
#10904 = CARTESIAN_POINT ( 'NONE',  ( 9.877808546300800074, 16.53385230008894169, -33.96250492026806711 ) ) ;
#10905 = ORIENTED_EDGE ( 'NONE', *, *, #1752, .F. ) ;
#10906 = CARTESIAN_POINT ( 'NONE',  ( -10.63771102557756976, 16.03824511950683629, -34.27817972094532450 ) ) ;
#10907 = ORIENTED_EDGE ( 'NONE', *, *, #3396, .T. ) ;
#10908 = CARTESIAN_POINT ( 'NONE',  ( 12.30000000000000071, 0.5375364957381988384, -29.44634816116375120 ) ) ;
#10909 = CARTESIAN_POINT ( 'NONE',  ( -18.27776732936867887, -3.862830842817129628, -33.59634816116375333 ) ) ;
#10910 = EDGE_CURVE ( 'NONE', #9160, #5617, #11068, .T. ) ;
#10911 = CARTESIAN_POINT ( 'NONE',  ( 17.80417973997781900, -6.912375167266032960, -34.29634816116375617 ) ) ;
#10912 = CARTESIAN_POINT ( 'NONE',  ( -17.27818132350612501, -6.871735658442268857, -34.27817972094533161 ) ) ;
#10913 = VECTOR ( 'NONE', #5691, 1000.000000000000000 ) ;
#10914 = CYLINDRICAL_SURFACE ( 'NONE', #5210, 5.599999999999997868 ) ;
#10915 = FACE_BOUND ( 'NONE', #531, .T. ) ;
#10916 = ORIENTED_EDGE ( 'NONE', *, *, #3001, .T. ) ;
#10917 = CARTESIAN_POINT ( 'NONE',  ( 18.44805341594535619, 4.156067090193356073, -34.29634816116375617 ) ) ;
#10918 = VERTEX_POINT ( 'NONE', #2747 ) ;
#10919 = CARTESIAN_POINT ( 'NONE',  ( -17.85733928375339374, 7.859109667189894566, -34.29634816116375617 ) ) ;
#10920 = ORIENTED_EDGE ( 'NONE', *, *, #11286, .F. ) ;
#10921 = CARTESIAN_POINT ( 'NONE',  ( -18.92709628633276608, -3.298586298627346647, -26.99634816116374836 ) ) ;
#10922 = DIRECTION ( 'NONE',  ( -0.000000000000000000, -0.000000000000000000, 1.000000000000000000 ) ) ;
#10923 = B_SPLINE_CURVE_WITH_KNOTS ( 'NONE', 3,
 ( #6194, #11768, #3630, #9217, #787, #9888, #4488, #10072 ),
 .UNSPECIFIED., .F., .F.,
 ( 4, 2, 2, 4 ),
 ( 0.000000000000000000, 0.0002734111411466476891, 0.0005468222822932953782, 0.001093644564586588154 ),
 .UNSPECIFIED. ) ;
#10924 = CARTESIAN_POINT ( 'NONE',  ( -13.76132084478526707, 14.06989014703002283, -26.29634816116374907 ) ) ;
#10925 = CARTESIAN_POINT ( 'NONE',  ( -19.30000000000008953, 0.5375364957382036124, -34.29634816116375617 ) ) ;
#10926 = VECTOR ( 'NONE', #4992, 1000.000000000000000 ) ;
#10927 = CARTESIAN_POINT ( 'NONE',  ( 15.60715541303844844, 11.89124513711472453, -33.68879736725454421 ) ) ;
#10928 = EDGE_CURVE ( 'NONE', #4240, #10261, #10710, .T. ) ;
#10929 = LINE ( 'NONE', #9285, #11614 ) ;
#10930 = ORIENTED_EDGE ( 'NONE', *, *, #993, .F. ) ;
#10931 = ORIENTED_EDGE ( 'NONE', *, *, #1600, .T. ) ;
#10932 = CARTESIAN_POINT ( 'NONE',  ( 3.007641055657999551, -18.52667330378728749, -26.90389895507296458 ) ) ;
#10933 = DIRECTION ( 'NONE',  ( 0.3465623512410477280, 0.9380269381538446360, 0.000000000000000000 ) ) ;
#10934 = CARTESIAN_POINT ( 'NONE',  ( 16.46205883478128840, 10.61179174961193716, -33.59634816116375333 ) ) ;
#10935 = CARTESIAN_POINT ( 'NONE',  ( -19.29551535982284705, 0.9731363934687791151, -26.37236741899920744 ) ) ;
#10936 = CARTESIAN_POINT ( 'NONE',  ( 10.09619242343929635, 16.39667521075187295, -26.37236415740901663 ) ) ;
#10937 = CARTESIAN_POINT ( 'NONE',  ( -10.24991166914499274, -15.22229137379753006, -34.27817972094532450 ) ) ;
#10938 = DIRECTION ( 'NONE',  ( -0.3826834323650873948, 0.9238795325112878487, 0.000000000000000000 ) ) ;
#10939 = EDGE_CURVE ( 'NONE', #10130, #8566, #1958, .T. ) ;
#10940 = VERTEX_POINT ( 'NONE', #3547 ) ;
#10941 = ORIENTED_EDGE ( 'NONE', *, *, #4241, .F. ) ;
#10942 = CARTESIAN_POINT ( 'NONE',  ( -7.845026126427850244, 18.17130342571932999, -26.43662752414719108 ) ) ;
#10943 = EDGE_LOOP ( 'NONE', ( #10107, #11745, #8389, #4886 ) ) ;
#10944 = ORIENTED_EDGE ( 'NONE', *, *, #3227, .T. ) ;
#10945 = CARTESIAN_POINT ( 'NONE',  ( -3.271892909798570948, 19.05052049750261034, -26.38468553521233062 ) ) ;
#10946 = EDGE_CURVE ( 'NONE', #943, #906, #11001, .T. ) ;
#10947 = FACE_OUTER_BOUND ( 'NONE', #6883, .T. ) ;
#10948 = DIRECTION ( 'NONE',  ( 0.8523920528607284997, 0.5229032302633760398, 0.000000000000000000 ) ) ;
#10949 = CARTESIAN_POINT ( 'NONE',  ( -0.7693927526465272893, -18.74712152021267642, -33.78124629862855954 ) ) ;
#10950 = ADVANCED_FACE ( 'NONE', ( #2693 ), #2858, .T. ) ;
#10951 = ADVANCED_FACE ( 'NONE', ( #9412 ), #2920, .F. ) ;
#10952 = FACE_OUTER_BOUND ( 'NONE', #5294, .T. ) ;
#10953 = CYLINDRICAL_SURFACE ( 'NONE', #950, 19.33712077059222167 ) ;
#10954 = EDGE_CURVE ( 'NONE', #9531, #3180, #4976, .T. ) ;
#10955 = DIRECTION ( 'NONE',  ( -0.2329837807837541463, -0.9724806208309282329, 0.000000000000000000 ) ) ;
#10956 = EDGE_LOOP ( 'NONE', ( #7389, #8952, #2426, #12 ) ) ;
#10957 = ADVANCED_FACE ( 'NONE', ( #10504 ), #10377, .F. ) ;
#10958 = ORIENTED_EDGE ( 'NONE', *, *, #4642, .F. ) ;
#10959 = CARTESIAN_POINT ( 'NONE',  ( -10.78828809163814384, 15.93423166986492490, -26.37236415740902373 ) ) ;
#10960 = ORIENTED_EDGE ( 'NONE', *, *, #7171, .T. ) ;
#10961 = CARTESIAN_POINT ( 'NONE',  ( 10.66468526717357079, 16.62338394472683589, -34.29634816116375617 ) ) ;
#10962 = ORIENTED_EDGE ( 'NONE', *, *, #10194, .T. ) ;
#10963 = CARTESIAN_POINT ( 'NONE',  ( -3.007641055657871654, 19.60174629526370893, -34.29634816116375617 ) ) ;
#10964 = DIRECTION ( 'NONE',  ( -0.8092959084338404718, 0.5874011683613209467, 0.000000000000000000 ) ) ;
#10965 = ADVANCED_FACE ( 'NONE', ( #3898, #3959 ), #6622, .T. ) ;
#10966 = FACE_OUTER_BOUND ( 'NONE', #7378, .T. ) ;
#10967 = CARTESIAN_POINT ( 'NONE',  ( -16.27818162519239564, 10.90662446913646555, -26.38468825395369777 ) ) ;
#10968 = CARTESIAN_POINT ( 'NONE',  ( -5.949999999999999289, 9.087536495738202547, 53.36789795213030629 ) ) ;
#10969 = FACE_BOUND ( 'NONE', #11483, .T. ) ;
#10970 = ORIENTED_EDGE ( 'NONE', *, *, #5177, .T. ) ;
#10971 = CARTESIAN_POINT ( 'NONE',  ( 18.94258358435489598, 4.234633620474245852, -26.29634816116374907 ) ) ;
#10972 = ORIENTED_EDGE ( 'NONE', *, *, #8426, .T. ) ;
#10973 = VERTEX_POINT ( 'NONE', #11297 ) ;
#10974 = CARTESIAN_POINT ( 'NONE',  ( 13.39385022782730417, 13.72988346875539634, -26.29634816116375262 ) ) ;
#10975 = EDGE_LOOP ( 'NONE', ( #11873, #395, #5673, #1661, #4352 ) ) ;
#10976 = CARTESIAN_POINT ( 'NONE',  ( -13.33795071725711168, -12.72895866501699480, -26.99634816116374836 ) ) ;
#10977 = CARTESIAN_POINT ( 'NONE',  ( -16.46205883478135945, -9.536718758135423357, -34.29634816116375617 ) ) ;
#10978 = CARTESIAN_POINT ( 'NONE',  ( -18.97700039706077391, 4.054728323429609205, -26.31451759764528475 ) ) ;
#10979 = CARTESIAN_POINT ( 'NONE',  ( 15.61787527029523126, 11.87654899361220018, -33.77951245282524440 ) ) ;
#10980 = AXIS2_PLACEMENT_3D ( 'NONE', #6680, #122, #1101 ) ;
#10981 = DIRECTION ( 'NONE',  ( 0.000000000000000000, 0.000000000000000000, 1.000000000000000000 ) ) ;
#10982 = ORIENTED_EDGE ( 'NONE', *, *, #9269, .T. ) ;
#10983 = EDGE_LOOP ( 'NONE', ( #10718, #5923, #10737, #7193, #4727, #5199, #8631, #4823 ) ) ;
#10984 = DIRECTION ( 'NONE',  ( -0.9992475592060079403, -0.03878550529303135402, 0.000000000000000000 ) ) ;
#10985 = DIRECTION ( 'NONE',  ( 0.9724806208309322297, 0.2329837807837371599, 0.000000000000000000 ) ) ;
#10986 = DIRECTION ( 'NONE',  ( 0.000000000000000000, -0.000000000000000000, 1.000000000000000000 ) ) ;
#10987 = CARTESIAN_POINT ( 'NONE',  ( 8.090745338163678468, 18.05980346873533549, -33.59634816116375333 ) ) ;
#10988 = EDGE_CURVE ( 'NONE', #11228, #3095, #7653, .T. ) ;
#10989 = LINE ( 'NONE', #5356, #8791 ) ;
#10990 = DIRECTION ( 'NONE',  ( 3.491481338843133355E-15, 1.000000000000000000, 0.000000000000000000 ) ) ;
#10991 = AXIS2_PLACEMENT_3D ( 'NONE', #6324, #10015, #1865 ) ;
#10992 = ORIENTED_EDGE ( 'NONE', *, *, #11842, .F. ) ;
#10993 = AXIS2_PLACEMENT_3D ( 'NONE', #6648, #7563, #7138 ) ;
#10994 = ORIENTED_EDGE ( 'NONE', *, *, #9841, .T. ) ;
#10995 = LINE ( 'NONE', #8098, #9093 ) ;
#10996 = EDGE_LOOP ( 'NONE', ( #1293, #8684, #6993, #10496 ) ) ;
#10997 = ORIENTED_EDGE ( 'NONE', *, *, #7600, .F. ) ;
#10998 = CARTESIAN_POINT ( 'NONE',  ( 15.60715541303844667, 11.89124513711472098, -26.99634816116374836 ) ) ;
#10999 = CARTESIAN_POINT ( 'NONE',  ( -18.52631206016591037, 3.732939339564634640, -34.15607241020864393 ) ) ;
#11000 = LINE ( 'NONE', #2692, #4468 ) ;
#11001 = LINE ( 'NONE', #10148, #8202 ) ;
#11002 = AXIS2_PLACEMENT_3D ( 'NONE', #6985, #10677, #6073 ) ;
#11003 = DIRECTION ( 'NONE',  ( 0.6791492313942238956, 0.7340002190031247320, 0.000000000000000000 ) ) ;
#11004 = LINE ( 'NONE', #3602, #3078 ) ;
#11005 = B_SPLINE_CURVE_WITH_KNOTS ( 'NONE', 3,
 ( #3402, #3212, #5953, #11778, #2311, #11535, #8019, #2425 ),
 .UNSPECIFIED., .F., .F.,
 ( 4, 2, 2, 4 ),
 ( 0.000000000000000000, 0.0002734140155771853562, 0.0005468280311543707124, 0.001093656062308726680 ),
 .UNSPECIFIED. ) ;
#11006 = VECTOR ( 'NONE', #9506, 1000.000000000000114 ) ;
#11007 = DIRECTION ( 'NONE',  ( 0.000000000000000000, -0.000000000000000000, -1.000000000000000000 ) ) ;
#11008 = EDGE_CURVE ( 'NONE', #12010, #10372, #10309, .T. ) ;
#11009 = ADVANCED_FACE ( 'NONE', ( #3111 ), #8694, .F. ) ;
#11010 = VECTOR ( 'NONE', #10786, 1000.000000000000000 ) ;
#11011 = ORIENTED_EDGE ( 'NONE', *, *, #5159, .F. ) ;
#11012 = VERTEX_POINT ( 'NONE', #5778 ) ;
#11013 = CARTESIAN_POINT ( 'NONE',  ( -17.73280799888740233, 8.158015994202717280, -26.29634816116374907 ) ) ;
#11014 = VECTOR ( 'NONE', #11679, 1000.000000000000000 ) ;
#11015 = ORIENTED_EDGE ( 'NONE', *, *, #3142, .F. ) ;
#11016 = CARTESIAN_POINT ( 'NONE',  ( -15.90539526625290812, -10.39601684872318543, -34.29634816116376328 ) ) ;
#11017 = ORIENTED_EDGE ( 'NONE', *, *, #11920, .T. ) ;
#11018 = CYLINDRICAL_SURFACE ( 'NONE', #11019, 0.6999999999999999556 ) ;
#11019 = AXIS2_PLACEMENT_3D ( 'NONE', #1000, #9150, #3784 ) ;
#11020 = ADVANCED_FACE ( 'NONE', ( #1226 ), #4083, .F. ) ;
#11021 = CARTESIAN_POINT ( 'NONE',  ( 0.000000000000000000, 8.537536495738196507, -39.49634816116376612 ) ) ;
#11022 = CARTESIAN_POINT ( 'NONE',  ( 0.6810553772461512834, -18.75047522031396596, -33.94899550485382633 ) ) ;
#11023 = CARTESIAN_POINT ( 'NONE',  ( -16.46205883478114274, 10.61179174961217164, -26.81145002369892794 ) ) ;
#11024 = CARTESIAN_POINT ( 'NONE',  ( 16.02637064780054033, 10.36585802133170375, -33.77951444777792034 ) ) ;
#11025 = CIRCLE ( 'NONE', #11604, 7.999999999999994671 ) ;
#11026 = VECTOR ( 'NONE', #5705, 1000.000000000000000 ) ;
#11027 = FACE_OUTER_BOUND ( 'NONE', #115, .T. ) ;
#11028 = VECTOR ( 'NONE', #231, 1000.000000000000114 ) ;
#11029 = ORIENTED_EDGE ( 'NONE', *, *, #10614, .T. ) ;
#11030 = EDGE_CURVE ( 'NONE', #8630, #6938, #8598, .T. ) ;
#11031 = CYLINDRICAL_SURFACE ( 'NONE', #10325, 19.33712077059222167 ) ;
#11032 = ORIENTED_EDGE ( 'NONE', *, *, #7269, .F. ) ;
#11033 = ORIENTED_EDGE ( 'NONE', *, *, #4652, .F. ) ;
#11034 = AXIS2_PLACEMENT_3D ( 'NONE', #6263, #5579, #11896 ) ;
#11035 = LINE ( 'NONE', #660, #4061 ) ;
#11036 = ORIENTED_EDGE ( 'NONE', *, *, #3523, .T. ) ;
#11037 = FACE_OUTER_BOUND ( 'NONE', #9546, .T. ) ;
#11038 = FACE_OUTER_BOUND ( 'NONE', #4834, .T. ) ;
#11039 = VECTOR ( 'NONE', #10741, 1000.000000000000000 ) ;
#11040 = DIRECTION ( 'NONE',  ( 0.000000000000000000, 0.000000000000000000, -1.000000000000000000 ) ) ;
#11041 = DIRECTION ( 'NONE',  ( -0.9380269381538495210, -0.3465623512410343499, 0.000000000000000000 ) ) ;
#11042 = EDGE_CURVE ( 'NONE', #5950, #10423, #9747, .T. ) ;
#11043 = B_SPLINE_CURVE_WITH_KNOTS ( 'NONE', 3,
 ( #7334, #2717, #4585, #12005, #3684, #7391, #2766, #6477 ),
 .UNSPECIFIED., .F., .F.,
 ( 4, 2, 2, 4 ),
 ( 0.000000000000000000, 0.0002734115678465775818, 0.0005468231356931551636, 0.001093646271386295799 ),
 .UNSPECIFIED. ) ;
#11044 = ADVANCED_FACE ( 'NONE', ( #7538 ), #4017, .F. ) ;
#11045 = AXIS2_PLACEMENT_3D ( 'NONE', #5284, #605, #11652 ) ;
#11046 = CARTESIAN_POINT ( 'NONE',  ( 0.7693927526465147437, -18.74712152021266931, -26.99634816116374836 ) ) ;
#11047 = VERTEX_POINT ( 'NONE', #8449 ) ;
#11048 = ORIENTED_EDGE ( 'NONE', *, *, #7187, .F. ) ;
#11049 = CARTESIAN_POINT ( 'NONE',  ( 3.146222789368809281, -18.50440267094527158, -26.56607335038743045 ) ) ;
#11050 = DIRECTION ( 'NONE',  ( 0.9807852804032290983, -0.1950903220161353258, 0.000000000000000000 ) ) ;
#11051 = CARTESIAN_POINT ( 'NONE',  ( -4.516859228947138760, 19.30154413552235582, -34.29634816116375617 ) ) ;
#11052 = EDGE_CURVE ( 'NONE', #10140, #4026, #6871, .T. ) ;
#11053 = CARTESIAN_POINT ( 'NONE',  ( -19.28797325785053474, -0.1558406493706172291, -26.63019525567113988 ) ) ;
#11054 = CARTESIAN_POINT ( 'NONE',  ( -17.66525471581581286, 8.311593239046121795, -34.20800806837380748 ) ) ;
#11055 = AXIS2_PLACEMENT_3D ( 'NONE', #17, #3715, #4628 ) ;
#11056 = CARTESIAN_POINT ( 'NONE',  ( 18.84246503326951938, -3.640823696112114316, -34.20800806837381458 ) ) ;
#11057 = ORIENTED_EDGE ( 'NONE', *, *, #3358, .F. ) ;
#11058 = VERTEX_POINT ( 'NONE', #3833 ) ;
#11059 = EDGE_CURVE ( 'NONE', #4153, #4466, #7157, .T. ) ;
#11060 = CYLINDRICAL_SURFACE ( 'NONE', #356, 0.6999999999999999556 ) ;
#11061 = ORIENTED_EDGE ( 'NONE', *, *, #10363, .F. ) ;
#11062 = ORIENTED_EDGE ( 'NONE', *, *, #389, .F. ) ;
#11063 = CARTESIAN_POINT ( 'NONE',  ( -3.184081677783118191E-15, 0.5375364957382012809, -34.29634816116375617 ) ) ;
#11064 = B_SPLINE_CURVE_WITH_KNOTS ( 'NONE', 3,
 ( #4714, #1809, #6527, #780, #87, #6424, #1692, #4482 ),
 .UNSPECIFIED., .F., .F.,
 ( 4, 2, 2, 4 ),
 ( 0.000000000000000000, 0.0002734111411466469302, 0.0005468222822932938603, 0.001093644564586588371 ),
 .UNSPECIFIED. ) ;
#11065 = AXIS2_PLACEMENT_3D ( 'NONE', #2481, #6197, #9949 ) ;
#11066 = LINE ( 'NONE', #1097, #11373 ) ;
#11067 = LINE ( 'NONE', #10265, #8931 ) ;
#11068 = LINE ( 'NONE', #987, #5478 ) ;
#11069 = CARTESIAN_POINT ( 'NONE',  ( -17.42279670759662125, 7.600071272127350674, -34.29634816116376328 ) ) ;
#11070 = DIRECTION ( 'NONE',  ( 1.000000000000000000, 0.000000000000000000, 0.000000000000000000 ) ) ;
#11071 = LINE ( 'NONE', #5490, #8489 ) ;
#11072 = ORIENTED_EDGE ( 'NONE', *, *, #1752, .T. ) ;
#11073 = EDGE_CURVE ( 'NONE', #9366, #6286, #1350, .T. ) ;
#11074 = ORIENTED_EDGE ( 'NONE', *, *, #6432, .T. ) ;
#11075 = CARTESIAN_POINT ( 'NONE',  ( -17.52226697299705194, 8.628281833902056164, -26.90389895507295392 ) ) ;
#11076 = ORIENTED_EDGE ( 'NONE', *, *, #9167, .T. ) ;
#11077 = CARTESIAN_POINT ( 'NONE',  ( -0.2349344547133630778, 19.33657760527352920, -26.29634816116375973 ) ) ;
#11078 = ORIENTED_EDGE ( 'NONE', *, *, #6785, .F. ) ;
#11079 = CARTESIAN_POINT ( 'NONE',  ( -16.00867175329637959, 11.31772335382252948, -26.29634816116374907 ) ) ;
#11080 = CARTESIAN_POINT ( 'NONE',  ( 3.833340540673527030, 19.45301957968908724, -34.29634816116375617 ) ) ;
#11081 = EDGE_CURVE ( 'NONE', #2731, #3162, #6026, .T. ) ;
#11082 = CARTESIAN_POINT ( 'NONE',  ( -6.495811729278003099, -17.10458472702114463, -33.59634816116375333 ) ) ;
#11083 = ADVANCED_FACE ( 'NONE', ( #4197 ), #5116, .F. ) ;
#11084 = CARTESIAN_POINT ( 'NONE',  ( -3.807304174295421006, -17.87272361938071086, -26.29634816116374907 ) ) ;
#11085 = DIRECTION ( 'NONE',  ( -0.000000000000000000, -0.000000000000000000, 1.000000000000000000 ) ) ;
#11086 = EDGE_CURVE ( 'NONE', #286, #686, #10170, .T. ) ;
#11087 = ORIENTED_EDGE ( 'NONE', *, *, #277, .T. ) ;
#11088 = DIRECTION ( 'NONE',  ( 0.1569032754149170816, 0.9876139742652847442, 0.000000000000000000 ) ) ;
#11089 = ORIENTED_EDGE ( 'NONE', *, *, #4864, .F. ) ;
#11090 = EDGE_CURVE ( 'NONE', #3515, #3198, #9902, .T. ) ;
#11091 = VERTEX_POINT ( 'NONE', #9775 ) ;
#11092 = FACE_OUTER_BOUND ( 'NONE', #5504, .T. ) ;
#11093 = CARTESIAN_POINT ( 'NONE',  ( -3.198396408832238080E-15, 0.5375364957382012809, -26.29634816116374907 ) ) ;
#11094 = CARTESIAN_POINT ( 'NONE',  ( -3.007641055658277551, -18.52667330378724841, -33.59634816116375333 ) ) ;
#11095 = CARTESIAN_POINT ( 'NONE',  ( -0.5375364957382043896, 0.5375364957381999487, -26.29634816116374907 ) ) ;
#11096 = EDGE_CURVE ( 'NONE', #4869, #8768, #1995, .T. ) ;
#11097 = EDGE_CURVE ( 'NONE', #586, #11047, #6086, .T. ) ;
#11098 = CARTESIAN_POINT ( 'NONE',  ( 15.60715541303836140, -10.81617214563843810, -34.29634816116375617 ) ) ;
#11099 = EDGE_CURVE ( 'NONE', #10794, #7873, #6147, .T. ) ;
#11100 = DIRECTION ( 'NONE',  ( 0.7340002190031222895, -0.6791492313942264492, 0.000000000000000000 ) ) ;
#11101 = ADVANCED_FACE ( 'NONE', ( #8941 ), #620, .F. ) ;
#11102 = EDGE_CURVE ( 'NONE', #5234, #10130, #1622, .T. ) ;
#11103 = AXIS2_PLACEMENT_3D ( 'NONE', #11095, #3744, #9857 ) ;
#11104 = ADVANCED_FACE ( 'NONE', ( #5055 ), #8758, .F. ) ;
#11105 = CARTESIAN_POINT ( 'NONE',  ( -12.75269500745324969, -13.27581868349463079, -33.59634816116375333 ) ) ;
#11106 = EDGE_LOOP ( 'NONE', ( #6563, #8031, #11117, #11032 ) ) ;
#11107 = ORIENTED_EDGE ( 'NONE', *, *, #9488, .T. ) ;
#11108 = LINE ( 'NONE', #2783, #6381 ) ;
#11109 = DIRECTION ( 'NONE',  ( -0.5555702330196004013, 0.8314696123025464569, 0.000000000000000000 ) ) ;
#11110 = FACE_BOUND ( 'NONE', #5708, .T. ) ;
#11111 = CARTESIAN_POINT ( 'NONE',  ( 0.000000000000000000, 0.5375364957382012809, -39.14634816116380023 ) ) ;
#11112 = CARTESIAN_POINT ( 'NONE',  ( -18.48365624435013999, 3.974627224349656540, -26.29634816116375262 ) ) ;
#11113 = DIRECTION ( 'NONE',  ( -0.000000000000000000, -0.000000000000000000, 1.000000000000000000 ) ) ;
#11114 = CIRCLE ( 'NONE', #10521, 19.30000000000008242 ) ;
#11115 = ADVANCED_FACE ( 'NONE', ( #8486 ), #9576, .T. ) ;
#11116 = ORIENTED_EDGE ( 'NONE', *, *, #6492, .T. ) ;
#11117 = ORIENTED_EDGE ( 'NONE', *, *, #9065, .F. ) ;
#11118 = CARTESIAN_POINT ( 'NONE',  ( -17.38763894355432882, -6.610501729479557831, -34.29634816116375617 ) ) ;
#11119 = ORIENTED_EDGE ( 'NONE', *, *, #10703, .T. ) ;
#11120 = ORIENTED_EDGE ( 'NONE', *, *, #10178, .F. ) ;
#11121 = CARTESIAN_POINT ( 'NONE',  ( 0.5789032350798214432, 0.8926669437723327993, -26.29634816116374907 ) ) ;
#11122 = CYLINDRICAL_SURFACE ( 'NONE', #6748, 7.999999999999992895 ) ;
#11123 = CARTESIAN_POINT ( 'NONE',  ( 3.438658578574434355, -17.94511728781426640, -26.31451660138218074 ) ) ;
#11124 = DIRECTION ( 'NONE',  ( 0.9876139742652849662, -0.1569032754149171649, -0.000000000000000000 ) ) ;
#11125 = LINE ( 'NONE', #1046, #5745 ) ;
#11126 = CARTESIAN_POINT ( 'NONE',  ( -11.35370864137636282, 16.14469190877676752, -26.81145002369893149 ) ) ;
#11127 = FACE_OUTER_BOUND ( 'NONE', #6736, .T. ) ;
#11128 = EDGE_LOOP ( 'NONE', ( #8590, #6902, #7677, #131 ) ) ;
#11129 = VERTEX_POINT ( 'NONE', #417 ) ;
#11130 = CARTESIAN_POINT ( 'NONE',  ( -7.321573171451259299, 18.39487577949177322, -34.29634816116375617 ) ) ;
#11131 = ORIENTED_EDGE ( 'NONE', *, *, #11202, .F. ) ;
#11132 = DIRECTION ( 'NONE',  ( -0.1569032754149065623, 0.9876139742652865205, -0.000000000000000000 ) ) ;
#11133 = ORIENTED_EDGE ( 'NONE', *, *, #7243, .F. ) ;
#11134 = DIRECTION ( 'NONE',  ( 1.000000000000000000, 0.000000000000000000, -0.000000000000000000 ) ) ;
#11135 = CARTESIAN_POINT ( 'NONE',  ( -18.81218409005299463, 0.5880632042941961179, -26.99634816116374836 ) ) ;
#11136 = CARTESIAN_POINT ( 'NONE',  ( 10.08978308122273404, -15.91504718462377355, -26.81318386950226085 ) ) ;
#11137 = CARTESIAN_POINT ( 'NONE',  ( -17.52226697299722247, -7.553208842425282121, -26.99634816116374836 ) ) ;
#11138 = EDGE_CURVE ( 'NONE', #1906, #5363, #11922, .T. ) ;
#11139 = CARTESIAN_POINT ( 'NONE',  ( -11.19999999999998863, 0.5375364957382035014, -21.29634816116374907 ) ) ;
#11140 = ORIENTED_EDGE ( 'NONE', *, *, #412, .T. ) ;
#11141 = DIRECTION ( 'NONE',  ( -0.3465623512410510587, -0.9380269381538434148, 0.000000000000000000 ) ) ;
#11142 = EDGE_LOOP ( 'NONE', ( #2815, #111, #8727, #5971, #795, #3558, #10620, #3699 ) ) ;
#11143 = EDGE_LOOP ( 'NONE', ( #1834, #10777, #6153, #585 ) ) ;
#11144 = CARTESIAN_POINT ( 'NONE',  ( 17.73284624609446070, 8.156154902982230226, -26.31451759764528830 ) ) ;
#11145 = CARTESIAN_POINT ( 'NONE',  ( 11.19999999999998863, 0.5375364957382021691, -42.69634816116374054 ) ) ;
#11146 = CARTESIAN_POINT ( 'NONE',  ( -0.6786403541991958832, 0.5111952664728736107, -33.59634816116375333 ) ) ;
#11147 = CARTESIAN_POINT ( 'NONE',  ( 3.896099109066074817, 18.92919970043516642, -26.31451660138218074 ) ) ;
#11148 = CARTESIAN_POINT ( 'NONE',  ( -13.34556455061065350, 14.48002871371373956, -34.20800806837380748 ) ) ;
#11149 = FACE_OUTER_BOUND ( 'NONE', #7119, .T. ) ;
#11150 = CARTESIAN_POINT ( 'NONE',  ( -17.86854104596767812, -6.788175265867691266, -34.29634816116375617 ) ) ;
#11151 = B_SPLINE_CURVE_WITH_KNOTS ( 'NONE', 3,
 ( #2370, #11660, #4318, #9768, #8081, #10622, #551, #3338 ),
 .UNSPECIFIED., .F., .F.,
 ( 4, 2, 2, 4 ),
 ( 0.000000000000000000, 0.0002734140155771850851, 0.0005468280311543701703, 0.001093656062308725595 ),
 .UNSPECIFIED. ) ;
#11152 = B_SPLINE_CURVE_WITH_KNOTS ( 'NONE', 3,
 ( #5286, #8927, #8009, #11712, #3397, #7098, #4369, #10798 ),
 .UNSPECIFIED., .F., .F.,
 ( 4, 2, 2, 4 ),
 ( 1.734723475976807094E-18, 0.0002734115678465771481, 0.0005468231356931525615, 0.001093646271386292980 ),
 .UNSPECIFIED. ) ;
#11153 = EDGE_CURVE ( 'NONE', #463, #8113, #357, .T. ) ;
#11154 = CARTESIAN_POINT ( 'NONE',  ( 2.929189417950547103, -18.03286631665464057, -26.99634816116374836 ) ) ;
#11155 = ORIENTED_EDGE ( 'NONE', *, *, #1820, .T. ) ;
#11156 = ORIENTED_EDGE ( 'NONE', *, *, #9508, .T. ) ;
#11157 = DIRECTION ( 'NONE',  ( -0.7340002190031318374, -0.6791492313942161241, 0.000000000000000000 ) ) ;
#11158 = ADVANCED_FACE ( 'NONE', ( #1327 ), #3091, .F. ) ;
#11159 = CARTESIAN_POINT ( 'NONE',  ( 6.495811729277876090, 18.17965771849759804, -26.99634816116374836 ) ) ;
#11160 = FACE_BOUND ( 'NONE', #1905, .T. ) ;
#11161 = CARTESIAN_POINT ( 'NONE',  ( 7.150496056235094322, -17.38994501901141021, -26.29634816116374196 ) ) ;
#11162 = LINE ( 'NONE', #5, #9955 ) ;
#11163 = EDGE_CURVE ( 'NONE', #9505, #6629, #8785, .T. ) ;
#11164 = FACE_OUTER_BOUND ( 'NONE', #9490, .T. ) ;
#11165 = EDGE_LOOP ( 'NONE', ( #8256, #7533, #5535, #2781 ) ) ;
#11166 = ADVANCED_FACE ( 'NONE', ( #4966 ), #2115, .F. ) ;
#11167 = ORIENTED_EDGE ( 'NONE', *, *, #7693, .T. ) ;
#11168 = CYLINDRICAL_SURFACE ( 'NONE', #933, 7.199999999999994849 ) ;
#11169 = ORIENTED_EDGE ( 'NONE', *, *, #6364, .F. ) ;
#11170 = ORIENTED_EDGE ( 'NONE', *, *, #5462, .T. ) ;
#11171 = CARTESIAN_POINT ( 'NONE',  ( -3.198396408832238080E-15, 0.5375364957382012809, -26.29634816116374907 ) ) ;
#11172 = AXIS2_PLACEMENT_3D ( 'NONE', #9723, #5962, #1413 ) ;
#11173 = DIRECTION ( 'NONE',  ( -0.8523920528607248359, -0.5229032302633819240, 0.000000000000000000 ) ) ;
#11174 = DIRECTION ( 'NONE',  ( -0.6791492313942135706, 0.7340002190031341689, 0.000000000000000000 ) ) ;
#11175 = DIRECTION ( 'NONE',  ( 0.4182286202377498152, 0.9083417975707316350, -0.000000000000000000 ) ) ;
#11176 = DIRECTION ( 'NONE',  ( 0.2329837807837406016, -0.9724806208309314526, 0.000000000000000000 ) ) ;
#11177 = CARTESIAN_POINT ( 'NONE',  ( -3.144186300207962859E-15, 0.5375364957382012809, -34.29634816116375617 ) ) ;
#11178 = B_SPLINE_CURVE_WITH_KNOTS ( 'NONE', 3,
 ( #3796, #1860, #11144, #5291, #5347, #10293, #5631, #1985 ),
 .UNSPECIFIED., .F., .F.,
 ( 4, 2, 2, 4 ),
 ( 0.000000000000000000, 0.0002734115678465743292, 0.0005468231356931486584, 0.001093646271386294064 ),
 .UNSPECIFIED. ) ;
#11179 = CARTESIAN_POINT ( 'NONE',  ( 3.836122794365755428, 19.46463278207092529, -34.29634816116375617 ) ) ;
#11180 = LINE ( 'NONE', #8399, #8311 ) ;
#11181 = AXIS2_PLACEMENT_3D ( 'NONE', #5344, #1455, #2420 ) ;
#11182 = ORIENTED_EDGE ( 'NONE', *, *, #1007, .T. ) ;
#11183 = EDGE_LOOP ( 'NONE', ( #1310, #5267, #8808, #5707, #7617, #4387, #9972, #11533 ) ) ;
#11184 = CARTESIAN_POINT ( 'NONE',  ( -3.896099109065815913, 18.92919970043522326, -34.27817972094533161 ) ) ;
#11185 = VERTEX_POINT ( 'NONE', #2178 ) ;
#11186 = FACE_OUTER_BOUND ( 'NONE', #6821, .T. ) ;
#11187 = ORIENTED_EDGE ( 'NONE', *, *, #11090, .T. ) ;
#11188 = CIRCLE ( 'NONE', #4994, 19.33712077059221812 ) ;
#11189 = LINE ( 'NONE', #10282, #8495 ) ;
#11190 = CARTESIAN_POINT ( 'NONE',  ( 0.7499999999999936717, -18.24749774060966701, -26.99634816116374836 ) ) ;
#11191 = AXIS2_PLACEMENT_3D ( 'NONE', #8836, #3373, #2530 ) ;
#11192 = DIRECTION ( 'NONE',  ( -0.7340002190031365004, -0.6791492313942110171, 0.000000000000000000 ) ) ;
#11193 = LINE ( 'NONE', #2762, #352 ) ;
#11194 = CARTESIAN_POINT ( 'NONE',  ( -17.34934370704268858, 7.778027600316642420, -26.29634816116374907 ) ) ;
#11195 = AXIS2_PLACEMENT_3D ( 'NONE', #7203, #10900, #10712 ) ;
#11196 = EDGE_LOOP ( 'NONE', ( #9420, #3467 ) ) ;
#11197 = VECTOR ( 'NONE', #4353, 1000.000000000000114 ) ;
#11198 = CARTESIAN_POINT ( 'NONE',  ( 17.21074993682237064, 8.102319802280673500, -34.20801078711517107 ) ) ;
#11199 = ORIENTED_EDGE ( 'NONE', *, *, #5622, .T. ) ;
#11200 = ORIENTED_EDGE ( 'NONE', *, *, #2625, .F. ) ;
#11201 = FACE_OUTER_BOUND ( 'NONE', #6613, .T. ) ;
#11202 = EDGE_CURVE ( 'NONE', #2066, #2721, #7413, .T. ) ;
#11203 = DIRECTION ( 'NONE',  ( -0.000000000000000000, -0.000000000000000000, 1.000000000000000000 ) ) ;
#11204 = CARTESIAN_POINT ( 'NONE',  ( 17.34934370704278095, 7.778027600316403500, -26.29634816116374907 ) ) ;
#11205 = VECTOR ( 'NONE', #10709, 1000.000000000000000 ) ;
#11206 = DIRECTION ( 'NONE',  ( 0.000000000000000000, -0.000000000000000000, 1.000000000000000000 ) ) ;
#11207 = CARTESIAN_POINT ( 'NONE',  ( -13.82645686703856214, -12.92921061764612922, -26.29634816116374907 ) ) ;
#11208 = VECTOR ( 'NONE', #9725, 1000.000000000000000 ) ;
#11209 = CARTESIAN_POINT ( 'NONE',  ( -10.40947807574439032, 16.20736704290485619, -26.99634816116374836 ) ) ;
#11210 = AXIS2_PLACEMENT_3D ( 'NONE', #575, #2330, #3301 ) ;
#11211 = LINE ( 'NONE', #2895, #7732 ) ;
#11212 = AXIS2_PLACEMENT_3D ( 'NONE', #10179, #967, #4674 ) ;
#11213 = CIRCLE ( 'NONE', #3476, 19.30000000000008598 ) ;
#11214 = EDGE_CURVE ( 'NONE', #1340, #3189, #10356, .T. ) ;
#11215 = CARTESIAN_POINT ( 'NONE',  ( -13.69618551780649973, -13.06042299316419886, -34.29634816116375617 ) ) ;
#11216 = ORIENTED_EDGE ( 'NONE', *, *, #2170, .F. ) ;
#11217 = EDGE_LOOP ( 'NONE', ( #5534, #1080, #11886, #11512 ) ) ;
#11218 = CYLINDRICAL_SURFACE ( 'NONE', #6973, 19.33712077059222167 ) ;
#11219 = CARTESIAN_POINT ( 'NONE',  ( 0.7499999999999982236, 19.32257073208607068, -26.99634816116374836 ) ) ;
#11220 = DIRECTION ( 'NONE',  ( -0.6791492313942186776, -0.7340002190031295060, 0.000000000000000000 ) ) ;
#11221 = CARTESIAN_POINT ( 'NONE',  ( 10.48605614883624604, -15.06589469563873607, -26.29634816116374907 ) ) ;
#11222 = LINE ( 'NONE', #2906, #8615 ) ;
#11223 = VECTOR ( 'NONE', #11203, 1000.000000000000000 ) ;
#11224 = EDGE_CURVE ( 'NONE', #9517, #8566, #8387, .T. ) ;
#11225 = CARTESIAN_POINT ( 'NONE',  ( -11.35370864137636282, 16.14469190877676041, -33.59634816116375333 ) ) ;
#11226 = EDGE_CURVE ( 'NONE', #10844, #11951, #9515, .T. ) ;
#11227 = VECTOR ( 'NONE', #6012, 1000.000000000000000 ) ;
#11228 = VERTEX_POINT ( 'NONE', #11521 ) ;
#11229 = ORIENTED_EDGE ( 'NONE', *, *, #36, .F. ) ;
#11230 = CARTESIAN_POINT ( 'NONE',  ( 15.61787527029513711, -10.80147600213591552, -26.81318386950226795 ) ) ;
#11231 = ORIENTED_EDGE ( 'NONE', *, *, #8964, .F. ) ;
#11232 = ORIENTED_EDGE ( 'NONE', *, *, #8754, .F. ) ;
#11233 = DIRECTION ( 'NONE',  ( -0.8314696123025522301, -0.5555702330195919636, 0.000000000000000000 ) ) ;
#11234 = PLANE ( 'NONE',  #4584 ) ;
#11235 = CARTESIAN_POINT ( 'NONE',  ( 5.949999999999997513, -8.012463504261800651, -21.29634816116374907 ) ) ;
#11236 = CARTESIAN_POINT ( 'NONE',  ( 7.321573171451515982, 18.39487577949166308, -26.29634816116374907 ) ) ;
#11237 = CYLINDRICAL_SURFACE ( 'NONE', #7204, 0.7000000000000000666 ) ;
#11238 = LINE ( 'NONE', #10205, #2451 ) ;
#11239 = FACE_OUTER_BOUND ( 'NONE', #6368, .T. ) ;
#11240 = CIRCLE ( 'NONE', #1574, 19.33712077059222167 ) ;
#11241 = CARTESIAN_POINT ( 'NONE',  ( 18.27776732936863979, 4.937903834293664751, -26.99634816116374836 ) ) ;
#11242 = EDGE_CURVE ( 'NONE', #11450, #8206, #3156, .T. ) ;
#11243 = LINE ( 'NONE', #2928, #1124 ) ;
#11244 = EDGE_CURVE ( 'NONE', #6762, #682, #7698, .T. ) ;
#11245 = EDGE_CURVE ( 'NONE', #3625, #1379, #11402, .T. ) ;
#11246 = VERTEX_POINT ( 'NONE', #10603 ) ;
#11247 = VERTEX_POINT ( 'NONE', #9702 ) ;
#11248 = AXIS2_PLACEMENT_3D ( 'NONE', #7690, #3139, #5811 ) ;
#11249 = LINE ( 'NONE', #4752, #4599 ) ;
#11250 = ORIENTED_EDGE ( 'NONE', *, *, #11530, .T. ) ;
#11251 = DIRECTION ( 'NONE',  ( 0.6791492313942263381, 0.7340002190031225116, 0.000000000000000000 ) ) ;
#11252 = ORIENTED_EDGE ( 'NONE', *, *, #1001, .T. ) ;
#11253 = LINE ( 'NONE', #4943, #5214 ) ;
#11254 = VERTEX_POINT ( 'NONE', #4780 ) ;
#11255 = PLANE ( 'NONE',  #6184 ) ;
#11256 = CARTESIAN_POINT ( 'NONE',  ( -11.08220204277513510, -15.26409184298602995, -26.37236741899921455 ) ) ;
#11257 = CARTESIAN_POINT ( 'NONE',  ( 15.60715541303844667, 11.89124513711472098, -34.29634816116375617 ) ) ;
#11258 = AXIS2_PLACEMENT_3D ( 'NONE', #4500, #11785, #11667 ) ;
#11259 = CARTESIAN_POINT ( 'NONE',  ( -0.6786403541991894439, 0.5638777250035287292, -33.59634816116375333 ) ) ;
#11260 = B_SPLINE_CURVE_WITH_KNOTS ( 'NONE', 3,
 ( #350, #2108, #8480, #1017, #95, #2954, #11207, #2824 ),
 .UNSPECIFIED., .F., .F.,
 ( 4, 2, 2, 4 ),
 ( 0.000000000000000000, 0.0002734111411466475807, 0.0005468222822932951614, 0.001093644564586590323 ),
 .UNSPECIFIED. ) ;
#11261 = ORIENTED_EDGE ( 'NONE', *, *, #2479, .T. ) ;
#11262 = FACE_OUTER_BOUND ( 'NONE', #11898, .T. ) ;
#11263 = ORIENTED_EDGE ( 'NONE', *, *, #7241, .F. ) ;
#11264 = ADVANCED_FACE ( 'NONE', ( #3018 ), #3995, .F. ) ;
#11265 = ORIENTED_EDGE ( 'NONE', *, *, #6861, .T. ) ;
#11266 = FACE_OUTER_BOUND ( 'NONE', #4797, .T. ) ;
#11267 = CARTESIAN_POINT ( 'NONE',  ( 13.12680570229495025, 13.99658969015746557, -26.29634816116375973 ) ) ;
#11268 = CARTESIAN_POINT ( 'NONE',  ( 19.28797325785051697, 1.230913640847154156, -26.63019525567113988 ) ) ;
#11269 = CARTESIAN_POINT ( 'NONE',  ( -3.184081677783118191E-15, 0.5375364957382012809, -45.29634816116371354 ) ) ;
#11270 = DIRECTION ( 'NONE',  ( 0.1950903220161182283, -0.9807852804032324290, 0.000000000000000000 ) ) ;
#11271 = CARTESIAN_POINT ( 'NONE',  ( -13.46749465797207534, 14.36228857526272584, -34.27817872468220628 ) ) ;
#11272 = PLANE ( 'NONE',  #10217 ) ;
#11273 = CARTESIAN_POINT ( 'NONE',  ( 19.30000000000008242, 0.5375364957382012809, -41.52970673519271827 ) ) ;
#11274 = CARTESIAN_POINT ( 'NONE',  ( 16.03586280835092381, 10.35034013448024837, -34.29634816116375617 ) ) ;
#11275 = DIRECTION ( 'NONE',  ( -0.000000000000000000, -0.000000000000000000, 1.000000000000000000 ) ) ;
#11276 = ORIENTED_EDGE ( 'NONE', *, *, #7221, .F. ) ;
#11277 = ORIENTED_EDGE ( 'NONE', *, *, #924, .T. ) ;
#11278 = B_SPLINE_CURVE_WITH_KNOTS ( 'NONE', 3,
 ( #10120, #783, #10069, #9108, #7395, #8986, #2547, #5508 ),
 .UNSPECIFIED., .F., .F.,
 ( 4, 2, 2, 4 ),
 ( 0.000000000000000000, 0.0002734111411466468218, 0.0005468222822932936435, 0.001093644564586587287 ),
 .UNSPECIFIED. ) ;
#11279 = CARTESIAN_POINT ( 'NONE',  ( -7.325711761605835370, 18.40607754170590127, -34.29634816116375617 ) ) ;
#11280 = B_SPLINE_CURVE_WITH_KNOTS ( 'NONE', 3,
 ( #9838, #1775, #3472, #8027, #11725, #11901, #741, #2674 ),
 .UNSPECIFIED., .F., .F.,
 ( 4, 2, 2, 4 ),
 ( 0.000000000000000000, 0.0002734115678465727029, 0.0005468231356931454058, 0.001093646271386293197 ),
 .UNSPECIFIED. ) ;
#11281 = CARTESIAN_POINT ( 'NONE',  ( -16.03586280835100197, -9.275267143003732784, -33.68879833100304211 ) ) ;
#11282 = FACE_BOUND ( 'NONE', #4306, .T. ) ;
#11283 = CARTESIAN_POINT ( 'NONE',  ( 6.669092904898267449, -17.57359819609816398, -26.90389895507296103 ) ) ;
#11284 = DIRECTION ( 'NONE',  ( -0.3826834323650873948, 0.9238795325112878487, 0.000000000000000000 ) ) ;
#11285 = VECTOR ( 'NONE', #8548, 1000.000000000000114 ) ;
#11286 = EDGE_CURVE ( 'NONE', #3355, #4561, #6642, .T. ) ;
#11287 = CARTESIAN_POINT ( 'NONE',  ( 0.02634122926532667455, 1.216176849937387505, -26.29634816116374907 ) ) ;
#11288 = VERTEX_POINT ( 'NONE', #6311 ) ;
#11289 = VERTEX_POINT ( 'NONE', #9041 ) ;
#11290 = AXIS2_PLACEMENT_3D ( 'NONE', #5960, #4325, #3409 ) ;
#11291 = CARTESIAN_POINT ( 'NONE',  ( 7.199999999999993960, 0.5375364957382021691, -39.49634816116376612 ) ) ;
#11292 = ORIENTED_EDGE ( 'NONE', *, *, #8565, .F. ) ;
#11293 = EDGE_LOOP ( 'NONE', ( #9405, #8752, #5080, #5788 ) ) ;
#11294 = CARTESIAN_POINT ( 'NONE',  ( -10.66468526717368981, -15.54831095325035584, -26.29634816116374907 ) ) ;
#11295 = FACE_OUTER_BOUND ( 'NONE', #3537, .T. ) ;
#11296 = CARTESIAN_POINT ( 'NONE',  ( 17.38763894355426487, 7.685574720956091177, -26.29634816116374907 ) ) ;
#11297 = CARTESIAN_POINT ( 'NONE',  ( -6.669092904898531238, -17.57359819609807161, -26.99634816116374836 ) ) ;
#11298 = DIRECTION ( 'NONE',  ( 1.000000000000000000, 0.000000000000000000, 0.000000000000000000 ) ) ;
#11299 = LINE ( 'NONE', #1842, #8850 ) ;
#11300 = CARTESIAN_POINT ( 'NONE',  ( 8.090745338163548794, -16.98473047725898510, -26.99634816116374836 ) ) ;
#11301 = CARTESIAN_POINT ( 'NONE',  ( -16.46205883478114984, 10.61179174961217697, -34.29634816116375617 ) ) ;
#11302 = AXIS2_PLACEMENT_3D ( 'NONE', #1714, #1829, #10882 ) ;
#11303 = FACE_OUTER_BOUND ( 'NONE', #1665, .T. ) ;
#11304 = ORIENTED_EDGE ( 'NONE', *, *, #7320, .T. ) ;
#11305 = ORIENTED_EDGE ( 'NONE', *, *, #1317, .F. ) ;
#11306 = DIRECTION ( 'NONE',  ( -0.000000000000000000, -0.000000000000000000, 1.000000000000000000 ) ) ;
#11307 = EDGE_CURVE ( 'NONE', #3669, #3922, #485, .T. ) ;
#11308 = EDGE_LOOP ( 'NONE', ( #10941, #1093, #7836, #3740 ) ) ;
#11309 = ADVANCED_FACE ( 'NONE', ( #8067 ), #600, .F. ) ;
#11310 = CARTESIAN_POINT ( 'NONE',  ( -0.7318237867870264202, 19.32329956504736401, -26.81318187454958135 ) ) ;
#11311 = ORIENTED_EDGE ( 'NONE', *, *, #8591, .T. ) ;
#11312 = CARTESIAN_POINT ( 'NONE',  ( 11.06000805719591895, 15.74004395455968286, -26.99634816116374836 ) ) ;
#11313 = ADVANCED_FACE ( 'NONE', ( #8003 ), #10670, .F. ) ;
#11314 = ORIENTED_EDGE ( 'NONE', *, *, #10063, .T. ) ;
#11315 = CARTESIAN_POINT ( 'NONE',  ( 3.618530594455220406, 18.98558991168354382, -34.29634816116375617 ) ) ;
#11316 = ADVANCED_FACE ( 'NONE', ( #10856 ), #4177, .F. ) ;
#11317 = DIRECTION ( 'NONE',  ( -1.000000000000000000, 0.000000000000000000, 0.000000000000000000 ) ) ;
#11318 = DIRECTION ( 'NONE',  ( 0.4182286202377336615, -0.9083417975707391845, -0.000000000000000000 ) ) ;
#11319 = DIRECTION ( 'NONE',  ( 0.2329837807837575325, 0.9724806208309273448, 0.000000000000000000 ) ) ;
#11320 = EDGE_CURVE ( 'NONE', #7645, #2767, #6119, .T. ) ;
#11321 = EDGE_LOOP ( 'NONE', ( #9198, #3339, #10118, #5955 ) ) ;
#11322 = VERTEX_POINT ( 'NONE', #10917 ) ;
#11323 = DIRECTION ( 'NONE',  ( -0.5555702330196121697, -0.8314696123025385743, 0.000000000000000000 ) ) ;
#11324 = ORIENTED_EDGE ( 'NONE', *, *, #3646, .F. ) ;
#11325 = ORIENTED_EDGE ( 'NONE', *, *, #8563, .F. ) ;
#11326 = CARTESIAN_POINT ( 'NONE',  ( -3.007641055657871654, 19.60174629526370893, -26.99634816116374836 ) ) ;
#11327 = EDGE_CURVE ( 'NONE', #4837, #614, #1508, .T. ) ;
#11328 = CARTESIAN_POINT ( 'NONE',  ( 12.81746705595692681, 14.29072807678256574, -26.64369750929288827 ) ) ;
#11329 = CARTESIAN_POINT ( 'NONE',  ( -15.95703378537431227, -10.31933319626673473, -26.29634816116374907 ) ) ;
#11330 = CARTESIAN_POINT ( 'NONE',  ( -3.184081677783118191E-15, 14.83753649573823985, -44.29634816116374907 ) ) ;
#11331 = DIRECTION ( 'NONE',  ( -0.03878550529304181094, -0.9992475592060074963, 0.000000000000000000 ) ) ;
#11332 = CARTESIAN_POINT ( 'NONE',  ( -16.46205883478115339, 10.61179174961217875, -33.59634816116375333 ) ) ;
#11333 = DIRECTION ( 'NONE',  ( 0.7340002190031317264, 0.6791492313942160131, 0.000000000000000000 ) ) ;
#11334 = CARTESIAN_POINT ( 'NONE',  ( 0.000000000000000000, 0.5375364957382021691, -40.29634816116375617 ) ) ;
#11335 = ORIENTED_EDGE ( 'NONE', *, *, #5342, .F. ) ;
#11336 = DIRECTION ( 'NONE',  ( 1.000000000000000000, 0.000000000000000000, 0.000000000000000000 ) ) ;
#11337 = CARTESIAN_POINT ( 'NONE',  ( 18.94258358435486755, -3.159560628997980736, -26.29634816116374907 ) ) ;
#11338 = ORIENTED_EDGE ( 'NONE', *, *, #11378, .T. ) ;
#11339 = B_SPLINE_CURVE_WITH_KNOTS ( 'NONE', 3,
 ( #701, #9686, #7989, #4403, #3188, #6892, #10589, #2279 ),
 .UNSPECIFIED., .F., .F.,
 ( 4, 2, 2, 4 ),
 ( 0.000000000000000000, 0.0002734140155771824831, 0.0005468280311543649661, 0.001093656062308724511 ),
 .UNSPECIFIED. ) ;
#11340 = EDGE_LOOP ( 'NONE', ( #784, #2262, #5452, #8906 ) ) ;
#11341 = CARTESIAN_POINT ( 'NONE',  ( -18.39166320469692906, 4.433635604804469388, -26.31451660138218074 ) ) ;
#11342 = B_SPLINE_CURVE_WITH_KNOTS ( 'NONE', 3,
 ( #3375, #7080, #6174, #1565, #5270, #7140, #6239, #5326 ),
 .UNSPECIFIED., .F., .F.,
 ( 4, 2, 2, 4 ),
 ( 0.000000000000000000, 0.0002734144572333963084, 0.0005468289144667926168, 0.001093657828933583499 ),
 .UNSPECIFIED. ) ;
#11343 = CARTESIAN_POINT ( 'NONE',  ( -3.833340540673659813, -18.37794658821265514, -26.29634816116374907 ) ) ;
#11344 = FACE_OUTER_BOUND ( 'NONE', #7338, .T. ) ;
#11345 = DIRECTION ( 'NONE',  ( 0.000000000000000000, 0.000000000000000000, -1.000000000000000000 ) ) ;
#11346 = CARTESIAN_POINT ( 'NONE',  ( -0.6786403541991958832, 0.5111952664728736107, -26.29634816116374907 ) ) ;
#11347 = CARTESIAN_POINT ( 'NONE',  ( -18.78503423634787595, -0.2124635042615988234, -26.99634816116374836 ) ) ;
#11348 = EDGE_LOOP ( 'NONE', ( #461, #11072, #8834, #1268 ) ) ;
#11349 = ORIENTED_EDGE ( 'NONE', *, *, #10243, .T. ) ;
#11350 = CARTESIAN_POINT ( 'NONE',  ( -15.85913871501357519, 10.63372891917766516, -26.37236415740901663 ) ) ;
#11351 = ORIENTED_EDGE ( 'NONE', *, *, #8963, .T. ) ;
#11352 = VERTEX_POINT ( 'NONE', #5216 ) ;
#11353 = CARTESIAN_POINT ( 'NONE',  ( 19.29987502093280582, 0.4680802046111883774, -34.29634816116375617 ) ) ;
#11354 = EDGE_CURVE ( 'NONE', #463, #9331, #8014, .T. ) ;
#11355 = FACE_OUTER_BOUND ( 'NONE', #5697, .T. ) ;
#11356 = CARTESIAN_POINT ( 'NONE',  ( 0.4026796053972527822, -18.25804035090772004, -34.20801078711517107 ) ) ;
#11357 = DIRECTION ( 'NONE',  ( -1.000000000000000000, 0.000000000000000000, 0.000000000000000000 ) ) ;
#11358 = CARTESIAN_POINT ( 'NONE',  ( -3.144186300207962859E-15, 0.5375364957382012809, -26.29634816116374907 ) ) ;
#11359 = DIRECTION ( 'NONE',  ( -0.5229032302633759288, 0.8523920528607283886, 0.000000000000000000 ) ) ;
#11360 = CYLINDRICAL_SURFACE ( 'NONE', #8994, 0.7000000000000002887 ) ;
#11361 = CARTESIAN_POINT ( 'NONE',  ( 4.430873505877841012, -18.24699417075308716, -33.94899550485384054 ) ) ;
#11362 = DIRECTION ( 'NONE',  ( -0.9807852804032304306, 0.1950903220161286922, 0.000000000000000000 ) ) ;
#11363 = VERTEX_POINT ( 'NONE', #9757 ) ;
#11364 = AXIS2_PLACEMENT_3D ( 'NONE', #11557, #3239, #7130 ) ;
#11365 = ORIENTED_EDGE ( 'NONE', *, *, #11993, .T. ) ;
#11366 = CARTESIAN_POINT ( 'NONE',  ( 18.87875886479819698, -3.477018403217137177, -26.29634816116374196 ) ) ;
#11367 = ORIENTED_EDGE ( 'NONE', *, *, #11245, .F. ) ;
#11368 = VERTEX_POINT ( 'NONE', #1445 ) ;
#11369 = DIRECTION ( 'NONE',  ( -0.1950903220161387952, -0.9807852804032283212, 0.000000000000000000 ) ) ;
#11370 = ORIENTED_EDGE ( 'NONE', *, *, #828, .F. ) ;
#11371 = CARTESIAN_POINT ( 'NONE',  ( -17.06809607421168806, 8.419167523783178453, -33.59634816116375333 ) ) ;
#11372 = CARTESIAN_POINT ( 'NONE',  ( 10.19376547901210017, -15.85091402366474433, -26.56607335038743045 ) ) ;
#11373 = VECTOR ( 'NONE', #2856, 1000.000000000000000 ) ;
#11374 = FACE_OUTER_BOUND ( 'NONE', #4883, .T. ) ;
#11375 = VECTOR ( 'NONE', #10745, 1000.000000000000114 ) ;
#11376 = EDGE_CURVE ( 'NONE', #3935, #10027, #8920, .T. ) ;
#11377 = DIRECTION ( 'NONE',  ( 0.1950903220161182283, -0.9807852804032325400, 0.000000000000000000 ) ) ;
#11378 = EDGE_CURVE ( 'NONE', #6050, #6824, #5148, .T. ) ;
#11379 = VECTOR ( 'NONE', #6257, 1000.000000000000114 ) ;
#11380 = EDGE_LOOP ( 'NONE', ( #3609, #3686, #6604, #8828 ) ) ;
#11381 = EDGE_CURVE ( 'NONE', #8602, #5139, #11762, .T. ) ;
#11382 = ORIENTED_EDGE ( 'NONE', *, *, #254, .F. ) ;
#11383 = VECTOR ( 'NONE', #10298, 1000.000000000000000 ) ;
#11384 = CARTESIAN_POINT ( 'NONE',  ( -7.881631028044929543, -16.53055957847349333, -26.81144803512891528 ) ) ;
#11385 = VERTEX_POINT ( 'NONE', #3326 ) ;
#11386 = CARTESIAN_POINT ( 'NONE',  ( -13.12755238451691220, 13.99488512369735815, -26.31451660138218074 ) ) ;
#11387 = ORIENTED_EDGE ( 'NONE', *, *, #3535, .F. ) ;
#11388 = CARTESIAN_POINT ( 'NONE',  ( 9.828321525593450403, -15.48883415206237402, -33.77951444777791323 ) ) ;
#11389 = AXIS2_PLACEMENT_3D ( 'NONE', #3054, #6823, #10514 ) ;
#11390 = CARTESIAN_POINT ( 'NONE',  ( 19.29920961486469722, 0.7918897018058088655, -34.29634816116375617 ) ) ;
#11391 = B_SPLINE_CURVE_WITH_KNOTS ( 'NONE', 3,
 ( #10161, #774, #10912, #2596, #1747, #1853, #6307, #1686 ),
 .UNSPECIFIED., .F., .F.,
 ( 4, 2, 2, 4 ),
 ( 0.000000000000000000, 0.0002734144572333951700, 0.0005468289144667903400, 0.001093657828933583499 ),
 .UNSPECIFIED. ) ;
#11392 = DIRECTION ( 'NONE',  ( -0.000000000000000000, -0.000000000000000000, 1.000000000000000000 ) ) ;
#11393 = CARTESIAN_POINT ( 'NONE',  ( -15.61787527029506961, 11.87654899361243110, -26.81318386950226440 ) ) ;
#11394 = LINE ( 'NONE', #4774, #6354 ) ;
#11395 = CARTESIAN_POINT ( 'NONE',  ( 0.2353682975069713024, -0.09952578947060872205, -26.29634816116374907 ) ) ;
#11396 = AXIS2_PLACEMENT_3D ( 'NONE', #3322, #2408, #1636 ) ;
#11397 = CARTESIAN_POINT ( 'NONE',  ( -7.577247941523954644, -16.66800609570102765, -34.22033216491848862 ) ) ;
#11398 = B_SPLINE_CURVE_WITH_KNOTS ( 'NONE', 3,
 ( #2109, #11460, #8734, #5032, #5934, #5814, #3141, #6845 ),
 .UNSPECIFIED., .F., .F.,
 ( 4, 2, 2, 4 ),
 ( 0.000000000000000000, 0.0002734111411466472012, 0.0005468222822932944024, 0.001093644564586588371 ),
 .UNSPECIFIED. ) ;
#11399 = EDGE_CURVE ( 'NONE', #299, #7223, #6187, .T. ) ;
#11400 = VECTOR ( 'NONE', #10873, 1000.000000000000000 ) ;
#11401 = ORIENTED_EDGE ( 'NONE', *, *, #4646, .T. ) ;
#11402 = LINE ( 'NONE', #287, #7234 ) ;
#11403 = AXIS2_PLACEMENT_3D ( 'NONE', #6587, #10286, #1978 ) ;
#11404 = AXIS2_PLACEMENT_3D ( 'NONE', #2635, #7373, #125 ) ;
#11406 = DIRECTION ( 'NONE',  ( 1.000000000000000000, 0.000000000000000000, 0.000000000000000000 ) ) ;
#11405 = AXIS2_PLACEMENT_3D ( 'NONE', #9033, #6416, #10111 ) ;
#11407 = ORIENTED_EDGE ( 'NONE', *, *, #6637, .T. ) ;
#11408 = VERTEX_POINT ( 'NONE', #1577 ) ;
#11409 = DIRECTION ( 'NONE',  ( 0.8314696123025482333, 0.5555702330195977368, 0.000000000000000000 ) ) ;
#11410 = AXIS2_PLACEMENT_3D ( 'NONE', #3658, #6505, #3543 ) ;
#11411 = CARTESIAN_POINT ( 'NONE',  ( 7.449911663004036733, -17.26664324423969887, -34.29634816116375617 ) ) ;
#11412 = CARTESIAN_POINT ( 'NONE',  ( 0.05003513775708823275, 19.33705603708741094, -26.29634816116374907 ) ) ;
#11413 = CARTESIAN_POINT ( 'NONE',  ( 18.78503423634786174, -0.2124635042618656378, -33.59634816116375333 ) ) ;
#11414 = ADVANCED_FACE ( 'NONE', ( #8984 ), #658, .F. ) ;
#11415 = AXIS2_PLACEMENT_3D ( 'NONE', #10634, #10567, #1354 ) ;
#11416 = AXIS2_PLACEMENT_3D ( 'NONE', #5120, #8821, #502 ) ;
#11417 = CARTESIAN_POINT ( 'NONE',  ( -18.79553589612562092, 0.1213483043970010750, -26.37236415740901307 ) ) ;
#11418 = AXIS2_PLACEMENT_3D ( 'NONE', #1040, #3895, #1163 ) ;
#11419 = EDGE_LOOP ( 'NONE', ( #4228, #2868, #2134, #9209 ) ) ;
#11420 = ORIENTED_EDGE ( 'NONE', *, *, #6271, .F. ) ;
#11421 = CARTESIAN_POINT ( 'NONE',  ( -18.78503423634786529, 1.287536495738399234, -33.59634816116375333 ) ) ;
#11422 = ORIENTED_EDGE ( 'NONE', *, *, #817, .T. ) ;
#11423 = VERTEX_POINT ( 'NONE', #3737 ) ;
#11424 = EDGE_CURVE ( 'NONE', #1278, #9298, #11885, .T. ) ;
#11425 = PLANE ( 'NONE',  #9671 ) ;
#11426 = CARTESIAN_POINT ( 'NONE',  ( -11.06000805719603441, -14.66497096308319747, -26.81144803512890817 ) ) ;
#11427 = CARTESIAN_POINT ( 'NONE',  ( -15.25429759483118453, 11.52590058161461251, -33.94899881303461342 ) ) ;
#11428 = CARTESIAN_POINT ( 'NONE',  ( -18.44085597591721637, 4.257167399712273870, -26.99634816116374836 ) ) ;
#11429 = CARTESIAN_POINT ( 'NONE',  ( -0.6933771451090237070, 19.82550975358873302, -26.63019525567115053 ) ) ;
#11430 = CARTESIAN_POINT ( 'NONE',  ( -0.6616571570119313961, -18.25075640707830971, -33.94899881303460631 ) ) ;
#11431 = DIRECTION ( 'NONE',  ( 0.000000000000000000, 0.000000000000000000, -1.000000000000000000 ) ) ;
#11432 = DIRECTION ( 'NONE',  ( -0.000000000000000000, -0.000000000000000000, 1.000000000000000000 ) ) ;
#11433 = PLANE ( 'NONE',  #547 ) ;
#11434 = EDGE_CURVE ( 'NONE', #936, #2411, #11064, .T. ) ;
#11435 = ORIENTED_EDGE ( 'NONE', *, *, #5091, .T. ) ;
#11436 = VERTEX_POINT ( 'NONE', #7441 ) ;
#11437 = CARTESIAN_POINT ( 'NONE',  ( -15.60715541303852838, -10.81617214563821427, -33.59634816116375333 ) ) ;
#11438 = ORIENTED_EDGE ( 'NONE', *, *, #10408, .T. ) ;
#11439 = VERTEX_POINT ( 'NONE', #9105 ) ;
#11440 = CARTESIAN_POINT ( 'NONE',  ( 0.5272078826995580947, 0.4326683276892119290, -34.29634816116375617 ) ) ;
#11441 = VERTEX_POINT ( 'NONE', #9210 ) ;
#11442 = DIRECTION ( 'NONE',  ( 0.000000000000000000, -0.000000000000000000, -1.000000000000000000 ) ) ;
#11443 = B_SPLINE_CURVE_WITH_KNOTS ( 'NONE', 3,
 ( #10604, #8005, #3202, #3268, #4309, #536, #8922, #419 ),
 .UNSPECIFIED., .F., .F.,
 ( 4, 2, 2, 4 ),
 ( 0.000000000000000000, 0.0002734144572333946821, 0.0005468289144667893642, 0.001093657828933583282 ),
 .UNSPECIFIED. ) ;
#11444 = CARTESIAN_POINT ( 'NONE',  ( 8.090745338163678468, 18.05980346873533549, -33.59634816116375333 ) ) ;
#11445 = DIRECTION ( 'NONE',  ( -0.9724806208309331179, -0.2329837807837337738, 0.000000000000000000 ) ) ;
#11446 = CARTESIAN_POINT ( 'NONE',  ( -13.59795948890264761, -13.15864902206805453, -34.29634816116375617 ) ) ;
#11447 = EDGE_CURVE ( 'NONE', #10601, #6501, #7134, .T. ) ;
#11448 = CIRCLE ( 'NONE', #2539, 5.599999999999997868 ) ;
#11449 = ORIENTED_EDGE ( 'NONE', *, *, #5523, .F. ) ;
#11450 = VERTEX_POINT ( 'NONE', #10971 ) ;
#11451 = DIRECTION ( 'NONE',  ( -0.2329837807837541463, -0.9724806208309282329, 0.000000000000000000 ) ) ;
#11452 = VERTEX_POINT ( 'NONE', #10116 ) ;
#11453 = ADVANCED_FACE ( 'NONE', ( #8302 ), #37, .F. ) ;
#11454 = CARTESIAN_POINT ( 'NONE',  ( -18.57040281239285662, -2.391652922212281762, -26.81144803512891528 ) ) ;
#11455 = VERTEX_POINT ( 'NONE', #2816 ) ;
#11456 = CARTESIAN_POINT ( 'NONE',  ( 3.697097124736113294, 19.48012008009308715, -26.29634816116374907 ) ) ;
#11457 = CYLINDRICAL_SURFACE ( 'NONE', #174, 19.30000000000008242 ) ;
#11458 = DIRECTION ( 'NONE',  ( 0.000000000000000000, 0.000000000000000000, -1.000000000000000000 ) ) ;
#11459 = CARTESIAN_POINT ( 'NONE',  ( 10.78018685808415356, 16.54620824903469156, -34.29634816116375617 ) ) ;
#11460 = CARTESIAN_POINT ( 'NONE',  ( -0.7693927526465275113, -18.74712152021266931, -26.90389895507295037 ) ) ;
#11461 = EDGE_CURVE ( 'NONE', #7590, #5253, #10229, .T. ) ;
#11462 = CARTESIAN_POINT ( 'NONE',  ( -7.881631028044929543, -16.53055957847350044, -33.59634816116375333 ) ) ;
#11463 = ADVANCED_FACE ( 'NONE', ( #9330 ), #4660, .F. ) ;
#11464 = ORIENTED_EDGE ( 'NONE', *, *, #7501, .T. ) ;
#11465 = CARTESIAN_POINT ( 'NONE',  ( 17.92748151474959428, 7.688032551973368101, -26.29634816116374907 ) ) ;
#11466 = ADVANCED_FACE ( 'NONE', ( #3569 ), #11031, .T. ) ;
#11467 = CARTESIAN_POINT ( 'NONE',  ( -3.515623137885903748, 19.51553905829161906, -26.29634816116375262 ) ) ;
#11468 = ORIENTED_EDGE ( 'NONE', *, *, #4345, .T. ) ;
#11470 = ADVANCED_FACE ( 'NONE', ( #9998 ), #8416, .F. ) ;
#11469 = CARTESIAN_POINT ( 'NONE',  ( 10.99859508848281031, -14.70989368345909654, -33.96250492026806711 ) ) ;
#11471 = PLANE ( 'NONE',  #11619 ) ;
#11472 = EDGE_CURVE ( 'NONE', #6646, #75, #5107, .T. ) ;
#11473 = CARTESIAN_POINT ( 'NONE',  ( 7.881631028044806087, 17.60563256994996451, -26.99634816116374836 ) ) ;
#11474 = EDGE_CURVE ( 'NONE', #2743, #2600, #11043, .T. ) ;
#11475 = CARTESIAN_POINT ( 'NONE',  ( -19.06139814055720549, -2.488076386407275464, -26.81318386950226795 ) ) ;
#11476 = CARTESIAN_POINT ( 'NONE',  ( 18.78576306930916573, -0.1942872910488925575, -33.77951444777792744 ) ) ;
#11477 = ADVANCED_FACE ( 'NONE', ( #10166 ), #9267, .F. ) ;
#11478 = CARTESIAN_POINT ( 'NONE',  ( -3.144186300207962859E-15, 0.5375364957382012809, -26.29634816116374907 ) ) ;
#11479 = EDGE_CURVE ( 'NONE', #7040, #5322, #1102, .T. ) ;
#11480 = ORIENTED_EDGE ( 'NONE', *, *, #9979, .T. ) ;
#11481 = PLANE ( 'NONE',  #7905 ) ;
#11482 = ORIENTED_EDGE ( 'NONE', *, *, #4478, .F. ) ;
#11483 = EDGE_LOOP ( 'NONE', ( #9044, #2768, #11675, #7908, #5807, #11464, #4510, #133 ) ) ;
#11484 = CARTESIAN_POINT ( 'NONE',  ( 18.78503423634785818, -0.2124635042618674696, -34.29634816116375617 ) ) ;
#11485 = AXIS2_PLACEMENT_3D ( 'NONE', #3362, #7200, #7981 ) ;
#11486 = DIRECTION ( 'NONE',  ( -0.000000000000000000, 0.000000000000000000, -1.000000000000000000 ) ) ;
#11487 = CARTESIAN_POINT ( 'NONE',  ( 0.1424843179073460309, -18.26174383094175724, -34.29634816116377038 ) ) ;
#11488 = CARTESIAN_POINT ( 'NONE',  ( 13.25788756553141923, 13.86618443168085690, -34.29634816116375617 ) ) ;
#11489 = DIRECTION ( 'NONE',  ( -1.000000000000000000, 1.521687259628777768E-16, 0.000000000000000000 ) ) ;
#11490 = CARTESIAN_POINT ( 'NONE',  ( 4.380303799375133700, 19.33400168718304357, -26.56607335038743400 ) ) ;
#11491 = DIRECTION ( 'NONE',  ( -0.3826834323650998293, -0.9238795325112827417, 0.000000000000000000 ) ) ;
#11492 = LINE ( 'NONE', #2076, #5218 ) ;
#11493 = DIRECTION ( 'NONE',  ( -0.000000000000000000, -0.000000000000000000, -1.000000000000000000 ) ) ;
#11494 = AXIS2_PLACEMENT_3D ( 'NONE', #9536, #10319, #9360 ) ;
#11495 = ORIENTED_EDGE ( 'NONE', *, *, #484, .T. ) ;
#11496 = ORIENTED_EDGE ( 'NONE', *, *, #6436, .T. ) ;
#11497 = CARTESIAN_POINT ( 'NONE',  ( 18.06225602790438600, -6.263130548783935936, -34.02662297194007124 ) ) ;
#11498 = ORIENTED_EDGE ( 'NONE', *, *, #514, .T. ) ;
#11499 = ORIENTED_EDGE ( 'NONE', *, *, #3703, .F. ) ;
#11500 = CARTESIAN_POINT ( 'NONE',  ( -18.91548308395093159, -3.295804044935118249, -26.29634816116374907 ) ) ;
#11501 = ORIENTED_EDGE ( 'NONE', *, *, #7269, .T. ) ;
#11502 = CARTESIAN_POINT ( 'NONE',  ( 0.000000000000000000, 0.5375364957382021691, -21.29634816116374907 ) ) ;
#11503 = CARTESIAN_POINT ( 'NONE',  ( -15.65214394472802262, 11.82988231910151455, -33.96250106665637247 ) ) ;
#11504 = AXIS2_PLACEMENT_3D ( 'NONE', #955, #4934, #1962 ) ;
#11505 = CARTESIAN_POINT ( 'NONE',  ( -15.60343119137697343, -9.948519653097994464, -26.29634816116374907 ) ) ;
#11506 = CARTESIAN_POINT ( 'NONE',  ( -9.888068446240200871, 16.52702813237004875, -33.94899881303460631 ) ) ;
#11507 = ORIENTED_EDGE ( 'NONE', *, *, #11940, .F. ) ;
#11508 = ORIENTED_EDGE ( 'NONE', *, *, #2339, .F. ) ;
#11509 = DIRECTION ( 'NONE',  ( -1.000000000000000000, 0.000000000000000000, 0.000000000000000000 ) ) ;
#11510 = ORIENTED_EDGE ( 'NONE', *, *, #3276, .T. ) ;
#11511 = CARTESIAN_POINT ( 'NONE',  ( -18.42853067367100550, 4.254214543423815442, -26.29634816116374907 ) ) ;
#11512 = ORIENTED_EDGE ( 'NONE', *, *, #8430, .T. ) ;
#11513 = CARTESIAN_POINT ( 'NONE',  ( 6.669092904898398899, 18.64867118757452502, -26.99634816116374836 ) ) ;
#11514 = CARTESIAN_POINT ( 'NONE',  ( -3.198396408832238080E-15, 0.5375364957382012809, -34.29634816116375617 ) ) ;
#11515 = EDGE_CURVE ( 'NONE', #11689, #9531, #2019, .T. ) ;
#11516 = CARTESIAN_POINT ( 'NONE',  ( -16.00867175329637959, 11.31772335382252948, -26.29634816116374907 ) ) ;
#11517 = CARTESIAN_POINT ( 'NONE',  ( 16.03586280835092381, 10.35034013448024481, -34.29634816116375617 ) ) ;
#11518 = FACE_OUTER_BOUND ( 'NONE', #3485, .T. ) ;
#11519 = CARTESIAN_POINT ( 'NONE',  ( -9.877808546300579806, 16.53385230008909090, -26.63019140205943813 ) ) ;
#11520 = ORIENTED_EDGE ( 'NONE', *, *, #11081, .T. ) ;
#11521 = CARTESIAN_POINT ( 'NONE',  ( 16.03586280835084210, -9.275267143003960157, -33.59634816116375333 ) ) ;
#11522 = CARTESIAN_POINT ( 'NONE',  ( -6.800667044522201721, -17.52471953216616996, -34.02662297194007124 ) ) ;
#11523 = ORIENTED_EDGE ( 'NONE', *, *, #1346, .F. ) ;
#11524 = CARTESIAN_POINT ( 'NONE',  ( 13.26649516075523927, -12.80041422151886188, -26.99634816116374836 ) ) ;
#11525 = CARTESIAN_POINT ( 'NONE',  ( 3.515623137886171534, 19.51553905829157287, -34.29634816116376328 ) ) ;
#11526 = CARTESIAN_POINT ( 'NONE',  ( 0.3989343114037610105, -0.01209793357970364441, -33.59634816116375333 ) ) ;
#11527 = DIRECTION ( 'NONE',  ( 0.000000000000000000, 0.000000000000000000, 1.000000000000000000 ) ) ;
#11528 = FACE_OUTER_BOUND ( 'NONE', #5711, .T. ) ;
#11529 = CARTESIAN_POINT ( 'NONE',  ( -13.69618551780649973, -13.06042299316419886, -34.29634816116375617 ) ) ;
#11530 = EDGE_CURVE ( 'NONE', #9236, #10889, #3837, .T. ) ;
#11531 = ADVANCED_FACE ( 'NONE', ( #70 ), #5782, .T. ) ;
#11533 = ORIENTED_EDGE ( 'NONE', *, *, #5147, .T. ) ;
#11532 = EDGE_CURVE ( 'NONE', #6048, #8331, #455, .T. ) ;
#11534 = CARTESIAN_POINT ( 'NONE',  ( 18.44805341594535619, 4.156067090193356073, -34.29634816116375617 ) ) ;
#11535 = CARTESIAN_POINT ( 'NONE',  ( -12.99616139583816121, 14.12227687627122208, -34.22033216491848862 ) ) ;
#11536 = ORIENTED_EDGE ( 'NONE', *, *, #5301, .F. ) ;
#11537 = EDGE_LOOP ( 'NONE', ( #12018, #6582, #11325, #8268 ) ) ;
#11538 = DIRECTION ( 'NONE',  ( -0.000000000000000000, -0.000000000000000000, 1.000000000000000000 ) ) ;
#11539 = CARTESIAN_POINT ( 'NONE',  ( 0.000000000000000000, 0.5375364957382021691, -38.69634816116376186 ) ) ;
#11540 = CARTESIAN_POINT ( 'NONE',  ( 7.454906079864167978, 18.35256350290175220, -34.29634816116375617 ) ) ;
#11541 = CARTESIAN_POINT ( 'NONE',  ( 0.6169015811528613114, 0.2534959530723684962, -26.29634816116374907 ) ) ;
#11542 = CARTESIAN_POINT ( 'NONE',  ( -0.4997086159320637822, 19.83117436847736315, -26.43662752414719108 ) ) ;
#11543 = CARTESIAN_POINT ( 'NONE',  ( 11.99999999999998757, 0.5375364957382021691, -44.29634816116374907 ) ) ;
#11544 = DIRECTION ( 'NONE',  ( 1.000000000000000000, 0.000000000000000000, 0.000000000000000000 ) ) ;
#11545 = CARTESIAN_POINT ( 'NONE',  ( 17.07572516372703220, -7.327580813239891633, -33.77951444777792744 ) ) ;
#11546 = DIRECTION ( 'NONE',  ( 0.5229032302633759288, -0.8523920528607283886, -0.000000000000000000 ) ) ;
#11547 = ADVANCED_FACE ( 'NONE', ( #3044 ), #8519, .F. ) ;
#11548 = ORIENTED_EDGE ( 'NONE', *, *, #2131, .T. ) ;
#11549 = ORIENTED_EDGE ( 'NONE', *, *, #9116, .F. ) ;
#11550 = DIRECTION ( 'NONE',  ( -0.9238795325112864054, 0.3826834323650905589, 0.000000000000000000 ) ) ;
#11551 = ORIENTED_EDGE ( 'NONE', *, *, #2980, .T. ) ;
#11552 = ORIENTED_EDGE ( 'NONE', *, *, #5395, .T. ) ;
#11553 = DIRECTION ( 'NONE',  ( -0.7071067811865500152, 0.000000000000000000, -0.7071067811865451302 ) ) ;
#11554 = ORIENTED_EDGE ( 'NONE', *, *, #9908, .T. ) ;
#11555 = CARTESIAN_POINT ( 'NONE',  ( -10.36908797339786581, 16.81571812093086393, -34.20800806837381458 ) ) ;
#11556 = CARTESIAN_POINT ( 'NONE',  ( -15.80917856642252772, -10.53346415812279702, -26.38468825395369777 ) ) ;
#11557 = CARTESIAN_POINT ( 'NONE',  ( -3.198396408832238080E-15, 0.5375364957382012809, -26.29634816116374907 ) ) ;
#11558 = CARTESIAN_POINT ( 'NONE',  ( 14.00000000000000000, 0.5375364957381987274, -21.29634816116374907 ) ) ;
#11559 = ADVANCED_FACE ( 'NONE', ( #11239 ), #9363, .F. ) ;
#11560 = LINE ( 'NONE', #3185, #5200 ) ;
#11561 = CIRCLE ( 'NONE', #1088, 19.33712077059222167 ) ;
#11562 = ORIENTED_EDGE ( 'NONE', *, *, #3885, .F. ) ;
#11563 = ORIENTED_EDGE ( 'NONE', *, *, #8496, .F. ) ;
#11564 = CARTESIAN_POINT ( 'NONE',  ( 15.90579585943588725, 11.46927197098531082, -26.31451759764529186 ) ) ;
#11565 = VERTEX_POINT ( 'NONE', #3962 ) ;
#11566 = CARTESIAN_POINT ( 'NONE',  ( -3.184081677783118191E-15, 0.5375364957382011699, -44.29634816116374907 ) ) ;
#11567 = VERTEX_POINT ( 'NONE', #9415 ) ;
#11568 = CARTESIAN_POINT ( 'NONE',  ( -15.60715541303852838, -10.81617214563821427, -34.29634816116375617 ) ) ;
#11569 = DIRECTION ( 'NONE',  ( 1.000000000000000000, -0.000000000000000000, -0.000000000000000000 ) ) ;
#11570 = CARTESIAN_POINT ( 'NONE',  ( 0.000000000000000000, 0.5375364957382021691, -21.29634816116374907 ) ) ;
#11571 = CARTESIAN_POINT ( 'NONE',  ( 18.94258358435486755, -3.159560628997980736, -26.29634816116374907 ) ) ;
#11572 = CARTESIAN_POINT ( 'NONE',  ( 13.81335517923287348, -12.21515851171499634, -33.59634816116375333 ) ) ;
#11573 = DIRECTION ( 'NONE',  ( 1.000000000000000000, 0.000000000000000000, 0.000000000000000000 ) ) ;
#11574 = AXIS2_PLACEMENT_3D ( 'NONE', #11539, #3216, #496 ) ;
#11575 = VERTEX_POINT ( 'NONE', #2144 ) ;
#11576 = CIRCLE ( 'NONE', #3444, 19.33712077059221812 ) ;
#11577 = EDGE_CURVE ( 'NONE', #3553, #6283, #4694, .T. ) ;
#11578 = DIRECTION ( 'NONE',  ( -0.03878550529304181788, 0.9992475592060076073, 0.000000000000000000 ) ) ;
#11579 = CARTESIAN_POINT ( 'NONE',  ( -11.35370864137636460, 16.14469190877676397, -34.29634816116375617 ) ) ;
#11580 = ORIENTED_EDGE ( 'NONE', *, *, #9586, .F. ) ;
#11581 = PLANE ( 'NONE',  #3681 ) ;
#11582 = VECTOR ( 'NONE', #2735, 1000.000000000000000 ) ;
#11583 = CYLINDRICAL_SURFACE ( 'NONE', #3093, 0.6999999999999994005 ) ;
#11584 = CIRCLE ( 'NONE', #732, 19.30000000000008598 ) ;
#11585 = CARTESIAN_POINT ( 'NONE',  ( 16.28564101209502013, -9.820289390867074530, -34.22032890332829425 ) ) ;
#11586 = CARTESIAN_POINT ( 'NONE',  ( -7.881631028044558285, 17.60563256995007109, -33.59634816116375333 ) ) ;
#11587 = FACE_OUTER_BOUND ( 'NONE', #2669, .T. ) ;
#11588 = CARTESIAN_POINT ( 'NONE',  ( 0.7499999999999982236, 19.32257073208607068, -33.59634816116375333 ) ) ;
#11589 = CIRCLE ( 'NONE', #5577, 19.33712077059222167 ) ;
#11590 = EDGE_CURVE ( 'NONE', #9562, #11798, #9485, .T. ) ;
#11591 = AXIS2_PLACEMENT_3D ( 'NONE', #6454, #7250, #9300 ) ;
#11592 = EDGE_LOOP ( 'NONE', ( #1326, #6449, #2518, #10195 ) ) ;
#11593 = CARTESIAN_POINT ( 'NONE',  ( 10.66468526717357079, 16.62338394472683589, -26.29634816116374907 ) ) ;
#11594 = CARTESIAN_POINT ( 'NONE',  ( -18.11113469183640134, -6.131556409159995447, -26.90389895507296103 ) ) ;
#11595 = ORIENTED_EDGE ( 'NONE', *, *, #7019, .F. ) ;
#11596 = EDGE_CURVE ( 'NONE', #2623, #7907, #6277, .T. ) ;
#11597 = EDGE_LOOP ( 'NONE', ( #7494, #6976, #8571, #7847 ) ) ;
#11598 = CARTESIAN_POINT ( 'NONE',  ( 18.79951954134920555, 0.4875013579810443254, -34.29634816116375617 ) ) ;
#11599 = EDGE_CURVE ( 'NONE', #4026, #9472, #617, .T. ) ;
#11600 = CARTESIAN_POINT ( 'NONE',  ( 13.81335517923297118, 13.29023150319130231, -33.59634816116375333 ) ) ;
#11601 = CARTESIAN_POINT ( 'NONE',  ( -0.05003513775709462347, -18.26198304561101082, -26.29634816116374907 ) ) ;
#11602 = DIRECTION ( 'NONE',  ( -0.000000000000000000, -0.000000000000000000, 1.000000000000000000 ) ) ;
#11603 = CARTESIAN_POINT ( 'NONE',  ( -15.20250745882160359, -10.52247156145756257, -26.90389799132447024 ) ) ;
#11604 = AXIS2_PLACEMENT_3D ( 'NONE', #2204, #9541, #5905 ) ;
#11605 = CARTESIAN_POINT ( 'NONE',  ( -10.78018685808427435, -15.47113525755820795, -26.29634816116374907 ) ) ;
#11606 = LINE ( 'NONE', #5119, #2000 ) ;
#11607 = VECTOR ( 'NONE', #10280, 1000.000000000000000 ) ;
#11608 = AXIS2_PLACEMENT_3D ( 'NONE', #11484, #2250, #9653 ) ;
#11609 = ADVANCED_FACE ( 'NONE', ( #4020 ), #123, .F. ) ;
#11610 = LINE ( 'NONE', #6031, #2864 ) ;
#11611 = ADVANCED_FACE ( 'NONE', ( #2924 ), #6625, .F. ) ;
#11612 = VERTEX_POINT ( 'NONE', #10380 ) ;
#11613 = ORIENTED_EDGE ( 'NONE', *, *, #7974, .T. ) ;
#11614 = VECTOR ( 'NONE', #4602, 1000.000000000000114 ) ;
#11615 = CARTESIAN_POINT ( 'NONE',  ( 19.30000000000007887, 0.5375364957382012809, -45.29634816116371354 ) ) ;
#11616 = VERTEX_POINT ( 'NONE', #4878 ) ;
#11617 = ORIENTED_EDGE ( 'NONE', *, *, #1243, .T. ) ;
#11618 = CYLINDRICAL_SURFACE ( 'NONE', #11210, 6.399999999999995026 ) ;
#11619 = AXIS2_PLACEMENT_3D ( 'NONE', #1394, #1270, #7044 ) ;
#11620 = VERTEX_POINT ( 'NONE', #252 ) ;
#11621 = CARTESIAN_POINT ( 'NONE',  ( -8.074651695274543073, 15.83753649573824873, -44.29634816116374907 ) ) ;
#11622 = CARTESIAN_POINT ( 'NONE',  ( 19.29987502093280582, 0.6069927868650726310, -26.29634816116374907 ) ) ;
#11623 = CARTESIAN_POINT ( 'NONE',  ( -10.51164518946091242, -15.64895471865744980, -26.31451759764528830 ) ) ;
#11624 = ADVANCED_FACE ( 'NONE', ( #7657 ), #11360, .F. ) ;
#11625 = CYLINDRICAL_SURFACE ( 'NONE', #9050, 19.33712077059222167 ) ;
#11626 = ADVANCED_FACE ( 'NONE', ( #10695 ), #7844, .T. ) ;
#11627 = EDGE_CURVE ( 'NONE', #9367, #11733, #11606, .T. ) ;
#11628 = CARTESIAN_POINT ( 'NONE',  ( 18.95437750673501398, -3.161434341905709822, -26.99634816116374836 ) ) ;
#11629 = FACE_OUTER_BOUND ( 'NONE', #11729, .T. ) ;
#11630 = B_SPLINE_CURVE_WITH_KNOTS ( 'NONE', 3,
 ( #7681, #9618, #2099, #1312, #5021, #9503, #11384, #403 ),
 .UNSPECIFIED., .F., .F.,
 ( 4, 2, 2, 4 ),
 ( 0.000000000000000000, 0.0002734144572333930558, 0.0005468289144667861116, 0.001093657828933582848 ),
 .UNSPECIFIED. ) ;
#11631 = ORIENTED_EDGE ( 'NONE', *, *, #2847, .T. ) ;
#11632 = EDGE_CURVE ( 'NONE', #4557, #11246, #7433, .T. ) ;
#11633 = VERTEX_POINT ( 'NONE', #11670 ) ;
#11634 = VECTOR ( 'NONE', #5698, 999.9999999999998863 ) ;
#11635 = CARTESIAN_POINT ( 'NONE',  ( 16.00867175329652881, 11.31772335382229322, -26.29634816116374907 ) ) ;
#11636 = ORIENTED_EDGE ( 'NONE', *, *, #5409, .F. ) ;
#11637 = DIRECTION ( 'NONE',  ( -0.3465623512410380691, 0.9380269381538482998, -0.000000000000000000 ) ) ;
#11638 = ORIENTED_EDGE ( 'NONE', *, *, #6544, .F. ) ;
#11639 = CARTESIAN_POINT ( 'NONE',  ( 4.382682564439889461, 18.81956465703589743, -33.77951444777792744 ) ) ;
#11640 = DIRECTION ( 'NONE',  ( 0.000000000000000000, 0.000000000000000000, -1.000000000000000000 ) ) ;
#11641 = LINE ( 'NONE', #9802, #4673 ) ;
#11642 = CARTESIAN_POINT ( 'NONE',  ( -9.812803638742224166, -15.49832631261261362, -33.59634816116375333 ) ) ;
#11643 = CYLINDRICAL_SURFACE ( 'NONE', #11396, 0.7000000000000000666 ) ;
#11644 = AXIS2_PLACEMENT_3D ( 'NONE', #6607, #10305, #10985 ) ;
#11645 = CARTESIAN_POINT ( 'NONE',  ( -10.78018685808427435, -15.47113525755820795, -34.29634816116375617 ) ) ;
#11646 = ADVANCED_FACE ( 'NONE', ( #8029 ), #1414, .F. ) ;
#11647 = EDGE_LOOP ( 'NONE', ( #673, #3912, #10302, #1781 ) ) ;
#11648 = DIRECTION ( 'NONE',  ( 0.000000000000000000, 0.000000000000000000, -1.000000000000000000 ) ) ;
#11649 = ORIENTED_EDGE ( 'NONE', *, *, #7276, .T. ) ;
#11650 = CARTESIAN_POINT ( 'NONE',  ( 15.75982786953584736, 10.78744816488301872, -26.31451660138217719 ) ) ;
#11651 = VERTEX_POINT ( 'NONE', #3348 ) ;
#11652 = DIRECTION ( 'NONE',  ( 1.000000000000000000, 0.000000000000000000, 0.000000000000000000 ) ) ;
#11653 = DIRECTION ( 'NONE',  ( -0.9876139742652849662, 0.1569032754149171649, 0.000000000000000000 ) ) ;
#11654 = FACE_OUTER_BOUND ( 'NONE', #9215, .T. ) ;
#11655 = CARTESIAN_POINT ( 'NONE',  ( -19.00715700617220349, 3.887934228178809182, -26.38468825395369777 ) ) ;
#11656 = CARTESIAN_POINT ( 'NONE',  ( -9.599999999999988987, 0.5375364957382032793, -21.29634816116374907 ) ) ;
#11657 = EDGE_CURVE ( 'NONE', #3669, #2818, #8398, .T. ) ;
#11658 = ORIENTED_EDGE ( 'NONE', *, *, #11854, .T. ) ;
#11659 = CARTESIAN_POINT ( 'NONE',  ( 10.07425525387379928, 16.99959533051945471, -26.99634816116374836 ) ) ;
#11660 = CARTESIAN_POINT ( 'NONE',  ( -17.06809607421169162, 8.419167523783183782, -33.68879833100304211 ) ) ;
#11661 = ORIENTED_EDGE ( 'NONE', *, *, #3676, .T. ) ;
#11662 = ORIENTED_EDGE ( 'NONE', *, *, #3335, .T. ) ;
#11663 = CARTESIAN_POINT ( 'NONE',  ( -10.78018685808393506, 16.54620824903484433, -34.29634816116375617 ) ) ;
#11664 = DIRECTION ( 'NONE',  ( 0.9876139742652837450, -0.1569032754149237430, 0.000000000000000000 ) ) ;
#11665 = FACE_OUTER_BOUND ( 'NONE', #10902, .T. ) ;
#11666 = CARTESIAN_POINT ( 'NONE',  ( 14.16803286791266459, -12.56811408098588068, -33.77951245282524440 ) ) ;
#11667 = DIRECTION ( 'NONE',  ( 0.7071067811865513475, 0.7071067811865437980, 0.000000000000000000 ) ) ;
#11668 = CARTESIAN_POINT ( 'NONE',  ( -8.090745338163426226, 18.05980346873544917, -26.99634816116374836 ) ) ;
#11669 = EDGE_CURVE ( 'NONE', #1379, #3935, #3292, .T. ) ;
#11670 = CARTESIAN_POINT ( 'NONE',  ( 18.42853067367102682, -3.179141551947288313, -34.29634816116375617 ) ) ;
#11671 = CYLINDRICAL_SURFACE ( 'NONE', #1898, 0.7000000000000000666 ) ;
#11672 = ORIENTED_EDGE ( 'NONE', *, *, #8149, .T. ) ;
#11673 = EDGE_LOOP ( 'NONE', ( #9550, #6594, #9986, #10396, #7220, #4818, #10193, #2372 ) ) ;
#11674 = CARTESIAN_POINT ( 'NONE',  ( 13.25788756553141923, 13.86618443168085690, -34.29634816116375617 ) ) ;
#11675 = ORIENTED_EDGE ( 'NONE', *, *, #7734, .F. ) ;
#11676 = ORIENTED_EDGE ( 'NONE', *, *, #8425, .F. ) ;
#11677 = CARTESIAN_POINT ( 'NONE',  ( 6.567282823510447898, -17.07847943596211593, -26.63019140205944169 ) ) ;
#11678 = ORIENTED_EDGE ( 'NONE', *, *, #8736, .T. ) ;
#11679 = DIRECTION ( 'NONE',  ( -1.000000000000000000, 0.000000000000000000, 0.000000000000000000 ) ) ;
#11680 = DIRECTION ( 'NONE',  ( -0.7071067811865561215, -0.7071067811865389130, 0.000000000000000000 ) ) ;
#11681 = CARTESIAN_POINT ( 'NONE',  ( -17.07572516372714944, -7.327580813239636726, -26.81318187454957425 ) ) ;
#11682 = CARTESIAN_POINT ( 'NONE',  ( 15.25429759483125558, -10.45082759013809515, -33.94899881303461342 ) ) ;
#11683 = CARTESIAN_POINT ( 'NONE',  ( 18.46585473804451638, -2.990274635173506557, -34.29634816116377749 ) ) ;
#11684 = CIRCLE ( 'NONE', #11880, 19.30000000000008242 ) ;
#11685 = CYLINDRICAL_SURFACE ( 'NONE', #2678, 0.7000000000000000666 ) ;
#11686 = ADVANCED_FACE ( 'NONE', ( #501 ), #4268, .F. ) ;
#11687 = EDGE_CURVE ( 'NONE', #2100, #11689, #7060, .T. ) ;
#11688 = ORIENTED_EDGE ( 'NONE', *, *, #9538, .F. ) ;
#11689 = VERTEX_POINT ( 'NONE', #2203 ) ;
#11690 = CARTESIAN_POINT ( 'NONE',  ( -17.34934370704268858, 7.778027600316642420, -26.29634816116374907 ) ) ;
#11691 = ORIENTED_EDGE ( 'NONE', *, *, #3979, .T. ) ;
#11692 = PLANE ( 'NONE',  #3082 ) ;
#11693 = EDGE_LOOP ( 'NONE', ( #10154, #6734, #9559, #978 ) ) ;
#11694 = CARTESIAN_POINT ( 'NONE',  ( -7.774056743307868445, -17.12771822007763234, -34.20800806837380748 ) ) ;
#11695 = ADVANCED_FACE ( 'NONE', ( #6875 ), #5903, .T. ) ;
#11696 = VECTOR ( 'NONE', #9882, 1000.000000000000114 ) ;
#11697 = CARTESIAN_POINT ( 'NONE',  ( 17.34934370704278095, 7.778027600316403500, -26.29634816116374907 ) ) ;
#11698 = CARTESIAN_POINT ( 'NONE',  ( -15.20250745882160182, -10.52247156145755902, -33.78124828719859352 ) ) ;
#11699 = CYLINDRICAL_SURFACE ( 'NONE', #9063, 17.30000000000004334 ) ;
#11700 = DIRECTION ( 'NONE',  ( 1.000000000000000000, 0.000000000000000000, 0.000000000000000000 ) ) ;
#11701 = EDGE_CURVE ( 'NONE', #7402, #6618, #9600, .T. ) ;
#11702 = CARTESIAN_POINT ( 'NONE',  ( -11.29234582336326120, -15.11460744898985276, -33.96250106665636537 ) ) ;
#11703 = AXIS2_PLACEMENT_3D ( 'NONE', #2435, #2380, #1538 ) ;
#11704 = VERTEX_POINT ( 'NONE', #9840 ) ;
#11705 = EDGE_CURVE ( 'NONE', #7036, #6762, #1288, .T. ) ;
#11706 = CARTESIAN_POINT ( 'NONE',  ( 7.577247941523829411, 17.74307908717748461, -34.22033216491848862 ) ) ;
#11707 = EDGE_LOOP ( 'NONE', ( #5198, #6499, #6851, #1404 ) ) ;
#11708 = CARTESIAN_POINT ( 'NONE',  ( 11.35370864137646763, -15.06961891730028569, -26.99634816116374836 ) ) ;
#11709 = EDGE_LOOP ( 'NONE', ( #7466, #3089, #7971, #5596, #11631, #2569, #2295, #2154 ) ) ;
#11710 = DIRECTION ( 'NONE',  ( 0.7071067811865512365, 0.7071067811865439090, 0.000000000000000000 ) ) ;
#11711 = CARTESIAN_POINT ( 'NONE',  ( 19.29551535982284349, 0.1019365980077583667, -26.37236741899921455 ) ) ;
#11712 = CARTESIAN_POINT ( 'NONE',  ( 16.27818162519246314, -9.831551477659953520, -26.38468825395369421 ) ) ;
#11713 = CYLINDRICAL_SURFACE ( 'NONE', #7901, 19.33712077059222167 ) ;
#11714 = CARTESIAN_POINT ( 'NONE',  ( 17.89241021207275750, 7.773571566111144193, -34.29634816116376328 ) ) ;
#11715 = B_SPLINE_CURVE_WITH_KNOTS ( 'NONE', 3,
 ( #6252, #10974, #4485, #11942, #5282, #3627, #4591, #7337 ),
 .UNSPECIFIED., .F., .F.,
 ( 4, 2, 2, 4 ),
 ( 0.000000000000000000, 0.0002734144572333933269, 0.0005468289144667866537, 0.001093657828933583282 ),
 .UNSPECIFIED. ) ;
#11716 = EDGE_LOOP ( 'NONE', ( #7009, #5001, #300, #9407 ) ) ;
#11717 = CARTESIAN_POINT ( 'NONE',  ( 18.57040281239283530, 3.466725913688818661, -33.68879833100304211 ) ) ;
#11718 = CARTESIAN_POINT ( 'NONE',  ( -18.06225602790449258, -6.263130548783668594, -26.56607335038743756 ) ) ;
#11719 = ORIENTED_EDGE ( 'NONE', *, *, #11657, .F. ) ;
#11720 = ORIENTED_EDGE ( 'NONE', *, *, #1986, .T. ) ;
#11721 = CARTESIAN_POINT ( 'NONE',  ( -11.28212201404715742, 16.19655802473529604, -33.94899550485384054 ) ) ;
#11722 = CARTESIAN_POINT ( 'NONE',  ( -18.35319065594239873, 4.612554898124533231, -34.22033216491848862 ) ) ;
#11723 = CARTESIAN_POINT ( 'NONE',  ( -0.7693927526465210720, 19.82219451168907298, -33.59634816116375333 ) ) ;
#11724 = DIRECTION ( 'NONE',  ( 0.4182286202377498152, 0.9083417975707316350, -0.000000000000000000 ) ) ;
#11725 = CARTESIAN_POINT ( 'NONE',  ( 13.99600952451428881, -12.75177832689042212, -26.43662752414719819 ) ) ;
#11726 = DIRECTION ( 'NONE',  ( 0.9380269381538424156, -0.3465623512410538343, 0.000000000000000000 ) ) ;
#11727 = DIRECTION ( 'NONE',  ( -0.2329837807837541463, -0.9724806208309282329, 0.000000000000000000 ) ) ;
#11728 = DIRECTION ( 'NONE',  ( -0.9992475592060074963, 0.03878550529304005540, 0.000000000000000000 ) ) ;
#11729 = EDGE_LOOP ( 'NONE', ( #6670, #2652, #2180, #4521 ) ) ;
#11730 = EDGE_CURVE ( 'NONE', #686, #509, #8944, .T. ) ;
#11731 = EDGE_LOOP ( 'NONE', ( #3756, #6120, #39, #334 ) ) ;
#11732 = PLANE ( 'NONE',  #5407 ) ;
#11733 = VERTEX_POINT ( 'NONE', #7002 ) ;
#11734 = ORIENTED_EDGE ( 'NONE', *, *, #6139, .T. ) ;
#11735 = CARTESIAN_POINT ( 'NONE',  ( -0.6604615511865341571, 0.3793052405731855425, -33.59634816116375333 ) ) ;
#11736 = ORIENTED_EDGE ( 'NONE', *, *, #7001, .T. ) ;
#11737 = CARTESIAN_POINT ( 'NONE',  ( -6.495811729277620294, 18.17965771849769041, -26.99634816116374836 ) ) ;
#11738 = CARTESIAN_POINT ( 'NONE',  ( -9.812803638741879553, 16.57339930408922157, -34.29634816116375617 ) ) ;
#11739 = DIRECTION ( 'NONE',  ( -0.5229032302633938034, -0.8523920528607175084, -0.000000000000000000 ) ) ;
#11740 = CARTESIAN_POINT ( 'NONE',  ( 3.897931238695973910, -17.85445287176656493, -26.29634816116375262 ) ) ;
#11741 = DIRECTION ( 'NONE',  ( -0.000000000000000000, 0.000000000000000000, 1.000000000000000000 ) ) ;
#11742 = B_SPLINE_CURVE_WITH_KNOTS ( 'NONE', 3,
 ( #6992, #1402, #6135, #7958, #613, #5109, #6205, #9896 ),
 .UNSPECIFIED., .F., .F.,
 ( 4, 2, 2, 4 ),
 ( 0.000000000000000000, 0.0002734140155771858983, 0.0005468280311543717966, 0.001093656062308726029 ),
 .UNSPECIFIED. ) ;
#11743 = B_SPLINE_CURVE_WITH_KNOTS ( 'NONE', 3,
 ( #6655, #4903, #1320, #2171, #2043, #5872, #8664, #1260 ),
 .UNSPECIFIED., .F., .F.,
 ( 4, 2, 2, 4 ),
 ( 0.000000000000000000, 0.0002734115678465785034, 0.0005468231356931570067, 0.001093646271386296666 ),
 .UNSPECIFIED. ) ;
#11744 = FACE_OUTER_BOUND ( 'NONE', #633, .T. ) ;
#11745 = ORIENTED_EDGE ( 'NONE', *, *, #9683, .T. ) ;
#11746 = EDGE_CURVE ( 'NONE', #4385, #2805, #7789, .T. ) ;
#11747 = ORIENTED_EDGE ( 'NONE', *, *, #6345, .F. ) ;
#11748 = CARTESIAN_POINT ( 'NONE',  ( 6.669092904898399787, 18.64867118757452857, -33.59634816116375333 ) ) ;
#11749 = ORIENTED_EDGE ( 'NONE', *, *, #10571, .F. ) ;
#11750 = CARTESIAN_POINT ( 'NONE',  ( -14.16803286791258465, 13.64318707246238382, -33.77951245282524440 ) ) ;
#11751 = EDGE_LOOP ( 'NONE', ( #5561, #3757, #10997, #6547 ) ) ;
#11752 = LINE ( 'NONE', #8841, #10619 ) ;
#11753 = CARTESIAN_POINT ( 'NONE',  ( 0.000000000000000000, 9.337536495738195441, -41.09634816116376044 ) ) ;
#11754 = PLANE ( 'NONE',  #984 ) ;
#11755 = CARTESIAN_POINT ( 'NONE',  ( -16.13693215493819366, 11.12516925115971489, -26.29634816116375617 ) ) ;
#11756 = EDGE_CURVE ( 'NONE', #11058, #5537, #2963, .T. ) ;
#11757 = B_SPLINE_CURVE_WITH_KNOTS ( 'NONE', 3,
 ( #1835, #8166, #9235, #920, #10, #3709, #7414, #11118 ),
 .UNSPECIFIED., .F., .F.,
 ( 4, 2, 2, 4 ),
 ( 0.000000000000000000, 0.0002734140155771854646, 0.0005468280311543709292, 0.001093656062308725379 ),
 .UNSPECIFIED. ) ;
#11758 = DIRECTION ( 'NONE',  ( 1.000000000000000000, 0.000000000000000000, 0.000000000000000000 ) ) ;
#11759 = CARTESIAN_POINT ( 'NONE',  ( -18.11113469183639779, -6.131556409159996335, -33.59634816116375333 ) ) ;
#11760 = ADVANCED_FACE ( 'NONE', ( #2257 ), #623, .F. ) ;
#11761 = ORIENTED_EDGE ( 'NONE', *, *, #2131, .F. ) ;
#11762 = LINE ( 'NONE', #533, #4907 ) ;
#11763 = ORIENTED_EDGE ( 'NONE', *, *, #8023, .F. ) ;
#11764 = AXIS2_PLACEMENT_3D ( 'NONE', #1183, #4653, #82 ) ;
#11765 = DIRECTION ( 'NONE',  ( 0.5874011683613097334, -0.8092959084338484654, -0.000000000000000000 ) ) ;
#11766 = ORIENTED_EDGE ( 'NONE', *, *, #1036, .T. ) ;
#11767 = CARTESIAN_POINT ( 'NONE',  ( -0.5272078826995645340, 0.4326683276892129282, -26.29634816116374907 ) ) ;
#11768 = CARTESIAN_POINT ( 'NONE',  ( -6.669092904898136887, 18.64867118757461739, -26.90389895507296458 ) ) ;
#11769 = CARTESIAN_POINT ( 'NONE',  ( -3.258635898495694683, -17.97804273674042008, -26.37236415740901663 ) ) ;
#11770 = CARTESIAN_POINT ( 'NONE',  ( -10.19376547901199714, 16.92598701514122794, -26.56607335038743400 ) ) ;
#11771 = DIRECTION ( 'NONE',  ( -1.000000000000000000, 0.000000000000000000, 0.000000000000000000 ) ) ;
#11772 = ADVANCED_FACE ( 'NONE', ( #4329 ), #10137, .T. ) ;
#11773 = CARTESIAN_POINT ( 'NONE',  ( 5.949999999999997513, -8.012463504261800651, -26.19634816116376541 ) ) ;
#11774 = VECTOR ( 'NONE', #7966, 1000.000000000000000 ) ;
#11775 = VECTOR ( 'NONE', #10410, 1000.000000000000000 ) ;
#11776 = AXIS2_PLACEMENT_3D ( 'NONE', #4532, #11085, #8360 ) ;
#11777 = CARTESIAN_POINT ( 'NONE',  ( 13.09226962315015541, -13.64281879299638156, -26.99634816116374836 ) ) ;
#11778 = CARTESIAN_POINT ( 'NONE',  ( -12.81746705595673141, 14.29072807678274515, -33.94899881303460631 ) ) ;
#11779 = ORIENTED_EDGE ( 'NONE', *, *, #7187, .T. ) ;
#11780 = VERTEX_POINT ( 'NONE', #2737 ) ;
#11781 = CARTESIAN_POINT ( 'NONE',  ( -17.89241021207265803, 7.773571566111388442, -26.29634816116374907 ) ) ;
#11782 = AXIS2_PLACEMENT_3D ( 'NONE', #1982, #6702, #11509 ) ;
#11783 = CARTESIAN_POINT ( 'NONE',  ( -7.620479498464465706, -17.19527150314922537, -26.29634816116374907 ) ) ;
#11784 = DIRECTION ( 'NONE',  ( 0.000000000000000000, 0.000000000000000000, -1.000000000000000000 ) ) ;
#11785 = DIRECTION ( 'NONE',  ( 0.000000000000000000, 0.000000000000000000, 1.000000000000000000 ) ) ;
#11786 = DIRECTION ( 'NONE',  ( -0.000000000000000000, -0.000000000000000000, 1.000000000000000000 ) ) ;
#11787 = PLANE ( 'NONE',  #2205 ) ;
#11788 = AXIS2_PLACEMENT_3D ( 'NONE', #1248, #3183, #6888 ) ;
#11789 = VECTOR ( 'NONE', #1541, 1000.000000000000114 ) ;
#11790 = EDGE_CURVE ( 'NONE', #6107, #3191, #10989, .T. ) ;
#11791 = DIRECTION ( 'NONE',  ( -0.000000000000000000, -0.000000000000000000, 1.000000000000000000 ) ) ;
#11792 = AXIS2_PLACEMENT_3D ( 'NONE', #895, #90, #6262 ) ;
#11793 = EDGE_CURVE ( 'NONE', #1910, #4984, #3787, .T. ) ;
#11794 = ORIENTED_EDGE ( 'NONE', *, *, #9825, .F. ) ;
#11795 = VERTEX_POINT ( 'NONE', #7186 ) ;
#11796 = DIRECTION ( 'NONE',  ( 0.7340002190031389429, 0.6791492313942085746, 0.000000000000000000 ) ) ;
#11797 = ORIENTED_EDGE ( 'NONE', *, *, #10340, .F. ) ;
#11798 = VERTEX_POINT ( 'NONE', #7239 ) ;
#11799 = AXIS2_PLACEMENT_3D ( 'NONE', #5488, #11432, #4879 ) ;
#11800 = DIRECTION ( 'NONE',  ( -0.5555702330196004013, 0.8314696123025465679, 0.000000000000000000 ) ) ;
#11801 = VECTOR ( 'NONE', #2756, 1000.000000000000000 ) ;
#11802 = ORIENTED_EDGE ( 'NONE', *, *, #6878, .T. ) ;
#11803 = DIRECTION ( 'NONE',  ( 1.000000000000000000, 0.000000000000000000, 0.000000000000000000 ) ) ;
#11804 = CARTESIAN_POINT ( 'NONE',  ( 4.400367338555533081, 18.81530382510683452, -33.59634816116375333 ) ) ;
#11805 = DIRECTION ( 'NONE',  ( -0.000000000000000000, -0.000000000000000000, 1.000000000000000000 ) ) ;
#11806 = VECTOR ( 'NONE', #6690, 1000.000000000000000 ) ;
#11807 = CARTESIAN_POINT ( 'NONE',  ( -0.7500000000000065503, -18.24749774060966701, -33.59634816116375333 ) ) ;
#11808 = B_SPLINE_CURVE_WITH_KNOTS ( 'NONE', 3,
 ( #9922, #6101, #11681, #8105, #636, #7689, #4284, #9075 ),
 .UNSPECIFIED., .F., .F.,
 ( 4, 2, 2, 4 ),
 ( 0.000000000000000000, 0.0002734140155771818325, 0.0005468280311543636651, 0.001093656062308724511 ),
 .UNSPECIFIED. ) ;
#11809 = FACE_OUTER_BOUND ( 'NONE', #5837, .T. ) ;
#11810 = CARTESIAN_POINT ( 'NONE',  ( 14.18035528873453721, 13.62980611888840876, -26.99634816116374836 ) ) ;
#11811 = ORIENTED_EDGE ( 'NONE', *, *, #9979, .F. ) ;
#11812 = CIRCLE ( 'NONE', #371, 4.799999999999999822 ) ;
#11813 = ORIENTED_EDGE ( 'NONE', *, *, #11202, .T. ) ;
#11814 = CARTESIAN_POINT ( 'NONE',  ( -10.94617733506708923, 15.82216789790332356, -26.56606956038671896 ) ) ;
#11815 = ORIENTED_EDGE ( 'NONE', *, *, #10272, .T. ) ;
#11816 = CARTESIAN_POINT ( 'NONE',  ( -13.95200539898907088, 13.87351061158897814, -34.22032890332829425 ) ) ;
#11817 = ORIENTED_EDGE ( 'NONE', *, *, #2545, .F. ) ;
#11818 = CARTESIAN_POINT ( 'NONE',  ( 13.81335517923287171, -12.21515851171499811, -33.78124828719859352 ) ) ;
#11819 = DIRECTION ( 'NONE',  ( -1.047358436775639763E-14, -1.000000000000000000, 0.000000000000000000 ) ) ;
#11820 = CARTESIAN_POINT ( 'NONE',  ( -15.55187027909011910, -10.02525543652568452, -34.29634816116375617 ) ) ;
#11821 = CARTESIAN_POINT ( 'NONE',  ( -16.31969683414728678, 10.84101485533864029, -26.43662752414719463 ) ) ;
#11822 = AXIS2_PLACEMENT_3D ( 'NONE', #3255, #10662, #1498 ) ;
#11823 = CARTESIAN_POINT ( 'NONE',  ( 0.3800957012717336436, 0.9176321970099360348, -34.29634816116375617 ) ) ;
#11824 = ADVANCED_FACE ( 'NONE', ( #801 ), #8090, .F. ) ;
#11825 = DIRECTION ( 'NONE',  ( -0.9992475592060074963, 0.03878550529304181094, 0.000000000000000000 ) ) ;
#11826 = AXIS2_PLACEMENT_3D ( 'NONE', #11767, #8988, #6906 ) ;
#11827 = ORIENTED_EDGE ( 'NONE', *, *, #5219, .T. ) ;
#11828 = DIRECTION ( 'NONE',  ( -0.9992475592060074963, -0.03878550529304176236, 0.000000000000000000 ) ) ;
#11829 = ORIENTED_EDGE ( 'NONE', *, *, #4617, .T. ) ;
#11830 = LINE ( 'NONE', #3514, #3475 ) ;
#11831 = ORIENTED_EDGE ( 'NONE', *, *, #7181, .F. ) ;
#11832 = CARTESIAN_POINT ( 'NONE',  ( -12.75269500745324969, -13.27581868349463079, -26.99634816116374836 ) ) ;
#11833 = PLANE ( 'NONE',  #6393 ) ;
#11834 = EDGE_CURVE ( 'NONE', #8532, #3628, #5969, .T. ) ;
#11835 = AXIS2_PLACEMENT_3D ( 'NONE', #3040, #1165, #2317 ) ;
#11836 = CARTESIAN_POINT ( 'NONE',  ( -19.28465801595088180, -0.2318562569081147051, -33.59634816116375333 ) ) ;
#11837 = CARTESIAN_POINT ( 'NONE',  ( -3.350397732440141496, 19.54469350191047639, -34.20800806837380037 ) ) ;
#11838 = DIRECTION ( 'NONE',  ( -0.9876139742652854103, 0.1569032754149136677, 0.000000000000000000 ) ) ;
#11839 = AXIS2_PLACEMENT_3D ( 'NONE', #6087, #382, #10445 ) ;
#11840 = EDGE_CURVE ( 'NONE', #2572, #9810, #6446, .T. ) ;
#11841 = EDGE_CURVE ( 'NONE', #11058, #2427, #465, .T. ) ;
#11842 = EDGE_CURVE ( 'NONE', #9351, #6772, #1035, .T. ) ;
#11843 = CARTESIAN_POINT ( 'NONE',  ( 17.06809607421178043, 8.419167523782942197, -34.29634816116375617 ) ) ;
#11844 = VERTEX_POINT ( 'NONE', #9126 ) ;
#11845 = ORIENTED_EDGE ( 'NONE', *, *, #9525, .T. ) ;
#11846 = CARTESIAN_POINT ( 'NONE',  ( 11.33901249787406051, 16.15541176603338158, -26.81318386950226795 ) ) ;
#11847 = EDGE_CURVE ( 'NONE', #5537, #10438, #11903, .T. ) ;
#11848 = CARTESIAN_POINT ( 'NONE',  ( 17.06809607421172714, -7.344094532306664647, -26.81144803512890817 ) ) ;
#11849 = CARTESIAN_POINT ( 'NONE',  ( -3.144186300207962859E-15, 0.5375364957382012809, -26.29634816116374907 ) ) ;
#11850 = CARTESIAN_POINT ( 'NONE',  ( -19.28801171605217135, 1.218591872984564617, -26.64370081747364694 ) ) ;
#11851 = DIRECTION ( 'NONE',  ( 0.9876139742652871867, 0.1569032754149030928, 0.000000000000000000 ) ) ;
#11852 = CARTESIAN_POINT ( 'NONE',  ( 5.949999999999999289, 9.087536495738202547, -26.19634816116376541 ) ) ;
#11853 = VECTOR ( 'NONE', #10986, 1000.000000000000000 ) ;
#11854 = EDGE_CURVE ( 'NONE', #906, #10686, #9965, .T. ) ;
#11855 = LINE ( 'NONE', #8263, #8901 ) ;
#11856 = ORIENTED_EDGE ( 'NONE', *, *, #2033, .T. ) ;
#11857 = ADVANCED_FACE ( 'NONE', ( #2506 ), #11787, .F. ) ;
#11858 = VERTEX_POINT ( 'NONE', #5300 ) ;
#11859 = DIRECTION ( 'NONE',  ( -0.9724806208309313416, -0.2329837807837412400, 0.000000000000000000 ) ) ;
#11860 = ORIENTED_EDGE ( 'NONE', *, *, #4863, .F. ) ;
#11861 = ORIENTED_EDGE ( 'NONE', *, *, #9447, .T. ) ;
#11862 = CARTESIAN_POINT ( 'NONE',  ( -4.314357712814693713, -17.76066171942295213, -33.94899881303460631 ) ) ;
#11863 = ORIENTED_EDGE ( 'NONE', *, *, #10370, .F. ) ;
#11864 = DIRECTION ( 'NONE',  ( 0.000000000000000000, 0.000000000000000000, -1.000000000000000000 ) ) ;
#11865 = CARTESIAN_POINT ( 'NONE',  ( 18.57040281239280688, -2.391652922212551324, -33.59634816116375333 ) ) ;
#11866 = CARTESIAN_POINT ( 'NONE',  ( -3.198396408832238080E-15, 0.5375364957382012809, -34.29634816116375617 ) ) ;
#11867 = CARTESIAN_POINT ( 'NONE',  ( -18.78503423634786529, 1.287536495738399234, -34.29634816116375617 ) ) ;
#11868 = CYLINDRICAL_SURFACE ( 'NONE', #5013, 19.33712077059222167 ) ;
#11869 = CARTESIAN_POINT ( 'NONE',  ( -3.184081677783118191E-15, 0.5375364957382011699, -45.29634816116374907 ) ) ;
#11870 = ORIENTED_EDGE ( 'NONE', *, *, #5825, .F. ) ;
#11871 = VERTEX_POINT ( 'NONE', #680 ) ;
#11872 = CARTESIAN_POINT ( 'NONE',  ( -11.04530000614053087, 15.75074812002974767, -26.81318187454957780 ) ) ;
#11873 = ORIENTED_EDGE ( 'NONE', *, *, #11596, .T. ) ;
#11874 = CARTESIAN_POINT ( 'NONE',  ( -7.992049606106884418, 15.50404494607282224, -44.96285661149832436 ) ) ;
#11875 = EDGE_LOOP ( 'NONE', ( #7076, #11548, #5615, #11407, #1638, #6331, #4586, #2739 ) ) ;
#11876 = LINE ( 'NONE', #80, #3463 ) ;
#11877 = CARTESIAN_POINT ( 'NONE',  ( -18.79007683886264246, 1.147264091002168307, -34.02662676194078273 ) ) ;
#11878 = CARTESIAN_POINT ( 'NONE',  ( -16.41576971826885867, -9.612031817358143826, -26.64370081747366115 ) ) ;
#11879 = CARTESIAN_POINT ( 'NONE',  ( 6.751989403452453686, 18.61796435243196157, -33.94899550485385475 ) ) ;
#11880 = AXIS2_PLACEMENT_3D ( 'NONE', #11269, #2106, #6598 ) ;
#11881 = PLANE ( 'NONE',  #1122 ) ;
#11882 = FACE_OUTER_BOUND ( 'NONE', #8004, .T. ) ;
#11883 = ORIENTED_EDGE ( 'NONE', *, *, #11052, .T. ) ;
#11884 = VECTOR ( 'NONE', #11724, 1000.000000000000114 ) ;
#11885 = LINE ( 'NONE', #2653, #6461 ) ;
#11886 = ORIENTED_EDGE ( 'NONE', *, *, #10648, .T. ) ;
#11887 = EDGE_CURVE ( 'NONE', #258, #6109, #6727, .T. ) ;
#11888 = DIRECTION ( 'NONE',  ( -0.9083417975707304137, 0.4182286202377525908, 0.000000000000000000 ) ) ;
#11889 = ORIENTED_EDGE ( 'NONE', *, *, #4232, .F. ) ;
#11890 = CARTESIAN_POINT ( 'NONE',  ( -0.5375364957382043896, 0.5375364957381999487, -34.29634816116375617 ) ) ;
#11891 = DIRECTION ( 'NONE',  ( -0.9724806208309301203, 0.2329837807837462915, 0.000000000000000000 ) ) ;
#11892 = CARTESIAN_POINT ( 'NONE',  ( -14.12894836719709524, 13.68590150048291143, -26.63019525567114698 ) ) ;
#11893 = DIRECTION ( 'NONE',  ( -0.000000000000000000, -0.000000000000000000, 1.000000000000000000 ) ) ;
#11894 = B_SPLINE_CURVE_WITH_KNOTS ( 'NONE', 3,
 ( #6741, #3166, #5899, #8693, #380, #2253, #1349, #8757 ),
 .UNSPECIFIED., .F., .F.,
 ( 4, 2, 2, 4 ),
 ( 0.000000000000000000, 0.0002734140155771813989, 0.0005468280311543627977, 0.001093656062308726463 ),
 .UNSPECIFIED. ) ;
#11895 = AXIS2_PLACEMENT_3D ( 'NONE', #1519, #7775, #295 ) ;
#11896 = DIRECTION ( 'NONE',  ( -0.6791492313942264492, -0.7340002190031222895, 0.000000000000000000 ) ) ;
#11897 = VERTEX_POINT ( 'NONE', #7461 ) ;
#11898 = EDGE_LOOP ( 'NONE', ( #7218, #2345, #5327, #7295 ) ) ;
#11899 = CARTESIAN_POINT ( 'NONE',  ( 3.697097124735972073, -18.40504708861671190, -26.29634816116374907 ) ) ;
#11900 = CARTESIAN_POINT ( 'NONE',  ( 16.46205883478128840, 10.61179174961193716, -34.29634816116375617 ) ) ;
#11901 = CARTESIAN_POINT ( 'NONE',  ( 14.12894836719717695, -12.61082850900640651, -26.63019525567113988 ) ) ;
#11902 = CARTESIAN_POINT ( 'NONE',  ( -4.400367338555658314, -17.74023083363039888, -34.29634816116375617 ) ) ;
#11903 = LINE ( 'NONE', #3586, #2776 ) ;
#11904 = EDGE_CURVE ( 'NONE', #999, #7610, #7584, .T. ) ;
#11905 = B_SPLINE_CURVE_WITH_KNOTS ( 'NONE', 3,
 ( #7588, #550, #3161, #4257, #10747, #1401, #8809, #7957 ),
 .UNSPECIFIED., .F., .F.,
 ( 4, 2, 2, 4 ),
 ( 0.000000000000000000, 0.0002734144572333945737, 0.0005468289144667879548, 0.001093657828933582848 ),
 .UNSPECIFIED. ) ;
#11906 = EDGE_CURVE ( 'NONE', #6501, #6650, #108, .T. ) ;
#11907 = CARTESIAN_POINT ( 'NONE',  ( 18.82542771621641720, -3.716572384713964006, -34.15606879818029995 ) ) ;
#11908 = ADVANCED_FACE ( 'NONE', ( #1087 ), #3027, .T. ) ;
#11909 = ORIENTED_EDGE ( 'NONE', *, *, #1374, .T. ) ;
#11910 = VERTEX_POINT ( 'NONE', #2129 ) ;
#11911 = CARTESIAN_POINT ( 'NONE',  ( -3.184081677783118191E-15, 0.5375364957382011699, -44.29634816116374907 ) ) ;
#11912 = VERTEX_POINT ( 'NONE', #10308 ) ;
#11913 = EDGE_LOOP ( 'NONE', ( #7137, #5495, #2325, #3768 ) ) ;
#11914 = LINE ( 'NONE', #11121, #1339 ) ;
#11915 = CARTESIAN_POINT ( 'NONE',  ( -3.184843881676169275E-15, 0.5375364957382012809, -34.29634816116375617 ) ) ;
#11916 = CARTESIAN_POINT ( 'NONE',  ( 0.1065610753027038116, 1.208275884724077320, -33.59634816116375333 ) ) ;
#11917 = FACE_OUTER_BOUND ( 'NONE', #10750, .T. ) ;
#11918 = DIRECTION ( 'NONE',  ( 1.000000000000000000, 0.000000000000000000, 0.000000000000000000 ) ) ;
#11919 = CARTESIAN_POINT ( 'NONE',  ( 5.949999999999999289, 9.087536495738202547, 53.36789795213030629 ) ) ;
#11920 = EDGE_CURVE ( 'NONE', #89, #8835, #5587, .T. ) ;
#11921 = CARTESIAN_POINT ( 'NONE',  ( 12.75269500745305074, -13.27581868349481553, -33.59634816116375333 ) ) ;
#11922 = B_SPLINE_CURVE_WITH_KNOTS ( 'NONE', 3,
 ( #7576, #5818, #5939, #2049, #3937, #4119, #11465, #3874 ),
 .UNSPECIFIED., .F., .F.,
 ( 4, 2, 2, 4 ),
 ( 0.000000000000000000, 0.0002734111411466473639, 0.0005468222822932947277, 0.001093644564586587721 ),
 .UNSPECIFIED. ) ;
#11923 = EDGE_LOOP ( 'NONE', ( #6885, #6253, #8654, #6440, #7141, #6628 ) ) ;
#11924 = ORIENTED_EDGE ( 'NONE', *, *, #11381, .T. ) ;
#11925 = CARTESIAN_POINT ( 'NONE',  ( -17.52226697299705194, 8.628281833902057940, -26.99634816116374836 ) ) ;
#11926 = ORIENTED_EDGE ( 'NONE', *, *, #3101, .T. ) ;
#11927 = DIRECTION ( 'NONE',  ( 1.000000000000000000, 0.000000000000000000, 0.000000000000000000 ) ) ;
#11928 = EDGE_LOOP ( 'NONE', ( #5651, #9426, #11672, #11991 ) ) ;
#11929 = DIRECTION ( 'NONE',  ( 1.000000000000000000, 0.000000000000000000, 0.000000000000000000 ) ) ;
#11930 = B_SPLINE_CURVE_WITH_KNOTS ( 'NONE', 3,
 ( #8183, #6302, #7263, #3432, #2641, #5443, #9931, #10961 ),
 .UNSPECIFIED., .F., .F.,
 ( 4, 2, 2, 4 ),
 ( 0.000000000000000000, 0.0002734111411466479602, 0.0005468222822932959203, 0.001093644564586591190 ),
 .UNSPECIFIED. ) ;
#11931 = CARTESIAN_POINT ( 'NONE',  ( -7.411132711160547615, 17.81568028416572957, -26.29634816116375973 ) ) ;
#11932 = LINE ( 'NONE', #6679, #3508 ) ;
#11933 = DIRECTION ( 'NONE',  ( 0.3465623512410380691, -0.9380269381538482998, 0.000000000000000000 ) ) ;
#11934 = EDGE_CURVE ( 'NONE', #8848, #6224, #5704, .T. ) ;
#11935 = CARTESIAN_POINT ( 'NONE',  ( 16.03586280835092381, 10.35034013448024837, -33.68879833100304211 ) ) ;
#11936 = CARTESIAN_POINT ( 'NONE',  ( -17.06809607421168806, 8.419167523783178453, -26.99634816116374836 ) ) ;
#11937 = ORIENTED_EDGE ( 'NONE', *, *, #6492, .F. ) ;
#11938 = CARTESIAN_POINT ( 'NONE',  ( -0.4966189663903682328, 0.7432428069487977407, -34.29634816116375617 ) ) ;
#11939 = ORIENTED_EDGE ( 'NONE', *, *, #2897, .T. ) ;
#11940 = EDGE_CURVE ( 'NONE', #5981, #1064, #4732, .T. ) ;
#11941 = ORIENTED_EDGE ( 'NONE', *, *, #5064, .F. ) ;
#11942 = CARTESIAN_POINT ( 'NONE',  ( 13.57521732419814064, 13.54327886069244080, -26.38468553521233062 ) ) ;
#11943 = ORIENTED_EDGE ( 'NONE', *, *, #2984, .F. ) ;
#11944 = CARTESIAN_POINT ( 'NONE',  ( 16.09602657359692301, 11.20846618661444616, -34.29634816116375617 ) ) ;
#11945 = FACE_OUTER_BOUND ( 'NONE', #11293, .T. ) ;
#11946 = CARTESIAN_POINT ( 'NONE',  ( 0.7693927526465212940, 19.82219451168907298, -33.78124629862855954 ) ) ;
#11947 = LINE ( 'NONE', #6876, #5598 ) ;
#11948 = VECTOR ( 'NONE', #6816, 1000.000000000000114 ) ;
#11949 = CARTESIAN_POINT ( 'NONE',  ( -3.697097124735845952, 19.48012008009314044, -34.29634816116375617 ) ) ;
#11950 = ORIENTED_EDGE ( 'NONE', *, *, #9831, .T. ) ;
#11951 = VERTEX_POINT ( 'NONE', #1154 ) ;
#11952 = DIRECTION ( 'NONE',  ( -0.7340002190031222895, 0.6791492313942264492, -0.000000000000000000 ) ) ;
#11953 = AXIS2_PLACEMENT_3D ( 'NONE', #452, #7670, #4098 ) ;
#11954 = CARTESIAN_POINT ( 'NONE',  ( -8.090745338163426226, 18.05980346873544917, -26.99634816116374836 ) ) ;
#11955 = LINE ( 'NONE', #11051, #11582 ) ;
#11956 = CYLINDRICAL_SURFACE ( 'NONE', #2069, 0.7000000000000000666 ) ;
#11957 = DIRECTION ( 'NONE',  ( 0.6791492313942161241, -0.7340002190031318374, 0.000000000000000000 ) ) ;
#11958 = CONICAL_SURFACE ( 'NONE', #4411, 18.18509333353224022, 0.6981317007977995148 ) ;
#11959 = EDGE_CURVE ( 'NONE', #3674, #2901, #9466, .T. ) ;
#11960 = CARTESIAN_POINT ( 'NONE',  ( 18.76400763978407582, -3.979322733209272211, -33.59634816116375333 ) ) ;
#11961 = AXIS2_PLACEMENT_3D ( 'NONE', #9510, #5692, #6656 ) ;
#11962 = EDGE_CURVE ( 'NONE', #5363, #6914, #11114, .T. ) ;
#11963 = EDGE_LOOP ( 'NONE', ( #7190, #8114, #5123, #3107, #6528 ) ) ;
#11964 = ORIENTED_EDGE ( 'NONE', *, *, #11472, .T. ) ;
#11965 = CARTESIAN_POINT ( 'NONE',  ( -18.91548308395093159, -3.295804044935118249, -26.29634816116374907 ) ) ;
#11966 = EDGE_CURVE ( 'NONE', #766, #6427, #2058, .T. ) ;
#11967 = ORIENTED_EDGE ( 'NONE', *, *, #6328, .T. ) ;
#11968 = ORIENTED_EDGE ( 'NONE', *, *, #10641, .F. ) ;
#11969 = CARTESIAN_POINT ( 'NONE',  ( -18.79557684664592898, 0.1348568903411420661, -34.20801078711517107 ) ) ;
#11970 = CARTESIAN_POINT ( 'NONE',  ( 8.799999999999993605, 0.5375364957382021691, -21.29634816116374907 ) ) ;
#11971 = CARTESIAN_POINT ( 'NONE',  ( 3.195402843826101513, -17.98877556442775827, -26.43662391211885065 ) ) ;
#11972 = CARTESIAN_POINT ( 'NONE',  ( -0.4997086159320687782, -18.75610137700095947, -34.15606879818032127 ) ) ;
#11973 = AXIS2_PLACEMENT_3D ( 'NONE', #9571, #4846, #223 ) ;
#11974 = EDGE_CURVE ( 'NONE', #7603, #463, #7642, .T. ) ;
#11975 = FACE_OUTER_BOUND ( 'NONE', #3284, .T. ) ;
#11976 = CIRCLE ( 'NONE', #5768, 7.999999999999992895 ) ;
#11977 = FACE_OUTER_BOUND ( 'NONE', #9287, .T. ) ;
#11978 = AXIS2_PLACEMENT_3D ( 'NONE', #40, #6204, #8305 ) ;
#11979 = CARTESIAN_POINT ( 'NONE',  ( 23.44999999999999929, 26.53753649573820184, -46.29634816116374196 ) ) ;
#11980 = EDGE_CURVE ( 'NONE', #2211, #5597, #173, .T. ) ;
#11981 = AXIS2_PLACEMENT_3D ( 'NONE', #2275, #5987, #9677 ) ;
#11982 = ORIENTED_EDGE ( 'NONE', *, *, #11854, .F. ) ;
#11983 = ORIENTED_EDGE ( 'NONE', *, *, #10162, .F. ) ;
#11984 = AXIS2_PLACEMENT_3D ( 'NONE', #21, #992, #5436 ) ;
#11985 = CARTESIAN_POINT ( 'NONE',  ( 0.2057063112105903813, 0.04091752934783500495, -34.29634816116375617 ) ) ;
#11986 = EDGE_CURVE ( 'NONE', #2150, #4560, #11162, .T. ) ;
#11987 = VECTOR ( 'NONE', #6338, 1000.000000000000114 ) ;
#11988 = ORIENTED_EDGE ( 'NONE', *, *, #11669, .F. ) ;
#11989 = EDGE_CURVE ( 'NONE', #4247, #10526, #6281, .T. ) ;
#11990 = FACE_OUTER_BOUND ( 'NONE', #10046, .T. ) ;
#11991 = ORIENTED_EDGE ( 'NONE', *, *, #9156, .T. ) ;
#11992 = DIRECTION ( 'NONE',  ( 0.9876139742652843001, -0.1569032754149203568, 0.000000000000000000 ) ) ;
#11993 = EDGE_CURVE ( 'NONE', #11091, #9832, #2788, .T. ) ;
#11994 = VECTOR ( 'NONE', #5853, 1000.000000000000000 ) ;
#11995 = CARTESIAN_POINT ( 'NONE',  ( -18.78503423634786529, 1.287536495738399234, -33.59634816116375333 ) ) ;
#11996 = EDGE_CURVE ( 'NONE', #507, #492, #11222, .T. ) ;
#11997 = CARTESIAN_POINT ( 'NONE',  ( -17.06809607421168806, 8.419167523783178453, -26.99634816116374836 ) ) ;
#11998 = CARTESIAN_POINT ( 'NONE',  ( 15.76135401275440273, 10.78638328553075354, -34.29634816116376328 ) ) ;
#11999 = VECTOR ( 'NONE', #4397, 1000.000000000000000 ) ;
#12000 = VECTOR ( 'NONE', #10551, 1000.000000000000000 ) ;
#12001 = CYLINDRICAL_SURFACE ( 'NONE', #4795, 0.7000000000000000666 ) ;
#12002 = EDGE_CURVE ( 'NONE', #4921, #9848, #1878, .T. ) ;
#12003 = AXIS2_PLACEMENT_3D ( 'NONE', #8937, #6995, #9718 ) ;
#12004 = ORIENTED_EDGE ( 'NONE', *, *, #3933, .T. ) ;
#12005 = CARTESIAN_POINT ( 'NONE',  ( 19.00715700617224257, 3.887934228178544060, -34.20800806837382169 ) ) ;
#12006 = ORIENTED_EDGE ( 'NONE', *, *, #9602, .T. ) ;
#12007 = ORIENTED_EDGE ( 'NONE', *, *, #11590, .T. ) ;
#12008 = CARTESIAN_POINT ( 'NONE',  ( -0.6169015811528778537, 0.2534959530723740473, -33.59634816116375333 ) ) ;
#12009 = CARTESIAN_POINT ( 'NONE',  ( -7.454906079863907742, 18.35256350290186234, -26.99634816116374836 ) ) ;
#12010 = VERTEX_POINT ( 'NONE', #3763 ) ;
#12011 = CARTESIAN_POINT ( 'NONE',  ( -6.399999999999995026, 0.5375364957382029463, -21.29634816116374907 ) ) ;
#12012 = CARTESIAN_POINT ( 'NONE',  ( 0.000000000000000000, 0.5375364957382021691, -21.29634816116374907 ) ) ;
#12013 = CARTESIAN_POINT ( 'NONE',  ( 15.20250745882144017, -10.52247156145777396, -26.99634816116374836 ) ) ;
#12014 = CARTESIAN_POINT ( 'NONE',  ( -18.87843329621031430, 4.550258602159445331, -34.27817872468220628 ) ) ;
#12015 = ADVANCED_FACE ( 'NONE', ( #6553 ), #4131, .T. ) ;
#12016 = AXIS2_PLACEMENT_3D ( 'NONE', #6254, #4180, #9947 ) ;
#12017 = CYLINDRICAL_SURFACE ( 'NONE', #11034, 0.7000000000000000666 ) ;
#12018 = ORIENTED_EDGE ( 'NONE', *, *, #8737, .F. ) ;
#12019 = EDGE_LOOP ( 'NONE', ( #459, #10701, #2415, #12004 ) ) ;
#12020 = LINE ( 'NONE', #5416, #6570 ) ;
ENDSEC;
END-ISO-10303-21;
