ISO-10303-21;
HEADER;
FILE_DESCRIPTION (( 'STEP AP214' ),
    '1' );
FILE_NAME ('ThermallerBodyPart1.STEP',
    '2026-05-27T09:44:45',
    ( '' ),
    ( '' ),
    'SwSTEP 2.0',
    'SolidWorks 2025',
    '' );
FILE_SCHEMA (( 'AUTOMOTIVE_DESIGN' ));
ENDSEC;

DATA;
#1 = CARTESIAN_POINT ( 'NONE',  ( 15.09509332072109444, -23.16729674207281775, -45.29634816116374907 ) ) ;
#2 = CARTESIAN_POINT ( 'NONE',  ( 12.82702834380914503, -14.45657761182532042, -23.13797412732332859 ) ) ;
#3 = CARTESIAN_POINT ( 'NONE',  ( 4.058300524425802358, 33.32528787234499390, -13.99956028685670262 ) ) ;
#4 = CARTESIAN_POINT ( 'NONE',  ( 4.987904527716146674, -85.77024827058640710, 3.923682652706744989 ) ) ;
#5 = FACE_OUTER_BOUND ( 'NONE', #2711, .T. ) ;
#6 = ADVANCED_FACE ( 'NONE', ( #9300 ), #5561, .F. ) ;
#7 = AXIS2_PLACEMENT_3D ( 'NONE', #9526, #5013, #7085 ) ;
#8 = EDGE_CURVE ( 'NONE', #2988, #6148, #6864, .T. ) ;
#9 = LINE ( 'NONE', #4233, #3662 ) ;
#10 =( BOUNDED_SURFACE ( )  B_SPLINE_SURFACE ( 2, 3, ( 
 ( #1383, #649, #4330, #7303, #3604, #5468, #7711, #284 ),
 ( #2613, #8427, #917, #335, #236, #1066, #9063, #3344 ),
 ( #7615, #4064, #6840, #6158, #3294, #3195, #9210, #9114 ) ),
 .UNSPECIFIED., .F., .F., .F. ) 
 B_SPLINE_SURFACE_WITH_KNOTS ( ( 3, 3 ),
 ( 4, 2, 2, 4 ),
 ( 0.000000000000000000, 1.000000000000000000 ),
 ( 0.8624103391118681516, 0.8868915868614956066, 0.9408810312738912218, 0.9948704756862868370 ),
 .UNSPECIFIED. ) 
 GEOMETRIC_REPRESENTATION_ITEM ( )  RATIONAL_B_SPLINE_SURFACE ( (
 ( 1.000000000000000000, 1.000000000000000000, 1.000000000000000000, 1.000000000000000000, 1.000000000000000000, 1.000000000000000000, 1.000000000000000000, 1.000000000000000000),
 ( 0.7449983438458311902, 0.7449983438458311902, 0.7449983438458309681, 0.7449983438458309681, 0.7449983438458313012, 0.7449983438458313012, 0.7449983438458310792, 0.7449983438458310792),
 ( 1.000000000000000000, 1.000000000000000000, 1.000000000000000000, 1.000000000000000000, 1.000000000000000000, 1.000000000000000000, 1.000000000000000000, 1.000000000000000000) ) ) 
 REPRESENTATION_ITEM ( '' )  SURFACE ( )  );
#11 = EDGE_LOOP ( 'NONE', ( #4546, #2478, #4813, #4863, #7510, #7156 ) ) ;
#12 = CARTESIAN_POINT ( 'NONE',  ( 0.000000000000000000, -84.61356077063126691, -17.27896030586277831 ) ) ;
#13 = CARTESIAN_POINT ( 'NONE',  ( 22.80510065780973150, 26.67457930543511324, -19.96941867397929826 ) ) ;
#14 = DIRECTION ( 'NONE',  ( 0.000000000000000000, -0.4246765432456733325, -0.9053451461276553758 ) ) ;
#15 = CARTESIAN_POINT ( 'NONE',  ( 6.000000000000000000, -79.47824045473380750, 16.95666528314903232 ) ) ;
#16 = DIRECTION ( 'NONE',  ( 0.000000000000000000, 0.000000000000000000, -1.000000000000000000 ) ) ;
#17 = CIRCLE ( 'NONE', #3719, 10.00000000000000533 ) ;
#18 = CARTESIAN_POINT ( 'NONE',  ( 18.50768833877519626, -62.22464902627926620, 21.26554513785332645 ) ) ;
#19 = CARTESIAN_POINT ( 'NONE',  ( 14.68676318875324860, -41.78092014543001653, -19.49783983152307698 ) ) ;
#20 = ADVANCED_FACE ( 'NONE', ( #7545 ), #8120, .T. ) ;
#21 = DIRECTION ( 'NONE',  ( 1.000000000000000000, -0.000000000000000000, -0.000000000000000000 ) ) ;
#22 = CARTESIAN_POINT ( 'NONE',  ( 14.99999999999985612, -87.02701687991333301, 38.81313571136776375 ) ) ;
#23 = EDGE_CURVE ( 'NONE', #586, #9492, #8214, .T. ) ;
#24 = ORIENTED_EDGE ( 'NONE', *, *, #4461, .F. ) ;
#25 = CARTESIAN_POINT ( 'NONE',  ( 19.33377871982933627, -14.28561563905146770, -22.47375486352241225 ) ) ;
#26 = CARTESIAN_POINT ( 'NONE',  ( 15.08025317517678943, -90.73675952879248996, 18.01204871588302225 ) ) ;
#27 = DIRECTION ( 'NONE',  ( 0.000000000000000000, -0.3420201433256692680, -0.9396926207859083169 ) ) ;
#28 = CARTESIAN_POINT ( 'NONE',  ( 14.23913406603579901, -25.46246350426179816, -39.59913607114618372 ) ) ;
#29 = CARTESIAN_POINT ( 'NONE',  ( 15.00000000000000000, -99.02448179153165597, 23.69942699710376388 ) ) ;
#30 = DIRECTION ( 'NONE',  ( 0.000000000000000000, 0.3420201433256687684, 0.9396926207859084279 ) ) ;
#31 = CARTESIAN_POINT ( 'NONE',  ( 12.81600561797617566, -14.46246350426197758, -23.29634816116374907 ) ) ;
#32 = ORIENTED_EDGE ( 'NONE', *, *, #2847, .T. ) ;
#33 = CARTESIAN_POINT ( 'NONE',  ( 13.89999999999999858, -58.74016882826288111, 19.49293262007675054 ) ) ;
#34 = ORIENTED_EDGE ( 'NONE', *, *, #4228, .F. ) ;
#35 = CARTESIAN_POINT ( 'NONE',  ( 22.72161866254801055, -22.82182225824879751, -11.90357600088132095 ) ) ;
#36 = ORIENTED_EDGE ( 'NONE', *, *, #736, .F. ) ;
#37 = CARTESIAN_POINT ( 'NONE',  ( 15.00000000000000000, -95.29068009492405622, 21.31775069623687102 ) ) ;
#38 = CARTESIAN_POINT ( 'NONE',  ( -10.55000000000000071, 31.10138907885891513, -17.97376135830883825 ) ) ;
#39 = CARTESIAN_POINT ( 'NONE',  ( 6.168883425261207698, -83.81875001338853792, 37.23267582605368631 ) ) ;
#40 = CARTESIAN_POINT ( 'NONE',  ( 16.16574500787390889, -79.32927538401278866, 13.37930367569045842 ) ) ;
#41 = CARTESIAN_POINT ( 'NONE',  ( 0.000000000000000000, 31.10138907885891513, -17.97376135830883825 ) ) ;
#42 = VECTOR ( 'NONE', #2622, 1000.000000000000114 ) ;
#43 = EDGE_LOOP ( 'NONE', ( #4741, #8180, #9016, #8735 ) ) ;
#44 = CARTESIAN_POINT ( 'NONE',  ( 22.88400843111265104, -36.10168856296559170, 7.285110083579730222 ) ) ;
#45 = ORIENTED_EDGE ( 'NONE', *, *, #736, .T. ) ;
#46 = EDGE_LOOP ( 'NONE', ( #9540, #9215, #7386, #9358 ) ) ;
#47 = DIRECTION ( 'NONE',  ( 0.000000000000000000, 0.8626878531223943769, -0.5057367576863224246 ) ) ;
#48 = AXIS2_PLACEMENT_3D ( 'NONE', #8124, #30, #3663 ) ;
#49 = CARTESIAN_POINT ( 'NONE',  ( 13.39872996179967579, -14.13935240622187983, -22.20589831939090786 ) ) ;
#50 = DIRECTION ( 'NONE',  ( 0.000000000000000000, -0.7660444431189770143, 0.6427876096865405842 ) ) ;
#51 = CARTESIAN_POINT ( 'NONE',  ( 17.30782971047889163, -67.22231823140789686, 23.33362012616764503 ) ) ;
#52 = CARTESIAN_POINT ( 'NONE',  ( 0.000000000000000000, 20.03753649573828355, -21.29634816116374907 ) ) ;
#53 = ADVANCED_FACE ( 'NONE', ( #5935 ), #4576, .F. ) ;
#54 = VECTOR ( 'NONE', #7010, 999.9999999999998863 ) ;
#55 = CARTESIAN_POINT ( 'NONE',  ( 14.99999999999777955, -102.6009363840883708, 44.94644214778368507 ) ) ;
#56 = VERTEX_POINT ( 'NONE', #4524 ) ;
#57 = CARTESIAN_POINT ( 'NONE',  ( 16.56158988034721347, -14.53671215020897911, -43.83623863372562113 ) ) ;
#58 = CARTESIAN_POINT ( 'NONE',  ( 20.23105298398809992, -56.84697157599856610, 17.72661140917833933 ) ) ;
#59 = CARTESIAN_POINT ( 'NONE',  ( -14.09999999999999964, -49.46863626127934310, -10.21764939810934791 ) ) ;
#60 = FACE_OUTER_BOUND ( 'NONE', #8011, .T. ) ;
#61 = CARTESIAN_POINT ( 'NONE',  ( 22.40301463149664229, 17.60089995828667497, -21.55656289514453050 ) ) ;
#62 = CIRCLE ( 'NONE', #7966, 2.999999999999999112 ) ;
#63 = LINE ( 'NONE', #986, #4800 ) ;
#64 = CARTESIAN_POINT ( 'NONE',  ( 14.19092252017864730, -49.09131172166236468, -15.40440220470451393 ) ) ;
#65 = CARTESIAN_POINT ( 'NONE',  ( 22.43550855012649592, 17.48572643010207273, -21.27869618899576309 ) ) ;
#66 = CARTESIAN_POINT ( 'NONE',  ( 12.19083461222129472, 15.75704869086030158, -21.29634816116374907 ) ) ;
#67 = CARTESIAN_POINT ( 'NONE',  ( 19.32763161291265774, -20.57279008839592294, -39.20210516234798348 ) ) ;
#68 = CIRCLE ( 'NONE', #1004, 1.000000000000000888 ) ;
#69 = VERTEX_POINT ( 'NONE', #6036 ) ;
#70 = CARTESIAN_POINT ( 'NONE',  ( 14.11446840999476393, -54.13248084427826967, -11.52584828597590061 ) ) ;
#71 = CARTESIAN_POINT ( 'NONE',  ( 4.513888670167594874, 33.20591674510911417, -14.64629780103921597 ) ) ;
#72 = CARTESIAN_POINT ( 'NONE',  ( 5.999999999999998224, -8.012463504261800651, -21.29634816116374907 ) ) ;
#73 = CARTESIAN_POINT ( 'NONE',  ( 23.44999999999999929, -38.77050761575859639, 7.788112739097375226 ) ) ;
#74 = CARTESIAN_POINT ( 'NONE',  ( 15.00000000000000000, -100.8159029782902394, 24.72205933320134008 ) ) ;
#75 = EDGE_CURVE ( 'NONE', #572, #2074, #7499, .T. ) ;
#76 = CARTESIAN_POINT ( 'NONE',  ( 12.75000000000000000, -116.1242084823501983, 39.94962174011556044 ) ) ;
#77 = CARTESIAN_POINT ( 'NONE',  ( 14.99999999999999822, -120.4859869534278403, 49.30024030737045848 ) ) ;
#78 = CARTESIAN_POINT ( 'NONE',  ( 23.45000000000000284, -36.37755084624823354, 6.815799240699602635 ) ) ;
#79 = EDGE_CURVE ( 'NONE', #7964, #7690, #3703, .T. ) ;
#80 = VERTEX_POINT ( 'NONE', #2291 ) ;
#81 = CARTESIAN_POINT ( 'NONE',  ( 12.75889601784238891, 15.62870827432974430, -43.89873133008131134 ) ) ;
#82 = VERTEX_POINT ( 'NONE', #899 ) ;
#83 = CARTESIAN_POINT ( 'NONE',  ( -14.25000000000000000, -33.91424913319319501, 0.2936081260902128065 ) ) ;
#84 = ORIENTED_EDGE ( 'NONE', *, *, #4086, .F. ) ;
#85 = CARTESIAN_POINT ( 'NONE',  ( 15.00000000000000000, -122.3442200681275409, 32.30174611396969908 ) ) ;
#86 = CARTESIAN_POINT ( 'NONE',  ( 20.14203023295875283, -21.58722347836754807, -32.56801631913250361 ) ) ;
#87 = CARTESIAN_POINT ( 'NONE',  ( 12.75000000000000000, 0.000000000000000000, 0.000000000000000000 ) ) ;
#88 = DIRECTION ( 'NONE',  ( 0.000000000000000000, 0.000000000000000000, 1.000000000000000000 ) ) ;
#89 = LINE ( 'NONE', #2994, #1411 ) ;
#90 = VECTOR ( 'NONE', #9047, 1000.000000000000227 ) ;
#91 = ORIENTED_EDGE ( 'NONE', *, *, #9178, .F. ) ;
#92 = CARTESIAN_POINT ( 'NONE',  ( 1.123582429141872785, -120.4859869534280250, 49.30024030737046559 ) ) ;
#93 = EDGE_LOOP ( 'NONE', ( #4345, #3335, #6582, #8760 ) ) ;
#94 = VERTEX_POINT ( 'NONE', #2975 ) ;
#95 = CARTESIAN_POINT ( 'NONE',  ( 13.00000000000000000, 0.5375364957381987274, 53.36789795213030629 ) ) ;
#96 = CARTESIAN_POINT ( 'NONE',  ( 14.29390495623321833, -13.59232078811249345, -21.64579539977268396 ) ) ;
#97 = CARTESIAN_POINT ( 'NONE',  ( 12.49090203885923778, 15.51178600251947692, -22.07871301141840092 ) ) ;
#98 = CARTESIAN_POINT ( 'NONE',  ( 4.250023745532657493, -90.70153678051846668, 5.492447222354768677 ) ) ;
#99 = CARTESIAN_POINT ( 'NONE',  ( 12.17627295980915036, 16.52178260809836630, -45.02021160427765523 ) ) ;
#100 = CARTESIAN_POINT ( 'NONE',  ( 14.99999999999814904, -103.9980779814402325, 45.27386560658358405 ) ) ;
#101 = VECTOR ( 'NONE', #1840, 1000.000000000000000 ) ;
#102 = VERTEX_POINT ( 'NONE', #7399 ) ;
#103 = CARTESIAN_POINT ( 'NONE',  ( 12.26537268658037760, 15.69705246787808939, -22.68138828553306396 ) ) ;
#104 = CYLINDRICAL_SURFACE ( 'NONE', #691, 3.000000000000001332 ) ;
#105 = EDGE_CURVE ( 'NONE', #5573, #2132, #1298, .T. ) ;
#106 = CARTESIAN_POINT ( 'NONE',  ( 23.28325370891903745, -123.6640270959618277, 25.08174915276007155 ) ) ;
#107 = CARTESIAN_POINT ( 'NONE',  ( 7.399999999999999467, -48.31161856384360931, -8.838769400495159800 ) ) ;
#108 = CARTESIAN_POINT ( 'NONE',  ( 16.40627955121445680, -74.92468387605244118, 18.92529893462088708 ) ) ;
#109 = CARTESIAN_POINT ( 'NONE',  ( 21.04149594727444494, -59.56341763401245260, 4.223947894067615394 ) ) ;
#110 = EDGE_CURVE ( 'NONE', #3896, #8634, #796, .T. ) ;
#111 = CARTESIAN_POINT ( 'NONE',  ( 21.70467698807782142, -51.97333544824685703, -7.889076199081392460 ) ) ;
#112 = ADVANCED_FACE ( 'NONE', ( #6675 ), #5158, .F. ) ;
#113 = VERTEX_POINT ( 'NONE', #6724 ) ;
#114 = CARTESIAN_POINT ( 'NONE',  ( 12.40000000000000036, -64.84915466134815176, 21.62000213482803446 ) ) ;
#115 = CARTESIAN_POINT ( 'NONE',  ( 15.00000000000000000, -91.81850816857095765, 30.55335879174044678 ) ) ;
#116 = ORIENTED_EDGE ( 'NONE', *, *, #765, .T. ) ;
#117 = CARTESIAN_POINT ( 'NONE',  ( 19.49487842682503924, -13.96317405619970486, -21.97265955663150550 ) ) ;
#118 = CARTESIAN_POINT ( 'NONE',  ( -10.55000000000000071, 3.821973896550819205, -11.43743920351424137 ) ) ;
#119 = CARTESIAN_POINT ( 'NONE',  ( 20.99204033674545045, -52.08140958829910971, 20.69368810225219946 ) ) ;
#120 = FACE_OUTER_BOUND ( 'NONE', #1657, .T. ) ;
#121 = CARTESIAN_POINT ( 'NONE',  ( 23.44999999999999929, -34.71447329368038481, 6.121098262759037567 ) ) ;
#122 = CARTESIAN_POINT ( 'NONE',  ( 14.99999999999999822, -119.8324386568265538, 49.14002581033751227 ) ) ;
#123 = FACE_OUTER_BOUND ( 'NONE', #9090, .T. ) ;
#124 = ORIENTED_EDGE ( 'NONE', *, *, #3170, .T. ) ;
#125 = EDGE_CURVE ( 'NONE', #6200, #4055, #6046, .T. ) ;
#126 = EDGE_CURVE ( 'NONE', #1978, #8898, #5232, .T. ) ;
#127 = EDGE_LOOP ( 'NONE', ( #8795, #2002, #1802, #3943 ) ) ;
#128 = LINE ( 'NONE', #6049, #945 ) ;
#129 = ORIENTED_EDGE ( 'NONE', *, *, #1042, .F. ) ;
#130 = CARTESIAN_POINT ( 'NONE',  ( 16.34959937163315047, -78.06921719655088054, 13.10086517860693611 ) ) ;
#131 = ORIENTED_EDGE ( 'NONE', *, *, #8600, .F. ) ;
#132 = CARTESIAN_POINT ( 'NONE',  ( 7.399999999999999467, -48.80464589757340832, -3.203441189273091627 ) ) ;
#133 = CARTESIAN_POINT ( 'NONE',  ( 20.17056177404980843, -21.65314098503920448, -32.33024201043969015 ) ) ;
#134 = PLANE ( 'NONE',  #9537 ) ;
#135 = CARTESIAN_POINT ( 'NONE',  ( 6.092390563098081024, -79.43774856569402232, 2.701520232530514765 ) ) ;
#136 = CARTESIAN_POINT ( 'NONE',  ( 19.10033004134616164, 23.96050994109167576, -43.51599246390216535 ) ) ;
#137 = ORIENTED_EDGE ( 'NONE', *, *, #1676, .T. ) ;
#138 = DIRECTION ( 'NONE',  ( -0.000000000000000000, 0.1736481776669233090, 0.9848077530122093526 ) ) ;
#139 = ORIENTED_EDGE ( 'NONE', *, *, #7409, .T. ) ;
#140 = ORIENTED_EDGE ( 'NONE', *, *, #3875, .T. ) ;
#141 = CARTESIAN_POINT ( 'NONE',  ( 15.90334965187511429, 26.85118773466776787, -34.60840514385728284 ) ) ;
#142 = EDGE_CURVE ( 'NONE', #7203, #2209, #8506, .T. ) ;
#143 = CARTESIAN_POINT ( 'NONE',  ( 14.21337643428863906, -13.64419730285276522, -21.68279505367853943 ) ) ;
#144 = CARTESIAN_POINT ( 'NONE',  ( 12.44134817595972642, 15.55296238436874923, -22.18199003341872100 ) ) ;
#145 = CYLINDRICAL_SURFACE ( 'NONE', #936, 50.00000000000000000 ) ;
#146 = CARTESIAN_POINT ( 'NONE',  ( 11.96684170515585421, 16.82697074740551102, -45.16668424103311708 ) ) ;
#147 = B_SPLINE_CURVE_WITH_KNOTS ( 'NONE', 3,
 ( #4210, #6501, #1981, #2854, #7999, #4303, #5713, #8677, #7179, #5077, #8724, #9495, #2119, #5667, #715, #5123, #5761, #575, #5809, #2028, #1400, #7272, #4257, #3671, #7319 ),
 .UNSPECIFIED., .F., .F.,
 ( 4, 1, 1, 1, 1, 1, 1, 2, 2, 2, 2, 1, 1, 1, 2, 2, 4 ),
 ( 0.000000000000000000, 0.1250000000000491551, 0.1875000000000736355, 0.2187500000000889011, 0.2343750000000965616, 0.2421875000001002809, 0.2460937500001021683, 0.2480468750001061928, 0.2500000000001102451, 0.3750000000000079936, 0.4374999999999569789, 0.4687499999999287237, 0.4843749999999116818, 0.4921874999999057976, 0.4960937499999054645, 0.4999999999999051870, 1.000000000000000000 ),
 .UNSPECIFIED. ) ;
#148 = DIRECTION ( 'NONE',  ( -0.000000000000000000, -0.000000000000000000, -1.000000000000000000 ) ) ;
#149 = VERTEX_POINT ( 'NONE', #8312 ) ;
#150 = CARTESIAN_POINT ( 'NONE',  ( 13.32331054463751485, 14.77628585732840527, -21.03235429999040207 ) ) ;
#151 = CARTESIAN_POINT ( 'NONE',  ( 78.44999999999998863, -102.6166046680697406, 44.91963965419321170 ) ) ;
#152 = CARTESIAN_POINT ( 'NONE',  ( 6.550000000000000711, 4.342918429551586357, -8.483015944477601877 ) ) ;
#153 = CARTESIAN_POINT ( 'NONE',  ( 19.58613519126880220, -13.68244369660766679, -21.70613331663363965 ) ) ;
#154 = CARTESIAN_POINT ( 'NONE',  ( 15.92157515311525628, -75.56884972586983906, 25.49184430797165746 ) ) ;
#155 = CARTESIAN_POINT ( 'NONE',  ( 16.71736148387656584, -74.66181350713286236, 14.98967350509329677 ) ) ;
#156 = CARTESIAN_POINT ( 'NONE',  ( 0.000000000000000000, -57.75571069763257270, 22.84417749161863398 ) ) ;
#157 = AXIS2_PLACEMENT_3D ( 'NONE', #4998, #9231, #1132 ) ;
#158 = CARTESIAN_POINT ( 'NONE',  ( 22.63306085348309438, 13.48663614815320777, -19.00767794529165400 ) ) ;
#159 = ORIENTED_EDGE ( 'NONE', *, *, #3401, .F. ) ;
#160 = ORIENTED_EDGE ( 'NONE', *, *, #4733, .T. ) ;
#161 = CARTESIAN_POINT ( 'NONE',  ( 16.71348950443125503, -54.08286203236823297, -11.06376971632702855 ) ) ;
#162 = ORIENTED_EDGE ( 'NONE', *, *, #8603, .T. ) ;
#163 = CARTESIAN_POINT ( 'NONE',  ( 19.69393398877829782, -13.16553412831792258, -21.42392416285917278 ) ) ;
#164 = VECTOR ( 'NONE', #4885, 1000.000000000000114 ) ;
#165 = CARTESIAN_POINT ( 'NONE',  ( 17.84552477795709535, 26.66221165061519471, -45.29634816116374196 ) ) ;
#166 = AXIS2_PLACEMENT_3D ( 'NONE', #4788, #4837, #9311 ) ;
#167 = PLANE ( 'NONE',  #6147 ) ;
#168 = CARTESIAN_POINT ( 'NONE',  ( 5.999999999999998224, -42.11065726885905747, 1.738856025306405817 ) ) ;
#169 = LINE ( 'NONE', #7549, #7646 ) ;
#170 = ADVANCED_FACE ( 'NONE', ( #3326 ), #5778, .F. ) ;
#171 = CARTESIAN_POINT ( 'NONE',  ( 12.40000000000000036, -69.02821919591447397, 13.76615170645137809 ) ) ;
#172 = CARTESIAN_POINT ( 'NONE',  ( 15.00000000000000000, -115.7360491296796567, 34.41839629057731997 ) ) ;
#173 = CARTESIAN_POINT ( 'NONE',  ( 20.92544407819964292, -54.58261497574016374, 15.93658372560640224 ) ) ;
#174 = VECTOR ( 'NONE', #1753, 1000.000000000000000 ) ;
#175 = EDGE_CURVE ( 'NONE', #2725, #6229, #7644, .T. ) ;
#176 = ORIENTED_EDGE ( 'NONE', *, *, #3346, .T. ) ;
#177 = CARTESIAN_POINT ( 'NONE',  ( 18.77952124306501247, -20.57279008854559521, -43.54662542183100271 ) ) ;
#178 = EDGE_LOOP ( 'NONE', ( #7472, #1696, #4992, #8247 ) ) ;
#179 = CARTESIAN_POINT ( 'NONE',  ( 16.65040878095678067, -76.19565819751316837, 12.65145980097417677 ) ) ;
#180 = ORIENTED_EDGE ( 'NONE', *, *, #8300, .F. ) ;
#181 = CARTESIAN_POINT ( 'NONE',  ( 15.00000000000000000, -118.5407681346147655, 17.72030871934538254 ) ) ;
#182 = CARTESIAN_POINT ( 'NONE',  ( 21.88395834444109767, -33.20492354978771488, -16.71235256552393977 ) ) ;
#183 = CARTESIAN_POINT ( 'NONE',  ( 12.33456095222643256, -14.56575188430219292, -22.44684832882186498 ) ) ;
#184 = CARTESIAN_POINT ( 'NONE',  ( 41.21423633095623984, -48.42838073599382653, -8.489342606638979660 ) ) ;
#185 = CARTESIAN_POINT ( 'NONE',  ( -3.000000000000000444, 39.70944533907579910, -17.96845401061278125 ) ) ;
#186 = CARTESIAN_POINT ( 'NONE',  ( 20.05921122909813903, 32.67149667567925064, -15.93465358846286506 ) ) ;
#187 = B_SPLINE_CURVE_WITH_KNOTS ( 'NONE', 3,
 ( #5589, #1136, #1237, #2587, #456, #1950, #9132, #4761, #5636, #357, #7013, #8497, #4087, #1189 ),
 .UNSPECIFIED., .F., .F.,
 ( 4, 2, 2, 2, 2, 2, 4 ),
 ( 0.01315759272186301301, 0.01470541444644556800, 0.01625323617102812299, 0.01780105789561067797, 0.01934887962019323643, 0.02244452306935834987, 0.02554016651852346331 ),
 .UNSPECIFIED. ) ;
#188 = AXIS2_PLACEMENT_3D ( 'NONE', #1205, #7120, #5017 ) ;
#189 = ORIENTED_EDGE ( 'NONE', *, *, #105, .F. ) ;
#190 = CARTESIAN_POINT ( 'NONE',  ( 16.13301656481101887, -79.56730169770409589, 13.42871031883971078 ) ) ;
#191 = ORIENTED_EDGE ( 'NONE', *, *, #7177, .F. ) ;
#192 = EDGE_LOOP ( 'NONE', ( #1183, #330, #677, #3737 ) ) ;
#193 = DIRECTION ( 'NONE',  ( -0.000000000000000000, -0.9396926207859082059, 0.3420201433256692125 ) ) ;
#194 = DIRECTION ( 'NONE',  ( 0.000000000000000000, 0.9396926207859077618, -0.3420201433256705448 ) ) ;
#195 = CARTESIAN_POINT ( 'NONE',  ( 16.46326602082068291, -71.87536317739140657, 24.54575570771743998 ) ) ;
#196 = EDGE_CURVE ( 'NONE', #7271, #2132, #3123, .T. ) ;
#197 = LINE ( 'NONE', #1511, #1098 ) ;
#198 = CARTESIAN_POINT ( 'NONE',  ( 15.00000000000000000, -126.0011107401503523, 36.27275019911331100 ) ) ;
#199 = EDGE_CURVE ( 'NONE', #3271, #2326, #8875, .T. ) ;
#200 = CARTESIAN_POINT ( 'NONE',  ( 4.934465383814659489, -90.38772566152134402, 40.46869169736481808 ) ) ;
#201 = AXIS2_PLACEMENT_3D ( 'NONE', #7599, #5404, #6875 ) ;
#202 = VECTOR ( 'NONE', #6086, 1000.000000000000000 ) ;
#203 = ORIENTED_EDGE ( 'NONE', *, *, #3130, .F. ) ;
#204 = CARTESIAN_POINT ( 'NONE',  ( 14.17129007996162038, 13.93260466442319334, -20.49786697894404242 ) ) ;
#205 = DIRECTION ( 'NONE',  ( 0.000000000000000000, -0.6427876096865350330, -0.7660444431189816772 ) ) ;
#206 = CARTESIAN_POINT ( 'NONE',  ( 19.49398867747666486, -13.96923764538579782, -21.97469517754138479 ) ) ;
#207 = LINE ( 'NONE', #5340, #42 ) ;
#208 = CARTESIAN_POINT ( 'NONE',  ( 4.400000000000000355, -134.4905311952502132, 33.49182103046094738 ) ) ;
#209 = CARTESIAN_POINT ( 'NONE',  ( 12.67335791100572351, -61.71939882608343453, -5.159668205671016139 ) ) ;
#210 = VECTOR ( 'NONE', #4657, 1000.000000000000000 ) ;
#211 = VECTOR ( 'NONE', #2247, 1000.000000000000000 ) ;
#212 = CARTESIAN_POINT ( 'NONE',  ( 5.999999999999998224, -80.69594337995211220, 4.236506883837865445 ) ) ;
#213 = VERTEX_POINT ( 'NONE', #7021 ) ;
#214 = VERTEX_POINT ( 'NONE', #1770 ) ;
#215 = EDGE_LOOP ( 'NONE', ( #1046, #3225, #7512, #9310 ) ) ;
#216 = CARTESIAN_POINT ( 'NONE',  ( 19.22263986313321737, -14.40914210511416371, -22.83686304680419354 ) ) ;
#217 = FACE_OUTER_BOUND ( 'NONE', #9116, .T. ) ;
#218 = VECTOR ( 'NONE', #9546, 1000.000000000000000 ) ;
#219 = CARTESIAN_POINT ( 'NONE',  ( 0.4221007439692400220, -58.16429889632825478, 22.35724103793143769 ) ) ;
#220 = CARTESIAN_POINT ( 'NONE',  ( 0.000000000000000000, -123.6640270959618277, 25.08174915276007155 ) ) ;
#221 = CARTESIAN_POINT ( 'NONE',  ( -3.184081677783118191E-15, 0.5375364957382012809, -44.29634816116370644 ) ) ;
#222 = DIRECTION ( 'NONE',  ( 1.000000000000000000, 0.000000000000000000, 0.000000000000000000 ) ) ;
#223 = CARTESIAN_POINT ( 'NONE',  ( 12.11197327405231050, -14.74484234342164513, -43.65795808546948820 ) ) ;
#224 = CARTESIAN_POINT ( 'NONE',  ( 14.90831749057574385, -13.07480020944045052, -21.29634816116374907 ) ) ;
#225 = EDGE_LOOP ( 'NONE', ( #5773, #2715, #1857, #5640 ) ) ;
#226 = CARTESIAN_POINT ( 'NONE',  ( 12.32619344270930561, 16.29818159885614648, -44.86608289196097843 ) ) ;
#227 = ORIENTED_EDGE ( 'NONE', *, *, #7777, .T. ) ;
#228 = CARTESIAN_POINT ( 'NONE',  ( 18.47328985059918693, -67.91224784072790044, 9.521459098775556740 ) ) ;
#229 = CARTESIAN_POINT ( 'NONE',  ( 15.85086760509275550, 13.53753649573836704, -21.29634816116374907 ) ) ;
#230 = CARTESIAN_POINT ( 'NONE',  ( 7.399999999999999467, -48.31161856384360931, -8.838769400495159800 ) ) ;
#231 = DIRECTION ( 'NONE',  ( 0.000000000000000000, -0.9848077530122093526, 0.1736481776669230037 ) ) ;
#232 = CARTESIAN_POINT ( 'NONE',  ( 15.47399955415469641, -12.76043421710478931, -21.31766673916837007 ) ) ;
#233 = EDGE_CURVE ( 'NONE', #1586, #1078, #5352, .T. ) ;
#234 = CIRCLE ( 'NONE', #6417, 6.000000000000000000 ) ;
#235 = CARTESIAN_POINT ( 'NONE',  ( 14.64043521277806548, -42.29982359722304608, -19.25900196477695303 ) ) ;
#236 = CARTESIAN_POINT ( 'NONE',  ( 22.15604006939100401, -55.12860898311316049, -10.68999753207475045 ) ) ;
#237 = CARTESIAN_POINT ( 'NONE',  ( 17.59798156948334835, 17.53753649573836881, -45.29634816116374196 ) ) ;
#238 = EDGE_CURVE ( 'NONE', #7594, #5960, #6924, .T. ) ;
#239 = ORIENTED_EDGE ( 'NONE', *, *, #8794, .F. ) ;
#240 = CARTESIAN_POINT ( 'NONE',  ( 16.24173889606021248, 24.13005304673215079, -45.29634816116374196 ) ) ;
#241 = ORIENTED_EDGE ( 'NONE', *, *, #2948, .F. ) ;
#242 = VERTEX_POINT ( 'NONE', #7692 ) ;
#243 = CARTESIAN_POINT ( 'NONE',  ( 10.20039367485234649, -67.52073825714730049, -1.185829729305287517 ) ) ;
#244 = CARTESIAN_POINT ( 'NONE',  ( 0.000000000000000000, -46.97192716422416936, 5.310361325380401176 ) ) ;
#245 = CARTESIAN_POINT ( 'NONE',  ( 12.19083461222129472, 15.75704869086030158, -23.29634816116374907 ) ) ;
#246 = DIRECTION ( 'NONE',  ( 0.000000000000000000, 0.000000000000000000, -1.000000000000000000 ) ) ;
#247 = CARTESIAN_POINT ( 'NONE',  ( 11.60494623784883395, 17.33594753915444997, -45.28880826266316717 ) ) ;
#248 = AXIS2_PLACEMENT_3D ( 'NONE', #8889, #8838, #4514 ) ;
#249 = EDGE_CURVE ( 'NONE', #9171, #537, #4689, .T. ) ;
#250 = CARTESIAN_POINT ( 'NONE',  ( 3.171510059732967068, -100.8392910601042729, 44.45673191537909474 ) ) ;
#251 = ORIENTED_EDGE ( 'NONE', *, *, #9588, .F. ) ;
#252 = ADVANCED_FACE ( 'NONE', ( #4622 ), #7596, .T. ) ;
#253 = ORIENTED_EDGE ( 'NONE', *, *, #1447, .T. ) ;
#254 = CARTESIAN_POINT ( 'NONE',  ( 13.28480771056362109, 15.27963025806919717, -22.31116282529315242 ) ) ;
#255 = CARTESIAN_POINT ( 'NONE',  ( 23.44999999999999929, 26.53753649573820539, -43.29634816116374196 ) ) ;
#256 = DIRECTION ( 'NONE',  ( 1.000000000000000000, 0.000000000000000000, 0.000000000000000000 ) ) ;
#257 = DIRECTION ( 'NONE',  ( 0.000000000000000000, 0.000000000000000000, -1.000000000000000000 ) ) ;
#258 = CARTESIAN_POINT ( 'NONE',  ( 5.190504098575350334, -89.12630296778729644, 39.84728828897865327 ) ) ;
#259 = CIRCLE ( 'NONE', #5681, 2.000000000000000000 ) ;
#260 = DIRECTION ( 'NONE',  ( -0.000000000000000000, 0.4246765432456733325, 0.9053451461276553758 ) ) ;
#261 = VERTEX_POINT ( 'NONE', #2396 ) ;
#262 = ORIENTED_EDGE ( 'NONE', *, *, #6337, .F. ) ;
#263 = VERTEX_POINT ( 'NONE', #6871 ) ;
#264 = CARTESIAN_POINT ( 'NONE',  ( 12.98772738812408178, -14.00808685051663893, -21.35837812449723216 ) ) ;
#265 = CARTESIAN_POINT ( 'NONE',  ( 3.778009155127791008, 32.78635532735033564, -16.55204819034724295 ) ) ;
#266 = CARTESIAN_POINT ( 'NONE',  ( 0.000000000000000000, -0.1910129954336154956, -1.083288528313429699 ) ) ;
#267 = EDGE_CURVE ( 'NONE', #8403, #7569, #7794, .T. ) ;
#268 = CARTESIAN_POINT ( 'NONE',  ( 22.11783532216682246, -37.92025116928894590, 8.811065295818428567 ) ) ;
#269 = CARTESIAN_POINT ( 'NONE',  ( 22.25259325239151309, -54.48809238194205307, 0.07422912644037285568 ) ) ;
#270 = VECTOR ( 'NONE', #5954, 1000.000000000000000 ) ;
#271 = CARTESIAN_POINT ( 'NONE',  ( 15.50900343211416121, 24.45738106718162541, -45.29634816116374196 ) ) ;
#272 = AXIS2_PLACEMENT_3D ( 'NONE', #2473, #6954, #9073 ) ;
#273 = CARTESIAN_POINT ( 'NONE',  ( 11.67581325786932922, -15.08061944362570905, -44.11086164166970036 ) ) ;
#274 = CARTESIAN_POINT ( 'NONE',  ( 0.000000000000000000, 32.26483186922731505, -11.37554941312703427 ) ) ;
#275 = ORIENTED_EDGE ( 'NONE', *, *, #8657, .T. ) ;
#276 = CARTESIAN_POINT ( 'NONE',  ( 12.40000000000000036, -39.23241120174885310, 6.648580071770402888 ) ) ;
#277 = VERTEX_POINT ( 'NONE', #3898 ) ;
#278 = FACE_OUTER_BOUND ( 'NONE', #1035, .T. ) ;
#279 = ORIENTED_EDGE ( 'NONE', *, *, #4424, .F. ) ;
#280 = CARTESIAN_POINT ( 'NONE',  ( 13.83933903921705877, 14.67642942967008857, -21.29634816116374907 ) ) ;
#281 = CARTESIAN_POINT ( 'NONE',  ( 14.99999999999999645, -114.5167597744257932, 34.24763595574992081 ) ) ;
#282 = CARTESIAN_POINT ( 'NONE',  ( 13.10838449769029879, -14.30345337972058672, -22.51108648015657110 ) ) ;
#283 = CARTESIAN_POINT ( 'NONE',  ( 14.09780191659383419, -52.78228810269453675, -12.65530069856900042 ) ) ;
#284 = CARTESIAN_POINT ( 'NONE',  ( 14.34815625164969433, -58.32377722248666174, -8.008933040866613950 ) ) ;
#285 = CARTESIAN_POINT ( 'NONE',  ( 16.18956946295510946, -76.41149252295538474, 19.20502275508217238 ) ) ;
#286 = EDGE_CURVE ( 'NONE', #3945, #1978, #9190, .T. ) ;
#287 = VERTEX_POINT ( 'NONE', #7791 ) ;
#288 = FACE_OUTER_BOUND ( 'NONE', #7998, .T. ) ;
#289 = ORIENTED_EDGE ( 'NONE', *, *, #4724, .T. ) ;
#290 = LINE ( 'NONE', #2519, #2393 ) ;
#291 = ORIENTED_EDGE ( 'NONE', *, *, #915, .F. ) ;
#292 = CARTESIAN_POINT ( 'NONE',  ( 12.22640522998820778, -15.37236233595154644, -44.97341631506600379 ) ) ;
#293 = CARTESIAN_POINT ( 'NONE',  ( 14.68428658858743674, -13.33219955707260063, -21.49535935170368361 ) ) ;
#294 = CARTESIAN_POINT ( 'NONE',  ( 14.59561569588435859, 26.53753649573820184, -44.17926743284184710 ) ) ;
#295 = EDGE_CURVE ( 'NONE', #2355, #1159, #957, .T. ) ;
#296 = FACE_OUTER_BOUND ( 'NONE', #6403, .T. ) ;
#297 = ADVANCED_FACE ( 'NONE', ( #217 ), #5401, .F. ) ;
#298 = DIRECTION ( 'NONE',  ( -1.000000000000000000, 0.000000000000000000, 0.000000000000000000 ) ) ;
#299 = EDGE_CURVE ( 'NONE', #5095, #1487, #2545, .T. ) ;
#300 = EDGE_LOOP ( 'NONE', ( #6686, #2116, #9406, #3173, #7687, #4534 ) ) ;
#301 = ORIENTED_EDGE ( 'NONE', *, *, #3714, .T. ) ;
#302 = CARTESIAN_POINT ( 'NONE',  ( 14.00655723923288321, 14.85016425343487612, -21.78701892038229104 ) ) ;
#303 = CARTESIAN_POINT ( 'NONE',  ( 2.602201117097362904, -105.6397807107122162, 13.24208875171514421 ) ) ;
#304 = DIRECTION ( 'NONE',  ( 1.000000000000000000, 0.000000000000000000, -0.000000000000000000 ) ) ;
#305 = EDGE_CURVE ( 'NONE', #6452, #5313, #5550, .T. ) ;
#306 = LINE ( 'NONE', #7684, #4960 ) ;
#307 = CARTESIAN_POINT ( 'NONE',  ( 20.92029423318590275, -63.82511057037152824, -3.450822366008791775 ) ) ;
#308 = B_SPLINE_CURVE_WITH_KNOTS ( 'NONE', 3,
 ( #8230, #6741, #6644, #8820 ),
 .UNSPECIFIED., .F., .F.,
 ( 4, 4 ),
 ( 0.000000000000000000, 1.000000000000000000 ),
 .UNSPECIFIED. ) ;
#309 = FACE_OUTER_BOUND ( 'NONE', #5499, .T. ) ;
#310 = ORIENTED_EDGE ( 'NONE', *, *, #2093, .T. ) ;
#311 = ORIENTED_EDGE ( 'NONE', *, *, #7859, .F. ) ;
#312 = ORIENTED_EDGE ( 'NONE', *, *, #815, .F. ) ;
#313 = CARTESIAN_POINT ( 'NONE',  ( 19.23103325855857548, -14.40226275941117962, -22.80898352580822674 ) ) ;
#314 = CARTESIAN_POINT ( 'NONE',  ( 2.999999999999999112, 32.73954237941581624, -16.73947206590499803 ) ) ;
#315 = DIRECTION ( 'NONE',  ( -1.000000000000000000, -0.000000000000000000, -0.000000000000000000 ) ) ;
#316 = DIRECTION ( 'NONE',  ( -0.000000000000000000, 0.3420201433256692680, 0.9396926207859083169 ) ) ;
#317 = PRESENTATION_LAYER_ASSIGNMENT (  '', '', ( #3876 ) ) ;
#318 = CARTESIAN_POINT ( 'NONE',  ( 14.99999999999999289, -100.5187668141803812, 10.47024997053879147 ) ) ;
#319 = DIRECTION ( 'NONE',  ( -0.000000000000000000, 0.7617614198329730746, 0.6478576535428541838 ) ) ;
#320 = EDGE_CURVE ( 'NONE', #277, #7430, #8009, .T. ) ;
#321 = CARTESIAN_POINT ( 'NONE',  ( 1.249899900653364426, -118.0308317892331189, 48.69836979253257425 ) ) ;
#322 = CARTESIAN_POINT ( 'NONE',  ( 20.59359425620422002, -55.70664952076318599, 16.80766163756576503 ) ) ;
#323 = ADVANCED_FACE ( 'NONE', ( #4769 ), #1335, .T. ) ;
#324 = AXIS2_PLACEMENT_3D ( 'NONE', #1030, #2525, #6955 ) ;
#325 = VECTOR ( 'NONE', #941, 1000.000000000000114 ) ;
#326 = VERTEX_POINT ( 'NONE', #8655 ) ;
#327 = CARTESIAN_POINT ( 'NONE',  ( -23.44999999999999218, -34.90548628911400897, 5.037809734445605869 ) ) ;
#328 = VERTEX_POINT ( 'NONE', #7249 ) ;
#329 = CARTESIAN_POINT ( 'NONE',  ( 18.07572067446823638, -69.41115475721900907, 10.24665569431291523 ) ) ;
#330 = ORIENTED_EDGE ( 'NONE', *, *, #5225, .T. ) ;
#331 = CARTESIAN_POINT ( 'NONE',  ( 15.14065742786237756, 14.01904465464743943, -21.29634816116374907 ) ) ;
#332 = LINE ( 'NONE', #1973, #9037 ) ;
#333 = CARTESIAN_POINT ( 'NONE',  ( 16.03043454658952172, -12.31440831149979154, -21.30183577466519651 ) ) ;
#334 = CARTESIAN_POINT ( 'NONE',  ( 14.96148351789105391, -38.50028961305258690, -20.85005250131363397 ) ) ;
#335 = CARTESIAN_POINT ( 'NONE',  ( 22.09721064631058240, -54.42504464399421238, -11.28035810953901397 ) ) ;
#336 = VECTOR ( 'NONE', #9024, 1000.000000000000114 ) ;
#337 = CARTESIAN_POINT ( 'NONE',  ( 16.05581217521522674, -78.44063041270324277, 17.16755010591547048 ) ) ;
#338 = B_SPLINE_CURVE_WITH_KNOTS ( 'NONE', 3,
 ( #5135, #2956, #5916, #823, #3779, #4362, #5873, #6751, #636, #1371, #775, #4317, #3731, #3590, #7333, #9560, #3641, #2915, #2180, #7723, #6852, #2319, #3252, #7525, #1750 ),
 .UNSPECIFIED., .F., .F.,
 ( 4, 1, 1, 1, 1, 1, 1, 1, 2, 2, 1, 1, 1, 1, 1, 1, 2, 2, 4 ),
 ( 0.000000000000000000, 0.2499999999999533151, 0.3749999999999286682, 0.4374999999999159561, 0.4687499999999110156, 0.4843749999999085731, 0.4921874999999084066, 0.4960937499999101830, 0.4980468749999110711, 0.4999999999999119593, 0.6249999999999075184, 0.6874999999999040767, 0.7187499999999023004, 0.7343749999999010791, 0.7421874999998994138, 0.7460937499998988587, 0.7480468749998990807, 0.7499999999998991917, 1.000000000000000000 ),
 .UNSPECIFIED. ) ;
#339 = VERTEX_POINT ( 'NONE', #6341 ) ;
#340 = CARTESIAN_POINT ( 'NONE',  ( 16.72826934917091535, 23.77765871666472108, -45.29634816116374196 ) ) ;
#341 = ORIENTED_EDGE ( 'NONE', *, *, #5177, .F. ) ;
#342 = CARTESIAN_POINT ( 'NONE',  ( -12.75000000000000000, -119.6812179729371479, 30.17681848394211741 ) ) ;
#343 = CARTESIAN_POINT ( 'NONE',  ( 12.02004049839233879, -15.67504815909246574, -45.13502263850914886 ) ) ;
#344 = CARTESIAN_POINT ( 'NONE',  ( 15.33001005708571540, -12.86937257515515043, -21.33809070141786179 ) ) ;
#345 = PLANE ( 'NONE',  #1215 ) ;
#346 = CARTESIAN_POINT ( 'NONE',  ( 0.000000000000000000, -76.10435538319671878, 16.87016425251036722 ) ) ;
#347 = CARTESIAN_POINT ( 'NONE',  ( 15.00000000000000000, -123.7899015295618028, 35.82288474055284411 ) ) ;
#348 = ORIENTED_EDGE ( 'NONE', *, *, #4915, .T. ) ;
#349 = CARTESIAN_POINT ( 'NONE',  ( 0.000000000000000000, -33.09618205133632785, -20.57524223733080859 ) ) ;
#350 = ORIENTED_EDGE ( 'NONE', *, *, #4436, .F. ) ;
#351 = CARTESIAN_POINT ( 'NONE',  ( 14.99999999999999467, -92.09851064108653418, 41.31146043983191873 ) ) ;
#352 = B_SPLINE_SURFACE_WITH_KNOTS ( 'NONE', 1, 3, ( 
 ( #8184, #9157, #7613, #8475, #5564, #3141, #6987, #382, #6257, #7708, #960, #6104, #4062, #7036, #9060, #4735, #8328, #7661, #8424, #1016, #2463, #6207, #5466, #1828, #6838, #6156, #6308, #2411, #4682, #183, #1064, #2510, #1786, #3913, #6892, #3292, #4010, #4832 ),
 ( #333, #1737, #3342, #232, #3240, #9259, #9208, #2563, #5517, #4783, #5417, #1877, #7757, #4637, #1111, #5368, #2611, #1688, #8523, #3191, #9112, #914, #8375, #3961, #3864, #6940, #282, #6398, #431, #3520, #4202, #1350, #611, #1214, #2112, #6445, #3430, #1927 ),
 ( #4159, #8765, #5801, #9350, #7946, #2020, #1165, #2707, #3567, #3478, #3387, #4296, #7810, #7858, #4976, #4110, #5707, #9442, #7129, #9397, #7083, #475, #7219, #567, #5661, #8625, #7170, #6492, #6355, #2657, #2754, #1257, #8670, #4882, #5754, #2846, #9303, #4250 ) ),
 .UNSPECIFIED., .F., .F., .F.,
 ( 2, 1, 2 ),
 ( 4, 2, 2, 2, 2, 2, 2, 2, 2, 2, 2, 2, 2, 2, 2, 2, 2, 2, 4 ),
 ( 0.000000000000000000, 1.000000000000000000, 1.010000000000000009 ),
 ( 0.000000000000000000, 0.0007472589336809077557, 0.001120888400521361742, 0.001494517867361815511, 0.001681332600782042396, 0.001868147334202269498, 0.002241776801042723484, 0.002989035734723631023, 0.003175850468143857908, 0.003362665201564084792, 0.003736294668404538995, 0.004109924135244993199, 0.004483553602085446968, 0.004857183068925900737, 0.005043997802346127622, 0.005230812535766354507, 0.005417627269186581392, 0.005604442002606808276, 0.005978071469447262046 ),
 .UNSPECIFIED. ) ;
#353 = CARTESIAN_POINT ( 'NONE',  ( 9.516231763884833939, -139.2835215416867243, 33.33411786268824528 ) ) ;
#354 = CARTESIAN_POINT ( 'NONE',  ( 2.980203416897353463, -101.5858724769641555, 11.11084361770223694 ) ) ;
#355 = CARTESIAN_POINT ( 'NONE',  ( 19.24024914908697070, -14.39849665884793239, -22.77778230631269452 ) ) ;
#356 = EDGE_CURVE ( 'NONE', #9152, #6113, #413, .T. ) ;
#357 = CARTESIAN_POINT ( 'NONE',  ( 6.829110724924002618, -55.62608260928016790, 23.46431170772765284 ) ) ;
#358 = CARTESIAN_POINT ( 'NONE',  ( 22.72161866254801055, -22.82182225824879751, -11.90357600088132095 ) ) ;
#359 = VECTOR ( 'NONE', #1615, 1000.000000000000000 ) ;
#360 = ORIENTED_EDGE ( 'NONE', *, *, #3434, .T. ) ;
#361 = ORIENTED_EDGE ( 'NONE', *, *, #3095, .F. ) ;
#362 = ORIENTED_EDGE ( 'NONE', *, *, #2687, .F. ) ;
#363 = CARTESIAN_POINT ( 'NONE',  ( 12.32507634061044932, -14.57348315748165213, -22.47554974626336488 ) ) ;
#364 = CARTESIAN_POINT ( 'NONE',  ( 3.630511399301522335, 32.76893432135192796, -16.62210451830644686 ) ) ;
#365 = CARTESIAN_POINT ( 'NONE',  ( 0.000000000000000000, -31.50781046928428353, -8.964923461182939590 ) ) ;
#366 = VECTOR ( 'NONE', #9377, 1000.000000000000000 ) ;
#367 = CARTESIAN_POINT ( 'NONE',  ( 17.53068050820106549, 30.22642330811765277, -23.77596164592430483 ) ) ;
#368 = CARTESIAN_POINT ( 'NONE',  ( -5.999999999999998224, -78.21670427218461441, 10.78275569109506016 ) ) ;
#369 = DIRECTION ( 'NONE',  ( 1.000000000000000000, -0.000000000000000000, -0.000000000000000000 ) ) ;
#370 = VECTOR ( 'NONE', #21, 1000.000000000000000 ) ;
#371 = CARTESIAN_POINT ( 'NONE',  ( 1.677071834374811887, -112.5639179698588492, 47.35817985951863562 ) ) ;
#372 = CARTESIAN_POINT ( 'NONE',  ( 15.22329424277395304, -12.89512633649136042, -21.29634816116374907 ) ) ;
#373 = CIRCLE ( 'NONE', #7500, 11.15470053837926478 ) ;
#374 = ORIENTED_EDGE ( 'NONE', *, *, #3664, .F. ) ;
#375 = CARTESIAN_POINT ( 'NONE',  ( 11.90494172031328546, 16.91551677918407037, -45.19717492945467541 ) ) ;
#376 = ORIENTED_EDGE ( 'NONE', *, *, #1692, .T. ) ;
#377 = DIRECTION ( 'NONE',  ( 0.000000000000000000, 0.9712417126392506317, -0.2380956438693812849 ) ) ;
#378 = EDGE_CURVE ( 'NONE', #2458, #3258, #5009, .T. ) ;
#379 = CARTESIAN_POINT ( 'NONE',  ( 15.46651503618410928, 13.84090220608702637, -21.31937427461841494 ) ) ;
#380 = CARTESIAN_POINT ( 'NONE',  ( 3.089670827592271518, -100.5187668141805517, 10.47024997053888917 ) ) ;
#381 = CARTESIAN_POINT ( 'NONE',  ( 14.99999999999999822, -114.3896927359173503, 34.22990058800827029 ) ) ;
#382 = CARTESIAN_POINT ( 'NONE',  ( 14.28985504348059443, -12.73097658899534146, -20.44999541172001756 ) ) ;
#383 = EDGE_CURVE ( 'NONE', #7780, #277, #8026, .T. ) ;
#384 = CARTESIAN_POINT ( 'NONE',  ( 21.33988387402061804, -41.73679847836159240, -19.52048308620652151 ) ) ;
#385 = DIRECTION ( 'NONE',  ( 1.000000000000000000, -0.000000000000000000, -0.000000000000000000 ) ) ;
#386 = VECTOR ( 'NONE', #5659, 1000.000000000000000 ) ;
#387 = CARTESIAN_POINT ( 'NONE',  ( 16.15487412245374799, -76.71157200345035676, 19.14550717737658303 ) ) ;
#388 = ORIENTED_EDGE ( 'NONE', *, *, #3352, .F. ) ;
#389 = CARTESIAN_POINT ( 'NONE',  ( 14.99999999999805489, -123.8430292689904348, 18.66892793407111384 ) ) ;
#390 = ORIENTED_EDGE ( 'NONE', *, *, #1985, .T. ) ;
#391 = CARTESIAN_POINT ( 'NONE',  ( 14.24999999999999822, 30.63728543497760270, -13.11942228818445599 ) ) ;
#393 = VECTOR ( 'NONE', #7881, 1000.000000000000000 ) ;
#392 = CARTESIAN_POINT ( 'NONE',  ( 6.958557708160505229, -76.41981920692614949, 2.149393684073364064 ) ) ;
#394 = CARTESIAN_POINT ( 'NONE',  ( 17.65479638729886247, 18.08847022924864945, -45.29634816116374196 ) ) ;
#395 = CARTESIAN_POINT ( 'NONE',  ( 12.17176460170226626, -14.69723267989311211, -43.47608226963042455 ) ) ;
#396 = CARTESIAN_POINT ( 'NONE',  ( 23.44999999999999929, -34.71447329368038481, 6.121098262759037567 ) ) ;
#397 = CARTESIAN_POINT ( 'NONE',  ( 0.000000000000000000, -32.28376223969119962, -11.23648032529736263 ) ) ;
#398 = ORIENTED_EDGE ( 'NONE', *, *, #7461, .T. ) ;
#399 = PLANE ( 'NONE',  #3114 ) ;
#400 = ORIENTED_EDGE ( 'NONE', *, *, #356, .F. ) ;
#401 = CARTESIAN_POINT ( 'NONE',  ( 16.56910688456716230, -54.10018844555023776, -11.10474012981188707 ) ) ;
#402 = FACE_OUTER_BOUND ( 'NONE', #7702, .T. ) ;
#403 = DIRECTION ( 'NONE',  ( -1.000000000000000000, 0.000000000000000000, 0.000000000000000000 ) ) ;
#404 = CARTESIAN_POINT ( 'NONE',  ( 0.000000000000000000, -60.96200874009102222, 17.04943361583019623 ) ) ;
#405 = DIRECTION ( 'NONE',  ( 0.000000000000000000, 0.7660444431189817882, -0.6427876096865348110 ) ) ;
#406 = CARTESIAN_POINT ( 'NONE',  ( 0.000000000000000000, -120.1551743427748278, 25.15754204548965589 ) ) ;
#407 = CARTESIAN_POINT ( 'NONE',  ( 17.59798156948334835, 17.53753649573836881, -45.29634816116374196 ) ) ;
#408 = EDGE_LOOP ( 'NONE', ( #8165, #7962, #2651, #7066, #3869 ) ) ;
#409 = AXIS2_PLACEMENT_3D ( 'NONE', #5504, #3900, #1773 ) ;
#410 = VERTEX_POINT ( 'NONE', #3550 ) ;
#411 = EDGE_CURVE ( 'NONE', #8324, #759, #5880, .T. ) ;
#412 = EDGE_LOOP ( 'NONE', ( #5250, #2770, #376, #1906 ) ) ;
#413 = LINE ( 'NONE', #8608, #879 ) ;
#414 = CIRCLE ( 'NONE', #1807, 7.000000000000000000 ) ;
#415 = CARTESIAN_POINT ( 'NONE',  ( 19.88669774594865558, 18.06397657989736416, -41.58344998772472678 ) ) ;
#416 = LINE ( 'NONE', #463, #2731 ) ;
#417 = DIRECTION ( 'NONE',  ( 0.000000000000000000, 0.9848077530122090195, -0.1736481776669252519 ) ) ;
#418 = EDGE_CURVE ( 'NONE', #7203, #6745, #7095, .T. ) ;
#419 = CARTESIAN_POINT ( 'NONE',  ( 15.18212793918641523, -83.57877855822182767, 28.05270012771174493 ) ) ;
#420 = CARTESIAN_POINT ( 'NONE',  ( 22.39247575346345442, -42.60030094408384116, -11.02500184914608994 ) ) ;
#421 = EDGE_CURVE ( 'NONE', #3493, #328, #446, .T. ) ;
#422 = CARTESIAN_POINT ( 'NONE',  ( 16.67320205976356817, -70.60472394610748381, 24.25147689707183218 ) ) ;
#423 = ORIENTED_EDGE ( 'NONE', *, *, #1499, .F. ) ;
#424 = CARTESIAN_POINT ( 'NONE',  ( 11.53817698329626928, 17.42736906995076396, -45.29634816116374196 ) ) ;
#425 = VECTOR ( 'NONE', #8978, 1000.000000000000000 ) ;
#426 = CARTESIAN_POINT ( 'NONE',  ( 1.000000000033595793, -135.9566462336888719, 22.00572451350948811 ) ) ;
#427 = ORIENTED_EDGE ( 'NONE', *, *, #6233, .T. ) ;
#428 = CIRCLE ( 'NONE', #722, 60.00000000000000000 ) ;
#429 = CARTESIAN_POINT ( 'NONE',  ( 13.58577856924496174, 14.79138406739638079, -21.29634816116374552 ) ) ;
#430 = CARTESIAN_POINT ( 'NONE',  ( 14.99999999999999467, -120.8816269805928698, 35.23120292844905777 ) ) ;
#431 = CARTESIAN_POINT ( 'NONE',  ( 13.01055518142983303, -14.35728331270658842, -22.65509845845604175 ) ) ;
#432 = AXIS2_PLACEMENT_3D ( 'NONE', #1996, #4951, #1282 ) ;
#433 = CARTESIAN_POINT ( 'NONE',  ( 10.55000000000000071, 11.23657270063705305, -9.698553188146064485 ) ) ;
#434 = EDGE_CURVE ( 'NONE', #4729, #4300, #7157, .T. ) ;
#435 = PLANE ( 'NONE',  #7761 ) ;
#436 = CARTESIAN_POINT ( 'NONE',  ( 16.11656297364780599, -78.37594991018806923, 16.24884893968631516 ) ) ;
#437 = B_SPLINE_CURVE_WITH_KNOTS ( 'NONE', 3,
 ( #6472, #5001, #7287, #4275 ),
 .UNSPECIFIED., .F., .F.,
 ( 4, 4 ),
 ( 0.000000000000000000, 1.000000000000000000 ),
 .UNSPECIFIED. ) ;
#438 = ORIENTED_EDGE ( 'NONE', *, *, #3982, .F. ) ;
#439 = CARTESIAN_POINT ( 'NONE',  ( 9.044605644593863403, -72.18973607636880274, 31.50397843339541737 ) ) ;
#440 = ORIENTED_EDGE ( 'NONE', *, *, #5100, .F. ) ;
#441 = CARTESIAN_POINT ( 'NONE',  ( 5.999999999999998224, -123.6640270959618277, 25.08174915276007155 ) ) ;
#442 = CARTESIAN_POINT ( 'NONE',  ( 12.09853238165516487, -15.56083484155723262, -45.08159985323477770 ) ) ;
#443 = DIRECTION ( 'NONE',  ( 0.000000000000000000, 0.000000000000000000, -1.000000000000000000 ) ) ;
#444 = LINE ( 'NONE', #6078, #8098 ) ;
#445 = DIRECTION ( 'NONE',  ( -1.000000000000000000, 0.000000000000000000, 0.000000000000000000 ) ) ;
#446 =( BOUNDED_CURVE ( )  B_SPLINE_CURVE ( 3, ( #6385, #4914, #4957, #1242 ),
 .UNSPECIFIED., .F., .F. ) 
 B_SPLINE_CURVE_WITH_KNOTS ( ( 4, 4 ),
 ( 1.396263401595470466, 1.835641623321454530 ),
 .UNSPECIFIED. ) 
 CURVE ( )  GEOMETRIC_REPRESENTATION_ITEM ( )  RATIONAL_B_SPLINE_CURVE ( ( 1.000000000000000000, 0.9839768315916366248, 0.9839768315916366248, 1.000000000000000000 ) ) 
 REPRESENTATION_ITEM ( '' )  );
#447 = EDGE_CURVE ( 'NONE', #1514, #1208, #6429, .T. ) ;
#448 = ORIENTED_EDGE ( 'NONE', *, *, #8010, .F. ) ;
#449 = CARTESIAN_POINT ( 'NONE',  ( 6.550000000000000711, 3.821973896550819205, -11.43743920351423959 ) ) ;
#450 = EDGE_CURVE ( 'NONE', #7630, #6384, #5692, .T. ) ;
#451 = VERTEX_POINT ( 'NONE', #3505 ) ;
#452 = CARTESIAN_POINT ( 'NONE',  ( 5.473081414669242584, -87.60846477582181535, 39.09956920119689272 ) ) ;
#453 = FACE_OUTER_BOUND ( 'NONE', #4982, .T. ) ;
#454 = DIRECTION ( 'NONE',  ( -1.000000000000000000, 0.000000000000000000, 0.000000000000000000 ) ) ;
#455 = CARTESIAN_POINT ( 'NONE',  ( 20.23728871965065679, 14.99448209813251687, -21.92611236336036029 ) ) ;
#456 = CARTESIAN_POINT ( 'NONE',  ( 2.584669690868186098, -57.19677063002886541, 24.53417788292322044 ) ) ;
#457 = DIRECTION ( 'NONE',  ( -1.000000000000000000, -0.000000000000000000, 0.000000000000000000 ) ) ;
#458 = DIRECTION ( 'NONE',  ( 0.000000000000000000, -0.9053451461276553758, 0.4246765432456733880 ) ) ;
#459 = EDGE_LOOP ( 'NONE', ( #6034, #7326, #8953, #514 ) ) ;
#460 = VERTEX_POINT ( 'NONE', #2782 ) ;
#461 = DIRECTION ( 'NONE',  ( 0.000000000000000000, -0.9848077530122093526, 0.1736481776669228927 ) ) ;
#462 = APPLICATION_PROTOCOL_DEFINITION ( 'draft international standard', 'automotive_design', 1998, #3873 ) ;
#463 = CARTESIAN_POINT ( 'NONE',  ( 1.637819938163410205, -1.858466905755886467, -59.02532769846278882 ) ) ;
#464 = CARTESIAN_POINT ( 'NONE',  ( -10.55000000000000071, 4.342918429551589021, -8.483015944477600101 ) ) ;
#465 = CARTESIAN_POINT ( 'NONE',  ( 15.00576322841684984, -88.24325677314577376, 29.47457776220588599 ) ) ;
#466 = CARTESIAN_POINT ( 'NONE',  ( 22.21382074138771046, -39.88736689267918223, -12.91944930916698553 ) ) ;
#467 = LINE ( 'NONE', #3422, #5179 ) ;
#468 = VERTEX_POINT ( 'NONE', #8751 ) ;
#469 = CARTESIAN_POINT ( 'NONE',  ( 14.96148351789102549, -38.50028961305444852, -20.85005250131294474 ) ) ;
#470 = ORIENTED_EDGE ( 'NONE', *, *, #2320, .F. ) ;
#471 = CARTESIAN_POINT ( 'NONE',  ( 10.89758854288271372, 16.70826820305542171, -44.29634816116374907 ) ) ;
#472 = CARTESIAN_POINT ( 'NONE',  ( 14.48295405949271952, 14.54314821690034343, -21.56752611175206269 ) ) ;
#473 = CARTESIAN_POINT ( 'NONE',  ( 2.882832718273190320, -102.6231847897281000, 11.68974847046961330 ) ) ;
#474 = LINE ( 'NONE', #3615, #4386 ) ;
#475 = CARTESIAN_POINT ( 'NONE',  ( 13.56033668858639807, -14.04894875655353204, -22.08331716246255993 ) ) ;
#476 = CARTESIAN_POINT ( 'NONE',  ( 22.04677019118922487, -36.70754567823840375, -14.80424042739088009 ) ) ;
#477 = ADVANCED_FACE ( 'NONE', ( #5735 ), #2675, .T. ) ;
#478 = PLANE ( 'NONE',  #5117 ) ;
#479 = VECTOR ( 'NONE', #6283, 1000.000000000000000 ) ;
#480 = ORIENTED_EDGE ( 'NONE', *, *, #3150, .T. ) ;
#481 = FACE_OUTER_BOUND ( 'NONE', #1106, .T. ) ;
#482 = VERTEX_POINT ( 'NONE', #9521 ) ;
#483 = CARTESIAN_POINT ( 'NONE',  ( 13.67593692011135253, -25.46246350426179816, -44.06323955316363339 ) ) ;
#484 = ORIENTED_EDGE ( 'NONE', *, *, #5565, .F. ) ;
#485 = CARTESIAN_POINT ( 'NONE',  ( 6.368862871247297441, -78.49454449752138885, 2.558022391162100284 ) ) ;
#486 = CARTESIAN_POINT ( 'NONE',  ( -2.499999999999999781E-05, 17.53753649573836881, -43.29634816116374196 ) ) ;
#487 = VECTOR ( 'NONE', #9446, 1000.000000000000114 ) ;
#488 = CARTESIAN_POINT ( 'NONE',  ( 11.47997833607984575, -15.22513293462195350, -44.20010151327782211 ) ) ;
#489 = CARTESIAN_POINT ( 'NONE',  ( 14.91184177966984237, -25.33467530340838181, -43.35329113526892542 ) ) ;
#490 = DIRECTION ( 'NONE',  ( -1.000000000000000000, -0.000000000000000000, -0.000000000000000000 ) ) ;
#491 = ORIENTED_EDGE ( 'NONE', *, *, #4391, .F. ) ;
#492 = DIRECTION ( 'NONE',  ( 1.000000000000000000, 0.000000000000000000, 0.000000000000000000 ) ) ;
#493 = ORIENTED_EDGE ( 'NONE', *, *, #305, .F. ) ;
#494 = CARTESIAN_POINT ( 'NONE',  ( 15.00000000000000000, -105.4912514368568992, 33.19335686479304570 ) ) ;
#495 = DIRECTION ( 'NONE',  ( 0.000000000000000000, -1.387778780781444689E-15, -1.000000000000000000 ) ) ;
#496 = EDGE_CURVE ( 'NONE', #3447, #6225, #643, .T. ) ;
#497 = CARTESIAN_POINT ( 'NONE',  ( 1.741364132260369901, -116.6147897573096941, 17.24892861645187381 ) ) ;
#498 = LINE ( 'NONE', #4085, #6945 ) ;
#499 = LINE ( 'NONE', #8019, #9454 ) ;
#500 = EDGE_CURVE ( 'NONE', #468, #1365, #1429, .T. ) ;
#501 = LINE ( 'NONE', #1998, #4558 ) ;
#502 = CARTESIAN_POINT ( 'NONE',  ( 12.40000000000000036, -60.96200874009102222, 17.04943361583019623 ) ) ;
#503 = ORIENTED_EDGE ( 'NONE', *, *, #7233, .T. ) ;
#504 = ORIENTED_EDGE ( 'NONE', *, *, #4846, .T. ) ;
#505 = CARTESIAN_POINT ( 'NONE',  ( 23.73188222302021799, -76.10435538319671878, 15.87016425251036544 ) ) ;
#506 = CARTESIAN_POINT ( 'NONE',  ( 5.999999999999998224, -121.0492985462398252, 26.41804800079848192 ) ) ;
#507 = DIRECTION ( 'NONE',  ( -1.000000000000000000, -0.000000000000000000, -0.000000000000000000 ) ) ;
#508 = CARTESIAN_POINT ( 'NONE',  ( 23.44999999999999929, -34.90548628911400897, 5.037809734445620080 ) ) ;
#509 = CARTESIAN_POINT ( 'NONE',  ( 14.79956712972216337, -40.55043841210204647, -20.03691162298018114 ) ) ;
#510 = CARTESIAN_POINT ( 'NONE',  ( 22.49782743793524631, -44.00330374380786935, -9.942559195298525054 ) ) ;
#511 = CARTESIAN_POINT ( 'NONE',  ( 15.31771038506464677, -33.28582640447660168, -23.73314199121035273 ) ) ;
#512 = CARTESIAN_POINT ( 'NONE',  ( 15.33161286588522998, -32.97973345877191775, -23.95158913523130551 ) ) ;
#513 = VECTOR ( 'NONE', #1675, 1000.000000000000000 ) ;
#514 = ORIENTED_EDGE ( 'NONE', *, *, #3379, .F. ) ;
#515 = CARTESIAN_POINT ( 'NONE',  ( 11.35031236851356695, 16.39383734066088039, -44.24054110052932032 ) ) ;
#516 = CARTESIAN_POINT ( 'NONE',  ( 14.25772770997839167, 14.69073427113044872, -21.66227800362909406 ) ) ;
#517 = VECTOR ( 'NONE', #5451, 1000.000000000000000 ) ;
#518 = CYLINDRICAL_SURFACE ( 'NONE', #4550, 35.00000000000000000 ) ;
#519 = CARTESIAN_POINT ( 'NONE',  ( 22.01308182760083909, -13.71038598223456262, -19.12628626818878175 ) ) ;
#520 = LINE ( 'NONE', #2066, #3212 ) ;
#521 = CARTESIAN_POINT ( 'NONE',  ( 21.65516948301725719, -48.44447118188231372, -15.83867208574149288 ) ) ;
#522 = DIRECTION ( 'NONE',  ( 0.000000000000000000, -0.1555971730756354476, -0.9878205908619595021 ) ) ;
#523 = AXIS2_PLACEMENT_3D ( 'NONE', #4949, #7196, #1370 ) ;
#524 = AXIS2_PLACEMENT_3D ( 'NONE', #8210, #1571, #7306 ) ;
#525 = ORIENTED_EDGE ( 'NONE', *, *, #5572, .F. ) ;
#526 = CARTESIAN_POINT ( 'NONE',  ( 2.522593124096208506, -105.2899970779891845, 45.57501007215601874 ) ) ;
#527 = ORIENTED_EDGE ( 'NONE', *, *, #3835, .T. ) ;
#528 = FACE_OUTER_BOUND ( 'NONE', #192, .T. ) ;
#529 = ORIENTED_EDGE ( 'NONE', *, *, #5328, .F. ) ;
#530 = EDGE_CURVE ( 'NONE', #4443, #2737, #7547, .T. ) ;
#531 = CARTESIAN_POINT ( 'NONE',  ( 12.80115194418230473, -14.48633039861023519, -43.65259879833291734 ) ) ;
#532 = CARTESIAN_POINT ( 'NONE',  ( 15.31500696584111232, -81.50422088149022670, 27.41257793996683390 ) ) ;
#533 = CARTESIAN_POINT ( 'NONE',  ( 12.81600530728580445, -14.46246394167478755, -43.34207902199230489 ) ) ;
#534 = CARTESIAN_POINT ( 'NONE',  ( 16.99956415542034449, -24.28693634523895284, -43.45767514559223343 ) ) ;
#535 = EDGE_CURVE ( 'NONE', #860, #6756, #6620, .T. ) ;
#536 = CARTESIAN_POINT ( 'NONE',  ( -6.000000000000000000, -121.0492985462398252, 26.41804800079848192 ) ) ;
#537 = VERTEX_POINT ( 'NONE', #6759 ) ;
#538 = CARTESIAN_POINT ( 'NONE',  ( 18.91497438455333224, -44.06893010170607994, 13.97041952023708866 ) ) ;
#539 = VECTOR ( 'NONE', #298, 1000.000000000000000 ) ;
#540 = VERTEX_POINT ( 'NONE', #58 ) ;
#541 = CARTESIAN_POINT ( 'NONE',  ( 17.92563788490303267, -53.86410925080203072, -10.64109924607277868 ) ) ;
#542 = CARTESIAN_POINT ( 'NONE',  ( 12.62550482059583956, -14.32340674981852580, -21.83979499827813342 ) ) ;
#543 = CARTESIAN_POINT ( 'NONE',  ( 15.71560483924822371, 13.64788285755890485, -21.29542622166020749 ) ) ;
#544 = CARTESIAN_POINT ( 'NONE',  ( 1.746787736632215093, -116.5320601615730567, 17.22752973291090939 ) ) ;
#545 = CARTESIAN_POINT ( 'NONE',  ( 20.35827023918242773, 13.79893234049692197, -21.29634816116374907 ) ) ;
#546 = LINE ( 'NONE', #7928, #778 ) ;
#547 = LINE ( 'NONE', #3502, #8436 ) ;
#548 = EDGE_CURVE ( 'NONE', #6756, #5184, #8797, .T. ) ;
#549 = LINE ( 'NONE', #5094, #5530 ) ;
#550 = VERTEX_POINT ( 'NONE', #3012 ) ;
#551 = DIRECTION ( 'NONE',  ( 0.000000000000000000, -0.9848077530122093526, 0.1736481776669228094 ) ) ;
#552 = CARTESIAN_POINT ( 'NONE',  ( 5.999999999999999112, -121.9262817083872505, 27.64179487437733940 ) ) ;
#553 = CARTESIAN_POINT ( 'NONE',  ( 12.81600561797623428, 15.53753649573837059, -43.29634816116374196 ) ) ;
#554 = CARTESIAN_POINT ( 'NONE',  ( 21.44999999999999929, 30.98458179031142024, -11.14980678216003263 ) ) ;
#555 = CARTESIAN_POINT ( 'NONE',  ( 14.93193387492710578, -38.90535416274207847, -20.69963822524537989 ) ) ;
#556 = CARTESIAN_POINT ( 'NONE',  ( 13.83089050866891156, -13.60515261854695801, -21.29634816116375262 ) ) ;
#557 = CIRCLE ( 'NONE', #6135, 20.50000000000009237 ) ;
#558 = CARTESIAN_POINT ( 'NONE',  ( 15.29364770752177805, -28.37777678493007372, -29.19807565694397056 ) ) ;
#559 = CARTESIAN_POINT ( 'NONE',  ( 14.96662627807799417, -26.21374903329013861, -33.92890249913541112 ) ) ;
#560 = ADVANCED_FACE ( 'NONE', ( #8154 ), #6648, .T. ) ;
#561 = VERTEX_POINT ( 'NONE', #7432 ) ;
#562 = CARTESIAN_POINT ( 'NONE',  ( 11.78758492751350495, 16.07153871623422248, -44.04051504307817311 ) ) ;
#563 = CARTESIAN_POINT ( 'NONE',  ( 14.46112739065074670, 14.55764407035963259, -21.57605988662247043 ) ) ;
#564 = B_SPLINE_CURVE_WITH_KNOTS ( 'NONE', 3,
 ( #7918, #2130, #2815, #8012, #4944, #8825, #7373, #9414, #3585, #2724, #7280, #1409, #676, #8644, #2038, #6554, #3634, #7190, #2771, #8094, #8736, #1457, #6462, #2084, #4405, #4218, #1276, #628, #3679, #8053, #9507, #6606, #6509, #4993, #1322, #538, #724, #9458, #1366, #4357, #2864, #7327, #5041, #9552, #4268, #2174, #5130, #9369, #5676, #7963, #3494, #5722, #8688, #7236, #584, #2313, #5275, #3724, #6696, #9015, #3822, #7419, #1546, #6798, #7470, #6111, #44, #2996 ),
 .UNSPECIFIED., .F., .F.,
 ( 4, 1, 2, 2, 1, 1, 1, 1, 1, 2, 2, 1, 1, 1, 2, 2, 1, 1, 1, 1, 1, 2, 2, 1, 1, 1, 1, 1, 1, 1, 1, 2, 2, 1, 1, 1, 1, 1, 1, 1, 2, 2, 1, 1, 1, 1, 1, 1, 1, 2, 2, 4 ),
 ( 0.000000000000000000, 0.03125000000000830586, 0.04687500000001283001, 0.06250000000001740275, 0.09375000000002645106, 0.1093750000000310169, 0.1171875000000331679, 0.1210937500000343059, 0.1230468750000348749, 0.1240234375000348888, 0.1250000000000349165, 0.1875000000000259237, 0.2187500000000213163, 0.2343750000000189293, 0.2421875000000179301, 0.2500000000000169309, 0.3125000000000110467, 0.3437500000000086042, 0.3593750000000070499, 0.3671875000000057732, 0.3710937500000050515, 0.3730468750000049960, 0.3750000000000049405, 0.4374999999999898415, 0.4687499999999825695, 0.4843749999999789058, 0.4921874999999769074, 0.4960937499999760192, 0.4980468749999759637, 0.4990234374999756306, 0.4995117187499755196, 0.4997558593749754641, 0.4999999999999754086, 0.5625000000000140998, 0.5937500000000329736, 0.6093750000000428546, 0.6171875000000477396, 0.6210937500000500711, 0.6230468750000515143, 0.6240234375000519584, 0.6245117187500521805, 0.6250000000000524025, 0.6875000000000535127, 0.7187500000000536238, 0.7343750000000540679, 0.7421875000000542899, 0.7460937500000539568, 0.7480468750000542899, 0.7490234375000540679, 0.7495117187500540679, 0.7500000000000540679, 1.000000000000000000 ),
 .UNSPECIFIED. ) ;
#565 = CARTESIAN_POINT ( 'NONE',  ( 0.000000000000000000, -81.34295218669909389, 11.96611981446149642 ) ) ;
#566 = DIRECTION ( 'NONE',  ( 0.000000000000000000, -0.3420201433256692680, -0.9396926207859083169 ) ) ;
#567 = CARTESIAN_POINT ( 'NONE',  ( 13.35568730546562222, -14.16698864912079081, -22.25453278783559341 ) ) ;
#568 = CARTESIAN_POINT ( 'NONE',  ( 13.89999999999999858, -54.59318299741923397, -3.567911001065602328 ) ) ;
#569 = VECTOR ( 'NONE', #2292, 1000.000000000000000 ) ;
#570 = CARTESIAN_POINT ( 'NONE',  ( 16.44105780309006803, -76.71108358692107743, 14.59471145056780372 ) ) ;
#571 = VECTOR ( 'NONE', #2824, 1000.000000000000000 ) ;
#572 = VERTEX_POINT ( 'NONE', #6075 ) ;
#573 = CARTESIAN_POINT ( 'NONE',  ( 2.314606640498975132, -106.9647496964422686, 45.98556832745268252 ) ) ;
#574 = ORIENTED_EDGE ( 'NONE', *, *, #4974, .T. ) ;
#575 = CARTESIAN_POINT ( 'NONE',  ( 1.085639794104310774, -130.6132974461678202, 20.13547945844392117 ) ) ;
#576 = EDGE_LOOP ( 'NONE', ( #6212, #4267, #8687, #8106 ) ) ;
#577 = CARTESIAN_POINT ( 'NONE',  ( 12.37435150613172041, -15.15048883907687305, -44.80728218862488177 ) ) ;
#578 = CARTESIAN_POINT ( 'NONE',  ( -3.184081677783118191E-15, 0.5375364957382012809, -21.29634816116374907 ) ) ;
#579 = CARTESIAN_POINT ( 'NONE',  ( 12.67794131111627465, -14.68171221009659888, -44.20764637131598107 ) ) ;
#580 = CARTESIAN_POINT ( 'NONE',  ( 18.00118842292108567, -23.14634706756321947, -43.50775112185076665 ) ) ;
#581 = CARTESIAN_POINT ( 'NONE',  ( 15.00000000000159872, -107.2493123288421657, 46.05532760807534487 ) ) ;
#582 = AXIS2_PLACEMENT_3D ( 'NONE', #12, #1423, #4324 ) ;
#583 = VERTEX_POINT ( 'NONE', #3833 ) ;
#584 = CARTESIAN_POINT ( 'NONE',  ( 20.37985132405416167, -41.20200708051813621, 11.56478547054466333 ) ) ;
#585 = ORIENTED_EDGE ( 'NONE', *, *, #3201, .T. ) ;
#586 = VERTEX_POINT ( 'NONE', #3110 ) ;
#587 = CARTESIAN_POINT ( 'NONE',  ( 16.79144057184110039, -20.72220477196523802, -45.29634816116373486 ) ) ;
#588 = EDGE_CURVE ( 'NONE', #561, #1090, #4562, .T. ) ;
#589 = CARTESIAN_POINT ( 'NONE',  ( 21.76792498573164281, -31.39384917681155329, -17.95141604609773012 ) ) ;
#590 = CARTESIAN_POINT ( 'NONE',  ( 10.55000000000000071, 31.10138907885891513, -17.97376135830883825 ) ) ;
#591 = CARTESIAN_POINT ( 'NONE',  ( 20.24498666642733724, 14.96365273193648626, -21.89403727261568022 ) ) ;
#592 = EDGE_CURVE ( 'NONE', #3935, #261, #5542, .T. ) ;
#593 = CARTESIAN_POINT ( 'NONE',  ( 19.05257566966676208, 21.44192012269224890, -44.12986633494215738 ) ) ;
#594 = LINE ( 'NONE', #4134, #6581 ) ;
#595 = EDGE_CURVE ( 'NONE', #5951, #9175, #1249, .T. ) ;
#596 = DIRECTION ( 'NONE',  ( 0.000000000000000000, -0.1736481776669231980, -0.9848077530122093526 ) ) ;
#597 = ORIENTED_EDGE ( 'NONE', *, *, #8556, .F. ) ;
#598 = CARTESIAN_POINT ( 'NONE',  ( 15.00000000000000000, -137.5734138895658702, 38.03260002172675058 ) ) ;
#599 = CARTESIAN_POINT ( 'NONE',  ( 15.00000000000000000, -136.9394358138792427, 22.44088499817751270 ) ) ;
#600 = CARTESIAN_POINT ( 'NONE',  ( 12.88181082318726745, -60.96911683568090723, -5.789229547096698347 ) ) ;
#601 = DIRECTION ( 'NONE',  ( 0.000000000000000000, 0.000000000000000000, -1.000000000000000000 ) ) ;
#602 = LINE ( 'NONE', #3555, #3309 ) ;
#603 = CARTESIAN_POINT ( 'NONE',  ( 22.14656002951239699, -38.71981416915178187, -13.65845299011076897 ) ) ;
#604 = CARTESIAN_POINT ( 'NONE',  ( 15.37309661724210308, -30.32033640704445432, -26.49376772778946787 ) ) ;
#605 = CARTESIAN_POINT ( 'NONE',  ( 15.36421421055057124, -31.74791632362289207, -25.01916795971795082 ) ) ;
#606 = ORIENTED_EDGE ( 'NONE', *, *, #8175, .T. ) ;
#607 = CARTESIAN_POINT ( 'NONE',  ( 12.01673142021164864, 15.89489260841698126, -43.81514631672946791 ) ) ;
#608 = CARTESIAN_POINT ( 'NONE',  ( 12.86157522342340620, 15.51313955164667391, -22.98250810455230919 ) ) ;
#609 = CARTESIAN_POINT ( 'NONE',  ( 22.50833296354626256, -53.10869172071165423, -1.049061595937086810 ) ) ;
#610 = CARTESIAN_POINT ( 'NONE',  ( 14.99356190850917869, -100.0077506269714718, 10.15795880359748260 ) ) ;
#611 = CARTESIAN_POINT ( 'NONE',  ( 12.89436615768721417, -14.42041486935124439, -22.88637491074265640 ) ) ;
#612 = EDGE_CURVE ( 'NONE', #5131, #2912, #4195, .T. ) ;
#613 = CARTESIAN_POINT ( 'NONE',  ( 22.32446130952683561, -41.63219346573381330, -11.73481230405660369 ) ) ;
#614 = DIRECTION ( 'NONE',  ( -0.000000000000000000, 0.1736481776669233090, 0.9848077530122093526 ) ) ;
#615 = ADVANCED_FACE ( 'NONE', ( #7939 ), #3660, .T. ) ;
#616 = ORIENTED_EDGE ( 'NONE', *, *, #3379, .T. ) ;
#617 = CARTESIAN_POINT ( 'NONE',  ( 1.729343759585556084, -112.0762793866235967, 47.23863740068473049 ) ) ;
#618 = ORIENTED_EDGE ( 'NONE', *, *, #8629, .T. ) ;
#619 = DIRECTION ( 'NONE',  ( 1.000000000000000000, 0.000000000000000000, 0.000000000000000000 ) ) ;
#620 = ORIENTED_EDGE ( 'NONE', *, *, #4370, .F. ) ;
#621 = CARTESIAN_POINT ( 'NONE',  ( 2.999999999999999112, 32.73954237941581624, -16.73947206590499803 ) ) ;
#622 = CARTESIAN_POINT ( 'NONE',  ( 15.24891046083789803, -79.05673793491406798, 34.88680829802921579 ) ) ;
#623 = LINE ( 'NONE', #3581, #5775 ) ;
#624 = AXIS2_PLACEMENT_3D ( 'NONE', #684, #4227, #9467 ) ;
#625 = CARTESIAN_POINT ( 'NONE',  ( 14.72279507276044974, -25.37166000334546467, -43.34384137739895948 ) ) ;
#626 = DIRECTION ( 'NONE',  ( 0.000000000000000000, 0.000000000000000000, 1.000000000000000000 ) ) ;
#627 = ORIENTED_EDGE ( 'NONE', *, *, #4493, .T. ) ;
#628 = CARTESIAN_POINT ( 'NONE',  ( 17.89735882946374090, -46.12358111254130222, 15.69447642562693268 ) ) ;
#629 = ORIENTED_EDGE ( 'NONE', *, *, #496, .T. ) ;
#630 = VECTOR ( 'NONE', #1977, 1000.000000000000000 ) ;
#631 = ORIENTED_EDGE ( 'NONE', *, *, #5649, .F. ) ;
#632 = VECTOR ( 'NONE', #6080, 1000.000000000000114 ) ;
#633 = FACE_OUTER_BOUND ( 'NONE', #6277, .T. ) ;
#634 =( BOUNDED_SURFACE ( )  B_SPLINE_SURFACE ( 3, 2, ( 
 ( #4695, #8969, #6952 ),
 ( #3000, #6850, #7522 ),
 ( #141, #873, #3825 ),
 ( #3098, #6065, #9019 ),
 ( #2368, #8288, #5378 ),
 ( #8336, #4646, #7623 ) ),
 .UNSPECIFIED., .F., .F., .F. ) 
 B_SPLINE_SURFACE_WITH_KNOTS ( ( 4, 2, 4 ),
 ( 3, 3 ),
 ( 1.396263401595470466, 1.615952512458462387, 1.835641623321454530 ),
 ( 0.000000000000000000, 1.000000000000000000 ),
 .UNSPECIFIED. ) 
 GEOMETRIC_REPRESENTATION_ITEM ( )  RATIONAL_B_SPLINE_SURFACE ( (
 ( 1.000000000000000000, 0.6992619978031293648, 1.000000000000000000),
 ( 1.000000000000000000, 0.7025383635429203188, 1.000000000000000000),
 ( 1.000000000000000000, 0.7058547083538033728, 1.000000000000000000),
 ( 1.000000000000000000, 0.7124090230003776725, 1.000000000000000000),
 ( 1.000000000000000000, 0.7156468814326519823, 1.000000000000000000),
 ( 1.000000000000000000, 0.7187703393883436709, 1.000000000000000000) ) ) 
 REPRESENTATION_ITEM ( '' )  SURFACE ( )  );
#635 = DIRECTION ( 'NONE',  ( 1.000000000000000000, 0.000000000000000000, 0.000000000000000000 ) ) ;
#636 = CARTESIAN_POINT ( 'NONE',  ( 7.054713977056353613, -79.66766945946095291, 35.18776604481269743 ) ) ;
#637 = DIRECTION ( 'NONE',  ( 0.000000000000000000, -0.9848077530122094636, 0.1736481776669225041 ) ) ;
#638 = LINE ( 'NONE', #8196, #6115 ) ;
#639 = AXIS2_PLACEMENT_3D ( 'NONE', #8271, #3032, #1440 ) ;
#640 = PLANE ( 'NONE',  #2744 ) ;
#641 = ORIENTED_EDGE ( 'NONE', *, *, #3636, .T. ) ;
#642 = PLANE ( 'NONE',  #5540 ) ;
#643 = LINE ( 'NONE', #1470, #5372 ) ;
#644 = ADVANCED_FACE ( 'NONE', ( #2105 ), #2058, .F. ) ;
#645 = CARTESIAN_POINT ( 'NONE',  ( 0.000000000000000000, -133.7038235893525382, 48.66421199410356735 ) ) ;
#646 = DIRECTION ( 'NONE',  ( -1.000000000000000000, -0.000000000000000000, -0.000000000000000000 ) ) ;
#647 = CARTESIAN_POINT ( 'NONE',  ( 5.999999999999998224, -42.49399750307080126, -8.992351028176036820 ) ) ;
#648 = CARTESIAN_POINT ( 'NONE',  ( 14.34779798367047299, -46.23167194473532504, -17.19933927699594278 ) ) ;
#649 = CARTESIAN_POINT ( 'NONE',  ( 14.10110959674953435, -53.51706866690651765, -12.04224041703053416 ) ) ;
#650 = FACE_OUTER_BOUND ( 'NONE', #7896, .T. ) ;
#651 = CARTESIAN_POINT ( 'NONE',  ( 21.10043669718260873, -34.86465142700241415, -22.63017261620133169 ) ) ;
#652 = EDGE_LOOP ( 'NONE', ( #2162, #4498, #9237, #7018 ) ) ;
#653 = DIRECTION ( 'NONE',  ( -0.000000000000000000, -0.6427876096865354771, -0.7660444431189813441 ) ) ;
#654 = CARTESIAN_POINT ( 'NONE',  ( 14.31314410518533542, 14.65485244881290328, -21.63748393043039542 ) ) ;
#655 = CARTESIAN_POINT ( 'NONE',  ( 22.82488176252110534, -51.10154729731489454, -2.660433824263891189 ) ) ;
#656 = DIRECTION ( 'NONE',  ( -0.02224014068614565270, -0.9997526574819696199, 0.000000000000000000 ) ) ;
#657 = DIRECTION ( 'NONE',  ( 0.6105962049779964929, 0.5914153929395852272, 0.5266878653059935411 ) ) ;
#658 = CARTESIAN_POINT ( 'NONE',  ( 21.58126821999131906, -47.15073728594647662, -16.65256031266149961 ) ) ;
#659 = LINE ( 'NONE', #7359, #5745 ) ;
#660 = EDGE_CURVE ( 'NONE', #3197, #5095, #467, .T. ) ;
#661 = B_SPLINE_CURVE_WITH_KNOTS ( 'NONE', 3,
 ( #4712, #258, #3171, #2588 ),
 .UNSPECIFIED., .F., .F.,
 ( 4, 4 ),
 ( 0.000000000000000000, 1.000000000000000000 ),
 .UNSPECIFIED. ) ;
#662 = ORIENTED_EDGE ( 'NONE', *, *, #5741, .F. ) ;
#663 = CARTESIAN_POINT ( 'NONE',  ( 2.270099637443510510, -107.3244016896600925, 46.07373543537209315 ) ) ;
#664 = ORIENTED_EDGE ( 'NONE', *, *, #7127, .F. ) ;
#665 = CARTESIAN_POINT ( 'NONE',  ( 20.23105298398809992, -56.84697157599856610, 17.72661140917833933 ) ) ;
#666 = ORIENTED_EDGE ( 'NONE', *, *, #1218, .T. ) ;
#667 = CARTESIAN_POINT ( 'NONE',  ( 14.99999999999999645, -128.1991051451377359, 34.00074318121808403 ) ) ;
#668 = EDGE_CURVE ( 'NONE', #460, #7316, #5248, .T. ) ;
#669 = DIRECTION ( 'NONE',  ( -0.5958697513482541508, 0.5971223951134431163, -0.5370140451442169116 ) ) ;
#670 = VECTOR ( 'NONE', #9146, 1000.000000000000114 ) ;
#671 = CARTESIAN_POINT ( 'NONE',  ( 12.66655897088679339, -14.69961659187724123, -44.24176076511719202 ) ) ;
#672 = VECTOR ( 'NONE', #6099, 1000.000000000000114 ) ;
#673 = CARTESIAN_POINT ( 'NONE',  ( 15.99236604691827957, -24.95851644701128080, -43.40730338547137990 ) ) ;
#674 = AXIS2_PLACEMENT_3D ( 'NONE', #5152, #5985, #3699 ) ;
#675 = VERTEX_POINT ( 'NONE', #5931 ) ;
#676 = CARTESIAN_POINT ( 'NONE',  ( 16.07271513997302392, -50.42284714373778343, 19.30198896673685738 ) ) ;
#677 = ORIENTED_EDGE ( 'NONE', *, *, #1531, .F. ) ;
#678 = ORIENTED_EDGE ( 'NONE', *, *, #8402, .F. ) ;
#679 = VECTOR ( 'NONE', #5264, 1000.000000000000000 ) ;
#680 = CARTESIAN_POINT ( 'NONE',  ( 16.37409685479168431, -22.00394996947216342, -45.29634816116374907 ) ) ;
#681 = EDGE_CURVE ( 'NONE', #7004, #4714, #9230, .T. ) ;
#682 = FACE_BOUND ( 'NONE', #3249, .T. ) ;
#683 = DIRECTION ( 'NONE',  ( 0.000000000000000000, 0.000000000000000000, -1.000000000000000000 ) ) ;
#684 = CARTESIAN_POINT ( 'NONE',  ( 23.73188222302021799, -22.82182225824879751, -14.25357600088131171 ) ) ;
#685 = CARTESIAN_POINT ( 'NONE',  ( 11.82892083779965553, 16.04005328946722386, -44.00878432708022103 ) ) ;
#686 = VECTOR ( 'NONE', #1632, 1000.000000000000000 ) ;
#687 = LINE ( 'NONE', #3644, #2589 ) ;
#688 = ORIENTED_EDGE ( 'NONE', *, *, #6141, .F. ) ;
#689 = CARTESIAN_POINT ( 'NONE',  ( 4.400000000000000355, -138.6721633577474506, 35.01381066826016308 ) ) ;
#690 = CARTESIAN_POINT ( 'NONE',  ( 16.13301656481102597, -79.56730169770409589, 13.42871031883971078 ) ) ;
#691 = AXIS2_PLACEMENT_3D ( 'NONE', #8979, #785, #1659 ) ;
#692 = DIRECTION ( 'NONE',  ( -1.000000000000000000, 0.000000000000000000, 0.000000000000000000 ) ) ;
#693 = CARTESIAN_POINT ( 'NONE',  ( 20.22580399938925666, 15.04431063687400361, -21.97469517755320823 ) ) ;
#694 = DIRECTION ( 'NONE',  ( -1.000000000000000000, -0.000000000000000000, -0.000000000000000000 ) ) ;
#695 = CARTESIAN_POINT ( 'NONE',  ( 14.36015291063215216, -46.04122840120108862, -17.30968736703907140 ) ) ;
#696 = ADVANCED_FACE ( 'NONE', ( #650 ), #3747, .F. ) ;
#697 = CARTESIAN_POINT ( 'NONE',  ( 14.24999999999999822, 30.63728543497760270, -13.11942228818445599 ) ) ;
#698 = CARTESIAN_POINT ( 'NONE',  ( 15.00000000000000000, -90.64782171277914813, 30.19837104250939674 ) ) ;
#699 = ORIENTED_EDGE ( 'NONE', *, *, #1680, .F. ) ;
#700 = DIRECTION ( 'NONE',  ( 0.000000000000000000, 0.7660444431189812331, -0.6427876096865352551 ) ) ;
#701 = CARTESIAN_POINT ( 'NONE',  ( 15.78260590448809708, -82.11575649575782165, 13.95768795500286252 ) ) ;
#702 = CARTESIAN_POINT ( 'NONE',  ( 22.22033851212284361, -54.65066411347436315, 0.2081391956821176392 ) ) ;
#703 = EDGE_CURVE ( 'NONE', #7469, #2131, #8895, .T. ) ;
#704 = CARTESIAN_POINT ( 'NONE',  ( 22.45545788497047113, -47.58346557286798628, 11.70500561551367724 ) ) ;
#705 = CARTESIAN_POINT ( 'NONE',  ( 15.00000000000000355, -107.7227427790372900, 28.06756073446082311 ) ) ;
#706 = EDGE_CURVE ( 'NONE', #8199, #2760, #1476, .T. ) ;
#707 = CARTESIAN_POINT ( 'NONE',  ( 4.576895025026084696, -92.47607794193874042, 41.45789261845497720 ) ) ;
#708 = AXIS2_PLACEMENT_3D ( 'NONE', #3077, #5114, #8903 ) ;
#709 = AXIS2_PLACEMENT_3D ( 'NONE', #1337, #5058, #7115 ) ;
#710 = DIRECTION ( 'NONE',  ( 0.000000000000000000, 1.000000000000000000, 7.228014483236694583E-17 ) ) ;
#711 = ADVANCED_FACE ( 'NONE', ( #7440 ), #1385, .T. ) ;
#712 = VERTEX_POINT ( 'NONE', #843 ) ;
#713 = CARTESIAN_POINT ( 'NONE',  ( 15.00000000000000000, -122.2705011474578640, 18.42123019163082631 ) ) ;
#714 = ORIENTED_EDGE ( 'NONE', *, *, #5452, .T. ) ;
#715 = CARTESIAN_POINT ( 'NONE',  ( 1.109310933251619335, -129.7217340146025037, 19.88526388510957688 ) ) ;
#716 = ORIENTED_EDGE ( 'NONE', *, *, #535, .F. ) ;
#717 = CARTESIAN_POINT ( 'NONE',  ( 15.00000000000000533, -127.0864847498397978, 33.61463128918430954 ) ) ;
#718 = EDGE_CURVE ( 'NONE', #2418, #3210, #8031, .T. ) ;
#719 = LINE ( 'NONE', #7464, #1947 ) ;
#720 = AXIS2_PLACEMENT_3D ( 'NONE', #5937, #7400, #8265 ) ;
#721 = CARTESIAN_POINT ( 'NONE',  ( 21.49249015860375422, 31.90614105731678052, -15.85381658465512977 ) ) ;
#722 = AXIS2_PLACEMENT_3D ( 'NONE', #4861, #4137, #7015 ) ;
#723 = ORIENTED_EDGE ( 'NONE', *, *, #1844, .T. ) ;
#724 = CARTESIAN_POINT ( 'NONE',  ( 18.96297617021962623, -43.97409884819257542, 13.89084665038982713 ) ) ;
#725 = ORIENTED_EDGE ( 'NONE', *, *, #7012, .F. ) ;
#726 = ORIENTED_EDGE ( 'NONE', *, *, #7153, .T. ) ;
#727 = DIRECTION ( 'NONE',  ( 1.000000000000000000, 0.000000000000000000, 0.000000000000000000 ) ) ;
#728 = VECTOR ( 'NONE', #551, 1000.000000000000114 ) ;
#729 = CARTESIAN_POINT ( 'NONE',  ( 13.70973636466924717, -13.95659651604855789, -21.96667426750270380 ) ) ;
#730 = AXIS2_PLACEMENT_3D ( 'NONE', #4400, #4592, #764 ) ;
#731 = CARTESIAN_POINT ( 'NONE',  ( 16.39134562431892661, -22.01190977408902327, -45.29634816116375617 ) ) ;
#732 = ADVANCED_FACE ( 'NONE', ( #792 ), #5200, .T. ) ;
#733 = AXIS2_PLACEMENT_3D ( 'NONE', #2921, #6709, #5881 ) ;
#734 = CARTESIAN_POINT ( 'NONE',  ( -10.55000000000000071, 15.09691658955379623, 12.19454492654074684 ) ) ;
#735 = DIRECTION ( 'NONE',  ( 0.000000000000000000, -0.7071067811865474617, -0.7071067811865474617 ) ) ;
#736 = EDGE_CURVE ( 'NONE', #2000, #7955, #2971, .T. ) ;
#737 = DIRECTION ( 'NONE',  ( -1.000000000000000000, -0.000000000000000000, -0.000000000000000000 ) ) ;
#738 = ORIENTED_EDGE ( 'NONE', *, *, #6171, .F. ) ;
#739 = LINE ( 'NONE', #8750, #2274 ) ;
#740 = CARTESIAN_POINT ( 'NONE',  ( 6.034157695556142009, -79.63623670357179662, 2.727723340682461028 ) ) ;
#741 = DIRECTION ( 'NONE',  ( -1.000000000000000000, -0.000000000000000000, -0.000000000000000000 ) ) ;
#742 = CARTESIAN_POINT ( 'NONE',  ( 9.516231763884833939, -131.0435924386279396, 32.14413114992009213 ) ) ;
#743 = CARTESIAN_POINT ( 'NONE',  ( 22.23233833644806978, 18.03447096801893323, -22.98585496643366710 ) ) ;
#744 = DIRECTION ( 'NONE',  ( 0.000000000000000000, 0.000000000000000000, -1.000000000000000000 ) ) ;
#745 = CARTESIAN_POINT ( 'NONE',  ( 21.32931639001249735, -58.49733327816714734, 3.395936393980876211 ) ) ;
#746 = CARTESIAN_POINT ( 'NONE',  ( 5.999999999999998224, -42.11065726885905747, 1.738856025306405817 ) ) ;
#747 = CARTESIAN_POINT ( 'NONE',  ( 21.15791345669252976, -25.71624124468724304, -23.78770265884952906 ) ) ;
#748 = ORIENTED_EDGE ( 'NONE', *, *, #4150, .T. ) ;
#749 = CARTESIAN_POINT ( 'NONE',  ( 19.42722950696844819, -14.12131325303679574, -22.17908736203067477 ) ) ;
#750 = CARTESIAN_POINT ( 'NONE',  ( 15.01065709250856983, -92.93228529541008243, 19.56370058167021142 ) ) ;
#751 = FACE_OUTER_BOUND ( 'NONE', #9187, .T. ) ;
#752 = CARTESIAN_POINT ( 'NONE',  ( 23.45000000000718643, -37.93328311074122183, 8.822000393121067319 ) ) ;
#753 = B_SPLINE_CURVE_WITH_KNOTS ( 'NONE', 3,
 ( #6974, #7071, #4144, #1772 ),
 .UNSPECIFIED., .F., .F.,
 ( 4, 4 ),
 ( 0.000000000000000000, 1.000000000000000000 ),
 .UNSPECIFIED. ) ;
#754 = CARTESIAN_POINT ( 'NONE',  ( 15.00000000000000178, -108.8119170695593994, 28.50785924579187025 ) ) ;
#755 = CARTESIAN_POINT ( 'NONE',  ( 5.999999999999998224, -123.6640270959618277, 25.08174915276007155 ) ) ;
#756 = DIRECTION ( 'NONE',  ( -1.000000000000000000, 0.000000000000000000, -0.000000000000000000 ) ) ;
#757 = VERTEX_POINT ( 'NONE', #5842 ) ;
#758 = CARTESIAN_POINT ( 'NONE',  ( 9.516231763884833939, -138.7020872980330637, 34.93159531802429996 ) ) ;
#759 = VERTEX_POINT ( 'NONE', #6770 ) ;
#760 = DIRECTION ( 'NONE',  ( 1.000000000000000000, 0.000000000000000000, 0.000000000000000000 ) ) ;
#761 = EDGE_LOOP ( 'NONE', ( #5324, #8784, #1127, #1173 ) ) ;
#762 = CARTESIAN_POINT ( 'NONE',  ( 15.00000000000000000, -96.76966523223754280, 22.29973616815027881 ) ) ;
#763 = CARTESIAN_POINT ( 'NONE',  ( 2.099999999999987210, -76.10435538319671878, 17.87016425251036722 ) ) ;
#764 = DIRECTION ( 'NONE',  ( 0.000000000000000000, 0.000000000000000000, -1.000000000000000000 ) ) ;
#765 = EDGE_CURVE ( 'NONE', #3972, #1240, #8803, .T. ) ;
#766 = CARTESIAN_POINT ( 'NONE',  ( 17.36252504363606874, -72.45737090704351147, 11.50199642869287864 ) ) ;
#767 = CARTESIAN_POINT ( 'NONE',  ( 19.74659446876218283, 32.76863808797504873, -15.93636672347845185 ) ) ;
#768 = ORIENTED_EDGE ( 'NONE', *, *, #4886, .F. ) ;
#769 = DIRECTION ( 'NONE',  ( 0.000000000000000000, -0.1736481776669232535, -0.9848077530122092416 ) ) ;
#770 = EDGE_LOOP ( 'NONE', ( #480, #3310 ) ) ;
#771 = EDGE_LOOP ( 'NONE', ( #1161, #484, #3247, #1695 ) ) ;
#772 = CARTESIAN_POINT ( 'NONE',  ( 18.23857707116227900, -22.74807649635295803, -43.51958516615475503 ) ) ;
#773 = CONICAL_SURFACE ( 'NONE', #2485, 1.000000000000000888, 0.7853981633974479459 ) ;
#774 = CARTESIAN_POINT ( 'NONE',  ( 12.90252032901537405, -14.41601636023940713, -22.86621679667282692 ) ) ;
#775 = CARTESIAN_POINT ( 'NONE',  ( 7.063094819832190119, -79.63201023383236077, 35.17019955860939717 ) ) ;
#776 = FACE_OUTER_BOUND ( 'NONE', #942, .T. ) ;
#777 = CARTESIAN_POINT ( 'NONE',  ( 11.67758686011480052, 16.15436888878677379, -44.10989653407379052 ) ) ;
#778 = VECTOR ( 'NONE', #3642, 1000.000000000000114 ) ;
#779 = VECTOR ( 'NONE', #7212, 1000.000000000000000 ) ;
#780 = FACE_OUTER_BOUND ( 'NONE', #300, .T. ) ;
#781 = EDGE_CURVE ( 'NONE', #6708, #5033, #3069, .T. ) ;
#782 = EDGE_LOOP ( 'NONE', ( #8955, #794, #8737, #3992 ) ) ;
#783 = CARTESIAN_POINT ( 'NONE',  ( 16.58713382503011502, -14.59551061279675821, -44.04596861545201136 ) ) ;
#784 = CARTESIAN_POINT ( 'NONE',  ( 14.99200959049340121, -99.77604891709231083, 10.01301644943768565 ) ) ;
#785 = DIRECTION ( 'NONE',  ( 0.6105962049779964929, 0.5914153929395853382, 0.5266878653059935411 ) ) ;
#786 = EDGE_CURVE ( 'NONE', #8480, #8261, #8988, .T. ) ;
#787 = CARTESIAN_POINT ( 'NONE',  ( 23.44999999999999929, 33.39474714341176309, -13.60563718565184033 ) ) ;
#788 = LINE ( 'NONE', #8936, #8407 ) ;
#789 = CIRCLE ( 'NONE', #3727, 1.000000000000000888 ) ;
#790 = CARTESIAN_POINT ( 'NONE',  ( 16.75907894232258144, -74.06371454303852886, 15.69449190741410760 ) ) ;
#791 = CARTESIAN_POINT ( 'NONE',  ( 14.66564015486160066, -42.01315784628862104, -19.39182881905757938 ) ) ;
#792 = FACE_OUTER_BOUND ( 'NONE', #2863, .T. ) ;
#793 = CARTESIAN_POINT ( 'NONE',  ( 22.02567167066570875, -36.17823496505039316, -15.06480666215174757 ) ) ;
#794 = ORIENTED_EDGE ( 'NONE', *, *, #7347, .F. ) ;
#795 = CARTESIAN_POINT ( 'NONE',  ( 19.53372636577285704, -13.85196582866756287, -21.85774421308661175 ) ) ;
#796 = LINE ( 'NONE', #118, #4232 ) ;
#797 = CARTESIAN_POINT ( 'NONE',  ( 6.034157695556142009, -79.63623670357654305, 2.727723340683080089 ) ) ;
#798 = DIRECTION ( 'NONE',  ( 0.000000000000000000, 0.000000000000000000, -1.000000000000000000 ) ) ;
#799 = DIRECTION ( 'NONE',  ( 1.000000000000000000, 0.000000000000000000, 0.000000000000000000 ) ) ;
#800 = CARTESIAN_POINT ( 'NONE',  ( 4.208267656719247185, -94.53058637217942817, 42.31907429973506396 ) ) ;
#801 = CARTESIAN_POINT ( 'NONE',  ( 15.00000000000107292, -115.6669351147255753, 48.11887089598009482 ) ) ;
#802 = DIRECTION ( 'NONE',  ( -0.000000000000000000, 0.000000000000000000, 1.000000000000000000 ) ) ;
#803 = VERTEX_POINT ( 'NONE', #697 ) ;
#804 = ORIENTED_EDGE ( 'NONE', *, *, #4688, .T. ) ;
#805 = CARTESIAN_POINT ( 'NONE',  ( 12.78563161019033956, 15.58609859650980489, -43.73496109670291077 ) ) ;
#806 = VERTEX_POINT ( 'NONE', #6627 ) ;
#807 = LINE ( 'NONE', #6786, #679 ) ;
#808 = ORIENTED_EDGE ( 'NONE', *, *, #3164, .F. ) ;
#809 = CARTESIAN_POINT ( 'NONE',  ( 15.00000000000000000, -119.0806427352312653, 31.63023623260057704 ) ) ;
#810 = CARTESIAN_POINT ( 'NONE',  ( 21.86140539116639658, -32.82508487488659199, -16.95809120504879886 ) ) ;
#811 = CARTESIAN_POINT ( 'NONE',  ( 8.090224135996349375, -75.48598723738501803, 33.12778123679112952 ) ) ;
#812 = CARTESIAN_POINT ( 'NONE',  ( 17.14935484116679731, -77.79015928980567196, 2.481618138571804799 ) ) ;
#813 = CARTESIAN_POINT ( 'NONE',  ( 18.83088358951883734, 24.37932580916534775, -43.50252457413390061 ) ) ;
#814 = AXIS2_PLACEMENT_3D ( 'NONE', #5455, #3126, #3851 ) ;
#815 = EDGE_CURVE ( 'NONE', #5436, #4694, #9573, .T. ) ;
#816 = ORIENTED_EDGE ( 'NONE', *, *, #8283, .F. ) ;
#817 = CARTESIAN_POINT ( 'NONE',  ( 19.69531594236417860, 22.09146217814459590, -43.54569954461216241 ) ) ;
#818 = VERTEX_POINT ( 'NONE', #5889 ) ;
#819 = ORIENTED_EDGE ( 'NONE', *, *, #612, .F. ) ;
#820 = LINE ( 'NONE', #2270, #6424 ) ;
#821 = AXIS2_PLACEMENT_3D ( 'NONE', #9246, #6195, #2600 ) ;
#822 = CARTESIAN_POINT ( 'NONE',  ( 13.73718108587052100, -13.94008826708044957, -21.94850077392666776 ) ) ;
#823 = CARTESIAN_POINT ( 'NONE',  ( 6.691435112466119328, -81.27201456388630163, 35.97810026114618154 ) ) ;
#824 = EDGE_CURVE ( 'NONE', #8554, #6062, #8847, .T. ) ;
#825 = VECTOR ( 'NONE', #2192, 1000.000000000000000 ) ;
#826 = CARTESIAN_POINT ( 'NONE',  ( 6.034157695556142009, -79.63623670357654305, 2.727723340683080089 ) ) ;
#827 = EDGE_CURVE ( 'NONE', #5573, #9109, #5316, .T. ) ;
#828 = CARTESIAN_POINT ( 'NONE',  ( 18.25000000000000000, 28.87998371521744545, -19.05443624484269449 ) ) ;
#829 = AXIS2_PLACEMENT_3D ( 'NONE', #6773, #2244, #8119 ) ;
#830 = CARTESIAN_POINT ( 'NONE',  ( 3.620702289461849244, -97.96310903532499026, 43.58411663190101848 ) ) ;
#831 = ORIENTED_EDGE ( 'NONE', *, *, #5387, .T. ) ;
#832 = DIRECTION ( 'NONE',  ( -1.000000000000000000, 0.000000000000000000, 0.000000000000000000 ) ) ;
#833 = CARTESIAN_POINT ( 'NONE',  ( 15.02194700248322334, -92.41553640195046171, 19.17198468113173604 ) ) ;
#834 = CARTESIAN_POINT ( 'NONE',  ( 10.96915077053851384, -15.58496884023601581, -44.29634368573848491 ) ) ;
#835 = CARTESIAN_POINT ( 'NONE',  ( 5.999999999999998224, -76.19643011214637340, 9.598817985670732966 ) ) ;
#836 = ADVANCED_FACE ( 'NONE', ( #6671 ), #8163, .F. ) ;
#837 = CARTESIAN_POINT ( 'NONE',  ( -9.130541174292144896E-21, -57.43085784527291082, 24.68650956725689483 ) ) ;
#838 = VECTOR ( 'NONE', #6442, 1000.000000000000000 ) ;
#839 = CARTESIAN_POINT ( 'NONE',  ( 3.188798608406862911, -99.68960827893432963, 9.958714539438515700 ) ) ;
#840 = CARTESIAN_POINT ( 'NONE',  ( 20.65511315303239215, -64.73402888560080726, -2.813243155765983605 ) ) ;
#841 = CARTESIAN_POINT ( 'NONE',  ( 12.19083461222125031, -14.68197569938393343, -43.29634816116375617 ) ) ;
#842 = VERTEX_POINT ( 'NONE', #8278 ) ;
#843 = CARTESIAN_POINT ( 'NONE',  ( 7.399999999999999467, -69.02821919591445976, 13.76615170645137987 ) ) ;
#844 = CARTESIAN_POINT ( 'NONE',  ( 15.00000000000000000, -90.30962319386860315, 30.09507027153647130 ) ) ;
#845 = AXIS2_PLACEMENT_3D ( 'NONE', #9075, #1031, #3978 ) ;
#846 = EDGE_LOOP ( 'NONE', ( #3048, #4217, #2353, #8065 ) ) ;
#847 = CARTESIAN_POINT ( 'NONE',  ( 4.000000000000000000, -31.50781046928433682, -8.964923461182939590 ) ) ;
#848 = CARTESIAN_POINT ( 'NONE',  ( 10.55000000000000071, 31.10138907885891513, -17.97376135830883825 ) ) ;
#849 = LINE ( 'NONE', #946, #7234 ) ;
#850 = CARTESIAN_POINT ( 'NONE',  ( 21.43515204638936567, -50.48297605001762633, 19.35244310981846638 ) ) ;
#851 = PLANE ( 'NONE',  #2432 ) ;
#852 = CARTESIAN_POINT ( 'NONE',  ( 3.756933178757911218, -97.14949735427535416, 43.30068331346284793 ) ) ;
#853 = CARTESIAN_POINT ( 'NONE',  ( 15.00000000000000000, -113.3102421485133675, 34.07866424528317140 ) ) ;
#854 = CARTESIAN_POINT ( 'NONE',  ( 23.25438077784395574, -40.49544282338337098, 8.501424745722813370 ) ) ;
#855 = EDGE_CURVE ( 'NONE', #3812, #9286, #6690, .T. ) ;
#856 = EDGE_LOOP ( 'NONE', ( #9368, #808, #725, #7155 ) ) ;
#857 = DIRECTION ( 'NONE',  ( 0.000000000000000000, -0.7330462071883311337, 0.6801788427515240709 ) ) ;
#858 = ORIENTED_EDGE ( 'NONE', *, *, #4054, .F. ) ;
#859 = CARTESIAN_POINT ( 'NONE',  ( 22.23321502475361910, -18.12182225824881243, -16.60357600088130425 ) ) ;
#860 = VERTEX_POINT ( 'NONE', #2260 ) ;
#861 = CARTESIAN_POINT ( 'NONE',  ( 15.00000000000000000, -99.27017965866524207, 23.85125697612410178 ) ) ;
#862 = CARTESIAN_POINT ( 'NONE',  ( 21.07151545346962607, -25.20278383499740471, -24.56306075383496079 ) ) ;
#863 = DIRECTION ( 'NONE',  ( -2.592365900567902216E-17, 1.000000000000000000, 0.000000000000000000 ) ) ;
#864 = CARTESIAN_POINT ( 'NONE',  ( 18.23238424210731523, -72.79257522627756316, 1.261760869655951023 ) ) ;
#865 = CARTESIAN_POINT ( 'NONE',  ( -74.55000000000001137, -62.32202768219572420, -52.60384834137980903 ) ) ;
#866 = EDGE_CURVE ( 'NONE', #4729, #583, #5221, .T. ) ;
#867 = VECTOR ( 'NONE', #9244, 1000.000000000000000 ) ;
#868 = VERTEX_POINT ( 'NONE', #763 ) ;
#869 = CARTESIAN_POINT ( 'NONE',  ( 17.24886410854001184, 25.85839741406316961, -43.42340839790396956 ) ) ;
#870 = EDGE_LOOP ( 'NONE', ( #5300, #8781, #3223, #191 ) ) ;
#871 = VERTEX_POINT ( 'NONE', #8741 ) ;
#872 = AXIS2_PLACEMENT_3D ( 'NONE', #552, #3417, #7296 ) ;
#873 = CARTESIAN_POINT ( 'NONE',  ( 20.87841550056739237, 26.75435982320476214, -35.25508681635305663 ) ) ;
#874 = CARTESIAN_POINT ( 'NONE',  ( 6.000000000000005329, -119.4571793330561462, 36.63996838842681569 ) ) ;
#875 = DIRECTION ( 'NONE',  ( 0.000000000000000000, -0.9050163282161121092, 0.4253768278388310731 ) ) ;
#876 = DIRECTION ( 'NONE',  ( -1.000000000000000000, -0.000000000000000000, 0.000000000000000000 ) ) ;
#877 = CARTESIAN_POINT ( 'NONE',  ( 13.04634899518697999, 15.03038914439874141, -21.29634816116374907 ) ) ;
#878 = CARTESIAN_POINT ( 'NONE',  ( 0.000000000000000000, -32.28376223969119962, -11.23648032529736263 ) ) ;
#879 = VECTOR ( 'NONE', #1956, 999.9999999999998863 ) ;
#880 = VECTOR ( 'NONE', #2667, 1000.000000000000114 ) ;
#881 = ORIENTED_EDGE ( 'NONE', *, *, #3260, .F. ) ;
#882 = EDGE_CURVE ( 'NONE', #897, #7964, #9464, .T. ) ;
#883 = CARTESIAN_POINT ( 'NONE',  ( 12.46895110751318647, 15.53016839124775927, -22.11845563975744255 ) ) ;
#884 = CARTESIAN_POINT ( 'NONE',  ( 14.79695762413192561, -25.75639365755347399, -35.61901133927941743 ) ) ;
#885 = DIRECTION ( 'NONE',  ( -0.9921354217690540045, 0.000000000000000000, 0.1251691050984285458 ) ) ;
#886 = CARTESIAN_POINT ( 'NONE',  ( 19.76657000559822919, -12.46246350426197402, -21.29634816116374907 ) ) ;
#887 = DIRECTION ( 'NONE',  ( 1.000000000000000000, -0.000000000000000000, -0.000000000000000000 ) ) ;
#888 = EDGE_CURVE ( 'NONE', #6642, #5912, #4203, .T. ) ;
#889 = FACE_OUTER_BOUND ( 'NONE', #7838, .T. ) ;
#890 = LINE ( 'NONE', #3990, #7041 ) ;
#891 =( BOUNDED_SURFACE ( )  B_SPLINE_SURFACE ( 2, 3, ( 
 ( #334, #9158, #7084, #6356, #9305, #5418, #8425, #5369, #235, #4639, #6259, #7710, #8329, #3293, #4683, #2512, #1017, #6941, #6157, #7614, #5467, #9209, #4784, #2564, #6893, #8377, #7662, #283, #3241, #1787 ),
 ( #6208, #4737, #7758, #1112, #7037, #384, #3343, #6310, #9260, #9351, #2708, #5024, #9443, #6590, #2068, #7994, #5612, #658, #5072, #5708, #521, #5755, #1976, #1351, #2797, #7266, #1216, #5662, #3618, #8718 ),
 ( #4298, #476, #4340, #4160, #8627, #8040, #7860, #7172, #2658, #8671, #7902, #4929, #4884, #613, #2021, #5802, #1393, #1258, #8576, #1303, #4204, #6399, #8766, #7130, #7313, #4978, #2113, #1928, #3432, #3479 ) ),
 .UNSPECIFIED., .F., .F., .F. ) 
 B_SPLINE_SURFACE_WITH_KNOTS ( ( 3, 3 ),
 ( 4, 2, 2, 2, 2, 2, 2, 2, 2, 2, 2, 2, 2, 2, 4 ),
 ( 0.000000000000000000, 1.000000000000000000 ),
 ( 0.5374682599020181861, 0.5699624678230031938, 0.5862095717834956421, 0.6024566757439882014, 0.6187037797044806497, 0.6349508836649730981, 0.6674450915859581057, 0.6999392995069431134, 0.7161864034674356727, 0.7324335074279281210, 0.7649277153489131287, 0.7974219232698980253, 0.8299161311908830330, 0.8461632351513754813, 0.8624103391118679296 ),
 .UNSPECIFIED. ) 
 GEOMETRIC_REPRESENTATION_ITEM ( )  RATIONAL_B_SPLINE_SURFACE ( (
 ( 1.000000000000000000, 1.000000000000000000, 1.000000000000000000, 1.000000000000000000, 1.000000000000000000, 1.000000000000000000, 1.000000000000000000, 1.000000000000000000, 1.000000000000000000, 1.000000000000000000, 1.000000000000000000, 1.000000000000000000, 1.000000000000000000, 1.000000000000000000, 1.000000000000000000, 1.000000000000000000, 1.000000000000000000, 1.000000000000000000, 1.000000000000000000, 1.000000000000000000, 1.000000000000000000, 1.000000000000000000, 1.000000000000000000, 1.000000000000000000, 1.000000000000000000, 1.000000000000000000, 1.000000000000000000, 1.000000000000000000, 1.000000000000000000, 1.000000000000000000),
 ( 0.7460544685310571689, 0.7459467097328382756, 0.7458441177939588718, 0.7458058248965984127, 0.7458117787844160684, 0.7458666281939756448, 0.7459165931684222928, 0.7460458644213175949, 0.7461259989572521789, 0.7463050908785775484, 0.7464045465345924280, 0.7467148729620081138, 0.7469352880773811876, 0.7472771782953446795, 0.7473969115744358849, 0.7474648780257165948, 0.7474691565480890976, 0.7474437506193021274, 0.7474143446171650496, 0.7472806452981227698, 0.7471317231230248934, 0.7467730725561377847, 0.7465641462214659407, 0.7461415364961817565, 0.7459260271286348720, 0.7455909997832500524, 0.7454775168132519170, 0.7452469467345850251, 0.7451262894876137244, 0.7449983438458309681),
 ( 1.000000000000000000, 1.000000000000000000, 1.000000000000000000, 1.000000000000000000, 1.000000000000000000, 1.000000000000000000, 1.000000000000000000, 1.000000000000000000, 1.000000000000000000, 1.000000000000000000, 1.000000000000000000, 1.000000000000000000, 1.000000000000000000, 1.000000000000000000, 1.000000000000000000, 1.000000000000000000, 1.000000000000000000, 1.000000000000000000, 1.000000000000000000, 1.000000000000000000, 1.000000000000000000, 1.000000000000000000, 1.000000000000000000, 1.000000000000000000, 1.000000000000000000, 1.000000000000000000, 1.000000000000000000, 1.000000000000000000, 1.000000000000000000, 1.000000000000000000) ) ) 
 REPRESENTATION_ITEM ( '' )  SURFACE ( )  );
#892 = B_SPLINE_CURVE_WITH_KNOTS ( 'NONE', 3,
 ( #826, #6703, #3004, #4, #5968, #5188, #2958, #5917, #6118, #4462, #2426, #8241, #9074, #98, #8878, #6069, #5284, #6853, #3780, #5235, #8148, #7576, #8195, #3879, #6752, #9022, #3055, #6019 ),
 .UNSPECIFIED., .F., .F.,
 ( 4, 2, 2, 1, 1, 1, 1, 2, 2, 2, 1, 1, 1, 1, 1, 1, 2, 2, 4 ),
 ( 0.000000000000000000, 0.2499999999999917843, 0.3749999999999886202, 0.4374999999999879541, 0.4687499999999866773, 0.4843749999999851230, 0.4921874999999844014, 0.4960937499999849010, 0.4999999999999854561, 0.6249999999999951150, 0.6874999999999990008, 0.7187500000000009992, 0.7343750000000021094, 0.7421875000000025535, 0.7460937500000018874, 0.7480468750000016653, 0.7490234375000014433, 0.7500000000000013323, 1.000000000000000000 ),
 .UNSPECIFIED. ) ;
#893 = DIRECTION ( 'NONE',  ( -0.000000000000000000, -0.9848077530122092416, 0.1736481776669234756 ) ) ;
#894 = ORIENTED_EDGE ( 'NONE', *, *, #286, .T. ) ;
#895 = EDGE_LOOP ( 'NONE', ( #7238, #4392, #4934, #9551, #4679 ) ) ;
#896 = CARTESIAN_POINT ( 'NONE',  ( 21.95930522510519012, -34.64506605826852592, -15.86119006379795415 ) ) ;
#897 = VERTEX_POINT ( 'NONE', #6103 ) ;
#898 = CARTESIAN_POINT ( 'NONE',  ( 12.19083461222128761, 15.75704869086030513, -43.29634816116374196 ) ) ;
#899 = CARTESIAN_POINT ( 'NONE',  ( 6.000000000000005329, -116.1242084823501983, 39.94962174011556044 ) ) ;
#900 = DIRECTION ( 'NONE',  ( 0.000000000000000000, 0.9463118589240401279, -0.3232551092554109551 ) ) ;
#901 = CARTESIAN_POINT ( 'NONE',  ( 11.99999999999997158, -119.4571793330561178, 36.63996838842680148 ) ) ;
#902 = DIRECTION ( 'NONE',  ( 0.000000000000000000, 0.000000000000000000, -1.000000000000000000 ) ) ;
#903 = CARTESIAN_POINT ( 'NONE',  ( 4.315759071596565910, -93.92694784399695607, 42.07230384925471611 ) ) ;
#904 = CARTESIAN_POINT ( 'NONE',  ( 2.393911387834115612, -106.3267107894439931, 45.82915588923206940 ) ) ;
#905 = CARTESIAN_POINT ( 'NONE',  ( 15.20671196294339111, -12.90503453612018703, -21.29634816116375262 ) ) ;
#906 = ORIENTED_EDGE ( 'NONE', *, *, #4846, .F. ) ;
#907 = CARTESIAN_POINT ( 'NONE',  ( 6.000000000000000000, -117.8612591275757353, 25.25769654673742437 ) ) ;
#908 = VERTEX_POINT ( 'NONE', #3716 ) ;
#909 = CARTESIAN_POINT ( 'NONE',  ( 16.34824031841279890, -78.07819892248866722, 13.10288247008626072 ) ) ;
#910 = EDGE_CURVE ( 'NONE', #806, #1108, #3088, .T. ) ;
#911 = ORIENTED_EDGE ( 'NONE', *, *, #8857, .T. ) ;
#912 = CARTESIAN_POINT ( 'NONE',  ( 23.06978993047813020, -49.27729881680579638, -4.479030790593168554 ) ) ;
#913 = CARTESIAN_POINT ( 'NONE',  ( 20.83659668092799322, -23.91916735148092954, -26.65144779827240384 ) ) ;
#914 = CARTESIAN_POINT ( 'NONE',  ( 13.55372511535923508, -14.04938072028058116, -22.07722152930343995 ) ) ;
#915 = EDGE_CURVE ( 'NONE', #5921, #8096, #6054, .T. ) ;
#916 = CARTESIAN_POINT ( 'NONE',  ( 6.268209039612823830, -78.84451084266640919, 2.614600949103436545 ) ) ;
#917 = CARTESIAN_POINT ( 'NONE',  ( 22.01439093893743149, -53.43457100616811317, -12.11146417372884976 ) ) ;
#918 = CARTESIAN_POINT ( 'NONE',  ( 19.10247750561970292, 32.89468629325763516, -15.92299662170506380 ) ) ;
#919 = ORIENTED_EDGE ( 'NONE', *, *, #434, .F. ) ;
#920 = CARTESIAN_POINT ( 'NONE',  ( 17.73449283800705700, 21.67040086569150503, -45.29634816116372065 ) ) ;
#921 = ORIENTED_EDGE ( 'NONE', *, *, #4883, .F. ) ;
#922 = ORIENTED_EDGE ( 'NONE', *, *, #1914, .F. ) ;
#923 = CARTESIAN_POINT ( 'NONE',  ( 11.99999999999997158, -119.4571793330561178, 36.63996838842680148 ) ) ;
#924 = CARTESIAN_POINT ( 'NONE',  ( 12.99274743033134882, -14.36701176141288450, -22.68556497261867122 ) ) ;
#925 = CARTESIAN_POINT ( 'NONE',  ( 12.28228435023308229, 15.68337034856459233, -22.61248488382151223 ) ) ;
#926 = CARTESIAN_POINT ( 'NONE',  ( 19.65137614678898359, -58.57735115207956511, 19.00500654401064793 ) ) ;
#927 = CARTESIAN_POINT ( 'NONE',  ( 12.80106502737037921, 15.56144986122596485, -43.60785710193771081 ) ) ;
#928 = DIRECTION ( 'NONE',  ( 0.000000000000000000, -0.1736481776669229204, -0.9848077530122094636 ) ) ;
#929 = ORIENTED_EDGE ( 'NONE', *, *, #3840, .F. ) ;
#930 = CARTESIAN_POINT ( 'NONE',  ( 12.82585338415949572, 15.22612484747904738, -21.55036555124694431 ) ) ;
#931 = LINE ( 'NONE', #1706, #210 ) ;
#932 = CARTESIAN_POINT ( 'NONE',  ( 19.16350846910415129, -14.44957147128894448, -23.03455272795029884 ) ) ;
#933 = CARTESIAN_POINT ( 'NONE',  ( 12.08024718501111749, -14.76990621443731833, -43.71672793114766620 ) ) ;
#934 = DIRECTION ( 'NONE',  ( -0.000000000000000000, -0.7660444431189817882, 0.6427876096865348110 ) ) ;
#935 = CARTESIAN_POINT ( 'NONE',  ( 22.12866050274999097, -22.82182225824879751, -16.60357600088130425 ) ) ;
#936 = AXIS2_PLACEMENT_3D ( 'NONE', #6222, #8439, #7051 ) ;
#937 = FACE_BOUND ( 'NONE', #2949, .T. ) ;
#938 = ORIENTED_EDGE ( 'NONE', *, *, #447, .F. ) ;
#939 = VERTEX_POINT ( 'NONE', #2357 ) ;
#940 = ADVANCED_FACE ( 'NONE', ( #5318 ), #9059, .T. ) ;
#941 = DIRECTION ( 'NONE',  ( 0.000000000000000000, -0.7095845552022339575, -0.7046202942141588377 ) ) ;
#942 = EDGE_LOOP ( 'NONE', ( #4936, #3482, #6629, #7375 ) ) ;
#943 = CARTESIAN_POINT ( 'NONE',  ( 15.96288389736912805, -24.97051890061164059, -43.40582975763559404 ) ) ;
#944 = CARTESIAN_POINT ( 'NONE',  ( 14.70700594834913666, 26.53753649573820184, -43.29634816116374196 ) ) ;
#945 = VECTOR ( 'NONE', #2351, 1000.000000000000114 ) ;
#946 = CARTESIAN_POINT ( 'NONE',  ( 25.00505927025263730, -8.012463504261802427, -16.46418557693210616 ) ) ;
#947 = PLANE ( 'NONE',  #409 ) ;
#948 =( BOUNDED_SURFACE ( )  B_SPLINE_SURFACE ( 2, 3, ( 
 ( #8469, #4006, #1923, #4878, #7853, #3236, #6252, #1209, #6203, #9153, #6304, #1824 ),
 ( #9254, #2504, #6983, #5463, #1782, #4730, #7703, #2606, #8519, #1873, #4828, #7806 ),
 ( #7079, #426, #6350, #7942, #6534, #8806, #9393, #6440, #4334, #7308, #9484, #5702 ) ),
 .UNSPECIFIED., .F., .F., .F. ) 
 B_SPLINE_SURFACE_WITH_KNOTS ( ( 3, 3 ),
 ( 4, 2, 2, 2, 2, 4 ),
 ( 0.000000000000000000, 1.000000000000000000 ),
 ( 0.01408271449371926651, 0.04897049674427830096, 0.08385827899483733194, 0.1187460612453963699, 0.1361899523706758819, 0.1536338434959554078 ),
 .UNSPECIFIED. ) 
 GEOMETRIC_REPRESENTATION_ITEM ( )  RATIONAL_B_SPLINE_SURFACE ( (
 ( 1.000000000000000000, 1.000000000000000000, 1.000000000000000000, 1.000000000000000000, 1.000000000000000000, 1.000000000000000000, 1.000000000000000000, 1.000000000000000000, 1.000000000000000000, 1.000000000000000000, 1.000000000000000000, 1.000000000000000000),
 ( 0.7071067811865474617, 0.7071067811865474617, 0.7071067811865475727, 0.7071067811865475727, 0.7071067811865475727, 0.7071067811865475727, 0.7071067811865474617, 0.7071067811865474617, 0.7071067811865475727, 0.7071067811865475727, 0.7071067811865475727, 0.7071067811865475727),
 ( 1.000000000000000000, 1.000000000000000000, 1.000000000000000000, 1.000000000000000000, 1.000000000000000000, 1.000000000000000000, 1.000000000000000000, 1.000000000000000000, 1.000000000000000000, 1.000000000000000000, 1.000000000000000000, 1.000000000000000000) ) ) 
 REPRESENTATION_ITEM ( '' )  SURFACE ( )  );
#949 = CARTESIAN_POINT ( 'NONE',  ( 15.90207410431439605, 26.53753649573821249, -34.56205723228875826 ) ) ;
#950 = LINE ( 'NONE', #1677, #670 ) ;
#951 = CARTESIAN_POINT ( 'NONE',  ( 23.44999999999999929, 29.59942153318571911, -6.336145902737859714 ) ) ;
#952 = CARTESIAN_POINT ( 'NONE',  ( 20.61554533550140178, -55.63538842289338504, 16.75006466950999950 ) ) ;
#953 = EDGE_LOOP ( 'NONE', ( #6112, #2269, #5948, #1744 ) ) ;
#954 = CARTESIAN_POINT ( 'NONE',  ( 12.46831191049480125, 16.08242687969028140, -44.66991051865950624 ) ) ;
#955 = ORIENTED_EDGE ( 'NONE', *, *, #7479, .T. ) ;
#956 = CARTESIAN_POINT ( 'NONE',  ( 0.000000000000000000, -130.9482816024203942, 19.78811616247799066 ) ) ;
#957 = LINE ( 'NONE', #1144, #5930 ) ;
#958 = CARTESIAN_POINT ( 'NONE',  ( 15.00000000000000000, -98.26056806849258862, 23.24576256901220361 ) ) ;
#959 = DIRECTION ( 'NONE',  ( 1.000000000000000000, 0.000000000000000000, -0.000000000000000000 ) ) ;
#960 = CARTESIAN_POINT ( 'NONE',  ( 14.13188676709214064, -12.89909319594547554, -20.51515545568333110 ) ) ;
#961 = DIRECTION ( 'NONE',  ( 1.000000000000000000, 2.592365900567902216E-17, -4.571040521386995250E-18 ) ) ;
#962 = EDGE_CURVE ( 'NONE', #1108, #7739, #7612, .T. ) ;
#963 = DIRECTION ( 'NONE',  ( 0.000000000000000000, -0.7660444431189821213, 0.6427876096865343669 ) ) ;
#964 = CARTESIAN_POINT ( 'NONE',  ( 16.04272411056106407, -78.33627117172389376, 17.62165192471182351 ) ) ;
#965 = ADVANCED_FACE ( 'NONE', ( #8423 ), #6891, .F. ) ;
#966 = VERTEX_POINT ( 'NONE', #1110 ) ;
#967 = CARTESIAN_POINT ( 'NONE',  ( 17.35330133953213760, 23.00262399613277964, -45.29634816116374196 ) ) ;
#968 = ADVANCED_FACE ( 'NONE', ( #6155 ), #5516, .F. ) ;
#969 = VERTEX_POINT ( 'NONE', #3912 ) ;
#970 = ORIENTED_EDGE ( 'NONE', *, *, #4569, .T. ) ;
#971 = CARTESIAN_POINT ( 'NONE',  ( 18.44999999999999218, 34.52346029824676776, -7.204386791072464824 ) ) ;
#972 = CARTESIAN_POINT ( 'NONE',  ( 0.000000000000000000, -123.1269936869295947, 49.94767151887362644 ) ) ;
#973 = CARTESIAN_POINT ( 'NONE',  ( 16.56566016231922234, -71.23965030219679306, 24.39843183340163435 ) ) ;
#974 = DIRECTION ( 'NONE',  ( 0.000000000000000000, 0.000000000000000000, 1.000000000000000000 ) ) ;
#975 = CARTESIAN_POINT ( 'NONE',  ( 12.43553216281913443, 16.13257180562439785, -44.72122049299019153 ) ) ;
#976 = CARTESIAN_POINT ( 'NONE',  ( 3.753552993847744990, -97.16242304480566361, 43.31125397333170923 ) ) ;
#977 = EDGE_CURVE ( 'NONE', #2876, #9239, #7638, .T. ) ;
#978 = VECTOR ( 'NONE', #6539, 1000.000000000000000 ) ;
#979 = B_SPLINE_CURVE_WITH_KNOTS ( 'NONE', 3,
 ( #3075, #8995, #5207, #4577 ),
 .UNSPECIFIED., .F., .F.,
 ( 4, 4 ),
 ( 0.000000000000000000, 1.000000000000000000 ),
 .UNSPECIFIED. ) ;
#980 = ORIENTED_EDGE ( 'NONE', *, *, #3721, .T. ) ;
#981 = VECTOR ( 'NONE', #3799, 1000.000000000000114 ) ;
#982 = EDGE_LOOP ( 'NONE', ( #5226, #8690, #1047, #45 ) ) ;
#983 = CARTESIAN_POINT ( 'NONE',  ( 13.03391402783179664, 15.41955320779442928, -22.61849852411658190 ) ) ;
#984 = DIRECTION ( 'NONE',  ( 0.000000000000000000, -0.7071067811865475727, 0.7071067811865475727 ) ) ;
#985 = DIRECTION ( 'NONE',  ( -0.9918938678055175817, 0.02206531685675235804, 0.1251386303338090089 ) ) ;
#986 = CARTESIAN_POINT ( 'NONE',  ( 12.40000000000000036, -58.74016882826288111, 19.49293262007675054 ) ) ;
#987 = DIRECTION ( 'NONE',  ( 0.000000000000000000, 0.6427876096865352551, 0.7660444431189813441 ) ) ;
#988 = VECTOR ( 'NONE', #7765, 1000.000000000000000 ) ;
#989 = VECTOR ( 'NONE', #8122, 1000.000000000000000 ) ;
#990 = CARTESIAN_POINT ( 'NONE',  ( 20.56556893869594305, -52.83102465029391936, -9.071513902785255823 ) ) ;
#991 = ORIENTED_EDGE ( 'NONE', *, *, #5057, .T. ) ;
#992 = ORIENTED_EDGE ( 'NONE', *, *, #434, .T. ) ;
#993 = ORIENTED_EDGE ( 'NONE', *, *, #2293, .T. ) ;
#994 = CARTESIAN_POINT ( 'NONE',  ( 12.46144235441073889, -14.46121800734294460, -22.13910145226960324 ) ) ;
#995 = CARTESIAN_POINT ( 'NONE',  ( 4.042108292698635807, 32.82974639746906576, -16.37424489438448916 ) ) ;
#996 = VECTOR ( 'NONE', #8785, 1000.000000000000000 ) ;
#997 = DIRECTION ( 'NONE',  ( 0.000000000000000000, 0.000000000000000000, -1.000000000000000000 ) ) ;
#998 = CARTESIAN_POINT ( 'NONE',  ( 16.34755134989976710, -49.65129586987991672, 18.65458057740836750 ) ) ;
#999 = B_SPLINE_CURVE_WITH_KNOTS ( 'NONE', 3,
 ( #5957, #5273, #1644, #6795, #6010, #8186, #9592, #4595, #3867, #1454, #8092, #2947, #136, #813, #3771, #6744, #3046, #8962, #3091, #2415, #1740, #5371, #3196, #7039, #6210, #2466, #9213, #6990, #7712, #4740, #3345, #6261, #6896, #1020, #3295, #6943, #5568, #9115, #9161, #2615, #8429, #4786, #2567, #1115, #4641, #8479, #6313, #7760, #4686 ),
 .UNSPECIFIED., .F., .F.,
 ( 4, 2, 2, 1, 1, 2, 2, 2, 2, 1, 1, 1, 2, 2, 2, 2, 2, 1, 1, 2, 2, 2, 2, 1, 1, 1, 1, 2, 2, 4 ),
 ( 0.000000000000000000, 0.1250000000000367484, 0.1875000000000545675, 0.2187500000000626721, 0.2343750000000673350, 0.2421875000000696665, 0.2500000000000719980, 0.3750000000001234013, 0.4375000000001491585, 0.4687500000001615930, 0.4843750000001673106, 0.4921875000001701972, 0.4960937500001711409, 0.5000000000001721956, 0.6250000000001899592, 0.6875000000001982858, 0.7187500000002021716, 0.7343750000002041700, 0.7421875000002045031, 0.7460937500002042810, 0.7500000000002039480, 0.8125000000001990630, 0.8437500000001968425, 0.8593750000001959544, 0.8671875000001955103, 0.8710937500001953993, 0.8730468750001948441, 0.8740234375001939560, 0.8750000000001931788, 1.000000000000000000 ),
 .UNSPECIFIED. ) ;
#1000 = LINE ( 'NONE', #9196, #5470 ) ;
#1001 = CARTESIAN_POINT ( 'NONE',  ( 11.91334163679236369, -14.90016391867889389, -43.93390165673063308 ) ) ;
#1002 = EDGE_CURVE ( 'NONE', #2804, #7406, #5475, .T. ) ;
#1003 = CARTESIAN_POINT ( 'NONE',  ( 22.62246742169361013, -46.45204065086709022, 11.15472625524000883 ) ) ;
#1004 = AXIS2_PLACEMENT_3D ( 'NONE', #5626, #8589, #4075 ) ;
#1005 = ORIENTED_EDGE ( 'NONE', *, *, #8731, .T. ) ;
#1006 = DIRECTION ( 'NONE',  ( -1.000000000000000000, 0.000000000000000000, 0.000000000000000000 ) ) ;
#1007 = EDGE_CURVE ( 'NONE', #5033, #5120, #3291, .T. ) ;
#1008 =( BOUNDED_CURVE ( )  B_SPLINE_CURVE ( 3, ( #5582, #6370, #6226, #6414 ),
 .UNSPECIFIED., .F., .F. ) 
 B_SPLINE_CURVE_WITH_KNOTS ( ( 4, 4 ),
 ( 2.999903211070821030, 3.273239366913522908 ),
 .UNSPECIFIED. ) 
 CURVE ( )  GEOMETRIC_REPRESENTATION_ITEM ( )  RATIONAL_B_SPLINE_CURVE ( ( 1.000000000000000000, 0.9937836303994913578, 0.9937836303994913578, 1.000000000000000000 ) ) 
 REPRESENTATION_ITEM ( '' )  );
#1009 = ORIENTED_EDGE ( 'NONE', *, *, #4432, .F. ) ;
#1010 = UNCERTAINTY_MEASURE_WITH_UNIT (LENGTH_MEASURE( 1.000000000000000082E-05 ), #4700, 'distance_accuracy_value', 'NONE');
#1011 = DIRECTION ( 'NONE',  ( -1.000000000000000000, -0.000000000000000000, 0.000000000000000000 ) ) ;
#1012 = ORIENTED_EDGE ( 'NONE', *, *, #23, .F. ) ;
#1013 = CARTESIAN_POINT ( 'NONE',  ( -5.999999999999998224, -50.58651770765258959, -11.85719723704682416 ) ) ;
#1014 = EDGE_CURVE ( 'NONE', #8884, #3945, #1687, .T. ) ;
#1015 = CARTESIAN_POINT ( 'NONE',  ( 14.24999999999999822, 2.874200784847784185, -6.193188172902254429 ) ) ;
#1016 = CARTESIAN_POINT ( 'NONE',  ( 13.10175509801838878, -13.90558829443377675, -21.23700706817853145 ) ) ;
#1017 = CARTESIAN_POINT ( 'NONE',  ( 14.31231975690802294, -46.79372036731466977, -16.86844890199033742 ) ) ;
#1018 = CARTESIAN_POINT ( 'NONE',  ( 15.00000000000000000, -102.6120857302048393, 32.91477050087829070 ) ) ;
#1019 = EDGE_CURVE ( 'NONE', #5630, #3486, #9294, .T. ) ;
#1020 = CARTESIAN_POINT ( 'NONE',  ( 16.65754084860896000, 26.14272084078355363, -43.39384983806276352 ) ) ;
#1021 = VERTEX_POINT ( 'NONE', #1015 ) ;
#1022 = CARTESIAN_POINT ( 'NONE',  ( 14.90769337630546332, 24.53755048202950562, -45.29634816116372065 ) ) ;
#1024 = EDGE_CURVE ( 'NONE', #8541, #8516, #3341, .T. ) ;
#1023 = ORIENTED_EDGE ( 'NONE', *, *, #1024, .F. ) ;
#1025 = DIRECTION ( 'NONE',  ( 1.000000000000000000, 0.000000000000000000, 0.000000000000000000 ) ) ;
#1026 = EDGE_LOOP ( 'NONE', ( #3723, #8636, #1648, #7453 ) ) ;
#1027 = FACE_OUTER_BOUND ( 'NONE', #4899, .T. ) ;
#1028 = DIRECTION ( 'NONE',  ( 1.000000000000000000, -2.130626907000495283E-16, -2.115721018819838060E-16 ) ) ;
#1029 = CARTESIAN_POINT ( 'NONE',  ( 12.35686213401910294, 15.62257477751652068, -22.38497012640479866 ) ) ;
#1030 = CARTESIAN_POINT ( 'NONE',  ( 0.9999999999999991118, -136.8423555909551510, 40.04116618946476081 ) ) ;
#1031 = DIRECTION ( 'NONE',  ( 1.000000000000000000, 0.000000000000000000, 0.000000000000000000 ) ) ;
#1032 = AXIS2_PLACEMENT_3D ( 'NONE', #8156, #1425, #6572 ) ;
#1033 = DIRECTION ( 'NONE',  ( 0.000000000000000000, 0.000000000000000000, -1.000000000000000000 ) ) ;
#1034 = ORIENTED_EDGE ( 'NONE', *, *, #3607, .F. ) ;
#1035 = EDGE_LOOP ( 'NONE', ( #5411, #2444, #8528, #5409 ) ) ;
#1036 = CARTESIAN_POINT ( 'NONE',  ( 12.37589395306699203, 15.60697451510481670, -22.33447360710345819 ) ) ;
#1037 = EDGE_CURVE ( 'NONE', #328, #1870, #2416, .T. ) ;
#1038 = CARTESIAN_POINT ( 'NONE',  ( 13.67384610079336227, -57.30787294187386038, -8.861377948040200181 ) ) ;
#1039 = CARTESIAN_POINT ( 'NONE',  ( 21.92731913537242860, -14.80729970222076375, -19.61265678023186965 ) ) ;
#1040 = VECTOR ( 'NONE', #5503, 1000.000000000000114 ) ;
#1041 = CARTESIAN_POINT ( 'NONE',  ( 13.89999999999999858, -44.95136885212121314, 7.922755645719122164 ) ) ;
#1042 = EDGE_CURVE ( 'NONE', #6745, #6867, #332, .T. ) ;
#1043 = FACE_OUTER_BOUND ( 'NONE', #6640, .T. ) ;
#1044 = VECTOR ( 'NONE', #1665, 1000.000000000000114 ) ;
#1045 = EDGE_LOOP ( 'NONE', ( #7016, #3176 ) ) ;
#1046 = ORIENTED_EDGE ( 'NONE', *, *, #2801, .F. ) ;
#1047 = ORIENTED_EDGE ( 'NONE', *, *, #1477, .F. ) ;
#1048 = CARTESIAN_POINT ( 'NONE',  ( 14.09586214389709014, -25.46248434132746041, -43.31250266735550980 ) ) ;
#1049 = DIRECTION ( 'NONE',  ( 0.000000000000000000, -0.8419636576019617902, 0.5395342429146887664 ) ) ;
#1050 = DIRECTION ( 'NONE',  ( 0.000000000000000000, 0.000000000000000000, -1.000000000000000000 ) ) ;
#1051 = CARTESIAN_POINT ( 'NONE',  ( 15.49753547128878672, -52.15947877224031970, 20.75919592570411609 ) ) ;
#1052 = CYLINDRICAL_SURFACE ( 'NONE', #6707, 19.99999999999999645 ) ;
#1053 = LINE ( 'NONE', #6977, #5309 ) ;
#1054 = AXIS2_PLACEMENT_3D ( 'NONE', #8290, #1651, #875 ) ;
#1055 = CARTESIAN_POINT ( 'NONE',  ( 12.04931360231045012, -14.79426358925895002, -43.76779581366808713 ) ) ;
#1056 = CARTESIAN_POINT ( 'NONE',  ( 20.57897320381720618, -55.75398128284173538, 16.84603145289204562 ) ) ;
#1057 = VERTEX_POINT ( 'NONE', #2019 ) ;
#1058 = CARTESIAN_POINT ( 'NONE',  ( 12.65877661468421600, 15.78690231113073139, -44.26348750847338920 ) ) ;
#1059 = ORIENTED_EDGE ( 'NONE', *, *, #8304, .T. ) ;
#1060 = CARTESIAN_POINT ( 'NONE',  ( 78.44999999999998863, -123.1269936869295947, 49.94767151887362644 ) ) ;
#1061 = CARTESIAN_POINT ( 'NONE',  ( 15.17747726725684565, 14.05767838365967393, -21.36516164300101295 ) ) ;
#1062 = CARTESIAN_POINT ( 'NONE',  ( 14.29243383328264017, 14.46409486945420220, -21.29634816116374907 ) ) ;
#1063 = CARTESIAN_POINT ( 'NONE',  ( 15.00000000000000355, -114.4899817941881395, 34.24388955588847949 ) ) ;
#1064 = CARTESIAN_POINT ( 'NONE',  ( 12.31541871342048999, -14.58135776995270483, -22.50441391723999018 ) ) ;
#1065 = CARTESIAN_POINT ( 'NONE',  ( 14.24999999999999822, 30.63728543497760270, -13.11942228818445599 ) ) ;
#1066 = CARTESIAN_POINT ( 'NONE',  ( 22.27312626757160530, -56.52888913787185032, -9.515022970670857561 ) ) ;
#1067 = CARTESIAN_POINT ( 'NONE',  ( 16.08051137827470356, -78.45369712716177446, 16.70649058255530051 ) ) ;
#1068 =( BOUNDED_SURFACE ( )  B_SPLINE_SURFACE ( 2, 3, ( 
 ( #1959, #6432, #4959, #9383, #4869, #6481, #4145, #9290 ),
 ( #8560, #2642, #7935, #8027, #2784, #8658, #4282, #1244 ),
 ( #4917, #1910, #2099, #4189, #5694, #1289, #5737, #2690 ) ),
 .UNSPECIFIED., .F., .F., .F. ) 
 B_SPLINE_SURFACE_WITH_KNOTS ( ( 3, 3 ),
 ( 4, 2, 2, 4 ),
 ( 0.000000000000000000, 1.000000000000000000 ),
 ( 0.9413373802324322970, 0.9546977975037808095, 0.9680582147751293220, 0.9947790493178264581 ),
 .UNSPECIFIED. ) 
 GEOMETRIC_REPRESENTATION_ITEM ( )  RATIONAL_B_SPLINE_SURFACE ( (
 ( 1.000000000000000000, 1.000000000000000000, 1.000000000000000000, 1.000000000000000000, 1.000000000000000000, 1.000000000000000000, 1.000000000000000000, 1.000000000000000000),
 ( 0.7071067811865476838, 0.7071067811865476838, 0.7071067811865477948, 0.7071067811865477948, 0.7071067811865476838, 0.7071067811865476838, 0.7071067811865477948, 0.7071067811865477948),
 ( 1.000000000000000000, 1.000000000000000000, 1.000000000000000000, 1.000000000000000000, 1.000000000000000000, 1.000000000000000000, 1.000000000000000000, 1.000000000000000000) ) ) 
 REPRESENTATION_ITEM ( '' )  SURFACE ( )  );
#1069 = ORIENTED_EDGE ( 'NONE', *, *, #3411, .F. ) ;
#1070 = CARTESIAN_POINT ( 'NONE',  ( 9.932741254112102069, -69.39972495225521243, 30.39254493103095811 ) ) ;
#1071 = ORIENTED_EDGE ( 'NONE', *, *, #1170, .T. ) ;
#1072 = CARTESIAN_POINT ( 'NONE',  ( -3.552832301889131919E-25, -42.76799703893976101, 9.591362551930822988 ) ) ;
#1073 = EDGE_CURVE ( 'NONE', #868, #4397, #2706, .T. ) ;
#1074 = CARTESIAN_POINT ( 'NONE',  ( 6.896612436636774923, -76.63252878235198295, 2.197140065435223555 ) ) ;
#1075 = CYLINDRICAL_SURFACE ( 'NONE', #3047, 2.000000000000000000 ) ;
#1076 = CARTESIAN_POINT ( 'NONE',  ( 12.41100447964006648, 15.57805274095685988, -22.25028651913665811 ) ) ;
#1077 = CARTESIAN_POINT ( 'NONE',  ( 12.74032748668713744, 15.65819480328194402, -43.98177491355170332 ) ) ;
#1078 = VERTEX_POINT ( 'NONE', #4201 ) ;
#1079 = DIRECTION ( 'NONE',  ( 0.000000000000000000, -0.7660444431189814551, 0.6427876096865353661 ) ) ;
#1080 = ORIENTED_EDGE ( 'NONE', *, *, #6196, .F. ) ;
#1081 = ORIENTED_EDGE ( 'NONE', *, *, #238, .F. ) ;
#1082 = FACE_OUTER_BOUND ( 'NONE', #5701, .T. ) ;
#1083 = CARTESIAN_POINT ( 'NONE',  ( 11.99999999999989519, -133.7038235893524813, 48.66421199410370946 ) ) ;
#1084 = FACE_OUTER_BOUND ( 'NONE', #2420, .T. ) ;
#1085 = CARTESIAN_POINT ( 'NONE',  ( 0.000000000000000000, 20.03753649573828355, -21.29634816116374907 ) ) ;
#1086 = LINE ( 'NONE', #7014, #1909 ) ;
#1087 = B_SPLINE_CURVE_WITH_KNOTS ( 'NONE', 3,
 ( #4708, #1133, #354, #3215, #3986, #6180, #9130, #3313, #3364, #6332, #6961, #2631, #5587, #303, #3262, #9326, #6231, #6280, #9232, #8546, #1898, #7830, #4131, #1186, #7106, #7878, #4181, #4904, #9558, #5777, #4272, #5822, #6610, #5045, #7284, #7926, #7332, #544, #2044, #2134, #497, #1235, #1281, #4361, #5090, #6468, #9419 ),
 .UNSPECIFIED., .F., .F.,
 ( 4, 2, 2, 2, 1, 1, 1, 1, 1, 2, 2, 2, 2, 1, 1, 1, 1, 1, 2, 2, 2, 2, 1, 1, 1, 1, 1, 2, 2, 2, 4 ),
 ( 0.000000000000000000, 0.1250000000002047529, 0.1875000000003063383, 0.2187500000003577416, 0.2343750000003828049, 0.2421875000003948231, 0.2460937500004007905, 0.2480468750004037881, 0.2490234375004047596, 0.2495117187504046763, 0.2500000000004045653, 0.3750000000002273182, 0.4375000000001395550, 0.4687500000000964229, 0.4843750000000748845, 0.4921875000000632272, 0.4960937500000575096, 0.4980468750000555112, 0.4990234375000545675, 0.5000000000000536238, 0.6250000000000397460, 0.6875000000000327516, 0.7187500000000284217, 0.7343750000000263123, 0.7421875000000253131, 0.7460937500000248690, 0.7480468750000246470, 0.7490234375000245359, 0.7500000000000244249, 0.8750000000000123235, 1.000000000000000000 ),
 .UNSPECIFIED. ) ;
#1088 = EDGE_CURVE ( 'NONE', #7642, #3097, #5008, .T. ) ;
#1089 = DIRECTION ( 'NONE',  ( 0.000000000000000000, 0.3420201433256705448, 0.9396926207859077618 ) ) ;
#1090 = VERTEX_POINT ( 'NONE', #7128 ) ;
#1091 = ORIENTED_EDGE ( 'NONE', *, *, #8021, .T. ) ;
#1092 = ADVANCED_FACE ( 'NONE', ( #1300 ), #3413, .T. ) ;
#1093 = VERTEX_POINT ( 'NONE', #4249 ) ;
#1094 = CARTESIAN_POINT ( 'NONE',  ( 19.21386831833620690, -14.41566514877623462, -22.86610882328552563 ) ) ;
#1095 = CARTESIAN_POINT ( 'NONE',  ( 3.323224638050880753, 32.74562197547543718, -16.71541899622365079 ) ) ;
#1096 = CARTESIAN_POINT ( 'NONE',  ( 1.093133965948115405, -34.53109105770879950, -22.85014142300977014 ) ) ;
#1097 = LINE ( 'NONE', #4048, #8883 ) ;
#1098 = VECTOR ( 'NONE', #8926, 1000.000000000000000 ) ;
#1099 = PLANE ( 'NONE',  #8255 ) ;
#1100 = CARTESIAN_POINT ( 'NONE',  ( 11.17797278169359032, -15.44071969462170379, -44.27600943616650397 ) ) ;
#1101 = CARTESIAN_POINT ( 'NONE',  ( 15.47753261346367282, -12.73550815507120504, -21.29634816116374196 ) ) ;
#1102 = CIRCLE ( 'NONE', #3881, 50.00000000000000000 ) ;
#1103 = VECTOR ( 'NONE', #6349, 1000.000000000000000 ) ;
#1104 = VERTEX_POINT ( 'NONE', #4881 ) ;
#1105 = CARTESIAN_POINT ( 'NONE',  ( 12.56952362048910032, 15.92624203359449453, -44.48168484405339740 ) ) ;
#1106 = EDGE_LOOP ( 'NONE', ( #7908, #3871, #8814, #6487, #4815 ) ) ;
#1107 = CARTESIAN_POINT ( 'NONE',  ( 17.43955312277121195, -72.11409871840814390, 11.36836563313654480 ) ) ;
#1108 = VERTEX_POINT ( 'NONE', #8669 ) ;
#1109 = CARTESIAN_POINT ( 'NONE',  ( 14.99983362031499112, 14.09984156959768420, -21.29634816116374907 ) ) ;
#1110 = CARTESIAN_POINT ( 'NONE',  ( 19.11022424730112945, -17.09070428359136429, -41.53933994421388576 ) ) ;
#1111 = CARTESIAN_POINT ( 'NONE',  ( 14.24404440307433894, -13.62555846021908756, -21.66425576737555758 ) ) ;
#1112 = CARTESIAN_POINT ( 'NONE',  ( 21.31501386545752297, -41.00079525803526082, -19.84738895966302152 ) ) ;
#1113 = CARTESIAN_POINT ( 'NONE',  ( 3.000000000000000000, -22.82182225824879751, -14.25357600088131171 ) ) ;
#1114 = VECTOR ( 'NONE', #385, 1000.000000000000000 ) ;
#1115 = CARTESIAN_POINT ( 'NONE',  ( 15.70884099923473798, 26.43647101599635363, -43.34642705289962095 ) ) ;
#1116 = ORIENTED_EDGE ( 'NONE', *, *, #4054, .T. ) ;
#1117 = VERTEX_POINT ( 'NONE', #2656 ) ;
#1118 = CARTESIAN_POINT ( 'NONE',  ( 3.025367420339236002, -43.11520150610495961, 9.906627984094292572 ) ) ;
#1119 = CARTESIAN_POINT ( 'NONE',  ( 6.034157695556142009, -79.63623670357654305, 2.727723340683080089 ) ) ;
#1120 = DIRECTION ( 'NONE',  ( 0.000000000000000000, -1.156482317317871331E-15, -1.000000000000000000 ) ) ;
#1121 = B_SPLINE_CURVE_WITH_KNOTS ( 'NONE', 3,
 ( #9245, #5646, #8612, #5553 ),
 .UNSPECIFIED., .F., .F.,
 ( 4, 4 ),
 ( 0.000000000000000000, 1.000000000000000000 ),
 .UNSPECIFIED. ) ;
#1122 = CARTESIAN_POINT ( 'NONE',  ( 0.000000000000000000, -50.58651770765258959, -11.85719723704682416 ) ) ;
#1123 = CARTESIAN_POINT ( 'NONE',  ( 15.90000000000001812, 0.5375364957381987274, -18.29634816116374552 ) ) ;
#1124 = CARTESIAN_POINT ( 'NONE',  ( 14.49047847065994965, -25.41129707247251801, -43.33224603455821011 ) ) ;
#1125 = FACE_OUTER_BOUND ( 'NONE', #8093, .T. ) ;
#1126 = EDGE_CURVE ( 'NONE', #3135, #860, #5634, .T. ) ;
#1127 = ORIENTED_EDGE ( 'NONE', *, *, #2581, .F. ) ;
#1128 = CARTESIAN_POINT ( 'NONE',  ( 15.87556669045135571, -151.1131640076220606, -43.54662542183137930 ) ) ;
#1129 = ORIENTED_EDGE ( 'NONE', *, *, #2568, .T. ) ;
#1130 = CARTESIAN_POINT ( 'NONE',  ( 14.11446840999476393, -54.13248084427826967, -11.52584828597590061 ) ) ;
#1131 = ADVANCED_FACE ( 'NONE', ( #2111 ), #7218, .F. ) ;
#1132 = DIRECTION ( 'NONE',  ( 0.000000000000000000, 0.6427876096865382527, 0.7660444431189789016 ) ) ;
#1133 = CARTESIAN_POINT ( 'NONE',  ( 3.043875956332406041, -100.9504808799808018, 10.73177365055962795 ) ) ;
#1134 = DIRECTION ( 'NONE',  ( -1.000000000000000000, -0.000000000000000000, -0.000000000000000000 ) ) ;
#1135 = ADVANCED_FACE ( 'NONE', ( #4927 ), #7900, .F. ) ;
#1136 = CARTESIAN_POINT ( 'NONE',  ( 0.5176295440967421113, -57.43085784527292503, 24.68650956725688772 ) ) ;
#1137 = CARTESIAN_POINT ( 'NONE',  ( 7.399999999999995914, 0.000000000000000000, 0.000000000000000000 ) ) ;
#1138 = AXIS2_PLACEMENT_3D ( 'NONE', #6714, #5101, #5243 ) ;
#1139 = DIRECTION ( 'NONE',  ( -0.000000000000000000, -0.6427876096865348110, -0.7660444431189817882 ) ) ;
#1140 = EDGE_LOOP ( 'NONE', ( #5892, #1847, #980, #4617 ) ) ;
#1141 = VERTEX_POINT ( 'NONE', #8715 ) ;
#1142 = ORIENTED_EDGE ( 'NONE', *, *, #7012, .T. ) ;
#1143 = EDGE_CURVE ( 'NONE', #5630, #9109, #7992, .T. ) ;
#1144 = CARTESIAN_POINT ( 'NONE',  ( 16.05615106662524738, -14.46246350426196869, -47.32201637687846585 ) ) ;
#1145 = CARTESIAN_POINT ( 'NONE',  ( 0.000000000000000000, -80.69594337995211220, 4.236506883837865445 ) ) ;
#1146 = VECTOR ( 'NONE', #369, 1000.000000000000000 ) ;
#1147 = DIRECTION ( 'NONE',  ( -1.000000000000000000, 0.000000000000000000, 0.000000000000000000 ) ) ;
#1148 = CARTESIAN_POINT ( 'NONE',  ( 22.95220878947627341, -54.20314082963195546, -11.46655751832663483 ) ) ;
#1149 = ADVANCED_FACE ( 'NONE', ( #5610 ), #8038, .T. ) ;
#1150 = AXIS2_PLACEMENT_3D ( 'NONE', #7609, #3085, #7411 ) ;
#1151 = DIRECTION ( 'NONE',  ( 0.000000000000000000, 0.9463118589240399059, -0.3232551092554115102 ) ) ;
#1152 = AXIS2_PLACEMENT_3D ( 'NONE', #3606, #9529, #6032 ) ;
#1153 = B_SPLINE_CURVE_WITH_KNOTS ( 'NONE', 3,
 ( #6470, #7831, #7971, #2777, #1329, #7243, #2632, #1187, #5728, #8496, #7197, #1899, #4132, #4182, #9375, #7107, #4856, #4226, #4273, #8599, #7060, #3500, #455, #6333, #591, #8548, #9280, #9420, #3542, #8649, #8696, #1851, #545, #3454 ),
 .UNSPECIFIED., .F., .F.,
 ( 4, 2, 1, 1, 2, 2, 2, 1, 2, 2, 2, 2, 1, 2, 2, 2, 2, 2, 4 ),
 ( 0.000000000000000000, 0.06249999999999031330, 0.09374999999998546996, 0.1093749999999813205, 0.1171874999999787670, 0.1249999999999762273, 0.1874999999999708844, 0.2187499999999679701, 0.2343749999999677758, 0.2499999999999675815, 0.3749999999999779066, 0.4374999999999834577, 0.4687499999999857336, 0.4843749999999868994, 0.4999999999999880096, 0.6249999999999908962, 0.6874999999999932276, 0.7499999999999955591, 1.000000000000000000 ),
 .UNSPECIFIED. ) ;
#1154 = CARTESIAN_POINT ( 'NONE',  ( 13.80682136430791473, -13.61614748008690512, -21.29634816116374907 ) ) ;
#1155 = VECTOR ( 'NONE', #7124, 1000.000000000000000 ) ;
#1156 = CARTESIAN_POINT ( 'NONE',  ( 16.36603299829168989, -72.51178717788727113, 24.69341315452328800 ) ) ;
#1157 = ORIENTED_EDGE ( 'NONE', *, *, #7603, .T. ) ;
#1158 = CARTESIAN_POINT ( 'NONE',  ( -3.184081677783118191E-15, 0.5375364957382012809, -21.29634816116374907 ) ) ;
#1159 = VERTEX_POINT ( 'NONE', #7311 ) ;
#1160 = CARTESIAN_POINT ( 'NONE',  ( 17.49680734747478184, -71.85329741271537785, 11.26994427437508328 ) ) ;
#1161 = ORIENTED_EDGE ( 'NONE', *, *, #142, .F. ) ;
#1162 = B_SPLINE_CURVE_WITH_KNOTS ( 'NONE', 3,
 ( #4002, #3283, #2553, #8463, #1820, #3904, #7749, #1101, #4053, #7554, #7027, #372, #905, #3131, #6093, #6880, #224, #6484, #1963, #6529, #4965, #4872, #8662, #7799, #2745, #9433, #5743, #4100, #7118, #2009, #8706, #2647, #7846, #3556, #1247, #556, #1154, #9293, #3469, #7891, #6435, #5697 ),
 .UNSPECIFIED., .F., .F.,
 ( 4, 1, 1, 2, 2, 1, 1, 2, 2, 1, 1, 2, 2, 1, 1, 2, 2, 1, 1, 1, 2, 2, 1, 1, 1, 2, 2, 4 ),
 ( 0.000000000000000000, 0.06249999999999956979, 0.09374999999999852895, 0.1093749999999978212, 0.1249999999999971134, 0.1874999999999951983, 0.2187499999999942268, 0.2343749999999944211, 0.2499999999999946154, 0.3124999999999960032, 0.3437499999999955591, 0.3593749999999946709, 0.3749999999999938383, 0.4374999999999901745, 0.4687499999999886757, 0.4843749999999879541, 0.4999999999999872324, 0.5624999999999826805, 0.5937499999999800160, 0.6093749999999786837, 0.6171874999999781286, 0.6249999999999774625, 0.6874999999999752420, 0.7187499999999730216, 0.7343749999999722444, 0.7421874999999725775, 0.7499999999999729106, 1.000000000000000000 ),
 .UNSPECIFIED. ) ;
#1163 = CARTESIAN_POINT ( 'NONE',  ( 15.85086760509275550, 13.53753649573836704, -21.29634816116374907 ) ) ;
#1164 = CARTESIAN_POINT ( 'NONE',  ( 18.44999999999999929, 33.32528787234499390, -13.99956028685670795 ) ) ;
#1165 = CARTESIAN_POINT ( 'NONE',  ( 15.15446435519397106, -13.00926178964012259, -21.38001435980581277 ) ) ;
#1166 = LINE ( 'NONE', #3194, #2524 ) ;
#1167 = CARTESIAN_POINT ( 'NONE',  ( 10.85321726537285159, -66.12895348143949548, 29.20208147256690268 ) ) ;
#1168 = CARTESIAN_POINT ( 'NONE',  ( 16.04573563281091353, -78.38117626370581092, 17.47241506187376103 ) ) ;
#1169 = AXIS2_PLACEMENT_3D ( 'NONE', #8641, #4942, #7915 ) ;
#1170 = EDGE_CURVE ( 'NONE', #80, #8403, #474, .T. ) ;
#1171 = ORIENTED_EDGE ( 'NONE', *, *, #75, .T. ) ;
#1172 = DIRECTION ( 'NONE',  ( -0.000000000000000000, -0.000000000000000000, -1.000000000000000000 ) ) ;
#1173 = ORIENTED_EDGE ( 'NONE', *, *, #5387, .F. ) ;
#1174 = DIRECTION ( 'NONE',  ( -2.632357323181799667E-17, 0.9848077530122093526, -0.1736481776669232258 ) ) ;
#1176 = VECTOR ( 'NONE', #1174, 1000.000000000000000 ) ;
#1175 = CARTESIAN_POINT ( 'NONE',  ( 6.410854996029835995, -78.34346656103595308, 2.532430463016149158 ) ) ;
#1177 = CARTESIAN_POINT ( 'NONE',  ( 15.14664996911194805, -13.00518810388579993, -21.37139037567328259 ) ) ;
#1178 = CARTESIAN_POINT ( 'NONE',  ( 12.10898296549133057, -14.74718384982437236, -43.66079851951133151 ) ) ;
#1179 = DIRECTION ( 'NONE',  ( 0.000000000000000000, 0.9848077530122094636, -0.1736481776669225319 ) ) ;
#1180 = CARTESIAN_POINT ( 'NONE',  ( 13.89999999999999858, -44.95136885212121314, 7.922755645719122164 ) ) ;
#1181 = ORIENTED_EDGE ( 'NONE', *, *, #3321, .T. ) ;
#1182 = CARTESIAN_POINT ( 'NONE',  ( -37.07224088444629473, -71.97364255504820107, 6.055478503969699666 ) ) ;
#1183 = ORIENTED_EDGE ( 'NONE', *, *, #5157, .F. ) ;
#1184 = CARTESIAN_POINT ( 'NONE',  ( 14.99999999999999645, -98.49271921226615234, 32.29635875616130392 ) ) ;
#1185 = DIRECTION ( 'NONE',  ( 1.000000000000000000, 0.000000000000000000, 0.000000000000000000 ) ) ;
#1186 = CARTESIAN_POINT ( 'NONE',  ( 2.159048478154371953, -110.8629514518606527, 15.45224071518568643 ) ) ;
#1187 = CARTESIAN_POINT ( 'NONE',  ( 19.97603395250448344, 15.50189994208914079, -22.92040905365089642 ) ) ;
#1188 = AXIS2_PLACEMENT_3D ( 'NONE', #9011, #5319, #863 ) ;
#1189 = CARTESIAN_POINT ( 'NONE',  ( 10.07690565352389100, -52.47418028630448106, 21.02326185008630688 ) ) ;
#1190 = LINE ( 'NONE', #2733, #7351 ) ;
#1191 = CARTESIAN_POINT ( 'NONE',  ( 4.400000000000000355, -135.9270157972179902, 29.54511202316016139 ) ) ;
#1192 = EDGE_CURVE ( 'NONE', #5326, #1456, #1926, .T. ) ;
#1193 = ORIENTED_EDGE ( 'NONE', *, *, #2128, .F. ) ;
#1194 = VERTEX_POINT ( 'NONE', #5208 ) ;
#1195 = ORIENTED_EDGE ( 'NONE', *, *, #6196, .T. ) ;
#1196 = CARTESIAN_POINT ( 'NONE',  ( 14.05773428011915627, -56.20162051896709698, 23.93859814785489704 ) ) ;
#1197 = ADVANCED_FACE ( 'NONE', ( #8267 ), #5113, .F. ) ;
#1198 = AXIS2_PLACEMENT_3D ( 'NONE', #6677, #4623, #8121 ) ;
#1199 = CARTESIAN_POINT ( 'NONE',  ( 4.874736054602592183, -57.10528308197181246, 21.64570027454408674 ) ) ;
#1200 = CARTESIAN_POINT ( 'NONE',  ( 23.44999999999999929, -132.0540735843957521, 53.19686288046747080 ) ) ;
#1201 = CARTESIAN_POINT ( 'NONE',  ( 13.05694329451492663, -60.27105260366889894, -6.374974986716019032 ) ) ;
#1202 = CARTESIAN_POINT ( 'NONE',  ( 15.06623927427374099, -86.11324658628829809, 28.82435083451094116 ) ) ;
#1203 = AXIS2_PLACEMENT_3D ( 'NONE', #5687, #6336, #2736 ) ;
#1204 = CARTESIAN_POINT ( 'NONE',  ( 22.59607132461368550, -45.19416353618728976, -8.953862043455863784 ) ) ;
#1205 = CARTESIAN_POINT ( 'NONE',  ( -10.55000000000000071, -18.94517128740758594, -2.345844174447023089 ) ) ;
#1206 = ORIENTED_EDGE ( 'NONE', *, *, #6127, .F. ) ;
#1207 = CARTESIAN_POINT ( 'NONE',  ( 15.29367724801709549, -28.16306545142618489, -29.43125852206127391 ) ) ;
#1208 = VERTEX_POINT ( 'NONE', #6727 ) ;
#1209 = CARTESIAN_POINT ( 'NONE',  ( 15.00000000000000000, -124.3536407970102289, 32.78514891524978481 ) ) ;
#1210 = CARTESIAN_POINT ( 'NONE',  ( 13.39909653856122596, 15.21419081228830272, -22.20589090389613673 ) ) ;
#1211 = VECTOR ( 'NONE', #7312, 1000.000000000000114 ) ;
#1212 = CARTESIAN_POINT ( 'NONE',  ( 12.40000000000000036, -60.96200874009102222, 17.04943361583019623 ) ) ;
#1213 = CARTESIAN_POINT ( 'NONE',  ( 15.00455547365309172, -93.49724588894035548, 20.00814953026695164 ) ) ;
#1214 = CARTESIAN_POINT ( 'NONE',  ( 12.86643652015997930, -14.43545291778600692, -22.96625074263823763 ) ) ;
#1215 = AXIS2_PLACEMENT_3D ( 'NONE', #2575, #4794, #7770 ) ;
#1216 = CARTESIAN_POINT ( 'NONE',  ( 21.89616521750361500, -51.97465504211161402, -13.30598640910102759 ) ) ;
#1217 = CARTESIAN_POINT ( 'NONE',  ( 17.33971537430075216, 15.59700320558265751, -43.78042516929100003 ) ) ;
#1218 = EDGE_CURVE ( 'NONE', #5436, #8199, #4699, .T. ) ;
#1219 = ORIENTED_EDGE ( 'NONE', *, *, #977, .F. ) ;
#1220 = CARTESIAN_POINT ( 'NONE',  ( 1.791774641014900915, -111.4676977704124425, 47.08944628803666888 ) ) ;
#1221 = VERTEX_POINT ( 'NONE', #7502 ) ;
#1222 = LINE ( 'NONE', #7669, #8103 ) ;
#1223 = CARTESIAN_POINT ( 'NONE',  ( 11.66095979410540906, -16.18320007116675185, -45.27676380056949768 ) ) ;
#1224 = EDGE_CURVE ( 'NONE', #3935, #5912, #4964, .T. ) ;
#1225 = CARTESIAN_POINT ( 'NONE',  ( 6.000000000000000000, 0.000000000000000000, 0.000000000000000000 ) ) ;
#1226 = CARTESIAN_POINT ( 'NONE',  ( 12.60569813073960788, -14.79495682354934871, -44.40294485532663771 ) ) ;
#1227 = CARTESIAN_POINT ( 'NONE',  ( 17.51592880439402578, -23.80113761315585208, -43.48346186396607749 ) ) ;
#1228 = CARTESIAN_POINT ( 'NONE',  ( 16.53346993430054113, -76.10435538319671878, 14.52016425251036225 ) ) ;
#1229 = ORIENTED_EDGE ( 'NONE', *, *, #8317, .F. ) ;
#1230 = CARTESIAN_POINT ( 'NONE',  ( 23.44999999999999929, -16.46246350426196869, -43.29634816116374907 ) ) ;
#1231 = ORIENTED_EDGE ( 'NONE', *, *, #6912, .F. ) ;
#1232 = CARTESIAN_POINT ( 'NONE',  ( 17.23697092603192971, -54.00354308667136394, -10.89725742698527178 ) ) ;
#1233 = B_SPLINE_CURVE_WITH_KNOTS ( 'NONE', 3,
 ( #8521, #4781, #9257, #429, #7126, #4680, #3290, #3428, #7034, #280, #4880, #9348, #1784, #9301, #7706, #1875, #6306, #1062, #2608, #1735, #4008, #1925, #6255, #9206, #7755, #7081, #7659, #6205, #5562, #1109, #4830, #331, #2655, #6396, #3238, #7808, #2508, #5609, #2561, #5465, #9155, #4060, #1163 ),
 .UNSPECIFIED., .F., .F.,
 ( 4, 1, 1, 1, 1, 2, 2, 1, 1, 1, 2, 2, 1, 1, 2, 2, 1, 1, 2, 2, 1, 1, 2, 2, 1, 1, 2, 2, 4 ),
 ( 0.000000000000000000, 0.1249999999999810707, 0.1874999999999712730, 0.2187499999999668321, 0.2343749999999645839, 0.2421874999999634737, 0.2499999999999623634, 0.3124999999999546474, 0.3437499999999519273, 0.3593749999999517053, 0.3671874999999515388, 0.3749999999999514277, 0.4374999999999551470, 0.4687499999999566458, 0.4843749999999578115, 0.4999999999999589217, 0.5624999999999641398, 0.5937499999999659162, 0.6093749999999672484, 0.6249999999999684697, 0.6874999999999737987, 0.7187499999999769074, 0.7343749999999783507, 0.7499999999999799050, 0.8124999999999839018, 0.8437499999999862332, 0.8593749999999882316, 0.8749999999999901190, 1.000000000000000000 ),
 .UNSPECIFIED. ) ;
#1234 = CARTESIAN_POINT ( 'NONE',  ( 15.02266812263367690, 14.17016959785902763, -21.39877966153461841 ) ) ;
#1235 = CARTESIAN_POINT ( 'NONE',  ( 1.740816876470990149, -116.6231507096186419, 17.25108529827082293 ) ) ;
#1236 = DIRECTION ( 'NONE',  ( 0.000000000000000000, -2.312964634635742661E-15, -1.000000000000000000 ) ) ;
#1237 = CARTESIAN_POINT ( 'NONE',  ( 1.037407370264220363, -57.40187641037788069, 24.66778165446287829 ) ) ;
#1238 = PLANE ( 'NONE',  #5644 ) ;
#1239 = DIRECTION ( 'NONE',  ( -1.000000000000000000, 0.000000000000000000, 0.000000000000000000 ) ) ;
#1240 = VERTEX_POINT ( 'NONE', #4433 ) ;
#1241 = VERTEX_POINT ( 'NONE', #5897 ) ;
#1242 = CARTESIAN_POINT ( 'NONE',  ( 22.49014984722865407, 25.59101508275333714, -22.27477065839919845 ) ) ;
#1243 = CARTESIAN_POINT ( 'NONE',  ( 21.44999999999999574, -39.33069177476031086, 1.248673103258287842 ) ) ;
#1244 = CARTESIAN_POINT ( 'NONE',  ( 15.00000000000000000, -125.6822119262424309, 50.87769490003758932 ) ) ;
#1245 = CARTESIAN_POINT ( 'NONE',  ( -10.55000000000000071, 31.10138907885891513, -17.97376135830883825 ) ) ;
#1246 = CARTESIAN_POINT ( 'NONE',  ( 15.33525489626453897, -81.28703726733206736, 27.34769458940887432 ) ) ;
#1247 = CARTESIAN_POINT ( 'NONE',  ( 13.88625778571863201, -13.57978292510265028, -21.29634816116375262 ) ) ;
#1248 = EDGE_CURVE ( 'NONE', #4901, #8871, #3801, .T. ) ;
#1249 = LINE ( 'NONE', #4968, #3127 ) ;
#1250 = DIRECTION ( 'NONE',  ( 0.000000000000000000, -0.7660444431189818992, 0.6427876096865348110 ) ) ;
#1251 = ORIENTED_EDGE ( 'NONE', *, *, #5201, .T. ) ;
#1252 = CARTESIAN_POINT ( 'NONE',  ( 11.55097266348447249, 16.24825923760582214, -44.17213268348169919 ) ) ;
#1253 = CARTESIAN_POINT ( 'NONE',  ( 14.12268804978128500, 14.77719641138818041, -21.72635752585437174 ) ) ;
#1254 = CARTESIAN_POINT ( 'NONE',  ( 21.58334415447101051, -57.47830971295915248, 2.547588195108353215 ) ) ;
#1255 = EDGE_CURVE ( 'NONE', #8076, #5397, #4539, .T. ) ;
#1256 = CARTESIAN_POINT ( 'NONE',  ( 21.67920117524352008, -16.51258602708679746, -21.27864113293349035 ) ) ;
#1257 = CARTESIAN_POINT ( 'NONE',  ( 12.91678288398204799, -14.40973772396705321, -22.84909538432041387 ) ) ;
#1258 = CARTESIAN_POINT ( 'NONE',  ( 22.43311937161062986, -43.15282042112669103, -10.60542179783800165 ) ) ;
#1259 = CARTESIAN_POINT ( 'NONE',  ( 20.04495921916269552, 21.42720991145444742, -40.92204131283278201 ) ) ;
#1260 = AXIS2_PLACEMENT_3D ( 'NONE', #2916, #5137, #7244 ) ;
#1261 = AXIS2_PLACEMENT_3D ( 'NONE', #6061, #138, #5961 ) ;
#1262 = ORIENTED_EDGE ( 'NONE', *, *, #4633, .T. ) ;
#1263 = CARTESIAN_POINT ( 'NONE',  ( 1.799574555006873799, -111.3929542554587186, 47.07112324333380826 ) ) ;
#1264 = VERTEX_POINT ( 'NONE', #7448 ) ;
#1265 = CARTESIAN_POINT ( 'NONE',  ( 23.44999999999999929, -34.75827009701470871, 6.157848144283614822 ) ) ;
#1266 = EDGE_LOOP ( 'NONE', ( #527, #1980 ) ) ;
#1267 = CARTESIAN_POINT ( 'NONE',  ( 7.349773840694878047, -75.12009992538764891, 1.827384544188402238 ) ) ;
#1268 = EDGE_CURVE ( 'NONE', #675, #8324, #1326, .T. ) ;
#1269 = FACE_OUTER_BOUND ( 'NONE', #3187, .T. ) ;
#1270 = VECTOR ( 'NONE', #7457, 1000.000000000000000 ) ;
#1271 = CARTESIAN_POINT ( 'NONE',  ( 12.23965612195644326, -15.35274211728517457, -44.96129396408263545 ) ) ;
#1272 = EDGE_CURVE ( 'NONE', #868, #4729, #7658, .T. ) ;
#1273 = CARTESIAN_POINT ( 'NONE',  ( 22.15740346661347004, 18.06397657989738903, -23.58501837703586190 ) ) ;
#1274 = FACE_OUTER_BOUND ( 'NONE', #412, .T. ) ;
#1275 = ORIENTED_EDGE ( 'NONE', *, *, #5323, .F. ) ;
#1276 = CARTESIAN_POINT ( 'NONE',  ( 17.86270684396894026, -46.19607322209805034, 15.75530452801927161 ) ) ;
#1277 = ORIENTED_EDGE ( 'NONE', *, *, #781, .F. ) ;
#1278 = CARTESIAN_POINT ( 'NONE',  ( 15.00000000000000000, -99.95713861252269794, 32.54785025338347282 ) ) ;
#1279 = CARTESIAN_POINT ( 'NONE',  ( 12.60761528272453624, -14.53563423596929916, -43.29634816116374907 ) ) ;
#1280 = FACE_OUTER_BOUND ( 'NONE', #5043, .T. ) ;
#1281 = CARTESIAN_POINT ( 'NONE',  ( 1.695115933662908247, -117.3216122998457820, 17.43114221671182307 ) ) ;
#1282 = DIRECTION ( 'NONE',  ( 0.000000000000000000, -0.3420201433256729873, -0.9396926207859068736 ) ) ;
#1283 = CYLINDRICAL_SURFACE ( 'NONE', #624, 1.000000000000004441 ) ;
#1284 = CARTESIAN_POINT ( 'NONE',  ( 0.000000000000000000, -38.50028961305760333, -20.85005250131177590 ) ) ;
#1285 = EDGE_CURVE ( 'NONE', #9437, #3051, #4384, .T. ) ;
#1286 = FACE_OUTER_BOUND ( 'NONE', #3324, .T. ) ;
#1287 = VERTEX_POINT ( 'NONE', #2891 ) ;
#1288 = DIRECTION ( 'NONE',  ( -1.000000000000000000, -0.000000000000000000, -0.000000000000000000 ) ) ;
#1289 = CARTESIAN_POINT ( 'NONE',  ( 1.010797170395409728, -123.9247955812114981, 50.26550289451237319 ) ) ;
#1290 = CARTESIAN_POINT ( 'NONE',  ( 22.79198812391647877, -55.36741559178859973, -10.48961499481358040 ) ) ;
#1291 = CARTESIAN_POINT ( 'NONE',  ( 15.06095210537936602, -86.26892655507685959, 28.87198729142745179 ) ) ;
#1292 = CARTESIAN_POINT ( 'NONE',  ( 22.38035115028970523, -42.43152819244370733, -11.15086501176291556 ) ) ;
#1293 = CARTESIAN_POINT ( 'NONE',  ( 14.00000000000000000, 0.5375364957381987274, -18.29634816116374552 ) ) ;
#1294 = AXIS2_PLACEMENT_3D ( 'NONE', #3331, #3128, #1151 ) ;
#1295 = ORIENTED_EDGE ( 'NONE', *, *, #3509, .T. ) ;
#1296 = CARTESIAN_POINT ( 'NONE',  ( 11.48465714757646339, 16.29675801556084025, -44.19803595824676989 ) ) ;
#1297 = CARTESIAN_POINT ( 'NONE',  ( 13.08396251481675243, 15.39196361196236928, -22.54706916319074494 ) ) ;
#1298 = CIRCLE ( 'NONE', #2363, 50.00000000000000000 ) ;
#1299 = CARTESIAN_POINT ( 'NONE',  ( 16.35000000000000142, 0.5375364957381989495, -5.781171213874287673 ) ) ;
#1300 = FACE_OUTER_BOUND ( 'NONE', #3872, .T. ) ;
#1301 = LINE ( 'NONE', #2796, #6604 ) ;
#1302 = ADVANCED_FACE ( 'NONE', ( #3076 ), #8686, .T. ) ;
#1303 = CARTESIAN_POINT ( 'NONE',  ( 22.48931485607983305, -43.88663077459538187, -10.03060557830980137 ) ) ;
#1304 = CARTESIAN_POINT ( 'NONE',  ( 12.40000000000000036, -60.98807338632791186, 24.90374818686796843 ) ) ;
#1305 = AXIS2_PLACEMENT_3D ( 'NONE', #2776, #5680, #2090 ) ;
#1306 = EDGE_CURVE ( 'NONE', #8076, #7719, #6243, .T. ) ;
#1307 = ORIENTED_EDGE ( 'NONE', *, *, #7286, .T. ) ;
#1308 = LINE ( 'NONE', #6402, #4652 ) ;
#1309 = EDGE_CURVE ( 'NONE', #451, #7316, #1097, .T. ) ;
#1310 = ORIENTED_EDGE ( 'NONE', *, *, #4432, .T. ) ;
#1311 = DIRECTION ( 'NONE',  ( -1.000000000000000000, 0.000000000000000000, 0.000000000000000000 ) ) ;
#1312 = EDGE_LOOP ( 'NONE', ( #8190, #7067, #819, #9566, #5536 ) ) ;
#1313 = CARTESIAN_POINT ( 'NONE',  ( 12.40000000000000213, -71.97364255504820107, 6.055478503969699666 ) ) ;
#1314 = CARTESIAN_POINT ( 'NONE',  ( 0.000000000000000000, -46.00175890828305825, -11.66920211694405296 ) ) ;
#1315 = AXIS2_PLACEMENT_3D ( 'NONE', #9043, #1525, #3847 ) ;
#1316 = EDGE_CURVE ( 'NONE', #5377, #7754, #5454, .T. ) ;
#1317 = CARTESIAN_POINT ( 'NONE',  ( 12.17183627971221682, -15.45326073926247190, -45.02406509393958345 ) ) ;
#1318 = CARTESIAN_POINT ( 'NONE',  ( 15.38357422664141083, -25.19735595776874248, -43.37687788847033943 ) ) ;
#1319 = DIRECTION ( 'NONE',  ( 0.000000000000000000, 0.9396926207859086499, -0.3420201433256681578 ) ) ;
#1320 = EDGE_CURVE ( 'NONE', #7951, #8554, #5354, .T. ) ;
#1321 = EDGE_LOOP ( 'NONE', ( #7340, #4280, #8391, #4522, #4442, #4644, #1930, #7827, #6946, #2855, #4499, #7762, #1884, #6684, #1501, #6885, #7622, #5615, #4601, #1904, #1767, #6901 ) ) ;
#1322 = CARTESIAN_POINT ( 'NONE',  ( 18.82075805366303101, -44.25536679778885230, 14.12685848315806147 ) ) ;
#1323 = VECTOR ( 'NONE', #490, 1000.000000000000000 ) ;
#1324 = ORIENTED_EDGE ( 'NONE', *, *, #8293, .F. ) ;
#1325 = CARTESIAN_POINT ( 'NONE',  ( 13.77268894321033521, -23.46246350426182303, -45.29634816116374907 ) ) ;
#1326 =( BOUNDED_CURVE ( )  B_SPLINE_CURVE ( 2, ( #2158, #7548, #1629 ),
 .UNSPECIFIED., .F., .F. ) 
 B_SPLINE_CURVE_WITH_KNOTS ( ( 3, 3 ),
 ( 0.000000000000000000, 1.000000000000000000 ),
 .UNSPECIFIED. ) 
 CURVE ( )  GEOMETRIC_REPRESENTATION_ITEM ( )  RATIONAL_B_SPLINE_CURVE ( ( 1.000000000000000000, 0.7123483128092797934, 1.000000000000000000 ) ) 
 REPRESENTATION_ITEM ( '' )  );
#1327 = CARTESIAN_POINT ( 'NONE',  ( 13.65638079047952047, -83.73709318997876494, 5.388271468960138755 ) ) ;
#1328 = CARTESIAN_POINT ( 'NONE',  ( 0.000000000000000000, -76.10435538319671878, 16.87016425251036722 ) ) ;
#1329 = CARTESIAN_POINT ( 'NONE',  ( 19.95119707642277973, 15.51721637812976873, -23.00909576026945658 ) ) ;
#1330 = PLANE ( 'NONE',  #5583 ) ;
#1331 = PLANE ( 'NONE',  #7980 ) ;
#1332 = CARTESIAN_POINT ( 'NONE',  ( 0.000000000000000000, 30.98458179031142024, -11.14980678216003263 ) ) ;
#1333 = ADVANCED_FACE ( 'NONE', ( #2548 ), #5403, .F. ) ;
#1334 = ORIENTED_EDGE ( 'NONE', *, *, #6185, .F. ) ;
#1335 = CYLINDRICAL_SURFACE ( 'NONE', #2430, 38.83706265612282493 ) ;
#1336 = EDGE_CURVE ( 'NONE', #7407, #806, #8408, .T. ) ;
#1337 = CARTESIAN_POINT ( 'NONE',  ( 23.44999999999999929, -73.09233890138293077, 52.29764770570957211 ) ) ;
#1338 = CARTESIAN_POINT ( 'NONE',  ( 22.12634495711710869, -59.02940135076845252, -7.416844095075836307 ) ) ;
#1339 = CARTESIAN_POINT ( 'NONE',  ( 14.08671972516099302, -56.15953520032756785, 23.85448877209421781 ) ) ;
#1340 = CARTESIAN_POINT ( 'NONE',  ( 15.06540509881498657, -86.13759574316185308, 28.83180018073024087 ) ) ;
#1341 = CARTESIAN_POINT ( 'NONE',  ( 22.19446493063862391, -39.55777668872032393, -13.13098608403051415 ) ) ;
#1342 = VECTOR ( 'NONE', #6232, 1000.000000000000000 ) ;
#1343 = DIRECTION ( 'NONE',  ( -1.000000000000000000, 0.000000000000000000, 0.000000000000000000 ) ) ;
#1344 = DIRECTION ( 'NONE',  ( 0.000000000000000000, 0.6427876096865348110, 0.7660444431189818992 ) ) ;
#1345 = ORIENTED_EDGE ( 'NONE', *, *, #6818, .T. ) ;
#1346 = CARTESIAN_POINT ( 'NONE',  ( 11.95668758495601658, 15.94173685114811612, -43.89040962432790138 ) ) ;
#1347 = CARTESIAN_POINT ( 'NONE',  ( 12.93537548393858394, 15.47331358784990130, -22.79207267100541046 ) ) ;
#1348 = CARTESIAN_POINT ( 'NONE',  ( 22.37790175375568325, -53.83231258326704705, -0.4612709589104134755 ) ) ;
#1349 = CARTESIAN_POINT ( 'NONE',  ( 23.44999999999999929, -61.71939882608335637, -5.159668205671061436 ) ) ;
#1350 = CARTESIAN_POINT ( 'NONE',  ( 12.91048508637893910, -14.41171624174900856, -22.84684788292922875 ) ) ;
#1351 = CARTESIAN_POINT ( 'NONE',  ( 21.80036210017948761, -50.67573834077128225, -14.29439049221390157 ) ) ;
#1352 = LINE ( 'NONE', #8628, #9460 ) ;
#1353 = VECTOR ( 'NONE', #1089, 1000.000000000000000 ) ;
#1354 = ORIENTED_EDGE ( 'NONE', *, *, #8915, .F. ) ;
#1355 = DIRECTION ( 'NONE',  ( 0.1251691050984282405, -3.585584598939435518E-16, 0.9921354217690540045 ) ) ;
#1356 = ORIENTED_EDGE ( 'NONE', *, *, #4986, .T. ) ;
#1357 = CARTESIAN_POINT ( 'NONE',  ( 12.39922494747293946, 15.68387795915299243, -43.29634816116374196 ) ) ;
#1358 = ORIENTED_EDGE ( 'NONE', *, *, #2240, .F. ) ;
#1359 = CARTESIAN_POINT ( 'NONE',  ( 15.00000000000000355, -129.4676830097734239, 34.47389652924176318 ) ) ;
#1360 = CYLINDRICAL_SURFACE ( 'NONE', #5839, 2.000000000000001776 ) ;
#1361 = CARTESIAN_POINT ( 'NONE',  ( 6.000000000000000000, -119.6812179729371479, 30.17681848394211741 ) ) ;
#1362 = CARTESIAN_POINT ( 'NONE',  ( 0.000000000000000000, -79.47824045473380750, 16.95666528314903232 ) ) ;
#1363 = DIRECTION ( 'NONE',  ( -1.000000000000000000, 0.000000000000000000, 0.000000000000000000 ) ) ;
#1364 = EDGE_CURVE ( 'NONE', #3711, #5053, #1674, .T. ) ;
#1365 = VERTEX_POINT ( 'NONE', #367 ) ;
#1366 = CARTESIAN_POINT ( 'NONE',  ( 18.99936846831607795, -43.90226976191337371, 13.83057489058515976 ) ) ;
#1367 = EDGE_LOOP ( 'NONE', ( #6413, #9345, #7178, #7817, #7864, #3584, #3785, #955 ) ) ;
#1368 = VERTEX_POINT ( 'NONE', #4720 ) ;
#1369 = CARTESIAN_POINT ( 'NONE',  ( 5.999999999999998224, -121.7846418543900171, 24.39770886610873646 ) ) ;
#1370 = DIRECTION ( 'NONE',  ( -0.02224014068614566658, -0.9997526574819696199, -1.335061558772941613E-16 ) ) ;
#1371 = CARTESIAN_POINT ( 'NONE',  ( 7.059742443496530129, -79.64626897549790385, 35.17722371531299785 ) ) ;
#1372 = LINE ( 'NONE', #2822, #5428 ) ;
#1373 = CARTESIAN_POINT ( 'NONE',  ( 10.55000000000000071, 10.71562816763628412, -12.65297644718270220 ) ) ;
#1374 = CARTESIAN_POINT ( 'NONE',  ( 13.65638079047952047, -75.82056510457229592, 11.89424437510743537 ) ) ;
#1375 = ORIENTED_EDGE ( 'NONE', *, *, #299, .T. ) ;
#1376 = LINE ( 'NONE', #4467, #6626 ) ;
#1377 = CARTESIAN_POINT ( 'NONE',  ( 6.000000000000000000, -119.4571793330561178, 36.63996838842680148 ) ) ;
#1378 = FACE_OUTER_BOUND ( 'NONE', #5085, .T. ) ;
#1379 = CARTESIAN_POINT ( 'NONE',  ( 20.26983112241058649, 14.85918947934891676, -21.78957402002809829 ) ) ;
#1380 = CARTESIAN_POINT ( 'NONE',  ( 15.00455547365310593, -93.49724588894035548, 20.00814953026694454 ) ) ;
#1381 = DIRECTION ( 'NONE',  ( 0.000000000000000000, 0.000000000000000000, -1.000000000000000000 ) ) ;
#1382 = ADVANCED_FACE ( 'NONE', ( #4624 ), #947, .T. ) ;
#1383 = CARTESIAN_POINT ( 'NONE',  ( 14.09900358748084592, -53.23423536937421119, -12.27956573267454488 ) ) ;
#1384 = EDGE_CURVE ( 'NONE', #2458, #3415, #7023, .T. ) ;
#1385 = PLANE ( 'NONE',  #2216 ) ;
#1386 = CARTESIAN_POINT ( 'NONE',  ( 0.000000000000000000, -70.65206458880940943, 2.335728341262185648 ) ) ;
#1387 = ORIENTED_EDGE ( 'NONE', *, *, #5866, .F. ) ;
#1388 = LINE ( 'NONE', #2791, #2376 ) ;
#1389 = CARTESIAN_POINT ( 'NONE',  ( 14.18150477468359760, 14.73974060269969577, -21.69767797205350490 ) ) ;
#1390 = CARTESIAN_POINT ( 'NONE',  ( 22.57410028009990910, -52.73003912061304987, -1.354403295456237499 ) ) ;
#1391 = CARTESIAN_POINT ( 'NONE',  ( 18.96990117564910960, -151.1819994678389207, -19.00767794529165400 ) ) ;
#1392 = CYLINDRICAL_SURFACE ( 'NONE', #4687, 14.00000000000000355 ) ;
#1393 = CARTESIAN_POINT ( 'NONE',  ( 22.40548326761968312, -42.78019723654003315, -10.89017903562839429 ) ) ;
#1394 = DIRECTION ( 'NONE',  ( 0.000000000000000000, -0.7617614198329731856, -0.6478576535428541838 ) ) ;
#1395 = ORIENTED_EDGE ( 'NONE', *, *, #8231, .F. ) ;
#1396 = EDGE_CURVE ( 'NONE', #5426, #1536, #557, .T. ) ;
#1397 = ORIENTED_EDGE ( 'NONE', *, *, #3963, .F. ) ;
#1398 = LINE ( 'NONE', #5711, #4039 ) ;
#1399 = ORIENTED_EDGE ( 'NONE', *, *, #1548, .T. ) ;
#1400 = CARTESIAN_POINT ( 'NONE',  ( 1.080064866735887419, -130.8373288682706175, 20.20107524327732662 ) ) ;
#1401 = VERTEX_POINT ( 'NONE', #7694 ) ;
#1402 = DIRECTION ( 'NONE',  ( 0.000000000000000000, 0.3232551092554114547, 0.9463118589240399059 ) ) ;
#1403 = DIRECTION ( 'NONE',  ( 1.131094548618418962E-14, 0.000000000000000000, -1.000000000000000000 ) ) ;
#1404 = DIRECTION ( 'NONE',  ( 0.000000000000000000, 0.9848077530122094636, -0.1736481776669225319 ) ) ;
#1405 = VECTOR ( 'NONE', #8060, 1000.000000000000114 ) ;
#1406 = CARTESIAN_POINT ( 'NONE',  ( 18.76546404741583984, -21.20870059653917750, -43.54591963906651841 ) ) ;
#1407 = CARTESIAN_POINT ( 'NONE',  ( 15.00000000000000000, -123.1299949735039974, 35.68862825949813100 ) ) ;
#1408 = EDGE_LOOP ( 'NONE', ( #5769, #606, #3460, #9055, #1645, #8013 ) ) ;
#1409 = CARTESIAN_POINT ( 'NONE',  ( 16.06631199571541302, -50.44086696670400016, 19.31710939354168488 ) ) ;
#1410 = ORIENTED_EDGE ( 'NONE', *, *, #4035, .T. ) ;
#1411 = VECTOR ( 'NONE', #1544, 1000.000000000000000 ) ;
#1412 = ORIENTED_EDGE ( 'NONE', *, *, #2069, .T. ) ;
#1413 = CARTESIAN_POINT ( 'NONE',  ( 16.15282910861911247, -22.32288470882792808, -45.29634816116374907 ) ) ;
#1414 = FACE_OUTER_BOUND ( 'NONE', #4349, .T. ) ;
#1415 = DIRECTION ( 'NONE',  ( 0.000000000000000000, -0.3232551092554115102, -0.9463118589240397949 ) ) ;
#1416 = EDGE_CURVE ( 'NONE', #8768, #5714, #1862, .T. ) ;
#1417 = DIRECTION ( 'NONE',  ( 0.000000000000000000, 0.7949648775762689912, 0.6066554569276927378 ) ) ;
#1418 = DIRECTION ( 'NONE',  ( 0.000000000000000000, 0.3420201433256638834, 0.9396926207859100932 ) ) ;
#1419 = CARTESIAN_POINT ( 'NONE',  ( 12.40000000000000036, -69.02821919591445976, 13.76615170645137987 ) ) ;
#1420 = EDGE_CURVE ( 'NONE', #9322, #7621, #6142, .T. ) ;
#1421 = ORIENTED_EDGE ( 'NONE', *, *, #4986, .F. ) ;
#1422 = EDGE_CURVE ( 'NONE', #803, #3289, #6926, .T. ) ;
#1423 = DIRECTION ( 'NONE',  ( -1.000000000000000000, -0.000000000000000000, -0.000000000000000000 ) ) ;
#1424 = CARTESIAN_POINT ( 'NONE',  ( 23.45573408104995394, 28.03636386174639128, -15.05238311641965687 ) ) ;
#1425 = DIRECTION ( 'NONE',  ( -1.000000000000000000, 0.000000000000000000, 0.000000000000000000 ) ) ;
#1426 = PLANE ( 'NONE',  #1138 ) ;
#1427 = CARTESIAN_POINT ( 'NONE',  ( 18.65560170865888878, -59.37552359319025186, 25.92094777148850682 ) ) ;
#1428 = CARTESIAN_POINT ( 'NONE',  ( 14.56619584570883674, -43.19675974014019459, -18.83280025971514604 ) ) ;
#1429 =( BOUNDED_CURVE ( )  B_SPLINE_CURVE ( 3, ( #8201, #2963, #6024, #4418 ),
 .UNSPECIFIED., .F., .F. ) 
 B_SPLINE_CURVE_WITH_KNOTS ( ( 4, 4 ),
 ( 4.762089711240450995, 4.977234276911247868 ),
 .UNSPECIFIED. ) 
 CURVE ( )  GEOMETRIC_REPRESENTATION_ITEM ( )  RATIONAL_B_SPLINE_CURVE ( ( 1.000000000000000000, 0.9961464528447173672, 0.9961464528447173672, 1.000000000000000000 ) ) 
 REPRESENTATION_ITEM ( '' )  );
#1430 = ADVANCED_FACE ( 'NONE', ( #6975 ), #7207, .T. ) ;
#1431 = DIRECTION ( 'NONE',  ( 0.000000000000000000, -0.3232551092554108996, -0.9463118589240400169 ) ) ;
#1432 = CARTESIAN_POINT ( 'NONE',  ( -12.00000000000008704, -121.1330780353518861, 32.03547454657584836 ) ) ;
#1433 = VERTEX_POINT ( 'NONE', #5645 ) ;
#1434 = CARTESIAN_POINT ( 'NONE',  ( 19.45695821286746963, -14.05645000091567631, -22.08754689130996951 ) ) ;
#1435 = DIRECTION ( 'NONE',  ( 0.000000000000000000, 0.9396926207859083169, -0.3420201433256687129 ) ) ;
#1436 = CARTESIAN_POINT ( 'NONE',  ( 14.25000000000000000, 30.98458179031142024, -11.14980678216003263 ) ) ;
#1437 = DIRECTION ( 'NONE',  ( 1.000000000000000000, 0.000000000000000000, 0.000000000000000000 ) ) ;
#1438 = LINE ( 'NONE', #4385, #6133 ) ;
#1439 = CARTESIAN_POINT ( 'NONE',  ( 4.359654278173678676, -93.68215927116200703, 41.96993554788138425 ) ) ;
#1440 = DIRECTION ( 'NONE',  ( 0.000000000000000000, 0.000000000000000000, -1.000000000000000000 ) ) ;
#1441 = VECTOR ( 'NONE', #1662, 1000.000000000000000 ) ;
#1442 = AXIS2_PLACEMENT_3D ( 'NONE', #9242, #4045, #2596 ) ;
#1443 = ORIENTED_EDGE ( 'NONE', *, *, #2687, .T. ) ;
#1444 = CARTESIAN_POINT ( 'NONE',  ( 12.79453460900466943, 15.57188082081935754, -43.67002419047697259 ) ) ;
#1445 = EDGE_LOOP ( 'NONE', ( #3307, #6188, #1955, #2995, #3576, #9150 ) ) ;
#1446 = LINE ( 'NONE', #2075, #2214 ) ;
#1447 = EDGE_CURVE ( 'NONE', #5088, #4302, #416, .T. ) ;
#1448 = EDGE_LOOP ( 'NONE', ( #529, #8861, #1716, #9018, #3237, #7103, #5376, #8258, #4875, #2930, #5796, #6593, #5476 ) ) ;
#1449 = CARTESIAN_POINT ( 'NONE',  ( -1.745967692610276908E-15, -135.9018001968095177, 42.62532089662601464 ) ) ;
#1450 = FACE_OUTER_BOUND ( 'NONE', #856, .T. ) ;
#1451 = EDGE_CURVE ( 'NONE', #2394, #3713, #7842, .T. ) ;
#1452 = CARTESIAN_POINT ( 'NONE',  ( 7.624229428410303377, -74.24309977661310711, 1.583558352481951648 ) ) ;
#1453 = AXIS2_PLACEMENT_3D ( 'NONE', #1328, #635, #3589 ) ;
#1454 = CARTESIAN_POINT ( 'NONE',  ( 19.38024678413328417, 23.33515339820602463, -43.52995029672270277 ) ) ;
#1455 = VECTOR ( 'NONE', #5849, 1000.000000000000114 ) ;
#1456 = VERTEX_POINT ( 'NONE', #2829 ) ;
#1457 = CARTESIAN_POINT ( 'NONE',  ( 16.91160980983907081, -48.30507204976098734, 17.52496466646451978 ) ) ;
#1458 = ORIENTED_EDGE ( 'NONE', *, *, #9309, .F. ) ;
#1459 = EDGE_LOOP ( 'NONE', ( #6594, #8773, #7728, #5078 ) ) ;
#1460 = AXIS2_PLACEMENT_3D ( 'NONE', #2042, #47, #4996 ) ;
#1461 = CARTESIAN_POINT ( 'NONE',  ( 18.77241118953088517, -20.89536561710087526, -43.54627001054231528 ) ) ;
#1462 = CARTESIAN_POINT ( 'NONE',  ( 13.30510678864667007, -14.19290183797818550, -22.29340731464708725 ) ) ;
#1463 = CARTESIAN_POINT ( 'NONE',  ( 15.27620223799957699, -23.09395164004068235, -45.29634816116374907 ) ) ;
#1464 = CYLINDRICAL_SURFACE ( 'NONE', #7289, 1.000000000000004441 ) ;
#1465 = CARTESIAN_POINT ( 'NONE',  ( 11.24676431252964370, 16.46744751756637015, -44.26412280698345825 ) ) ;
#1466 = AXIS2_PLACEMENT_3D ( 'NONE', #7001, #445, #2624 ) ;
#1467 = DIRECTION ( 'NONE',  ( 0.000000000000000000, 0.000000000000000000, -1.000000000000000000 ) ) ;
#1468 = ORIENTED_EDGE ( 'NONE', *, *, #3855, .T. ) ;
#1469 = DIRECTION ( 'NONE',  ( -1.000000000000000000, 0.000000000000000000, -0.000000000000000000 ) ) ;
#1470 = CARTESIAN_POINT ( 'NONE',  ( 6.000000000000000000, -79.93222011369321933, 15.70936642126634375 ) ) ;
#1471 = AXIS2_PLACEMENT_3D ( 'NONE', #342, #3300, #6267 ) ;
#1472 = LINE ( 'NONE', #835, #3807 ) ;
#1473 = CARTESIAN_POINT ( 'NONE',  ( 20.35456303171942949, 13.79933192890375260, -21.30924019412722004 ) ) ;
#1474 = CARTESIAN_POINT ( 'NONE',  ( -3.184081677783118191E-15, 0.5375364957382012809, -44.29634816116370644 ) ) ;
#1475 = CARTESIAN_POINT ( 'NONE',  ( 4.400000000000000355, -119.5755209204604625, 23.59365460226408118 ) ) ;
#1476 = LINE ( 'NONE', #6720, #9505 ) ;
#1477 = EDGE_CURVE ( 'NONE', #2000, #7316, #7072, .T. ) ;
#1478 = CARTESIAN_POINT ( 'NONE',  ( 14.99999999999898037, -86.05537736766450507, 38.33448560650505499 ) ) ;
#1479 = ORIENTED_EDGE ( 'NONE', *, *, #2783, .T. ) ;
#1480 = CARTESIAN_POINT ( 'NONE',  ( 19.70825126635084956, -13.07113996892097063, -21.39093176615150682 ) ) ;
#1481 = CARTESIAN_POINT ( 'NONE',  ( 78.44999999999998863, -116.9023433002326016, -13.35486310416182754 ) ) ;
#1482 = DIRECTION ( 'NONE',  ( 1.000000000000000000, -0.000000000000000000, -0.000000000000000000 ) ) ;
#1483 = CARTESIAN_POINT ( 'NONE',  ( 19.09153367028014614, -25.46246350426179816, -40.21132116475006057 ) ) ;
#1484 = CARTESIAN_POINT ( 'NONE',  ( 14.99999999999999645, -100.5567045665936234, 24.57776913508008221 ) ) ;
#1485 = CARTESIAN_POINT ( 'NONE',  ( 3.876829535695143214, -96.43826702188808042, 43.04746272707207311 ) ) ;
#1486 = CARTESIAN_POINT ( 'NONE',  ( 22.89116807723212332, -44.41942383531655025, 10.20308123871945938 ) ) ;
#1487 = VERTEX_POINT ( 'NONE', #9337 ) ;
#1488 = EDGE_LOOP ( 'NONE', ( #7320, #8223, #7558, #3200 ) ) ;
#1489 = LINE ( 'NONE', #4533, #6676 ) ;
#1490 = ORIENTED_EDGE ( 'NONE', *, *, #4399, .F. ) ;
#1491 = CARTESIAN_POINT ( 'NONE',  ( 16.34513726809470313, -78.09872217752769075, 13.10749079605911227 ) ) ;
#1492 = ORIENTED_EDGE ( 'NONE', *, *, #267, .F. ) ;
#1493 = CARTESIAN_POINT ( 'NONE',  ( 6.000000000000000000, -78.21670427218461441, 10.78275569109506016 ) ) ;
#1494 = DIRECTION ( 'NONE',  ( -1.000000000000000000, 0.000000000000000000, 0.000000000000000000 ) ) ;
#1495 = CARTESIAN_POINT ( 'NONE',  ( 3.000000000000000000, 33.39474714341176309, -13.60563718565184921 ) ) ;
#1496 = AXIS2_PLACEMENT_3D ( 'NONE', #8623, #7217, #6037 ) ;
#1497 = CARTESIAN_POINT ( 'NONE',  ( 17.21711642217659133, -73.15148473600081047, 11.74802236046060777 ) ) ;
#1498 = LINE ( 'NONE', #41, #8534 ) ;
#1499 = EDGE_CURVE ( 'NONE', #1021, #9175, #2005, .T. ) ;
#1500 = AXIS2_PLACEMENT_3D ( 'NONE', #7882, #1239, #3458 ) ;
#1501 = ORIENTED_EDGE ( 'NONE', *, *, #450, .F. ) ;
#1502 = CARTESIAN_POINT ( 'NONE',  ( 19.72119572438325363, 21.75897711232704168, -43.54699320107245342 ) ) ;
#1503 = ADVANCED_FACE ( 'NONE', ( #6343 ), #1068, .T. ) ;
#1504 = VERTEX_POINT ( 'NONE', #553 ) ;
#1505 = ORIENTED_EDGE ( 'NONE', *, *, #6792, .F. ) ;
#1506 = CARTESIAN_POINT ( 'NONE',  ( 0.000000000000000000, -19.29246764274143544, -4.315459680471443349 ) ) ;
#1507 = CARTESIAN_POINT ( 'NONE',  ( 12.93455358518505527, -14.39868387522271220, -22.79392162236123198 ) ) ;
#1508 = AXIS2_PLACEMENT_3D ( 'NONE', #2358, #8090, #5862 ) ;
#1509 = CARTESIAN_POINT ( 'NONE',  ( 16.70218467446229127, -21.30054225261017464, -45.29634816116375617 ) ) ;
#1510 = CIRCLE ( 'NONE', #5373, 38.83706265612282493 ) ;
#1511 = CARTESIAN_POINT ( 'NONE',  ( -10.55000000000000071, 32.26483186922731505, -11.37554941312703427 ) ) ;
#1512 = CARTESIAN_POINT ( 'NONE',  ( 11.28103336111893817, 16.44319705519183472, -44.25711060734330005 ) ) ;
#1513 = CARTESIAN_POINT ( 'NONE',  ( 3.425827590232191966, -99.19646062303706913, 43.97355339616488124 ) ) ;
#1514 = VERTEX_POINT ( 'NONE', #7887 ) ;
#1515 = CARTESIAN_POINT ( 'NONE',  ( 16.82077939958334412, -16.46246350426196869, -45.29634816116374907 ) ) ;
#1516 = CARTESIAN_POINT ( 'NONE',  ( 16.07112645077709345, -84.21588693112404655, 3.427932704673028130 ) ) ;
#1517 = CARTESIAN_POINT ( 'NONE',  ( 0.000000000000000000, -124.4758996252395917, 18.76861490077999406 ) ) ;
#1518 = CARTESIAN_POINT ( 'NONE',  ( 41.21423633095623984, -42.11065726885905747, 1.738856025306405817 ) ) ;
#1519 = CARTESIAN_POINT ( 'NONE',  ( 19.86929933619549971, 15.53753649573836881, -23.29634816116375262 ) ) ;
#1520 = DIRECTION ( 'NONE',  ( 0.000000000000000000, -0.9848077530122092416, 0.1736481776669232535 ) ) ;
#1521 = CARTESIAN_POINT ( 'NONE',  ( 14.30009965772428338, -46.97560279246507520, -16.76501781935688840 ) ) ;
#1522 = CARTESIAN_POINT ( 'NONE',  ( -14.09999999999999964, -49.46863626127934310, -10.21764939810934791 ) ) ;
#1523 = CARTESIAN_POINT ( 'NONE',  ( 15.00000000000118128, -88.32866021972709802, 39.45435265782201384 ) ) ;
#1524 = ORIENTED_EDGE ( 'NONE', *, *, #8999, .T. ) ;
#1525 = DIRECTION ( 'NONE',  ( 0.000000000000000000, 0.1736481776669221433, 0.9848077530122095746 ) ) ;
#1526 = CARTESIAN_POINT ( 'NONE',  ( 15.09765903778294849, -90.35620812605175445, 17.76875412950688116 ) ) ;
#1527 = CARTESIAN_POINT ( 'NONE',  ( 2.110299772267617779, -57.97074115501687430, 22.25173231610525804 ) ) ;
#1528 = CARTESIAN_POINT ( 'NONE',  ( 21.10765809987111652, 13.52056971320997114, -20.53345808920638405 ) ) ;
#1529 = CYLINDRICAL_SURFACE ( 'NONE', #2412, 19.50000000000007816 ) ;
#1530 = CARTESIAN_POINT ( 'NONE',  ( 3.632226360048080860, -97.90253210078074630, 43.55823113496766297 ) ) ;
#1531 = EDGE_CURVE ( 'NONE', #7719, #8334, #7251, .T. ) ;
#1532 = CARTESIAN_POINT ( 'NONE',  ( 5.999999999999998224, -71.97364255504820107, 6.055478503969697890 ) ) ;
#1533 = ORIENTED_EDGE ( 'NONE', *, *, #7008, .T. ) ;
#1534 = CARTESIAN_POINT ( 'NONE',  ( 0.000000000000000000, -22.82182225824879751, -14.25357600088131171 ) ) ;
#1535 = EDGE_CURVE ( 'NONE', #6214, #1401, #2295, .T. ) ;
#1536 = VERTEX_POINT ( 'NONE', #3552 ) ;
#1537 = LINE ( 'NONE', #5314, #4852 ) ;
#1538 = ORIENTED_EDGE ( 'NONE', *, *, #8443, .T. ) ;
#1539 = CARTESIAN_POINT ( 'NONE',  ( 0.000000000000000000, -121.7846418543900171, 24.39770886610873646 ) ) ;
#1540 = EDGE_CURVE ( 'NONE', #1433, #5855, #8001, .T. ) ;
#1541 = CARTESIAN_POINT ( 'NONE',  ( 21.65690112434120351, -30.03371612420546199, -19.07125932464862927 ) ) ;
#1542 = CARTESIAN_POINT ( 'NONE',  ( 15.00156283338960073, -84.94569288430352572, 37.78783163904621745 ) ) ;
#1543 = CARTESIAN_POINT ( 'NONE',  ( 14.00000000000000000, 0.5375364957381987274, -18.29634816116374907 ) ) ;
#1544 = DIRECTION ( 'NONE',  ( -0.000000000000000000, 1.000000000000000000, 1.334402673828313339E-16 ) ) ;
#1545 = ORIENTED_EDGE ( 'NONE', *, *, #8942, .F. ) ;
#1546 = CARTESIAN_POINT ( 'NONE',  ( 21.28397119903976531, -39.41385617083726345, 10.06434870174214424 ) ) ;
#1548 = EDGE_CURVE ( 'NONE', #261, #7004, #5010, .T. ) ;
#1547 = ORIENTED_EDGE ( 'NONE', *, *, #8, .T. ) ;
#1549 = ORIENTED_EDGE ( 'NONE', *, *, #4684, .F. ) ;
#1550 = LINE ( 'NONE', #7671, #2221 ) ;
#1551 = EDGE_CURVE ( 'NONE', #2625, #9597, #7161, .T. ) ;
#1552 = CARTESIAN_POINT ( 'NONE',  ( 14.25718164644399799, -13.61606197222412717, -21.66233928810730802 ) ) ;
#1553 = FACE_OUTER_BOUND ( 'NONE', #4765, .T. ) ;
#1554 = CARTESIAN_POINT ( 'NONE',  ( 16.67320205976355396, -70.60472394610748381, 24.25147689707181797 ) ) ;
#1555 = PLANE ( 'NONE',  #4868 ) ;
#1556 = CIRCLE ( 'NONE', #6996, 1.000000000000000888 ) ;
#1557 = VECTOR ( 'NONE', #2286, 1000.000000000000000 ) ;
#1558 = CARTESIAN_POINT ( 'NONE',  ( 15.00000000000073719, -99.40879584653981738, 44.06609979517247666 ) ) ;
#1559 = ORIENTED_EDGE ( 'NONE', *, *, #4989, .T. ) ;
#1560 = DIRECTION ( 'NONE',  ( 1.000000000000000000, 0.000000000000000000, 0.000000000000000000 ) ) ;
#1561 = CARTESIAN_POINT ( 'NONE',  ( 15.07449932824915173, -90.83817211593597563, 18.07064690521800543 ) ) ;
#1562 = FACE_OUTER_BOUND ( 'NONE', #7420, .T. ) ;
#1563 = FACE_OUTER_BOUND ( 'NONE', #782, .T. ) ;
#1564 = CARTESIAN_POINT ( 'NONE',  ( 22.63637647320171453, 14.96152536129488375, -19.24145991071400630 ) ) ;
#1565 = VECTOR ( 'NONE', #963, 1000.000000000000114 ) ;
#1566 = CYLINDRICAL_SURFACE ( 'NONE', #2792, 1.000000000000000888 ) ;
#1567 = EDGE_CURVE ( 'NONE', #8133, #5247, #6523, .T. ) ;
#1568 = CARTESIAN_POINT ( 'NONE',  ( 19.77039438555092943, -67.57108557705944918, -1.090252385796564694 ) ) ;
#1569 = CARTESIAN_POINT ( 'NONE',  ( 22.61143155699108931, 15.79301304498826752, -19.58579601628339617 ) ) ;
#1570 = ORIENTED_EDGE ( 'NONE', *, *, #4584, .T. ) ;
#1571 = DIRECTION ( 'NONE',  ( -1.000000000000000000, -0.000000000000000000, -0.000000000000000000 ) ) ;
#1572 = CYLINDRICAL_SURFACE ( 'NONE', #6220, 6.000000000000000000 ) ;
#1573 = ORIENTED_EDGE ( 'NONE', *, *, #3669, .T. ) ;
#1574 = CARTESIAN_POINT ( 'NONE',  ( 19.64147589917395109, -13.45402173150168679, -21.55452526205596797 ) ) ;
#1575 = CARTESIAN_POINT ( 'NONE',  ( -2.499999999999999781E-05, -14.46246350426196869, -45.29634816116375617 ) ) ;
#1576 = CARTESIAN_POINT ( 'NONE',  ( -1.734723475976807094E-15, -67.51255360434782915, 29.70567073343264397 ) ) ;
#1577 = CARTESIAN_POINT ( 'NONE',  ( 22.59940931223089677, -45.03218402211091842, 14.77868552958157977 ) ) ;
#1578 = CARTESIAN_POINT ( 'NONE',  ( 14.99999999999999822, -102.1175760356754267, 25.42975365031396962 ) ) ;
#1579 = CARTESIAN_POINT ( 'NONE',  ( 3.886946074168037946, -96.37878862981209238, 43.02584043489495258 ) ) ;
#1580 = CARTESIAN_POINT ( 'NONE',  ( 14.99999999999947065, -109.1388637660119230, 46.51854285120109722 ) ) ;
#1581 = DIRECTION ( 'NONE',  ( 0.000000000000000000, 0.000000000000000000, -1.000000000000000000 ) ) ;
#1582 = ORIENTED_EDGE ( 'NONE', *, *, #79, .T. ) ;
#1583 = DIRECTION ( 'NONE',  ( 0.000000000000000000, 0.7660444431189812331, -0.6427876096865354771 ) ) ;
#1584 = ORIENTED_EDGE ( 'NONE', *, *, #612, .T. ) ;
#1585 = CARTESIAN_POINT ( 'NONE',  ( 16.24049966793240429, -78.80554484686014405, 13.26486797799578454 ) ) ;
#1586 = VERTEX_POINT ( 'NONE', #4470 ) ;
#1587 = DIRECTION ( 'NONE',  ( -0.000000000000000000, 0.9063077870366528233, 0.4226182617406931685 ) ) ;
#1588 = CARTESIAN_POINT ( 'NONE',  ( 21.37742799812464511, -27.24841761722511535, -21.77758728512252873 ) ) ;
#1589 = DIRECTION ( 'NONE',  ( 0.000000000000000000, -0.5057367576863224246, -0.8626878531223943769 ) ) ;
#1590 = CARTESIAN_POINT ( 'NONE',  ( 17.26601228146073197, -77.20061904425320165, 2.369928554011297095 ) ) ;
#1591 = LINE ( 'NONE', #8867, #2799 ) ;
#1592 = ADVANCED_FACE ( 'NONE', ( #1563 ), #6712, .T. ) ;
#1593 = AXIS2_PLACEMENT_3D ( 'NONE', #9291, #4819, #2785 ) ;
#1594 = AXIS2_PLACEMENT_3D ( 'NONE', #1481, #2245, #4430 ) ;
#1595 = B_SPLINE_CURVE_WITH_KNOTS ( 'NONE', 3,
 ( #6528, #6345, #7937, #1913, #1246, #2008, #4192, #5647, #9385, #8660, #2056, #419, #9339, #9477, #5602, #7890, #3377, #4240, #2743, #5696, #1202, #4963, #1340, #7209, #4871, #8614, #1291, #4919, #2833, #465, #6434, #5792 ),
 .UNSPECIFIED., .F., .F.,
 ( 4, 2, 2, 1, 1, 1, 1, 1, 1, 2, 2, 2, 2, 1, 2, 2, 1, 1, 1, 2, 4 ),
 ( 0.000000000000000000, 0.2500000000004315992, 0.3750000000006475376, 0.4375000000007554513, 0.4687500000008095191, 0.4843750000008364420, 0.4921875000008498202, 0.4960937500008552048, 0.4980468750008565371, 0.4990234375008585355, 0.5000000000008604228, 0.6250000000011517454, 0.6875000000012974066, 0.6953125000013101742, 0.6992187500013127277, 0.7001953125013068435, 0.7011718750013009593, 0.7031250000012916335, 0.7187500000012242429, 0.7500000000010893508, 1.000000000000000000 ),
 .UNSPECIFIED. ) ;
#1596 = EDGE_CURVE ( 'NONE', #4093, #1768, #3014, .T. ) ;
#1597 = ORIENTED_EDGE ( 'NONE', *, *, #1477, .T. ) ;
#1598 = FACE_OUTER_BOUND ( 'NONE', #1991, .T. ) ;
#1599 = ORIENTED_EDGE ( 'NONE', *, *, #6548, .T. ) ;
#1600 = ORIENTED_EDGE ( 'NONE', *, *, #8478, .F. ) ;
#1601 = EDGE_CURVE ( 'NONE', #7571, #8921, #2145, .T. ) ;
#1602 = AXIS2_PLACEMENT_3D ( 'NONE', #1809, #7538, #3317 ) ;
#1603 = CARTESIAN_POINT ( 'NONE',  ( 13.95628770968690269, -13.80628596849889078, -21.81506259107444023 ) ) ;
#1604 = CARTESIAN_POINT ( 'NONE',  ( 12.22496303652434513, 15.72965624595276957, -22.87644684116446214 ) ) ;
#1605 = AXIS2_PLACEMENT_3D ( 'NONE', #6678, #2977, #6039 ) ;
#1606 = FACE_OUTER_BOUND ( 'NONE', #11, .T. ) ;
#1607 = CARTESIAN_POINT ( 'NONE',  ( 12.14215189227657810, 16.57206273544808539, -45.04880231024553439 ) ) ;
#1608 = VECTOR ( 'NONE', #2471, 1000.000000000000000 ) ;
#1609 = CARTESIAN_POINT ( 'NONE',  ( 15.00000000000000178, -101.2175559630125861, 44.58371239902779593 ) ) ;
#1610 = VERTEX_POINT ( 'NONE', #3789 ) ;
#1611 = CARTESIAN_POINT ( 'NONE',  ( 14.40819380430478169, 13.67783532475491270, -20.40740273198093391 ) ) ;
#1612 = DIRECTION ( 'NONE',  ( -1.000000000000000000, 0.000000000000000000, 0.000000000000000000 ) ) ;
#1613 = FACE_OUTER_BOUND ( 'NONE', #8491, .T. ) ;
#1614 = CARTESIAN_POINT ( 'NONE',  ( 22.04801215688735638, -12.81295175698431343, -19.00765776121293271 ) ) ;
#1615 = DIRECTION ( 'NONE',  ( 0.7071067811865493491, 0.000000000000000000, 0.7071067811865456854 ) ) ;
#1616 = LINE ( 'NONE', #4567, #8683 ) ;
#1617 = DIRECTION ( 'NONE',  ( -0.000000000000000000, 0.6427876096865340338, 0.7660444431189825654 ) ) ;
#1618 = EDGE_CURVE ( 'NONE', #6000, #6708, #3694, .T. ) ;
#1619 = LINE ( 'NONE', #3746, #9462 ) ;
#1620 = ORIENTED_EDGE ( 'NONE', *, *, #4826, .T. ) ;
#1621 = VERTEX_POINT ( 'NONE', #15 ) ;
#1622 = CARTESIAN_POINT ( 'NONE',  ( 19.19860340506338403, -20.57279008854556679, -40.22482922281545115 ) ) ;
#1623 = VECTOR ( 'NONE', #9564, 1000.000000000000000 ) ;
#1624 = EDGE_CURVE ( 'NONE', #6339, #9437, #6026, .T. ) ;
#1625 = EDGE_LOOP ( 'NONE', ( #2014, #1181, #8433, #6134, #3147, #2315, #7456, #1582 ) ) ;
#1626 = PLANE ( 'NONE',  #829 ) ;
#1627 = DIRECTION ( 'NONE',  ( 1.000000000000000000, 0.000000000000000000, 0.000000000000000000 ) ) ;
#1628 = FACE_OUTER_BOUND ( 'NONE', #982, .T. ) ;
#1629 = CARTESIAN_POINT ( 'NONE',  ( 10.48447168601375878, -67.51255360434782915, 29.70567073343264752 ) ) ;
#1630 =( BOUNDED_CURVE ( )  B_SPLINE_CURVE ( 2, ( #4722, #6928, #1725 ),
 .UNSPECIFIED., .F., .F. ) 
 B_SPLINE_CURVE_WITH_KNOTS ( ( 3, 3 ),
 ( 0.000000000000000000, 1.000000000000000000 ),
 .UNSPECIFIED. ) 
 CURVE ( )  GEOMETRIC_REPRESENTATION_ITEM ( )  RATIONAL_B_SPLINE_CURVE ( ( 1.000000000000000000, 0.6836549494005397243, 1.000000000000000000 ) ) 
 REPRESENTATION_ITEM ( '' )  );
#1631 = CARTESIAN_POINT ( 'NONE',  ( 23.44999999999999929, 65.37459915186103387, -40.29634816116372775 ) ) ;
#1632 = DIRECTION ( 'NONE',  ( -1.000000000000000000, 0.000000000000000000, 0.000000000000000000 ) ) ;
#1633 = DIRECTION ( 'NONE',  ( 0.000000000000000000, -7.228014483236694583E-17, 1.000000000000000000 ) ) ;
#1634 = ORIENTED_EDGE ( 'NONE', *, *, #8494, .F. ) ;
#1635 = LINE ( 'NONE', #3710, #7446 ) ;
#1636 = ORIENTED_EDGE ( 'NONE', *, *, #8162, .T. ) ;
#1637 = CARTESIAN_POINT ( 'NONE',  ( 16.18629390451943806, -79.18303248623253410, 13.34750852187631587 ) ) ;
#1638 = ORIENTED_EDGE ( 'NONE', *, *, #8798, .F. ) ;
#1639 = DIRECTION ( 'NONE',  ( 0.000000000000000000, -0.6427876096865355882, -0.7660444431189813441 ) ) ;
#1640 = CARTESIAN_POINT ( 'NONE',  ( 22.00006418193363089, -35.53580515311423227, -15.38105855252543996 ) ) ;
#1641 = FACE_OUTER_BOUND ( 'NONE', #953, .T. ) ;
#1642 = DIRECTION ( 'NONE',  ( 1.000000000000000000, -0.000000000000000000, -0.000000000000000000 ) ) ;
#1643 = DIRECTION ( 'NONE',  ( -1.000000000000000000, -0.000000000000000000, -0.000000000000000000 ) ) ;
#1644 = CARTESIAN_POINT ( 'NONE',  ( 19.69597776886027773, 22.08546040741135386, -43.54575647208493905 ) ) ;
#1645 = ORIENTED_EDGE ( 'NONE', *, *, #6548, .F. ) ;
#1646 = CARTESIAN_POINT ( 'NONE',  ( 18.05466644976850077, 25.27107353061563799, -43.46368815774496142 ) ) ;
#1647 = ORIENTED_EDGE ( 'NONE', *, *, #7677, .T. ) ;
#1648 = ORIENTED_EDGE ( 'NONE', *, *, #2200, .T. ) ;
#1649 = CARTESIAN_POINT ( 'NONE',  ( 14.00000000000000000, 0.5375364957381987274, -18.29634816116374907 ) ) ;
#1650 = CARTESIAN_POINT ( 'NONE',  ( 13.64742905090055203, -13.99387180146979048, -22.00925948274391786 ) ) ;
#1651 = DIRECTION ( 'NONE',  ( 0.1227064741973198647, 0.4221622579242254591, 0.8981771257243097439 ) ) ;
#1652 = CARTESIAN_POINT ( 'NONE',  ( 17.38999096994552573, -66.83004087865462850, 23.20485039240494274 ) ) ;
#1653 = CARTESIAN_POINT ( 'NONE',  ( 11.53105070145278255, 17.43697398524937370, -45.29633887683244353 ) ) ;
#1654 = ADVANCED_FACE ( 'NONE', ( #60 ), #2965, .T. ) ;
#1655 = CARTESIAN_POINT ( 'NONE',  ( 3.458159994881328636, -98.98959303789398234, 43.90925963891692163 ) ) ;
#1656 = VECTOR ( 'NONE', #2140, 1000.000000000000000 ) ;
#1657 = EDGE_LOOP ( 'NONE', ( #9449, #4258, #5785, #162, #5721, #1157 ) ) ;
#1658 = CARTESIAN_POINT ( 'NONE',  ( 12.19083461222129472, 15.75704869086030158, -23.29634816116374907 ) ) ;
#1659 = DIRECTION ( 'NONE',  ( -0.6957347208936441874, 0.7182988223177335652, 0.000000000000000000 ) ) ;
#1660 = AXIS2_PLACEMENT_3D ( 'NONE', #2142, #1560, #5786 ) ;
#1661 = CARTESIAN_POINT ( 'NONE',  ( 21.87423932168684715, -15.30549618202188533, -19.94554102552162433 ) ) ;
#1662 = DIRECTION ( 'NONE',  ( 0.000000000000000000, 0.9143751889140099287, -0.4048678968484271112 ) ) ;
#1663 = CARTESIAN_POINT ( 'NONE',  ( 16.73214394386376824, -73.75382269188300199, 16.72267775511638987 ) ) ;
#1664 = CARTESIAN_POINT ( 'NONE',  ( 11.63552167403280890, -64.39982302989891139, -3.117934326581682125 ) ) ;
#1665 = DIRECTION ( 'NONE',  ( -0.1251691050984282683, 7.255195703030405294E-17, -0.9921354217690540045 ) ) ;
#1666 = VERTEX_POINT ( 'NONE', #7297 ) ;
#1667 = ORIENTED_EDGE ( 'NONE', *, *, #1748, .F. ) ;
#1668 = CARTESIAN_POINT ( 'NONE',  ( 15.00000000000000000, -100.1654943845541652, 32.58085352489680986 ) ) ;
#1669 = EDGE_LOOP ( 'NONE', ( #7458, #1982, #5902, #2040 ) ) ;
#1670 = CARTESIAN_POINT ( 'NONE',  ( 19.10886073345599456, -14.46246350426197580, -23.22154033690298292 ) ) ;
#1671 = EDGE_CURVE ( 'NONE', #9354, #5559, #2880, .T. ) ;
#1672 = DIRECTION ( 'NONE',  ( 0.000000000000000000, -1.000000000000000000, 0.000000000000000000 ) ) ;
#1673 = FACE_OUTER_BOUND ( 'NONE', #7862, .T. ) ;
#1674 = LINE ( 'NONE', #3278, #7688 ) ;
#1675 = DIRECTION ( 'NONE',  ( -1.000000000000000000, 0.000000000000000000, -0.000000000000000000 ) ) ;
#1676 = EDGE_CURVE ( 'NONE', #5641, #3258, #3741, .T. ) ;
#1677 = CARTESIAN_POINT ( 'NONE',  ( 4.400000000000000355, -140.1086479597152561, 31.06710166095935222 ) ) ;
#1678 = CARTESIAN_POINT ( 'NONE',  ( 11.72086340508472979, -15.04680544045144686, -44.08387198025226894 ) ) ;
#1679 = CARTESIAN_POINT ( 'NONE',  ( 20.57198585558803572, -55.77653994782964020, 16.86437094104170242 ) ) ;
#1680 = EDGE_CURVE ( 'NONE', #7910, #5315, #3193, .T. ) ;
#1681 = VERTEX_POINT ( 'NONE', #9568 ) ;
#1682 = LINE ( 'NONE', #327, #4496 ) ;
#1683 = ORIENTED_EDGE ( 'NONE', *, *, #7969, .F. ) ;
#1684 = DIRECTION ( 'NONE',  ( 0.000000000000000000, -0.9848077530122094636, 0.1736481776669225041 ) ) ;
#1685 = ORIENTED_EDGE ( 'NONE', *, *, #4022, .T. ) ;
#1686 = DIRECTION ( 'NONE',  ( 0.000000000000000000, -0.7660444431189821213, 0.6427876096865344779 ) ) ;
#1687 = LINE ( 'NONE', #1164, #4084 ) ;
#1688 = CARTESIAN_POINT ( 'NONE',  ( 13.92816563989168976, -13.82373730093683761, -21.83074034756345583 ) ) ;
#1689 = FACE_OUTER_BOUND ( 'NONE', #8489, .T. ) ;
#1690 = CARTESIAN_POINT ( 'NONE',  ( -12.75000000000000000, -76.37521062310625553, 25.48216967743977079 ) ) ;
#1691 = CARTESIAN_POINT ( 'NONE',  ( 16.11008149720526816, -77.14579622387046243, 18.98243308849487221 ) ) ;
#1692 = EDGE_CURVE ( 'NONE', #6113, #4443, #8799, .T. ) ;
#1693 = ORIENTED_EDGE ( 'NONE', *, *, #3255, .F. ) ;
#1694 = CARTESIAN_POINT ( 'NONE',  ( 17.44566210055246458, 22.82474876421314747, -45.29634816116374196 ) ) ;
#1695 = ORIENTED_EDGE ( 'NONE', *, *, #9145, .T. ) ;
#1696 = ORIENTED_EDGE ( 'NONE', *, *, #4342, .T. ) ;
#1697 = DIRECTION ( 'NONE',  ( 0.000000000000000000, 0.9396926207859084279, -0.3420201433256687684 ) ) ;
#1698 = CARTESIAN_POINT ( 'NONE',  ( 15.10642263552007059, -13.03452271695724107, -21.37983730220490131 ) ) ;
#1699 = DIRECTION ( 'NONE',  ( -1.000000000000000000, -0.000000000000000000, -0.000000000000000000 ) ) ;
#1700 = CARTESIAN_POINT ( 'NONE',  ( 17.08618856853341583, -68.29499198552834116, 23.67722190606286148 ) ) ;
#1701 = CARTESIAN_POINT ( 'NONE',  ( 12.79647753703226698, 15.56878440059641555, -43.65118788916299764 ) ) ;
#1702 = LINE ( 'NONE', #3106, #336 ) ;
#1703 = ORIENTED_EDGE ( 'NONE', *, *, #6694, .F. ) ;
#1704 = ORIENTED_EDGE ( 'NONE', *, *, #1596, .F. ) ;
#1705 = CARTESIAN_POINT ( 'NONE',  ( 12.91048508637899772, 15.48678923322539269, -22.84684788292921809 ) ) ;
#1706 = CARTESIAN_POINT ( 'NONE',  ( 12.40000000000000036, -51.37579633631954579, -6.267618961749018780 ) ) ;
#1707 = ADVANCED_FACE ( 'NONE', ( #4420 ), #5978, .T. ) ;
#1708 = DIRECTION ( 'NONE',  ( 1.897353801849642226E-15, -0.1736481776669230592, -0.9848077530122093526 ) ) ;
#1709 = CARTESIAN_POINT ( 'NONE',  ( 12.11788940167125084, -14.74012254534934385, -43.64125717126521664 ) ) ;
#1710 = CARTESIAN_POINT ( 'NONE',  ( 16.68928687621644258, -74.92514660379741542, 14.81454595320540513 ) ) ;
#1711 = LINE ( 'NONE', #6917, #7814 ) ;
#1712 = VECTOR ( 'NONE', #9562, 999.9999999999998863 ) ;
#1713 = EDGE_CURVE ( 'NONE', #3922, #3370, #5925, .T. ) ;
#1714 = CARTESIAN_POINT ( 'NONE',  ( 22.96317658161855135, -49.94661532182695396, -5.206068044850085563 ) ) ;
#1715 = ADVANCED_FACE ( 'NONE', ( #5099 ), #6667, .F. ) ;
#1716 = ORIENTED_EDGE ( 'NONE', *, *, #9434, .T. ) ;
#1717 = ORIENTED_EDGE ( 'NONE', *, *, #6253, .F. ) ;
#1718 = ORIENTED_EDGE ( 'NONE', *, *, #196, .T. ) ;
#1719 = CARTESIAN_POINT ( 'NONE',  ( 17.04360374623862029, -24.26241033679751169, -43.45985185926101479 ) ) ;
#1720 = CARTESIAN_POINT ( 'NONE',  ( 3.162846360719076877, 32.73954237941580203, -16.73947206590500514 ) ) ;
#1721 = VECTOR ( 'NONE', #1583, 1000.000000000000227 ) ;
#1722 = DIRECTION ( 'NONE',  ( -1.000000000000000000, -0.000000000000000000, -0.000000000000000000 ) ) ;
#1723 = DIRECTION ( 'NONE',  ( 0.000000000000000000, -0.6427876096865348110, -0.7660444431189818992 ) ) ;
#1724 = DIRECTION ( 'NONE',  ( 0.000000000000000000, 0.000000000000000000, -1.000000000000000000 ) ) ;
#1725 = CARTESIAN_POINT ( 'NONE',  ( 15.38717015118669096, -52.47418028630455922, 21.02326185008634596 ) ) ;
#1726 = DIRECTION ( 'NONE',  ( -0.000000000000000000, -0.000000000000000000, 1.000000000000000000 ) ) ;
#1727 = CARTESIAN_POINT ( 'NONE',  ( 20.93204919625121008, -54.55922881674284497, 15.91920307177202609 ) ) ;
#1728 = EDGE_CURVE ( 'NONE', #7807, #4549, #2188, .T. ) ;
#1729 = EDGE_CURVE ( 'NONE', #4600, #1666, #1472, .T. ) ;
#1730 = VERTEX_POINT ( 'NONE', #2330 ) ;
#1731 = CARTESIAN_POINT ( 'NONE',  ( 12.31758045228050769, 16.31113771817714309, -44.87622591716049669 ) ) ;
#1732 = ORIENTED_EDGE ( 'NONE', *, *, #8892, .F. ) ;
#1733 = CARTESIAN_POINT ( 'NONE',  ( 17.47745130583246009, -71.94101876695387432, 11.30328897424231016 ) ) ;
#1734 = CARTESIAN_POINT ( 'NONE',  ( 15.35795213581307728, 13.92345857568206746, -21.33375313122337502 ) ) ;
#1735 = CARTESIAN_POINT ( 'NONE',  ( 14.43801413098003117, 14.39289881874804067, -21.29634816116374907 ) ) ;
#1736 = DIRECTION ( 'NONE',  ( -0.000000000000000000, -0.1736481776669230037, -0.9848077530122093526 ) ) ;
#1737 = CARTESIAN_POINT ( 'NONE',  ( 15.87424617105140356, -12.44503733260159528, -21.29216706782821689 ) ) ;
#1738 = DIRECTION ( 'NONE',  ( 0.000000000000000000, 0.6427876096865348110, 0.7660444431189818992 ) ) ;
#1739 = CARTESIAN_POINT ( 'NONE',  ( 15.00000000000000000, -95.59509845033032605, 31.64949144815125237 ) ) ;
#1740 = CARTESIAN_POINT ( 'NONE',  ( 18.30221296601523306, 25.01835985891440828, -43.47606236107331767 ) ) ;
#1741 = ADVANCED_FACE ( 'NONE', ( #1378 ), #9031, .F. ) ;
#1742 = VERTEX_POINT ( 'NONE', #7011 ) ;
#1743 = CARTESIAN_POINT ( 'NONE',  ( 15.00000000000000000, -122.2705011474571819, 18.42123019163070907 ) ) ;
#1744 = ORIENTED_EDGE ( 'NONE', *, *, #5984, .T. ) ;
#1745 = CARTESIAN_POINT ( 'NONE',  ( 18.81295820534425900, -19.06971093232112580, -43.54662542183135798 ) ) ;
#1746 = ORIENTED_EDGE ( 'NONE', *, *, #2801, .T. ) ;
#1747 = CARTESIAN_POINT ( 'NONE',  ( 19.71383824820377484, 21.42720991145441545, -43.54662542183136509 ) ) ;
#1748 = EDGE_CURVE ( 'NONE', #2470, #2120, #2481, .T. ) ;
#1749 = CARTESIAN_POINT ( 'NONE',  ( 14.73735334335093938, -13.29587460595528192, -21.47784461835808045 ) ) ;
#1750 = CARTESIAN_POINT ( 'NONE',  ( 8.657851095430727284, -73.39533097835840181, 32.09787989477761272 ) ) ;
#1751 = PRESENTATION_STYLE_ASSIGNMENT (( #3207 ) ) ;
#1752 = CARTESIAN_POINT ( 'NONE',  ( 12.34131931248891512, 16.27549511286632722, -44.84908927583756366 ) ) ;
#1753 = DIRECTION ( 'NONE',  ( 1.000000000000000000, 0.000000000000000000, 0.000000000000000000 ) ) ;
#1754 = VECTOR ( 'NONE', #5505, 1000.000000000000000 ) ;
#1755 = ORIENTED_EDGE ( 'NONE', *, *, #5803, .T. ) ;
#1756 = VECTOR ( 'NONE', #5502, 1000.000000000000000 ) ;
#1757 = ORIENTED_EDGE ( 'NONE', *, *, #8478, .T. ) ;
#1758 = CARTESIAN_POINT ( 'NONE',  ( 13.77363997484033931, 14.99340173329452774, -21.92345409917324517 ) ) ;
#1759 = CARTESIAN_POINT ( 'NONE',  ( 13.58624492939096129, -57.79757182095255530, -8.450471799217375235 ) ) ;
#1760 = CARTESIAN_POINT ( 'NONE',  ( 19.08726085664822492, -14.46246350426197758, -23.29634816116374907 ) ) ;
#1761 = FACE_OUTER_BOUND ( 'NONE', #6177, .T. ) ;
#1762 = LINE ( 'NONE', #9181, #3153 ) ;
#1763 = VECTOR ( 'NONE', #4033, 1000.000000000000000 ) ;
#1764 = VECTOR ( 'NONE', #9193, 1000.000000000000000 ) ;
#1765 = CARTESIAN_POINT ( 'NONE',  ( 22.30578287396025061, 17.94536814265399371, -22.38799587002920788 ) ) ;
#1766 = VERTEX_POINT ( 'NONE', #2384 ) ;
#1767 = ORIENTED_EDGE ( 'NONE', *, *, #7404, .T. ) ;
#1768 = VERTEX_POINT ( 'NONE', #4760 ) ;
#1769 = CARTESIAN_POINT ( 'NONE',  ( 12.19088701025905230, -14.68193372853726153, -23.09761776826772106 ) ) ;
#1770 = CARTESIAN_POINT ( 'NONE',  ( 23.44999999999999929, -34.71447329368038481, 6.121098262759046449 ) ) ;
#1771 = AXIS2_PLACEMENT_3D ( 'NONE', #6114, #2316, #1697 ) ;
#1772 = CARTESIAN_POINT ( 'NONE',  ( 22.83101906800076364, -47.76978312703381135, -6.637430358678487963 ) ) ;
#1773 = DIRECTION ( 'NONE',  ( 0.000000000000000000, -0.7660444431189815662, 0.6427876096865349220 ) ) ;
#1774 = CARTESIAN_POINT ( 'NONE',  ( 21.96382481641765594, -55.88006916046671080, 1.220355759464604173 ) ) ;
#1775 = CARTESIAN_POINT ( 'NONE',  ( 16.58746680220013303, 23.92036752765245922, -45.29634816116374196 ) ) ;
#1776 = CARTESIAN_POINT ( 'NONE',  ( 2.060445533975737487, -109.0439359173284828, 46.49527170565810508 ) ) ;
#1777 = CARTESIAN_POINT ( 'NONE',  ( 20.77008450326438194, -55.12363898794819761, 16.34481003688035372 ) ) ;
#1778 = ADVANCED_FACE ( 'NONE', ( #1084 ), #5994, .T. ) ;
#1779 = ORIENTED_EDGE ( 'NONE', *, *, #9476, .T. ) ;
#1780 = CARTESIAN_POINT ( 'NONE',  ( 12.11565061350137995, 16.61085528431363656, -45.06875883608234545 ) ) ;
#1781 = ORIENTED_EDGE ( 'NONE', *, *, #6600, .F. ) ;
#1782 = CARTESIAN_POINT ( 'NONE',  ( 15.00000000000000000, -131.9225896424078712, 20.52199534368734035 ) ) ;
#1783 = ORIENTED_EDGE ( 'NONE', *, *, #5104, .F. ) ;
#1784 = CARTESIAN_POINT ( 'NONE',  ( 14.08672580761247062, 14.56172586344493958, -21.29634816116374907 ) ) ;
#1785 = CARTESIAN_POINT ( 'NONE',  ( 15.00000000000000000, -107.1699632574636496, 33.34546904367358167 ) ) ;
#1786 = CARTESIAN_POINT ( 'NONE',  ( 12.26537268658029767, -14.62197947640173723, -22.68138828553304620 ) ) ;
#1787 = CARTESIAN_POINT ( 'NONE',  ( 14.09900358748085480, -53.23423536937436751, -12.27956573267440277 ) ) ;
#1788 = CARTESIAN_POINT ( 'NONE',  ( 5.999999999999998224, -122.9523421383642727, 24.82271701201955949 ) ) ;
#1789 = CARTESIAN_POINT ( 'NONE',  ( 16.23759978711842322, -77.86827955564936588, 15.30974451440128448 ) ) ;
#1790 = ORIENTED_EDGE ( 'NONE', *, *, #6912, .T. ) ;
#1791 = CARTESIAN_POINT ( 'NONE',  ( 15.89539083893972560, -75.79505752632555016, 25.56703793074026265 ) ) ;
#1792 = EDGE_LOOP ( 'NONE', ( #137, #7493, #6649, #1811 ) ) ;
#1793 = DIRECTION ( 'NONE',  ( -0.000000000000000000, -0.9396926207859083169, 0.3420201433256692680 ) ) ;
#1794 = CARTESIAN_POINT ( 'NONE',  ( 8.524907778258766555, -71.65644445095007598, 0.6987026553692010644 ) ) ;
#1795 = CARTESIAN_POINT ( 'NONE',  ( 15.36180171076061995, -12.84542100486691396, -21.33333362218203533 ) ) ;
#1796 = CARTESIAN_POINT ( 'NONE',  ( 12.24919909964926035, 15.71011583250174404, -22.75392306903904682 ) ) ;
#1797 = EDGE_CURVE ( 'NONE', #5559, #1978, #4274, .T. ) ;
#1798 = LINE ( 'NONE', #6956, #539 ) ;
#1799 = ADVANCED_FACE ( 'NONE', ( #5391, #8346 ), #8252, .F. ) ;
#1800 = ORIENTED_EDGE ( 'NONE', *, *, #7905, .T. ) ;
#1801 = LINE ( 'NONE', #7729, #174 ) ;
#1802 = ORIENTED_EDGE ( 'NONE', *, *, #8081, .T. ) ;
#1803 = ORIENTED_EDGE ( 'NONE', *, *, #706, .F. ) ;
#1804 = CARTESIAN_POINT ( 'NONE',  ( 12.89436615768728345, 15.49548786082763208, -22.88637491074265995 ) ) ;
#1805 = CARTESIAN_POINT ( 'NONE',  ( -4.000000000000000000, -32.28376223969119962, -11.23648032529736263 ) ) ;
#1806 = CARTESIAN_POINT ( 'NONE',  ( 19.55686592545413305, -13.78411648788435784, -21.78957402003993593 ) ) ;
#1807 = AXIS2_PLACEMENT_3D ( 'NONE', #1145, #315, #1050 ) ;
#1808 = CARTESIAN_POINT ( 'NONE',  ( 15.00000000000000000, -105.4912514368568992, 33.19335686479304570 ) ) ;
#1809 = CARTESIAN_POINT ( 'NONE',  ( 23.73188222302021799, -76.10435538319671878, 16.87016425251036722 ) ) ;
#1810 = LINE ( 'NONE', #4764, #4286 ) ;
#1811 = ORIENTED_EDGE ( 'NONE', *, *, #4163, .F. ) ;
#1812 = ORIENTED_EDGE ( 'NONE', *, *, #9034, .F. ) ;
#1813 = ORIENTED_EDGE ( 'NONE', *, *, #5771, .F. ) ;
#1814 = CARTESIAN_POINT ( 'NONE',  ( 19.25749864582310167, -14.37834517481783436, -22.72148439900394479 ) ) ;
#1815 = LINE ( 'NONE', #7645, #6931 ) ;
#1816 = CARTESIAN_POINT ( 'NONE',  ( -3.184081677783118191E-15, 0.5375364957382012809, -45.29634816116374907 ) ) ;
#1817 = CARTESIAN_POINT ( 'NONE',  ( 22.72703367706670008, -51.79319149329504057, -2.106577769823402058 ) ) ;
#1818 = PLANE ( 'NONE',  #7488 ) ;
#1819 = CARTESIAN_POINT ( 'NONE',  ( 11.28000207283220391, -15.36885233416172625, -44.25731225845142802 ) ) ;
#1820 = CARTESIAN_POINT ( 'NONE',  ( 15.58695292201687010, -12.66072830955126527, -21.29634816116375262 ) ) ;
#1821 = ORIENTED_EDGE ( 'NONE', *, *, #4633, .F. ) ;
#1822 = CARTESIAN_POINT ( 'NONE',  ( 11.98824643960230674, 16.79605625953436387, -45.15402747398461258 ) ) ;
#1823 = ORIENTED_EDGE ( 'NONE', *, *, #7468, .F. ) ;
#1824 = CARTESIAN_POINT ( 'NONE',  ( 15.00000000000000000, -122.3442200681275409, 32.30174611396969908 ) ) ;
#1825 = CARTESIAN_POINT ( 'NONE',  ( 14.86887048680577017, 14.27943881737379428, -21.43861324235890820 ) ) ;
#1826 = CARTESIAN_POINT ( 'NONE',  ( 3.006515050619983587, -101.3407937816511151, 10.96161919021942666 ) ) ;
#1827 = CARTESIAN_POINT ( 'NONE',  ( 15.00000000000000355, -109.9055520225969644, 33.65537133403869774 ) ) ;
#1828 = CARTESIAN_POINT ( 'NONE',  ( 12.69799621922728150, -14.26172182574727998, -21.72577222148834508 ) ) ;
#1829 = ADVANCED_FACE ( 'NONE', ( #9131 ), #3836, .F. ) ;
#1830 = FACE_OUTER_BOUND ( 'NONE', #7145, .T. ) ;
#1831 = CARTESIAN_POINT ( 'NONE',  ( 7.399999999999999467, -69.02821919591445976, 13.76615170645137987 ) ) ;
#1832 = CARTESIAN_POINT ( 'NONE',  ( 16.09756644241141643, -77.28106438928355715, 18.91015760813107960 ) ) ;
#1833 = EDGE_CURVE ( 'NONE', #939, #4755, #3112, .T. ) ;
#1834 = ORIENTED_EDGE ( 'NONE', *, *, #4565, .F. ) ;
#1835 = DIRECTION ( 'NONE',  ( 0.000000000000000000, 0.3232551092554114547, 0.9463118589240399059 ) ) ;
#1836 = EDGE_CURVE ( 'NONE', #3972, #1057, #2578, .T. ) ;
#1837 = EDGE_LOOP ( 'NONE', ( #6958, #8086, #5584, #2141 ) ) ;
#1838 = DIRECTION ( 'NONE',  ( 0.000000000000000000, 0.000000000000000000, -1.000000000000000000 ) ) ;
#1839 = CARTESIAN_POINT ( 'NONE',  ( 11.45643923738951386, -16.46246350426196869, -45.29634816116374907 ) ) ;
#1840 = DIRECTION ( 'NONE',  ( -1.000000000000000000, 0.000000000000000000, 0.000000000000000000 ) ) ;
#1841 = CARTESIAN_POINT ( 'NONE',  ( 12.82159184441267996, 15.23016003215971459, -21.55177306699434681 ) ) ;
#1842 = SURFACE_SIDE_STYLE ('',( #3977 ) ) ;
#1843 = DIRECTION ( 'NONE',  ( -1.000000000000000000, 0.000000000000000000, 0.000000000000000000 ) ) ;
#1844 = EDGE_CURVE ( 'NONE', #2131, #8076, #1153, .T. ) ;
#1845 = ORIENTED_EDGE ( 'NONE', *, *, #4464, .F. ) ;
#1846 = CARTESIAN_POINT ( 'NONE',  ( 18.44999999999999929, 33.32528787234499390, -13.99956028685670795 ) ) ;
#1847 = ORIENTED_EDGE ( 'NONE', *, *, #7127, .T. ) ;
#1848 = CARTESIAN_POINT ( 'NONE',  ( 15.00000000000014921, -91.29339742901136390, 40.91484470063105761 ) ) ;
#1849 = CARTESIAN_POINT ( 'NONE',  ( 15.14707553785846983, 14.08031003402382453, -21.37038454170853896 ) ) ;
#1850 = CARTESIAN_POINT ( 'NONE',  ( 13.58769131732967317, -57.78971095050555107, -8.457067852710176581 ) ) ;
#1851 = CARTESIAN_POINT ( 'NONE',  ( 20.35660649962904500, 14.06065943930123296, -21.34824837859124358 ) ) ;
#1852 = CARTESIAN_POINT ( 'NONE',  ( 4.400000000000000355, -118.1390363184926713, 27.54036360956488849 ) ) ;
#1853 = LINE ( 'NONE', #2635, #6431 ) ;
#1854 = CARTESIAN_POINT ( 'NONE',  ( 19.88669774594865558, 18.06397657989736416, -41.58344998772472678 ) ) ;
#1855 = ORIENTED_EDGE ( 'NONE', *, *, #7323, .F. ) ;
#1856 = ORIENTED_EDGE ( 'NONE', *, *, #5580, .F. ) ;
#1857 = ORIENTED_EDGE ( 'NONE', *, *, #8002, .T. ) ;
#1858 = CARTESIAN_POINT ( 'NONE',  ( 12.81600561797618987, -14.46246350426196869, -43.29634816116374907 ) ) ;
#1859 = CARTESIAN_POINT ( 'NONE',  ( 0.000000000000000000, -50.09526626644275638, 16.41630139475327965 ) ) ;
#1860 = LINE ( 'NONE', #9243, #6765 ) ;
#1861 = EDGE_CURVE ( 'NONE', #339, #102, #4805, .T. ) ;
#1862 = LINE ( 'NONE', #3180, #90 ) ;
#1863 = AXIS2_PLACEMENT_3D ( 'NONE', #4133, #9328, #5442 ) ;
#1864 = CARTESIAN_POINT ( 'NONE',  ( 21.90992339456257199, -60.01289198410596271, -6.591597467377001252 ) ) ;
#1865 = CARTESIAN_POINT ( 'NONE',  ( 15.00000000000000000, -130.4704939328017872, 37.72199820903487932 ) ) ;
#1866 = CARTESIAN_POINT ( 'NONE',  ( 1.565221250566802169, -113.7656621670444252, 47.65278217598800126 ) ) ;
#1867 = CARTESIAN_POINT ( 'NONE',  ( 22.59699856472012414, -46.62571267533379427, 11.23897483266285491 ) ) ;
#1868 = VECTOR ( 'NONE', #1938, 1000.000000000000000 ) ;
#1869 = CIRCLE ( 'NONE', #8378, 1.000000000000004441 ) ;
#1870 = VERTEX_POINT ( 'NONE', #2045 ) ;
#1871 = CARTESIAN_POINT ( 'NONE',  ( 12.17045731468474123, 16.53030448327393742, -45.02465552112862923 ) ) ;
#1872 = ORIENTED_EDGE ( 'NONE', *, *, #1567, .F. ) ;
#1873 = CARTESIAN_POINT ( 'NONE',  ( 15.00000000000000000, -125.6797723735735133, 18.97019296542793043 ) ) ;
#1874 = VERTEX_POINT ( 'NONE', #5588 ) ;
#1875 = CARTESIAN_POINT ( 'NONE',  ( 14.12774481869822729, 14.54241302144122550, -21.29634816116375262 ) ) ;
#1876 = CARTESIAN_POINT ( 'NONE',  ( 23.73188222302021799, -22.82182225824879751, -14.25357600088131171 ) ) ;
#1877 = CARTESIAN_POINT ( 'NONE',  ( 14.73275594171942871, -13.29924981990973087, -21.47874372191179404 ) ) ;
#1878 = CARTESIAN_POINT ( 'NONE',  ( -6.000000000000000000, -81.34295218669909389, 11.96611981446149642 ) ) ;
#1879 = CARTESIAN_POINT ( 'NONE',  ( 17.52730295724013843, -63.72409350529338212, 28.18001599981544558 ) ) ;
#1880 = CIRCLE ( 'NONE', #6224, 1.900000000000014566 ) ;
#1881 = CARTESIAN_POINT ( 'NONE',  ( 16.06690391035069254, -77.65864505379568072, 18.63945555954766320 ) ) ;
#1882 = VERTEX_POINT ( 'NONE', #6376 ) ;
#1883 = CARTESIAN_POINT ( 'NONE',  ( 9.479443700773710901, -70.78946094895435692, 30.89836746731775463 ) ) ;
#1884 = ORIENTED_EDGE ( 'NONE', *, *, #5328, .T. ) ;
#1885 = LINE ( 'NONE', #7720, #5159 ) ;
#1886 = CARTESIAN_POINT ( 'NONE',  ( 12.14021763596479531, -15.49985021253563033, -45.05050836353866117 ) ) ;
#1887 = LINE ( 'NONE', #972, #7242 ) ;
#1888 = CARTESIAN_POINT ( 'NONE',  ( 12.09015971554738123, -14.76207727770160538, -43.69852023924961770 ) ) ;
#1889 = CARTESIAN_POINT ( 'NONE',  ( 13.77268894321033166, -25.46246350426179816, -43.29634816116374907 ) ) ;
#1890 = EDGE_CURVE ( 'NONE', #2131, #6148, #7784, .T. ) ;
#1891 = CYLINDRICAL_SURFACE ( 'NONE', #1466, 6.000000000000000000 ) ;
#1892 = EDGE_CURVE ( 'NONE', #9530, #8468, #498, .T. ) ;
#1893 = ORIENTED_EDGE ( 'NONE', *, *, #2948, .T. ) ;
#1894 = PLANE ( 'NONE',  #2810 ) ;
#1895 = ORIENTED_EDGE ( 'NONE', *, *, #6173, .T. ) ;
#1896 = DIRECTION ( 'NONE',  ( -0.000000000000000000, 0.1736481776669232535, 0.9848077530122093526 ) ) ;
#1897 = CARTESIAN_POINT ( 'NONE',  ( 15.47399955415471418, 13.83550720858117700, -21.31766673916837007 ) ) ;
#1898 = CARTESIAN_POINT ( 'NONE',  ( 2.229724804499709112, -109.9823620384780867, 15.12036492860453052 ) ) ;
#1899 = CARTESIAN_POINT ( 'NONE',  ( 20.04273791460234477, 15.43997456271644353, -22.67844823243001073 ) ) ;
#1900 = CARTESIAN_POINT ( 'NONE',  ( 0.000000000000000000, -133.7038235893525382, 48.66421199410356735 ) ) ;
#1901 = DIRECTION ( 'NONE',  ( -1.000000000000000000, -0.000000000000000000, -0.000000000000000000 ) ) ;
#1902 = AXIS2_PLACEMENT_3D ( 'NONE', #7746, #3950, #902 ) ;
#1903 = DIRECTION ( 'NONE',  ( 4.859169400495257961E-17, 0.9848077530122092416, -0.1736481776669232813 ) ) ;
#1904 = ORIENTED_EDGE ( 'NONE', *, *, #7528, .F. ) ;
#1905 = ORIENTED_EDGE ( 'NONE', *, *, #1618, .T. ) ;
#1906 = ORIENTED_EDGE ( 'NONE', *, *, #3840, .T. ) ;
#1907 = CARTESIAN_POINT ( 'NONE',  ( 12.03018322218854941, -62.29568893982715139, 27.46541421434489649 ) ) ;
#1908 = CARTESIAN_POINT ( 'NONE',  ( 0.1665820187279874465, -34.00403636275436980, -23.20692036891955823 ) ) ;
#1909 = VECTOR ( 'NONE', #987, 1000.000000000000114 ) ;
#1910 = CARTESIAN_POINT ( 'NONE',  ( 1.103484295533804449, -120.8706988978681807, 49.39455075236444515 ) ) ;
#1911 = CARTESIAN_POINT ( 'NONE',  ( 13.47066187194154097, -58.40504062752506087, -7.940744947670686393 ) ) ;
#1912 = AXIS2_PLACEMENT_3D ( 'NONE', #6810, #205, #2382 ) ;
#1913 = CARTESIAN_POINT ( 'NONE',  ( 15.37957408233351764, -80.73814341310431075, 27.17592950778028893 ) ) ;
#1914 = EDGE_CURVE ( 'NONE', #3945, #2532, #3987, .T. ) ;
#1915 = AXIS2_PLACEMENT_3D ( 'NONE', #1522, #4474, #8941 ) ;
#1916 = CARTESIAN_POINT ( 'NONE',  ( 22.24012592945793187, -40.32457106557865245, -12.63385401977372346 ) ) ;
#1917 = EDGE_CURVE ( 'NONE', #1766, #908, #4394, .T. ) ;
#1918 = VECTOR ( 'NONE', #3874, 1000.000000000000000 ) ;
#1919 = CARTESIAN_POINT ( 'NONE',  ( 15.19293574056296947, -35.64696100324540140, -22.17319059050318231 ) ) ;
#1920 = ORIENTED_EDGE ( 'NONE', *, *, #6702, .F. ) ;
#1921 = CARTESIAN_POINT ( 'NONE',  ( 0.000000000000000000, -50.41666007128599603, 16.03327917319381513 ) ) ;
#1922 = ORIENTED_EDGE ( 'NONE', *, *, #9563, .F. ) ;
#1923 = CARTESIAN_POINT ( 'NONE',  ( 15.00000000000000000, -129.8537529570932634, 34.63416893920771855 ) ) ;
#1924 = CARTESIAN_POINT ( 'NONE',  ( 14.41081672854400253, 14.59098375375967116, -21.59596976578371752 ) ) ;
#1925 = CARTESIAN_POINT ( 'NONE',  ( 14.47847960544890711, 14.37287282761661444, -21.29634816116375262 ) ) ;
#1926 = LINE ( 'NONE', #3429, #211 ) ;
#1927 = CARTESIAN_POINT ( 'NONE',  ( 12.81600561797617388, -14.46246350426197758, -23.29634816116374907 ) ) ;
#1928 = CARTESIAN_POINT ( 'NONE',  ( 22.79710520133868457, -47.41765911152850066, -6.968332848503001387 ) ) ;
#1929 = CARTESIAN_POINT ( 'NONE',  ( 16.51118628988546178, -76.25683660430813404, 14.52016425251036047 ) ) ;
#1930 = ORIENTED_EDGE ( 'NONE', *, *, #3070, .F. ) ;
#1931 = CARTESIAN_POINT ( 'NONE',  ( 1.300011015784762636, -124.4758996252391086, 18.76861490077991945 ) ) ;
#1932 = ORIENTED_EDGE ( 'NONE', *, *, #3264, .F. ) ;
#1933 = CARTESIAN_POINT ( 'NONE',  ( 0.000000000000000000, 0.000000000000000000, 0.000000000000000000 ) ) ;
#1935 = VECTOR ( 'NONE', #8648, 1000.000000000000000 ) ;
#1934 = CARTESIAN_POINT ( 'NONE',  ( 7.041260244518092293, -76.13840170364119331, 2.084381300633493250 ) ) ;
#1936 = DIRECTION ( 'NONE',  ( 0.000000000000000000, -0.9463118589240400169, 0.3232551092554114547 ) ) ;
#1937 = CARTESIAN_POINT ( 'NONE',  ( 12.18990465993728201, -14.68272072496451841, -43.34192680389767816 ) ) ;
#1938 = DIRECTION ( 'NONE',  ( -1.000000000000000000, 0.000000000000000000, 0.000000000000000000 ) ) ;
#1939 = CARTESIAN_POINT ( 'NONE',  ( 13.89999999999999858, -54.59318299741923397, -3.567911001065602328 ) ) ;
#1940 = ORIENTED_EDGE ( 'NONE', *, *, #6173, .F. ) ;
#1941 = DIRECTION ( 'NONE',  ( 0.000000000000000000, 0.3232551092554114547, 0.9463118589240399059 ) ) ;
#1942 = ORIENTED_EDGE ( 'NONE', *, *, #6105, .T. ) ;
#1943 = CARTESIAN_POINT ( 'NONE',  ( 15.00000000000000178, -99.32187448705435884, 32.44305534378015921 ) ) ;
#1944 = CARTESIAN_POINT ( 'NONE',  ( 14.73275594171945713, 14.37432281138612566, -21.47874372191180115 ) ) ;
#1945 = CARTESIAN_POINT ( 'NONE',  ( 13.60711468594504758, -57.68347146181680074, -8.546213368485364725 ) ) ;
#1946 = DIRECTION ( 'NONE',  ( 0.000000000000000000, -0.9396926207859083169, 0.3420201433256687129 ) ) ;
#1947 = VECTOR ( 'NONE', #1589, 1000.000000000000000 ) ;
#1948 = VECTOR ( 'NONE', #692, 1000.000000000000000 ) ;
#1949 = EDGE_CURVE ( 'NONE', #9263, #8259, #3365, .T. ) ;
#1950 = CARTESIAN_POINT ( 'NONE',  ( 3.581725887239484152, -56.96721140148271445, 24.38275201333176767 ) ) ;
#1951 = FACE_BOUND ( 'NONE', #2350, .T. ) ;
#1952 = CARTESIAN_POINT ( 'NONE',  ( 13.89999999999999858, -68.38198297356090904, 8.002265973292026047 ) ) ;
#1953 = ADVANCED_FACE ( 'NONE', ( #4905 ), #7879, .F. ) ;
#1954 = ORIENTED_EDGE ( 'NONE', *, *, #2036, .T. ) ;
#1955 = ORIENTED_EDGE ( 'NONE', *, *, #4315, .T. ) ;
#1956 = DIRECTION ( 'NONE',  ( 0.000000000000000000, -0.9396926207859086499, 0.3420201433256681578 ) ) ;
#1957 = AXIS2_PLACEMENT_3D ( 'NONE', #3124, #900, #5991 ) ;
#1958 = CARTESIAN_POINT ( 'NONE',  ( 7.399999999999999467, -46.25982028992389417, -5.338803418062269657 ) ) ;
#1959 = CARTESIAN_POINT ( 'NONE',  ( 15.00000000000000000, -123.7899015295616039, 35.82288474055280147 ) ) ;
#1960 = LINE ( 'NONE', #4961, #7481 ) ;
#1961 = CARTESIAN_POINT ( 'NONE',  ( 14.81211749376826958, -40.40428568658845165, -20.09849262545052895 ) ) ;
#1962 = VECTOR ( 'NONE', #5545, 1000.000000000000000 ) ;
#1963 = CARTESIAN_POINT ( 'NONE',  ( 14.86098280368992164, -13.10043349497940568, -21.29634816116374907 ) ) ;
#1964 = EDGE_CURVE ( 'NONE', #5573, #7090, #6701, .T. ) ;
#1965 = CARTESIAN_POINT ( 'NONE',  ( 15.20571199770655646, -35.44625256066635899, -22.28712248168191579 ) ) ;
#1966 = ORIENTED_EDGE ( 'NONE', *, *, #9421, .T. ) ;
#1967 = CARTESIAN_POINT ( 'NONE',  ( 20.87081398987924175, -31.76900820313986529, -24.99609034366541138 ) ) ;
#1968 = ORIENTED_EDGE ( 'NONE', *, *, #5140, .F. ) ;
#1969 = LINE ( 'NONE', #9531, #5166 ) ;
#1970 = ADVANCED_FACE ( 'NONE', ( #1553 ), #7379, .F. ) ;
#1971 = CARTESIAN_POINT ( 'NONE',  ( 14.46981364312160778, 14.55187827270647105, -21.57265388118801042 ) ) ;
#1972 = CARTESIAN_POINT ( 'NONE',  ( 18.44999999999999218, 34.52346029824676776, -7.204386791072464824 ) ) ;
#1973 = CARTESIAN_POINT ( 'NONE',  ( 18.25000000000000000, 25.53163735497593478, -18.46403244077515637 ) ) ;
#1974 = CARTESIAN_POINT ( 'NONE',  ( -3.184081677783118191E-15, 0.5375364957382012809, -45.29634816116374907 ) ) ;
#1975 = CIRCLE ( 'NONE', #1054, 5.000000000000000000 ) ;
#1976 = CARTESIAN_POINT ( 'NONE',  ( 21.73992060778554958, -49.78894191155702487, -14.92983767307794096 ) ) ;
#1977 = DIRECTION ( 'NONE',  ( 1.000000000000000000, -0.000000000000000000, -0.000000000000000000 ) ) ;
#1978 = VERTEX_POINT ( 'NONE', #3 ) ;
#1979 = CARTESIAN_POINT ( 'NONE',  ( 1.123582429141872785, -120.4859869534280250, 49.30024030737046559 ) ) ;
#1980 = ORIENTED_EDGE ( 'NONE', *, *, #4147, .T. ) ;
#1981 = CARTESIAN_POINT ( 'NONE',  ( 1.247630830353441356, -125.8584781632023635, 19.00071782813517629 ) ) ;
#1982 = ORIENTED_EDGE ( 'NONE', *, *, #3016, .F. ) ;
#1983 = CARTESIAN_POINT ( 'NONE',  ( 11.67272372035532868, -16.16691755172133327, -45.27440255857778340 ) ) ;
#1984 = FACE_OUTER_BOUND ( 'NONE', #4269, .T. ) ;
#1985 = EDGE_CURVE ( 'NONE', #5076, #6000, #3918, .T. ) ;
#1986 = CARTESIAN_POINT ( 'NONE',  ( 12.13763297933436469, -15.50363113420315742, -45.05243562114141298 ) ) ;
#1987 = CARTESIAN_POINT ( 'NONE',  ( 18.19895512223926559, -22.80283073956353945, -43.51761853100612143 ) ) ;
#1988 = CARTESIAN_POINT ( 'NONE',  ( -4.400000000000000355, -121.9262817083872505, 27.64179487437733940 ) ) ;
#1989 = ORIENTED_EDGE ( 'NONE', *, *, #7140, .T. ) ;
#1990 = CARTESIAN_POINT ( 'NONE',  ( 15.00509511338623980, -53.62654009193247617, 21.96887973944584260 ) ) ;
#1991 = EDGE_LOOP ( 'NONE', ( #8225, #5668, #4789, #2312, #423, #4178, #5007, #688, #8024 ) ) ;
#1992 = CARTESIAN_POINT ( 'NONE',  ( 15.00000000000000000, -103.4681375957425331, 33.02440013930421969 ) ) ;
#1993 =( BOUNDED_CURVE ( )  B_SPLINE_CURVE ( 2, ( #7005, #9227, #7054 ),
 .UNSPECIFIED., .F., .F. ) 
 B_SPLINE_CURVE_WITH_KNOTS ( ( 3, 3 ),
 ( 0.000000000000000000, 1.000000000000000000 ),
 .UNSPECIFIED. ) 
 CURVE ( )  GEOMETRIC_REPRESENTATION_ITEM ( )  RATIONAL_B_SPLINE_CURVE ( ( 1.000000000000000000, 0.7161378034398292458, 1.000000000000000000 ) ) 
 REPRESENTATION_ITEM ( '' )  );
#1994 = CARTESIAN_POINT ( 'NONE',  ( 12.76259707981113323, 3.033338206419330607, -8.252101617737181982 ) ) ;
#1995 = PLANE ( 'NONE',  #523 ) ;
#1996 = CARTESIAN_POINT ( 'NONE',  ( 9.516231763884833939, -131.0435924386279396, 32.14413114992009213 ) ) ;
#1997 = CARTESIAN_POINT ( 'NONE',  ( 23.44999999999999929, -90.65206458880942364, 1.945719703071485007 ) ) ;
#1998 = CARTESIAN_POINT ( 'NONE',  ( 3.000000000000000444, 39.70944533907579910, -17.96845401061278125 ) ) ;
#1999 = CARTESIAN_POINT ( 'NONE',  ( 7.399999999999999467, -69.02821919591445976, 13.76615170645137987 ) ) ;
#2000 = VERTEX_POINT ( 'NONE', #2091 ) ;
#2001 = ADVANCED_FACE ( 'NONE', ( #8058 ), #5823, .F. ) ;
#2002 = ORIENTED_EDGE ( 'NONE', *, *, #8794, .T. ) ;
#2003 = CARTESIAN_POINT ( 'NONE',  ( 12.62611560583059500, -60.45016498115962378, 26.49466562675050696 ) ) ;
#2004 = DIRECTION ( 'NONE',  ( 0.000000000000000000, 0.000000000000000000, -1.000000000000000000 ) ) ;
#2005 = LINE ( 'NONE', #3418, #2104 ) ;
#2006 = DIRECTION ( 'NONE',  ( 1.000000000000000000, 0.000000000000000000, 0.000000000000000000 ) ) ;
#2007 = ADVANCED_FACE ( 'NONE', ( #8147 ), #8876, .T. ) ;
#2008 = CARTESIAN_POINT ( 'NONE',  ( 15.27337048983835288, -82.13806618214033506, 27.61134189609179757 ) ) ;
#2009 = CARTESIAN_POINT ( 'NONE',  ( 14.16774530757409245, -13.44841984377115018, -21.29634816116375262 ) ) ;
#2010 = EDGE_CURVE ( 'NONE', #3515, #5088, #5388, .T. ) ;
#2011 = CARTESIAN_POINT ( 'NONE',  ( 15.14285254045591067, -36.41163512438349414, -21.75277637127188157 ) ) ;
#2012 = EDGE_CURVE ( 'NONE', #5855, #1433, #4446, .T. ) ;
#2013 = CARTESIAN_POINT ( 'NONE',  ( 21.19649294507431136, -36.93083878413019505, -21.50447161088386139 ) ) ;
#2014 = ORIENTED_EDGE ( 'NONE', *, *, #2982, .F. ) ;
#2015 = CARTESIAN_POINT ( 'NONE',  ( 11.64750154723952313, 16.17678451091931180, -44.12582791297579377 ) ) ;
#2016 = MECHANICAL_DESIGN_GEOMETRIC_PRESENTATION_REPRESENTATION (  '', ( #3876 ), #4029 ) ;
#2017 = CARTESIAN_POINT ( 'NONE',  ( 13.24561404431578282, 15.30168134543977665, -22.35396447230714401 ) ) ;
#2018 = CARTESIAN_POINT ( 'NONE',  ( 22.92607999526546081, -50.38082720884524690, -3.237576614689653187 ) ) ;
#2019 = CARTESIAN_POINT ( 'NONE',  ( 0.000000000000000000, -60.96200874009102222, 23.04943361583019268 ) ) ;
#2020 = CARTESIAN_POINT ( 'NONE',  ( 15.23681234838114662, -12.94899587012133324, -21.36406038025599941 ) ) ;
#2021 = CARTESIAN_POINT ( 'NONE',  ( 22.35110875524878793, -42.02164834644163705, -11.45492364573356703 ) ) ;
#2022 = EDGE_CURVE ( 'NONE', #3922, #3349, #6656, .T. ) ;
#2023 = DIRECTION ( 'NONE',  ( 0.000000000000000000, 0.1736481776669230870, 0.9848077530122093526 ) ) ;
#2024 = VECTOR ( 'NONE', #5073, 1000.000000000000000 ) ;
#2025 = VERTEX_POINT ( 'NONE', #7426 ) ;
#2026 = CARTESIAN_POINT ( 'NONE',  ( 23.44999999999999929, 30.22642330811765277, -23.77596164592430483 ) ) ;
#2027 = ORIENTED_EDGE ( 'NONE', *, *, #7177, .T. ) ;
#2028 = CARTESIAN_POINT ( 'NONE',  ( 1.080991724341607396, -130.7997745125312576, 20.19001776874378962 ) ) ;
#2029 = ORIENTED_EDGE ( 'NONE', *, *, #8321, .F. ) ;
#2030 = CARTESIAN_POINT ( 'NONE',  ( 12.63486156744582622, -14.74932401542427840, -44.32867938414634779 ) ) ;
#2031 = CARTESIAN_POINT ( 'NONE',  ( 8.657851095430727284, -73.39533097835840181, 32.09787989477761272 ) ) ;
#2032 = CIRCLE ( 'NONE', #7454, 38.83706265612282493 ) ;
#2033 = CARTESIAN_POINT ( 'NONE',  ( 12.27334915806638627, -15.30247509771331060, -44.92676732616982349 ) ) ;
#2034 = CARTESIAN_POINT ( 'NONE',  ( 22.02567167066570875, -36.17823496505037895, -15.06480666215174757 ) ) ;
#2035 = CARTESIAN_POINT ( 'NONE',  ( 16.35000000000000142, 0.5375364957381989495, 53.36789795213029919 ) ) ;
#2036 = EDGE_CURVE ( 'NONE', #6807, #8871, #8789, .T. ) ;
#2037 = ORIENTED_EDGE ( 'NONE', *, *, #320, .T. ) ;
#2038 = CARTESIAN_POINT ( 'NONE',  ( 16.07948890061488001, -50.40380647333131492, 19.28601194722141798 ) ) ;
#2039 = EDGE_CURVE ( 'NONE', #3622, #5437, #338, .T. ) ;
#2040 = ORIENTED_EDGE ( 'NONE', *, *, #125, .F. ) ;
#2041 = CARTESIAN_POINT ( 'NONE',  ( 19.84336034929371451, -53.19612009542567677, -9.598802882537286862 ) ) ;
#2042 = CARTESIAN_POINT ( 'NONE',  ( -14.09999999999999964, -39.23241120174885310, 6.648580071770402888 ) ) ;
#2043 = DIRECTION ( 'NONE',  ( 0.000000000000000000, -0.4048678968484270557, -0.9143751889140100397 ) ) ;
#2044 = CARTESIAN_POINT ( 'NONE',  ( 1.743621044146175025, -116.5803347302378938, 17.24002943645926322 ) ) ;
#2045 = CARTESIAN_POINT ( 'NONE',  ( 23.44990021699235072, 28.02667518938602242, -15.09691605036605111 ) ) ;
#2046 = CARTESIAN_POINT ( 'NONE',  ( 17.84552477795712733, 26.66221165061519471, -45.29634816116374196 ) ) ;
#2047 = FACE_OUTER_BOUND ( 'NONE', #3245, .T. ) ;
#2048 = CARTESIAN_POINT ( 'NONE',  ( -14.25000000000000000, -34.26154548852704096, -1.676007379934206343 ) ) ;
#2049 =( BOUNDED_SURFACE ( )  B_SPLINE_SURFACE ( 2, 3, ( 
 ( #3406, #7195, #9278, #7058 ),
 ( #9418, #9373, #2584, #6467 ),
 ( #5679, #2775, #5726, #8647 ) ),
 .UNSPECIFIED., .F., .F., .F. ) 
 B_SPLINE_SURFACE_WITH_KNOTS ( ( 3, 3 ),
 ( 4, 4 ),
 ( 0.000000000000000000, 1.000000000000000000 ),
 ( 0.2377881707718043913, 0.2617948101735551036 ),
 .UNSPECIFIED. ) 
 GEOMETRIC_REPRESENTATION_ITEM ( )  RATIONAL_B_SPLINE_SURFACE ( (
 ( 1.000000000000000000, 1.000000000000000000, 1.000000000000000000, 1.000000000000000000),
 ( 0.6836549494005397243, 0.6843361309824168570, 0.6851200651980886569, 0.6860556961355879224),
 ( 1.000000000000000000, 1.000000000000000000, 1.000000000000000000, 1.000000000000000000) ) ) 
 REPRESENTATION_ITEM ( '' )  SURFACE ( )  );
#2050 = ORIENTED_EDGE ( 'NONE', *, *, #1285, .T. ) ;
#2051 = CARTESIAN_POINT ( 'NONE',  ( 15.00455547365311126, -93.49724588894054023, 20.00814953026705467 ) ) ;
#2052 = DIRECTION ( 'NONE',  ( 1.000000000000000000, 0.000000000000000000, 0.000000000000000000 ) ) ;
#2053 = CARTESIAN_POINT ( 'NONE',  ( 22.05724005375390107, -59.35170193621375745, -7.146401792698980238 ) ) ;
#2054 = CARTESIAN_POINT ( 'NONE',  ( 19.95473959927160479, -55.38715626887584875, 23.31560198449107801 ) ) ;
#2055 = VECTOR ( 'NONE', #2006, 1000.000000000000000 ) ;
#2056 = CARTESIAN_POINT ( 'NONE',  ( 15.18401369915761023, -83.54578069794827400, 28.04266115832787420 ) ) ;
#2057 = CARTESIAN_POINT ( 'NONE',  ( 22.29444181555770399, -41.19126707179277957, -12.05050484815783030 ) ) ;
#2058 = PLANE ( 'NONE',  #188 ) ;
#2059 = CARTESIAN_POINT ( 'NONE',  ( 21.03537414851647824, -33.78901993084650712, -23.33554467108520925 ) ) ;
#2060 = AXIS2_PLACEMENT_3D ( 'NONE', #4763, #5443, #3941 ) ;
#2061 = VERTEX_POINT ( 'NONE', #2372 ) ;
#2062 = CARTESIAN_POINT ( 'NONE',  ( 11.91554970683747428, 15.97356758185744141, -43.93252350989884292 ) ) ;
#2063 = CARTESIAN_POINT ( 'NONE',  ( 14.23977635909376360, 14.70230454263830744, -21.67050506115825925 ) ) ;
#2064 = DIRECTION ( 'NONE',  ( 0.000000000000000000, 0.1736481776669232813, 0.9848077530122092416 ) ) ;
#2065 = CARTESIAN_POINT ( 'NONE',  ( 4.400000000000000355, -118.1390363184926713, 27.54036360956488849 ) ) ;
#2066 = CARTESIAN_POINT ( 'NONE',  ( 23.44999999999999929, 29.79043452861932906, -5.252857374424420023 ) ) ;
#2067 = AXIS2_PLACEMENT_3D ( 'NONE', #901, #3705, #5161 ) ;
#2068 = CARTESIAN_POINT ( 'NONE',  ( 21.51309246863714009, -45.84912971206966148, -17.42245441321698252 ) ) ;
#2069 = EDGE_CURVE ( 'NONE', #3713, #213, #3975, .T. ) ;
#2070 = CARTESIAN_POINT ( 'NONE',  ( 16.41761757318301207, -76.85669582819360812, 14.63859999058438710 ) ) ;
#2071 = CIRCLE ( 'NONE', #8891, 5.000000000000007994 ) ;
#2072 = ORIENTED_EDGE ( 'NONE', *, *, #6162, .T. ) ;
#2073 = CARTESIAN_POINT ( 'NONE',  ( 2.134990524102358567, -108.4314079699936286, 46.34511316725227914 ) ) ;
#2074 = VERTEX_POINT ( 'NONE', #8387 ) ;
#2075 = CARTESIAN_POINT ( 'NONE',  ( 0.000000000000000000, -119.4571793330561178, 36.63996838842680148 ) ) ;
#2076 = ORIENTED_EDGE ( 'NONE', *, *, #1499, .T. ) ;
#2077 = CARTESIAN_POINT ( 'NONE',  ( 12.81600561797618987, -14.46246350426196869, -43.29634816116374907 ) ) ;
#2078 = CARTESIAN_POINT ( 'NONE',  ( 15.23919355886468630, -82.57339977363319861, 27.74696201452214694 ) ) ;
#2079 = VECTOR ( 'NONE', #2157, 1000.000000000000114 ) ;
#2080 = CARTESIAN_POINT ( 'NONE',  ( 11.45643923738951386, -16.46246350426196869, -45.29634816116374907 ) ) ;
#2081 = CARTESIAN_POINT ( 'NONE',  ( 18.31182319452345197, -22.57553768189074006, -43.52324864228448575 ) ) ;
#2082 = FACE_OUTER_BOUND ( 'NONE', #8445, .T. ) ;
#2083 = ORIENTED_EDGE ( 'NONE', *, *, #238, .T. ) ;
#2084 = CARTESIAN_POINT ( 'NONE',  ( 17.36492649734045202, -47.26753327587297093, 16.65436626396297726 ) ) ;
#2085 = VECTOR ( 'NONE', #7478, 1000.000000000000000 ) ;
#2086 = VERTEX_POINT ( 'NONE', #5283 ) ;
#2087 = ORIENTED_EDGE ( 'NONE', *, *, #5984, .F. ) ;
#2088 = CARTESIAN_POINT ( 'NONE',  ( 16.11021139574216576, -69.39972495225435978, 30.39254493103064902 ) ) ;
#2089 = ADVANCED_FACE ( 'NONE', ( #3155, #3878 ), #6803, .T. ) ;
#2090 = DIRECTION ( 'NONE',  ( 0.000000000000000000, 0.000000000000000000, -1.000000000000000000 ) ) ;
#2091 = CARTESIAN_POINT ( 'NONE',  ( 0.9999999999999991118, -132.0540735843957805, 53.19686288046747080 ) ) ;
#2092 = LINE ( 'NONE', #9422, #7439 ) ;
#2093 = EDGE_CURVE ( 'NONE', #410, #8824, #1510, .T. ) ;
#2094 = CARTESIAN_POINT ( 'NONE',  ( 5.999999999999998224, -12.01246350426180243, -16.46418557693210616 ) ) ;
#2095 = PLANE ( 'NONE',  #7861 ) ;
#2096 = ORIENTED_EDGE ( 'NONE', *, *, #6253, .T. ) ;
#2097 = FACE_OUTER_BOUND ( 'NONE', #4310, .T. ) ;
#2098 = DIRECTION ( 'NONE',  ( 0.000000000000000000, -0.9396926207859083169, 0.3420201433256693235 ) ) ;
#2099 = CARTESIAN_POINT ( 'NONE',  ( 1.085710871922742404, -121.2753247451772012, 49.49857288466946414 ) ) ;
#2100 = DIRECTION ( 'NONE',  ( -0.1251691050984282405, 7.171169197878868078E-17, -0.9921354217690540045 ) ) ;
#2101 = CARTESIAN_POINT ( 'NONE',  ( 18.24216869291091925, -63.20516496320392719, 21.75489714987485357 ) ) ;
#2102 = CARTESIAN_POINT ( 'NONE',  ( 14.85901214994244768, -39.83882179633584997, -20.33144214530660676 ) ) ;
#2103 = CARTESIAN_POINT ( 'NONE',  ( 22.05035529404456796, -36.79748721451716875, -14.75996449101971386 ) ) ;
#2104 = VECTOR ( 'NONE', #3375, 1000.000000000000000 ) ;
#2105 = FACE_OUTER_BOUND ( 'NONE', #3393, .T. ) ;
#2106 = CARTESIAN_POINT ( 'NONE',  ( 14.99687358852318830, -38.19350870439572532, -20.96397071094859754 ) ) ;
#2107 = ORIENTED_EDGE ( 'NONE', *, *, #8777, .F. ) ;
#2108 = CARTESIAN_POINT ( 'NONE',  ( 12.08527770347472341, 15.84111695952296017, -43.71491269185852957 ) ) ;
#2109 = CARTESIAN_POINT ( 'NONE',  ( 12.85125793141307327, 15.51867302528689940, -23.01943947788140576 ) ) ;
#2110 = CARTESIAN_POINT ( 'NONE',  ( 2.999999999999999556, -116.7817809535712144, 22.57681641203646805 ) ) ;
#2111 = FACE_OUTER_BOUND ( 'NONE', #2942, .T. ) ;
#2112 = CARTESIAN_POINT ( 'NONE',  ( 12.85464141326600362, -14.44178397176682793, -23.00656556908635508 ) ) ;
#2113 = CARTESIAN_POINT ( 'NONE',  ( 22.76511752240052289, -47.08164421702524294, -7.281127207810589752 ) ) ;
#2114 = LINE ( 'NONE', #9307, #2024 ) ;
#2115 = VECTOR ( 'NONE', #5787, 1000.000000000000000 ) ;
#2116 = ORIENTED_EDGE ( 'NONE', *, *, #6466, .T. ) ;
#2117 = CARTESIAN_POINT ( 'NONE',  ( 18.81295820534425900, -19.06971093232112580, -43.54662542183135798 ) ) ;
#2118 = VERTEX_POINT ( 'NONE', #6905 ) ;
#2119 = CARTESIAN_POINT ( 'NONE',  ( 1.140620628150658566, -128.6777792970679286, 19.61355887738794124 ) ) ;
#2120 = VERTEX_POINT ( 'NONE', #4698 ) ;
#2121 = EDGE_CURVE ( 'NONE', #675, #263, #8547, .T. ) ;
#2122 = CARTESIAN_POINT ( 'NONE',  ( 23.73188222302021799, -76.10435538319671878, 19.22016425251037219 ) ) ;
#2123 = DIRECTION ( 'NONE',  ( 0.000000000000000000, -0.9848077530122093526, 0.1736481776669233090 ) ) ;
#2124 = DIRECTION ( 'NONE',  ( 0.000000000000000000, -0.1736481776669226429, -0.9848077530122093526 ) ) ;
#2125 = CARTESIAN_POINT ( 'NONE',  ( 15.49155654792734360, -25.15889204165839033, -43.38227273098029713 ) ) ;
#2126 = ADVANCED_FACE ( 'NONE', ( #2424 ), #7575, .F. ) ;
#2127 = CARTESIAN_POINT ( 'NONE',  ( 15.00000000000000000, -118.8118010860180789, 34.90563858678819997 ) ) ;
#2128 = EDGE_CURVE ( 'NONE', #2671, #7569, #6221, .T. ) ;
#2129 = ORIENTED_EDGE ( 'NONE', *, *, #681, .F. ) ;
#2130 = CARTESIAN_POINT ( 'NONE',  ( 15.43954568137230865, -52.32340450987882008, 20.89674595169702798 ) ) ;
#2131 = VERTEX_POINT ( 'NONE', #8971 ) ;
#2132 = VERTEX_POINT ( 'NONE', #8240 ) ;
#2133 = FACE_OUTER_BOUND ( 'NONE', #7006, .T. ) ;
#2134 = CARTESIAN_POINT ( 'NONE',  ( 1.742266543274558099, -116.6010096398037774, 17.24537100217537855 ) ) ;
#2135 = CARTESIAN_POINT ( 'NONE',  ( 3.000000000000000000, -76.10435538319671878, 16.87016425251036722 ) ) ;
#2136 = CARTESIAN_POINT ( 'NONE',  ( 10.07690565352389100, -52.47418028630448106, 21.02326185008630688 ) ) ;
#2137 = CARTESIAN_POINT ( 'NONE',  ( 16.28062958404298044, -70.30391459216487249, 30.72164304608996943 ) ) ;
#2138 = EDGE_CURVE ( 'NONE', #328, #1365, #1975, .T. ) ;
#2139 = EDGE_CURVE ( 'NONE', #3210, #7329, #4950, .T. ) ;
#2140 = DIRECTION ( 'NONE',  ( -1.000000000000000000, 0.000000000000000000, 0.000000000000000000 ) ) ;
#2141 = ORIENTED_EDGE ( 'NONE', *, *, #2727, .T. ) ;
#2142 = CARTESIAN_POINT ( 'NONE',  ( 0.000000000000000000, -22.82182225824879751, -14.25357600088131171 ) ) ;
#2143 = CARTESIAN_POINT ( 'NONE',  ( 15.03603018044173822, -96.74930416338720818, 8.238782860980112588 ) ) ;
#2144 =( NAMED_UNIT ( * ) SI_UNIT ( $, .STERADIAN. ) SOLID_ANGLE_UNIT ( ) );
#2145 = LINE ( 'NONE', #4326, #5518 ) ;
#2146 = CARTESIAN_POINT ( 'NONE',  ( 20.31966187831386250, 14.53983723545765194, -21.56068455647470827 ) ) ;
#2147 = CARTESIAN_POINT ( 'NONE',  ( 17.07877917401465240, -68.33085804966084709, 23.68869979721970154 ) ) ;
#2148 = CARTESIAN_POINT ( 'NONE',  ( 14.62270960019278121, -42.51398334501084975, -19.15723858910797972 ) ) ;
#2149 = EDGE_CURVE ( 'NONE', #9069, #842, #5528, .T. ) ;
#2150 = DIRECTION ( 'NONE',  ( 1.000000000000000000, 0.000000000000000000, -0.000000000000000000 ) ) ;
#2151 = CARTESIAN_POINT ( 'NONE',  ( 21.78518621768172281, -31.65364188932921863, -17.76878883833738598 ) ) ;
#2152 = ADVANCED_FACE ( 'NONE', ( #9223 ), #345, .F. ) ;
#2153 = EDGE_LOOP ( 'NONE', ( #7175, #7372, #881, #6428 ) ) ;
#2154 = FACE_OUTER_BOUND ( 'NONE', #3440, .T. ) ;
#2155 = CARTESIAN_POINT ( 'NONE',  ( 15.09542350913671704, -90.40349838263281868, 17.79858573076980477 ) ) ;
#2156 = B_SPLINE_CURVE_WITH_KNOTS ( 'NONE', 3,
 ( #7096, #6365, #154, #3790 ),
 .UNSPECIFIED., .F., .F.,
 ( 4, 4 ),
 ( 0.000000000000000000, 1.000000000000000000 ),
 .UNSPECIFIED. ) ;
#2157 = DIRECTION ( 'NONE',  ( -0.000000000000000000, 0.1736481776669341892, 0.9848077530122073542 ) ) ;
#2158 = CARTESIAN_POINT ( 'NONE',  ( 16.67320205976355396, -70.60472394610748381, 24.25147689707181797 ) ) ;
#2159 = FACE_OUTER_BOUND ( 'NONE', #4631, .T. ) ;
#2160 = CARTESIAN_POINT ( 'NONE',  ( 0.000000000000000000, -55.71891921922760105, 67.98024976246698259 ) ) ;
#2161 = CARTESIAN_POINT ( 'NONE',  ( 23.15355249803062065, -41.90322054362955839, 9.091699125077562726 ) ) ;
#2162 = ORIENTED_EDGE ( 'NONE', *, *, #3605, .F. ) ;
#2163 = DIRECTION ( 'NONE',  ( 0.000000000000000000, -0.7660444431189822323, 0.6427876096865343669 ) ) ;
#2164 = ORIENTED_EDGE ( 'NONE', *, *, #3745, .F. ) ;
#2165 = CARTESIAN_POINT ( 'NONE',  ( -2.499999999999999781E-05, -12.46246350426197758, -23.29634816116374907 ) ) ;
#2166 = ORIENTED_EDGE ( 'NONE', *, *, #4545, .F. ) ;
#2167 = CARTESIAN_POINT ( 'NONE',  ( 12.75908982612968323, -14.55330980035594912, -43.89287463188103544 ) ) ;
#2168 = FACE_OUTER_BOUND ( 'NONE', #4066, .T. ) ;
#2169 = CARTESIAN_POINT ( 'NONE',  ( 11.67464919913904886, -15.08149340846208730, -44.11155774366553572 ) ) ;
#2170 = AXIS2_PLACEMENT_3D ( 'NONE', #6331, #4032, #4948 ) ;
#2171 = B_SPLINE_CURVE_WITH_KNOTS ( 'NONE', 3,
 ( #6499, #6595, #9542, #8675, #4981, #3858, #9584, #2255, #7362, #8224 ),
 .UNSPECIFIED., .F., .F.,
 ( 4, 2, 2, 2, 4 ),
 ( 0.000000000000000000, 0.0006630684196342873354, 0.001326136839268574671, 0.001989205258902861789, 0.002652273678537149341 ),
 .UNSPECIFIED. ) ;
#2172 = CARTESIAN_POINT ( 'NONE',  ( 19.26418475786768170, 32.86903355457798170, -15.92771975884532409 ) ) ;
#2173 = VERTEX_POINT ( 'NONE', #1122 ) ;
#2174 = CARTESIAN_POINT ( 'NONE',  ( 19.65980710304167900, -42.60842369437155952, 12.74490913251065649 ) ) ;
#2175 = EDGE_LOOP ( 'NONE', ( #7111, #253, #3461, #4778 ) ) ;
#2176 = ORIENTED_EDGE ( 'NONE', *, *, #6071, .T. ) ;
#2177 = AXIS2_PLACEMENT_3D ( 'NONE', #1158, #7701, #9106 ) ;
#2178 = CARTESIAN_POINT ( 'NONE',  ( 18.59557676925827607, -21.84759553203819493, -43.53743056243480680 ) ) ;
#2179 = CARTESIAN_POINT ( 'NONE',  ( 13.21698495741829049, -14.24275309151351898, -22.38436224814924813 ) ) ;
#2180 = CARTESIAN_POINT ( 'NONE',  ( 7.812110798002410483, -76.57023958080425530, 33.66190679604910940 ) ) ;
#2181 = CARTESIAN_POINT ( 'NONE',  ( 17.73005051259273657, 21.47134054516793000, -45.29634816116374196 ) ) ;
#2182 = CARTESIAN_POINT ( 'NONE',  ( 11.99184458728948854, 15.91436016346103521, -43.84833580087946103 ) ) ;
#2183 = ADVANCED_FACE ( 'NONE', ( #8153 ), #5973, .F. ) ;
#2184 = DIRECTION ( 'NONE',  ( -1.032573497605243210E-16, 0.3420201433256728207, 0.9396926207859068736 ) ) ;
#2185 = VERTEX_POINT ( 'NONE', #689 ) ;
#2186 = FACE_OUTER_BOUND ( 'NONE', #5857, .T. ) ;
#2187 = CARTESIAN_POINT ( 'NONE',  ( 3.911022719250031088, -93.19815697708075675, 6.482637462876945200 ) ) ;
#2188 = LINE ( 'NONE', #5146, #7227 ) ;
#2189 = DIRECTION ( 'NONE',  ( -0.7327509617209575499, 0.6741883883925058329, 0.09244482167070001977 ) ) ;
#2190 = CARTESIAN_POINT ( 'NONE',  ( 23.44999999999999929, 28.40124910728394525, -13.13131939852209307 ) ) ;
#2191 = CARTESIAN_POINT ( 'NONE',  ( 20.04746975033396339, -62.86340705211227231, 6.542854291323058291 ) ) ;
#2192 = DIRECTION ( 'NONE',  ( 0.000000000000000000, -0.9848077530122093526, 0.1736481776669229482 ) ) ;
#2193 = CARTESIAN_POINT ( 'NONE',  ( 21.33877923252559228, -26.99947691537427019, -22.12782628761063819 ) ) ;
#2194 = ORIENTED_EDGE ( 'NONE', *, *, #5572, .T. ) ;
#2195 = CARTESIAN_POINT ( 'NONE',  ( 19.32113499892130193, -14.30328794477796350, -22.51443678109193058 ) ) ;
#2196 = CARTESIAN_POINT ( 'NONE',  ( 4.161833199797254856, 32.85625558282115577, -16.26421291227949339 ) ) ;
#2197 = CARTESIAN_POINT ( 'NONE',  ( 9.932741254112062990, -69.39972495225435978, 30.39254493103064902 ) ) ;
#2198 = CARTESIAN_POINT ( 'NONE',  ( 21.62066413166712309, -49.75147315742331955, 18.73863930243888021 ) ) ;
#2199 = DIRECTION ( 'NONE',  ( 1.000000000000000000, 0.000000000000000000, 0.000000000000000000 ) ) ;
#2200 = EDGE_CURVE ( 'NONE', #5095, #8452, #8836, .T. ) ;
#2201 = DIRECTION ( 'NONE',  ( 0.000000000000000000, -0.9848077530122094636, 0.1736481776669229204 ) ) ;
#2202 = CARTESIAN_POINT ( 'NONE',  ( -2.499999999999999781E-05, 15.53753649573837059, -45.29634816116374907 ) ) ;
#2203 = EDGE_CURVE ( 'NONE', #5437, #2973, #5414, .T. ) ;
#2204 = AXIS2_PLACEMENT_3D ( 'NONE', #1631, #4580, #6635 ) ;
#2205 = ORIENTED_EDGE ( 'NONE', *, *, #6713, .T. ) ;
#2206 = CARTESIAN_POINT ( 'NONE',  ( 12.40000000000000036, -48.80464589757340832, -3.203441189273091627 ) ) ;
#2207 = ORIENTED_EDGE ( 'NONE', *, *, #3008, .T. ) ;
#2208 = LINE ( 'NONE', #9006, #7815 ) ;
#2209 = VERTEX_POINT ( 'NONE', #3691 ) ;
#2210 = CARTESIAN_POINT ( 'NONE',  ( 12.65154664359463510, -14.72317545994235388, -44.28375991202754847 ) ) ;
#2211 = CARTESIAN_POINT ( 'NONE',  ( 20.39212032483840176, -22.23303984379669629, -30.47183730095807874 ) ) ;
#2212 = CARTESIAN_POINT ( 'NONE',  ( 6.598581621424981059, -81.66806646569143879, 36.17320377632950823 ) ) ;
#2213 = CARTESIAN_POINT ( 'NONE',  ( 16.19703357281185063, -79.10750761599348380, 13.33069376250072757 ) ) ;
#2214 = VECTOR ( 'NONE', #4935, 1000.000000000000114 ) ;
#2215 = CARTESIAN_POINT ( 'NONE',  ( 2.832595714594044356, -125.6822119262423740, 50.87769490003757511 ) ) ;
#2216 = AXIS2_PLACEMENT_3D ( 'NONE', #5064, #3653, #2241 ) ;
#2217 = ORIENTED_EDGE ( 'NONE', *, *, #5277, .F. ) ;
#2218 = DIRECTION ( 'NONE',  ( 0.000000000000000000, -0.1736481776669229482, -0.9848077530122093526 ) ) ;
#2219 = EDGE_LOOP ( 'NONE', ( #9445, #8518, #4445, #8343, #6511 ) ) ;
#2220 = ORIENTED_EDGE ( 'NONE', *, *, #4228, .T. ) ;
#2221 = VECTOR ( 'NONE', #5329, 1000.000000000000000 ) ;
#2222 = CARTESIAN_POINT ( 'NONE',  ( 14.16293483975128886, -23.44366662943964741, -45.29634816116374907 ) ) ;
#2223 = CARTESIAN_POINT ( 'NONE',  ( 14.03032107822579988, -13.76023008038939288, -21.77429698393957835 ) ) ;
#2224 = DIRECTION ( 'NONE',  ( 1.000000000000000000, 0.000000000000000000, 0.000000000000000000 ) ) ;
#2225 = CARTESIAN_POINT ( 'NONE',  ( 15.85086760509275550, 13.53753649573836704, -21.29634816116374907 ) ) ;
#2226 = LINE ( 'NONE', #3005, #1623 ) ;
#2227 = VECTOR ( 'NONE', #6517, 1000.000000000000000 ) ;
#2228 = VECTOR ( 'NONE', #8074, 1000.000000000000227 ) ;
#2229 = PLANE ( 'NONE',  #3510 ) ;
#2230 = ORIENTED_EDGE ( 'NONE', *, *, #7916, .F. ) ;
#2231 = CARTESIAN_POINT ( 'NONE',  ( 16.72780705680154512, -15.61864805702680314, -45.12258882497751955 ) ) ;
#2232 = CARTESIAN_POINT ( 'NONE',  ( 15.16344484957184413, -93.72925733550493987, 6.720233443688044872 ) ) ;
#2233 = DIRECTION ( 'NONE',  ( -0.1251691050984282405, 1.055877358240942782E-22, -0.9921354217690540045 ) ) ;
#2234 = EDGE_CURVE ( 'NONE', #5315, #7910, #4759, .T. ) ;
#2235 = DIRECTION ( 'NONE',  ( 0.000000000000000000, -0.3420201433256729873, -0.9396926207859068736 ) ) ;
#2236 = CARTESIAN_POINT ( 'NONE',  ( 22.55793525282748746, 16.51146396747152068, -20.13650927818278547 ) ) ;
#2237 = CARTESIAN_POINT ( 'NONE',  ( 0.000000000000000000, -25.51763244838430111, -13.54775435647356119 ) ) ;
#2238 = CARTESIAN_POINT ( 'NONE',  ( 5.999999999999998224, -119.4571793330561462, 36.63996838842681569 ) ) ;
#2239 =( BOUNDED_SURFACE ( )  B_SPLINE_SURFACE ( 2, 3, ( 
 ( #8709, #5700, #5748, #3514, #559, #6486, #1207, #7164, #4289, #4196, #605, #512, #4153, #7259, #8664, #8759, #9482, #7122, #3472, #3559, #7895, #6392, #2106, #469 ),
 ( #6437, #8566, #5655, #3424, #6580, #4332, #5065, #9436, #2789, #8619, #1967, #2652, #2059, #651, #4922, #9391, #6532, #2013, #2838, #8032, #3608, #4969, #5606, #7940 ),
 ( #1622, #67, #2288, #2929, #8260, #8943, #3022, #9574, #747, #2193, #8804, #5986, #3796, #5249, #2151, #3700, #4573, #7542, #6628, #2972, #896, #4378, #5107, #793 ) ),
 .UNSPECIFIED., .F., .F., .F. ) 
 B_SPLINE_SURFACE_WITH_KNOTS ( ( 3, 3 ),
 ( 4, 2, 2, 2, 2, 2, 2, 2, 2, 2, 2, 4 ),
 ( 0.000000000000000000, 1.000000000000000000 ),
 ( 0.04813375230087253015, 0.09706720306098758078, 0.1949341045812176543, 0.2928010061014477139, 0.3417344568615627853, 0.3906679076216778013, 0.4396013583817928172, 0.4640680837618503807, 0.4885348091419078886, 0.5007681718319366704, 0.5130015345219653966, 0.5374682599020229601 ),
 .UNSPECIFIED. ) 
 GEOMETRIC_REPRESENTATION_ITEM ( )  RATIONAL_B_SPLINE_SURFACE ( (
 ( 1.000000000000000000, 1.000000000000000000, 1.000000000000000000, 1.000000000000000000, 1.000000000000000000, 1.000000000000000000, 1.000000000000000000, 1.000000000000000000, 1.000000000000000000, 1.000000000000000000, 1.000000000000000000, 1.000000000000000000, 1.000000000000000000, 1.000000000000000000, 1.000000000000000000, 1.000000000000000000, 1.000000000000000000, 1.000000000000000000, 1.000000000000000000, 1.000000000000000000, 1.000000000000000000, 1.000000000000000000, 1.000000000000000000, 1.000000000000000000),
 ( 0.7148654827506899512, 0.7166558336116106709, 0.7184190619934880395, 0.7235926054858454748, 0.7269056898471223382, 0.7329077814245509304, 0.7355685925711565876, 0.7386375214251087451, 0.7395157828767638941, 0.7410046497606791460, 0.7416210070946697153, 0.7427235321071271601, 0.7432057509857743494, 0.7438901104978610235, 0.7441115802628577303, 0.7445519381435394823, 0.7447700140229058796, 0.7450889594937557536, 0.7451939078586323761, 0.7453989945910214354, 0.7454989777569661635, 0.7457739136883948516, 0.7459284952003525371, 0.7460544685310550594),
 ( 1.000000000000000000, 1.000000000000000000, 1.000000000000000000, 1.000000000000000000, 1.000000000000000000, 1.000000000000000000, 1.000000000000000000, 1.000000000000000000, 1.000000000000000000, 1.000000000000000000, 1.000000000000000000, 1.000000000000000000, 1.000000000000000000, 1.000000000000000000, 1.000000000000000000, 1.000000000000000000, 1.000000000000000000, 1.000000000000000000, 1.000000000000000000, 1.000000000000000000, 1.000000000000000000, 1.000000000000000000, 1.000000000000000000, 1.000000000000000000) ) ) 
 REPRESENTATION_ITEM ( '' )  SURFACE ( )  );
#2240 = EDGE_CURVE ( 'NONE', #1610, #4692, #4368, .T. ) ;
#2241 = DIRECTION ( 'NONE',  ( 0.000000000000000000, -0.9848077530122093526, 0.1736481776669232258 ) ) ;
#2242 = CARTESIAN_POINT ( 'NONE',  ( 14.99999999999999289, -89.92464463951118603, 40.24056822466759087 ) ) ;
#2243 = ORIENTED_EDGE ( 'NONE', *, *, #3396, .F. ) ;
#2244 = DIRECTION ( 'NONE',  ( 0.000000000000000000, -0.3420201433256683798, -0.9396926207859085389 ) ) ;
#2245 = DIRECTION ( 'NONE',  ( -1.000000000000000000, 0.000000000000000000, 0.000000000000000000 ) ) ;
#2246 = CARTESIAN_POINT ( 'NONE',  ( 1.693670263588567870, -58.04281083330256052, 22.29169947574916932 ) ) ;
#2247 = DIRECTION ( 'NONE',  ( 1.000000000000000000, -0.000000000000000000, 0.000000000000000000 ) ) ;
#2248 = DIRECTION ( 'NONE',  ( 1.000000000000000000, -0.000000000000000000, 0.000000000000000000 ) ) ;
#2249 = CARTESIAN_POINT ( 'NONE',  ( 4.163069681850502413, -94.78641530509607094, 42.42107182667016474 ) ) ;
#2250 = AXIS2_PLACEMENT_3D ( 'NONE', #4709, #304, #6811 ) ;
#2251 = CARTESIAN_POINT ( 'NONE',  ( 23.23778214307630918, -40.73245281045401356, 8.600250868893194678 ) ) ;
#2252 = ADVANCED_FACE ( 'NONE', ( #3646, #2186 ), #5144, .F. ) ;
#2253 = ADVANCED_FACE ( 'NONE', ( #8107 ), #2436, .F. ) ;
#2254 = ORIENTED_EDGE ( 'NONE', *, *, #2203, .T. ) ;
#2255 = CARTESIAN_POINT ( 'NONE',  ( 17.38661187172644063, 15.73902070276001197, -44.19911368896472936 ) ) ;
#2256 = ORIENTED_EDGE ( 'NONE', *, *, #1336, .T. ) ;
#2257 = CARTESIAN_POINT ( 'NONE',  ( 16.13301656481101887, -79.56730169770409589, 13.42871031883971078 ) ) ;
#2258 = VERTEX_POINT ( 'NONE', #8066 ) ;
#2259 = CARTESIAN_POINT ( 'NONE',  ( 14.99999999999493028, -109.2179467312203514, 14.85253907440060672 ) ) ;
#2260 = CARTESIAN_POINT ( 'NONE',  ( 0.000000000000000000, -121.2461817701687323, 37.29111202456548568 ) ) ;
#2261 = DIRECTION ( 'NONE',  ( -1.000000000000000000, 0.000000000000000000, -0.000000000000000000 ) ) ;
#2262 = VECTOR ( 'NONE', #2879, 999.9999999999998863 ) ;
#2263 = CARTESIAN_POINT ( 'NONE',  ( 19.65137614678862832, -64.06520621715407060, 7.305742657561768105 ) ) ;
#2264 = CARTESIAN_POINT ( 'NONE',  ( 21.74355696316128927, 31.70237091210041669, -15.82375768592786081 ) ) ;
#2265 = CIRCLE ( 'NONE', #8017, 2.349999999999992539 ) ;
#2266 = EDGE_LOOP ( 'NONE', ( #275, #159, #1783, #3824 ) ) ;
#2267 = CARTESIAN_POINT ( 'NONE',  ( 10.55000000000000071, 4.342918429551590798, -8.483015944477601877 ) ) ;
#2268 = ORIENTED_EDGE ( 'NONE', *, *, #6378, .F. ) ;
#2269 = ORIENTED_EDGE ( 'NONE', *, *, #5036, .T. ) ;
#2270 = CARTESIAN_POINT ( 'NONE',  ( 0.000000000000000000, -25.46246350426179816, -45.29634816116374907 ) ) ;
#2271 = EDGE_CURVE ( 'NONE', #3935, #3626, #1376, .T. ) ;
#2272 = CARTESIAN_POINT ( 'NONE',  ( 13.97571765129861987, -13.79423027101371346, -21.80421444245144613 ) ) ;
#2273 = CARTESIAN_POINT ( 'NONE',  ( 0.000000000000000000, -52.55572928657827703, -77.54201489072762854 ) ) ;
#2274 = VECTOR ( 'NONE', #5054, 1000.000000000000000 ) ;
#2275 = DIRECTION ( 'NONE',  ( 0.000000000000000000, 0.7660444431189812331, -0.6427876096865354771 ) ) ;
#2276 = CARTESIAN_POINT ( 'NONE',  ( 4.650400297784932135, -92.04613616433483969, 41.25624586320131471 ) ) ;
#2277 = ORIENTED_EDGE ( 'NONE', *, *, #5421, .F. ) ;
#2278 = DIRECTION ( 'NONE',  ( 0.000000000000000000, 0.000000000000000000, -1.000000000000000000 ) ) ;
#2279 = CARTESIAN_POINT ( 'NONE',  ( 15.22643973753877233, -88.06860487140933458, 16.42631312825369960 ) ) ;
#2280 = CARTESIAN_POINT ( 'NONE',  ( 10.89758854288269774, -15.63319521157902692, -44.29634816116370644 ) ) ;
#2281 = DIRECTION ( 'NONE',  ( 0.000000000000000000, 0.9463118589240399059, -0.3232551092554114547 ) ) ;
#2282 = CARTESIAN_POINT ( 'NONE',  ( 20.28874746667096929, 14.75751668809749084, -21.70613331664261381 ) ) ;
#2283 = CARTESIAN_POINT ( 'NONE',  ( 10.55000000000000071, 32.26483186922731505, -11.37554941312703427 ) ) ;
#2284 = B_SPLINE_CURVE_WITH_KNOTS ( 'NONE', 3,
 ( #8856, #78, #4531, #3665, #6636, #9000, #2981, #854, #9539, #9582, #2251, #4483, #6044, #4583, #2894, #5165, #8812, #2161, #8125, #1486, #6299, #9248, #2602, #4628, #1003, #5556, #2403, #6828, #8413, #1867, #6247, #2499, #4775, #4674, #3184, #9104, #5358, #8514, #7651, #6198, #6979, #8320, #9198, #3953, #6930, #2454, #3232, #5458, #5508, #3854, #6146, #3333, #9051, #1727, #173, #7698, #9148, #1777, #7602, #952, #322, #1056, #1679, #5408, #4725, #8364 ),
 .UNSPECIFIED., .F., .F.,
 ( 4, 2, 2, 2, 1, 1, 1, 1, 1, 1, 2, 2, 2, 2, 1, 1, 1, 1, 1, 2, 2, 2, 1, 1, 2, 2, 2, 1, 1, 2, 2, 2, 1, 1, 1, 1, 2, 2, 1, 1, 1, 2, 2, 4 ),
 ( 0.000000000000000000, 0.1250000000003127498, 0.1875000000004691247, 0.2187500000005473122, 0.2343750000005864198, 0.2421875000006068479, 0.2460937500006162293, 0.2480468750006201151, 0.2490234375006210310, 0.2495117187506205592, 0.2497558593756203094, 0.2500000000006200596, 0.3750000000004850009, 0.4375000000004178324, 0.4687500000003838041, 0.4843750000003668177, 0.4921875000003582690, 0.4960937500003539946, 0.4980468750003518852, 0.4990234375003512746, 0.5000000000003506084, 0.5625000000003055334, 0.5937500000002831069, 0.6093750000002713385, 0.6171875000002658984, 0.6250000000002604583, 0.6875000000002134959, 0.7187500000001901812, 0.7343750000001780798, 0.7421875000001723066, 0.7500000000001665335, 0.8125000000001203482, 0.8437500000000973666, 0.8593750000000860423, 0.8671875000000807132, 0.8710937500000779377, 0.8730468750000769385, 0.8750000000000759393, 0.9062500000000591749, 0.9218750000000510703, 0.9296875000000469624, 0.9335937500000447420, 0.9375000000000425215, 1.000000000000000000 ),
 .UNSPECIFIED. ) ;
#2285 = EDGE_CURVE ( 'NONE', #1874, #2592, #739, .T. ) ;
#2286 = DIRECTION ( 'NONE',  ( -1.000000000000000000, 0.000000000000000000, 0.000000000000000000 ) ) ;
#2287 = DIRECTION ( 'NONE',  ( 1.000000000000000000, 0.000000000000000000, -0.000000000000000000 ) ) ;
#2288 = CARTESIAN_POINT ( 'NONE',  ( 19.45527216441557172, -20.62494278151204341, -38.18118423907433368 ) ) ;
#2289 = ORIENTED_EDGE ( 'NONE', *, *, #3728, .F. ) ;
#2290 = CARTESIAN_POINT ( 'NONE',  ( 19.66432199499709554, -13.34115481111147083, -21.49552961701536091 ) ) ;
#2291 = CARTESIAN_POINT ( 'NONE',  ( 0.000000000000000000, 24.53753649573820184, -45.29634816116374196 ) ) ;
#2292 = DIRECTION ( 'NONE',  ( -0.000000000000000000, 2.118471673958353777E-16, -1.000000000000000000 ) ) ;
#2293 = EDGE_CURVE ( 'NONE', #9263, #6048, #4911, .T. ) ;
#2294 = CARTESIAN_POINT ( 'NONE',  ( 20.45007322136703110, -56.16897991203979501, 17.18441825946943524 ) ) ;
#2295 =( BOUNDED_CURVE ( )  B_SPLINE_CURVE ( 2, ( #9429, #599, #3465 ),
 .UNSPECIFIED., .F., .F. ) 
 B_SPLINE_CURVE_WITH_KNOTS ( ( 3, 3 ),
 ( 0.000000000000000000, 1.000000000000000000 ),
 .UNSPECIFIED. ) 
 CURVE ( )  GEOMETRIC_REPRESENTATION_ITEM ( )  RATIONAL_B_SPLINE_CURVE ( ( 1.000000000000000000, 0.7071067811865474617, 1.000000000000000000 ) ) 
 REPRESENTATION_ITEM ( '' )  );
#2296 = CARTESIAN_POINT ( 'NONE',  ( 14.99999999999999467, -97.70412985884159696, 22.89073889645664650 ) ) ;
#2297 = EDGE_CURVE ( 'NONE', #5422, #6229, #2962, .T. ) ;
#2298 = LINE ( 'NONE', #7504, #6408 ) ;
#2299 = CARTESIAN_POINT ( 'NONE',  ( 14.99999999999786482, -111.2544636378266603, 47.03717287613015685 ) ) ;
#2300 = CARTESIAN_POINT ( 'NONE',  ( 3.089670827592271518, -100.5187668141805517, 10.47024997053889273 ) ) ;
#2301 = EDGE_CURVE ( 'NONE', #4752, #3515, #8421, .T. ) ;
#2302 = ORIENTED_EDGE ( 'NONE', *, *, #3509, .F. ) ;
#2303 = DIRECTION ( 'NONE',  ( 1.000000000000000000, 0.000000000000000000, 0.000000000000000000 ) ) ;
#2304 = EDGE_LOOP ( 'NONE', ( #5500, #9007 ) ) ;
#2305 = DIRECTION ( 'NONE',  ( 0.000000000000000000, -0.1736481776669232535, -0.9848077530122092416 ) ) ;
#2306 = ORIENTED_EDGE ( 'NONE', *, *, #6713, .F. ) ;
#2307 = CARTESIAN_POINT ( 'NONE',  ( 21.52708728176025943, -28.61059725649340635, -20.35114486219971752 ) ) ;
#2308 = ADVANCED_FACE ( 'NONE', ( #7431 ), #642, .F. ) ;
#2309 = DIRECTION ( 'NONE',  ( -0.000000000000000000, 0.000000000000000000, 1.000000000000000000 ) ) ;
#2310 = PLANE ( 'NONE',  #6873 ) ;
#2311 = CARTESIAN_POINT ( 'NONE',  ( 5.999999999999998224, -6.012463504261799763, -21.29634816116374907 ) ) ;
#2312 = ORIENTED_EDGE ( 'NONE', *, *, #595, .T. ) ;
#2313 = CARTESIAN_POINT ( 'NONE',  ( 20.69917166786084906, -40.57558312413441115, 11.03915335978248535 ) ) ;
#2314 = ORIENTED_EDGE ( 'NONE', *, *, #5836, .T. ) ;
#2315 = ORIENTED_EDGE ( 'NONE', *, *, #5821, .T. ) ;
#2316 = DIRECTION ( 'NONE',  ( 0.000000000000000000, -0.3420201433256687684, -0.9396926207859084279 ) ) ;
#2317 = AXIS2_PLACEMENT_3D ( 'NONE', #6562, #9515, #5684 ) ;
#2318 = CARTESIAN_POINT ( 'NONE',  ( 14.08485416798177070, -13.72603792179922344, -21.74553150483728103 ) ) ;
#2319 = CARTESIAN_POINT ( 'NONE',  ( 7.823596274588364707, -76.52542318854393955, 33.63982929653964504 ) ) ;
#2320 = EDGE_CURVE ( 'NONE', #8826, #3493, #5239, .T. ) ;
#2321 = DIRECTION ( 'NONE',  ( 0.000000000000000000, 0.000000000000000000, -1.000000000000000000 ) ) ;
#2322 = CARTESIAN_POINT ( 'NONE',  ( 12.09161798103019159, 15.83599767339945252, -43.69574443643768547 ) ) ;
#2323 = ADVANCED_FACE ( 'NONE', ( #2097 ), #7631, .T. ) ;
#2324 = VECTOR ( 'NONE', #2720, 1000.000000000000114 ) ;
#2325 = CARTESIAN_POINT ( 'NONE',  ( 4.439367970825990106, -93.24079248732583380, 41.78421159597368018 ) ) ;
#2326 = VERTEX_POINT ( 'NONE', #353 ) ;
#2327 = CARTESIAN_POINT ( 'NONE',  ( 13.36083064260052033, 14.74109081238219865, -21.00070480505161186 ) ) ;
#2328 = DIRECTION ( 'NONE',  ( 1.000000000000000000, 0.000000000000000000, -0.000000000000000000 ) ) ;
#2329 = CARTESIAN_POINT ( 'NONE',  ( 26.31214703421914436, -20.57279008854559521, 16.15968038309086197 ) ) ;
#2330 = CARTESIAN_POINT ( 'NONE',  ( 13.89999999999999858, -54.59318299741923397, -3.567911001065602328 ) ) ;
#2331 = CARTESIAN_POINT ( 'NONE',  ( 11.82712760393827089, -14.96634852026415174, -44.01019766932798660 ) ) ;
#2332 = AXIS2_PLACEMENT_3D ( 'NONE', #1182, #1079, #8542 ) ;
#2333 = CARTESIAN_POINT ( 'NONE',  ( 14.00000000000000000, 0.5375364957381987274, 53.36789795213030629 ) ) ;
#2334 = CARTESIAN_POINT ( 'NONE',  ( 19.42708428922152564, -68.61108235353641760, -0.5440815568259785850 ) ) ;
#2335 = CARTESIAN_POINT ( 'NONE',  ( 20.99004973516859351, -52.55267062719251214, -8.682672926470736741 ) ) ;
#2336 = ORIENTED_EDGE ( 'NONE', *, *, #3492, .F. ) ;
#2337 = ORIENTED_EDGE ( 'NONE', *, *, #1126, .T. ) ;
#2338 = CARTESIAN_POINT ( 'NONE',  ( 15.00000000000014921, -86.52567135381849539, 38.56616233738130717 ) ) ;
#2339 = ORIENTED_EDGE ( 'NONE', *, *, #3669, .F. ) ;
#2340 = CARTESIAN_POINT ( 'NONE',  ( 19.40945107442875539, -14.15811853550926358, -22.23417035987550605 ) ) ;
#2341 = B_SPLINE_CURVE_WITH_KNOTS ( 'NONE', 3,
 ( #8394, #4804, #8447, #3937, #1038, #8598, #1945, #7733, #7783, #1850, #1759, #5539, #8495, #5439 ),
 .UNSPECIFIED., .F., .F.,
 ( 4, 1, 1, 1, 1, 1, 1, 2, 2, 4 ),
 ( 0.000000000000000000, 0.2500000000000373590, 0.3750000000000554001, 0.4375000000000652811, 0.4687500000000703881, 0.4843750000000729417, 0.4921875000000751066, 0.4960937500000752176, 0.5000000000000753841, 1.000000000000000000 ),
 .UNSPECIFIED. ) ;
#2342 = DIRECTION ( 'NONE',  ( -1.000000000000000000, -0.000000000000000000, -0.000000000000000000 ) ) ;
#2343 = CARTESIAN_POINT ( 'NONE',  ( 0.000000000000000000, 33.39474714341176309, -13.60563718565184033 ) ) ;
#2344 = CARTESIAN_POINT ( 'NONE',  ( 12.40000000000000036, -68.38198297356090904, 8.002265973292026047 ) ) ;
#2345 = CARTESIAN_POINT ( 'NONE',  ( 23.44999999999999929, -45.46246350426179106, -39.59913607114618372 ) ) ;
#2346 = PRODUCT ( 'ThermallerBodyPart1', 'ThermallerBodyPart1', '', ( #9522 ) ) ;
#2347 = CYLINDRICAL_SURFACE ( 'NONE', #2204, 38.83706265612281783 ) ;
#2348 = CARTESIAN_POINT ( 'NONE',  ( 2.590965651673464709, -104.8287850599220263, 45.46194596980852509 ) ) ;
#2349 = PLANE ( 'NONE',  #6064 ) ;
#2350 = EDGE_LOOP ( 'NONE', ( #4877, #1129, #3084, #6477 ) ) ;
#2351 = DIRECTION ( 'NONE',  ( 0.000000000000000000, -0.5057367576863220915, -0.8626878531223945989 ) ) ;
#2352 =( BOUNDED_CURVE ( )  B_SPLINE_CURVE ( 2, ( #5543, #4711, #3218 ),
 .UNSPECIFIED., .F., .F. ) 
 B_SPLINE_CURVE_WITH_KNOTS ( ( 3, 3 ),
 ( 0.000000000000000000, 1.000000000000000000 ),
 .UNSPECIFIED. ) 
 CURVE ( )  GEOMETRIC_REPRESENTATION_ITEM ( )  RATIONAL_B_SPLINE_CURVE ( ( 1.000000000000000000, 0.7245165831765573161, 1.000000000000000000 ) ) 
 REPRESENTATION_ITEM ( '' )  );
#2353 = ORIENTED_EDGE ( 'NONE', *, *, #5157, .T. ) ;
#2354 = PLANE ( 'NONE',  #4089 ) ;
#2355 = VERTEX_POINT ( 'NONE', #4803 ) ;
#2356 = DIRECTION ( 'NONE',  ( 0.000000000000000000, 0.6427876096865344779, 0.7660444431189821213 ) ) ;
#2357 = CARTESIAN_POINT ( 'NONE',  ( 0.000000000000000000, -8.012463504261800651, -21.29634816116374907 ) ) ;
#2358 = CARTESIAN_POINT ( 'NONE',  ( 2.099999999999987210, -22.82182225824879751, -14.25357600088131171 ) ) ;
#2359 = EDGE_CURVE ( 'NONE', #803, #9175, #4223, .T. ) ;
#2360 = CARTESIAN_POINT ( 'NONE',  ( 6.541508806474363169, -77.88314718526051195, 2.454502781571934023 ) ) ;
#2361 = DIRECTION ( 'NONE',  ( 0.000000000000000000, 0.000000000000000000, -1.000000000000000000 ) ) ;
#2362 = AXIS2_PLACEMENT_3D ( 'NONE', #1065, #961, #8524 ) ;
#2363 = AXIS2_PLACEMENT_3D ( 'NONE', #6774, #2342, #5895 ) ;
#2364 = ORIENTED_EDGE ( 'NONE', *, *, #7568, .F. ) ;
#2365 = CARTESIAN_POINT ( 'NONE',  ( 19.57823910394217037, 22.74478506098313346, -43.53984720751495985 ) ) ;
#2366 = EDGE_LOOP ( 'NONE', ( #4629, #4645, #6783, #1251 ) ) ;
#2367 = ORIENTED_EDGE ( 'NONE', *, *, #3681, .F. ) ;
#2368 = CARTESIAN_POINT ( 'NONE',  ( 17.13376508971724732, 29.01661983803557376, -26.34989567970675850 ) ) ;
#2369 = AXIS2_PLACEMENT_3D ( 'NONE', #8411, #6297, #4773 ) ;
#2370 = LINE ( 'NONE', #7425, #7385 ) ;
#2371 = VECTOR ( 'NONE', #6451, 1000.000000000000114 ) ;
#2372 = CARTESIAN_POINT ( 'NONE',  ( 5.999999999999998224, -50.58651770765258959, -11.85719723704682416 ) ) ;
#2373 = AXIS2_PLACEMENT_3D ( 'NONE', #2610, #231, #2562 ) ;
#2374 = CARTESIAN_POINT ( 'NONE',  ( 12.40000000000000036, -46.97192716422416936, 5.310361325380401176 ) ) ;
#2375 = CARTESIAN_POINT ( 'NONE',  ( 12.27643746831889615, 16.37292768113262653, -44.92344490699177584 ) ) ;
#2376 = VECTOR ( 'NONE', #8666, 1000.000000000000000 ) ;
#2377 = CARTESIAN_POINT ( 'NONE',  ( 15.00000000000000000, -105.4912514368568566, 33.19335686479303149 ) ) ;
#2378 = EDGE_CURVE ( 'NONE', #6556, #8931, #7380, .T. ) ;
#2379 = ORIENTED_EDGE ( 'NONE', *, *, #8109, .F. ) ;
#2380 = CARTESIAN_POINT ( 'NONE',  ( 13.21159737362355102, 14.87999703080879144, -21.13197385271875817 ) ) ;
#2381 = CARTESIAN_POINT ( 'NONE',  ( 15.14648268775361473, -27.04498500181977505, -31.73304566246691039 ) ) ;
#2382 = DIRECTION ( 'NONE',  ( 0.000000000000000000, 0.7660444431189815662, -0.6427876096865349220 ) ) ;
#2383 = EDGE_CURVE ( 'NONE', #5677, #8826, #8545, .T. ) ;
#2384 = CARTESIAN_POINT ( 'NONE',  ( 14.09900358748084237, -53.23423536937384171, -12.27956573267485396 ) ) ;
#2385 = CARTESIAN_POINT ( 'NONE',  ( -37.07224088444629473, -70.68806733567512879, 7.587567390207664353 ) ) ;
#2386 = VECTOR ( 'NONE', #2721, 1000.000000000000114 ) ;
#2387 = PLANE ( 'NONE',  #8527 ) ;
#2388 = CARTESIAN_POINT ( 'NONE',  ( 12.40000000000000036, -60.96200874009102222, 23.04943361583019268 ) ) ;
#2389 = CARTESIAN_POINT ( 'NONE',  ( 0.000000000000000000, -53.23423536937384171, -12.27956573267485396 ) ) ;
#2390 = ORIENTED_EDGE ( 'NONE', *, *, #1037, .F. ) ;
#2391 = ORIENTED_EDGE ( 'NONE', *, *, #4493, .F. ) ;
#2392 = CARTESIAN_POINT ( 'NONE',  ( 4.934465383814631956, -90.38772566152385934, 40.46869169736605443 ) ) ;
#2393 = VECTOR ( 'NONE', #5618, 999.9999999999998863 ) ;
#2394 = VERTEX_POINT ( 'NONE', #6373 ) ;
#2395 = CARTESIAN_POINT ( 'NONE',  ( 19.60192156663581287, -13.61795129167183305, -21.66260042800161045 ) ) ;
#2396 = CARTESIAN_POINT ( 'NONE',  ( 14.96148351789102726, -38.50028961305760333, -20.85005250131177590 ) ) ;
#2397 = CARTESIAN_POINT ( 'NONE',  ( 9.516231763884833939, -131.0435924386279396, 32.14413114992009213 ) ) ;
#2398 = EDGE_CURVE ( 'NONE', #4093, #7430, #5632, .T. ) ;
#2399 = CARTESIAN_POINT ( 'NONE',  ( 20.56914544263573319, -53.48274671821739190, 21.86954957112219233 ) ) ;
#2400 = CARTESIAN_POINT ( 'NONE',  ( 19.84996223345422450, -15.33854376403844100, -23.39257156645444979 ) ) ;
#2401 = CARTESIAN_POINT ( 'NONE',  ( 17.73005051259273657, 21.47134054516793000, -45.29634816116374196 ) ) ;
#2402 = CARTESIAN_POINT ( 'NONE',  ( 15.00000000000000000, -120.6722839088959773, 35.22818942301460510 ) ) ;
#2403 = CARTESIAN_POINT ( 'NONE',  ( 22.60249712922754384, -46.58842303584954436, 11.22084639643575343 ) ) ;
#2404 = ORIENTED_EDGE ( 'NONE', *, *, #3280, .T. ) ;
#2405 = DIRECTION ( 'NONE',  ( -1.000000000000000000, 0.000000000000000000, 0.000000000000000000 ) ) ;
#2406 = ORIENTED_EDGE ( 'NONE', *, *, #7119, .T. ) ;
#2407 = CARTESIAN_POINT ( 'NONE',  ( -23.44999999999999218, -49.62651503686617360, -78.44929296875443470 ) ) ;
#2408 = ORIENTED_EDGE ( 'NONE', *, *, #4321, .F. ) ;
#2409 = CARTESIAN_POINT ( 'NONE',  ( 15.00000000000000000, -103.9113647349008005, 12.38677906999317635 ) ) ;
#2410 = CARTESIAN_POINT ( 'NONE',  ( 21.01686262950271811, -24.89002658683373426, -25.05140626767017764 ) ) ;
#2411 = CARTESIAN_POINT ( 'NONE',  ( 12.39811334357022687, -14.51363369095713374, -22.27957370554074146 ) ) ;
#2412 = AXIS2_PLACEMENT_3D ( 'NONE', #5162, #8170, #5939 ) ;
#2413 = CARTESIAN_POINT ( 'NONE',  ( 6.702789537613828230, -77.30230104914156186, 2.344414059612009105 ) ) ;
#2414 = CARTESIAN_POINT ( 'NONE',  ( 7.399999999999999467, -51.37579633631954579, -6.267618961749018780 ) ) ;
#2415 = CARTESIAN_POINT ( 'NONE',  ( 18.31724649214257283, 25.00281510741789859, -43.47681403726874549 ) ) ;
#2416 =( BOUNDED_CURVE ( )  B_SPLINE_CURVE ( 3, ( #9207, #6307, #9258, #5367 ),
 .UNSPECIFIED., .F., .F. ) 
 B_SPLINE_CURVE_WITH_KNOTS ( ( 4, 4 ),
 ( 1.305951030268338586, 1.530432176899413799 ),
 .UNSPECIFIED. ) 
 CURVE ( )  GEOMETRIC_REPRESENTATION_ITEM ( )  RATIONAL_B_SPLINE_CURVE ( ( 1.000000000000000000, 0.9958050912789142561, 0.9958050912789142561, 1.000000000000000000 ) ) 
 REPRESENTATION_ITEM ( '' )  );
#2417 = ADVANCED_FACE ( 'NONE', ( #8597 ), #3498, .F. ) ;
#2418 = VERTEX_POINT ( 'NONE', #3452 ) ;
#2419 = CARTESIAN_POINT ( 'NONE',  ( 16.34262489340222402, 26.27499038497240136, -43.37810808531295237 ) ) ;
#2420 = EDGE_LOOP ( 'NONE', ( #8805, #2443, #2897, #2699 ) ) ;
#2421 = ORIENTED_EDGE ( 'NONE', *, *, #3967, .F. ) ;
#2422 = DIRECTION ( 'NONE',  ( 0.000000000000000000, -1.334402673828313339E-16, 1.000000000000000000 ) ) ;
#2423 = CARTESIAN_POINT ( 'NONE',  ( 14.66692652581720502, -13.34406833685926586, -21.50113165755410094 ) ) ;
#2424 = FACE_OUTER_BOUND ( 'NONE', #7540, .T. ) ;
#2425 = ADVANCED_FACE ( 'NONE', ( #1280 ), #8939, .F. ) ;
#2426 = CARTESIAN_POINT ( 'NONE',  ( 4.385442108845788667, -89.75422943734103853, 5.155499956805182471 ) ) ;
#2427 = ADVANCED_FACE ( 'NONE', ( #453 ), #2049, .T. ) ;
#2428 = CARTESIAN_POINT ( 'NONE',  ( 3.000000000000000000, -22.82182225824879751, -12.35357600088129892 ) ) ;
#2429 = CARTESIAN_POINT ( 'NONE',  ( 15.00000000000148326, -97.02223599697433087, 43.28298834131462769 ) ) ;
#2430 = AXIS2_PLACEMENT_3D ( 'NONE', #5597, #1288, #7069 ) ;
#2431 = ORIENTED_EDGE ( 'NONE', *, *, #9092, .T. ) ;
#2432 = AXIS2_PLACEMENT_3D ( 'NONE', #8810, #2199, #3802 ) ;
#2433 = ORIENTED_EDGE ( 'NONE', *, *, #9538, .F. ) ;
#2434 = CARTESIAN_POINT ( 'NONE',  ( 14.01408492016311769, 14.09734136075788058, -20.56994150228880613 ) ) ;
#2435 = DIRECTION ( 'NONE',  ( -0.000000000000000000, 0.1736481776669232813, 0.9848077530122092416 ) ) ;
#2436 = CONICAL_SURFACE ( 'NONE', #5689, 1.000000000000004441, 0.7853981633974460586 ) ;
#2437 = DIRECTION ( 'NONE',  ( -0.000000000000000000, 0.9848077530122094636, -0.1736481776669230315 ) ) ;
#2438 = ADVANCED_FACE ( 'NONE', ( #8493 ), #8694, .T. ) ;
#2439 = CARTESIAN_POINT ( 'NONE',  ( 14.24999999999999822, 30.98458179031144866, -11.14980678216003618 ) ) ;
#2440 = CARTESIAN_POINT ( 'NONE',  ( 15.74228304299637315, -74.09813834299323787, 32.44409761703076356 ) ) ;
#2441 = FACE_OUTER_BOUND ( 'NONE', #8771, .T. ) ;
#2442 = CARTESIAN_POINT ( 'NONE',  ( 21.99514040215287736, -51.67256466947733884, -7.484530290168860844 ) ) ;
#2443 = ORIENTED_EDGE ( 'NONE', *, *, #1088, .F. ) ;
#2444 = ORIENTED_EDGE ( 'NONE', *, *, #8168, .F. ) ;
#2445 = EDGE_LOOP ( 'NONE', ( #7224, #5596, #4138, #1549 ) ) ;
#2446 = CARTESIAN_POINT ( 'NONE',  ( 12.77388734918744362, -14.19603311441778715, -21.62164193182333349 ) ) ;
#2447 = DIRECTION ( 'NONE',  ( -0.000000000000000000, 0.1736481776669232535, 0.9848077530122092416 ) ) ;
#2448 = LINE ( 'NONE', #266, #1040 ) ;
#2449 = CARTESIAN_POINT ( 'NONE',  ( 20.67379842636969300, -53.14870387241453642, 21.58925434241279717 ) ) ;
#2450 = DIRECTION ( 'NONE',  ( 0.000000000000000000, -0.1736481776669252519, -0.9848077530122090195 ) ) ;
#2451 = DIRECTION ( 'NONE',  ( 0.000000000000000000, 0.7660444431189820103, -0.6427876096865345890 ) ) ;
#2452 = ADVANCED_FACE ( 'NONE', ( #1082 ), #3363, .F. ) ;
#2453 = CARTESIAN_POINT ( 'NONE',  ( 1.150307810909697359, -119.8324435943504511, 49.14002702075894291 ) ) ;
#2454 = CARTESIAN_POINT ( 'NONE',  ( 21.57204668145036308, -52.06363566236547058, 14.22526166013831173 ) ) ;
#2455 = ADVANCED_FACE ( 'NONE', ( #402, #8755 ), #5791, .T. ) ;
#2456 = ORIENTED_EDGE ( 'NONE', *, *, #5747, .F. ) ;
#2457 = CARTESIAN_POINT ( 'NONE',  ( 12.67762249511253714, 15.75728303067887737, -44.20817538354861398 ) ) ;
#2458 = VERTEX_POINT ( 'NONE', #4834 ) ;
#2459 = CARTESIAN_POINT ( 'NONE',  ( 19.25426545125141331, -65.23641847984664821, 8.068909803437428252 ) ) ;
#2460 = CARTESIAN_POINT ( 'NONE',  ( 15.41395855727564879, 13.88098520570276406, -21.32605382389974125 ) ) ;
#2461 = CARTESIAN_POINT ( 'NONE',  ( 15.00000000000000000, -114.4599880746802398, 30.45050234444141424 ) ) ;
#2462 = CARTESIAN_POINT ( 'NONE',  ( 23.44999999999999929, -39.17011093630957674, -3.247518723442636812 ) ) ;
#2463 = CARTESIAN_POINT ( 'NONE',  ( 13.03052708208741528, -13.96983697457839391, -21.31095943816179172 ) ) ;
#2464 = DIRECTION ( 'NONE',  ( 0.000000000000000000, -0.3420201433256729873, -0.9396926207859068736 ) ) ;
#2465 = FACE_OUTER_BOUND ( 'NONE', #6340, .T. ) ;
#2466 = CARTESIAN_POINT ( 'NONE',  ( 17.28283039659903508, 25.82900502410129207, -43.42515973640080773 ) ) ;
#2467 = ORIENTED_EDGE ( 'NONE', *, *, #3139, .F. ) ;
#2468 = FACE_OUTER_BOUND ( 'NONE', #7222, .T. ) ;
#2469 = ORIENTED_EDGE ( 'NONE', *, *, #4014, .T. ) ;
#2470 = VERTEX_POINT ( 'NONE', #647 ) ;
#2471 = DIRECTION ( 'NONE',  ( -1.000000000000000000, 0.000000000000000000, 0.000000000000000000 ) ) ;
#2472 = CARTESIAN_POINT ( 'NONE',  ( 14.68044729329097642, -13.33482656837665736, -21.49662959205523549 ) ) ;
#2473 = CARTESIAN_POINT ( 'NONE',  ( 3.000000000000000000, -76.10435538319671878, 16.87016425251036722 ) ) ;
#2474 = DIRECTION ( 'NONE',  ( 0.000000000000000000, 0.000000000000000000, -1.000000000000000000 ) ) ;
#2475 = CARTESIAN_POINT ( 'NONE',  ( 15.00000000000000000, -128.2279748745637562, 36.90578802194066554 ) ) ;
#2476 = CARTESIAN_POINT ( 'NONE',  ( 11.45643923738951386, -16.46246350426196869, -45.29634816116374907 ) ) ;
#2477 = EDGE_LOOP ( 'NONE', ( #4585, #1229 ) ) ;
#2478 = ORIENTED_EDGE ( 'NONE', *, *, #8251, .F. ) ;
#2479 = CARTESIAN_POINT ( 'NONE',  ( 13.48358945513046692, 15.16543602431547733, -22.13235975456259652 ) ) ;
#2480 = CARTESIAN_POINT ( 'NONE',  ( 13.77268894321033521, -23.46246350426182303, -45.29634816116374907 ) ) ;
#2481 = LINE ( 'NONE', #6860, #3031 ) ;
#2482 = ADVANCED_FACE ( 'NONE', ( #9306 ), #435, .T. ) ;
#2483 = DIRECTION ( 'NONE',  ( -0.000000000000000000, 0.000000000000000000, 1.000000000000000000 ) ) ;
#2484 = CARTESIAN_POINT ( 'NONE',  ( 11.10606415171701578, -65.59960030976782264, -2.329679598540119745 ) ) ;
#2485 = AXIS2_PLACEMENT_3D ( 'NONE', #3989, #3366, #4806 ) ;
#2486 = AXIS2_PLACEMENT_3D ( 'NONE', #758, #6685, #7557 ) ;
#2487 = CARTESIAN_POINT ( 'NONE',  ( 22.45779673827767198, -51.07680746232426827, -6.691187706386299006 ) ) ;
#2488 = ORIENTED_EDGE ( 'NONE', *, *, #9017, .T. ) ;
#2489 = ORIENTED_EDGE ( 'NONE', *, *, #8127, .F. ) ;
#2490 = ORIENTED_EDGE ( 'NONE', *, *, #6844, .F. ) ;
#2491 = FACE_OUTER_BOUND ( 'NONE', #2817, .T. ) ;
#2492 = CARTESIAN_POINT ( 'NONE',  ( 23.44999999999999929, 33.32528787234499390, -13.99956028685670795 ) ) ;
#2493 = AXIS2_PLACEMENT_3D ( 'NONE', #185, #6989, #4685 ) ;
#2494 = CARTESIAN_POINT ( 'NONE',  ( 0.7721267876361120885, -34.21344449196094217, -23.06208335183487534 ) ) ;
#2495 = CARTESIAN_POINT ( 'NONE',  ( 15.60259264748206753, -51.84289290795585003, 20.49354884374707453 ) ) ;
#2496 = CARTESIAN_POINT ( 'NONE',  ( 15.50579140946021539, 2.739843507326892524, -6.169497359820788063 ) ) ;
#2497 = DIRECTION ( 'NONE',  ( 1.000000000000000000, -9.292156304918629227E-17, -2.552998962580723604E-16 ) ) ;
#2498 = CARTESIAN_POINT ( 'NONE',  ( 12.07716239053754670, -14.77234512661502386, -43.72265383003181682 ) ) ;
#2499 = CARTESIAN_POINT ( 'NONE',  ( 22.44396067245705240, -47.62523557058639767, 11.73146765420060689 ) ) ;
#2500 = PRODUCT_DEFINITION ( 'UNKNOWN', '', #4746, #5949 ) ;
#2501 = EDGE_LOOP ( 'NONE', ( #5448, #1171, #3072, #1968, #3033 ) ) ;
#2502 = CARTESIAN_POINT ( 'NONE',  ( 11.61206786841544769, 17.32607583117523475, -45.28729353427653592 ) ) ;
#2503 = ORIENTED_EDGE ( 'NONE', *, *, #1540, .F. ) ;
#2504 = CARTESIAN_POINT ( 'NONE',  ( 15.00000000000000000, -135.9566462336582617, 22.00572451357377091 ) ) ;
#2505 = B_SPLINE_CURVE_WITH_KNOTS ( 'NONE', 3,
 ( #1889, #4124, #2576, #4796, #1124, #5766, #2861, #4215, #4354, #625, #8732, #6551, #489, #4308, #8779, #1318, #2125, #4171, #7325, #3631, #5082, #7914, #673, #7141, #6457, #3582, #534, #9502, #3490, #3444, #7277, #5814, #6410, #1227, #7231, #580, #8640, #1987, #8050, #2081, #5864, #9410, #5038, #2768, #1406, #4941 ),
 .UNSPECIFIED., .F., .F.,
 ( 4, 2, 2, 1, 1, 1, 2, 2, 2, 2, 1, 1, 2, 2, 2, 2, 1, 1, 1, 2, 2, 2, 2, 1, 1, 2, 2, 4 ),
 ( 0.000000000000000000, 0.06250000000000069389, 0.09375000000000069389, 0.1093750000000010825, 0.1171875000000018180, 0.1210937500000020123, 0.1230468750000018041, 0.1250000000000016098, 0.1874999999999859834, 0.2187499999999778233, 0.2343749999999741040, 0.2421874999999722444, 0.2460937499999716338, 0.2499999999999710509, 0.3749999999999577560, 0.4374999999999509281, 0.4687499999999475975, 0.4843749999999464317, 0.4921874999999458766, 0.4960937499999461542, 0.4999999999999464317, 0.6249999999999689138, 0.6874999999999805711, 0.7187499999999866773, 0.7343749999999902300, 0.7421874999999914513, 0.7499999999999926725, 1.000000000000000000 ),
 .UNSPECIFIED. ) ;
#2506 = EDGE_CURVE ( 'NONE', #8835, #6200, #7845, .T. ) ;
#2507 = ORIENTED_EDGE ( 'NONE', *, *, #7884, .T. ) ;
#2508 = CARTESIAN_POINT ( 'NONE',  ( 15.43843049313998783, 13.83603856309455260, -21.29634816116375262 ) ) ;
#2509 = DIRECTION ( 'NONE',  ( -0.000000000000000000, -0.3232551092554040162, -0.9463118589240424594 ) ) ;
#2510 = CARTESIAN_POINT ( 'NONE',  ( 12.28070532606816379, -14.60956801994436915, -22.62209774381062033 ) ) ;
#2511 = ADVANCED_FACE ( 'NONE', ( #6669 ), #7253, .F. ) ;
#2512 = CARTESIAN_POINT ( 'NONE',  ( 14.32729820457770842, -46.55127253252840092, -17.01279813662056384 ) ) ;
#2513 = CARTESIAN_POINT ( 'NONE',  ( 12.00000000000003020, -121.1330780353518861, 32.03547454657584126 ) ) ;
#2514 = CARTESIAN_POINT ( 'NONE',  ( 16.07598106562046070, -77.53723208345702744, 18.73914294094791444 ) ) ;
#2515 = B_SPLINE_SURFACE_WITH_KNOTS ( 'NONE', 1, 3, ( 
 ( #4221, #1048, #3995, #7194, #3497, #943, #8355, #2774, #1719, #4666, #7643, #3683, #772, #7967, #2178, #5185, #1461, #2913 ),
 ( #1325, #8872, #2222, #4270, #6653, #1, #7423, #3729, #2868, #7283, #1413, #680, #5133, #7239, #8693, #8097, #587, #9512 ) ),
 .UNSPECIFIED., .F., .F., .F.,
 ( 2, 2 ),
 ( 4, 2, 2, 2, 2, 2, 2, 2, 4 ),
 ( 0.000000000000000000, 1.000000000000000000 ),
 ( 4.712388980384688786, 4.905980132762865153, 5.099571285141040633, 5.293162437519216112, 5.486753589897391592, 5.680344742275567071, 5.873935894653743439, 6.067527047031919807, 6.261118199410095286 ),
 .UNSPECIFIED. ) ;
#2516 = ORIENTED_EDGE ( 'NONE', *, *, #681, .T. ) ;
#2517 = CARTESIAN_POINT ( 'NONE',  ( 15.00000000000000000, -123.1118728287540591, 18.55375937388339835 ) ) ;
#2518 = ORIENTED_EDGE ( 'NONE', *, *, #8162, .F. ) ;
#2519 = CARTESIAN_POINT ( 'NONE',  ( 0.000000000000000000, -20.45591043310982471, -10.91367162565327220 ) ) ;
#2520 = ORIENTED_EDGE ( 'NONE', *, *, #781, .T. ) ;
#2521 = CARTESIAN_POINT ( 'NONE',  ( 11.64832549265276995, -16.20066957020446807, -45.27920163761739758 ) ) ;
#2522 = CARTESIAN_POINT ( 'NONE',  ( 14.44213822991217278, -13.49515267016441378, -21.58358167208668021 ) ) ;
#2523 = CARTESIAN_POINT ( 'NONE',  ( 0.000000000000000000, 65.37459915186103387, -40.29634816116372775 ) ) ;
#2524 = VECTOR ( 'NONE', #2612, 1000.000000000000000 ) ;
#2525 = DIRECTION ( 'NONE',  ( -0.000000000000000000, 0.9396926207859082059, -0.3420201433256692125 ) ) ;
#2526 = CARTESIAN_POINT ( 'NONE',  ( 12.14238562649006248, 15.79573250966851283, -43.57944294741497515 ) ) ;
#2527 = VERTEX_POINT ( 'NONE', #3554 ) ;
#2528 = DIRECTION ( 'NONE',  ( 0.000000000000000000, 0.000000000000000000, -1.000000000000000000 ) ) ;
#2529 = CIRCLE ( 'NONE', #2839, 1.900000000000012790 ) ;
#2530 = ORIENTED_EDGE ( 'NONE', *, *, #7304, .F. ) ;
#2531 = AXIS2_PLACEMENT_3D ( 'NONE', #8263, #1627, #8807 ) ;
#2532 = VERTEX_POINT ( 'NONE', #2190 ) ;
#2533 = CARTESIAN_POINT ( 'NONE',  ( 12.52170085779511588, 15.48620423231834842, -22.01585102147872419 ) ) ;
#2534 = LINE ( 'NONE', #1805, #1763 ) ;
#2535 = CARTESIAN_POINT ( 'NONE',  ( 21.67822908354408185, -16.48572544864677170, -21.29108252665573175 ) ) ;
#2536 = CARTESIAN_POINT ( 'NONE',  ( 0.000000000000000000, -48.22832050784651869, -13.36834101309136891 ) ) ;
#2537 = FACE_OUTER_BOUND ( 'NONE', #4665, .T. ) ;
#2538 = AXIS2_PLACEMENT_3D ( 'NONE', #5109, #5020, #3516 ) ;
#2539 = CARTESIAN_POINT ( 'NONE',  ( 19.65500521348566920, 18.78251068777593602, -43.54662542183139351 ) ) ;
#2540 = EDGE_LOOP ( 'NONE', ( #2456, #3610, #8310, #5524 ) ) ;
#2541 = EDGE_LOOP ( 'NONE', ( #3423, #227, #7655, #1069 ) ) ;
#2542 = ADVANCED_FACE ( 'NONE', ( #5613 ), #3257, .F. ) ;
#2543 = VERTEX_POINT ( 'NONE', #2831 ) ;
#2544 = CARTESIAN_POINT ( 'NONE',  ( 12.30306992719415682, -14.59140852139035438, -22.54388131831718312 ) ) ;
#2545 = LINE ( 'NONE', #8457, #1756 ) ;
#2546 = CIRCLE ( 'NONE', #5321, 2.349999999999999645 ) ;
#2547 = CARTESIAN_POINT ( 'NONE',  ( 37.91725621002935043, -40.15787788341345532, -22.29143985388752824 ) ) ;
#2548 = FACE_OUTER_BOUND ( 'NONE', #3750, .T. ) ;
#2549 = CARTESIAN_POINT ( 'NONE',  ( 19.19860340506338048, -20.57279008854555613, -40.22482922281545115 ) ) ;
#2550 = ADVANCED_FACE ( 'NONE', ( #5102 ), #8362, .T. ) ;
#2551 = CARTESIAN_POINT ( 'NONE',  ( 11.99999999999997158, -119.4571793330561178, 36.63996838842680148 ) ) ;
#2552 = CARTESIAN_POINT ( 'NONE',  ( 12.19083461222125031, -14.68197569938393343, -43.29634816116375617 ) ) ;
#2553 = CARTESIAN_POINT ( 'NONE',  ( 15.72535639727079548, -12.56157220036922872, -21.29634816116374552 ) ) ;
#2554 = EDGE_CURVE ( 'NONE', #3794, #460, #3562, .T. ) ;
#2555 = AXIS2_PLACEMENT_3D ( 'NONE', #2094, #5918, #8102 ) ;
#2556 = ORIENTED_EDGE ( 'NONE', *, *, #5294, .F. ) ;
#2557 = CARTESIAN_POINT ( 'NONE',  ( 12.36833798989253808, 16.23462387604590518, -44.81433665534125765 ) ) ;
#2558 = ORIENTED_EDGE ( 'NONE', *, *, #5652, .F. ) ;
#2559 = CARTESIAN_POINT ( 'NONE',  ( 18.87601460147737598, -66.46360629716207313, 8.779346088931045955 ) ) ;
#2560 = CARTESIAN_POINT ( 'NONE',  ( 15.10542293893332833, 14.11045715351520968, -21.37973713617468263 ) ) ;
#2561 = CARTESIAN_POINT ( 'NONE',  ( 15.50476781991715391, 13.79202687089366286, -21.29634816116374907 ) ) ;
#2562 = DIRECTION ( 'NONE',  ( 0.000000000000000000, -0.1736481776669230037, -0.9848077530122093526 ) ) ;
#2563 = CARTESIAN_POINT ( 'NONE',  ( 15.02266812263365559, -13.09509660638263462, -21.39877966153462197 ) ) ;
#2564 = CARTESIAN_POINT ( 'NONE',  ( 14.12477861749019681, -51.03007561594824182, -14.02985037675752622 ) ) ;
#2565 = EDGE_CURVE ( 'NONE', #7690, #9286, #9570, .T. ) ;
#2566 = DIRECTION ( 'NONE',  ( 0.000000000000000000, 0.000000000000000000, -1.000000000000000000 ) ) ;
#2567 = CARTESIAN_POINT ( 'NONE',  ( 15.71727789458563329, 26.43474868600601013, -43.34684881602527895 ) ) ;
#2568 = EDGE_CURVE ( 'NONE', #4912, #4901, #63, .T. ) ;
#2569 = ORIENTED_EDGE ( 'NONE', *, *, #249, .T. ) ;
#2570 = CARTESIAN_POINT ( 'NONE',  ( 15.69456627889509548, 24.38000882927738289, -45.29634816116374196 ) ) ;
#2571 = VERTEX_POINT ( 'NONE', #7636 ) ;
#2572 = CARTESIAN_POINT ( 'NONE',  ( 0.5160261480662708955, -42.76799703893976812, 9.591362551930826541 ) ) ;
#2573 = CARTESIAN_POINT ( 'NONE',  ( 7.112308062446430768, -75.90041819981802007, 2.026736553256879514 ) ) ;
#2574 = CARTESIAN_POINT ( 'NONE',  ( 22.05467413601620663, -12.51336385184712086, -19.00767794529165400 ) ) ;
#2575 = CARTESIAN_POINT ( 'NONE',  ( 7.399999999999999467, -74.66354740713653371, 13.27312437272159151 ) ) ;
#2576 = CARTESIAN_POINT ( 'NONE',  ( 14.17626001164295957, -25.44881259049537547, -43.31654659720784650 ) ) ;
#2577 = FACE_OUTER_BOUND ( 'NONE', #6301, .T. ) ;
#2578 = CIRCLE ( 'NONE', #9238, 6.000000000000000000 ) ;
#2579 = ORIENTED_EDGE ( 'NONE', *, *, #8002, .F. ) ;
#2580 = DIRECTION ( 'NONE',  ( 0.000000000000000000, -0.6427876096865348110, -0.7660444431189817882 ) ) ;
#2581 = EDGE_CURVE ( 'NONE', #3370, #1487, #3940, .T. ) ;
#2582 = ORIENTED_EDGE ( 'NONE', *, *, #3274, .F. ) ;
#2583 = LINE ( 'NONE', #2674, #325 ) ;
#2584 = CARTESIAN_POINT ( 'NONE',  ( 20.17649729264082481, -54.72395931903211874, 22.83643127593962774 ) ) ;
#2585 = CARTESIAN_POINT ( 'NONE',  ( 5.999999999999998224, -121.7846418543900171, 24.39770886610873646 ) ) ;
#2586 = CARTESIAN_POINT ( 'NONE',  ( 21.99237003799472845, -13.98825306499394472, -19.24145991071608464 ) ) ;
#2587 = CARTESIAN_POINT ( 'NONE',  ( 2.075941771087788990, -57.28421216591215170, 24.59121561507098264 ) ) ;
#2588 = CARTESIAN_POINT ( 'NONE',  ( 5.785511251114816567, -85.89756278093665287, 38.25674281451664882 ) ) ;
#2589 = VECTOR ( 'NONE', #6616, 1000.000000000000114 ) ;
#2590 = DIRECTION ( 'NONE',  ( 0.000000000000000000, 0.000000000000000000, -1.000000000000000000 ) ) ;
#2591 = EDGE_CURVE ( 'NONE', #6200, #7271, #9366, .T. ) ;
#2592 = VERTEX_POINT ( 'NONE', #4472 ) ;
#2593 = VERTEX_POINT ( 'NONE', #4659 ) ;
#2594 = ORIENTED_EDGE ( 'NONE', *, *, #4931, .T. ) ;
#2595 = CARTESIAN_POINT ( 'NONE',  ( 12.27165943957224847, -14.61688319498540878, -22.65879706972485153 ) ) ;
#2596 = DIRECTION ( 'NONE',  ( 0.000000000000000000, 0.000000000000000000, -1.000000000000000000 ) ) ;
#2597 = CARTESIAN_POINT ( 'NONE',  ( 1.097738823411063658, -35.62223639480203730, -22.18668566448300083 ) ) ;
#2598 = DIRECTION ( 'NONE',  ( 0.000000000000000000, -1.334402673828313339E-16, 1.000000000000000000 ) ) ;
#2599 = CARTESIAN_POINT ( 'NONE',  ( 13.27637933255414993, -59.32206977209317955, -7.171266130684768036 ) ) ;
#2600 = DIRECTION ( 'NONE',  ( 0.000000000000000000, -0.7949648775762689912, -0.6066554569276927378 ) ) ;
#2601 = CARTESIAN_POINT ( 'NONE',  ( 12.13552412153718585, -14.72612385776594301, -43.60024026958516430 ) ) ;
#2602 = CARTESIAN_POINT ( 'NONE',  ( 22.70176741116667785, -45.89493106089143737, 10.88750631956573045 ) ) ;
#2603 = ORIENTED_EDGE ( 'NONE', *, *, #4026, .F. ) ;
#2604 = CARTESIAN_POINT ( 'NONE',  ( 11.68790461004927828, 17.22093986023897827, -45.27114267403911896 ) ) ;
#2605 = VERTEX_POINT ( 'NONE', #208 ) ;
#2606 = CARTESIAN_POINT ( 'NONE',  ( 14.99999999999906564, -127.2749452060015756, 19.28885296516972048 ) ) ;
#2607 = CARTESIAN_POINT ( 'NONE',  ( 14.76382222383755938, 14.35256990584858983, -21.46989199772712098 ) ) ;
#2608 = CARTESIAN_POINT ( 'NONE',  ( 14.39516400101424409, 14.41400951364925298, -21.29634816116374907 ) ) ;
#2609 = ADVANCED_FACE ( 'NONE', ( #8349 ), #1566, .F. ) ;
#2610 = CARTESIAN_POINT ( 'NONE',  ( 23.44999999999999929, 34.71447329368038481, -6.121098262759038455 ) ) ;
#2611 = CARTESIAN_POINT ( 'NONE',  ( 14.00655723923283524, -13.77509126195849021, -21.78701892038228749 ) ) ;
#2612 = DIRECTION ( 'NONE',  ( 0.000000000000000000, 0.000000000000000000, 1.000000000000000000 ) ) ;
#2613 = CARTESIAN_POINT ( 'NONE',  ( 21.96536483574853804, -52.84824844704471758, -12.60344721684046831 ) ) ;
#2614 = EDGE_CURVE ( 'NONE', #7361, #1104, #7724, .T. ) ;
#2615 = CARTESIAN_POINT ( 'NONE',  ( 15.85313469065752301, 26.40519914787633837, -43.35364195253693254 ) ) ;
#2616 = ORIENTED_EDGE ( 'NONE', *, *, #2285, .F. ) ;
#2617 = CARTESIAN_POINT ( 'NONE',  ( 2.999999999999999112, -122.2275424939940365, 29.02845816006093571 ) ) ;
#2618 = ORIENTED_EDGE ( 'NONE', *, *, #9504, .F. ) ;
#2619 = PLANE ( 'NONE',  #4081 ) ;
#2620 = CARTESIAN_POINT ( 'NONE',  ( 12.04573567525978639, -15.63780936411020583, -45.11876497214991844 ) ) ;
#2621 = CARTESIAN_POINT ( 'NONE',  ( 14.52318845301313033, -13.44129468359498247, -21.55199295959914352 ) ) ;
#2622 = DIRECTION ( 'NONE',  ( 0.1251691050984282405, -3.582205033769464345E-16, 0.9921354217690540045 ) ) ;
#2623 = CARTESIAN_POINT ( 'NONE',  ( 0.000000000000000000, -77.59885521316199686, 16.27262499649769367 ) ) ;
#2624 = DIRECTION ( 'NONE',  ( 0.000000000000000000, 0.000000000000000000, 1.000000000000000000 ) ) ;
#2625 = VERTEX_POINT ( 'NONE', #8254 ) ;
#2626 = DIRECTION ( 'NONE',  ( 0.000000000000000000, -0.7660444431189820103, 0.6427876096865347000 ) ) ;
#2627 = ORIENTED_EDGE ( 'NONE', *, *, #9017, .F. ) ;
#2628 = CARTESIAN_POINT ( 'NONE',  ( 16.14177392256117116, -54.14384943587533883, -11.21780310311233109 ) ) ;
#2629 = DIRECTION ( 'NONE',  ( 0.000000000000000000, -1.000000000000000000, 1.387778780781444689E-15 ) ) ;
#2630 = EDGE_CURVE ( 'NONE', #8898, #1368, #1616, .T. ) ;
#2631 = CARTESIAN_POINT ( 'NONE',  ( 2.606769452538370668, -105.5890843037888374, 13.21773000549115373 ) ) ;
#2632 = CARTESIAN_POINT ( 'NONE',  ( 19.97200155266941834, 15.50460850778247490, -22.93484897534253975 ) ) ;
#2633 = PLANE ( 'NONE',  #6047 ) ;
#2634 = ADVANCED_FACE ( 'NONE', ( #889 ), #2387, .F. ) ;
#2635 = CARTESIAN_POINT ( 'NONE',  ( -12.75000000000000000, -119.6812179729371479, 30.17681848394211741 ) ) ;
#2636 = DIRECTION ( 'NONE',  ( 0.000000000000000000, 0.7660444431189812331, -0.6427876096865353661 ) ) ;
#2637 = EDGE_LOOP ( 'NONE', ( #906, #9253 ) ) ;
#2638 = ORIENTED_EDGE ( 'NONE', *, *, #7374, .F. ) ;
#2639 = ORIENTED_EDGE ( 'NONE', *, *, #5003, .F. ) ;
#2640 = CARTESIAN_POINT ( 'NONE',  ( 11.70573250523875686, -63.32695347105016026, 27.96997522544731396 ) ) ;
#2641 = CARTESIAN_POINT ( 'NONE',  ( 0.3281911647119575837, -34.03188032631405946, -23.18749214381283252 ) ) ;
#2642 = CARTESIAN_POINT ( 'NONE',  ( 15.00000000000000000, -120.8706988830432039, 49.39455074817960423 ) ) ;
#2643 = VECTOR ( 'NONE', #2275, 1000.000000000000227 ) ;
#2644 = CARTESIAN_POINT ( 'NONE',  ( 21.16028316371425433, -62.96368274094366058, -4.115590031631955803 ) ) ;
#2645 = B_SPLINE_CURVE_WITH_KNOTS ( 'NONE', 1,
 ( #3511, #2695 ),
 .UNSPECIFIED., .F., .F.,
 ( 2, 2 ),
 ( 0.000000000000000000, 1.000000000000000000 ),
 .UNSPECIFIED. ) ;
#2646 = CARTESIAN_POINT ( 'NONE',  ( 11.99999999999997335, -135.9018001968095177, 42.62532089662601464 ) ) ;
#2647 = CARTESIAN_POINT ( 'NONE',  ( 14.14290236481229712, -13.46018118071533820, -21.29634816116374907 ) ) ;
#2648 = VECTOR ( 'NONE', #6272, 1000.000000000000000 ) ;
#2649 = VECTOR ( 'NONE', #5903, 1000.000000000000000 ) ;
#2650 = CARTESIAN_POINT ( 'NONE',  ( 15.26115911538913927, -27.97806733989146366, -29.87441484543857584 ) ) ;
#2651 = ORIENTED_EDGE ( 'NONE', *, *, #3399, .T. ) ;
#2652 = CARTESIAN_POINT ( 'NONE',  ( 20.98483215043846783, -33.09202857179718649, -23.85905713855404642 ) ) ;
#2653 = CARTESIAN_POINT ( 'NONE',  ( 16.66139553018717478, -76.13128706279806579, 12.63468960751981562 ) ) ;
#2654 = CARTESIAN_POINT ( 'NONE',  ( 14.72146835905187601, 14.38176917308409841, -21.48325433584920674 ) ) ;
#2655 = CARTESIAN_POINT ( 'NONE',  ( 15.16804157450678225, 14.00300693826978993, -21.29634816116374907 ) ) ;
#2656 = CARTESIAN_POINT ( 'NONE',  ( 0.000000000000000000, -75.82056510457229592, 11.89424437510743537 ) ) ;
#2657 = CARTESIAN_POINT ( 'NONE',  ( 12.97342795539253935, -14.37916005323901736, -22.73284660571116333 ) ) ;
#2658 = CARTESIAN_POINT ( 'NONE',  ( 22.17642267753880603, -39.24550767673098051, -13.32905693424736526 ) ) ;
#2659 = CARTESIAN_POINT ( 'NONE',  ( 15.00159119171842015, -93.77171443836488152, 20.22407124394344180 ) ) ;
#2660 = CARTESIAN_POINT ( 'NONE',  ( 17.32333045551451178, 15.55745782333797855, -43.62189846913927482 ) ) ;
#2661 = ORIENTED_EDGE ( 'NONE', *, *, #8966, .F. ) ;
#2662 = CARTESIAN_POINT ( 'NONE',  ( 17.00893553347697562, 23.49298626163044545, -45.29634816116374196 ) ) ;
#2663 = ORIENTED_EDGE ( 'NONE', *, *, #1676, .F. ) ;
#2664 = DIRECTION ( 'NONE',  ( 0.000000000000000000, 0.9848077530122092416, -0.1736481776669233090 ) ) ;
#2665 = EDGE_CURVE ( 'NONE', #6971, #5437, #3035, .T. ) ;
#2666 = CARTESIAN_POINT ( 'NONE',  ( 12.17565961924051798, -15.44761010954826830, -45.02075680970902738 ) ) ;
#2667 = DIRECTION ( 'NONE',  ( 0.000000000000000000, 0.9848077530122093526, -0.1736481776669232258 ) ) ;
#2668 = CARTESIAN_POINT ( 'NONE',  ( 11.99078602680291539, -14.84011276587283135, -43.84964650824306887 ) ) ;
#2669 = CARTESIAN_POINT ( 'NONE',  ( 0.000000000000000000, -29.51440953603716366, -9.316413829083826315 ) ) ;
#2670 = CARTESIAN_POINT ( 'NONE',  ( 5.999999999999998224, -54.60113403017650313, -5.910972413209578669 ) ) ;
#2671 = VERTEX_POINT ( 'NONE', #3889 ) ;
#2672 = FACE_OUTER_BOUND ( 'NONE', #6264, .T. ) ;
#2673 = ORIENTED_EDGE ( 'NONE', *, *, #7798, .F. ) ;
#2674 = CARTESIAN_POINT ( 'NONE',  ( 0.000000000000000000, -119.4571793330561462, 36.63996838842681569 ) ) ;
#2675 =( BOUNDED_SURFACE ( )  B_SPLINE_SURFACE ( 2, 3, ( 
 ( #2051, #7978, #833, #7388, #1561, #4511, #2279, #7484, #7342, #690 ),
 ( #784, #3647, #8933, #2143, #3739, #2232, #8108, #3787, #1516, #5193 ),
 ( #5097, #4369, #5974, #8837, #5240, #2187, #2922, #2878, #7295, #740 ) ),
 .UNSPECIFIED., .F., .F., .F. ) 
 B_SPLINE_SURFACE_WITH_KNOTS ( ( 3, 3 ),
 ( 4, 2, 2, 2, 4 ),
 ( 0.000000000000000000, 1.000000000000000000 ),
 ( 0.4427366434403793294, 0.4689911138842886018, 0.4952455843281979297, 0.5477545252160165301, 0.6527724069916536198 ),
 .UNSPECIFIED. ) 
 GEOMETRIC_REPRESENTATION_ITEM ( )  RATIONAL_B_SPLINE_SURFACE ( (
 ( 1.000000000000000000, 1.000000000000000000, 1.000000000000000000, 1.000000000000000000, 1.000000000000000000, 1.000000000000000000, 1.000000000000000000, 1.000000000000000000, 1.000000000000000000, 1.000000000000000000),
 ( 0.7074824807718570474, 0.7076717377207801807, 0.7077243863338772423, 0.7076460481859166984, 0.7075069799971287487, 0.7067852708884020396, 0.7058962007406227590, 0.7020220698695089911, 0.6978219626273155507, 0.6922877810844779711),
 ( 1.000000000000000000, 1.000000000000000000, 1.000000000000000000, 1.000000000000000000, 1.000000000000000000, 1.000000000000000000, 1.000000000000000000, 1.000000000000000000, 1.000000000000000000, 1.000000000000000000) ) ) 
 REPRESENTATION_ITEM ( '' )  SURFACE ( )  );
#2676 = CARTESIAN_POINT ( 'NONE',  ( 14.85659890898958757, 14.28799491213540840, -21.44221969084448531 ) ) ;
#2677 = DIRECTION ( 'NONE',  ( 0.000000000000000000, 0.9063077870366528233, 0.4226182617406931685 ) ) ;
#2678 = DIRECTION ( 'NONE',  ( 0.000000000000000000, -0.6427876096865184907, -0.7660444431189954440 ) ) ;
#2679 = CARTESIAN_POINT ( 'NONE',  ( -37.07224088444629473, -55.88670924954958963, -7.443061299447535362 ) ) ;
#2680 = LINE ( 'NONE', #4859, #3783 ) ;
#2681 = ADVANCED_FACE ( 'NONE', ( #5393 ), #773, .F. ) ;
#2682 = VECTOR ( 'NONE', #6494, 1000.000000000000227 ) ;
#2683 = ADVANCED_FACE ( 'NONE', ( #1761 ), #9281, .F. ) ;
#2684 = AXIS2_PLACEMENT_3D ( 'NONE', #9044, #9141, #1049 ) ;
#2685 = CARTESIAN_POINT ( 'NONE',  ( 12.75000000000000000, -119.6812179729371479, 30.17681848394211741 ) ) ;
#2686 = ORIENTED_EDGE ( 'NONE', *, *, #4342, .F. ) ;
#2687 = EDGE_CURVE ( 'NONE', #2605, #2185, #6334, .T. ) ;
#2688 = ORIENTED_EDGE ( 'NONE', *, *, #7903, .T. ) ;
#2689 = DIRECTION ( 'NONE',  ( 0.000000000000000000, 0.000000000000000000, -1.000000000000000000 ) ) ;
#2690 = CARTESIAN_POINT ( 'NONE',  ( 1.000000000000007772, -125.6822119262424309, 50.87769490003759643 ) ) ;
#2691 = CARTESIAN_POINT ( 'NONE',  ( 22.93057108745913197, -54.36809388361213990, -11.32814547156903551 ) ) ;
#2692 = VECTOR ( 'NONE', #8057, 1000.000000000000000 ) ;
#2693 = CARTESIAN_POINT ( 'NONE',  ( 14.70268368495122147, -41.61097665585440808, -19.57436940443746565 ) ) ;
#2694 = VECTOR ( 'NONE', #3190, 1000.000000000000114 ) ;
#2695 = CARTESIAN_POINT ( 'NONE',  ( 12.81600561797623250, 15.53753649573836881, -23.29634816116374907 ) ) ;
#2696 = B_SPLINE_CURVE_WITH_KNOTS ( 'NONE', 3,
 ( #471, #2703, #4924, #8077, #7989, #6488, #5067, #5846, #4292, #5797, #515, #2888, #2749, #1296, #7897, #1252, #3474, #2015, #7215, #4971, #5750, #562, #9438, #8761, #8711, #2062, #1346, #7261, #607, #3561, #2108, #8035, #3656, #7498, #898 ),
 .UNSPECIFIED., .F., .F.,
 ( 4, 2, 2, 1, 2, 2, 1, 2, 2, 1, 2, 2, 1, 2, 2, 1, 2, 2, 2, 4 ),
 ( 0.000000000000000000, 0.06249999999999897304, 0.1249999999999979461, 0.1874999999999969191, 0.2187499999999971134, 0.2499999999999973355, 0.3124999999999967804, 0.3437499999999987788, 0.3750000000000007772, 0.4375000000000044409, 0.4687500000000053846, 0.5000000000000063283, 0.5625000000000014433, 0.5937500000000011102, 0.6250000000000007772, 0.6874999999999923395, 0.7187499999999915623, 0.7499999999999906741, 0.8749999999999953371, 1.000000000000000000 ),
 .UNSPECIFIED. ) ;
#2697 = CIRCLE ( 'NONE', #3470, 1.250000000000002887 ) ;
#2698 = CARTESIAN_POINT ( 'NONE',  ( 15.33496755831636982, -29.08199993179499643, -28.12388456425678385 ) ) ;
#2699 = ORIENTED_EDGE ( 'NONE', *, *, #8596, .F. ) ;
#2700 = DIRECTION ( 'NONE',  ( 1.000000000000000000, 0.000000000000000000, -0.000000000000000000 ) ) ;
#2701 = EDGE_CURVE ( 'NONE', #8721, #4912, #8449, .T. ) ;
#2702 = EDGE_LOOP ( 'NONE', ( #9545, #8582, #5031, #9510, #7189 ) ) ;
#2703 = CARTESIAN_POINT ( 'NONE',  ( 10.93344427656547957, 16.68410473045256737, -44.29634581589295550 ) ) ;
#2704 = CARTESIAN_POINT ( 'NONE',  ( 14.69246381703023907, 14.40167348398175307, -21.49266613263977632 ) ) ;
#2705 = LINE ( 'NONE', #1013, #386 ) ;
#2706 = LINE ( 'NONE', #4975, #4855 ) ;
#2707 = CARTESIAN_POINT ( 'NONE',  ( 15.02999625342518719, -13.09873780655650677, -21.40826750403276790 ) ) ;
#2708 = CARTESIAN_POINT ( 'NONE',  ( 21.40131898710479064, -43.36313815114620240, -18.74675868253442346 ) ) ;
#2709 = CARTESIAN_POINT ( 'NONE',  ( 12.40000000000000036, -46.25982028992389417, -5.338803418062269657 ) ) ;
#2710 = CIRCLE ( 'NONE', #9370, 1.700000000000000400 ) ;
#2711 = EDGE_LOOP ( 'NONE', ( #8353, #1845, #5487, #3655 ) ) ;
#2712 = LINE ( 'NONE', #9403, #6380 ) ;
#2713 = ORIENTED_EDGE ( 'NONE', *, *, #3749, .T. ) ;
#2714 = LINE ( 'NONE', #7954, #4697 ) ;
#2715 = ORIENTED_EDGE ( 'NONE', *, *, #2234, .F. ) ;
#2717 = AXIS2_PLACEMENT_3D ( 'NONE', #8817, #6545, #9448 ) ;
#2716 = CARTESIAN_POINT ( 'NONE',  ( 6.795826393007788013, -76.98075840877775988, 2.273743140364330451 ) ) ;
#2718 = CARTESIAN_POINT ( 'NONE',  ( 11.45643923738952097, 17.53753649573836881, -45.29634816116374196 ) ) ;
#2719 = CARTESIAN_POINT ( 'NONE',  ( 12.71016790609077063, -14.63088220738902479, -44.10069231732536110 ) ) ;
#2720 = DIRECTION ( 'NONE',  ( -0.000000000000000000, -0.1736481776669229204, -0.9848077530122093526 ) ) ;
#2721 = DIRECTION ( 'NONE',  ( -0.000000000000000000, 0.6427876096865348110, 0.7660444431189817882 ) ) ;
#2722 = EDGE_CURVE ( 'NONE', #9287, #3051, #4906, .T. ) ;
#2723 = ORIENTED_EDGE ( 'NONE', *, *, #5177, .T. ) ;
#2724 = CARTESIAN_POINT ( 'NONE',  ( 16.02199384610571897, -50.56631133502121145, 19.42236971672992851 ) ) ;
#2725 = VERTEX_POINT ( 'NONE', #1085 ) ;
#2726 = CARTESIAN_POINT ( 'NONE',  ( 18.25000000000000000, 27.20581053509668834, -18.75923434280892721 ) ) ;
#2727 = EDGE_CURVE ( 'NONE', #6062, #8131, #3316, .T. ) ;
#2728 = DIRECTION ( 'NONE',  ( -0.000000000000000000, 0.1736481776669231980, 0.9848077530122093526 ) ) ;
#2729 = DIRECTION ( 'NONE',  ( 0.000000000000000000, 0.9848077530122093526, -0.1736481776669232258 ) ) ;
#2730 = EDGE_CURVE ( 'NONE', #6048, #2938, #187, .T. ) ;
#2731 = VECTOR ( 'NONE', #8610, 1000.000000000000000 ) ;
#2732 = CARTESIAN_POINT ( 'NONE',  ( 5.999999999999998224, -48.22832050784651869, -13.36834101309136891 ) ) ;
#2733 = CARTESIAN_POINT ( 'NONE',  ( 17.84552477795712377, 26.66221165061519471, -45.29634816116374196 ) ) ;
#2734 = B_SPLINE_CURVE_WITH_KNOTS ( 'NONE', 3,
 ( #4672, #3182, #271, #7600, #1775, #5554, #7747, #7649, #6091, #2401 ),
 .UNSPECIFIED., .F., .F.,
 ( 4, 2, 2, 2, 4 ),
 ( 0.000000000000000000, 0.2500000000000007216, 0.5000000000000004441, 0.7500000000000002220, 1.000000000000000000 ),
 .UNSPECIFIED. ) ;
#2735 = ADVANCED_FACE ( 'NONE', ( #6234 ), #6183, .T. ) ;
#2736 = DIRECTION ( 'NONE',  ( -1.000000000000000000, 0.000000000000000000, 0.000000000000000000 ) ) ;
#2737 = VERTEX_POINT ( 'NONE', #7062 ) ;
#2738 = ORIENTED_EDGE ( 'NONE', *, *, #7171, .F. ) ;
#2739 = ADVANCED_FACE ( 'NONE', ( #4183, #6963 ), #2633, .T. ) ;
#2740 = DIRECTION ( 'NONE',  ( -0.000000000000000000, -0.9396926207859082059, 0.3420201433256692125 ) ) ;
#2741 = DIRECTION ( 'NONE',  ( -1.000000000000000000, 0.000000000000000000, 0.000000000000000000 ) ) ;
#2742 = CARTESIAN_POINT ( 'NONE',  ( 22.92062076136672744, -50.42476109002995344, -3.202395112366214658 ) ) ;
#2743 = CARTESIAN_POINT ( 'NONE',  ( 15.07119282830378637, -85.97039806796171035, 28.78069627506713601 ) ) ;
#2744 = AXIS2_PLACEMENT_3D ( 'NONE', #7384, #4366, #9518 ) ;
#2745 = CARTESIAN_POINT ( 'NONE',  ( 14.50798381232907808, -13.28310472820407462, -21.29634816116374907 ) ) ;
#2746 = CARTESIAN_POINT ( 'NONE',  ( 15.30838985098371197, -28.58469418699474573, -28.86312114165193421 ) ) ;
#2747 = FACE_OUTER_BOUND ( 'NONE', #6348, .T. ) ;
#2748 = ORIENTED_EDGE ( 'NONE', *, *, #5119, .F. ) ;
#2749 = CARTESIAN_POINT ( 'NONE',  ( 11.45179614322544737, 16.32065335528868388, -44.20966651440631523 ) ) ;
#2750 = CARTESIAN_POINT ( 'NONE',  ( 14.60100742944316821, 14.46401125084425310, -21.52362988828126333 ) ) ;
#2751 = AXIS2_PLACEMENT_3D ( 'NONE', #3628, #8914, #7367 ) ;
#2752 = CARTESIAN_POINT ( 'NONE',  ( 22.53243293908551692, -52.97048029897872823, -1.160863086471393579 ) ) ;
#2753 = CARTESIAN_POINT ( 'NONE',  ( 3.089670827592278624, -100.5187668141803954, 10.47024997053879503 ) ) ;
#2754 = CARTESIAN_POINT ( 'NONE',  ( 12.95329424678269348, -14.39005082728436236, -22.77103177936009359 ) ) ;
#2755 = ADVANCED_FACE ( 'NONE', ( #6377 ), #7834, .T. ) ;
#2756 = AXIS2_PLACEMENT_3D ( 'NONE', #6279, #2629, #495 ) ;
#2757 = DIRECTION ( 'NONE',  ( 0.000000000000000000, 0.000000000000000000, -1.000000000000000000 ) ) ;
#2758 = FACE_OUTER_BOUND ( 'NONE', #6360, .T. ) ;
#2759 = EDGE_CURVE ( 'NONE', #8322, #5630, #2352, .T. ) ;
#2760 = VERTEX_POINT ( 'NONE', #8396 ) ;
#2761 = CARTESIAN_POINT ( 'NONE',  ( 23.44999999999999929, -70.65206458880940943, 2.335728341262185648 ) ) ;
#2762 = ORIENTED_EDGE ( 'NONE', *, *, #8600, .T. ) ;
#2763 = CARTESIAN_POINT ( 'NONE',  ( 12.81600561797623428, 15.53753649573837059, -43.29634816116374196 ) ) ;
#2764 = ORIENTED_EDGE ( 'NONE', *, *, #3327, .T. ) ;
#2765 = CARTESIAN_POINT ( 'NONE',  ( 12.76452898562709670, -14.54465647960592634, -43.86390228573929306 ) ) ;
#2766 = LINE ( 'NONE', #4351, #880 ) ;
#2767 = CARTESIAN_POINT ( 'NONE',  ( 11.73704417955358004, -15.03466014122378347, -44.07417932445063258 ) ) ;
#2768 = CARTESIAN_POINT ( 'NONE',  ( 18.62804992054619646, -21.85157763771037054, -43.53905335084300532 ) ) ;
#2769 = CARTESIAN_POINT ( 'NONE',  ( 5.999999999999998224, -38.85406476150464528, -13.76214029363365476 ) ) ;
#2770 = ORIENTED_EDGE ( 'NONE', *, *, #356, .T. ) ;
#2771 = CARTESIAN_POINT ( 'NONE',  ( 16.78807840227627679, -48.59473036241352872, 17.76801684977869655 ) ) ;
#2772 = ORIENTED_EDGE ( 'NONE', *, *, #5057, .F. ) ;
#2773 = CARTESIAN_POINT ( 'NONE',  ( 19.91260057584206322, -53.16312605636054656, -9.550635305177960888 ) ) ;
#2774 = CARTESIAN_POINT ( 'NONE',  ( 16.79064557385977352, -24.46562553418528196, -43.44720720198972685 ) ) ;
#2775 = CARTESIAN_POINT ( 'NONE',  ( 15.20429097852305844, -53.04568062290189090, 21.50280757174296298 ) ) ;
#2776 = CARTESIAN_POINT ( 'NONE',  ( 3.000000000000000000, -22.82182225824879751, -14.25357600088131171 ) ) ;
#2777 = CARTESIAN_POINT ( 'NONE',  ( 19.93785637290848456, 15.52335629051018806, -23.05636761339198415 ) ) ;
#2778 = DIRECTION ( 'NONE',  ( -0.000000000000000000, 0.7660444431189817882, -0.6427876096865348110 ) ) ;
#2779 = LINE ( 'NONE', #8698, #4253 ) ;
#2780 = CARTESIAN_POINT ( 'NONE',  ( 16.87146922001542748, -17.12414052807964993, -45.29634816116374907 ) ) ;
#2781 = ORIENTED_EDGE ( 'NONE', *, *, #6471, .T. ) ;
#2782 = CARTESIAN_POINT ( 'NONE',  ( -7.703719777548943412E-31, -125.6822119262424025, 50.87769490003756090 ) ) ;
#2783 = EDGE_CURVE ( 'NONE', #3258, #1208, #306, .T. ) ;
#2784 = CARTESIAN_POINT ( 'NONE',  ( 15.00000000000000000, -122.5751048948750963, 49.85824699989230879 ) ) ;
#2785 = DIRECTION ( 'NONE',  ( -1.000000000000000000, 0.000000000000000000, 0.000000000000000000 ) ) ;
#2786 = CARTESIAN_POINT ( 'NONE',  ( 14.78102030925569821, -40.76333070103674316, -19.94642729733745767 ) ) ;
#2787 = CARTESIAN_POINT ( 'NONE',  ( 22.38226372047806123, -42.45825178014322177, -11.13099320187419572 ) ) ;
#2788 = CARTESIAN_POINT ( 'NONE',  ( 16.38105519782924091, -69.66115060733797293, 30.48769608796200004 ) ) ;
#2789 = CARTESIAN_POINT ( 'NONE',  ( 20.67007571659680210, -29.98493620190746256, -26.90179424716819412 ) ) ;
#2790 = ORIENTED_EDGE ( 'NONE', *, *, #7255, .F. ) ;
#2791 = CARTESIAN_POINT ( 'NONE',  ( -14.09999999999999964, -75.82056510457229592, 11.89424437510743537 ) ) ;
#2792 = AXIS2_PLACEMENT_3D ( 'NONE', #2333, #257, #5927 ) ;
#2793 = CARTESIAN_POINT ( 'NONE',  ( 13.21738857207438045, 15.31758116345863208, -22.38435306870345798 ) ) ;
#2794 = CARTESIAN_POINT ( 'NONE',  ( 23.44999999999999929, -84.21696516511207165, -31.97122371483544612 ) ) ;
#2795 = CARTESIAN_POINT ( 'NONE',  ( 15.00171193542355574, -93.76053454713503754, 20.21527613325362438 ) ) ;
#2796 = CARTESIAN_POINT ( 'NONE',  ( 21.44999999999999929, 31.76599858981257896, -6.718171893605090261 ) ) ;
#2797 = CARTESIAN_POINT ( 'NONE',  ( 21.83138795609742644, -51.11067617546493835, -13.97177710533206429 ) ) ;
#2798 = DIRECTION ( 'NONE',  ( 0.000000000000000000, 0.000000000000000000, -1.000000000000000000 ) ) ;
#2799 = VECTOR ( 'NONE', #2361, 1000.000000000000000 ) ;
#2800 = VECTOR ( 'NONE', #893, 1000.000000000000114 ) ;
#2801 = EDGE_CURVE ( 'NONE', #5436, #2120, #9180, .T. ) ;
#2802 = ORIENTED_EDGE ( 'NONE', *, *, #9593, .T. ) ;
#2803 = CARTESIAN_POINT ( 'NONE',  ( 0.000000000000000000, -45.97015368852887462, 5.775180860733512667 ) ) ;
#2804 = VERTEX_POINT ( 'NONE', #1808 ) ;
#2805 = CYLINDRICAL_SURFACE ( 'NONE', #2717, 2.350000000000004974 ) ;
#2806 = ORIENTED_EDGE ( 'NONE', *, *, #5383, .T. ) ;
#2807 = DIRECTION ( 'NONE',  ( 0.000000000000000000, 0.000000000000000000, -1.000000000000000000 ) ) ;
#2808 = ADVANCED_FACE ( 'NONE', ( #8744 ), #3544, .F. ) ;
#2809 = DIRECTION ( 'NONE',  ( 1.000000000000000000, 0.000000000000000000, -0.000000000000000000 ) ) ;
#2810 = AXIS2_PLACEMENT_3D ( 'NONE', #7826, #3980, #3448 ) ;
#2811 = CARTESIAN_POINT ( 'NONE',  ( 12.06869517382254919, -15.60448640912873408, -45.10385486539566102 ) ) ;
#2812 = CARTESIAN_POINT ( 'NONE',  ( 23.17927288835205246, 29.59024362519146578, -15.43587722488972958 ) ) ;
#2813 = CARTESIAN_POINT ( 'NONE',  ( 15.00000000000000000, -105.4912514368439673, 33.19335686479195147 ) ) ;
#2814 = EDGE_LOOP ( 'NONE', ( #9553, #5867, #301, #6082, #4476 ) ) ;
#2815 = CARTESIAN_POINT ( 'NONE',  ( 15.52022560355282010, -52.08814159944297728, 20.69933693032063005 ) ) ;
#2816 = EDGE_LOOP ( 'NONE', ( #9585, #4945, #362, #3774 ) ) ;
#2817 = EDGE_LOOP ( 'NONE', ( #4548, #7802, #1479, #938, #1821 ) ) ;
#2818 = LINE ( 'NONE', #1369, #4390 ) ;
#2819 = DIRECTION ( 'NONE',  ( 1.000000000000000000, -0.000000000000000000, -0.000000000000000000 ) ) ;
#2820 = CARTESIAN_POINT ( 'NONE',  ( -14.09999999999999964, -49.46863626127934310, -10.21764939810934791 ) ) ;
#2821 = CARTESIAN_POINT ( 'NONE',  ( 16.87146922001542748, -17.12414052807964993, -45.29634816116374907 ) ) ;
#2822 = CARTESIAN_POINT ( 'NONE',  ( 23.73188222302021799, -76.10435538319671878, 17.87016425251036722 ) ) ;
#2823 = CARTESIAN_POINT ( 'NONE',  ( 16.36603299829170055, -72.51178717788727113, 24.69341315452328800 ) ) ;
#2824 = DIRECTION ( 'NONE',  ( 1.000000000000000000, 0.000000000000000000, 0.000000000000000000 ) ) ;
#2825 = ORIENTED_EDGE ( 'NONE', *, *, #6970, .T. ) ;
#2826 = DIRECTION ( 'NONE',  ( 1.000000000000000000, -0.000000000000000000, -0.000000000000000000 ) ) ;
#2827 = DIRECTION ( 'NONE',  ( 0.000000000000000000, 0.1736481776669232813, 0.9848077530122092416 ) ) ;
#2828 = LINE ( 'NONE', #506, #2262 ) ;
#2829 = CARTESIAN_POINT ( 'NONE',  ( 12.40000000000000036, -43.11520150610495961, 9.906627984094292572 ) ) ;
#2830 = CARTESIAN_POINT ( 'NONE',  ( 20.33165866602503158, 14.42383958470099437, -21.49868252040045391 ) ) ;
#2831 = CARTESIAN_POINT ( 'NONE',  ( 6.000000000000000000, -78.95921289866504367, 14.80653258212103651 ) ) ;
#2832 = CIRCLE ( 'NONE', #8244, 40.00000000000000000 ) ;
#2833 = CARTESIAN_POINT ( 'NONE',  ( 15.04493494092103667, -86.78823294301331259, 29.03069812001035999 ) ) ;
#2834 = AXIS2_PLACEMENT_3D ( 'NONE', #1859, #4667, #6241 ) ;
#2835 = CARTESIAN_POINT ( 'NONE',  ( 22.83101906800076364, -47.76978312703381135, -6.637430358678487963 ) ) ;
#2836 = EDGE_CURVE ( 'NONE', #9354, #6897, #546, .T. ) ;
#2837 = CARTESIAN_POINT ( 'NONE',  ( 15.36832825108254319, -31.37616508880817889, -25.39227610626922171 ) ) ;
#2838 = CARTESIAN_POINT ( 'NONE',  ( 21.20363900908261456, -37.12627000857656157, -21.41336953529475551 ) ) ;
#2839 = AXIS2_PLACEMENT_3D ( 'NONE', #6245, #7797, #5506 ) ;
#2840 = VERTEX_POINT ( 'NONE', #4363 ) ;
#2841 = CARTESIAN_POINT ( 'NONE',  ( 0.000000000000000000, -75.82056510457229592, 11.89424437510743537 ) ) ;
#2842 = CARTESIAN_POINT ( 'NONE',  ( 13.63097759672959164, 15.07864456681995691, -22.02150119213593271 ) ) ;
#2843 = CARTESIAN_POINT ( 'NONE',  ( 22.65786449562526528, -52.21378781201336494, -1.768920879602474461 ) ) ;
#2844 = ADVANCED_FACE ( 'NONE', ( #5780 ), #1283, .F. ) ;
#2845 = DIRECTION ( 'NONE',  ( -1.000000000000000000, 0.000000000000000000, 0.000000000000000000 ) ) ;
#2846 = CARTESIAN_POINT ( 'NONE',  ( 12.83230190287206796, -14.45493902237631723, -23.12952125607788645 ) ) ;
#2847 = EDGE_CURVE ( 'NONE', #868, #5869, #1372, .T. ) ;
#2848 = CARTESIAN_POINT ( 'NONE',  ( -2.499999999999999781E-05, 15.53753649573837059, -43.29634816116374196 ) ) ;
#2849 = PLANE ( 'NONE',  #4495 ) ;
#2850 = CIRCLE ( 'NONE', #6895, 7.000000000000000000 ) ;
#2851 = ORIENTED_EDGE ( 'NONE', *, *, #5323, .T. ) ;
#2852 = CARTESIAN_POINT ( 'NONE',  ( 2.223728054331237658, -107.7016114454408751, 46.16620675173717814 ) ) ;
#2853 = EDGE_LOOP ( 'NONE', ( #36, #9203, #1703, #2404 ) ) ;
#2854 = CARTESIAN_POINT ( 'NONE',  ( 1.210612918774405022, -126.8205818005226604, 19.19403160375531670 ) ) ;
#2855 = ORIENTED_EDGE ( 'NONE', *, *, #824, .F. ) ;
#2856 = CARTESIAN_POINT ( 'NONE',  ( 0.000000000000000000, -83.73709318997876494, 5.388271468960138755 ) ) ;
#2857 = ADVANCED_FACE ( 'NONE', ( #6613 ), #1330, .F. ) ;
#2858 = CARTESIAN_POINT ( 'NONE',  ( 15.00000000000000355, -88.93700067350702909, 29.68581151599204659 ) ) ;
#2859 = LINE ( 'NONE', #5081, #9344 ) ;
#2860 = EDGE_CURVE ( 'NONE', #1742, #1194, #437, .T. ) ;
#2861 = CARTESIAN_POINT ( 'NONE',  ( 14.63761145159923949, -25.38749009016097702, -43.33958780553893320 ) ) ;
#2862 = CARTESIAN_POINT ( 'NONE',  ( 15.00000000000000000, -108.3892695076681747, 33.47571909227831100 ) ) ;
#2863 = EDGE_LOOP ( 'NONE', ( #4787, #440, #1310, #4015 ) ) ;
#2864 = CARTESIAN_POINT ( 'NONE',  ( 19.00808283594803427, -43.88507819266710896, 13.81614945117124549 ) ) ;
#2865 = CIRCLE ( 'NONE', #5330, 2.349999999999992539 ) ;
#2866 = ORIENTED_EDGE ( 'NONE', *, *, #5052, .T. ) ;
#2867 = ORIENTED_EDGE ( 'NONE', *, *, #2012, .F. ) ;
#2868 = CARTESIAN_POINT ( 'NONE',  ( 15.74761452953088181, -22.74243160378317086, -45.29634816116374907 ) ) ;
#2869 = DIRECTION ( 'NONE',  ( 1.000000000000000000, -0.000000000000000000, -0.000000000000000000 ) ) ;
#2870 = B_SPLINE_CURVE_WITH_KNOTS ( 'NONE', 3,
 ( #2552, #4673, #6298, #7650, #9147, #4052, #6878, #2601, #223, #2498, #3332, #1055, #3231, #9247, #5555, #8513, #1001, #5457, #4822, #3183, #6145, #4774, #1678, #273, #5507, #7601, #8412, #4001, #7026, #8462, #3282, #6246, #1819, #9197, #1100, #7485, #8250, #834, #2280 ),
 .UNSPECIFIED., .F., .F.,
 ( 4, 2, 2, 2, 1, 1, 2, 2, 1, 2, 2, 1, 2, 2, 1, 2, 2, 2, 2, 2, 2, 4 ),
 ( 0.000000000000000000, 0.06250000000003615164, 0.09375000000005406786, 0.1250000000000719980, 0.1875000000000992539, 0.2187500000001091627, 0.2343750000001102451, 0.2500000000001113554, 0.3125000000000987543, 0.3437500000000917599, 0.3750000000000847100, 0.4375000000000767719, 0.4687500000000727751, 0.5000000000000688338, 0.5625000000000628386, 0.5937500000000587308, 0.6250000000000547340, 0.6875000000000456302, 0.7500000000000364153, 0.8125000000000273115, 0.8750000000000182077, 1.000000000000000000 ),
 .UNSPECIFIED. ) ;
#2871 = LINE ( 'NONE', #5092, #1405 ) ;
#2872 = CARTESIAN_POINT ( 'NONE',  ( 3.000000000000000000, -22.82182225824879751, -14.25357600088131171 ) ) ;
#2873 = ADVANCED_FACE ( 'NONE', ( #8831 ), #7972, .T. ) ;
#2874 =( BOUNDED_SURFACE ( )  B_SPLINE_SURFACE ( 2, 3, ( 
 ( #3066, #8206, #2191, #7392, #5245, #109, #745, #3698 ),
 ( #2334, #6576, #1568, #9527, #2883, #840, #307, #5394 ),
 ( #8450, #4037, #2484, #8397, #1664, #9235, #6284, #209 ) ),
 .UNSPECIFIED., .F., .F., .T. ) 
 B_SPLINE_SURFACE_WITH_KNOTS ( ( 3, 3 ),
 ( 4, 2, 2, 4 ),
 ( 0.000000000000000000, 1.000000000000000000 ),
 ( 0.8085014496793279104, 0.8261364787386058506, 0.8437715077978836797, 0.8790415659164394491 ),
 .UNSPECIFIED. ) 
 GEOMETRIC_REPRESENTATION_ITEM ( )  RATIONAL_B_SPLINE_SURFACE ( (
 ( 1.000000000000000000, 1.000000000000000000, 1.000000000000000000, 1.000000000000000000, 1.000000000000000000, 1.000000000000000000, 1.000000000000000000, 1.000000000000000000),
 ( 0.7161378034398292458, 0.7173188943454991140, 0.7183142394126932340, 0.7200670501565517023, 0.7208532498818803758, 0.7229140448549904452, 0.7239052843863403863, 0.7245165831765564279),
 ( 1.000000000000000000, 1.000000000000000000, 1.000000000000000000, 1.000000000000000000, 1.000000000000000000, 1.000000000000000000, 1.000000000000000000, 1.000000000000000000) ) ) 
 REPRESENTATION_ITEM ( '' )  SURFACE ( )  );
#2875 = DIRECTION ( 'NONE',  ( 1.000000000000000000, -0.000000000000000000, -0.000000000000000000 ) ) ;
#2876 = VERTEX_POINT ( 'NONE', #6516 ) ;
#2877 = CARTESIAN_POINT ( 'NONE',  ( 9.204450557386214982, -71.68112146774187465, 31.29601791169777414 ) ) ;
#2878 = CARTESIAN_POINT ( 'NONE',  ( 4.852221855458293653, -86.48826968631379941, 3.993343636374170114 ) ) ;
#2879 = DIRECTION ( 'NONE',  ( 0.000000000000000000, 0.3420201433256692125, 0.9396926207859083169 ) ) ;
#2880 = LINE ( 'NONE', #787, #4736 ) ;
#2881 = CARTESIAN_POINT ( 'NONE',  ( 19.94423420603397190, 15.52464446276646015, -23.03455272795594766 ) ) ;
#2882 = CARTESIAN_POINT ( 'NONE',  ( 12.26553246215925697, -61.54773159441383967, 27.10066973267549884 ) ) ;
#2883 = CARTESIAN_POINT ( 'NONE',  ( 20.22638469272323292, -66.13478374961526640, -1.925150763722896174 ) ) ;
#2884 = CARTESIAN_POINT ( 'NONE',  ( 22.02567167066570875, -36.17823496505037895, -15.06480666215174757 ) ) ;
#2885 = DIRECTION ( 'NONE',  ( -0.000000000000000000, 0.9396926207859083169, -0.3420201433256687129 ) ) ;
#2886 = CARTESIAN_POINT ( 'NONE',  ( 15.00000000000000711, -85.89756278093668129, 38.25674281451669856 ) ) ;
#2887 = ORIENTED_EDGE ( 'NONE', *, *, #1384, .F. ) ;
#2888 = CARTESIAN_POINT ( 'NONE',  ( 11.40192647962896189, 16.35679900850912816, -44.22630893217451131 ) ) ;
#2889 = CARTESIAN_POINT ( 'NONE',  ( 15.06136549557915139, -91.18705173889809146, 18.30904366864950106 ) ) ;
#2890 = CARTESIAN_POINT ( 'NONE',  ( 22.83091605055973972, -51.05872369372784192, -2.694727777803100910 ) ) ;
#2891 = CARTESIAN_POINT ( 'NONE',  ( 5.999999999999998224, -8.012463504261800651, -21.29634816116374907 ) ) ;
#2892 = DIRECTION ( 'NONE',  ( 0.000000000000000000, 0.3420201433256687129, 0.9396926207859084279 ) ) ;
#2893 = CARTESIAN_POINT ( 'NONE',  ( -8.673617379884035472E-16, 31.36186134535934400, -16.49654972879051584 ) ) ;
#2894 = CARTESIAN_POINT ( 'NONE',  ( 23.23488773409894392, -40.77282029875312475, 8.617177770550265237 ) ) ;
#2895 = ORIENTED_EDGE ( 'NONE', *, *, #7421, .T. ) ;
#2896 = AXIS2_PLACEMENT_3D ( 'NONE', #502, #4040, #3369 ) ;
#2897 = ORIENTED_EDGE ( 'NONE', *, *, #5888, .F. ) ;
#2898 = DIRECTION ( 'NONE',  ( -0.7457388936307040028, -0.6595618371989447892, 0.09408339618235618540 ) ) ;
#2899 = EDGE_CURVE ( 'NONE', #6452, #8826, #3891, .T. ) ;
#2900 = ORIENTED_EDGE ( 'NONE', *, *, #1218, .F. ) ;
#2901 = LINE ( 'NONE', #5858, #8880 ) ;
#2902 = ORIENTED_EDGE ( 'NONE', *, *, #199, .F. ) ;
#2903 = AXIS2_PLACEMENT_3D ( 'NONE', #4504, #2224, #683 ) ;
#2904 = LINE ( 'NONE', #7181, #7049 ) ;
#2905 = CARTESIAN_POINT ( 'NONE',  ( 8.657851095430741495, -73.39533097835824549, 32.09787989477754167 ) ) ;
#2906 = EDGE_CURVE ( 'NONE', #8871, #8676, #2092, .T. ) ;
#2907 = CARTESIAN_POINT ( 'NONE',  ( 11.34685751792189912, -15.32123210711984207, -44.24141050014576848 ) ) ;
#2908 = CARTESIAN_POINT ( 'NONE',  ( 19.86929933619549971, 15.53753649573836881, -23.29634816116374907 ) ) ;
#2909 = EDGE_LOOP ( 'NONE', ( #2772, #7028, #4142, #2194 ) ) ;
#2910 = DIRECTION ( 'NONE',  ( 0.000000000000000000, -2.219935053261682321E-14, -1.000000000000000000 ) ) ;
#2911 = ORIENTED_EDGE ( 'NONE', *, *, #7771, .T. ) ;
#2912 = VERTEX_POINT ( 'NONE', #4319 ) ;
#2913 = CARTESIAN_POINT ( 'NONE',  ( 18.77952124306496984, -20.57279008854561297, -43.54662542183135798 ) ) ;
#2914 = DIRECTION ( 'NONE',  ( 0.000000000000000000, 0.000000000000000000, 1.000000000000000000 ) ) ;
#2915 = CARTESIAN_POINT ( 'NONE',  ( 7.799067490718130991, -76.62120928939003761, 33.68701554888587424 ) ) ;
#2916 = CARTESIAN_POINT ( 'NONE',  ( 25.00505927025263730, -6.012463504261799763, -11.42958778986839263 ) ) ;
#2917 = CARTESIAN_POINT ( 'NONE',  ( 11.91406156313109221, 15.97471158810375513, -43.93387956388127691 ) ) ;
#2918 = DIRECTION ( 'NONE',  ( -0.000000000000000000, 0.7660444431189812331, -0.6427876096865353661 ) ) ;
#2919 = EDGE_CURVE ( 'NONE', #6290, #6096, #8791, .T. ) ;
#2920 = ORIENTED_EDGE ( 'NONE', *, *, #1088, .T. ) ;
#2921 = CARTESIAN_POINT ( 'NONE',  ( -14.09999999999999964, -60.96200874009102222, 17.04943361583019623 ) ) ;
#2922 = CARTESIAN_POINT ( 'NONE',  ( 4.130787569786499525, -91.53577674266631448, 5.789274385423635927 ) ) ;
#2923 = ADVANCED_FACE ( 'NONE', ( #8101 ), #1464, .F. ) ;
#2924 = DIRECTION ( 'NONE',  ( -1.000000000000000000, 0.000000000000000000, 0.000000000000000000 ) ) ;
#2925 = CARTESIAN_POINT ( 'NONE',  ( 20.34495672306512404, 13.53753649573836704, -21.29634816116374907 ) ) ;
#2926 = CARTESIAN_POINT ( 'NONE',  ( 14.78275756306303812, -54.23580781553176422, 22.43491794090309455 ) ) ;
#2927 = CARTESIAN_POINT ( 'NONE',  ( 14.51656148904567978, -43.83117324976237228, -18.51452738383003194 ) ) ;
#2928 = DIRECTION ( 'NONE',  ( 1.000000000000000000, -0.000000000000000000, -0.000000000000000000 ) ) ;
#2929 = CARTESIAN_POINT ( 'NONE',  ( 19.83266584073294680, -20.94090324145922111, -35.13411364277967408 ) ) ;
#2930 = ORIENTED_EDGE ( 'NONE', *, *, #7718, .F. ) ;
#2931 = CARTESIAN_POINT ( 'NONE',  ( 19.35102615282425731, -14.26009163064557228, -22.41850212828830990 ) ) ;
#2932 = CARTESIAN_POINT ( 'NONE',  ( 4.440085348362544870, 32.94640918510395977, -15.87777569372594222 ) ) ;
#2933 = CARTESIAN_POINT ( 'NONE',  ( 23.09025104644171833, -48.96409250283790016, -4.372075337606307066 ) ) ;
#2934 = CARTESIAN_POINT ( 'NONE',  ( 20.23105298398811058, -56.84697157599856610, 17.72661140917835354 ) ) ;
#2935 = CARTESIAN_POINT ( 'NONE',  ( 15.00000000000000000, -94.34771466488518854, 20.65720517637857867 ) ) ;
#2936 = CARTESIAN_POINT ( 'NONE',  ( 4.279376602692447129, -94.13082918748533245, 42.15620649946033893 ) ) ;
#2937 = CARTESIAN_POINT ( 'NONE',  ( 12.40000000000000036, -57.10528308197181957, 21.64570027454408674 ) ) ;
#2938 = VERTEX_POINT ( 'NONE', #2136 ) ;
#2939 = LINE ( 'NONE', #7509, #2649 ) ;
#2940 = ORIENTED_EDGE ( 'NONE', *, *, #2010, .T. ) ;
#2941 = CARTESIAN_POINT ( 'NONE',  ( 16.29238686755158838, -78.45134124896382843, 13.18636337665803993 ) ) ;
#2942 = EDGE_LOOP ( 'NONE', ( #7921, #7077, #618, #84, #279, #91, #1872, #3372 ) ) ;
#2943 = CARTESIAN_POINT ( 'NONE',  ( 12.76959173888809218, -14.53659816658483983, -43.83594779594074708 ) ) ;
#2944 = LINE ( 'NONE', #7515, #9076 ) ;
#2945 = CARTESIAN_POINT ( 'NONE',  ( 10.70205166274274333, -66.46367145505251983, -1.807991751991005147 ) ) ;
#2946 = VECTOR ( 'NONE', #7108, 1000.000000000000000 ) ;
#2947 = CARTESIAN_POINT ( 'NONE',  ( 19.24810303601993056, 23.66955564269785484, -43.52334442528112390 ) ) ;
#2948 = EDGE_CURVE ( 'NONE', #5559, #56, #499, .T. ) ;
#2949 = EDGE_LOOP ( 'NONE', ( #2243, #3701 ) ) ;
#2950 = FACE_BOUND ( 'NONE', #4994, .T. ) ;
#2951 = VERTEX_POINT ( 'NONE', #3591 ) ;
#2952 = EDGE_LOOP ( 'NONE', ( #3857, #3059, #2639, #9105 ) ) ;
#2953 = AXIS2_PLACEMENT_3D ( 'NONE', #6898, #1835, #5571 ) ;
#2954 = CARTESIAN_POINT ( 'NONE',  ( 12.40000000000000036, -71.59936963466060433, 10.70197393397544339 ) ) ;
#2955 = CARTESIAN_POINT ( 'NONE',  ( 13.75564236372224158, -13.92896331828291245, -21.93640484820812020 ) ) ;
#2956 = CARTESIAN_POINT ( 'NONE',  ( 5.997929478600977582, -84.71580024344866899, 37.67458167824892001 ) ) ;
#2957 = ADVANCED_FACE ( 'NONE', ( #3455 ), #5825, .T. ) ;
#2958 = CARTESIAN_POINT ( 'NONE',  ( 4.574860252613684786, -88.45394283925222112, 4.712603129897046550 ) ) ;
#2959 = CARTESIAN_POINT ( 'NONE',  ( 0.000000000000000000, -38.85406476150464528, -13.76214029363365476 ) ) ;
#2960 = DIRECTION ( 'NONE',  ( -0.000000000000000000, 0.000000000000000000, -1.000000000000000000 ) ) ;
#2961 = ORIENTED_EDGE ( 'NONE', *, *, #110, .T. ) ;
#2962 = LINE ( 'NONE', #7294, #3521 ) ;
#2963 = CARTESIAN_POINT ( 'NONE',  ( 18.13891519827680909, 32.32250516787363637, -18.61207272072714503 ) ) ;
#2964 = DIRECTION ( 'NONE',  ( 0.000000000000000000, 0.7660444431189955550, -0.6427876096865186017 ) ) ;
#2965 = PLANE ( 'NONE',  #5976 ) ;
#2966 = EDGE_CURVE ( 'NONE', #8452, #2571, #2871, .T. ) ;
#2967 = CYLINDRICAL_SURFACE ( 'NONE', #5621, 1.000000000000000888 ) ;
#2968 = CARTESIAN_POINT ( 'NONE',  ( 16.67320205976354330, -70.60472394610748381, 24.25147689707181797 ) ) ;
#2969 = CARTESIAN_POINT ( 'NONE',  ( 14.26384330859783311, -47.59710358324663559, -16.38138498971251877 ) ) ;
#2970 = EDGE_CURVE ( 'NONE', #4694, #2470, #8650, .T. ) ;
#2971 = LINE ( 'NONE', #4377, #8105 ) ;
#2972 = CARTESIAN_POINT ( 'NONE',  ( 21.94770558397170745, -34.40188053007299374, -15.99601316837130938 ) ) ;
#2973 = VERTEX_POINT ( 'NONE', #5333 ) ;
#2974 = CARTESIAN_POINT ( 'NONE',  ( 14.10931346915679185, -53.83306568597691211, -11.77708743487544929 ) ) ;
#2975 = CARTESIAN_POINT ( 'NONE',  ( 13.00000000000000000, 0.5375364957381987274, -21.29634816116374907 ) ) ;
#2976 = PLANE ( 'NONE',  #720 ) ;
#2977 = DIRECTION ( 'NONE',  ( -1.000000000000000000, -0.000000000000000000, -0.000000000000000000 ) ) ;
#2978 =( BOUNDED_CURVE ( )  B_SPLINE_CURVE ( 2, ( #4643, #9067, #92 ),
 .UNSPECIFIED., .F., .F. ) 
 B_SPLINE_CURVE_WITH_KNOTS ( ( 3, 3 ),
 ( 0.000000000000000000, 1.000000000000000000 ),
 .UNSPECIFIED. ) 
 CURVE ( )  GEOMETRIC_REPRESENTATION_ITEM ( )  RATIONAL_B_SPLINE_CURVE ( ( 1.000000000000000000, 0.7071067811865476838, 1.000000000000000000 ) ) 
 REPRESENTATION_ITEM ( '' )  );
#2979 = FACE_OUTER_BOUND ( 'NONE', #2853, .T. ) ;
#2980 = DIRECTION ( 'NONE',  ( 0.000000000000000000, 0.000000000000000000, -1.000000000000000000 ) ) ;
#2981 = CARTESIAN_POINT ( 'NONE',  ( 23.26809781896830742, -40.29260921267741224, 8.417306048859922285 ) ) ;
#2982 = EDGE_CURVE ( 'NONE', #3667, #7690, #197, .T. ) ;
#2983 = VECTOR ( 'NONE', #8993, 1000.000000000000000 ) ;
#2984 = EDGE_LOOP ( 'NONE', ( #1116, #2961, #6748, #3529 ) ) ;
#2985 = CARTESIAN_POINT ( 'NONE',  ( 12.81600561797623428, 15.53753649573837059, -43.29634816116374196 ) ) ;
#2986 = ORIENTED_EDGE ( 'NONE', *, *, #4728, .T. ) ;
#2987 = CYLINDRICAL_SURFACE ( 'NONE', #1150, 1.700000000000000400 ) ;
#2988 = VERTEX_POINT ( 'NONE', #2225 ) ;
#2989 = CARTESIAN_POINT ( 'NONE',  ( 15.00000000000000000, -121.3880443415104793, 18.28222946107700153 ) ) ;
#2990 = CARTESIAN_POINT ( 'NONE',  ( 21.82352765345800449, -32.20705641993444601, -17.36729889181755127 ) ) ;
#2991 = FACE_OUTER_BOUND ( 'NONE', #8401, .T. ) ;
#2992 = CARTESIAN_POINT ( 'NONE',  ( 18.87103667168908316, -66.36668832924701178, 8.805398689792779621 ) ) ;
#2993 = AXIS2_PLACEMENT_3D ( 'NONE', #4469, #7533, #885 ) ;
#2994 = CARTESIAN_POINT ( 'NONE',  ( 0.000000000000000000, 26.53753649573820184, -45.29634816116374196 ) ) ;
#2995 = ORIENTED_EDGE ( 'NONE', *, *, #2378, .F. ) ;
#2996 = CARTESIAN_POINT ( 'NONE',  ( 23.44999999999999929, -34.75827009701470871, 6.157848144283614822 ) ) ;
#2997 = EDGE_LOOP ( 'NONE', ( #1942, #5514, #5278, #5904 ) ) ;
#2998 = ORIENTED_EDGE ( 'NONE', *, *, #8532, .F. ) ;
#2999 = VECTOR ( 'NONE', #3973, 1000.000000000000114 ) ;
#3000 = CARTESIAN_POINT ( 'NONE',  ( 15.49049674068612603, 26.53753649573820539, -37.45227268446389957 ) ) ;
#3001 = CARTESIAN_POINT ( 'NONE',  ( 13.76581325144735324, -13.92282228467855987, -21.92981646064336587 ) ) ;
#3002 = CARTESIAN_POINT ( 'NONE',  ( -14.09999999999999964, -74.66354740713653371, 13.27312437272159151 ) ) ;
#3003 = EDGE_CURVE ( 'NONE', #1586, #242, #3687, .T. ) ;
#3004 = CARTESIAN_POINT ( 'NONE',  ( 5.403627535352577560, -83.21264133076640235, 3.301127396310881146 ) ) ;
#3005 = CARTESIAN_POINT ( 'NONE',  ( 7.399999999999999467, -51.37579633631954579, -6.267618961749018780 ) ) ;
#3006 = AXIS2_PLACEMENT_3D ( 'NONE', #2769, #4897, #4216 ) ;
#3007 = CARTESIAN_POINT ( 'NONE',  ( 3.329571150728626971, -99.80613959774122179, 44.15830998371907157 ) ) ;
#3008 = EDGE_CURVE ( 'NONE', #3009, #675, #4821, .T. ) ;
#3009 = VERTEX_POINT ( 'NONE', #7526 ) ;
#3010 = ADVANCED_FACE ( 'NONE', ( #776 ), #6804, .F. ) ;
#3011 = DIRECTION ( 'NONE',  ( 0.000000000000000000, 0.9848077530122093526, -0.1736481776669233090 ) ) ;
#3012 = CARTESIAN_POINT ( 'NONE',  ( 0.000000000000000000, -122.2705011474578640, 18.42123019163082631 ) ) ;
#3013 = CARTESIAN_POINT ( 'NONE',  ( 5.999999999999998224, -118.1062604575492401, 37.98143622131650687 ) ) ;
#3014 = LINE ( 'NONE', #645, #6453 ) ;
#3015 = CARTESIAN_POINT ( 'NONE',  ( 22.33827679259010424, 17.83019461446938436, -22.11012916388044403 ) ) ;
#3016 = EDGE_CURVE ( 'NONE', #7090, #7271, #892, .T. ) ;
#3017 = CARTESIAN_POINT ( 'NONE',  ( 16.74105818198016138, -73.76861411122131074, 16.56928769345919505 ) ) ;
#3018 = CARTESIAN_POINT ( 'NONE',  ( 14.18654984333448787, -49.19604236046366452, -15.33340584215576818 ) ) ;
#3019 = CARTESIAN_POINT ( 'NONE',  ( 23.44999999999999929, 26.53753649573820539, -43.29634816116374196 ) ) ;
#3020 = EDGE_CURVE ( 'NONE', #1141, #7964, #3828, .T. ) ;
#3021 = CARTESIAN_POINT ( 'NONE',  ( 5.999999999999998224, -46.00175890828305825, -11.66920211694405296 ) ) ;
#3022 = CARTESIAN_POINT ( 'NONE',  ( 20.76011519141098915, -23.51021683494181502, -27.32977664806313101 ) ) ;
#3023 = EDGE_LOOP ( 'NONE', ( #597, #8455, #9039, #4827, #7580, #2406 ) ) ;
#3024 = DIRECTION ( 'NONE',  ( 0.000000000000000000, 0.8970592466922343577, -0.4419102939782701411 ) ) ;
#3025 = CARTESIAN_POINT ( 'NONE',  ( 4.630568060332472591, 33.11467976883367470, -15.10702695605877821 ) ) ;
#3026 = CARTESIAN_POINT ( 'NONE',  ( 10.48447168601375878, -67.51255360434782915, 29.70567073343264752 ) ) ;
#3027 = CARTESIAN_POINT ( 'NONE',  ( 21.15428731910337135, -53.77466363643519287, 15.33429553255528077 ) ) ;
#3028 = CARTESIAN_POINT ( 'NONE',  ( 15.00000000000000000, -100.4258625363944191, 24.50437435752504101 ) ) ;
#3029 = LINE ( 'NONE', #121, #9498 ) ;
#3030 = FACE_OUTER_BOUND ( 'NONE', #3347, .T. ) ;
#3031 = VECTOR ( 'NONE', #4611, 1000.000000000000000 ) ;
#3032 = DIRECTION ( 'NONE',  ( 1.000000000000000000, 0.000000000000000000, -0.000000000000000000 ) ) ;
#3033 = ORIENTED_EDGE ( 'NONE', *, *, #9594, .T. ) ;
#3034 = CARTESIAN_POINT ( 'NONE',  ( 12.77923991044047547, 15.59629741173955786, -43.77809705895524672 ) ) ;
#3035 =( BOUNDED_CURVE ( )  B_SPLINE_CURVE ( 2, ( #9033, #2440, #4614 ),
 .UNSPECIFIED., .F., .F. ) 
 B_SPLINE_CURVE_WITH_KNOTS ( ( 3, 3 ),
 ( 0.000000000000000000, 1.000000000000000000 ),
 .UNSPECIFIED. ) 
 CURVE ( )  GEOMETRIC_REPRESENTATION_ITEM ( )  RATIONAL_B_SPLINE_CURVE ( ( 1.000000000000000000, 0.7063631624613133653, 1.000000000000000000 ) ) 
 REPRESENTATION_ITEM ( '' )  );
#3036 = ORIENTED_EDGE ( 'NONE', *, *, #6233, .F. ) ;
#3037 = CARTESIAN_POINT ( 'NONE',  ( 20.82202037929795324, 21.15620141801901610, -42.56436517520326390 ) ) ;
#3038 = EDGE_CURVE ( 'NONE', #1456, #5131, #7920, .T. ) ;
#3039 = ORIENTED_EDGE ( 'NONE', *, *, #4554, .F. ) ;
#3040 = CARTESIAN_POINT ( 'NONE',  ( 1.507893216433098260, -120.4563936295451043, 18.11499359570927226 ) ) ;
#3041 = CARTESIAN_POINT ( 'NONE',  ( 2.099999999999987210, -76.10435538319671878, 15.87016425251036544 ) ) ;
#3042 = CARTESIAN_POINT ( 'NONE',  ( 7.560032480126914756, -77.55291381601071521, 34.14599283804264473 ) ) ;
#3043 = AXIS2_PLACEMENT_3D ( 'NONE', #7841, #1722, #997 ) ;
#3044 = ADVANCED_FACE ( 'NONE', ( #1606 ), #145, .T. ) ;
#3045 = CARTESIAN_POINT ( 'NONE',  ( 16.44014904393909049, -77.47142042513961258, 12.96655332154484164 ) ) ;
#3046 = CARTESIAN_POINT ( 'NONE',  ( 18.49248259978965692, 24.81306066881742467, -43.48558192379621801 ) ) ;
#3047 = AXIS2_PLACEMENT_3D ( 'NONE', #8386, #7048, #443 ) ;
#3048 = ORIENTED_EDGE ( 'NONE', *, *, #4389, .T. ) ;
#3049 = CARTESIAN_POINT ( 'NONE',  ( 4.400000000000000355, -119.5755209204604625, 23.59365460226408118 ) ) ;
#3050 = ORIENTED_EDGE ( 'NONE', *, *, #2138, .F. ) ;
#3051 = VERTEX_POINT ( 'NONE', #4074 ) ;
#3052 = LINE ( 'NONE', #8238, #4860 ) ;
#3053 = CARTESIAN_POINT ( 'NONE',  ( 14.43180299367021746, -13.50198678710112610, -21.58772084547639381 ) ) ;
#3054 = CARTESIAN_POINT ( 'NONE',  ( 12.60217837759969406, 15.41826106674514385, -21.87789972542362804 ) ) ;
#3055 = CARTESIAN_POINT ( 'NONE',  ( 3.297238253342788195, -98.42099727110887386, 9.161774555666283959 ) ) ;
#3056 = CARTESIAN_POINT ( 'NONE',  ( 12.63223161149463358, 15.82856528862375001, -44.33810094645293276 ) ) ;
#3057 = CARTESIAN_POINT ( 'NONE',  ( 4.023718307999082811, -95.57530109429902154, 42.73319754226404399 ) ) ;
#3058 = B_SPLINE_CURVE_WITH_KNOTS ( 'NONE', 1,
 ( #5379, #2574 ),
 .UNSPECIFIED., .F., .F.,
 ( 2, 2 ),
 ( 0.000000000000000000, 1.000000000000000000 ),
 .UNSPECIFIED. ) ;
#3059 = ORIENTED_EDGE ( 'NONE', *, *, #5472, .T. ) ;
#3060 = CARTESIAN_POINT ( 'NONE',  ( 13.03052708208745791, 15.04490996605476383, -21.31095943816181659 ) ) ;
#3061 = DIRECTION ( 'NONE',  ( 0.000000000000000000, 0.000000000000000000, -1.000000000000000000 ) ) ;
#3062 = CARTESIAN_POINT ( 'NONE',  ( 19.76657000559823274, -12.46246350426197580, -21.29634816116374907 ) ) ;
#3063 = DIRECTION ( 'NONE',  ( -1.000000000000000000, -0.000000000000000000, 0.000000000000000000 ) ) ;
#3064 = FACE_OUTER_BOUND ( 'NONE', #6982, .T. ) ;
#3065 = CARTESIAN_POINT ( 'NONE',  ( 16.31390842175502343, -75.48738091412251094, 19.15807726022987367 ) ) ;
#3066 = CARTESIAN_POINT ( 'NONE',  ( 19.65137614678849332, -64.06520621715453956, 7.305742657561991038 ) ) ;
#3067 = LINE ( 'NONE', #6030, #1044 ) ;
#3068 = EDGE_LOOP ( 'NONE', ( #8431, #2569 ) ) ;
#3069 = LINE ( 'NONE', #7395, #6101 ) ;
#3070 = EDGE_CURVE ( 'NONE', #8468, #7407, #4844, .T. ) ;
#3071 = CARTESIAN_POINT ( 'NONE',  ( 15.00000000000000000, -93.59807247114143536, 31.08184805475701040 ) ) ;
#3072 = ORIENTED_EDGE ( 'NONE', *, *, #7479, .F. ) ;
#3073 = CARTESIAN_POINT ( 'NONE',  ( 19.44131341180389327, -14.09131606466682562, -22.13559372789961088 ) ) ;
#3074 = DIRECTION ( 'NONE',  ( 0.000000000000000000, -1.000000000000000000, -3.614007241618348771E-16 ) ) ;
#3075 = CARTESIAN_POINT ( 'NONE',  ( 1.406703337988063351, -122.2705011474578640, 18.42123019163082631 ) ) ;
#3076 = FACE_OUTER_BOUND ( 'NONE', #3861, .T. ) ;
#3077 = CARTESIAN_POINT ( 'NONE',  ( -10.55000000000000071, 8.203262318468331316, 13.41008217020920767 ) ) ;
#3078 = CARTESIAN_POINT ( 'NONE',  ( 4.753544992968331329, -91.45873526442295542, 40.99629360350124330 ) ) ;
#3079 = MANIFOLD_SOLID_BREP ( 'Stock-Main-1', #7185 ) ;
#3080 = CARTESIAN_POINT ( 'NONE',  ( 15.00000000000000000, -109.6456304575714569, 33.62392775959657598 ) ) ;
#3081 = LINE ( 'NONE', #3708, #4046 ) ;
#3082 = ORIENTED_EDGE ( 'NONE', *, *, #4022, .F. ) ;
#3083 = LINE ( 'NONE', #33, #5434 ) ;
#3084 = ORIENTED_EDGE ( 'NONE', *, *, #1248, .T. ) ;
#3085 = DIRECTION ( 'NONE',  ( -0.000000000000000000, 0.1736481776669232535, 0.9848077530122093526 ) ) ;
#3086 = ORIENTED_EDGE ( 'NONE', *, *, #5826, .T. ) ;
#3087 = PLANE ( 'NONE',  #8428 ) ;
#3088 = LINE ( 'NONE', #8135, #6888 ) ;
#3089 = LINE ( 'NONE', #6055, #270 ) ;
#3090 = CARTESIAN_POINT ( 'NONE',  ( 6.148055612555610061, -79.25245998215186205, 2.675510928126931809 ) ) ;
#3091 = CARTESIAN_POINT ( 'NONE',  ( 18.33970645794293830, 24.97944011236085515, -43.47793716584955348 ) ) ;
#3092 = EDGE_CURVE ( 'NONE', #8140, #3235, #4038, .T. ) ;
#3093 = ORIENTED_EDGE ( 'NONE', *, *, #6378, .T. ) ;
#3094 = DIRECTION ( 'NONE',  ( 0.000000000000000000, -0.9848077530122095746, 0.1736481776669225319 ) ) ;
#3095 = EDGE_CURVE ( 'NONE', #56, #9079, #7444, .T. ) ;
#3096 = ORIENTED_EDGE ( 'NONE', *, *, #4449, .F. ) ;
#3097 = VERTEX_POINT ( 'NONE', #9319 ) ;
#3098 = CARTESIAN_POINT ( 'NONE',  ( 16.72500657662647683, 28.09076364308427998, -29.05706291961301702 ) ) ;
#3099 = AXIS2_PLACEMENT_3D ( 'NONE', #7782, #3312, #2043 ) ;
#3100 = CARTESIAN_POINT ( 'NONE',  ( 13.35394696542295456, -14.16503302250585961, -22.24681667174503374 ) ) ;
#3101 = CARTESIAN_POINT ( 'NONE',  ( 16.36603299829170055, -72.51178717788727113, 24.69341315452328800 ) ) ;
#3102 = DIRECTION ( 'NONE',  ( 0.000000000000000000, 0.9848077530122094636, -0.1736481776669228927 ) ) ;
#3103 = CARTESIAN_POINT ( 'NONE',  ( 12.15587694596483992, 15.78498645038317250, -43.53789320081964576 ) ) ;
#3104 = VECTOR ( 'NONE', #6159, 1000.000000000000114 ) ;
#3105 = VECTOR ( 'NONE', #9596, 999.9999999999998863 ) ;
#3106 = CARTESIAN_POINT ( 'NONE',  ( 6.000000000000000000, -121.0492985462398252, 26.41804800079848192 ) ) ;
#3107 = EDGE_CURVE ( 'NONE', #214, #8174, #4023, .T. ) ;
#3108 = ORIENTED_EDGE ( 'NONE', *, *, #7916, .T. ) ;
#3109 = CARTESIAN_POINT ( 'NONE',  ( 14.13188676709216196, 13.97416618742185079, -20.51515545568336307 ) ) ;
#3110 = CARTESIAN_POINT ( 'NONE',  ( 6.938893903907228378E-15, -116.1242084823501983, 39.94962174011556044 ) ) ;
#3111 = CARTESIAN_POINT ( 'NONE',  ( 12.40000000000000036, -48.31161856384360931, -8.838769400495159800 ) ) ;
#3112 = LINE ( 'NONE', #6077, #1342 ) ;
#3113 = DIRECTION ( 'NONE',  ( 0.02224014068614565270, 0.9997526574819696199, 1.062793815153877996E-20 ) ) ;
#3114 = AXIS2_PLACEMENT_3D ( 'NONE', #8592, #1941, #4900 ) ;
#3115 = DIRECTION ( 'NONE',  ( 0.000000000000000000, -0.000000000000000000, 1.000000000000000000 ) ) ;
#3116 = DIRECTION ( 'NONE',  ( -9.023734475395007835E-17, 7.228014483236694583E-17, -1.000000000000000000 ) ) ;
#3117 = CARTESIAN_POINT ( 'NONE',  ( 22.15740346661347004, 18.06397657989738903, -23.58501837703586190 ) ) ;
#3118 = ORIENTED_EDGE ( 'NONE', *, *, #786, .T. ) ;
#3119 = ORIENTED_EDGE ( 'NONE', *, *, #2836, .F. ) ;
#3120 = CARTESIAN_POINT ( 'NONE',  ( 14.99999999999999822, -100.1407531230748873, 32.57696818662193294 ) ) ;
#3121 = EDGE_LOOP ( 'NONE', ( #1410, #3968, #5733, #2530 ) ) ;
#3122 = CARTESIAN_POINT ( 'NONE',  ( 19.72919264350689872, -12.91190790549363498, -21.34640369716809616 ) ) ;
#3123 = LINE ( 'NONE', #7742, #8572 ) ;
#3124 = CARTESIAN_POINT ( 'NONE',  ( -4.000000000000000000, -29.51440953603716366, -9.316413829083826315 ) ) ;
#3125 = DIRECTION ( 'NONE',  ( 0.000000000000000000, -1.000000000000000000, 0.000000000000000000 ) ) ;
#3126 = DIRECTION ( 'NONE',  ( 1.000000000000000000, 0.000000000000000000, 0.000000000000000000 ) ) ;
#3127 = VECTOR ( 'NONE', #1343, 1000.000000000000000 ) ;
#3128 = DIRECTION ( 'NONE',  ( 0.000000000000000000, -0.3232551092554115102, -0.9463118589240400169 ) ) ;
#3129 = CARTESIAN_POINT ( 'NONE',  ( 15.00000000000000000, -110.2714881717487714, 33.69962553267061622 ) ) ;
#3130 = EDGE_CURVE ( 'NONE', #2000, #7780, #3267, .T. ) ;
#3131 = CARTESIAN_POINT ( 'NONE',  ( 15.13963379262205500, -12.94483574340987353, -21.29634816116375262 ) ) ;
#3132 = VERTEX_POINT ( 'NONE', #3355 ) ;
#3133 = CARTESIAN_POINT ( 'NONE',  ( 17.45699608599095853, -20.54336966606993187, -44.71310724805295678 ) ) ;
#3134 = ADVANCED_FACE ( 'NONE', ( #296 ), #7773, .F. ) ;
#3135 = VERTEX_POINT ( 'NONE', #6172 ) ;
#3136 = CARTESIAN_POINT ( 'NONE',  ( 16.26020859305000243, -78.66980262942861657, 13.23490924399974311 ) ) ;
#3137 = ORIENTED_EDGE ( 'NONE', *, *, #3605, .T. ) ;
#3138 = FACE_OUTER_BOUND ( 'NONE', #9002, .T. ) ;
#3139 = EDGE_CURVE ( 'NONE', #9322, #2470, #3570, .T. ) ;
#3140 = CARTESIAN_POINT ( 'NONE',  ( 20.26393865838074149, -21.88194993396746568, -31.54975799315533891 ) ) ;
#3141 = CARTESIAN_POINT ( 'NONE',  ( 14.48648663058608754, -12.51640455516271544, -20.38335150653030325 ) ) ;
#3142 = LINE ( 'NONE', #3865, #7950 ) ;
#3143 = CARTESIAN_POINT ( 'NONE',  ( 15.00000000000000000, -96.69663446347605884, 31.92223852912735893 ) ) ;
#3144 = DIRECTION ( 'NONE',  ( 0.000000000000000000, -0.9053451461276553758, 0.4246765432456733325 ) ) ;
#3145 = AXIS2_PLACEMENT_3D ( 'NONE', #1245, #417, #8510 ) ;
#3146 = AXIS2_PLACEMENT_3D ( 'NONE', #1575, #3074, #3657 ) ;
#3147 = ORIENTED_EDGE ( 'NONE', *, *, #8823, .T. ) ;
#3148 = CARTESIAN_POINT ( 'NONE',  ( 18.72819211209443324, 24.53622576315293458, -43.49735578383285883 ) ) ;
#3150 = EDGE_CURVE ( 'NONE', #5869, #4300, #1556, .T. ) ;
#3149 = ORIENTED_EDGE ( 'NONE', *, *, #2039, .T. ) ;
#3151 = ORIENTED_EDGE ( 'NONE', *, *, #4938, .F. ) ;
#3152 = CARTESIAN_POINT ( 'NONE',  ( 10.55000000000000071, -19.29246764274143544, -4.315459680471444237 ) ) ;
#3153 = VECTOR ( 'NONE', #4568, 1000.000000000000000 ) ;
#3154 = CARTESIAN_POINT ( 'NONE',  ( 12.81600913660996000, -14.46246350426197758, -23.25678253121232686 ) ) ;
#3155 = FACE_BOUND ( 'NONE', #9068, .T. ) ;
#3156 = AXIS2_PLACEMENT_3D ( 'NONE', #2065, #9441, #9487 ) ;
#3157 = DIRECTION ( 'NONE',  ( 0.000000000000000000, -0.1736481776669229204, -0.9848077530122093526 ) ) ;
#3158 = CARTESIAN_POINT ( 'NONE',  ( 12.46623723358155011, 16.08561245727462108, -44.67351538828688007 ) ) ;
#3159 = B_SPLINE_CURVE_WITH_KNOTS ( 'NONE', 3,
 ( #3273, #264, #9417, #3325, #2446, #8456, #7595, #7019, #6138, #542, #6870, #3177, #4621, #3946, #6240, #994, #6291, #6923, #363, #2544, #9241, #2595, #3226, #5549, #1769, #6190 ),
 .UNSPECIFIED., .F., .F.,
 ( 4, 1, 1, 2, 2, 2, 2, 1, 2, 2, 2, 1, 2, 2, 4 ),
 ( 0.000000000000000000, 0.1250000000000026090, 0.1875000000000039135, 0.2187500000000029421, 0.2500000000000019984, 0.3125000000000021094, 0.3750000000000022760, 0.4375000000000023870, 0.4687500000000042188, 0.5000000000000059952, 0.6250000000000114353, 0.6875000000000119904, 0.7187500000000123235, 0.7500000000000126565, 1.000000000000000000 ),
 .UNSPECIFIED. ) ;
#3160 = VECTOR ( 'NONE', #4314, 1000.000000000000000 ) ;
#3161 = CARTESIAN_POINT ( 'NONE',  ( 0.000000000000000000, -120.4859869534280250, 49.30024030737046559 ) ) ;
#3162 = ORIENTED_EDGE ( 'NONE', *, *, #7588, .T. ) ;
#3163 = CARTESIAN_POINT ( 'NONE',  ( 12.81601314994198759, 15.53753055544333606, -23.21165421821665120 ) ) ;
#3164 = EDGE_CURVE ( 'NONE', #818, #1093, #9224, .T. ) ;
#3165 = CARTESIAN_POINT ( 'NONE',  ( 0.000000000000000000, -38.85406476150464528, -7.762140293633654764 ) ) ;
#3166 = CARTESIAN_POINT ( 'NONE',  ( 19.66302335565789861, -13.34876659321273706, -21.49868252039552985 ) ) ;
#3167 = CARTESIAN_POINT ( 'NONE',  ( 12.05950514959808118, -14.78625252289114300, -43.75199726624030205 ) ) ;
#3168 = AXIS2_PLACEMENT_3D ( 'NONE', #1988, #7052, #4172 ) ;
#3169 = CARTESIAN_POINT ( 'NONE',  ( 16.76045227635216506, -73.99123582856363157, 15.83035933313210109 ) ) ;
#3170 = EDGE_CURVE ( 'NONE', #8768, #3823, #8538, .T. ) ;
#3171 = CARTESIAN_POINT ( 'NONE',  ( 5.474186054342082386, -87.62958200759149463, 39.10997199469547780 ) ) ;
#3172 = CARTESIAN_POINT ( 'NONE',  ( 2.099999999999987210, -76.10435538319671878, 15.87016425251036544 ) ) ;
#3173 = ORIENTED_EDGE ( 'NONE', *, *, #450, .T. ) ;
#3174 = VERTEX_POINT ( 'NONE', #8487 ) ;
#3175 = CIRCLE ( 'NONE', #8578, 6.000000000000001776 ) ;
#3176 = ORIENTED_EDGE ( 'NONE', *, *, #2012, .T. ) ;
#3177 = CARTESIAN_POINT ( 'NONE',  ( 12.55627538414488065, -14.38194373138417603, -21.95654461451206529 ) ) ;
#3178 = CARTESIAN_POINT ( 'NONE',  ( 23.44999999999999929, -23.46246350426182303, -45.29634816116374907 ) ) ;
#3179 = CARTESIAN_POINT ( 'NONE',  ( -2.772657875789683650E-13, -33.99686541749071722, -23.21194410569244937 ) ) ;
#3180 = CARTESIAN_POINT ( 'NONE',  ( 0.000000000000000000, -37.15726831314997014, -9.571716512632002960 ) ) ;
#3181 = LINE ( 'NONE', #368, #513 ) ;
#3182 = CARTESIAN_POINT ( 'NONE',  ( 15.10919975568641682, 24.53756452539510491, -45.29634816116374196 ) ) ;
#3183 = CARTESIAN_POINT ( 'NONE',  ( 11.81506614526692900, -14.97557671729960127, -44.02015536779494909 ) ) ;
#3184 = CARTESIAN_POINT ( 'NONE',  ( 22.19842608760260561, -49.04336439902756695, 12.46890514536865879 ) ) ;
#3185 = ORIENTED_EDGE ( 'NONE', *, *, #4977, .T. ) ;
#3186 = CARTESIAN_POINT ( 'NONE',  ( 12.04128953928882062, 16.71940661525970029, -45.12219727281645021 ) ) ;
#3187 = EDGE_LOOP ( 'NONE', ( #4923, #9042, #3096, #3859 ) ) ;
#3188 = ORIENTED_EDGE ( 'NONE', *, *, #4762, .F. ) ;
#3189 = CARTESIAN_POINT ( 'NONE',  ( 15.00000000000000000, -120.1554226140695221, 31.84896853206122103 ) ) ;
#3190 = DIRECTION ( 'NONE',  ( 0.000000000000000000, 0.6427876096865184907, 0.7660444431189954440 ) ) ;
#3191 = CARTESIAN_POINT ( 'NONE',  ( 13.77363997484028602, -13.91832874181812407, -21.92345409917324162 ) ) ;
#3192 = AXIS2_PLACEMENT_3D ( 'NONE', #4481, #2248, #6679 ) ;
#3193 = CIRCLE ( 'NONE', #6761, 1.700000000000001510 ) ;
#3194 = CARTESIAN_POINT ( 'NONE',  ( 0.000000000000000000, -18.96246350426187632, -21.29634816116374907 ) ) ;
#3195 = CARTESIAN_POINT ( 'NONE',  ( 23.15735768332468325, -51.34143852256170248, -3.420973711360931979 ) ) ;
#3196 = CARTESIAN_POINT ( 'NONE',  ( 18.07741673601711341, 25.24785300264467125, -43.46482521863897119 ) ) ;
#3197 = VERTEX_POINT ( 'NONE', #2669 ) ;
#3198 = CARTESIAN_POINT ( 'NONE',  ( 15.00000000000000000, -120.9908876172331560, 32.01899700529308035 ) ) ;
#3199 = ORIENTED_EDGE ( 'NONE', *, *, #7677, .F. ) ;
#3200 = ORIENTED_EDGE ( 'NONE', *, *, #2565, .T. ) ;
#3201 = EDGE_CURVE ( 'NONE', #5120, #3259, #2505, .T. ) ;
#3202 =( GEOMETRIC_REPRESENTATION_CONTEXT ( 3 ) GLOBAL_UNCERTAINTY_ASSIGNED_CONTEXT ( ( #6833 ) ) GLOBAL_UNIT_ASSIGNED_CONTEXT ( ( #4958, #7250, #2144 ) ) REPRESENTATION_CONTEXT ( 'NONE', 'WORKASPACE' ) );
#3203 = CARTESIAN_POINT ( 'NONE',  ( 9.726166561361335283, -68.60434020528117571, -0.6229296448335364111 ) ) ;
#3204 = DIRECTION ( 'NONE',  ( -1.000000000000000000, -0.000000000000000000, -0.000000000000000000 ) ) ;
#3205 = CARTESIAN_POINT ( 'NONE',  ( 12.19668441847898777, 15.75236842675206006, -23.09804682887753913 ) ) ;
#3206 = CONICAL_SURFACE ( 'NONE', #8788, 1.000000000000000888, 0.7853981633974479459 ) ;
#3207 = SURFACE_STYLE_USAGE ( .BOTH. , #1842 ) ;
#3208 = CARTESIAN_POINT ( 'NONE',  ( 11.93121423963052763, 16.87808613834609872, -45.18526258736621770 ) ) ;
#3209 = CARTESIAN_POINT ( 'NONE',  ( 14.99999999999926281, -92.97311786027940173, 41.70260325516036204 ) ) ;
#3210 = VERTEX_POINT ( 'NONE', #6603 ) ;
#3211 = PRODUCT_DEFINITION_SHAPE ( 'NONE', 'NONE',  #2500 ) ;
#3212 = VECTOR ( 'NONE', #5023, 1000.000000000000114 ) ;
#3213 = ORIENTED_EDGE ( 'NONE', *, *, #2121, .T. ) ;
#3214 = CARTESIAN_POINT ( 'NONE',  ( 12.96710253951966862, 15.45608048858731642, -22.73001493960334685 ) ) ;
#3215 = CARTESIAN_POINT ( 'NONE',  ( 2.857878105481988840, -102.8634572958915641, 11.82157481506119190 ) ) ;
#3216 = VECTOR ( 'NONE', #7829, 1000.000000000000114 ) ;
#3217 = CARTESIAN_POINT ( 'NONE',  ( 21.56663957331940651, -16.85692231816131681, -22.11012916387558391 ) ) ;
#3218 = CARTESIAN_POINT ( 'NONE',  ( 12.67335791100572351, -61.71939882608335637, -5.159668205671061436 ) ) ;
#3219 = CARTESIAN_POINT ( 'NONE',  ( 13.89999999999999858, -68.38198297356090904, 8.002265973292026047 ) ) ;
#3220 = EDGE_CURVE ( 'NONE', #4042, #8634, #8006, .T. ) ;
#3221 = DIRECTION ( 'NONE',  ( 1.000000000000000000, 0.000000000000000000, -0.000000000000000000 ) ) ;
#3222 = ORIENTED_EDGE ( 'NONE', *, *, #8607, .T. ) ;
#3223 = ORIENTED_EDGE ( 'NONE', *, *, #786, .F. ) ;
#3224 = EDGE_CURVE ( 'NONE', #7955, #460, #7186, .T. ) ;
#3225 = ORIENTED_EDGE ( 'NONE', *, *, #815, .T. ) ;
#3226 = CARTESIAN_POINT ( 'NONE',  ( 12.26618083184808938, -14.62131778315846198, -22.68058155922869545 ) ) ;
#3227 = DIRECTION ( 'NONE',  ( 0.000000000000000000, -0.9848077530122093526, 0.1736481776669230870 ) ) ;
#3228 = CARTESIAN_POINT ( 'NONE',  ( 0.000000000000000000, -50.75421148065240828, -11.74973828434730194 ) ) ;
#3229 = CARTESIAN_POINT ( 'NONE',  ( 15.94813931353871261, -50.77253353527386537, 19.59541068890248994 ) ) ;
#3230 = CYLINDRICAL_SURFACE ( 'NONE', #1294, 6.149999999999993250 ) ;
#3231 = CARTESIAN_POINT ( 'NONE',  ( 12.04281077182954540, -14.79937177836795925, -43.77768192955824844 ) ) ;
#3232 = CARTESIAN_POINT ( 'NONE',  ( 21.45223524822634431, -52.57631060116378308, 14.54747253692996622 ) ) ;
#3233 = VERTEX_POINT ( 'NONE', #9549 ) ;
#3234 = CARTESIAN_POINT ( 'NONE',  ( 12.66850847085161469, 15.77161395921759457, -44.23529557155460878 ) ) ;
#3235 = VERTEX_POINT ( 'NONE', #1362 ) ;
#3236 = CARTESIAN_POINT ( 'NONE',  ( 15.00000000000000000, -126.1787083748112934, 33.31342333416193213 ) ) ;
#3237 = ORIENTED_EDGE ( 'NONE', *, *, #2378, .T. ) ;
#3238 = CARTESIAN_POINT ( 'NONE',  ( 15.25526276085198774, 13.95127802152939367, -21.29634816116374907 ) ) ;
#3239 = CARTESIAN_POINT ( 'NONE',  ( 14.99999999999999822, -114.4566850286888382, 34.23923770522089427 ) ) ;
#3240 = CARTESIAN_POINT ( 'NONE',  ( 15.39285803816467535, -12.82230178087270822, -21.32798935625200087 ) ) ;
#3241 = CARTESIAN_POINT ( 'NONE',  ( 14.09759331670249871, -53.00436596891640306, -12.47244906181762936 ) ) ;
#3242 = CARTESIAN_POINT ( 'NONE',  ( 15.00000000000000000, -97.40593781834532194, 32.07935632944174387 ) ) ;
#3243 = CARTESIAN_POINT ( 'NONE',  ( 16.13874028686437967, -76.86084720022029160, 19.10041060456903139 ) ) ;
#3244 =( BOUNDED_CURVE ( )  B_SPLINE_CURVE ( 2, ( #8852, #3899, #797 ),
 .UNSPECIFIED., .F., .F. ) 
 B_SPLINE_CURVE_WITH_KNOTS ( ( 3, 3 ),
 ( 0.000000000000000000, 1.000000000000000000 ),
 .UNSPECIFIED. ) 
 CURVE ( )  GEOMETRIC_REPRESENTATION_ITEM ( )  RATIONAL_B_SPLINE_CURVE ( ( 1.000000000000000000, 0.6922877810844867419, 1.000000000000000000 ) ) 
 REPRESENTATION_ITEM ( '' )  );
#3245 = EDGE_LOOP ( 'NONE', ( #2164, #5691, #8618, #6993, #9519, #1354, #1275, #5806, #6136, #5473, #2748, #2302, #2431, #1620, #4107, #4726, #2166, #620, #3894 ) ) ;
#3246 = CYLINDRICAL_SURFACE ( 'NONE', #8215, 2.999999999999999112 ) ;
#3247 = ORIENTED_EDGE ( 'NONE', *, *, #1042, .T. ) ;
#3248 = DIRECTION ( 'NONE',  ( -1.000000000000000000, -0.000000000000000000, -0.000000000000000000 ) ) ;
#3249 = EDGE_LOOP ( 'NONE', ( #2713, #8042 ) ) ;
#3250 = CARTESIAN_POINT ( 'NONE',  ( 8.045418853076629517, -72.99913655483214825, 1.182445277033288278 ) ) ;
#3251 = CARTESIAN_POINT ( 'NONE',  ( 15.13394375893297017, -13.01446942103549098, -21.37402024169083603 ) ) ;
#3252 = CARTESIAN_POINT ( 'NONE',  ( 8.021228592636575172, -75.75494981040068865, 33.26027786970448119 ) ) ;
#3253 = DIRECTION ( 'NONE',  ( -1.000000000000000000, -0.000000000000000000, -0.000000000000000000 ) ) ;
#3254 = CARTESIAN_POINT ( 'NONE',  ( 12.13496216969948982, 15.80163813950368912, -43.59964407249727003 ) ) ;
#3255 = EDGE_CURVE ( 'NONE', #2131, #3404, #5971, .T. ) ;
#3256 = CARTESIAN_POINT ( 'NONE',  ( 10.89758854288269774, -15.63319521157902692, -44.29634816116370644 ) ) ;
#3257 = CONICAL_SURFACE ( 'NONE', #7605, 19.50000000000007816, 0.7853981633974361776 ) ;
#3258 = VERTEX_POINT ( 'NONE', #5719 ) ;
#3259 = VERTEX_POINT ( 'NONE', #4896 ) ;
#3260 = EDGE_CURVE ( 'NONE', #261, #6642, #5648, .T. ) ;
#3261 = CARTESIAN_POINT ( 'NONE',  ( 12.31541871342054861, 15.65643076142906054, -22.50441391724000084 ) ) ;
#3262 = CARTESIAN_POINT ( 'NONE',  ( 2.601285758701440187, -105.6499421563023304, 13.24696569227865872 ) ) ;
#3263 = DIRECTION ( 'NONE',  ( 0.1251691050984282405, 0.000000000000000000, 0.9921354217690540045 ) ) ;
#3264 = EDGE_CURVE ( 'NONE', #1870, #468, #6796, .T. ) ;
#3265 = DIRECTION ( 'NONE',  ( 1.000000000000000000, -9.292156304918773440E-17, -2.552998962580719166E-16 ) ) ;
#3266 = LINE ( 'NONE', #3890, #5782 ) ;
#3267 = CIRCLE ( 'NONE', #324, 14.00000000000000000 ) ;
#3268 = VECTOR ( 'NONE', #5759, 1000.000000000000000 ) ;
#3269 = LINE ( 'NONE', #3412, #5210 ) ;
#3270 = ORIENTED_EDGE ( 'NONE', *, *, #6666, .F. ) ;
#3271 = VERTEX_POINT ( 'NONE', #8822 ) ;
#3272 = ORIENTED_EDGE ( 'NONE', *, *, #6496, .T. ) ;
#3273 = CARTESIAN_POINT ( 'NONE',  ( 13.04634899518697999, -13.95531615292233418, -21.29634816116374907 ) ) ;
#3274 = EDGE_CURVE ( 'NONE', #6556, #1221, #1591, .T. ) ;
#3275 = DIRECTION ( 'NONE',  ( -1.000000000000000000, 0.000000000000000000, 0.000000000000000000 ) ) ;
#3276 = VECTOR ( 'NONE', #6731, 1000.000000000000000 ) ;
#3277 = CYLINDRICAL_SURFACE ( 'NONE', #9085, 5.000000000000001776 ) ;
#3278 = CARTESIAN_POINT ( 'NONE',  ( -4.400000000000000355, -122.9523421383642585, 24.82271701201960923 ) ) ;
#3279 = CARTESIAN_POINT ( 'NONE',  ( 0.000000000000000000, -42.11065726885905747, 1.738856025306405817 ) ) ;
#3280 = EDGE_CURVE ( 'NONE', #6596, #7955, #4123, .T. ) ;
#3281 = FACE_OUTER_BOUND ( 'NONE', #761, .T. ) ;
#3282 = CARTESIAN_POINT ( 'NONE',  ( 11.38196182287992642, -15.29605530538644231, -44.23183324184163467 ) ) ;
#3283 = CARTESIAN_POINT ( 'NONE',  ( 15.80212192008403171, -12.50210505801305239, -21.29634816116375262 ) ) ;
#3284 = B_SPLINE_CURVE_WITH_KNOTS ( 'NONE', 3,
 ( #9314, #1357, #9405, #2763 ),
 .UNSPECIFIED., .F., .F.,
 ( 4, 4 ),
 ( 0.000000000000000000, 1.000000000000000000 ),
 .UNSPECIFIED. ) ;
#3285 = EDGE_LOOP ( 'NONE', ( #3680, #2072, #3086, #6110 ) ) ;
#3286 = CARTESIAN_POINT ( 'NONE',  ( 12.24655188749366097, 16.41753525825255622, -44.95437988816924957 ) ) ;
#3287 = ORIENTED_EDGE ( 'NONE', *, *, #8717, .F. ) ;
#3288 = FACE_OUTER_BOUND ( 'NONE', #4091, .T. ) ;
#3289 = VERTEX_POINT ( 'NONE', #6693 ) ;
#3290 = CARTESIAN_POINT ( 'NONE',  ( 13.74828404042150609, 14.71788694762005356, -21.29634816116374907 ) ) ;
#3291 = LINE ( 'NONE', #8374, #5163 ) ;
#3292 = CARTESIAN_POINT ( 'NONE',  ( 12.20038454931435901, -14.67433901703587651, -23.04485031415798701 ) ) ;
#3293 = CARTESIAN_POINT ( 'NONE',  ( 14.40763592226072198, -45.32301162229980918, -17.71882331654046183 ) ) ;
#3294 = CARTESIAN_POINT ( 'NONE',  ( 23.03592410938320612, -49.96666277379465981, -4.625910024308901747 ) ) ;
#3295 = CARTESIAN_POINT ( 'NONE',  ( 16.51235077868350487, 26.20370290533936597, -43.38659215485197507 ) ) ;
#3296 = ADVANCED_FACE ( 'NONE', ( #4453 ), #4544, .T. ) ;
#3297 = ORIENTED_EDGE ( 'NONE', *, *, #9178, .T. ) ;
#3298 = FACE_OUTER_BOUND ( 'NONE', #3810, .T. ) ;
#3299 = ORIENTED_EDGE ( 'NONE', *, *, #1416, .T. ) ;
#3300 = DIRECTION ( 'NONE',  ( 0.000000000000000000, -0.9396926207859082059, 0.3420201433256691570 ) ) ;
#3301 = CARTESIAN_POINT ( 'NONE',  ( 12.07476575234062999, -15.59553916519850603, -45.09877742314289151 ) ) ;
#3302 = CARTESIAN_POINT ( 'NONE',  ( 14.64821885813352864, -13.35683129262582014, -21.50743202927629838 ) ) ;
#3303 = CARTESIAN_POINT ( 'NONE',  ( 13.04634899518697999, 15.03038914439874141, -21.29634816116374907 ) ) ;
#3304 = CIRCLE ( 'NONE', #4230, 19.99999999999999645 ) ;
#3305 = CARTESIAN_POINT ( 'NONE',  ( 0.000000000000000000, -31.33745038076713740, -11.55973543455278296 ) ) ;
#3306 = LINE ( 'NONE', #9225, #9517 ) ;
#3307 = ORIENTED_EDGE ( 'NONE', *, *, #7461, .F. ) ;
#3308 = FACE_OUTER_BOUND ( 'NONE', #4620, .T. ) ;
#3309 = VECTOR ( 'NONE', #7160, 1000.000000000000000 ) ;
#3310 = ORIENTED_EDGE ( 'NONE', *, *, #3868, .T. ) ;
#3311 = CARTESIAN_POINT ( 'NONE',  ( 4.990931281906481942, -90.10844352106579436, 40.33111142800503757 ) ) ;
#3312 = DIRECTION ( 'NONE',  ( 0.000000000000000000, -0.9143751889140099287, 0.4048678968484271112 ) ) ;
#3313 = CARTESIAN_POINT ( 'NONE',  ( 2.671450838384308302, -104.8752096341034417, 12.86860892568325099 ) ) ;
#3314 = AXIS2_PLACEMENT_3D ( 'NONE', #1876, #8474, #8522 ) ;
#3315 = CARTESIAN_POINT ( 'NONE',  ( 19.35347489591884340, -14.26012914504228490, -22.41004507224217335 ) ) ;
#3316 = LINE ( 'NONE', #7880, #9149 ) ;
#3317 = DIRECTION ( 'NONE',  ( 0.000000000000000000, 0.000000000000000000, 1.000000000000000000 ) ) ;
#3318 = CONICAL_SURFACE ( 'NONE', #8739, 1.000000000000004441, 0.7853981633974460586 ) ;
#3319 = EDGE_CURVE ( 'NONE', #1287, #5422, #4497, .T. ) ;
#3320 = CARTESIAN_POINT ( 'NONE',  ( 3.000000000000000000, -22.82182225824879751, -14.25357600088131171 ) ) ;
#3321 = EDGE_CURVE ( 'NONE', #3667, #9506, #1498, .T. ) ;
#3322 = ORIENTED_EDGE ( 'NONE', *, *, #5703, .T. ) ;
#3323 = EDGE_LOOP ( 'NONE', ( #7482, #4767, #3188, #1693, #9274 ) ) ;
#3324 = EDGE_LOOP ( 'NONE', ( #4801, #1307, #1545, #1800, #4716, #7307, #7235, #4068, #3036, #5336 ) ) ;
#3325 = CARTESIAN_POINT ( 'NONE',  ( 12.81174581513408484, -14.16318324947459040, -21.57067736162190386 ) ) ;
#3326 = FACE_OUTER_BOUND ( 'NONE', #895, .T. ) ;
#3327 = EDGE_CURVE ( 'NONE', #1536, #80, #89, .T. ) ;
#3328 = CARTESIAN_POINT ( 'NONE',  ( 1.216910834761668836, -34.79035745330273954, -22.68376206624628466 ) ) ;
#3329 = CARTESIAN_POINT ( 'NONE',  ( 15.82064678495224541, -51.15057041472908850, 19.91262129502477762 ) ) ;
#3330 = CARTESIAN_POINT ( 'NONE',  ( 16.35000000000000142, 0.5375364957381989495, -5.781171213874287673 ) ) ;
#3331 = CARTESIAN_POINT ( 'NONE',  ( 0.000000000000000000, -31.33745038076713740, -11.55973543455278296 ) ) ;
#3332 = CARTESIAN_POINT ( 'NONE',  ( 12.06066420737095335, -14.78533630965254275, -43.74981449756509022 ) ) ;
#3333 = CARTESIAN_POINT ( 'NONE',  ( 20.96510633000315948, -54.44167466363524710, 15.83223748406897435 ) ) ;
#3334 = AXIS2_PLACEMENT_3D ( 'NONE', #2959, #5189, #8792 ) ;
#3335 = ORIENTED_EDGE ( 'NONE', *, *, #1019, .F. ) ;
#3336 = CARTESIAN_POINT ( 'NONE',  ( 11.89952565678903973, 16.92324087679465094, -45.19968190197013058 ) ) ;
#3337 = ORIENTED_EDGE ( 'NONE', *, *, #5580, .T. ) ;
#3338 = CARTESIAN_POINT ( 'NONE',  ( 5.999999999999998224, -48.42838073599382653, -8.489342606638979660 ) ) ;
#3339 = CARTESIAN_POINT ( 'NONE',  ( 15.40333601911175521, 13.88905612817371882, -21.32747773885471787 ) ) ;
#3340 = DIRECTION ( 'NONE',  ( -1.000000000000000000, -0.000000000000000000, 0.000000000000000000 ) ) ;
#3341 = LINE ( 'NONE', #9302, #7339 ) ;
#3342 = CARTESIAN_POINT ( 'NONE',  ( 15.71560483924822016, -12.57280986608251538, -21.29542622166020394 ) ) ;
#3343 = CARTESIAN_POINT ( 'NONE',  ( 21.34776839961291373, -41.95949854221150588, -19.41871946595067300 ) ) ;
#3344 = CARTESIAN_POINT ( 'NONE',  ( 22.39021246576853486, -57.92916929268022130, -8.340048409226813675 ) ) ;
#3345 = CARTESIAN_POINT ( 'NONE',  ( 16.72216163459075844, 26.11499124597634136, -43.39708124743091844 ) ) ;
#3346 = EDGE_CURVE ( 'NONE', #8826, #7569, #999, .T. ) ;
#3347 = EDGE_LOOP ( 'NONE', ( #4607, #6568, #3956, #4485 ) ) ;
#3348 = CARTESIAN_POINT ( 'NONE',  ( 16.28062958404298399, -70.30391459216485828, 30.72164304608996943 ) ) ;
#3349 = VERTEX_POINT ( 'NONE', #4013 ) ;
#3350 = CARTESIAN_POINT ( 'NONE',  ( 19.11022424730112945, -17.09070428359136429, -41.53933994421388576 ) ) ;
#3351 = CARTESIAN_POINT ( 'NONE',  ( 6.403566454552834131, -78.36968140944688344, 2.536880805561237739 ) ) ;
#3352 = EDGE_CURVE ( 'NONE', #5074, #8944, #9262, .T. ) ;
#3353 = CARTESIAN_POINT ( 'NONE',  ( 15.01998938119309024, -13.09699598836224688, -21.39943938155321845 ) ) ;
#3354 = CARTESIAN_POINT ( 'NONE',  ( 19.65137614678898359, -86.78479415594772206, -41.12892836336479974 ) ) ;
#3355 = CARTESIAN_POINT ( 'NONE',  ( 0.000000000000000000, -120.6584269231651660, 24.92287151326737771 ) ) ;
#3356 = CARTESIAN_POINT ( 'NONE',  ( 12.40000000000000036, -44.95136885212121314, 7.922755645719122164 ) ) ;
#3357 = VECTOR ( 'NONE', #6621, 1000.000000000000000 ) ;
#3358 = ORIENTED_EDGE ( 'NONE', *, *, #1024, .T. ) ;
#3359 = DIRECTION ( 'NONE',  ( 0.000000000000000000, -0.6427876096865345890, -0.7660444431189818992 ) ) ;
#3360 = VERTEX_POINT ( 'NONE', #237 ) ;
#3361 = CARTESIAN_POINT ( 'NONE',  ( 17.26948939174392450, -53.99783854134079775, -10.88606379449924511 ) ) ;
#3362 =( BOUNDED_CURVE ( )  B_SPLINE_CURVE ( 3, ( #4653, #8198, #7480, #7578 ),
 .UNSPECIFIED., .F., .T. ) 
 B_SPLINE_CURVE_WITH_KNOTS ( ( 4, 4 ),
 ( 3.035007983972521473, 4.712388980384689674 ),
 .UNSPECIFIED. ) 
 CURVE ( )  GEOMETRIC_REPRESENTATION_ITEM ( )  RATIONAL_B_SPLINE_CURVE ( ( 1.000000000000000000, 0.7789582431887944747, 0.7789582431887944747, 1.000000000000000000 ) ) 
 REPRESENTATION_ITEM ( '' )  );
#3363 = PLANE ( 'NONE',  #157 ) ;
#3364 = CARTESIAN_POINT ( 'NONE',  ( 2.650713072435258333, -105.1030549941595353, 12.98162549335935090 ) ) ;
#3365 = LINE ( 'NONE', #5541, #7394 ) ;
#3366 = DIRECTION ( 'NONE',  ( 1.000000000000000000, 0.000000000000000000, 0.000000000000000000 ) ) ;
#3367 = DIRECTION ( 'NONE',  ( -0.02224014068614567005, -0.9997526574819696199, -1.334072619310902117E-16 ) ) ;
#3368 = VECTOR ( 'NONE', #669, 1000.000000000000000 ) ;
#3369 = DIRECTION ( 'NONE',  ( 0.000000000000000000, 2.312964634635742661E-15, -1.000000000000000000 ) ) ;
#3370 = VERTEX_POINT ( 'NONE', #8526 ) ;
#3371 = ORIENTED_EDGE ( 'NONE', *, *, #4974, .F. ) ;
#3372 = ORIENTED_EDGE ( 'NONE', *, *, #8717, .T. ) ;
#3373 = CARTESIAN_POINT ( 'NONE',  ( 10.48447168601375878, -67.51255360434782915, 29.70567073343264752 ) ) ;
#3374 = CARTESIAN_POINT ( 'NONE',  ( 0.1672625838056676362, -36.18423030047152622, -21.88150675410481583 ) ) ;
#3375 = DIRECTION ( 'NONE',  ( -2.632357323181799667E-17, 0.9848077530122093526, -0.1736481776669232258 ) ) ;
#3376 = PLANE ( 'NONE',  #4374 ) ;
#3377 = CARTESIAN_POINT ( 'NONE',  ( 15.10277828007851575, -85.14725092629140590, 28.52985421969211899 ) ) ;
#3378 = CARTESIAN_POINT ( 'NONE',  ( 22.19127005220573778, -39.50270439853687776, -13.16602057215930444 ) ) ;
#3379 = EDGE_CURVE ( 'NONE', #5074, #7571, #5420, .T. ) ;
#3380 = CARTESIAN_POINT ( 'NONE',  ( 16.58246250791178156, -68.47573229189882227, 30.05623910598079718 ) ) ;
#3381 = EDGE_LOOP ( 'NONE', ( #6816, #4076, #1421, #7248, #6014, #2336, #1012, #4457, #2337, #4379, #8352, #4956, #4439, #4798, #348, #491, #5263, #3844, #993, #4333, #7640, #6163 ) ) ;
#3382 = CARTESIAN_POINT ( 'NONE',  ( 11.45643923738952097, 17.53753649573836881, -45.29634816116374196 ) ) ;
#3383 = CARTESIAN_POINT ( 'NONE',  ( 18.43903392695489885, -68.03665535153602661, 9.584462072530415711 ) ) ;
#3384 = ORIENTED_EDGE ( 'NONE', *, *, #1567, .T. ) ;
#3385 = CARTESIAN_POINT ( 'NONE',  ( 10.55000000000000071, -1.319726150268616616, -7.484538922892792101 ) ) ;
#3386 = CARTESIAN_POINT ( 'NONE',  ( 12.67335791100572351, -61.71939882608335637, -5.159668205671061436 ) ) ;
#3387 = CARTESIAN_POINT ( 'NONE',  ( 14.86384603040853314, -13.21606020790615155, -21.45149033319609444 ) ) ;
#3388 = LINE ( 'NONE', #1878, #4997 ) ;
#3389 = CARTESIAN_POINT ( 'NONE',  ( 15.00000000000000000, -94.34771466488518854, 20.65720517637857867 ) ) ;
#3390 = CARTESIAN_POINT ( 'NONE',  ( 17.34607312428902759, 15.53753649573837059, -43.29634816116374196 ) ) ;
#3391 = ORIENTED_EDGE ( 'NONE', *, *, #1126, .F. ) ;
#3392 = LINE ( 'NONE', #6361, #7769 ) ;
#3393 = EDGE_LOOP ( 'NONE', ( #2029, #726, #8118, #427 ) ) ;
#3394 = CARTESIAN_POINT ( 'NONE',  ( 0.000000000000000000, -78.95921289866504367, 14.80653258212103474 ) ) ;
#3395 = CARTESIAN_POINT ( 'NONE',  ( 12.09511795745796547, -15.56582542390226820, -45.08410764043058094 ) ) ;
#3396 = EDGE_CURVE ( 'NONE', #1104, #7361, #8858, .T. ) ;
#3397 = DIRECTION ( 'NONE',  ( 0.000000000000000000, 1.000000000000000000, 0.000000000000000000 ) ) ;
#3398 = CARTESIAN_POINT ( 'NONE',  ( 12.18351334678224873, -14.68783784563660788, -43.40945392336966790 ) ) ;
#3399 = EDGE_CURVE ( 'NONE', #2840, #7469, #8630, .T. ) ;
#3400 = DIRECTION ( 'NONE',  ( -0.000000000000000000, 0.6427876096865348110, 0.7660444431189817882 ) ) ;
#3401 = EDGE_CURVE ( 'NONE', #2025, #2527, #6447, .T. ) ;
#3402 = ORIENTED_EDGE ( 'NONE', *, *, #2069, .F. ) ;
#3403 = PLANE ( 'NONE',  #5279 ) ;
#3404 = VERTEX_POINT ( 'NONE', #8719 ) ;
#3405 = CARTESIAN_POINT ( 'NONE',  ( 5.757144542269641896, -86.05537745712125286, 38.33448565057121726 ) ) ;
#3406 = CARTESIAN_POINT ( 'NONE',  ( 20.23105298398812835, -56.84697157599850925, 17.72661140917831091 ) ) ;
#3407 = FACE_OUTER_BOUND ( 'NONE', #4690, .T. ) ;
#3408 = CARTESIAN_POINT ( 'NONE',  ( 5.999999999999998224, -49.46863626127934310, -10.21764939810934791 ) ) ;
#3409 = CARTESIAN_POINT ( 'NONE',  ( 4.000000000000000000, 0.000000000000000000, 0.000000000000000000 ) ) ;
#3410 = CARTESIAN_POINT ( 'NONE',  ( 23.28325370891903745, -120.6584269231651660, 24.92287151326737771 ) ) ;
#3411 = EDGE_CURVE ( 'NONE', #5216, #537, #1352, .T. ) ;
#3412 = CARTESIAN_POINT ( 'NONE',  ( 12.81600561797618631, -14.46246350426196869, -45.29634816116374907 ) ) ;
#3413 =( BOUNDED_SURFACE ( )  B_SPLINE_SURFACE ( 2, 3, ( 
 ( #6397, #3519, #2795, #1213 ),
 ( #9349, #5660, #610, #9396 ),
 ( #2753, #5706, #4158, #8574 ) ),
 .UNSPECIFIED., .F., .F., .F. ) 
 B_SPLINE_SURFACE_WITH_KNOTS ( ( 3, 3 ),
 ( 4, 4 ),
 ( 0.000000000000000000, 1.000000000000000000 ),
 ( 0.4308715094693860159, 0.4427366434403791629 ),
 .UNSPECIFIED. ) 
 GEOMETRIC_REPRESENTATION_ITEM ( )  RATIONAL_B_SPLINE_SURFACE ( (
 ( 1.000000000000000000, 1.000000000000000000, 1.000000000000000000, 1.000000000000000000),
 ( 0.7071067811865477948, 0.7072224849945694114, 0.7073497542356620427, 0.7074824807718570474),
 ( 1.000000000000000000, 1.000000000000000000, 1.000000000000000000, 1.000000000000000000) ) ) 
 REPRESENTATION_ITEM ( '' )  SURFACE ( )  );
#3414 = ORIENTED_EDGE ( 'NONE', *, *, #5865, .F. ) ;
#3415 = VERTEX_POINT ( 'NONE', #6400 ) ;
#3416 = CARTESIAN_POINT ( 'NONE',  ( 12.62353803214604575, -60.45801182539626240, 26.49899650651733651 ) ) ;
#3417 = DIRECTION ( 'NONE',  ( -1.000000000000000000, -0.000000000000000000, 0.000000000000000000 ) ) ;
#3418 = CARTESIAN_POINT ( 'NONE',  ( 14.24999999999999822, 30.98458179031144866, -11.14980678216003618 ) ) ;
#3419 = CARTESIAN_POINT ( 'NONE',  ( 3.155756014802012732, -99.96460401978842469, 10.13146654923649059 ) ) ;
#3420 = CARTESIAN_POINT ( 'NONE',  ( 14.72741754261868685, -41.34609572471003247, -19.69266029960153475 ) ) ;
#3421 = CARTESIAN_POINT ( 'NONE',  ( 22.11052385986109670, -38.04712495081345480, -14.06270191236710154 ) ) ;
#3422 = CARTESIAN_POINT ( 'NONE',  ( 0.000000000000000000, -29.51440953603716366, -9.316413829083826315 ) ) ;
#3423 = ORIENTED_EDGE ( 'NONE', *, *, #5459, .T. ) ;
#3424 = CARTESIAN_POINT ( 'NONE',  ( 19.60508974297264118, -25.69414774117625200, -36.09983853124411723 ) ) ;
#3425 = ORIENTED_EDGE ( 'NONE', *, *, #75, .F. ) ;
#3426 = DIRECTION ( 'NONE',  ( -0.000000000000000000, 1.000000000000000000, 1.334402673828313339E-16 ) ) ;
#3427 = CARTESIAN_POINT ( 'NONE',  ( 13.01409092467357098, 15.43042251125175746, -22.64947785675013847 ) ) ;
#3428 = CARTESIAN_POINT ( 'NONE',  ( 13.76132083546643869, 14.71195895994528513, -21.29634816116375617 ) ) ;
#3429 = CARTESIAN_POINT ( 'NONE',  ( 12.40000000000000036, -43.11520150610495961, 9.906627984094292572 ) ) ;
#3430 = CARTESIAN_POINT ( 'NONE',  ( 12.81601314994191121, -14.46245756396695015, -23.21165421821664410 ) ) ;
#3431 = EDGE_CURVE ( 'NONE', #6290, #9069, #5614, .T. ) ;
#3432 = CARTESIAN_POINT ( 'NONE',  ( 22.81366031155521767, -47.59036696534682420, -6.806658026197471401 ) ) ;
#3433 = DIRECTION ( 'NONE',  ( -1.000000000000000000, 0.000000000000000000, 0.000000000000000000 ) ) ;
#3434 = EDGE_CURVE ( 'NONE', #7754, #4824, #1102, .T. ) ;
#3435 = VERTEX_POINT ( 'NONE', #2709 ) ;
#3436 = CARTESIAN_POINT ( 'NONE',  ( 6.000000000000000000, -79.47824045473380750, 16.95666528314903232 ) ) ;
#3437 = EDGE_CURVE ( 'NONE', #4754, #4743, #6495, .T. ) ;
#3438 = ORIENTED_EDGE ( 'NONE', *, *, #7174, .F. ) ;
#3439 = LINE ( 'NONE', #7819, #3613 ) ;
#3440 = EDGE_LOOP ( 'NONE', ( #8054, #992, #5347, #4587 ) ) ;
#3441 = CARTESIAN_POINT ( 'NONE',  ( 11.59129268479046537, -16.27915549082512214, -45.28809052953812397 ) ) ;
#3442 = DIRECTION ( 'NONE',  ( -0.000000000000000000, 0.000000000000000000, -1.000000000000000000 ) ) ;
#3443 = CARTESIAN_POINT ( 'NONE',  ( 12.81502797583138786, -14.46402996830338772, -43.38750544663384545 ) ) ;
#3444 = CARTESIAN_POINT ( 'NONE',  ( 17.22867232923746172, -24.08118395935367317, -43.46910388555195937 ) ) ;
#3445 = FACE_OUTER_BOUND ( 'NONE', #7410, .T. ) ;
#3446 = ADVANCED_FACE ( 'NONE', ( #7267 ), #6540, .F. ) ;
#3447 = VERTEX_POINT ( 'NONE', #3569 ) ;
#3448 = DIRECTION ( 'NONE',  ( 4.785347698807420043E-17, 1.000000000000000000, 0.000000000000000000 ) ) ;
#3449 = ORIENTED_EDGE ( 'NONE', *, *, #4554, .T. ) ;
#3450 = EDGE_CURVE ( 'NONE', #1870, #287, #9363, .T. ) ;
#3451 = CARTESIAN_POINT ( 'NONE',  ( 5.785511251114830777, -85.89756278093668129, 38.25674281451666303 ) ) ;
#3452 = CARTESIAN_POINT ( 'NONE',  ( 12.19083461222128761, 15.75704869086030513, -43.29634816116374196 ) ) ;
#3453 = CYLINDRICAL_SURFACE ( 'NONE', #6120, 2.350000000000004974 ) ;
#3454 = CARTESIAN_POINT ( 'NONE',  ( 20.34495672306512759, 13.53753649573836704, -21.29634816116374907 ) ) ;
#3455 = FACE_OUTER_BOUND ( 'NONE', #7560, .T. ) ;
#3456 = CARTESIAN_POINT ( 'NONE',  ( 15.72739039502742209, -77.24642305143443366, 26.04948562518106669 ) ) ;
#3457 = VECTOR ( 'NONE', #7772, 1000.000000000000000 ) ;
#3458 = DIRECTION ( 'NONE',  ( 0.000000000000000000, 0.000000000000000000, 1.000000000000000000 ) ) ;
#3459 = ADVANCED_FACE ( 'NONE', ( #2758 ), #2849, .T. ) ;
#3460 = ORIENTED_EDGE ( 'NONE', *, *, #535, .T. ) ;
#3461 = ORIENTED_EDGE ( 'NONE', *, *, #3979, .F. ) ;
#3462 = CARTESIAN_POINT ( 'NONE',  ( 0.000000000000000000, -121.1330780353518861, 32.03547454657584836 ) ) ;
#3463 = CARTESIAN_POINT ( 'NONE',  ( -3.184081677783118191E-15, 0.5375364957382012809, -44.29634816116374907 ) ) ;
#3464 = ADVANCED_FACE ( 'NONE', ( #4979 ), #478, .T. ) ;
#3465 = CARTESIAN_POINT ( 'NONE',  ( 0.9999999999999991118, -136.9394358138791858, 22.44088499817747362 ) ) ;
#3466 = CARTESIAN_POINT ( 'NONE',  ( 14.13108178999170050, -53.98126736470049991, -11.65273146091863765 ) ) ;
#3467 = CARTESIAN_POINT ( 'NONE',  ( 14.79330171333920951, -40.62272748679814782, -20.00628083897698062 ) ) ;
#3468 = VECTOR ( 'NONE', #8182, 999.9999999999998863 ) ;
#3469 = CARTESIAN_POINT ( 'NONE',  ( 13.78091354566664251, -13.62796514182024765, -21.29634816116374907 ) ) ;
#3470 = AXIS2_PLACEMENT_3D ( 'NONE', #8047, #1402, #6454 ) ;
#3471 = CARTESIAN_POINT ( 'NONE',  ( 15.30172036835232419, -33.69118470918905928, -23.42305401874595816 ) ) ;
#3472 = CARTESIAN_POINT ( 'NONE',  ( 15.11724466667444133, -36.75764474063643661, -21.59167978725307790 ) ) ;
#3473 = ORIENTED_EDGE ( 'NONE', *, *, #4739, .F. ) ;
#3474 = CARTESIAN_POINT ( 'NONE',  ( 11.60042140386943643, 16.21181350296503609, -44.15024391196504894 ) ) ;
#3475 = CARTESIAN_POINT ( 'NONE',  ( 14.01296198354000211, 14.84610682065963871, -21.78383447533989781 ) ) ;
#3476 = CARTESIAN_POINT ( 'NONE',  ( -4.000000000000000000, -31.50781046928428353, -8.964923461182939590 ) ) ;
#3477 = DIRECTION ( 'NONE',  ( -0.000000000000000000, 0.1736481776669232535, 0.9848077530122092416 ) ) ;
#3478 = CARTESIAN_POINT ( 'NONE',  ( 14.90529023282249099, -13.18705594847563134, -21.44002231029114824 ) ) ;
#3479 = CARTESIAN_POINT ( 'NONE',  ( 22.83101906800077430, -47.76978312703393215, -6.637430358678389375 ) ) ;
#3480 = CARTESIAN_POINT ( 'NONE',  ( 0.000000000000000000, -34.71447329368038481, 6.121098262759037567 ) ) ;
#3481 = AXIS2_PLACEMENT_3D ( 'NONE', #4530, #1363, #626 ) ;
#3482 = ORIENTED_EDGE ( 'NONE', *, *, #1624, .F. ) ;
#3483 = CARTESIAN_POINT ( 'NONE',  ( 14.25000000000000000, 2.874200784847782852, 53.36789795213029919 ) ) ;
#3484 = ORIENTED_EDGE ( 'NONE', *, *, #1535, .F. ) ;
#3485 = CARTESIAN_POINT ( 'NONE',  ( 20.05067938201493050, -57.39968838604192314, 18.16432562626291869 ) ) ;
#3486 = VERTEX_POINT ( 'NONE', #7904 ) ;
#3487 = DIRECTION ( 'NONE',  ( -1.000000000000000000, -0.000000000000000000, -0.000000000000000000 ) ) ;
#3488 = CARTESIAN_POINT ( 'NONE',  ( 22.63306085348309438, 13.48663614815320777, -19.00767794529165400 ) ) ;
#3489 = CARTESIAN_POINT ( 'NONE',  ( 12.46413147371494645, -15.01376549702427354, -44.67690659069497627 ) ) ;
#3490 = CARTESIAN_POINT ( 'NONE',  ( 17.18191427112207847, -24.12537145848066800, -43.46676925443100714 ) ) ;
#3491 = CARTESIAN_POINT ( 'NONE',  ( 15.00000000000000000, -85.69425140655457085, 39.10505939090129601 ) ) ;
#3492 = EDGE_CURVE ( 'NONE', #9492, #3235, #2114, .T. ) ;
#3493 = VERTEX_POINT ( 'NONE', #1259 ) ;
#3494 = CARTESIAN_POINT ( 'NONE',  ( 20.12801519187994970, -41.69379585390976217, 11.97744524891470164 ) ) ;
#3495 = ORIENTED_EDGE ( 'NONE', *, *, #4410, .T. ) ;
#3496 = CARTESIAN_POINT ( 'NONE',  ( 18.69421547532417449, -53.65312725858090204, -10.29067372501928723 ) ) ;
#3497 = CARTESIAN_POINT ( 'NONE',  ( 15.36438222586734703, -25.21417452707904161, -43.37591236678293427 ) ) ;
#3498 = PLANE ( 'NONE',  #2756 ) ;
#3499 = LINE ( 'NONE', #7148, #2692 ) ;
#3500 = CARTESIAN_POINT ( 'NONE',  ( 20.22910341372432441, 15.02611578148075111, -21.96000450755198941 ) ) ;
#3501 = DIRECTION ( 'NONE',  ( -0.6612218396123027420, 0.01470930497426036626, 0.7500462086877691670 ) ) ;
#3502 = CARTESIAN_POINT ( 'NONE',  ( 0.000000000000000000, -61.29104255090852860, 18.63093305446420089 ) ) ;
#3503 = DIRECTION ( 'NONE',  ( 1.000000000000000000, 0.000000000000000000, 0.000000000000000000 ) ) ;
#3504 = ORIENTED_EDGE ( 'NONE', *, *, #1336, .F. ) ;
#3505 = CARTESIAN_POINT ( 'NONE',  ( 0.000000000000000000, -135.9018001968095177, 42.62532089662601464 ) ) ;
#3506 = VECTOR ( 'NONE', #4916, 1000.000000000000000 ) ;
#3507 = CARTESIAN_POINT ( 'NONE',  ( 3.188798608406862911, -99.68960827893432963, 9.958714539438515700 ) ) ;
#3508 = CARTESIAN_POINT ( 'NONE',  ( 14.78748965411112160, -40.68938395962041454, -19.97793529100705356 ) ) ;
#3509 = EDGE_CURVE ( 'NONE', #1240, #8046, #8041, .T. ) ;
#3510 = AXIS2_PLACEMENT_3D ( 'NONE', #2048, #7931, #596 ) ;
#3511 = CARTESIAN_POINT ( 'NONE',  ( 12.19083461222129472, 15.75704869086030158, -23.29634816116374907 ) ) ;
#3512 = EDGE_CURVE ( 'NONE', #6229, #7716, #4206, .T. ) ;
#3513 = CARTESIAN_POINT ( 'NONE',  ( 15.24857014784470977, -34.72667136741993232, -22.72292139425724500 ) ) ;
#3514 = CARTESIAN_POINT ( 'NONE',  ( 14.80135620296659660, -25.81293085880843208, -35.52843982688649049 ) ) ;
#3515 = VERTEX_POINT ( 'NONE', #7173 ) ;
#3516 = DIRECTION ( 'NONE',  ( 0.000000000000000000, 0.000000000000000000, 1.000000000000000000 ) ) ;
#3517 = CARTESIAN_POINT ( 'NONE',  ( 12.95252244069654424, 15.46401143739619855, -22.75772473763736414 ) ) ;
#3518 = FACE_OUTER_BOUND ( 'NONE', #5594, .T. ) ;
#3519 = CARTESIAN_POINT ( 'NONE',  ( 15.00000000000000355, -94.04369232864578976, 20.43189066072880422 ) ) ;
#3520 = CARTESIAN_POINT ( 'NONE',  ( 12.96710253951960645, -14.38100749711093052, -22.73001493960334685 ) ) ;
#3521 = VECTOR ( 'NONE', #832, 1000.000000000000000 ) ;
#3522 = LINE ( 'NONE', #3568, #978 ) ;
#3523 = CARTESIAN_POINT ( 'NONE',  ( 0.000000000000000000, -116.6960409714578333, 68.15964444387797982 ) ) ;
#3524 = B_SPLINE_CURVE_WITH_KNOTS ( 'NONE', 3,
 ( #1130, #4080, #7056, #4902, #2628, #401, #161, #9041, #8309, #7876, #1232, #3361, #4179, #6330, #4851, #7828, #5724, #4220, #7192, #541, #8691, #3496, #7965, #4995, #6464, #9416, #2041, #2773, #4713, #5344, #8399, #5983, #6186, #5445, #990, #2335, #111, #2442, #2487, #6815, #5246, #1714, #5296 ),
 .UNSPECIFIED., .F., .F.,
 ( 4, 2, 2, 2, 1, 1, 1, 1, 1, 2, 2, 2, 2, 2, 2, 2, 1, 1, 1, 1, 2, 2, 2, 2, 2, 4 ),
 ( 0.000000000000000000, 0.1249999999999207856, 0.1874999999998805400, 0.2187499999998605005, 0.2343749999998508138, 0.2421874999998459566, 0.2460937499998437084, 0.2480468749998422651, 0.2490234374998414602, 0.2495117187498410716, 0.2499999999998406830, 0.3124999999998807620, 0.3749999999999208966, 0.4374999999999609757, 0.4687499999999812372, 0.4843749999999912292, 0.4921874999999962252, 0.4960937499999991118, 0.4980468750000005551, 0.4990234375000012768, 0.4995117187500014433, 0.5000000000000015543, 0.6250000000000011102, 0.7500000000000007772, 0.8750000000000003331, 1.000000000000000000 ),
 .UNSPECIFIED. ) ;
#3525 = ORIENTED_EDGE ( 'NONE', *, *, #7093, .F. ) ;
#3526 = DIRECTION ( 'NONE',  ( 0.000000000000000000, -0.6427876096865382527, -0.7660444431189789016 ) ) ;
#3527 = EDGE_LOOP ( 'NONE', ( #470, #176, #1193, #4186 ) ) ;
#3528 = CARTESIAN_POINT ( 'NONE',  ( 0.000000000000000000, -69.39972495225435978, 30.39254493103064902 ) ) ;
#3529 = ORIENTED_EDGE ( 'NONE', *, *, #5944, .F. ) ;
#3530 = CARTESIAN_POINT ( 'NONE',  ( 18.44999999999999218, 29.59942153318571911, -6.336145902737857938 ) ) ;
#3531 = DIRECTION ( 'NONE',  ( 1.000000000000000000, 0.000000000000000000, -0.000000000000000000 ) ) ;
#3532 = CARTESIAN_POINT ( 'NONE',  ( 11.60477767372327129, -16.26110152302466005, -45.28880494657298783 ) ) ;
#3533 = CARTESIAN_POINT ( 'NONE',  ( 23.41358697174259262, 28.66351622625776585, -15.23980918646074656 ) ) ;
#3534 = CARTESIAN_POINT ( 'NONE',  ( 14.99999999999920064, -108.0786334816344976, 46.25863204946822549 ) ) ;
#3535 = VERTEX_POINT ( 'NONE', #1532 ) ;
#3536 = CARTESIAN_POINT ( 'NONE',  ( -4.000000000000000000, -29.51440953603716366, -9.316413829083826315 ) ) ;
#3537 = ORIENTED_EDGE ( 'NONE', *, *, #3543, .T. ) ;
#3538 = ORIENTED_EDGE ( 'NONE', *, *, #8114, .T. ) ;
#3539 = DIRECTION ( 'NONE',  ( -0.000000000000000000, 0.7660444431189816772, -0.6427876096865349220 ) ) ;
#3540 = CARTESIAN_POINT ( 'NONE',  ( 21.62291703527457898, -29.65369314002763801, -19.40763776346146585 ) ) ;
#3541 = LINE ( 'NONE', #9513, #1935 ) ;
#3542 = CARTESIAN_POINT ( 'NONE',  ( 20.31927212538192506, 14.53354971705829612, -21.56080240712834240 ) ) ;
#3543 = EDGE_CURVE ( 'NONE', #6756, #7700, #8161, .T. ) ;
#3544 = PLANE ( 'NONE',  #5894 ) ;
#3545 = DIRECTION ( 'NONE',  ( 0.000000000000000000, 0.000000000000000000, -1.000000000000000000 ) ) ;
#3546 = LINE ( 'NONE', #8881, #6617 ) ;
#3547 = EDGE_CURVE ( 'NONE', #3360, #5426, #5943, .T. ) ;
#3548 = ORIENTED_EDGE ( 'NONE', *, *, #7202, .T. ) ;
#3549 = ADVANCED_FACE ( 'NONE', ( #123 ), #2349, .T. ) ;
#3550 = CARTESIAN_POINT ( 'NONE',  ( 0.000000000000000000, 26.53753649573820894, -40.29634816116373486 ) ) ;
#3551 = APPLICATION_PROTOCOL_DEFINITION ( 'draft international standard', 'automotive_design', 1998, #8656 ) ;
#3552 = CARTESIAN_POINT ( 'NONE',  ( -7.703719777548943412E-31, 21.03753649573829421, -45.29634816116374907 ) ) ;
#3553 = FACE_OUTER_BOUND ( 'NONE', #1625, .T. ) ;
#3554 = CARTESIAN_POINT ( 'NONE',  ( 12.40000000000000036, -71.59936963466060433, 10.70197393397544516 ) ) ;
#3555 = CARTESIAN_POINT ( 'NONE',  ( -37.07224088444629473, -71.97364255504820107, 6.055478503969699666 ) ) ;
#3556 = CARTESIAN_POINT ( 'NONE',  ( 13.99381610064762960, -13.53018347214301897, -21.29634816116374907 ) ) ;
#3557 = EDGE_CURVE ( 'NONE', #4743, #2951, #659, .T. ) ;
#3558 = CARTESIAN_POINT ( 'NONE',  ( 10.30419141748834555, -68.10408723553941002, 29.92097136775378985 ) ) ;
#3559 = CARTESIAN_POINT ( 'NONE',  ( 15.08988027025559653, -37.13003281655814902, -21.41637087004159667 ) ) ;
#3560 = VERTEX_POINT ( 'NONE', #2937 ) ;
#3561 = CARTESIAN_POINT ( 'NONE',  ( 12.02700113134796922, 15.88685124584707253, -43.80100625349232502 ) ) ;
#3562 = CIRCLE ( 'NONE', #8984, 50.00000000000000000 ) ;
#3563 = ADVANCED_FACE ( 'NONE', ( #7452 ), #8699, .T. ) ;
#3564 = CARTESIAN_POINT ( 'NONE',  ( 13.95589180419678854, 14.88166433961724344, -21.81499987696195930 ) ) ;
#3565 = CARTESIAN_POINT ( 'NONE',  ( 22.48751082335235907, -53.22750528876682807, -0.9528851528196121690 ) ) ;
#3566 = CARTESIAN_POINT ( 'NONE',  ( -4.400000000000000355, -119.5755209204604625, 23.59365460226408118 ) ) ;
#3567 = CARTESIAN_POINT ( 'NONE',  ( 14.98831642760081628, -13.12843031953034867, -21.41842093380687473 ) ) ;
#3568 = CARTESIAN_POINT ( 'NONE',  ( 0.000000000000000000, 26.53753649573820184, -45.29634816116374196 ) ) ;
#3569 = CARTESIAN_POINT ( 'NONE',  ( 6.000000000000000000, -79.93222011369321933, 15.70936642126634375 ) ) ;
#3570 = CIRCLE ( 'NONE', #4343, 6.000000000000001776 ) ;
#3571 = VECTOR ( 'NONE', #8323, 1000.000000000000000 ) ;
#3572 = ORIENTED_EDGE ( 'NONE', *, *, #7002, .T. ) ;
#3573 = CARTESIAN_POINT ( 'NONE',  ( 1.862617354618775867, -110.7903238182065024, 46.92339103609268847 ) ) ;
#3574 = ORIENTED_EDGE ( 'NONE', *, *, #5888, .T. ) ;
#3575 = FACE_OUTER_BOUND ( 'NONE', #8606, .T. ) ;
#3576 = ORIENTED_EDGE ( 'NONE', *, *, #3274, .T. ) ;
#3577 = CARTESIAN_POINT ( 'NONE',  ( 14.99999999999999822, -127.5636208922522030, 33.77691955291456338 ) ) ;
#3578 = CARTESIAN_POINT ( 'NONE',  ( 15.12861612773884268, -80.97809411965283743, 35.83330885478851258 ) ) ;
#3579 = VECTOR ( 'NONE', #5567, 1000.000000000000000 ) ;
#3580 = ADVANCED_FACE ( 'NONE', ( #3619 ), #5998, .F. ) ;
#3581 = CARTESIAN_POINT ( 'NONE',  ( 10.55000000000000071, -18.94517128740758594, -2.345844174447023089 ) ) ;
#3582 = CARTESIAN_POINT ( 'NONE',  ( 16.82106497884669594, -24.43244449107203309, -43.44877435964387757 ) ) ;
#3583 = CARTESIAN_POINT ( 'NONE',  ( 1.406703337988063351, -122.2705011474578640, 18.42123019163082631 ) ) ;
#3584 = ORIENTED_EDGE ( 'NONE', *, *, #2359, .T. ) ;
#3585 = CARTESIAN_POINT ( 'NONE',  ( 15.96424660714246002, -50.73171877958772313, 19.56116304245966120 ) ) ;
#3586 = VERTEX_POINT ( 'NONE', #5116 ) ;
#3587 = ORIENTED_EDGE ( 'NONE', *, *, #1671, .T. ) ;
#3588 = DIRECTION ( 'NONE',  ( 0.000000000000000000, -0.5057367576863224246, -0.8626878531223943769 ) ) ;
#3589 = DIRECTION ( 'NONE',  ( 0.000000000000000000, 0.000000000000000000, -1.000000000000000000 ) ) ;
#3590 = CARTESIAN_POINT ( 'NONE',  ( 7.395772562547290541, -78.23430487983860360, 34.48166043908535983 ) ) ;
#3591 = CARTESIAN_POINT ( 'NONE',  ( 0.000000000000000000, -42.43482183525294715, 9.988425297887923549 ) ) ;
#3592 = CARTESIAN_POINT ( 'NONE',  ( 11.73930373626334678, 16.10802900876756993, -44.07271871850461764 ) ) ;
#3593 = CARTESIAN_POINT ( 'NONE',  ( 0.000000000000000000, -73.39533097835840181, 32.09787989477761272 ) ) ;
#3594 = ORIENTED_EDGE ( 'NONE', *, *, #9479, .F. ) ;
#3595 = CARTESIAN_POINT ( 'NONE',  ( 16.67932754508328230, -15.07950503805308351, -44.75744061807204588 ) ) ;
#3596 = CARTESIAN_POINT ( 'NONE',  ( 23.06001620227707605, 32.23793631222007150, -18.92983617368625460 ) ) ;
#3597 = CARTESIAN_POINT ( 'NONE',  ( 41.21423633095623984, -48.42838073599382653, -8.489342606638979660 ) ) ;
#3598 = DIRECTION ( 'NONE',  ( -0.000000000000000000, 0.3420201433256692680, 0.9396926207859083169 ) ) ;
#3599 = CARTESIAN_POINT ( 'NONE',  ( 22.64266716213726127, 14.08579955873646661, -19.03718355716641497 ) ) ;
#3600 = CARTESIAN_POINT ( 'NONE',  ( 18.35505484950239818, -60.43737921771437271, 26.52327203521949173 ) ) ;
#3601 = AXIS2_PLACEMENT_3D ( 'NONE', #6446, #9398, #2757 ) ;
#3602 = CARTESIAN_POINT ( 'NONE',  ( 0.000000000000000000, -8.012463504261800651, -21.29634816116374907 ) ) ;
#3603 =( BOUNDED_CURVE ( )  B_SPLINE_CURVE ( 2, ( #8840, #4372, #9474 ),
 .UNSPECIFIED., .F., .F. ) 
 B_SPLINE_CURVE_WITH_KNOTS ( ( 3, 3 ),
 ( 0.000000000000000000, 1.000000000000000000 ),
 .UNSPECIFIED. ) 
 CURVE ( )  GEOMETRIC_REPRESENTATION_ITEM ( )  RATIONAL_B_SPLINE_CURVE ( ( 1.000000000000000000, 0.7071067811865474617, 1.000000000000000000 ) ) 
 REPRESENTATION_ITEM ( '' )  );
#3604 = CARTESIAN_POINT ( 'NONE',  ( 14.16036990765918091, -55.52094084028420440, -10.36079201542292694 ) ) ;
#3605 = EDGE_CURVE ( 'NONE', #3794, #871, #3081, .T. ) ;
#3606 = CARTESIAN_POINT ( 'NONE',  ( 13.65638079047952047, -75.82056510457229592, 11.89424437510743537 ) ) ;
#3607 = EDGE_CURVE ( 'NONE', #4714, #1766, #3759, .T. ) ;
#3608 = CARTESIAN_POINT ( 'NONE',  ( 21.22337300102408264, -37.71970316815794178, -21.15231252831146946 ) ) ;
#3609 = AXIS2_PLACEMENT_3D ( 'NONE', #7685, #7736, #6964 ) ;
#3610 = ORIENTED_EDGE ( 'NONE', *, *, #2722, .F. ) ;
#3611 = DIRECTION ( 'NONE',  ( 0.000000000000000000, 0.7660444431189813441, -0.6427876096865353661 ) ) ;
#3612 = CARTESIAN_POINT ( 'NONE',  ( 13.78374040784162524, 14.98705299218328157, -21.91831679317623127 ) ) ;
#3613 = VECTOR ( 'NONE', #4069, 1000.000000000000000 ) ;
#3614 = CARTESIAN_POINT ( 'NONE',  ( 22.82910292611246916, -51.07161091634341687, -2.684407631168516772 ) ) ;
#3615 = CARTESIAN_POINT ( 'NONE',  ( 23.44999999999999929, 24.53753649573820184, -45.29634816116374196 ) ) ;
#3616 = LINE ( 'NONE', #7402, #6160 ) ;
#3617 = VECTOR ( 'NONE', #4331, 1000.000000000000000 ) ;
#3618 = CARTESIAN_POINT ( 'NONE',  ( 21.94688812744220030, -52.62132314562491331, -12.78991331677892518 ) ) ;
#3619 = FACE_OUTER_BOUND ( 'NONE', #9137, .T. ) ;
#3620 = ORIENTED_EDGE ( 'NONE', *, *, #1007, .T. ) ;
#3621 = VECTOR ( 'NONE', #5725, 1000.000000000000000 ) ;
#3622 = VERTEX_POINT ( 'NONE', #6591 ) ;
#3623 = DIRECTION ( 'NONE',  ( -1.000000000000000000, -0.000000000000000000, -0.000000000000000000 ) ) ;
#3624 = ORIENTED_EDGE ( 'NONE', *, *, #6123, .F. ) ;
#3625 = CARTESIAN_POINT ( 'NONE',  ( 19.85786073163266963, -57.97663969269378015, 18.59053150580026426 ) ) ;
#3626 = VERTEX_POINT ( 'NONE', #5853 ) ;
#3627 = CARTESIAN_POINT ( 'NONE',  ( 12.46926602981232790, -15.00581709077993153, -44.66697828648339197 ) ) ;
#3628 = CARTESIAN_POINT ( 'NONE',  ( 18.25000000000000000, 27.20581053509668834, -18.75923434280892721 ) ) ;
#3629 = VECTOR ( 'NONE', #7824, 999.9999999999998863 ) ;
#3630 = CARTESIAN_POINT ( 'NONE',  ( 11.03869095803874600, -15.53742548872136808, -44.29257655385644910 ) ) ;
#3631 = CARTESIAN_POINT ( 'NONE',  ( 15.63006067755363659, -25.10588209078670374, -43.38919305920936154 ) ) ;
#3632 = ADVANCED_FACE ( 'NONE', ( #6781 ), #5900, .F. ) ;
#3633 = VERTEX_POINT ( 'NONE', #8173 ) ;
#3634 = CARTESIAN_POINT ( 'NONE',  ( 16.38803490183959966, -49.56861287679696204, 18.58520130840782869 ) ) ;
#3635 = CIRCLE ( 'NONE', #8415, 4.000000000000000000 ) ;
#3636 = EDGE_CURVE ( 'NONE', #7460, #1610, #3804, .T. ) ;
#3637 = ORIENTED_EDGE ( 'NONE', *, *, #4688, .F. ) ;
#3638 = VERTEX_POINT ( 'NONE', #2300 ) ;
#3639 = DIRECTION ( 'NONE',  ( -0.000000000000000000, -0.6427876096865345890, -0.7660444431189818992 ) ) ;
#3640 = DIRECTION ( 'NONE',  ( -1.000000000000000000, 0.000000000000000000, 0.000000000000000000 ) ) ;
#3641 = CARTESIAN_POINT ( 'NONE',  ( 7.772903484474516844, -76.72369066999944209, 33.73750003717287882 ) ) ;
#3642 = DIRECTION ( 'NONE',  ( -0.000000000000000000, 0.1736481776669230037, 0.9848077530122093526 ) ) ;
#3643 = CARTESIAN_POINT ( 'NONE',  ( 11.85812810023546326, 16.01771896524974892, -43.98493177472611393 ) ) ;
#3644 = CARTESIAN_POINT ( 'NONE',  ( 7.399999999999999467, -71.59936963466060433, 10.70197393397544339 ) ) ;
#3645 = ORIENTED_EDGE ( 'NONE', *, *, #9273, .F. ) ;
#3646 = FACE_BOUND ( 'NONE', #3068, .T. ) ;
#3647 = CARTESIAN_POINT ( 'NONE',  ( 14.99187684027761236, -98.94270248977791482, 9.486964292620134742 ) ) ;
#3648 = AXIS2_PLACEMENT_3D ( 'NONE', #8279, #3768, #3675 ) ;
#3649 = CARTESIAN_POINT ( 'NONE',  ( 6.000000000000005329, -117.8612591275757353, 25.25769654673742437 ) ) ;
#3650 = CARTESIAN_POINT ( 'NONE',  ( 22.15740346661346649, 18.06397657989738903, -23.58501837703586190 ) ) ;
#3651 = CARTESIAN_POINT ( 'NONE',  ( 16.81666011705039665, -67.12135728582231309, 29.59547169381061238 ) ) ;
#3652 = CARTESIAN_POINT ( 'NONE',  ( 18.25000000000000000, 25.53163735497593478, -18.46403244077515637 ) ) ;
#3653 = DIRECTION ( 'NONE',  ( -0.000000000000000000, 0.1736481776669232258, 0.9848077530122093526 ) ) ;
#3654 = CARTESIAN_POINT ( 'NONE',  ( 15.00000000000000000, -94.06842296585499241, 31.21881860457415314 ) ) ;
#3655 = ORIENTED_EDGE ( 'NONE', *, *, #8498, .F. ) ;
#3656 = CARTESIAN_POINT ( 'NONE',  ( 12.17638079260194317, 15.76865478767020079, -43.47476234052731314 ) ) ;
#3657 = DIRECTION ( 'NONE',  ( 0.000000000000000000, 3.614007241618348771E-16, -1.000000000000000000 ) ) ;
#3658 = CARTESIAN_POINT ( 'NONE',  ( 22.28755959807145715, -54.30929791998322997, -0.07172685891223977428 ) ) ;
#3659 = CARTESIAN_POINT ( 'NONE',  ( 22.30020255094081350, -48.50852846827756082, 12.17586061169272682 ) ) ;
#3660 =( BOUNDED_SURFACE ( )  B_SPLINE_SURFACE ( 2, 3, ( 
 ( #422, #4288, #4243, #1156 ),
 ( #3380, #7849, #2788, #5746 ),
 ( #8708, #3558, #9480, #4874 ) ),
 .UNSPECIFIED., .F., .F., .F. ) 
 B_SPLINE_SURFACE_WITH_KNOTS ( ( 3, 3 ),
 ( 4, 4 ),
 ( 0.000000000000000000, 1.000000000000000000 ),
 ( 0.4060955512066130035, 0.4237862142667989662 ),
 .UNSPECIFIED. ) 
 GEOMETRIC_REPRESENTATION_ITEM ( )  RATIONAL_B_SPLINE_SURFACE ( (
 ( 1.000000000000000000, 1.000000000000000000, 1.000000000000000000, 1.000000000000000000),
 ( 0.7123483128092797934, 0.7121910779963247506, 0.7120237517323888543, 0.7118475365548615486),
 ( 1.000000000000000000, 1.000000000000000000, 1.000000000000000000, 1.000000000000000000) ) ) 
 REPRESENTATION_ITEM ( '' )  SURFACE ( )  );
#3661 = FACE_OUTER_BOUND ( 'NONE', #6800, .T. ) ;
#3662 = VECTOR ( 'NONE', #8104, 1000.000000000000000 ) ;
#3663 = DIRECTION ( 'NONE',  ( 0.000000000000000000, -0.9396926207859084279, 0.3420201433256687684 ) ) ;
#3664 = EDGE_CURVE ( 'NONE', #8174, #540, #2284, .T. ) ;
#3665 = CARTESIAN_POINT ( 'NONE',  ( 23.33474700528068269, -39.19282896394984306, 7.964870977094135718 ) ) ;
#3666 = VECTOR ( 'NONE', #8575, 1000.000000000000000 ) ;
#3667 = VERTEX_POINT ( 'NONE', #274 ) ;
#3668 = CARTESIAN_POINT ( 'NONE',  ( 3.000000000000000000, -76.10435538319671878, 18.77016425251038001 ) ) ;
#3669 = EDGE_CURVE ( 'NONE', #8334, #2118, #1162, .T. ) ;
#3670 = ORIENTED_EDGE ( 'NONE', *, *, #447, .T. ) ;
#3671 = CARTESIAN_POINT ( 'NONE',  ( 0.9999999999999976685, -135.0495147079777496, 21.60406397259325217 ) ) ;
#3672 = ORIENTED_EDGE ( 'NONE', *, *, #588, .T. ) ;
#3673 = VECTOR ( 'NONE', #1415, 1000.000000000000114 ) ;
#3674 = CARTESIAN_POINT ( 'NONE',  ( 12.44398215591912660, -15.04452756787995327, -44.70746729593444257 ) ) ;
#3675 = DIRECTION ( 'NONE',  ( -1.000000000000000000, 0.000000000000000000, 0.000000000000000000 ) ) ;
#3676 = CARTESIAN_POINT ( 'NONE',  ( 8.829489423671422088, -70.72737839617248312, 0.4191111198346522126 ) ) ;
#3677 = CARTESIAN_POINT ( 'NONE',  ( 20.65802931342323490, 32.42176999470082421, -15.91685436500033646 ) ) ;
#3678 = EDGE_LOOP ( 'NONE', ( #7279, #3814, #6698, #1755, #7689, #2217, #5167, #6618, #6747 ) ) ;
#3679 = CARTESIAN_POINT ( 'NONE',  ( 17.91217094809508126, -46.09268624064957720, 15.66855255001731528 ) ) ;
#3681 = EDGE_CURVE ( 'NONE', #3210, #6148, #2645, .T. ) ;
#3680 = ORIENTED_EDGE ( 'NONE', *, *, #2398, .F. ) ;
#3682 = ORIENTED_EDGE ( 'NONE', *, *, #6787, .T. ) ;
#3683 = CARTESIAN_POINT ( 'NONE',  ( 18.08119742861454782, -23.03160761294768122, -43.51171820687538627 ) ) ;
#3684 = EDGE_CURVE ( 'NONE', #908, #6642, #7057, .T. ) ;
#3685 = CARTESIAN_POINT ( 'NONE',  ( 13.02682960988127547, -14.34835150991216324, -22.63021042126974436 ) ) ;
#3686 = CARTESIAN_POINT ( 'NONE',  ( 16.85919414827954554, -16.69346646696623182, -45.29634816116374907 ) ) ;
#3687 = LINE ( 'NONE', #4505, #2643 ) ;
#3688 = CARTESIAN_POINT ( 'NONE',  ( -6.000000000000005329, -120.1551743427748278, 25.15754204548965589 ) ) ;
#3689 = FACE_OUTER_BOUND ( 'NONE', #4970, .T. ) ;
#3690 = ORIENTED_EDGE ( 'NONE', *, *, #175, .T. ) ;
#3691 = CARTESIAN_POINT ( 'NONE',  ( 18.25000000000000000, 30.29521636320286859, -11.02825305779318477 ) ) ;
#3692 = DIRECTION ( 'NONE',  ( -0.000000000000000000, 0.9396926207859082059, -0.3420201433256692125 ) ) ;
#3693 = CARTESIAN_POINT ( 'NONE',  ( 13.65638079047952047, -77.10614032394536821, 10.36215548886946713 ) ) ;
#3694 = LINE ( 'NONE', #5242, #3357 ) ;
#3695 = CARTESIAN_POINT ( 'NONE',  ( 22.51390812980829281, 16.93514524700626467, -20.56019055771754367 ) ) ;
#3696 = DIRECTION ( 'NONE',  ( 0.000000000000000000, -2.118471673958353777E-16, 1.000000000000000000 ) ) ;
#3697 = ADVANCED_FACE ( 'NONE', ( #9528 ), #10, .T. ) ;
#3698 = CARTESIAN_POINT ( 'NONE',  ( 21.58334415447100341, -57.47830971295916669, 2.547588195108362985 ) ) ;
#3699 = DIRECTION ( 'NONE',  ( 0.000000000000000000, 0.000000000000000000, -1.000000000000000000 ) ) ;
#3700 = CARTESIAN_POINT ( 'NONE',  ( 21.84413666097851703, -32.53308910735651693, -17.14645611400335312 ) ) ;
#3701 = ORIENTED_EDGE ( 'NONE', *, *, #2614, .F. ) ;
#3702 = CARTESIAN_POINT ( 'NONE',  ( 19.32495770929868684, -14.29804028943037153, -22.50212106441328785 ) ) ;
#3703 = LINE ( 'NONE', #848, #2983 ) ;
#3704 = PLANE ( 'NONE',  #1198 ) ;
#3705 = DIRECTION ( 'NONE',  ( 2.716844749132481694E-16, 0.3420201433256692125, 0.9396926207859082059 ) ) ;
#3706 = CARTESIAN_POINT ( 'NONE',  ( 15.00000000000000355, -98.14293702154951404, 23.16335054390737724 ) ) ;
#3707 = PLANE ( 'NONE',  #48 ) ;
#3708 = CARTESIAN_POINT ( 'NONE',  ( 15.00000000000000355, -120.4859869534280250, 49.30024030737046559 ) ) ;
#3709 = ORIENTED_EDGE ( 'NONE', *, *, #2128, .T. ) ;
#3710 = CARTESIAN_POINT ( 'NONE',  ( -4.400000000000000355, -135.9270157972179902, 29.54511202316014007 ) ) ;
#3711 = VERTEX_POINT ( 'NONE', #1788 ) ;
#3712 = CARTESIAN_POINT ( 'NONE',  ( 22.12866050274999097, -22.82182225824879751, -16.60357600088130425 ) ) ;
#3713 = VERTEX_POINT ( 'NONE', #6312 ) ;
#3714 = EDGE_CURVE ( 'NONE', #9492, #1093, #4012, .T. ) ;
#3715 = CARTESIAN_POINT ( 'NONE',  ( 15.00000000000000000, -96.27004511202133585, 21.97439099029267595 ) ) ;
#3716 = CARTESIAN_POINT ( 'NONE',  ( 22.83101906800076364, -47.76978312703381135, -6.637430358678487963 ) ) ;
#3717 = CARTESIAN_POINT ( 'NONE',  ( 0.000000000000000000, -79.63623670357654305, 2.727723340683080089 ) ) ;
#3718 = CARTESIAN_POINT ( 'NONE',  ( 16.13301656481101176, -79.56730169770409589, 13.42871031883971078 ) ) ;
#3719 = AXIS2_PLACEMENT_3D ( 'NONE', #1921, #1344, #1250 ) ;
#3720 = CARTESIAN_POINT ( 'NONE',  ( 18.44999999999999929, 32.94301637382660175, -15.89135599806355792 ) ) ;
#3721 = EDGE_CURVE ( 'NONE', #149, #1586, #7038, .T. ) ;
#3722 = ADVANCED_FACE ( 'NONE', ( #2465 ), #7759, .T. ) ;
#3723 = ORIENTED_EDGE ( 'NONE', *, *, #4014, .F. ) ;
#3724 = CARTESIAN_POINT ( 'NONE',  ( 21.15579932649458073, -39.67015236855429094, 10.27940674671864052 ) ) ;
#3725 = ORIENTED_EDGE ( 'NONE', *, *, #8857, .F. ) ;
#3726 = EDGE_LOOP ( 'NONE', ( #1803, #6508, #4705, #7953 ) ) ;
#3727 = AXIS2_PLACEMENT_3D ( 'NONE', #5629, #492, #2528 ) ;
#3728 = EDGE_CURVE ( 'NONE', #1514, #7790, #8330, .T. ) ;
#3729 = CARTESIAN_POINT ( 'NONE',  ( 15.59488246618209395, -22.86436072221680504, -45.29634816116374907 ) ) ;
#3730 = CARTESIAN_POINT ( 'NONE',  ( 13.16189887973040484, -14.27359522248876900, -22.44774217000759009 ) ) ;
#3731 = CARTESIAN_POINT ( 'NONE',  ( 7.200441660852496817, -79.04852396838793993, 34.88276192497973227 ) ) ;
#3732 = CARTESIAN_POINT ( 'NONE',  ( 17.86811281345191205, -64.71177459893895900, 22.41290935655442240 ) ) ;
#3733 = CARTESIAN_POINT ( 'NONE',  ( 12.04997207295246930, 15.86882417083948127, -43.76706903483943023 ) ) ;
#3734 = EDGE_CURVE ( 'NONE', #712, #6510, #6260, .T. ) ;
#3735 = B_SPLINE_CURVE_WITH_KNOTS ( 'NONE', 1,
 ( #9279, #2480 ),
 .UNSPECIFIED., .F., .F.,
 ( 2, 2 ),
 ( 0.000000000000000000, 1.000000000000000000 ),
 .UNSPECIFIED. ) ;
#3736 = CARTESIAN_POINT ( 'NONE',  ( 14.99999999999999289, -92.09851064108380569, 41.31146043983113003 ) ) ;
#3737 = ORIENTED_EDGE ( 'NONE', *, *, #8596, .T. ) ;
#3738 = DIRECTION ( 'NONE',  ( 1.000000000000000000, 0.000000000000000000, 0.000000000000000000 ) ) ;
#3739 = CARTESIAN_POINT ( 'NONE',  ( 15.06159595092400494, -96.00076880040548133, 7.844526438988566497 ) ) ;
#3740 = DIRECTION ( 'NONE',  ( -0.000000000000000000, -0.9396926207859083169, 0.3420201433256692680 ) ) ;
#3741 = LINE ( 'NONE', #9524, #8774 ) ;
#3742 = CARTESIAN_POINT ( 'NONE',  ( 5.999999999999998224, -42.11065726885905747, 1.738856025306405817 ) ) ;
#3743 = CARTESIAN_POINT ( 'NONE',  ( 16.75792789711405817, -73.87308672254012265, 16.11656708790071590 ) ) ;
#3744 = CARTESIAN_POINT ( 'NONE',  ( 14.41421621727310232, -45.23585085939546957, -17.76581513603104057 ) ) ;
#3745 = EDGE_CURVE ( 'NONE', #7739, #6371, #9261, .T. ) ;
#3746 = CARTESIAN_POINT ( 'NONE',  ( 14.25000000000000000, -1.799127793371385620, 53.36789795213029919 ) ) ;
#3747 = PLANE ( 'NONE',  #7491 ) ;
#3748 = CARTESIAN_POINT ( 'NONE',  ( 15.00000000000029132, -87.83388305796361806, 39.21061499855714061 ) ) ;
#3749 = EDGE_CURVE ( 'NONE', #8096, #7328, #1880, .T. ) ;
#3750 = EDGE_LOOP ( 'NONE', ( #1206, #4932, #1757, #2851 ) ) ;
#3751 = PLANE ( 'NONE',  #6574 ) ;
#3752 = CARTESIAN_POINT ( 'NONE',  ( 15.51066547537846141, -84.56133706888128643, 14.77400939057142004 ) ) ;
#3753 = CARTESIAN_POINT ( 'NONE',  ( 10.55000000000000071, 30.98458179031142024, -11.14980678216003085 ) ) ;
#3754 = VECTOR ( 'NONE', #6861, 1000.000000000000000 ) ;
#3755 = B_SPLINE_CURVE_WITH_KNOTS ( 'NONE', 3,
 ( #1254, #6585, #9534, #702, #3658, #1348, #4294, #7263, #3565, #5069, #4200, #4926, #8037, #9395, #609, #2752, #1390, #2843, #4336, #5705, #8668, #6632, #7310, #655, #3614, #2890, #5112, #8079, #2018, #4383, #7355 ),
 .UNSPECIFIED., .F., .F.,
 ( 4, 2, 2, 1, 1, 1, 1, 1, 1, 2, 2, 2, 2, 1, 1, 1, 1, 1, 2, 2, 4 ),
 ( 0.000000000000000000, 0.2499999999999066302, 0.3749999999998600564, 0.4374999999998375189, 0.4687499999998270828, 0.4843749999998208655, 0.4921874999998187006, 0.4960937499998175904, 0.4980468749998170908, 0.4990234374998160360, 0.4999999999998149258, 0.6249999999999443778, 0.6875000000000084377, 0.7187500000000404121, 0.7343750000000565104, 0.7421875000000649480, 0.7460937500000692779, 0.7480468750000710543, 0.7490234375000713873, 0.7500000000000718314, 1.000000000000000000 ),
 .UNSPECIFIED. ) ;
#3756 = CARTESIAN_POINT ( 'NONE',  ( 15.00000000000000000, -111.0171352354997794, 29.33212449669682798 ) ) ;
#3757 = LINE ( 'NONE', #76, #6094 ) ;
#3758 = CARTESIAN_POINT ( 'NONE',  ( 15.00000000000159339, -116.2297133131423408, 48.25683350174870156 ) ) ;
#3759 = LINE ( 'NONE', #4388, #3276 ) ;
#3760 = ORIENTED_EDGE ( 'NONE', *, *, #7020, .F. ) ;
#3761 = ORIENTED_EDGE ( 'NONE', *, *, #1037, .T. ) ;
#3762 = CARTESIAN_POINT ( 'NONE',  ( 12.77548057038958618, 15.60229113800021494, -43.80155215131820512 ) ) ;
#3763 = ORIENTED_EDGE ( 'NONE', *, *, #8707, .T. ) ;
#3764 = CARTESIAN_POINT ( 'NONE',  ( 21.58334415447101051, -57.47830971295915248, 2.547588195108353215 ) ) ;
#3765 = VERTEX_POINT ( 'NONE', #3866 ) ;
#3766 = CARTESIAN_POINT ( 'NONE',  ( 15.00000000000000000, -100.9140985623047442, 10.70973397669981786 ) ) ;
#3767 = CARTESIAN_POINT ( 'NONE',  ( 21.44999999999999929, 30.98458179031142024, -11.14980678216003085 ) ) ;
#3768 = DIRECTION ( 'NONE',  ( 0.000000000000000000, 0.000000000000000000, -1.000000000000000000 ) ) ;
#3769 = CARTESIAN_POINT ( 'NONE',  ( 16.56999303613018526, -81.01410668308768948, 2.909620740086807711 ) ) ;
#3770 = CIRCLE ( 'NONE', #9200, 4.000000000000000000 ) ;
#3771 = CARTESIAN_POINT ( 'NONE',  ( 18.73312847039700557, 24.51597910081546061, -43.49763175572793727 ) ) ;
#3772 = VERTEX_POINT ( 'NONE', #6894 ) ;
#3773 = CARTESIAN_POINT ( 'NONE',  ( 15.37175718863362128, 26.50439153441216078, -43.32957717892984562 ) ) ;
#3774 = ORIENTED_EDGE ( 'NONE', *, *, #4857, .F. ) ;
#3775 = EDGE_LOOP ( 'NONE', ( #6848, #5424, #3919, #8504 ) ) ;
#3776 = CIRCLE ( 'NONE', #9211, 5.000000000000001776 ) ;
#3777 = CARTESIAN_POINT ( 'NONE',  ( 2.999999999999999112, -115.3452963516033805, 26.52352541933727181 ) ) ;
#3778 = CARTESIAN_POINT ( 'NONE',  ( 13.92739509407709875, -13.82417785568411439, -21.83136138615050825 ) ) ;
#3779 = CARTESIAN_POINT ( 'NONE',  ( 6.878824050360625719, -80.43010943731785289, 35.56336004933123007 ) ) ;
#3780 = CARTESIAN_POINT ( 'NONE',  ( 3.756933077801325460, -94.47027497655203376, 7.098025767439334999 ) ) ;
#3781 = DIRECTION ( 'NONE',  ( 0.000000000000000000, 0.9396926207859100932, -0.3420201433256638834 ) ) ;
#3782 = ADVANCED_FACE ( 'NONE', ( #4738 ), #8985, .T. ) ;
#3783 = VECTOR ( 'NONE', #4184, 1000.000000000000000 ) ;
#3784 = CARTESIAN_POINT ( 'NONE',  ( 14.99999999999852029, -98.57229529173069693, 43.80198558943232001 ) ) ;
#3785 = ORIENTED_EDGE ( 'NONE', *, *, #595, .F. ) ;
#3786 = CARTESIAN_POINT ( 'NONE',  ( 13.10175509801843141, 14.98066128591015378, -21.23700706817854922 ) ) ;
#3787 = CARTESIAN_POINT ( 'NONE',  ( 15.66831097632016778, -87.45874446777430933, 4.277408614061910974 ) ) ;
#3788 = PLANE ( 'NONE',  #9061 ) ;
#3789 = CARTESIAN_POINT ( 'NONE',  ( 12.19083461222122722, -14.68197569938395297, -23.29634816116374907 ) ) ;
#3790 = CARTESIAN_POINT ( 'NONE',  ( 15.72739039502742209, -77.24642305143443366, 26.04948562518106669 ) ) ;
#3791 = CARTESIAN_POINT ( 'NONE',  ( 16.52338516073171704, -74.33927745915634944, 18.42909399836458206 ) ) ;
#3792 = CARTESIAN_POINT ( 'NONE',  ( 14.11279627203705545, -51.20023011261841361, -13.92779937869946139 ) ) ;
#3793 = CARTESIAN_POINT ( 'NONE',  ( -3.184081677783118191E-15, 0.5375364957382012809, -21.29634816116374907 ) ) ;
#3794 = VERTEX_POINT ( 'NONE', #3161 ) ;
#3795 = CARTESIAN_POINT ( 'NONE',  ( 12.19083461222123077, -14.68197569938394587, -21.29634816116375617 ) ) ;
#3796 = CARTESIAN_POINT ( 'NONE',  ( 21.65545351559966392, -29.97855420063085674, -19.09246012849895635 ) ) ;
#3797 = ORIENTED_EDGE ( 'NONE', *, *, #8062, .T. ) ;
#3798 = DIRECTION ( 'NONE',  ( 0.000000000000000000, -0.4419102939782701411, -0.8970592466922343577 ) ) ;
#3799 = DIRECTION ( 'NONE',  ( 4.859169400495257961E-17, 0.9848077530122092416, -0.1736481776669232813 ) ) ;
#3800 = CARTESIAN_POINT ( 'NONE',  ( 10.55000000000000071, 10.71562816763628234, -12.65297644718270220 ) ) ;
#3801 = LINE ( 'NONE', #2344, #1455 ) ;
#3802 = DIRECTION ( 'NONE',  ( 0.000000000000000000, 0.000000000000000000, -1.000000000000000000 ) ) ;
#3803 = EDGE_CURVE ( 'NONE', #6817, #6556, #3362, .T. ) ;
#3804 = B_SPLINE_CURVE_WITH_KNOTS ( 'NONE', 1,
 ( #31, #5308 ),
 .UNSPECIFIED., .F., .F.,
 ( 2, 2 ),
 ( 0.000000000000000000, 1.000000000000000000 ),
 .UNSPECIFIED. ) ;
#3805 = DIRECTION ( 'NONE',  ( 0.000000000000000000, -0.3420201433256638834, -0.9396926207859100932 ) ) ;
#3806 = CARTESIAN_POINT ( 'NONE',  ( 15.00000000000026823, -108.8822971141226787, 46.45564666235205920 ) ) ;
#3807 = VECTOR ( 'NONE', #7389, 1000.000000000000000 ) ;
#3808 = DIRECTION ( 'NONE',  ( 1.000000000000000000, 0.000000000000000000, 0.000000000000000000 ) ) ;
#3809 = ADVANCED_FACE ( 'NONE', ( #780 ), #5970, .F. ) ;
#3810 = EDGE_LOOP ( 'NONE', ( #6845, #9333, #7778, #7180 ) ) ;
#3811 = LINE ( 'NONE', #713, #6842 ) ;
#3812 = VERTEX_POINT ( 'NONE', #4465 ) ;
#3813 = CARTESIAN_POINT ( 'NONE',  ( 22.82617318455163868, -18.12182225824881243, -11.90357600088131917 ) ) ;
#3814 = ORIENTED_EDGE ( 'NONE', *, *, #9427, .F. ) ;
#3815 = CARTESIAN_POINT ( 'NONE',  ( 15.00000000000000000, -102.6231847897608986, 11.68974847040856524 ) ) ;
#3816 = CARTESIAN_POINT ( 'NONE',  ( 19.52620161268754728, -20.57279008816539090, -37.62816780522357618 ) ) ;
#3817 = DIRECTION ( 'NONE',  ( -1.000000000000000000, 0.000000000000000000, 0.000000000000000000 ) ) ;
#3818 = CARTESIAN_POINT ( 'NONE',  ( 16.84500809923446596, -79.41697151249900344, 2.736003362005913875 ) ) ;
#3819 = CARTESIAN_POINT ( 'NONE',  ( 18.77727347393165047, 32.93052688889171264, -15.90990655383578023 ) ) ;
#3820 = CIRCLE ( 'NONE', #7097, 6.000000000000000000 ) ;
#3821 = VERTEX_POINT ( 'NONE', #8975 ) ;
#3822 = CARTESIAN_POINT ( 'NONE',  ( 21.27248410591968764, -39.43687645135817377, 10.08366501063684062 ) ) ;
#3823 = VERTEX_POINT ( 'NONE', #878 ) ;
#3824 = ORIENTED_EDGE ( 'NONE', *, *, #3734, .T. ) ;
#3825 = CARTESIAN_POINT ( 'NONE',  ( 20.86281899089980385, 21.78124155217993874, -34.50181544143075030 ) ) ;
#3826 = CARTESIAN_POINT ( 'NONE',  ( 12.96147680185282347, -14.38408097914853201, -22.73968083380231775 ) ) ;
#3827 = CARTESIAN_POINT ( 'NONE',  ( 12.55726936534758131, 15.45617750975533689, -21.95484428798216925 ) ) ;
#3828 = LINE ( 'NONE', #8972, #8063 ) ;
#3829 = CARTESIAN_POINT ( 'NONE',  ( 12.18715059426205016, 15.76000149238112158, -43.38655504786886041 ) ) ;
#3830 = CARTESIAN_POINT ( 'NONE',  ( 4.579830425604016320, -92.44944968829911147, 41.43786031475899989 ) ) ;
#3831 = EDGE_LOOP ( 'NONE', ( #5346, #310, #34, #5169 ) ) ;
#3832 = CARTESIAN_POINT ( 'NONE',  ( 13.93588179381650782, 14.17767606172250439, -20.61042444509041616 ) ) ;
#3833 = CARTESIAN_POINT ( 'NONE',  ( 3.000000000000000000, -76.10435538319671878, 14.97016425251035443 ) ) ;
#3834 = DIRECTION ( 'NONE',  ( 0.000000000000000000, 0.000000000000000000, -1.000000000000000000 ) ) ;
#3835 = EDGE_CURVE ( 'NONE', #1241, #7442, #9160, .T. ) ;
#3836 = PLANE ( 'NONE',  #2250 ) ;
#3837 = DIRECTION ( 'NONE',  ( 0.000000000000000000, 0.000000000000000000, 1.000000000000000000 ) ) ;
#3838 = CARTESIAN_POINT ( 'NONE',  ( 23.44999999999999929, -25.46246350426179816, -45.29634816116374907 ) ) ;
#3839 = CYLINDRICAL_SURFACE ( 'NONE', #6262, 10.00000000000000533 ) ;
#3840 = EDGE_CURVE ( 'NONE', #4443, #757, #1702, .T. ) ;
#3841 = DIRECTION ( 'NONE',  ( -0.000000000000000000, -0.000000000000000000, 1.000000000000000000 ) ) ;
#3842 = ADVANCED_FACE ( 'NONE', ( #3308 ), #5435, .T. ) ;
#3843 = ORIENTED_EDGE ( 'NONE', *, *, #1255, .F. ) ;
#3844 = ORIENTED_EDGE ( 'NONE', *, *, #1949, .F. ) ;
#3845 = DIRECTION ( 'NONE',  ( -1.000000000000000000, 0.000000000000000000, 0.000000000000000000 ) ) ;
#3846 = EDGE_LOOP ( 'NONE', ( #9541, #4367, #6782, #4766, #1940 ) ) ;
#3847 = DIRECTION ( 'NONE',  ( 0.000000000000000000, -0.9848077530122094636, 0.1736481776669221155 ) ) ;
#3848 = CARTESIAN_POINT ( 'NONE',  ( 15.04733362036684596, -91.58174740099767064, 18.58179684380290198 ) ) ;
#3849 = CARTESIAN_POINT ( 'NONE',  ( 16.35000000000000142, -0.7254219129581850334, -5.558477570908496368 ) ) ;
#3850 = CARTESIAN_POINT ( 'NONE',  ( 22.63306085348309438, 13.48663614815320777, -19.00767794529165400 ) ) ;
#3851 = DIRECTION ( 'NONE',  ( 0.000000000000000000, 0.000000000000000000, -1.000000000000000000 ) ) ;
#3852 = DIRECTION ( 'NONE',  ( -1.000000000000000000, -0.000000000000000000, -0.000000000000000000 ) ) ;
#3853 = CARTESIAN_POINT ( 'NONE',  ( 2.242925066442013726, -107.5448309578620893, 46.12777270318835576 ) ) ;
#3854 = CARTESIAN_POINT ( 'NONE',  ( 21.10451441611972712, -53.93535299414362072, 15.46571909033772485 ) ) ;
#3855 = EDGE_CURVE ( 'NONE', #5605, #3233, #1801, .T. ) ;
#3856 = ADVANCED_FACE ( 'NONE', ( #5535 ), #3403, .F. ) ;
#3857 = ORIENTED_EDGE ( 'NONE', *, *, #6890, .T. ) ;
#3858 = CARTESIAN_POINT ( 'NONE',  ( 17.44963751556552367, 16.13066956836747678, -44.73533139804131054 ) ) ;
#3859 = ORIENTED_EDGE ( 'NONE', *, *, #6704, .F. ) ;
#3860 = CARTESIAN_POINT ( 'NONE',  ( 16.62826410806985677, -76.32609071711232218, 12.68515187293281166 ) ) ;
#3861 = EDGE_LOOP ( 'NONE', ( #374, #2603, #7750 ) ) ;
#3862 = CARTESIAN_POINT ( 'NONE',  ( 23.09025104644171833, -48.96409250283790016, -4.372075337606307066 ) ) ;
#3863 = CARTESIAN_POINT ( 'NONE',  ( 20.63962810434284734, -23.04220185938435250, -28.36732437569667553 ) ) ;
#3864 = CARTESIAN_POINT ( 'NONE',  ( 13.28480771056355891, -14.20455726659281304, -22.31116282529315598 ) ) ;
#3865 = CARTESIAN_POINT ( 'NONE',  ( 23.44999999999999929, -52.47418028630455922, 21.02326185008634596 ) ) ;
#3866 = CARTESIAN_POINT ( 'NONE',  ( 0.000000000000000000, -35.46196169864643366, -19.76710446419227551 ) ) ;
#3867 = CARTESIAN_POINT ( 'NONE',  ( 19.39518886375174844, 23.29594378996763382, -43.53069771279520239 ) ) ;
#3868 = EDGE_CURVE ( 'NONE', #4300, #5869, #789, .T. ) ;
#3869 = ORIENTED_EDGE ( 'NONE', *, *, #4464, .T. ) ;
#3870 = CARTESIAN_POINT ( 'NONE',  ( 2.999999999999999556, 39.98728242334286875, -16.39276160579326103 ) ) ;
#3871 = ORIENTED_EDGE ( 'NONE', *, *, #4565, .T. ) ;
#3872 = EDGE_LOOP ( 'NONE', ( #6351, #8465, #8420, #7825 ) ) ;
#3873 = APPLICATION_CONTEXT ( 'automotive_design' ) ;
#3874 = DIRECTION ( 'NONE',  ( 0.000000000000000000, 0.000000000000000000, -1.000000000000000000 ) ) ;
#3875 = EDGE_CURVE ( 'NONE', #3893, #969, #5887, .T. ) ;
#3876 = STYLED_ITEM ( 'NONE', ( #1751 ), #3079 ) ;
#3877 = CARTESIAN_POINT ( 'NONE',  ( 25.00505927025263730, -6.012463504261799763, -11.42958778986839263 ) ) ;
#3878 = FACE_OUTER_BOUND ( 'NONE', #1045, .T. ) ;
#3879 = CARTESIAN_POINT ( 'NONE',  ( 3.715303678750766725, -94.81140533222480826, 7.261193555794214660 ) ) ;
#3880 = CARTESIAN_POINT ( 'NONE',  ( 12.81600561797623428, 15.53753649573837237, -43.29634816116374196 ) ) ;
#3881 = AXIS2_PLACEMENT_3D ( 'NONE', #3523, #8672, #2798 ) ;
#3882 = CIRCLE ( 'NONE', #2177, 19.50000000000007816 ) ;
#3883 = CARTESIAN_POINT ( 'NONE',  ( 15.00000000000000000, -105.1081943398842355, 33.16136653807141244 ) ) ;
#3884 = ORIENTED_EDGE ( 'NONE', *, *, #2139, .T. ) ;
#3885 = CARTESIAN_POINT ( 'NONE',  ( 15.24846212968271786, 12.69214067191913742, -20.30457958141591845 ) ) ;
#3886 = CARTESIAN_POINT ( 'NONE',  ( 23.44999999999999929, -40.99276643541730181, -7.133140228620667322 ) ) ;
#3887 = CARTESIAN_POINT ( 'NONE',  ( 21.41316094080898935, -17.09072446767012110, -23.28543047189873150 ) ) ;
#3888 = CARTESIAN_POINT ( 'NONE',  ( 12.16124562372770868, -14.70563082979759173, -43.51905284694988296 ) ) ;
#3889 = CARTESIAN_POINT ( 'NONE',  ( 15.08548988013510872, 26.53753649573820894, -40.29634816116373486 ) ) ;
#3890 = CARTESIAN_POINT ( 'NONE',  ( 23.28325370891903745, -116.1242084823501983, 39.94962174011556044 ) ) ;
#3891 = B_SPLINE_CURVE_WITH_KNOTS ( 'NONE', 3,
 ( #2181, #9376, #593, #5874 ),
 .UNSPECIFIED., .F., .F.,
 ( 4, 4 ),
 ( 0.000000000000000000, 1.000000000000000000 ),
 .UNSPECIFIED. ) ;
#3892 = CYLINDRICAL_SURFACE ( 'NONE', #4435, 119.9999999999999858 ) ;
#3893 = VERTEX_POINT ( 'NONE', #2476 ) ;
#3894 = ORIENTED_EDGE ( 'NONE', *, *, #7771, .F. ) ;
#3895 = CARTESIAN_POINT ( 'NONE',  ( 15.00000000000000000, -94.83578902281104206, 31.43931079701635412 ) ) ;
#3896 = VERTEX_POINT ( 'NONE', #449 ) ;
#3897 = DIRECTION ( 'NONE',  ( -1.000000000000000000, 2.130626907000494790E-16, 2.115721018819838060E-16 ) ) ;
#3898 = CARTESIAN_POINT ( 'NONE',  ( 15.00000000000000000, -137.5734138895658702, 38.03260002172675058 ) ) ;
#3899 = CARTESIAN_POINT ( 'NONE',  ( 16.56999303613018881, -81.01410668308768948, 2.909620740086807711 ) ) ;
#3900 = DIRECTION ( 'NONE',  ( 0.000000000000000000, 0.6427876096865350330, 0.7660444431189816772 ) ) ;
#3901 = CYLINDRICAL_SURFACE ( 'NONE', #1902, 40.00000000000000000 ) ;
#3902 = DIRECTION ( 'NONE',  ( -1.000000000000000000, 0.000000000000000000, 2.891205793294682764E-16 ) ) ;
#3903 = CARTESIAN_POINT ( 'NONE',  ( 1.924683975967909744, -110.1970663609765921, 46.77795657377369309 ) ) ;
#3904 = CARTESIAN_POINT ( 'NONE',  ( 15.55833225869307412, -12.68056350345407246, -21.29634816116374552 ) ) ;
#3905 = ADVANCED_FACE ( 'NONE', ( #8390 ), #4703, .F. ) ;
#3906 = ORIENTED_EDGE ( 'NONE', *, *, #7652, .T. ) ;
#3907 = CARTESIAN_POINT ( 'NONE',  ( 12.43908547371794526, 16.12714343286310026, -44.71584635449673328 ) ) ;
#3908 = ORIENTED_EDGE ( 'NONE', *, *, #9214, .F. ) ;
#3909 = DIRECTION ( 'NONE',  ( 0.000000000000000000, -0.9848077530122093526, 0.1736481776669232813 ) ) ;
#3910 = CARTESIAN_POINT ( 'NONE',  ( 15.71191132292814174, 13.64959355361061988, -21.29858067135389987 ) ) ;
#3911 = CARTESIAN_POINT ( 'NONE',  ( 1.678468424782574520, -117.5760481090031959, 17.49673340795115806 ) ) ;
#3912 = CARTESIAN_POINT ( 'NONE',  ( 10.89758854288269774, -15.63319521157902692, -44.29634816116370644 ) ) ;
#3913 = CARTESIAN_POINT ( 'NONE',  ( 12.23880547039628475, -14.64343620404610213, -22.80120203337452622 ) ) ;
#3914 = CARTESIAN_POINT ( 'NONE',  ( 12.40000000000000036, -51.37579633631954579, -6.267618961749016115 ) ) ;
#3915 = CARTESIAN_POINT ( 'NONE',  ( 15.00000000000000000, -102.4354725622696520, 32.89373915965727946 ) ) ;
#3916 = CARTESIAN_POINT ( 'NONE',  ( 16.21760641695420802, -77.96611519929989242, 15.42804790948541793 ) ) ;
#3917 =( BOUNDED_CURVE ( )  B_SPLINE_CURVE ( 2, ( #5312, #4393, #7408 ),
 .UNSPECIFIED., .F., .F. ) 
 B_SPLINE_CURVE_WITH_KNOTS ( ( 3, 3 ),
 ( 0.000000000000000000, 1.000000000000000000 ),
 .UNSPECIFIED. ) 
 CURVE ( )  GEOMETRIC_REPRESENTATION_ITEM ( )  RATIONAL_B_SPLINE_CURVE ( ( 1.000000000000000000, 0.7071067811865460184, 1.000000000000000000 ) ) 
 REPRESENTATION_ITEM ( '' )  );
#3918 = B_SPLINE_CURVE_WITH_KNOTS ( 'NONE', 3,
 ( #5966, #5779, #1509, #731, #5234, #4412, #1463, #4460, #7285, #5187 ),
 .UNSPECIFIED., .F., .F.,
 ( 4, 2, 2, 2, 4 ),
 ( 0.000000000000000000, 0.2500000000000000000, 0.5000000000000000000, 0.7500000000000000000, 1.000000000000000000 ),
 .UNSPECIFIED. ) ;
#3919 = ORIENTED_EDGE ( 'NONE', *, *, #5258, .F. ) ;
#3920 = CARTESIAN_POINT ( 'NONE',  ( 1.368741703797061948, -123.1118728735869183, 18.55375938094162080 ) ) ;
#3921 = VERTEX_POINT ( 'NONE', #4077 ) ;
#3922 = VERTEX_POINT ( 'NONE', #349 ) ;
#3923 = DIRECTION ( 'NONE',  ( -1.000000000000000000, 0.000000000000000000, 0.000000000000000000 ) ) ;
#3924 = CARTESIAN_POINT ( 'NONE',  ( 15.24305798943230350, -12.93429679427985590, -21.35257283351003110 ) ) ;
#3925 = VECTOR ( 'NONE', #14, 1000.000000000000000 ) ;
#3926 = CARTESIAN_POINT ( 'NONE',  ( 14.25000000000000000, -34.26154548852704096, -1.676007379934206343 ) ) ;
#3927 = ADVANCED_FACE ( 'NONE', ( #9172 ), #8490, .T. ) ;
#3928 = VECTOR ( 'NONE', #2819, 1000.000000000000000 ) ;
#3929 = DIRECTION ( 'NONE',  ( 1.000000000000000000, 0.000000000000000000, 0.000000000000000000 ) ) ;
#3930 = CARTESIAN_POINT ( 'NONE',  ( 11.71469472019617797, 17.18380874983438034, -45.26548647669029179 ) ) ;
#3931 = ADVANCED_FACE ( 'NONE', ( #4028 ), #1894, .F. ) ;
#3932 = CIRCLE ( 'NONE', #9045, 10.00000000000000355 ) ;
#3933 = CARTESIAN_POINT ( 'NONE',  ( 15.00000000000000355, -100.7621118325065339, 44.45718777542829514 ) ) ;
#3934 = VERTEX_POINT ( 'NONE', #9275 ) ;
#3935 = VERTEX_POINT ( 'NONE', #4799 ) ;
#3936 = CARTESIAN_POINT ( 'NONE',  ( 13.16383936330193727, 15.34771388378070789, -22.44268340139673157 ) ) ;
#3937 = CARTESIAN_POINT ( 'NONE',  ( 13.75979338471609559, -56.79796886841590009, -9.289238268014591071 ) ) ;
#3938 = CARTESIAN_POINT ( 'NONE',  ( 21.74848742844213945, -16.15284120336576379, -20.79288604686765396 ) ) ;
#3939 = VECTOR ( 'NONE', #6614, 1000.000000000000000 ) ;
#3940 = LINE ( 'NONE', #2237, #5731 ) ;
#3941 = DIRECTION ( 'NONE',  ( 0.000000000000000000, -0.7617614198329730746, -0.6478576535428541838 ) ) ;
#3942 = CARTESIAN_POINT ( 'NONE',  ( 22.64470771265480664, 14.68360394636480493, -19.12641846133862344 ) ) ;
#3943 = ORIENTED_EDGE ( 'NONE', *, *, #9140, .T. ) ;
#3944 = VERTEX_POINT ( 'NONE', #8442 ) ;
#3945 = VERTEX_POINT ( 'NONE', #1846 ) ;
#3946 = CARTESIAN_POINT ( 'NONE',  ( 12.49117461451190358, -14.43646543035226948, -22.07875347426032064 ) ) ;
#3947 = CARTESIAN_POINT ( 'NONE',  ( 0.000000000000000000, 0.5375364957382012809, -21.29634816116374907 ) ) ;
#3948 = FACE_OUTER_BOUND ( 'NONE', #4560, .T. ) ;
#3949 = CARTESIAN_POINT ( 'NONE',  ( 18.27856375581120218, -45.33072870743707483, 15.02919426492596244 ) ) ;
#3950 = DIRECTION ( 'NONE',  ( 1.000000000000000000, 0.000000000000000000, 0.000000000000000000 ) ) ;
#3951 = FACE_OUTER_BOUND ( 'NONE', #6100, .T. ) ;
#3952 = LINE ( 'NONE', #4627, #4401 ) ;
#3953 = CARTESIAN_POINT ( 'NONE',  ( 21.61269861007209769, -51.88781583971213962, 14.11547202377192356 ) ) ;
#3954 = ORIENTED_EDGE ( 'NONE', *, *, #6474, .F. ) ;
#3955 = LINE ( 'NONE', #276, #3571 ) ;
#3956 = ORIENTED_EDGE ( 'NONE', *, *, #4035, .F. ) ;
#3957 = CARTESIAN_POINT ( 'NONE',  ( 14.70700594834913844, 24.53753649573820184, -45.29634816116374196 ) ) ;
#3958 = CARTESIAN_POINT ( 'NONE',  ( 15.32109784541557573, 13.95118313055095882, -21.33936434940836691 ) ) ;
#3959 = CARTESIAN_POINT ( 'NONE',  ( 2.923924004966644841, -102.1907507554157775, 11.44887388748570523 ) ) ;
#3960 = CARTESIAN_POINT ( 'NONE',  ( 15.00000000000000000, -109.8526976321480788, 33.64900206775574532 ) ) ;
#3961 = CARTESIAN_POINT ( 'NONE',  ( 13.34917551253256995, -14.16792660136461635, -22.24929753470344096 ) ) ;
#3962 = VECTOR ( 'NONE', #3999, 1000.000000000000000 ) ;
#3963 = EDGE_CURVE ( 'NONE', #1159, #4752, #1008, .T. ) ;
#3964 = CARTESIAN_POINT ( 'NONE',  ( -14.09999999999999964, -39.23241120174885310, 6.648580071770402888 ) ) ;
#3965 = CARTESIAN_POINT ( 'NONE',  ( 15.00000000000000000, -102.9604000183755375, 32.95377308256779258 ) ) ;
#3966 = CARTESIAN_POINT ( 'NONE',  ( 16.22848729459336425, -76.10435538319671878, 19.22016425251037219 ) ) ;
#3967 = EDGE_CURVE ( 'NONE', #1401, #7430, #6276, .T. ) ;
#3968 = ORIENTED_EDGE ( 'NONE', *, *, #5529, .F. ) ;
#3969 = CARTESIAN_POINT ( 'NONE',  ( 16.11716322512130617, -74.13916700189051312, 25.07466987467967101 ) ) ;
#3970 = ORIENTED_EDGE ( 'NONE', *, *, #1019, .T. ) ;
#3971 = CARTESIAN_POINT ( 'NONE',  ( 19.65137614678898359, -58.57735115207956511, 19.00500654401064793 ) ) ;
#3972 = VERTEX_POINT ( 'NONE', #4753 ) ;
#3973 = DIRECTION ( 'NONE',  ( -0.000000000000000000, -0.9396926207859072067, 0.3420201433256719326 ) ) ;
#3974 = CARTESIAN_POINT ( 'NONE',  ( 2.099999999999987210, -22.82182225824879751, -13.25357600088130638 ) ) ;
#3975 = LINE ( 'NONE', #3926, #9102 ) ;
#3976 = VECTOR ( 'NONE', #8793, 1000.000000000000114 ) ;
#3977 = SURFACE_STYLE_FILL_AREA ( #5531 ) ;
#3978 = DIRECTION ( 'NONE',  ( 0.000000000000000000, 0.000000000000000000, -1.000000000000000000 ) ) ;
#3979 = EDGE_CURVE ( 'NONE', #3259, #4302, #5488, .T. ) ;
#3980 = DIRECTION ( 'NONE',  ( 1.000000000000000000, -4.785347698807420043E-17, 8.437859113708776283E-18 ) ) ;
#3981 = VERTEX_POINT ( 'NONE', #4127 ) ;
#3982 = EDGE_CURVE ( 'NONE', #8580, #3486, #1993, .T. ) ;
#3983 = B_SPLINE_SURFACE_WITH_KNOTS ( 'NONE', 1, 3, ( 
 ( #8745, #8061, #5138, #5049, #8879, #1465, #1512, #4414, #4364, #8020, #7428, #7335, #4463, #4320, #777, #3592, #7288, #685, #3643, #2917, #8832, #2182, #7382, #3733, #6705, #9023, #2322, #5433, #6119, #3254, #2526, #3103, #4025, #8340, #5334, #3829, #6223, #5285 ),
 ( #7726, #1653, #247, #3930, #6805, #7628, #4751, #3208, #146, #6070, #8242, #1607, #99, #6906, #2375, #1752, #4557, #975, #3158, #6174, #8389, #9170, #3056, #4606, #5485, #5382, #7527, #8440, #1077, #8294, #7676, #7577, #9123, #1701, #927, #4651, #6020, #3880 ) ),
 .UNSPECIFIED., .F., .F., .F.,
 ( 2, 2 ),
 ( 4, 2, 2, 2, 2, 2, 2, 2, 2, 2, 2, 2, 2, 2, 2, 2, 2, 2, 4 ),
 ( 0.000000000000000000, 1.000000000000000000 ),
 ( 0.000000000000000000, 0.0002683331606091759634, 0.0004024997409137639451, 0.0005366663212183519268, 0.0006708329015229399627, 0.0008049994818275278902, 0.0009391660621321158177, 0.001073332642436703854, 0.001207499222741291890, 0.001341665803045879925, 0.001475832383350467961, 0.001609998963655055780, 0.001677082253807349582, 0.001744165543959643599, 0.001811248834111937617, 0.001878332124264231635, 0.001945415414416525653, 0.002012498704568819671, 0.002146665284873407707 ),
 .UNSPECIFIED. ) ;
#3984 = ORIENTED_EDGE ( 'NONE', *, *, #1596, .T. ) ;
#3985 = CARTESIAN_POINT ( 'NONE',  ( 12.39811334357028905, 15.58870668243348767, -22.27957370554075567 ) ) ;
#3986 = CARTESIAN_POINT ( 'NONE',  ( 2.812633584633067674, -103.3435119912996356, 12.08193723974935097 ) ) ;
#3987 = CIRCLE ( 'NONE', #9561, 5.000000000000000888 ) ;
#3988 = CARTESIAN_POINT ( 'NONE',  ( 22.03762289403380947, -13.11252726243340661, -19.03718355716699406 ) ) ;
#3989 = CARTESIAN_POINT ( 'NONE',  ( 2.099999999999987210, -76.10435538319671878, 16.87016425251036722 ) ) ;
#3990 = CARTESIAN_POINT ( 'NONE',  ( 13.89999999999999858, -58.74016882826288111, 19.49293262007675054 ) ) ;
#3991 = CARTESIAN_POINT ( 'NONE',  ( 19.72848396417341377, 18.06397657989739614, -42.83750942186244259 ) ) ;
#3992 = ORIENTED_EDGE ( 'NONE', *, *, #9386, .F. ) ;
#3993 = ORIENTED_EDGE ( 'NONE', *, *, #9508, .F. ) ;
#3994 = EDGE_LOOP ( 'NONE', ( #3162, #8369, #1647, #5617, #6303, #5557, #2083 ) ) ;
#3995 = CARTESIAN_POINT ( 'NONE',  ( 14.41902270314859003, -25.43113537955935399, -43.32865654163798297 ) ) ;
#3996 = DIRECTION ( 'NONE',  ( -0.1251691050984282405, 3.585584598939436011E-16, -0.9921354217690540045 ) ) ;
#3997 = CARTESIAN_POINT ( 'NONE',  ( 0.6366358260561036930, -36.03954341246929971, -21.95791196744519524 ) ) ;
#3998 = ADVANCED_FACE ( 'NONE', ( #2672 ), #399, .F. ) ;
#3999 = DIRECTION ( 'NONE',  ( -1.000000000000000000, -0.000000000000000000, -0.000000000000000000 ) ) ;
#4000 = FACE_OUTER_BOUND ( 'NONE', #7680, .T. ) ;
#4001 = CARTESIAN_POINT ( 'NONE',  ( 11.52864121799639641, -15.18953629454850685, -44.18102203182977661 ) ) ;
#4002 = CARTESIAN_POINT ( 'NONE',  ( 15.85086760509274484, -12.46246350426197580, -21.29634816116374907 ) ) ;
#4003 = ORIENTED_EDGE ( 'NONE', *, *, #125, .T. ) ;
#4004 = CARTESIAN_POINT ( 'NONE',  ( 12.07516486994158100, 16.67012059483941044, -45.09924370601278554 ) ) ;
#4005 = ORIENTED_EDGE ( 'NONE', *, *, #3681, .T. ) ;
#4006 = CARTESIAN_POINT ( 'NONE',  ( 15.00000000000000000, -130.5636817935659053, 34.92882432268652337 ) ) ;
#4007 = CARTESIAN_POINT ( 'NONE',  ( 15.16943500089345065, 14.06357798736745046, -21.36676672283991962 ) ) ;
#4008 = CARTESIAN_POINT ( 'NONE',  ( 14.46631930989581782, 14.37890379049981426, -21.29634816116375262 ) ) ;
#4009 = CARTESIAN_POINT ( 'NONE',  ( 14.99999999999999822, -114.5136844963287501, 34.24720554362819058 ) ) ;
#4010 = CARTESIAN_POINT ( 'NONE',  ( 12.19084177677400405, -14.68196722359714101, -23.16930724674310227 ) ) ;
#4011 = CARTESIAN_POINT ( 'NONE',  ( 9.516231763884833939, -131.0435924386279396, 32.14413114992009213 ) ) ;
#4012 = LINE ( 'NONE', #1690, #1114 ) ;
#4013 = CARTESIAN_POINT ( 'NONE',  ( -2.772657875789683650E-13, -33.99686541749071722, -23.21194410569244937 ) ) ;
#4014 = EDGE_CURVE ( 'NONE', #3197, #2571, #7874, .T. ) ;
#4015 = ORIENTED_EDGE ( 'NONE', *, *, #7859, .T. ) ;
#4016 = CARTESIAN_POINT ( 'NONE',  ( 16.07051794309888848, -71.64049219606938834, 31.24612109763724987 ) ) ;
#4017 = ORIENTED_EDGE ( 'NONE', *, *, #1396, .F. ) ;
#4018 = FACE_OUTER_BOUND ( 'NONE', #8665, .T. ) ;
#4019 = CARTESIAN_POINT ( 'NONE',  ( 11.49719640166772727, -16.40753035201471732, -45.29634816116376328 ) ) ;
#4020 = CARTESIAN_POINT ( 'NONE',  ( -14.09999999999999964, -60.96200874009102222, 23.04943361583019268 ) ) ;
#4021 = CARTESIAN_POINT ( 'NONE',  ( 12.43057464013614322, 15.56188257909026085, -22.20569022638419199 ) ) ;
#4022 = EDGE_CURVE ( 'NONE', #3945, #468, #2032, .T. ) ;
#4023 = LINE ( 'NONE', #396, #6057 ) ;
#4024 = EDGE_CURVE ( 'NONE', #759, #2593, #6366, .T. ) ;
#4025 = CARTESIAN_POINT ( 'NONE',  ( 12.16191811742482187, 15.78016723592955195, -43.51656884509724676 ) ) ;
#4026 = EDGE_CURVE ( 'NONE', #2593, #8174, #564, .T. ) ;
#4027 = ORIENTED_EDGE ( 'NONE', *, *, #1007, .F. ) ;
#4028 = FACE_OUTER_BOUND ( 'NONE', #2501, .T. ) ;
#4029 =( GEOMETRIC_REPRESENTATION_CONTEXT ( 3 ) GLOBAL_UNCERTAINTY_ASSIGNED_CONTEXT ( ( #1010 ) ) GLOBAL_UNIT_ASSIGNED_CONTEXT ( ( #4700, #7725, #7000 ) ) REPRESENTATION_CONTEXT ( 'NONE', 'WORKASPACE' ) );
#4030 = ORIENTED_EDGE ( 'NONE', *, *, #3450, .T. ) ;
#4031 = ORIENTED_EDGE ( 'NONE', *, *, #7473, .T. ) ;
#4032 = DIRECTION ( 'NONE',  ( 0.000000000000000000, 0.000000000000000000, -1.000000000000000000 ) ) ;
#4033 = DIRECTION ( 'NONE',  ( 1.000000000000000000, -0.000000000000000000, -0.000000000000000000 ) ) ;
#4034 = CARTESIAN_POINT ( 'NONE',  ( 21.45161259951663979, -17.06119867171231164, -22.98585496643089243 ) ) ;
#4035 = EDGE_CURVE ( 'NONE', #7406, #871, #2978, .T. ) ;
#4036 = DIRECTION ( 'NONE',  ( -1.000000000000000000, 0.000000000000000000, 0.000000000000000000 ) ) ;
#4037 = CARTESIAN_POINT ( 'NONE',  ( 10.91483410055961656, -66.01530771400859976, -2.071886986874952985 ) ) ;
#4038 = CIRCLE ( 'NONE', #5591, 2.000000000000000000 ) ;
#4039 = VECTOR ( 'NONE', #3526, 1000.000000000000000 ) ;
#4040 = DIRECTION ( 'NONE',  ( -1.000000000000000000, -0.000000000000000000, 0.000000000000000000 ) ) ;
#4041 = ORIENTED_EDGE ( 'NONE', *, *, #4938, .T. ) ;
#4042 = VERTEX_POINT ( 'NONE', #2267 ) ;
#4043 = ORIENTED_EDGE ( 'NONE', *, *, #5003, .T. ) ;
#4044 = CARTESIAN_POINT ( 'NONE',  ( 19.31685785289107571, -14.30908260734474169, -22.52822918485789572 ) ) ;
#4045 = DIRECTION ( 'NONE',  ( 1.000000000000000000, 0.000000000000000000, 0.000000000000000000 ) ) ;
#4046 = VECTOR ( 'NONE', #7405, 1000.000000000000000 ) ;
#4047 = CYLINDRICAL_SURFACE ( 'NONE', #5987, 3.000000000000000444 ) ;
#4048 = CARTESIAN_POINT ( 'NONE',  ( 0.000000000000000000, -133.7038235893525382, 48.66421199410356735 ) ) ;
#4049 = CARTESIAN_POINT ( 'NONE',  ( 17.53068050820106549, 30.22642330811765277, -23.77596164592430483 ) ) ;
#4050 = LINE ( 'NONE', #7025, #1146 ) ;
#4051 = ADVANCED_FACE ( 'NONE', ( #1598, #2950 ), #5375, .T. ) ;
#4052 = CARTESIAN_POINT ( 'NONE',  ( 12.16168269045652295, -14.70528214103540066, -43.51751777569351987 ) ) ;
#4053 = CARTESIAN_POINT ( 'NONE',  ( 15.39674443916136859, -12.78841307666294114, -21.29634816116374907 ) ) ;
#4054 = EDGE_CURVE ( 'NONE', #482, #3896, #8920, .T. ) ;
#4055 = VERTEX_POINT ( 'NONE', #190 ) ;
#4056 = CARTESIAN_POINT ( 'NONE',  ( 12.19622065609004125, 16.49220146503613194, -45.00167589169484472 ) ) ;
#4057 = EDGE_LOOP ( 'NONE', ( #8055, #8044, #1823, #3709 ) ) ;
#4058 = CARTESIAN_POINT ( 'NONE',  ( 17.82500170065787515, -70.41677991645448742, 10.69682382648356267 ) ) ;
#4059 = CARTESIAN_POINT ( 'NONE',  ( 15.78368608093324177, 13.59214635620830336, -21.29634816519494578 ) ) ;
#4060 = CARTESIAN_POINT ( 'NONE',  ( 15.75378269532326847, 13.61647755344798405, -21.29634816116375617 ) ) ;
#4061 = CARTESIAN_POINT ( 'NONE',  ( 15.00000000000000000, -105.4912514368568992, 33.19335686479304570 ) ) ;
#4062 = CARTESIAN_POINT ( 'NONE',  ( 13.93588179381648118, -13.10260307024612914, -20.61042444509038774 ) ) ;
#4063 = DIRECTION ( 'NONE',  ( 0.000000000000000000, -0.7660444431189817882, 0.6427876096865347000 ) ) ;
#4064 = CARTESIAN_POINT ( 'NONE',  ( 22.85694156685492473, -48.03771218279310773, -6.384716172197919981 ) ) ;
#4065 = CARTESIAN_POINT ( 'NONE',  ( 16.20828204393822247, -76.25912501972257473, 19.22016425251037575 ) ) ;
#4066 = EDGE_LOOP ( 'NONE', ( #4662, #1412, #7941, #5327 ) ) ;
#4067 = CARTESIAN_POINT ( 'NONE',  ( 15.00000000000000000, -122.3442200681278678, 32.30174611396974882 ) ) ;
#4068 = ORIENTED_EDGE ( 'NONE', *, *, #3020, .F. ) ;
#4069 = DIRECTION ( 'NONE',  ( 1.000000000000000000, 0.000000000000000000, 0.000000000000000000 ) ) ;
#4070 = CARTESIAN_POINT ( 'NONE',  ( 11.80790854742910057, -15.97804841701616319, -45.23697078652818249 ) ) ;
#4071 = CARTESIAN_POINT ( 'NONE',  ( 23.28325370891903745, -120.2201213401917244, 40.11018988692320875 ) ) ;
#4072 = FACE_OUTER_BOUND ( 'NONE', #8723, .T. ) ;
#4073 = AXIS2_PLACEMENT_3D ( 'NONE', #4829, #6305, #7610 ) ;
#4074 = CARTESIAN_POINT ( 'NONE',  ( 6.550000000000000711, 10.71562816763628412, -12.65297644718270220 ) ) ;
#4075 = DIRECTION ( 'NONE',  ( -1.000000000000000000, 0.000000000000000000, 0.000000000000000000 ) ) ;
#4076 = ORIENTED_EDGE ( 'NONE', *, *, #6661, .F. ) ;
#4077 = CARTESIAN_POINT ( 'NONE',  ( 14.25000000000000000, -1.799127793371383621, -5.369154254846319141 ) ) ;
#4078 = CIRCLE ( 'NONE', #7958, 1.900000000000014566 ) ;
#4079 = ORIENTED_EDGE ( 'NONE', *, *, #1548, .F. ) ;
#4080 = CARTESIAN_POINT ( 'NONE',  ( 14.56617993763280339, -54.17123625276251175, -11.49332863701063978 ) ) ;
#4081 = AXIS2_PLACEMENT_3D ( 'NONE', #5477, #1025, #8583 ) ;
#4082 = CARTESIAN_POINT ( 'NONE',  ( 15.87424617105140356, 13.52011032407798474, -21.29216706782822044 ) ) ;
#4083 = CARTESIAN_POINT ( 'NONE',  ( 5.999999999999998224, -55.88670924954958252, -7.443061299447526480 ) ) ;
#4084 = VECTOR ( 'NONE', #1736, 1000.000000000000114 ) ;
#4085 = CARTESIAN_POINT ( 'NONE',  ( 6.000000000000000000, -49.46863626127934310, -10.21764939810934791 ) ) ;
#4086 = EDGE_CURVE ( 'NONE', #69, #8416, #5325, .T. ) ;
#4087 = CARTESIAN_POINT ( 'NONE',  ( 9.631890830896415068, -53.19229884670396302, 21.62583486925903742 ) ) ;
#4088 = LINE ( 'NONE', #3410, #366 ) ;
#4089 = AXIS2_PLACEMENT_3D ( 'NONE', #2407, #3909, #2305 ) ;
#4090 = LINE ( 'NONE', #6967, #1962 ) ;
#4091 = EDGE_LOOP ( 'NONE', ( #3672, #5810, #3137, #6137 ) ) ;
#4092 = ORIENTED_EDGE ( 'NONE', *, *, #2899, .F. ) ;
#4093 = VERTEX_POINT ( 'NONE', #8188 ) ;
#4094 = DIRECTION ( 'NONE',  ( 0.000000000000000000, -0.3420201433256692680, -0.9396926207859083169 ) ) ;
#4095 = DIRECTION ( 'NONE',  ( -0.5958697513482541508, 0.5971223951134431163, -0.5370140451442169116 ) ) ;
#4096 = VECTOR ( 'NONE', #9516, 1000.000000000000000 ) ;
#4097 = CARTESIAN_POINT ( 'NONE',  ( 15.00000000000000000, -121.6146209167750953, 32.15082025333357763 ) ) ;
#4098 = CARTESIAN_POINT ( 'NONE',  ( 12.67335791100566489, -61.71939882608366901, -5.159668205670796759 ) ) ;
#4099 = CARTESIAN_POINT ( 'NONE',  ( 0.000000000000000000, -23.46246350426182303, -45.29634816116374907 ) ) ;
#4100 = CARTESIAN_POINT ( 'NONE',  ( 14.24591257385626086, -13.41121630497089079, -21.29634816116374907 ) ) ;
#4101 = VECTOR ( 'NONE', #3400, 1000.000000000000114 ) ;
#4102 = CARTESIAN_POINT ( 'NONE',  ( 15.31870543136759899, -33.26029822648965251, -23.75276671604290613 ) ) ;
#4103 = ORIENTED_EDGE ( 'NONE', *, *, #9538, .T. ) ;
#4104 = CARTESIAN_POINT ( 'NONE',  ( 11.91443268384236198, 16.90196738145924371, -45.19268748517940537 ) ) ;
#4105 = CARTESIAN_POINT ( 'NONE',  ( 16.66920756382589985, -76.08565471988323736, 12.62274201659606376 ) ) ;
#4106 = ADVANCED_FACE ( 'NONE', ( #5911 ), #8235, .F. ) ;
#4107 = ORIENTED_EDGE ( 'NONE', *, *, #8062, .F. ) ;
#4108 = LINE ( 'NONE', #3385, #6725 ) ;
#4109 = CARTESIAN_POINT ( 'NONE',  ( 15.00000000000000355, -106.1314219144969258, 33.24681955405706191 ) ) ;
#4110 = CARTESIAN_POINT ( 'NONE',  ( 14.05285315286382541, -13.75126871750794244, -21.77357140158016335 ) ) ;
#4111 = ADVANCED_FACE ( 'NONE', ( #4547 ), #9174, .T. ) ;
#4112 = CARTESIAN_POINT ( 'NONE',  ( 10.48447168601375878, -67.51255360434653596, 29.70567073343217146 ) ) ;
#4113 = CARTESIAN_POINT ( 'NONE',  ( 16.06276487918619722, -78.45497326228158386, 17.01435609243138458 ) ) ;
#4114 = ORIENTED_EDGE ( 'NONE', *, *, #7323, .T. ) ;
#4115 = FACE_OUTER_BOUND ( 'NONE', #9201, .T. ) ;
#4116 = EDGE_LOOP ( 'NONE', ( #9057, #3993, #3637, #2998 ) ) ;
#4117 = DIRECTION ( 'NONE',  ( -0.000000000000000000, 0.8419636576019617902, -0.5395342429146887664 ) ) ;
#4118 = VECTOR ( 'NONE', #3817, 1000.000000000000000 ) ;
#4119 = CARTESIAN_POINT ( 'NONE',  ( 6.881873835721417088, -76.68338092144522022, 2.208378637914939269 ) ) ;
#4120 = CARTESIAN_POINT ( 'NONE',  ( 15.15186955528991852, -13.00137074282300809, -21.37032098459751595 ) ) ;
#4121 = EDGE_CURVE ( 'NONE', #8768, #1487, #4344, .T. ) ;
#4122 = CARTESIAN_POINT ( 'NONE',  ( 11.93923636073179928, -14.88014573994437306, -43.90755210557549759 ) ) ;
#4123 = B_SPLINE_CURVE_WITH_KNOTS ( 'NONE', 3,
 ( #5322, #7369, #8233, #5224, #7466, #4403, #8282, #6843, #2215, #8138 ),
 .UNSPECIFIED., .F., .F.,
 ( 4, 2, 2, 2, 4 ),
 ( 0.000000000000000000, 0.2500000000000000000, 0.5000000000000000000, 0.7500000000000000000, 1.000000000000000000 ),
 .UNSPECIFIED. ) ;
#4124 = CARTESIAN_POINT ( 'NONE',  ( 13.98799080386547189, -25.46246350426180882, -43.30711048685678577 ) ) ;
#4125 = LINE ( 'NONE', #3356, #2386 ) ;
#4126 = VERTEX_POINT ( 'NONE', #2617 ) ;
#4127 = CARTESIAN_POINT ( 'NONE',  ( 7.399999999999995026, -48.31161856384360931, -8.838769400495159800 ) ) ;
#4128 = ORIENTED_EDGE ( 'NONE', *, *, #8999, .F. ) ;
#4129 = CARTESIAN_POINT ( 'NONE',  ( 14.99999999999984901, -91.47749952820713304, 41.00553727537221249 ) ) ;
#4130 = CARTESIAN_POINT ( 'NONE',  ( 16.03043454658953237, 13.38948130297618455, -21.30183577466519296 ) ) ;
#4131 = CARTESIAN_POINT ( 'NONE',  ( 2.173737717407912218, -110.6780704386731742, 15.38392672833522568 ) ) ;
#4132 = CARTESIAN_POINT ( 'NONE',  ( 20.05519005872401195, 15.42465716420452182, -22.63262927743095076 ) ) ;
#4133 = CARTESIAN_POINT ( 'NONE',  ( 12.19083461222129472, 15.75704869086030158, -21.29634816116374907 ) ) ;
#4134 = CARTESIAN_POINT ( 'NONE',  ( 7.399999999999999467, -48.31161856384360931, -8.838769400495159800 ) ) ;
#4135 = VECTOR ( 'NONE', #2098, 999.9999999999998863 ) ;
#4136 = VECTOR ( 'NONE', #2918, 1000.000000000000114 ) ;
#4137 = DIRECTION ( 'NONE',  ( -1.000000000000000000, -0.000000000000000000, -0.000000000000000000 ) ) ;
#4138 = ORIENTED_EDGE ( 'NONE', *, *, #7065, .F. ) ;
#4139 = VECTOR ( 'NONE', #4749, 1000.000000000000000 ) ;
#4140 = ORIENTED_EDGE ( 'NONE', *, *, #4977, .F. ) ;
#4141 = ADVANCED_FACE ( 'NONE', ( #3298 ), #5958, .T. ) ;
#4142 = ORIENTED_EDGE ( 'NONE', *, *, #4857, .T. ) ;
#4143 = CARTESIAN_POINT ( 'NONE',  ( 12.14304774825058253, -61.94062877241461251, 27.28681156335013114 ) ) ;
#4144 = CARTESIAN_POINT ( 'NONE',  ( 22.88582575230853422, -48.33625255802852649, -6.103128989182554420 ) ) ;
#4145 = CARTESIAN_POINT ( 'NONE',  ( 15.00000000000000000, -129.3550631442867882, 37.31601460357121169 ) ) ;
#4146 = CARTESIAN_POINT ( 'NONE',  ( 13.79342854345771663, -56.58780485939625038, -9.465586810469710954 ) ) ;
#4147 = EDGE_CURVE ( 'NONE', #7442, #1241, #5118, .T. ) ;
#4148 = CARTESIAN_POINT ( 'NONE',  ( 14.77086202464044717, -40.87567863006371738, -19.89844702709668667 ) ) ;
#4149 = CARTESIAN_POINT ( 'NONE',  ( 22.43645235414469141, -43.19915646832044587, -10.57083308219743145 ) ) ;
#4150 = EDGE_CURVE ( 'NONE', #9597, #7572, #6965, .T. ) ;
#4151 = CARTESIAN_POINT ( 'NONE',  ( 15.10622632678388477, -36.91983814466070868, -21.50881349568588519 ) ) ;
#4152 = ORIENTED_EDGE ( 'NONE', *, *, #1364, .F. ) ;
#4153 = CARTESIAN_POINT ( 'NONE',  ( 15.30620334063794274, -33.62830256264893336, -23.45590505856586816 ) ) ;
#4154 = ORIENTED_EDGE ( 'NONE', *, *, #5105, .F. ) ;
#4155 = CYLINDRICAL_SURFACE ( 'NONE', #2538, 1.000000000000000888 ) ;
#4156 = CARTESIAN_POINT ( 'NONE',  ( 13.33604529304027686, 15.25037078618175279, -22.26317210344688391 ) ) ;
#4157 = CARTESIAN_POINT ( 'NONE',  ( 2.000151088540154110, -112.8760168801677679, 16.18677120296615257 ) ) ;
#4158 = CARTESIAN_POINT ( 'NONE',  ( 3.154227438236711922, -99.94765143485837200, 10.12081695477789367 ) ) ;
#4159 = CARTESIAN_POINT ( 'NONE',  ( 16.03825427075859267, -12.32138171781036284, -21.31180833659769291 ) ) ;
#4160 = CARTESIAN_POINT ( 'NONE',  ( 22.10094539372660805, -37.86187703272648974, -14.17128849186840611 ) ) ;
#4161 = ADVANCED_FACE ( 'NONE', ( #288 ), #3246, .T. ) ;
#4162 = CARTESIAN_POINT ( 'NONE',  ( 0.000000000000000000, -0.1910129954336154956, -1.083288528313429699 ) ) ;
#4163 = EDGE_CURVE ( 'NONE', #5641, #3415, #3392, .T. ) ;
#4164 = ORIENTED_EDGE ( 'NONE', *, *, #765, .F. ) ;
#4165 = LINE ( 'NONE', #2026, #5901 ) ;
#4166 = ORIENTED_EDGE ( 'NONE', *, *, #4508, .F. ) ;
#4167 = CARTESIAN_POINT ( 'NONE',  ( 2.533319468290511356, -42.99555945152739156, 9.806236380224966354 ) ) ;
#4168 = CARTESIAN_POINT ( 'NONE',  ( 11.66932175058758858, -16.17162842215645213, -45.27509754521511809 ) ) ;
#4169 = DIRECTION ( 'NONE',  ( -0.000000000000000000, -0.000000000000000000, -1.000000000000000000 ) ) ;
#4170 = CARTESIAN_POINT ( 'NONE',  ( 12.37106005217770210, -15.15548523502088152, -44.81160011435697754 ) ) ;
#4171 = CARTESIAN_POINT ( 'NONE',  ( 15.54455704635227065, -25.13931753146016135, -43.38492052488899020 ) ) ;
#4172 = DIRECTION ( 'NONE',  ( 0.000000000000000000, 0.000000000000000000, 1.000000000000000000 ) ) ;
#4173 = ADVANCED_FACE ( 'NONE', ( #4115 ), #6213, .F. ) ;
#4174 = ORIENTED_EDGE ( 'NONE', *, *, #7202, .F. ) ;
#4175 = CARTESIAN_POINT ( 'NONE',  ( 13.89999999999999858, -44.95136885212121314, 7.922755645719122164 ) ) ;
#4176 = ADVANCED_FACE ( 'NONE', ( #8581 ), #9499, .T. ) ;
#4177 =( BOUNDED_CURVE ( )  B_SPLINE_CURVE ( 3, ( #1854, #3991, #2539, #8451 ),
 .UNSPECIFIED., .F., .F. ) 
 B_SPLINE_CURVE_WITH_KNOTS ( ( 4, 4 ),
 ( 2.659705769202928671, 3.631564070830923363 ),
 .UNSPECIFIED. ) 
 CURVE ( )  GEOMETRIC_REPRESENTATION_ITEM ( )  RATIONAL_B_SPLINE_CURVE ( ( 1.000000000000000000, 0.9228275929432501190, 0.9228275929432501190, 1.000000000000000000 ) ) 
 REPRESENTATION_ITEM ( '' )  );
#4178 = ORIENTED_EDGE ( 'NONE', *, *, #5768, .T. ) ;
#4179 = CARTESIAN_POINT ( 'NONE',  ( 17.28576169119532224, -53.99495265900696239, -10.88042811513838259 ) ) ;
#4180 = CARTESIAN_POINT ( 'NONE',  ( 14.24999999999999822, 30.63728543497760270, -13.11942228818445599 ) ) ;
#4181 = CARTESIAN_POINT ( 'NONE',  ( 2.146563838909990807, -111.0207431706680694, 15.51007846004214663 ) ) ;
#4182 = CARTESIAN_POINT ( 'NONE',  ( 20.06709465568702555, 15.40814973429004908, -22.58850028673196775 ) ) ;
#4183 = FACE_OUTER_BOUND ( 'NONE', #9107, .T. ) ;
#4184 = DIRECTION ( 'NONE',  ( 1.000000000000000000, -0.000000000000000000, -0.000000000000000000 ) ) ;
#4185 = DIRECTION ( 'NONE',  ( 0.000000000000000000, -0.6427876096865354771, -0.7660444431189813441 ) ) ;
#4186 = ORIENTED_EDGE ( 'NONE', *, *, #9182, .F. ) ;
#4187 = ORIENTED_EDGE ( 'NONE', *, *, #9145, .F. ) ;
#4188 = CARTESIAN_POINT ( 'NONE',  ( 12.57219794268171853, -60.61451623419257118, 26.58504671021475119 ) ) ;
#4189 = CARTESIAN_POINT ( 'NONE',  ( 1.055002252645400374, -122.1238203087441008, 49.72927226694071123 ) ) ;
#4190 = AXIS2_PLACEMENT_3D ( 'NONE', #3409, #9234, #2483 ) ;
#4191 = FACE_OUTER_BOUND ( 'NONE', #3323, .T. ) ;
#4192 = CARTESIAN_POINT ( 'NONE',  ( 15.24357805584016212, -82.57050228982993190, 27.74466529079871790 ) ) ;
#4193 = CARTESIAN_POINT ( 'NONE',  ( 22.34392202071628830, -41.92092820925934404, -11.52964797049388501 ) ) ;
#4194 = VECTOR ( 'NONE', #4486, 1000.000000000000000 ) ;
#4195 = LINE ( 'NONE', #9435, #8552 ) ;
#4196 = CARTESIAN_POINT ( 'NONE',  ( 15.37197637160816299, -31.16849184849899856, -25.58692287328226556 ) ) ;
#4197 = ORIENTED_EDGE ( 'NONE', *, *, #3437, .T. ) ;
#4198 = CARTESIAN_POINT ( 'NONE',  ( 4.000000000000000000, -30.39113852184311071, -11.88299054380818021 ) ) ;
#4199 = CARTESIAN_POINT ( 'NONE',  ( 14.68913951694340092, 14.40395034590121348, -21.49375873627611711 ) ) ;
#4200 = CARTESIAN_POINT ( 'NONE',  ( 22.50332930005547283, -53.13735035619531288, -1.025875021774302454 ) ) ;
#4201 = CARTESIAN_POINT ( 'NONE',  ( 12.40000000000000036, -48.80464589757341543, -3.203441189273088074 ) ) ;
#4202 = CARTESIAN_POINT ( 'NONE',  ( 12.94697864744247440, -14.39194495542959373, -22.76839199854702400 ) ) ;
#4203 = B_SPLINE_CURVE_WITH_KNOTS ( 'NONE', 3,
 ( #8229, #1640, #7240, #4540, #182, #7514, #5953, #810, #8959, #6740, #2990, #589, #7562, #1541, #6837, #5776, #3540, #2307, #1588, #4491, #862, #2410, #7968, #6007, #8913, #6513, #913, #3863, #2211, #3140, #5174, #133, #7463, #86, #5268, #3816, #6790 ),
 .UNSPECIFIED., .F., .F.,
 ( 4, 1, 1, 1, 1, 1, 2, 2, 1, 1, 1, 2, 2, 1, 1, 1, 1, 1, 2, 2, 1, 1, 1, 1, 2, 2, 4 ),
 ( 0.000000000000000000, 0.06249999999999884814, 0.09374999999999827915, 0.1093749999999980710, 0.1171874999999980571, 0.1210937499999980571, 0.1230468749999983763, 0.1249999999999986677, 0.1875000000000021649, 0.2187500000000038303, 0.2343750000000046629, 0.2421875000000050793, 0.2500000000000054956, 0.3750000000000069389, 0.4375000000000077161, 0.4687500000000081601, 0.4843750000000083267, 0.4921875000000084932, 0.4960937500000083822, 0.5000000000000083267, 0.6250000000000035527, 0.6875000000000012212, 0.7187500000000001110, 0.7343749999999994449, 0.7421874999999992228, 0.7499999999999988898, 1.000000000000000000 ),
 .UNSPECIFIED. ) ;
#4204 = CARTESIAN_POINT ( 'NONE',  ( 22.51833391016648633, -44.25241678748313490, -9.736092157666664804 ) ) ;
#4205 = ADVANCED_FACE ( 'NONE', ( #2468 ), #5423, .F. ) ;
#4206 = LINE ( 'NONE', #4341, #7767 ) ;
#4207 = ORIENTED_EDGE ( 'NONE', *, *, #4704, .F. ) ;
#4208 = CARTESIAN_POINT ( 'NONE',  ( 2.293786133499062352, -107.1327189383935377, 46.02674525003765638 ) ) ;
#4209 = ORIENTED_EDGE ( 'NONE', *, *, #2860, .T. ) ;
#4210 = CARTESIAN_POINT ( 'NONE',  ( 1.300011015784769519, -124.4758996252395917, 18.76861490077999761 ) ) ;
#4211 = ORIENTED_EDGE ( 'NONE', *, *, #7183, .T. ) ;
#4212 = CARTESIAN_POINT ( 'NONE',  ( 6.436388904534936728, -78.25173749522980415, 2.516719953607652105 ) ) ;
#4213 = CARTESIAN_POINT ( 'NONE',  ( 15.49624138013690455, -79.38864125209366307, 26.74549270907063203 ) ) ;
#4214 = CARTESIAN_POINT ( 'NONE',  ( 12.78489924545876555, -14.51219993231006988, -43.74175753272466238 ) ) ;
#4215 = CARTESIAN_POINT ( 'NONE',  ( 14.68836783784089839, -25.37821170884319599, -43.34212161100720095 ) ) ;
#4216 = DIRECTION ( 'NONE',  ( 0.000000000000000000, 0.000000000000000000, -1.000000000000000000 ) ) ;
#4217 = ORIENTED_EDGE ( 'NONE', *, *, #4886, .T. ) ;
#4218 = CARTESIAN_POINT ( 'NONE',  ( 17.79304137155930832, -46.34267374178245547, 15.87831697001682763 ) ) ;
#4219 = EDGE_LOOP ( 'NONE', ( #8678, #2764, #1071, #6695, #4304, #1559, #5360 ) ) ;
#4220 = CARTESIAN_POINT ( 'NONE',  ( 17.44121956599235546, -53.96701779736520876, -10.82653845025057215 ) ) ;
#4221 = CARTESIAN_POINT ( 'NONE',  ( 13.77268894321032988, -25.46246350426179816, -43.29634816116374907 ) ) ;
#4222 = VECTOR ( 'NONE', #4612, 1000.000000000000000 ) ;
#4223 = LINE ( 'NONE', #4180, #8790 ) ;
#4224 = EDGE_CURVE ( 'NONE', #5184, #9323, #8815, .T. ) ;
#4225 = CARTESIAN_POINT ( 'NONE',  ( 23.73188222302021799, -76.10435538319671878, 16.87016425251036722 ) ) ;
#4226 = CARTESIAN_POINT ( 'NONE',  ( 20.14819083147171241, 15.26642730180064866, -22.28240964696464133 ) ) ;
#4227 = DIRECTION ( 'NONE',  ( -1.000000000000000000, 0.000000000000000000, 0.000000000000000000 ) ) ;
#4228 = EDGE_CURVE ( 'NONE', #1365, #8824, #4165, .T. ) ;
#4229 = DIRECTION ( 'NONE',  ( 0.000000000000000000, -0.9848077530122093526, 0.1736481776669228927 ) ) ;
#4230 = AXIS2_PLACEMENT_3D ( 'NONE', #7299, #646, #6525 ) ;
#4231 =( BOUNDED_SURFACE ( )  B_SPLINE_SURFACE ( 2, 3, ( 
 ( #3718, #40, #2213, #6106, #7465, #3045, #7516, #5270, #6839, #1497, #766, #6692, #2992, #2263 ),
 ( #3769, #5956, #9062, #7368, #7564, #3818, #4542, #812, #1590, #8961, #8232, #864, #5320, #6793 ),
 ( #8916, #135, #3090, #916, #9012, #2360, #2413, #8281, #8091, #1452, #4402, #3676, #9591, #2945 ) ),
 .UNSPECIFIED., .F., .F., .F. ) 
 B_SPLINE_SURFACE_WITH_KNOTS ( ( 3, 3 ),
 ( 4, 2, 2, 2, 2, 2, 4 ),
 ( 0.000000000000000000, 1.000000000000000000 ),
 ( 0.6527724069916536198, 0.6625054721596332907, 0.6722385373276129616, 0.6917046676635721925, 0.7111707979995314233, 0.7306369283354907651, 0.8085014496793277994 ),
 .UNSPECIFIED. ) 
 GEOMETRIC_REPRESENTATION_ITEM ( )  RATIONAL_B_SPLINE_SURFACE ( (
 ( 1.000000000000000000, 1.000000000000000000, 1.000000000000000000, 1.000000000000000000, 1.000000000000000000, 1.000000000000000000, 1.000000000000000000, 1.000000000000000000, 1.000000000000000000, 1.000000000000000000, 1.000000000000000000, 1.000000000000000000, 1.000000000000000000, 1.000000000000000000),
 ( 0.6922877810844867419, 0.6923431637824782880, 0.6924041338344477658, 0.6925669411948927046, 0.6926704028484864661, 0.6930727185874432372, 0.6934752718343956124, 0.6945646869178748739, 0.6952768334439780595, 0.6968988446372428314, 0.6978078386575646830, 0.7029418558464750610, 0.7090337834507418613, 0.7161378034398281356),
 ( 1.000000000000000000, 1.000000000000000000, 1.000000000000000000, 1.000000000000000000, 1.000000000000000000, 1.000000000000000000, 1.000000000000000000, 1.000000000000000000, 1.000000000000000000, 1.000000000000000000, 1.000000000000000000, 1.000000000000000000, 1.000000000000000000, 1.000000000000000000) ) ) 
 REPRESENTATION_ITEM ( '' )  SURFACE ( )  );
#4232 = VECTOR ( 'NONE', #5302, 1000.000000000000000 ) ;
#4233 = CARTESIAN_POINT ( 'NONE',  ( -3.184081677783118191E-15, 13.53753649573836704, -21.29634816116374907 ) ) ;
#4234 = ORIENTED_EDGE ( 'NONE', *, *, #7588, .F. ) ;
#4235 = CARTESIAN_POINT ( 'NONE',  ( 15.00000000000000000, -133.7038235893524813, 48.66421199410369525 ) ) ;
#4236 = DIRECTION ( 'NONE',  ( 1.000000000000000000, 2.663245336515664183E-15, 0.000000000000000000 ) ) ;
#4237 = DIRECTION ( 'NONE',  ( 1.000000000000000000, 0.000000000000000000, 0.000000000000000000 ) ) ;
#4238 = CARTESIAN_POINT ( 'NONE',  ( 23.13338126671164119, -48.54810217235299774, -4.705193780877043430 ) ) ;
#4239 = AXIS2_PLACEMENT_3D ( 'NONE', #255, #984, #403 ) ;
#4240 = CARTESIAN_POINT ( 'NONE',  ( 15.07702739437512918, -85.80573080161879318, 28.73047463447298000 ) ) ;
#4241 = CARTESIAN_POINT ( 'NONE',  ( 22.65460624255340960, -45.87280134827904021, -8.370231039049935262 ) ) ;
#4242 = AXIS2_PLACEMENT_3D ( 'NONE', #230, #2356, #1686 ) ;
#4243 = CARTESIAN_POINT ( 'NONE',  ( 16.46850821320301250, -71.84169335738617690, 24.53642597186346919 ) ) ;
#4244 = LINE ( 'NONE', #1386, #779 ) ;
#4245 = ORIENTED_EDGE ( 'NONE', *, *, #199, .T. ) ;
#4246 = LINE ( 'NONE', #8621, #5012 ) ;
#4247 = CARTESIAN_POINT ( 'NONE',  ( 13.06025306539099340, 15.40504825947396839, -22.58030433673719628 ) ) ;
#4248 = LINE ( 'NONE', #1972, #5016 ) ;
#4249 = CARTESIAN_POINT ( 'NONE',  ( 12.75000000000000000, -76.37521062310625553, 25.48216967743977079 ) ) ;
#4250 = CARTESIAN_POINT ( 'NONE',  ( 12.82225732803372331, -14.46026838231075828, -23.29634816116374907 ) ) ;
#4251 = CARTESIAN_POINT ( 'NONE',  ( 22.12866050274999097, -22.82182225824879751, -16.60357600088130425 ) ) ;
#4252 = CARTESIAN_POINT ( 'NONE',  ( 17.32546029960113643, 15.53753649573837059, -43.45973283583634839 ) ) ;
#4253 = VECTOR ( 'NONE', #5002, 1000.000000000000000 ) ;
#4254 = ORIENTED_EDGE ( 'NONE', *, *, #3411, .T. ) ;
#4255 = CARTESIAN_POINT ( 'NONE',  ( 1.973538007627223534, -109.7925090710639182, 46.67878112942207736 ) ) ;
#4256 = ORIENTED_EDGE ( 'NONE', *, *, #8910, .T. ) ;
#4257 = CARTESIAN_POINT ( 'NONE',  ( 1.026379780948790454, -133.0263379948648037, 20.84839467326284179 ) ) ;
#4258 = ORIENTED_EDGE ( 'NONE', *, *, #6337, .T. ) ;
#4259 = ADVANCED_FACE ( 'NONE', ( #481 ), #6449, .F. ) ;
#4260 = CARTESIAN_POINT ( 'NONE',  ( 12.73195252706837088, -14.59639114624724776, -44.01705802687150282 ) ) ;
#4261 = CARTESIAN_POINT ( 'NONE',  ( 15.07592930613115811, -85.70073483964836214, 28.69690445314886418 ) ) ;
#4262 = CARTESIAN_POINT ( 'NONE',  ( 11.75040700695752527, -16.05923626490723777, -45.25793637731227648 ) ) ;
#4263 = CARTESIAN_POINT ( 'NONE',  ( 23.44782059184970535, 28.34764652976836530, -15.16999581581817935 ) ) ;
#4264 = EDGE_CURVE ( 'NONE', #2951, #6031, #4301, .T. ) ;
#4265 = DIRECTION ( 'NONE',  ( 1.000000000000000000, -0.000000000000000000, -0.000000000000000000 ) ) ;
#4266 = EDGE_CURVE ( 'NONE', #5422, #7630, #2712, .T. ) ;
#4267 = ORIENTED_EDGE ( 'NONE', *, *, #1316, .F. ) ;
#4268 = CARTESIAN_POINT ( 'NONE',  ( 19.27783167433599587, -43.35526778465298037, 13.37158573321271682 ) ) ;
#4269 = EDGE_LOOP ( 'NONE', ( #8605, #7740, #3287, #3954, #9165, #6607, #3537, #7932, #1922, #8189, #2391, #574, #1009, #6832, #5172, #738, #7556, #6605, #970, #929, #6287 ) ) ;
#4270 = CARTESIAN_POINT ( 'NONE',  ( 14.54589831027599445, -23.36917847927024638, -45.29634816116374907 ) ) ;
#4271 = CARTESIAN_POINT ( 'NONE',  ( 2.099999999999987210, -22.82182225824879751, -15.25357600088131527 ) ) ;
#4272 = CARTESIAN_POINT ( 'NONE',  ( 1.995326626599272846, -112.9774249315770902, 16.19507835964405373 ) ) ;
#4273 = CARTESIAN_POINT ( 'NONE',  ( 20.18950982629034741, 15.15624706922806553, -22.11988746834890307 ) ) ;
#4274 = CIRCLE ( 'NONE', #6920, 1.599999999999991873 ) ;
#4275 = CARTESIAN_POINT ( 'NONE',  ( 15.00000000000000000, -94.83578902281104206, 31.43931079701635412 ) ) ;
#4276 = CARTESIAN_POINT ( 'NONE',  ( 15.00000000000000000, -105.4912514368568992, 33.19335686479304570 ) ) ;
#4277 = EDGE_CURVE ( 'NONE', #3235, #1621, #9493, .T. ) ;
#4278 = EDGE_CURVE ( 'NONE', #4126, #5247, #1308, .T. ) ;
#4279 = CARTESIAN_POINT ( 'NONE',  ( 0.000000000000000000, -25.46246350426179816, -43.29634816116374907 ) ) ;
#4280 = ORIENTED_EDGE ( 'NONE', *, *, #8414, .T. ) ;
#4281 = CARTESIAN_POINT ( 'NONE',  ( 10.69078686216582419, -66.73842173928734667, 29.42390977715363221 ) ) ;
#4282 = CARTESIAN_POINT ( 'NONE',  ( 15.00000000000000000, -124.8107845826848035, 50.56052128555943170 ) ) ;
#4283 = CARTESIAN_POINT ( 'NONE',  ( 13.34437662706855576, -59.01209716766541646, -7.431364028735166549 ) ) ;
#4284 = CARTESIAN_POINT ( 'NONE',  ( -3.184081677783118191E-15, 0.5375364957382012809, -21.29634816116374907 ) ) ;
#4285 = CARTESIAN_POINT ( 'NONE',  ( 14.83729634698129729, -40.10566523768797964, -20.22288361123657552 ) ) ;
#4286 = VECTOR ( 'NONE', #7737, 1000.000000000000000 ) ;
#4287 = CARTESIAN_POINT ( 'NONE',  ( 22.18990367379806017, -39.47908907717544480, -13.18101499799884024 ) ) ;
#4288 = CARTESIAN_POINT ( 'NONE',  ( 16.57173073964465004, -71.20450951774667203, 24.38864448283394282 ) ) ;
#4289 = CARTESIAN_POINT ( 'NONE',  ( 15.36843112759067331, -30.07930302153903668, -26.79218022828723633 ) ) ;
#4290 = EDGE_CURVE ( 'NONE', #871, #561, #4365, .T. ) ;
#4291 = ORIENTED_EDGE ( 'NONE', *, *, #6071, .F. ) ;
#4292 = CARTESIAN_POINT ( 'NONE',  ( 11.28161253546736376, 16.44274476116932959, -44.25668852912834694 ) ) ;
#4293 = CARTESIAN_POINT ( 'NONE',  ( 12.90169843026195551, 15.49153263056499341, -22.86806574802863423 ) ) ;
#4294 = CARTESIAN_POINT ( 'NONE',  ( 22.42044665776765555, -53.60258464731489880, -0.6484798525847070838 ) ) ;
#4295 = CARTESIAN_POINT ( 'NONE',  ( 22.04130365771633748, -13.11463165936742392, -19.00763743619048185 ) ) ;
#4296 = CARTESIAN_POINT ( 'NONE',  ( 14.73994265193499054, -13.30201963441601443, -21.48783174410802843 ) ) ;
#4297 = VECTOR ( 'NONE', #2826, 1000.000000000000000 ) ;
#4298 = CARTESIAN_POINT ( 'NONE',  ( 22.02567167066570164, -36.17823496505036474, -15.06480666215179021 ) ) ;
#4299 = CARTESIAN_POINT ( 'NONE',  ( 16.30196453739708318, -77.53048290729073244, 14.99616732017679510 ) ) ;
#4300 = VERTEX_POINT ( 'NONE', #7997 ) ;
#4301 = LINE ( 'NONE', #2803, #3268 ) ;
#4302 = VERTEX_POINT ( 'NONE', #2117 ) ;
#4303 = CARTESIAN_POINT ( 'NONE',  ( 1.182727981515806936, -127.5399235078552920, 19.34961669055438094 ) ) ;
#4304 = ORIENTED_EDGE ( 'NONE', *, *, #305, .T. ) ;
#4305 = CARTESIAN_POINT ( 'NONE',  ( 12.76805995574789065, -14.53903686835107223, -43.84455564415836193 ) ) ;
#4306 = CARTESIAN_POINT ( 'NONE',  ( 15.01420781260043213, -87.87396958368778144, 29.36535078545754729 ) ) ;
#4307 = CARTESIAN_POINT ( 'NONE',  ( 0.000000000000000000, -6.012463504261799763, -21.29634816116374907 ) ) ;
#4308 = CARTESIAN_POINT ( 'NONE',  ( 15.07707743498910169, -25.29258365042533541, -43.36155875806803550 ) ) ;
#4309 = CARTESIAN_POINT ( 'NONE',  ( 23.73188222302021799, -22.82182225824879751, -11.90357600088132095 ) ) ;
#4310 = EDGE_LOOP ( 'NONE', ( #4005, #7191, #6248, #4456 ) ) ;
#4311 = CARTESIAN_POINT ( 'NONE',  ( 15.20624518412748039, -53.03954139232732246, 21.49765614563213845 ) ) ;
#4312 = ORIENTED_EDGE ( 'NONE', *, *, #1729, .F. ) ;
#4313 = ORIENTED_EDGE ( 'NONE', *, *, #2285, .T. ) ;
#4314 = DIRECTION ( 'NONE',  ( 1.000000000000000000, -0.000000000000000000, -0.000000000000000000 ) ) ;
#4315 = EDGE_CURVE ( 'NONE', #1021, #8931, #5075, .T. ) ;
#4316 = PLANE ( 'NONE',  #1453 ) ;
#4317 = CARTESIAN_POINT ( 'NONE',  ( 7.064353632252712956, -79.62665823699460077, 35.16756305215268696 ) ) ;
#4318 = EDGE_CURVE ( 'NONE', #7407, #7807, #1398, .T. ) ;
#4319 = CARTESIAN_POINT ( 'NONE',  ( 0.000000000000000000, -41.79580004548980554, 2.275940779262466851 ) ) ;
#4320 = CARTESIAN_POINT ( 'NONE',  ( 11.64616886942903129, 16.17781561293961801, -44.12694149554782541 ) ) ;
#4321 = EDGE_CURVE ( 'NONE', #3360, #2840, #2171, .T. ) ;
#4322 = LINE ( 'NONE', #1332, #3976 ) ;
#4323 = ORIENTED_EDGE ( 'NONE', *, *, #9034, .T. ) ;
#4324 = DIRECTION ( 'NONE',  ( 0.000000000000000000, 0.000000000000000000, -1.000000000000000000 ) ) ;
#4325 = CARTESIAN_POINT ( 'NONE',  ( 23.43127306838426094, 32.89923068065834855, -16.10372453915973523 ) ) ;
#4326 = CARTESIAN_POINT ( 'NONE',  ( 6.000000000000000000, -77.10614032394536821, 10.36215548886946713 ) ) ;
#4327 = CARTESIAN_POINT ( 'NONE',  ( 22.19520031837187446, 18.06399676397604281, -23.28543047189868531 ) ) ;
#4328 = CARTESIAN_POINT ( 'NONE',  ( 19.29749643196187492, -57.28770307066443479, 24.63410022353852824 ) ) ;
#4329 = CARTESIAN_POINT ( 'NONE',  ( 14.17238175339889494, -49.54506209367677627, -15.09490807687422986 ) ) ;
#4330 = CARTESIAN_POINT ( 'NONE',  ( 14.10657373858536090, -53.82259209078266338, -11.78587582474004414 ) ) ;
#4331 = DIRECTION ( 'NONE',  ( 0.000000000000000000, 0.000000000000000000, 1.000000000000000000 ) ) ;
#4332 = CARTESIAN_POINT ( 'NONE',  ( 20.17886662875880788, -27.18817449263885422, -31.28843899324934696 ) ) ;
#4333 = ORIENTED_EDGE ( 'NONE', *, *, #9199, .F. ) ;
#4334 = CARTESIAN_POINT ( 'NONE',  ( 1.211741272293924698, -126.7721474808207489, 19.18228595737917175 ) ) ;
#4335 = CARTESIAN_POINT ( 'NONE',  ( 14.28496720481594195, 14.67314634526037054, -21.64991120929237312 ) ) ;
#4336 = CARTESIAN_POINT ( 'NONE',  ( 22.68928174028620148, -52.01576720516195707, -1.927797080743224090 ) ) ;
#4337 = DIRECTION ( 'NONE',  ( 0.7069318836147713281, -0.01572615429371640103, -0.7071067811865486830 ) ) ;
#4338 = CARTESIAN_POINT ( 'NONE',  ( 15.00000000000000355, -103.9576210416269362, 26.37765812461079307 ) ) ;
#4339 = EDGE_CURVE ( 'NONE', #537, #9171, #1869, .T. ) ;
#4340 = CARTESIAN_POINT ( 'NONE',  ( 22.06855065993289600, -37.19532997881294989, -14.54559105230691252 ) ) ;
#4341 = CARTESIAN_POINT ( 'NONE',  ( 0.000000000000000000, -6.012463504261799763, -11.42958778986839263 ) ) ;
#4342 = EDGE_CURVE ( 'NONE', #550, #7572, #3811, .T. ) ;
#4343 = AXIS2_PLACEMENT_3D ( 'NONE', #5484, #5624, #2474 ) ;
#4344 = CIRCLE ( 'NONE', #2953, 6.149999999999989697 ) ;
#4345 = ORIENTED_EDGE ( 'NONE', *, *, #3982, .T. ) ;
#4346 = CARTESIAN_POINT ( 'NONE',  ( 5.999999999999998224, -123.6640270959618277, 25.08174915276007155 ) ) ;
#4347 = VERTEX_POINT ( 'NONE', #5261 ) ;
#4348 = DIRECTION ( 'NONE',  ( 0.000000000000000000, 0.000000000000000000, -1.000000000000000000 ) ) ;
#4349 = EDGE_LOOP ( 'NONE', ( #4043, #7608 ) ) ;
#4350 = DIRECTION ( 'NONE',  ( 0.000000000000000000, -0.9848077530122093526, 0.1736481776669231147 ) ) ;
#4351 = CARTESIAN_POINT ( 'NONE',  ( 6.000000000000000000, -1.319726150268616616, -7.484538922892792101 ) ) ;
#4352 = VECTOR ( 'NONE', #8477, 1000.000000000000000 ) ;
#4353 = CARTESIAN_POINT ( 'NONE',  ( 12.80069133473664600, -14.48697445318985011, -43.61174070877564901 ) ) ;
#4354 = CARTESIAN_POINT ( 'NONE',  ( 14.71263349494451056, -25.37361679522980396, -43.34333364194838367 ) ) ;
#4355 = CARTESIAN_POINT ( 'NONE',  ( 15.00000000000053468, -106.6917226594392645, 45.91863694742529134 ) ) ;
#4356 = ORIENTED_EDGE ( 'NONE', *, *, #6661, .T. ) ;
#4357 = CARTESIAN_POINT ( 'NONE',  ( 19.00546643123605506, -43.89023944368817354, 13.82048025499945254 ) ) ;
#4358 = ORIENTED_EDGE ( 'NONE', *, *, #9504, .T. ) ;
#4359 = VERTEX_POINT ( 'NONE', #6784 ) ;
#4360 = CARTESIAN_POINT ( 'NONE',  ( 15.00000000000000178, 0.5375364957381987274, 53.36789795213030629 ) ) ;
#4361 = CARTESIAN_POINT ( 'NONE',  ( 1.644629325395405184, -118.1364656054928304, 17.62836237577068133 ) ) ;
#4362 = CARTESIAN_POINT ( 'NONE',  ( 6.972606384048918748, -80.02024170636431677, 35.36145056548642174 ) ) ;
#4363 = CARTESIAN_POINT ( 'NONE',  ( 17.33971537430075216, 15.59700320558265751, -43.78042516929100003 ) ) ;
#4364 = CARTESIAN_POINT ( 'NONE',  ( 11.38309332929463125, 16.37031620079937255, -44.23151620109878479 ) ) ;
#4365 = B_SPLINE_CURVE_WITH_KNOTS ( 'NONE', 3,
 ( #1979, #5121, #5856, #7317, #8722, #617, #4933, #7907, #1220, #5029, #7133, #1263, #7176, #3573, #4255, #2073, #2852, #663, #4208, #6543, #7223, #573, #526, #5807, #8769 ),
 .UNSPECIFIED., .F., .F.,
 ( 4, 1, 1, 1, 1, 1, 1, 1, 1, 2, 2, 1, 1, 1, 1, 1, 2, 2, 4 ),
 ( 0.000000000000000000, 0.2499999999997713496, 0.3749999999996570521, 0.4374999999995998756, 0.4687499999995711764, 0.4843749999995579647, 0.4921874999995514144, 0.4960937499995481947, 0.4980468749995466404, 0.4990234374995468625, 0.4999999999995471400, 0.6249999999996571631, 0.6874999999997132294, 0.7187499999997423172, 0.7343749999997557509, 0.7421874999997616351, 0.7460937499997655209, 0.7499999999997692957, 1.000000000000000000 ),
 .UNSPECIFIED. ) ;
#4366 = DIRECTION ( 'NONE',  ( 0.000000000000000000, -0.4226182617406932795, 0.9063077870366529343 ) ) ;
#4367 = ORIENTED_EDGE ( 'NONE', *, *, #1892, .T. ) ;
#4368 = LINE ( 'NONE', #7387, #7247 ) ;
#4369 = CARTESIAN_POINT ( 'NONE',  ( 3.265221404279694095, -98.79555518469611286, 9.397071408471980192 ) ) ;
#4370 = EDGE_CURVE ( 'NONE', #1078, #3435, #6831, .T. ) ;
#4371 = DIRECTION ( 'NONE',  ( -0.000000000000000000, 0.9351784010367419908, -0.3541770153953562872 ) ) ;
#4372 = CARTESIAN_POINT ( 'NONE',  ( 15.00000000000000355, -124.4758996252391086, 18.76861490077991945 ) ) ;
#4373 = CARTESIAN_POINT ( 'NONE',  ( 11.90668105910535068, -62.67452403673355832, 27.66849618009070966 ) ) ;
#4374 = AXIS2_PLACEMENT_3D ( 'NONE', #6344, #2189, #2100 ) ;
#4375 = CARTESIAN_POINT ( 'NONE',  ( 14.19305437789236812, -49.04149267014120994, -15.43801235103136271 ) ) ;
#4376 = AXIS2_PLACEMENT_3D ( 'NONE', #6191, #6139, #9095 ) ;
#4377 = CARTESIAN_POINT ( 'NONE',  ( 0.9999999999999991118, -125.6822119262423740, 50.87769490003755379 ) ) ;
#4378 = CARTESIAN_POINT ( 'NONE',  ( 21.99146021544691010, -35.34453759848486953, -15.48298232107133465 ) ) ;
#4379 = ORIENTED_EDGE ( 'NONE', *, *, #8175, .F. ) ;
#4380 = FACE_OUTER_BOUND ( 'NONE', #9413, .T. ) ;
#4381 = CARTESIAN_POINT ( 'NONE',  ( 21.44999999999999574, -38.54927497525915925, 5.680307991813230650 ) ) ;
#4382 = AXIS2_PLACEMENT_3D ( 'NONE', #8087, #619, #7909 ) ;
#4383 = CARTESIAN_POINT ( 'NONE',  ( 23.01274879806266327, -49.68835949298642873, -3.792093820518840364 ) ) ;
#4384 = LINE ( 'NONE', #8996, #989 ) ;
#4385 = CARTESIAN_POINT ( 'NONE',  ( 41.13320420385526432, 38.64306119089506808, -23.25664572609636949 ) ) ;
#4386 = VECTOR ( 'NONE', #6587, 1000.000000000000000 ) ;
#4387 = CARTESIAN_POINT ( 'NONE',  ( 3.163266807119424762, -100.8896101486895702, 44.47919120993343256 ) ) ;
#4388 = CARTESIAN_POINT ( 'NONE',  ( 23.44999999999999929, -53.23423536937384171, -12.27956573267485396 ) ) ;
#4389 = EDGE_CURVE ( 'NONE', #1159, #9543, #9003, .T. ) ;
#4390 = VECTOR ( 'NONE', #5774, 999.9999999999998863 ) ;
#4391 = EDGE_CURVE ( 'NONE', #6899, #1874, #6639, .T. ) ;
#4392 = ORIENTED_EDGE ( 'NONE', *, *, #3557, .T. ) ;
#4393 = CARTESIAN_POINT ( 'NONE',  ( 15.00000000000001066, -85.89756278093668129, 38.25674281451669856 ) ) ;
#4394 =( BOUNDED_CURVE ( )  B_SPLINE_CURVE ( 2, ( #9466, #6515, #5682 ),
 .UNSPECIFIED., .F., .F. ) 
 B_SPLINE_CURVE_WITH_KNOTS ( ( 3, 3 ),
 ( 0.000000000000000000, 1.000000000000000000 ),
 .UNSPECIFIED. ) 
 CURVE ( )  GEOMETRIC_REPRESENTATION_ITEM ( )  RATIONAL_B_SPLINE_CURVE ( ( 1.000000000000000000, 0.7449983438458311902, 1.000000000000000000 ) ) 
 REPRESENTATION_ITEM ( '' )  );
#4395 = ORIENTED_EDGE ( 'NONE', *, *, #9452, .T. ) ;
#4396 = DIRECTION ( 'NONE',  ( -0.000000000000000000, 0.3232551092554115102, 0.9463118589240397949 ) ) ;
#4397 = VERTEX_POINT ( 'NONE', #3668 ) ;
#4398 = CARTESIAN_POINT ( 'NONE',  ( 12.68027939759912037, -14.67808508597013173, -44.20337910836797590 ) ) ;
#4399 = EDGE_CURVE ( 'NONE', #5714, #3765, #2939, .T. ) ;
#4400 = CARTESIAN_POINT ( 'NONE',  ( 7.399999999999995914, 0.000000000000000000, 0.000000000000000000 ) ) ;
#4401 = VECTOR ( 'NONE', #6978, 1000.000000000000114 ) ;
#4402 = CARTESIAN_POINT ( 'NONE',  ( 7.819220429323410215, -73.65452094196737676, 1.402661186410797400 ) ) ;
#4403 = CARTESIAN_POINT ( 'NONE',  ( 9.603654079648805464, -126.6414635801044142, 48.24217264147717543 ) ) ;
#4404 = ORIENTED_EDGE ( 'NONE', *, *, #718, .T. ) ;
#4405 = CARTESIAN_POINT ( 'NONE',  ( 17.65226442105987914, -46.64233998343468812, 16.12976680286349307 ) ) ;
#4406 = VECTOR ( 'NONE', #454, 1000.000000000000000 ) ;
#4407 = EDGE_LOOP ( 'NONE', ( #666, #6084, #8643, #312 ) ) ;
#4408 = ORIENTED_EDGE ( 'NONE', *, *, #9588, .T. ) ;
#4409 = LINE ( 'NONE', #7377, #7345 ) ;
#4410 = EDGE_CURVE ( 'NONE', #8620, #4901, #3083, .T. ) ;
#4411 = CARTESIAN_POINT ( 'NONE',  ( 12.83393138392138333, -14.45288284834484749, -23.09707864960610735 ) ) ;
#4412 = CARTESIAN_POINT ( 'NONE',  ( 15.60782513037058195, -22.87819289906286002, -45.29634816116375617 ) ) ;
#4413 = DIRECTION ( 'NONE',  ( 0.000000000000000000, 0.000000000000000000, 1.000000000000000000 ) ) ;
#4414 = CARTESIAN_POINT ( 'NONE',  ( 11.34920378891476034, 16.39462717941914605, -44.24080537426540616 ) ) ;
#4415 = FACE_OUTER_BOUND ( 'NONE', #4955, .T. ) ;
#4416 = EDGE_LOOP ( 'NONE', ( #7088, #1262, #9080, #1599 ) ) ;
#4417 = CARTESIAN_POINT ( 'NONE',  ( 16.61330088573947705, -14.68602359429067761, -44.24058853306512873 ) ) ;
#4418 = CARTESIAN_POINT ( 'NONE',  ( 17.53068050820106549, 30.22642330811765277, -23.77596164592430483 ) ) ;
#4419 = VECTOR ( 'NONE', #2281, 1000.000000000000000 ) ;
#4420 = FACE_OUTER_BOUND ( 'NONE', #1837, .T. ) ;
#4421 = CARTESIAN_POINT ( 'NONE',  ( 20.35288854412480219, 14.05610235063749336, -21.36031500658735283 ) ) ;
#4422 = CARTESIAN_POINT ( 'NONE',  ( 16.58246250791178866, -68.47573229189866595, 30.05623910598076165 ) ) ;
#4423 = CARTESIAN_POINT ( 'NONE',  ( 14.09321687855975114, -52.29102124272282026, -13.07101635846894716 ) ) ;
#4424 = EDGE_CURVE ( 'NONE', #7670, #69, #1635, .T. ) ;
#4425 = CARTESIAN_POINT ( 'NONE',  ( 16.82593711089249311, 15.53753649573837059, -47.41913359310120768 ) ) ;
#4426 = CARTESIAN_POINT ( 'NONE',  ( 15.00000000000014744, -86.68261271605683760, 38.64347496057659725 ) ) ;
#4427 = CIRCLE ( 'NONE', #5359, 19.50000000000007816 ) ;
#4428 = ORIENTED_EDGE ( 'NONE', *, *, #6175, .T. ) ;
#4429 = CARTESIAN_POINT ( 'NONE',  ( 19.43447526968784445, -14.10601161517389635, -22.15668875732295362 ) ) ;
#4430 = DIRECTION ( 'NONE',  ( 0.000000000000000000, 0.000000000000000000, 1.000000000000000000 ) ) ;
#4431 = CARTESIAN_POINT ( 'NONE',  ( 5.999999999999998224, -121.1330780353519003, 32.03547454657584836 ) ) ;
#4432 = EDGE_CURVE ( 'NONE', #102, #2543, #1489, .T. ) ;
#4433 = CARTESIAN_POINT ( 'NONE',  ( 12.40000000000000036, -64.84915466134815176, 21.62000213482803446 ) ) ;
#4434 = CARTESIAN_POINT ( 'NONE',  ( 15.00000000000000711, -95.23221380936895741, 21.28894472276493488 ) ) ;
#4435 = AXIS2_PLACEMENT_3D ( 'NONE', #6865, #260, #458 ) ;
#4436 = EDGE_CURVE ( 'NONE', #3560, #7704, #8860, .T. ) ;
#4437 = CARTESIAN_POINT ( 'NONE',  ( -3.184081677783118191E-15, 13.53753649573836704, -23.29634816116374907 ) ) ;
#4438 = CARTESIAN_POINT ( 'NONE',  ( 23.44999999999999929, 17.53753649573836881, -45.29634816116374196 ) ) ;
#4439 = ORIENTED_EDGE ( 'NONE', *, *, #2554, .F. ) ;
#4440 = EDGE_CURVE ( 'NONE', #242, #3981, #128, .T. ) ;
#4441 = CIRCLE ( 'NONE', #1508, 1.000000000000004441 ) ;
#4442 = ORIENTED_EDGE ( 'NONE', *, *, #9593, .F. ) ;
#4443 = VERTEX_POINT ( 'NONE', #907 ) ;
#4444 = CARTESIAN_POINT ( 'NONE',  ( 16.40786953889071142, -77.68452511423741669, 13.01443391141296146 ) ) ;
#4445 = ORIENTED_EDGE ( 'NONE', *, *, #7903, .F. ) ;
#4446 = CIRCLE ( 'NONE', #5841, 2.350000000000004974 ) ;
#4447 = CARTESIAN_POINT ( 'NONE',  ( 15.00000000000000000, -117.9482343767449919, 31.37372816442281831 ) ) ;
#4448 = DIRECTION ( 'NONE',  ( -0.000000000000000000, 0.7660444431189818992, -0.6427876096865347000 ) ) ;
#4449 = EDGE_CURVE ( 'NONE', #1742, #3622, #3917, .T. ) ;
#4450 = LINE ( 'NONE', #7415, #4118 ) ;
#4451 = DIRECTION ( 'NONE',  ( 0.000000000000000000, 0.000000000000000000, -1.000000000000000000 ) ) ;
#4452 = EDGE_CURVE ( 'NONE', #2326, #3271, #5272, .T. ) ;
#4453 = FACE_OUTER_BOUND ( 'NONE', #7045, .T. ) ;
#4454 = EDGE_LOOP ( 'NONE', ( #6502, #5988, #2367, #8143 ) ) ;
#4455 = CARTESIAN_POINT ( 'NONE',  ( 17.71886704315976502, 21.86989190517742543, -45.29634816116374196 ) ) ;
#4456 = ORIENTED_EDGE ( 'NONE', *, *, #2139, .F. ) ;
#4457 = ORIENTED_EDGE ( 'NONE', *, *, #4671, .T. ) ;
#4458 = PLANE ( 'NONE',  #1460 ) ;
#4459 = CARTESIAN_POINT ( 'NONE',  ( 14.15224089327065649, -13.68328151543422067, -21.71203829156739573 ) ) ;
#4460 = CARTESIAN_POINT ( 'NONE',  ( 14.55261875020321760, -23.38683521998321879, -45.29634816116375617 ) ) ;
#4461 = EDGE_CURVE ( 'NONE', #3259, #5076, #8512, .T. ) ;
#4462 = CARTESIAN_POINT ( 'NONE',  ( 4.396107011895451500, -89.67986462690087990, 5.129238464989177793 ) ) ;
#4463 = CARTESIAN_POINT ( 'NONE',  ( 11.58230842518807790, 16.22516574429701564, -44.15827988271885118 ) ) ;
#4464 = EDGE_CURVE ( 'NONE', #1504, #5426, #6444, .T. ) ;
#4465 = CARTESIAN_POINT ( 'NONE',  ( 0.000000000000000000, 30.98458179031142024, -11.14980678216003085 ) ) ;
#4466 = ORIENTED_EDGE ( 'NONE', *, *, #4436, .T. ) ;
#4467 = CARTESIAN_POINT ( 'NONE',  ( 0.000000000000000000, -25.46246350426179816, -39.59913607114618372 ) ) ;
#4468 = CARTESIAN_POINT ( 'NONE',  ( 17.53068050820105483, 30.22642330811762434, -23.77596164592439720 ) ) ;
#4469 = CARTESIAN_POINT ( 'NONE',  ( 14.59561569588435859, 21.53753649573819828, -44.17926743284183999 ) ) ;
#4470 = CARTESIAN_POINT ( 'NONE',  ( 7.399999999999999467, -48.80464589757340832, -3.203441189273091627 ) ) ;
#4471 = CARTESIAN_POINT ( 'NONE',  ( 22.64099267454290754, 14.67346237518273355, -19.15407695920674769 ) ) ;
#4472 = CARTESIAN_POINT ( 'NONE',  ( 4.934465383814631956, -90.38772566153639332, 40.46869169737222194 ) ) ;
#4473 = CARTESIAN_POINT ( 'NONE',  ( 14.18884826132933341, -49.14075585954684300, -15.37091594101400815 ) ) ;
#4474 = DIRECTION ( 'NONE',  ( 0.000000000000000000, -0.6427876096865348110, -0.7660444431189818992 ) ) ;
#4475 = CARTESIAN_POINT ( 'NONE',  ( 14.99999999999883293, -89.37595020959896885, 39.97026978259315655 ) ) ;
#4476 = ORIENTED_EDGE ( 'NONE', *, *, #8731, .F. ) ;
#4477 = CARTESIAN_POINT ( 'NONE',  ( 19.70135034098793980, -13.11854065101481659, -21.40650365934012100 ) ) ;
#4478 = CARTESIAN_POINT ( 'NONE',  ( 15.22643236167193059, -88.06869277690071840, 16.42636263825587051 ) ) ;
#4479 = CARTESIAN_POINT ( 'NONE',  ( 2.927332722515087582, -57.78601111150149450, 22.14105738390187739 ) ) ;
#4480 = CARTESIAN_POINT ( 'NONE',  ( 21.87035947667710190, 13.50360293068157702, -19.77056801724901902 ) ) ;
#4481 = CARTESIAN_POINT ( 'NONE',  ( 23.44999999999999929, -21.09485488504712336, 26.02265642327425965 ) ) ;
#4482 = CARTESIAN_POINT ( 'NONE',  ( 4.034099724584368829, -95.52123321710271853, 42.70871585393681613 ) ) ;
#4483 = CARTESIAN_POINT ( 'NONE',  ( 23.23620963502733616, -40.75441451608079291, 8.609455938412837739 ) ) ;
#4484 = VECTOR ( 'NONE', #5495, 1000.000000000000114 ) ;
#4485 = ORIENTED_EDGE ( 'NONE', *, *, #1002, .F. ) ;
#4486 = DIRECTION ( 'NONE',  ( 0.000000000000000000, -0.8970592466922342467, 0.4419102939782701411 ) ) ;
#4487 = ORIENTED_EDGE ( 'NONE', *, *, #5734, .T. ) ;
#4488 = CARTESIAN_POINT ( 'NONE',  ( 13.89999999999999858, -68.38198297356090904, 8.002265973292026047 ) ) ;
#4489 = ORIENTED_EDGE ( 'NONE', *, *, #5136, .F. ) ;
#4490 = CARTESIAN_POINT ( 'NONE',  ( 14.99999999999661782, -114.7335992036470742, 16.76397644915262575 ) ) ;
#4491 = CARTESIAN_POINT ( 'NONE',  ( 21.17767761581106711, -25.85245408750268226, -23.60702681392152158 ) ) ;
#4492 = CYLINDRICAL_SURFACE ( 'NONE', #3648, 2.349999999999999645 ) ;
#4493 = EDGE_CURVE ( 'NONE', #1621, #3447, #5558, .T. ) ;
#4494 = FACE_OUTER_BOUND ( 'NONE', #4407, .T. ) ;
#4495 = AXIS2_PLACEMENT_3D ( 'NONE', #9444, #2023, #8767 ) ;
#4496 = VECTOR ( 'NONE', #6249, 1000.000000000000000 ) ;
#4497 = LINE ( 'NONE', #2311, #4808 ) ;
#4498 = ORIENTED_EDGE ( 'NONE', *, *, #2554, .T. ) ;
#4499 = ORIENTED_EDGE ( 'NONE', *, *, #1320, .F. ) ;
#4500 = ORIENTED_EDGE ( 'NONE', *, *, #1797, .F. ) ;
#4501 = AXIS2_PLACEMENT_3D ( 'NONE', #8905, #5212, #1581 ) ;
#4502 = DIRECTION ( 'NONE',  ( 0.000000000000000000, -1.000000000000000000, -1.334402673828313339E-16 ) ) ;
#4503 = CARTESIAN_POINT ( 'NONE',  ( 14.38094014592942749, -13.53551084120264925, -21.60845137989853626 ) ) ;
#4504 = CARTESIAN_POINT ( 'NONE',  ( 23.44999999999999929, -116.6960409714578333, 68.15964444387797982 ) ) ;
#4505 = CARTESIAN_POINT ( 'NONE',  ( 7.399999999999999467, -48.80464589757340832, -3.203441189273091627 ) ) ;
#4506 = CARTESIAN_POINT ( 'NONE',  ( 23.28325370891903745, -123.6640270959618277, 25.08174915276007155 ) ) ;
#4507 = CARTESIAN_POINT ( 'NONE',  ( 4.161032917956139165, -94.78879923593592594, 42.42770921878686607 ) ) ;
#4508 = EDGE_CURVE ( 'NONE', #2725, #7329, #3882, .T. ) ;
#4509 = ORIENTED_EDGE ( 'NONE', *, *, #2359, .F. ) ;
#4510 = CARTESIAN_POINT ( 'NONE',  ( 27.23182580999212377, 21.42720991145449716, 16.04365250341239602 ) ) ;
#4511 = CARTESIAN_POINT ( 'NONE',  ( 15.15298710458610287, -89.20343762010806188, 17.04630529404437667 ) ) ;
#4512 = LINE ( 'NONE', #152, #4873 ) ;
#4513 = EDGE_CURVE ( 'NONE', #2086, #1221, #7923, .T. ) ;
#4514 = DIRECTION ( 'NONE',  ( 0.000000000000000000, 0.000000000000000000, 1.000000000000000000 ) ) ;
#4515 = DIRECTION ( 'NONE',  ( -0.000000000000000000, 0.9848077530122092416, -0.1736481776669233645 ) ) ;
#4516 = CARTESIAN_POINT ( 'NONE',  ( 16.58901152496782316, -74.06913480573929576, 18.05499552023803389 ) ) ;
#4517 = CARTESIAN_POINT ( 'NONE',  ( 14.34534852305137242, -46.26970566585592337, -17.17719742335833999 ) ) ;
#4518 = LINE ( 'NONE', #9135, #632 ) ;
#4519 = ORIENTED_EDGE ( 'NONE', *, *, #827, .T. ) ;
#4520 = DIRECTION ( 'NONE',  ( 0.1251691050984282405, -7.171169197878869310E-17, 0.9921354217690540045 ) ) ;
#4521 = FACE_OUTER_BOUND ( 'NONE', #6830, .T. ) ;
#4522 = ORIENTED_EDGE ( 'NONE', *, *, #8081, .F. ) ;
#4523 = CARTESIAN_POINT ( 'NONE',  ( 19.58785592432252898, -13.67168886138211903, -21.70187911021613658 ) ) ;
#4524 = CARTESIAN_POINT ( 'NONE',  ( 3.000000000000000000, 31.91753551389348686, -13.34516491915147185 ) ) ;
#4525 = CARTESIAN_POINT ( 'NONE',  ( 5.999999999999998224, -38.85406476150464528, -7.762140293633654764 ) ) ;
#4526 = VECTOR ( 'NONE', #4795, 1000.000000000000000 ) ;
#4527 = CARTESIAN_POINT ( 'NONE',  ( 22.46391501671482516, -45.81028291742331504, 15.43158802565635668 ) ) ;
#4528 = CARTESIAN_POINT ( 'NONE',  ( 15.00000000000000000, -97.29783876450508728, 22.63487042953535422 ) ) ;
#4529 = CARTESIAN_POINT ( 'NONE',  ( 4.398048518408655738, -93.46868475982282121, 41.87976138369729284 ) ) ;
#4530 = CARTESIAN_POINT ( 'NONE',  ( -14.09999999999999964, -60.96200874009102222, 17.04943361583019623 ) ) ;
#4531 = CARTESIAN_POINT ( 'NONE',  ( 23.40504885381198363, -37.68873435094432978, 7.349861548873012573 ) ) ;
#4532 = ORIENTED_EDGE ( 'NONE', *, *, #5136, .T. ) ;
#4533 = CARTESIAN_POINT ( 'NONE',  ( 6.000000000000000000, -75.82056510457229592, 11.89424437510743537 ) ) ;
#4534 = ORIENTED_EDGE ( 'NONE', *, *, #3020, .T. ) ;
#4535 = CARTESIAN_POINT ( 'NONE',  ( 16.34050442773893508, -78.12939124887724063, 13.11437518810038760 ) ) ;
#4536 = VERTEX_POINT ( 'NONE', #9298 ) ;
#4537 = VECTOR ( 'NONE', #4520, 1000.000000000000000 ) ;
#4538 = CARTESIAN_POINT ( 'NONE',  ( 15.00000000000000000, -122.2705011474571819, 18.42123019163070907 ) ) ;
#4539 = B_SPLINE_CURVE_WITH_KNOTS ( 'NONE', 3,
 ( #8809, #1528, #4480, #3850 ),
 .UNSPECIFIED., .F., .F.,
 ( 4, 4 ),
 ( 0.000000000000000000, 1.000000000000000000 ),
 .UNSPECIFIED. ) ;
#4540 = CARTESIAN_POINT ( 'NONE',  ( 21.90978145668387356, -33.66295693002464162, -16.42690563157656669 ) ) ;
#4541 = CARTESIAN_POINT ( 'NONE',  ( 0.000000000000000000, -74.66354740713653371, 13.27312437272159151 ) ) ;
#4542 = CARTESIAN_POINT ( 'NONE',  ( 16.94099679311879214, -78.88723775742467126, 2.662736442094584266 ) ) ;
#4543 = VECTOR ( 'NONE', #6609, 1000.000000000000000 ) ;
#4544 = CYLINDRICAL_SURFACE ( 'NONE', #5271, 98.00000000000000000 ) ;
#4545 = EDGE_CURVE ( 'NONE', #3435, #5131, #3955, .T. ) ;
#4546 = ORIENTED_EDGE ( 'NONE', *, *, #2293, .F. ) ;
#4547 = FACE_OUTER_BOUND ( 'NONE', #8555, .T. ) ;
#4548 = ORIENTED_EDGE ( 'NONE', *, *, #6615, .F. ) ;
#4549 = VERTEX_POINT ( 'NONE', #4727 ) ;
#4550 = AXIS2_PLACEMENT_3D ( 'NONE', #2794, #7899, #8763 ) ;
#4551 = CARTESIAN_POINT ( 'NONE',  ( 15.00000000000000000, -94.34771466488518854, 20.65720517637857867 ) ) ;
#4552 = CARTESIAN_POINT ( 'NONE',  ( 2.099999999999987210, -22.82182225824879751, -13.25357600088130638 ) ) ;
#4553 = CARTESIAN_POINT ( 'NONE',  ( 12.53379964006191294, 15.47589814012548359, -21.99707938717475031 ) ) ;
#4554 = EDGE_CURVE ( 'NONE', #572, #326, #1682, .T. ) ;
#4555 = CARTESIAN_POINT ( 'NONE',  ( 17.30076493425516659, -67.25641463935649256, 23.34459717491530384 ) ) ;
#4556 = ADVANCED_FACE ( 'NONE', ( #2747 ), #8994, .F. ) ;
#4557 = CARTESIAN_POINT ( 'NONE',  ( 12.37319905831013145, 16.22731887565705833, -44.80878497588665965 ) ) ;
#4558 = VECTOR ( 'NONE', #5637, 1000.000000000000114 ) ;
#4559 = DIRECTION ( 'NONE',  ( 0.000000000000000000, 0.9848077530122094636, -0.1736481776669229204 ) ) ;
#4560 = EDGE_LOOP ( 'NONE', ( #9483, #585, #5362, #7906 ) ) ;
#4561 = CARTESIAN_POINT ( 'NONE',  ( 12.86643652016005213, 15.51052590926239638, -22.96625074263823407 ) ) ;
#4562 = LINE ( 'NONE', #151, #7315 ) ;
#4563 = CYLINDRICAL_SURFACE ( 'NONE', #2993, 5.000000000000000000 ) ;
#4564 = CARTESIAN_POINT ( 'NONE',  ( 21.37536498706619525, -17.09070428359132876, -23.58501837703585480 ) ) ;
#4565 = EDGE_CURVE ( 'NONE', #9109, #4714, #4244, .T. ) ;
#4566 = DIRECTION ( 'NONE',  ( -1.000000000000000000, 0.000000000000000000, 0.000000000000000000 ) ) ;
#4567 = CARTESIAN_POINT ( 'NONE',  ( 23.44999999999999929, 32.73954237941581624, -16.73947206590499803 ) ) ;
#4568 = DIRECTION ( 'NONE',  ( 0.000000000000000000, -0.7071067811865536790, 0.7071067811865414665 ) ) ;
#4569 = EDGE_CURVE ( 'NONE', #7571, #757, #7300, .T. ) ;
#4570 = CARTESIAN_POINT ( 'NONE',  ( 16.56158988034721347, -14.53671215020897911, -43.83623863372562113 ) ) ;
#4571 = ORIENTED_EDGE ( 'NONE', *, *, #4671, .F. ) ;
#4572 = ORIENTED_EDGE ( 'NONE', *, *, #1713, .T. ) ;
#4573 = CARTESIAN_POINT ( 'NONE',  ( 21.87194704301920467, -32.98603495586348799, -16.84615443279185243 ) ) ;
#4574 = ORIENTED_EDGE ( 'NONE', *, *, #2093, .F. ) ;
#4575 = CARTESIAN_POINT ( 'NONE',  ( 19.36513323013470966, -14.23721234776384925, -22.37366865932944293 ) ) ;
#4576 = PLANE ( 'NONE',  #3146 ) ;
#4577 = CARTESIAN_POINT ( 'NONE',  ( 1.300011015784769519, -124.4758996252395917, 18.76861490077999761 ) ) ;
#4578 = CARTESIAN_POINT ( 'NONE',  ( 21.98493524766895391, -48.19673221738653979, 17.43405675307682046 ) ) ;
#4579 = CARTESIAN_POINT ( 'NONE',  ( 0.000000000000000000, 31.10138907885891513, -17.97376135830883825 ) ) ;
#4580 = DIRECTION ( 'NONE',  ( -1.000000000000000000, -0.000000000000000000, -0.000000000000000000 ) ) ;
#4581 = CARTESIAN_POINT ( 'NONE',  ( 15.00000000000000000, -107.7833220828870964, 33.40977419714164398 ) ) ;
#4582 = VECTOR ( 'NONE', #7149, 1000.000000000000114 ) ;
#4583 = CARTESIAN_POINT ( 'NONE',  ( 23.23505162820701742, -40.77054111782392454, 8.616221200105780298 ) ) ;
#4584 = EDGE_CURVE ( 'NONE', #7704, #5326, #17, .T. ) ;
#4585 = ORIENTED_EDGE ( 'NONE', *, *, #6890, .F. ) ;
#4586 = CARTESIAN_POINT ( 'NONE',  ( 0.000000000000000000, -96.25938618534011937, 43.36119543977545021 ) ) ;
#4587 = ORIENTED_EDGE ( 'NONE', *, *, #2847, .F. ) ;
#4588 = CARTESIAN_POINT ( 'NONE',  ( 16.54369566132044866, -76.83471777717581119, 12.81246875098085525 ) ) ;
#4589 = ORIENTED_EDGE ( 'NONE', *, *, #175, .F. ) ;
#4590 = CARTESIAN_POINT ( 'NONE',  ( 15.00000000000000178, -126.9500778704953063, 33.56914093461254822 ) ) ;
#4591 = DIRECTION ( 'NONE',  ( 1.000000000000000000, -0.000000000000000000, 0.000000000000000000 ) ) ;
#4592 = DIRECTION ( 'NONE',  ( 1.000000000000000000, 0.000000000000000000, 0.000000000000000000 ) ) ;
#4593 = FACE_OUTER_BOUND ( 'NONE', #9595, .T. ) ;
#4594 = CARTESIAN_POINT ( 'NONE',  ( 15.00000000000000000, -95.21853784787091968, 31.54838568946790289 ) ) ;
#4595 = CARTESIAN_POINT ( 'NONE',  ( 19.41722286247106766, 23.23701056772389606, -43.53180020582439624 ) ) ;
#4596 = AXIS2_PLACEMENT_3D ( 'NONE', #6710, #2328, #3061 ) ;
#4597 = CIRCLE ( 'NONE', #1203, 1.000000000000000888 ) ;
#4598 = ORIENTED_EDGE ( 'NONE', *, *, #6578, .T. ) ;
#4599 = CARTESIAN_POINT ( 'NONE',  ( 15.03938884086461414, 26.53755980622370458, -43.31296303357196109 ) ) ;
#4600 = VERTEX_POINT ( 'NONE', #4876 ) ;
#4601 = ORIENTED_EDGE ( 'NONE', *, *, #7206, .T. ) ;
#4602 = DIRECTION ( 'NONE',  ( 1.000000000000000000, -0.000000000000000000, -0.000000000000000000 ) ) ;
#4603 = CARTESIAN_POINT ( 'NONE',  ( 12.85096360186595810, -14.44375621079942285, -23.02074570370514195 ) ) ;
#4604 = CARTESIAN_POINT ( 'NONE',  ( 12.67397021205696106, 15.35714342126680343, -21.76460655684633849 ) ) ;
#4605 = CARTESIAN_POINT ( 'NONE',  ( 17.34190998728558952, -67.05863989275685810, 23.28045786482852364 ) ) ;
#4606 = CARTESIAN_POINT ( 'NONE',  ( 12.66791935874139341, 15.77255160749568574, -44.23778990852462556 ) ) ;
#4607 = ORIENTED_EDGE ( 'NONE', *, *, #7065, .T. ) ;
#4608 = ADVANCED_FACE ( 'NONE', ( #7987 ), #2239, .T. ) ;
#4609 = CARTESIAN_POINT ( 'NONE',  ( 12.20038454931439809, 15.74941200851223044, -23.04485031415797280 ) ) ;
#4610 = CARTESIAN_POINT ( 'NONE',  ( 0.000000000000000000, -39.33069177476031086, 1.248673103258287842 ) ) ;
#4611 = DIRECTION ( 'NONE',  ( -1.000000000000000000, 0.000000000000000000, 0.000000000000000000 ) ) ;
#4612 = DIRECTION ( 'NONE',  ( -0.000000000000000000, 0.4246765432456733325, 0.9053451461276553758 ) ) ;
#4613 = ADVANCED_FACE ( 'NONE', ( #8211 ), #1572, .T. ) ;
#4614 = CARTESIAN_POINT ( 'NONE',  ( 8.657851095430727284, -73.39533097835840181, 32.09787989477761272 ) ) ;
#4615 = CARTESIAN_POINT ( 'NONE',  ( 14.24999999999999822, -1.799127793371373185, -7.400007478617809831 ) ) ;
#4616 = CYLINDRICAL_SURFACE ( 'NONE', #6469, 5.000000000000000888 ) ;
#4617 = ORIENTED_EDGE ( 'NONE', *, *, #3003, .T. ) ;
#4618 = ORIENTED_EDGE ( 'NONE', *, *, #3636, .F. ) ;
#4619 = CARTESIAN_POINT ( 'NONE',  ( 5.132418417384804421, -89.39506521167852782, 39.97968623554257306 ) ) ;
#4620 = EDGE_LOOP ( 'NONE', ( #8503, #6239, #7134, #5265 ) ) ;
#4621 = CARTESIAN_POINT ( 'NONE',  ( 12.52259337214444557, -14.41023934029559150, -22.01728667946035500 ) ) ;
#4622 = FACE_OUTER_BOUND ( 'NONE', #127, .T. ) ;
#4623 = DIRECTION ( 'NONE',  ( 0.000000000000000000, 0.3232551092554114547, 0.9463118589240399059 ) ) ;
#4624 = FACE_OUTER_BOUND ( 'NONE', #43, .T. ) ;
#4625 = FACE_OUTER_BOUND ( 'NONE', #6544, .T. ) ;
#4626 = PLANE ( 'NONE',  #2369 ) ;
#4627 = CARTESIAN_POINT ( 'NONE',  ( 23.44999999999999929, -49.62651503686617360, -78.44929296875443470 ) ) ;
#4628 = CARTESIAN_POINT ( 'NONE',  ( 22.64900957257255953, -46.26839647368851161, 11.06614010394128833 ) ) ;
#4629 = ORIENTED_EDGE ( 'NONE', *, *, #3512, .F. ) ;
#4630 = CARTESIAN_POINT ( 'NONE',  ( 11.74549149712077423, 17.14076402659471654, -45.25691897881773684 ) ) ;
#4631 = EDGE_LOOP ( 'NONE', ( #2129, #4079, #2205, #1034 ) ) ;
#4632 = CARTESIAN_POINT ( 'NONE',  ( 10.48447168601375878, -67.51255360434782915, 29.70567073343264752 ) ) ;
#4633 = EDGE_CURVE ( 'NONE', #9323, #1514, #5299, .T. ) ;
#4634 = VERTEX_POINT ( 'NONE', #8848 ) ;
#4635 = CARTESIAN_POINT ( 'NONE',  ( 15.00000000000000000, -94.34771466488538749, 20.65720517637866038 ) ) ;
#4636 = CARTESIAN_POINT ( 'NONE',  ( 15.00000000000000178, -113.3959739888998968, 34.09450272418247607 ) ) ;
#4637 = CARTESIAN_POINT ( 'NONE',  ( 14.40556723980825993, -13.52053005258165186, -21.59456266214134246 ) ) ;
#4638 = ADVANCED_FACE ( 'NONE', ( #4521 ), #6285, .T. ) ;
#4639 = CARTESIAN_POINT ( 'NONE',  ( 14.59833531060935741, -42.80846972751886881, -19.01730599821672030 ) ) ;
#4640 = CARTESIAN_POINT ( 'NONE',  ( 15.00000000000000000, -100.8642757678722290, 32.69036330572686921 ) ) ;
#4641 = CARTESIAN_POINT ( 'NONE',  ( 15.70321112340036507, 26.43761527209223416, -43.34614561917783249 ) ) ;
#4642 = ORIENTED_EDGE ( 'NONE', *, *, #4370, .T. ) ;
#4643 = CARTESIAN_POINT ( 'NONE',  ( 15.00000000000000000, -123.7899015295618028, 35.82288474055284411 ) ) ;
#4644 = ORIENTED_EDGE ( 'NONE', *, *, #4318, .F. ) ;
#4645 = ORIENTED_EDGE ( 'NONE', *, *, #2297, .F. ) ;
#4646 = CARTESIAN_POINT ( 'NONE',  ( 22.33050015842062308, 29.97398186782806206, -24.31304690875162322 ) ) ;
#4647 = VECTOR ( 'NONE', #1520, 1000.000000000000227 ) ;
#4648 = CARTESIAN_POINT ( 'NONE',  ( 14.48667955527805873, -13.46564176140300439, -21.56593568921806892 ) ) ;
#4649 = CARTESIAN_POINT ( 'NONE',  ( 12.38256013999775007, 15.60150705745556721, -22.31735990406751924 ) ) ;
#4650 = CARTESIAN_POINT ( 'NONE',  ( 2.999999999999999556, 31.63969842962641010, -14.92085732397099918 ) ) ;
#4651 = CARTESIAN_POINT ( 'NONE',  ( 12.81213267600957550, 15.54374495023307823, -43.47676193468674910 ) ) ;
#4652 = VECTOR ( 'NONE', #7270, 1000.000000000000114 ) ;
#4653 = CARTESIAN_POINT ( 'NONE',  ( 14.24999999999999822, -1.799127793371373185, -7.400007478617809831 ) ) ;
#4654 = ORIENTED_EDGE ( 'NONE', *, *, #6702, .T. ) ;
#4655 = ORIENTED_EDGE ( 'NONE', *, *, #4410, .F. ) ;
#4656 = CARTESIAN_POINT ( 'NONE',  ( 13.24874292574929235, 14.84569544953171771, -21.09793644076461661 ) ) ;
#4657 = DIRECTION ( 'NONE',  ( 0.000000000000000000, 0.6427876096865345890, 0.7660444431189820103 ) ) ;
#4658 = CARTESIAN_POINT ( 'NONE',  ( 19.74951876361742009, -12.72425893743436198, -21.30924019412861625 ) ) ;
#4659 = CARTESIAN_POINT ( 'NONE',  ( 15.38717015118669096, -52.47418028630455922, 21.02326185008634596 ) ) ;
#4660 = DIRECTION ( 'NONE',  ( 0.000000000000000000, -0.7660444431189825654, 0.6427876096865339228 ) ) ;
#4661 = CARTESIAN_POINT ( 'NONE',  ( 22.23326112730043747, 18.06401708901174885, -22.98375037198960058 ) ) ;
#4662 = ORIENTED_EDGE ( 'NONE', *, *, #9434, .F. ) ;
#4663 = EDGE_LOOP ( 'NONE', ( #9173, #360, #8868, #3984, #6820, #7422, #2488, #1533, #400, #9186, #7641, #4358, #5204, #4395, #6882, #2900, #1746, #3906, #2027, #6166, #8569, #9118, #3299, #7043, #2518, #3594, #2516, #1834, #6637, #9228, #9587 ) ) ;
#4664 = ADVANCED_FACE ( 'NONE', ( #8595 ), #9277, .F. ) ;
#4665 = EDGE_LOOP ( 'NONE', ( #919, #4114, #32, #8653 ) ) ;
#4666 = CARTESIAN_POINT ( 'NONE',  ( 17.50565447944406827, -23.81117149923301568, -43.48294845704389644 ) ) ;
#4667 = DIRECTION ( 'NONE',  ( 0.000000000000000000, 0.6427876096865354771, 0.7660444431189813441 ) ) ;
#4668 = FACE_OUTER_BOUND ( 'NONE', #2702, .T. ) ;
#4669 = CARTESIAN_POINT ( 'NONE',  ( 23.44999999999999929, -34.75827009701470871, 6.157848144283614822 ) ) ;
#4670 = DIRECTION ( 'NONE',  ( 1.000000000000000000, 0.000000000000000000, 0.000000000000000000 ) ) ;
#4671 = EDGE_CURVE ( 'NONE', #586, #3135, #2583, .T. ) ;
#4672 = CARTESIAN_POINT ( 'NONE',  ( 14.70700594834913844, 24.53753649573820184, -45.29634816116374196 ) ) ;
#4673 = CARTESIAN_POINT ( 'NONE',  ( 12.19080738316550594, -14.68199750986714669, -43.34136492077426084 ) ) ;
#4674 = CARTESIAN_POINT ( 'NONE',  ( 22.26771601501221554, -48.66081310028855000, 12.26529964688231722 ) ) ;
#4675 = ORIENTED_EDGE ( 'NONE', *, *, #3327, .F. ) ;
#4676 = CARTESIAN_POINT ( 'NONE',  ( 11.86222434007794746, 16.97639397848158183, -45.21665516824356246 ) ) ;
#4677 = ORIENTED_EDGE ( 'NONE', *, *, #3512, .T. ) ;
#4678 = CARTESIAN_POINT ( 'NONE',  ( 16.67076674645168666, -76.07655943165681833, 12.62035529324152172 ) ) ;
#4679 = ORIENTED_EDGE ( 'NONE', *, *, #2730, .T. ) ;
#4680 = CARTESIAN_POINT ( 'NONE',  ( 13.72862246310608825, 14.72682035488096375, -21.29634816116374907 ) ) ;
#4681 = CARTESIAN_POINT ( 'NONE',  ( 23.33001023653936556, -45.29400470171979265, -3.118793119591313445 ) ) ;
#4682 = CARTESIAN_POINT ( 'NONE',  ( 12.37589395306692097, -14.53190152362846632, -22.33447360710345109 ) ) ;
#4683 = CARTESIAN_POINT ( 'NONE',  ( 14.37413202377994281, -45.82059315724141157, -17.43946572203774537 ) ) ;
#4684 = EDGE_CURVE ( 'NONE', #1194, #2804, #5850, .T. ) ;
#4685 = DIRECTION ( 'NONE',  ( 0.000000000000000000, -0.9848077530122094636, 0.1736481776669225319 ) ) ;
#4686 = CARTESIAN_POINT ( 'NONE',  ( 14.70700594834913666, 26.53753649573820184, -43.29634816116374196 ) ) ;
#4687 = AXIS2_PLACEMENT_3D ( 'NONE', #6588, #9535, #2892 ) ;
#4688 = EDGE_CURVE ( 'NONE', #3772, #3174, #3524, .T. ) ;
#4689 = CIRCLE ( 'NONE', #1442, 1.000000000000004441 ) ;
#4690 = EDGE_LOOP ( 'NONE', ( #6315, #4207, #1492, #5229 ) ) ;
#4691 = CARTESIAN_POINT ( 'NONE',  ( 15.00000000000000000, -120.1554226140695363, 31.84896853206123524 ) ) ;
#4692 = VERTEX_POINT ( 'NONE', #841 ) ;
#4693 = CARTESIAN_POINT ( 'NONE',  ( 3.000000000000000000, -22.82182225824879751, -16.15357600088132628 ) ) ;
#4694 = VERTEX_POINT ( 'NONE', #8306 ) ;
#4695 = CARTESIAN_POINT ( 'NONE',  ( 15.08548988013510694, 26.53753649573820539, -40.29634816116374196 ) ) ;
#4696 = LINE ( 'NONE', #4020, #101 ) ;
#4697 = VECTOR ( 'NONE', #1311, 1000.000000000000000 ) ;
#4698 = CARTESIAN_POINT ( 'NONE',  ( 0.000000000000000000, -42.49399750307080126, -8.992351028176036820 ) ) ;
#4699 = CIRCLE ( 'NONE', #1605, 4.000000000000000000 ) ;
#4700 =( LENGTH_UNIT ( ) NAMED_UNIT ( * ) SI_UNIT ( .MILLI., .METRE. ) );
#4701 = CARTESIAN_POINT ( 'NONE',  ( 15.00000000000000000, -123.7899015295618028, 35.82288474055284411 ) ) ;
#4702 = VECTOR ( 'NONE', #5715, 1000.000000000000000 ) ;
#4703 = PLANE ( 'NONE',  #2332 ) ;
#4704 = EDGE_CURVE ( 'NONE', #7569, #3821, #5395, .T. ) ;
#4705 = ORIENTED_EDGE ( 'NONE', *, *, #9140, .F. ) ;
#4706 = ORIENTED_EDGE ( 'NONE', *, *, #3745, .T. ) ;
#4707 = CARTESIAN_POINT ( 'NONE',  ( 13.92816563989172884, 14.89881029241322707, -21.83074034756345938 ) ) ;
#4708 = CARTESIAN_POINT ( 'NONE',  ( 3.089670827592271518, -100.5187668141805517, 10.47024997053889273 ) ) ;
#4709 = CARTESIAN_POINT ( 'NONE',  ( 6.000000000000000000, 0.000000000000000000, 0.000000000000000000 ) ) ;
#4710 = AXIS2_PLACEMENT_3D ( 'NONE', #5730, #4807, #9423 ) ;
#4711 = CARTESIAN_POINT ( 'NONE',  ( 21.16028316371425078, -62.96368274094366058, -4.115590031631955803 ) ) ;
#4712 = CARTESIAN_POINT ( 'NONE',  ( 4.934465383814631956, -90.38772566153639332, 40.46869169737222194 ) ) ;
#4713 = CARTESIAN_POINT ( 'NONE',  ( 19.99412838518731306, -53.12287641847942865, -9.492256959411923489 ) ) ;
#4714 = VERTEX_POINT ( 'NONE', #2389 ) ;
#4715 = ORIENTED_EDGE ( 'NONE', *, *, #6792, .T. ) ;
#4716 = ORIENTED_EDGE ( 'NONE', *, *, #9221, .F. ) ;
#4717 = CARTESIAN_POINT ( 'NONE',  ( 19.20793658861116171, -14.41992183316010490, -22.88591005058134797 ) ) ;
#4718 = CARTESIAN_POINT ( 'NONE',  ( 23.44999999999999929, -34.90548628911402318, 5.037809734445605869 ) ) ;
#4719 = CARTESIAN_POINT ( 'NONE',  ( 0.6353800299580910638, -34.13430541177140753, -23.11650158662681065 ) ) ;
#4720 = CARTESIAN_POINT ( 'NONE',  ( 0.000000000000000000, 32.73954237941581624, -16.73947206590499803 ) ) ;
#4721 = CARTESIAN_POINT ( 'NONE',  ( 22.18381066933914880, -54.83109622320743171, 0.3558155119239347908 ) ) ;
#4722 = CARTESIAN_POINT ( 'NONE',  ( 20.23105298398809992, -56.84697157599856610, 17.72661140917833933 ) ) ;
#4723 = CARTESIAN_POINT ( 'NONE',  ( 1.180849454320279435, -119.2494020591749688, 48.99709694690228901 ) ) ;
#4724 = EDGE_CURVE ( 'NONE', #2571, #8541, #8351, .T. ) ;
#4725 = CARTESIAN_POINT ( 'NONE',  ( 20.33068106453847079, -56.54168236363644695, 17.48484306397413590 ) ) ;
#4726 = ORIENTED_EDGE ( 'NONE', *, *, #3038, .T. ) ;
#4727 = CARTESIAN_POINT ( 'NONE',  ( 12.40000000000000213, -55.88670924954958963, -7.443061299447535362 ) ) ;
#4728 = EDGE_CURVE ( 'NONE', #6817, #3921, #1619, .T. ) ;
#4729 = VERTEX_POINT ( 'NONE', #3172 ) ;
#4730 = CARTESIAN_POINT ( 'NONE',  ( 15.00000000000000000, -129.8274270347771449, 19.90241600826421831 ) ) ;
#4731 = ORIENTED_EDGE ( 'NONE', *, *, #3450, .F. ) ;
#4732 = CARTESIAN_POINT ( 'NONE',  ( 1.864450967224376754, -114.7335992036454542, 16.76397644910646889 ) ) ;
#4733 = EDGE_CURVE ( 'NONE', #5397, #3404, #5967, .T. ) ;
#4734 = CARTESIAN_POINT ( 'NONE',  ( 23.45000000000001705, -42.02734466037192362, -2.743711327700200986 ) ) ;
#4735 = CARTESIAN_POINT ( 'NONE',  ( 13.36083064260048126, -13.66601782090582873, -21.00070480505158343 ) ) ;
#4736 = VECTOR ( 'NONE', #8068, 1000.000000000000000 ) ;
#4737 = CARTESIAN_POINT ( 'NONE',  ( 21.27227820482458043, -39.60626051916977275, -20.43202130225664703 ) ) ;
#4738 = FACE_OUTER_BOUND ( 'NONE', #2445, .T. ) ;
#4739 = EDGE_CURVE ( 'NONE', #1666, #8921, #6526, .T. ) ;
#4740 = CARTESIAN_POINT ( 'NONE',  ( 16.79448436108020459, 26.08286231195852167, -43.40069974364608640 ) ) ;
#4741 = ORIENTED_EDGE ( 'NONE', *, *, #2906, .F. ) ;
#4742 = CARTESIAN_POINT ( 'NONE',  ( 15.74228304299632342, -74.09813834299346524, 32.44409761703083461 ) ) ;
#4744 = EDGE_CURVE ( 'NONE', #2527, #9069, #4518, .T. ) ;
#4743 = VERTEX_POINT ( 'NONE', #8940 ) ;
#4745 = CARTESIAN_POINT ( 'NONE',  ( 1.026660004403023629, -42.79621202786410095, 9.619598530748849186 ) ) ;
#4746 = PRODUCT_DEFINITION_FORMATION_WITH_SPECIFIED_SOURCE ( 'ANY', '', #2346, .NOT_KNOWN. ) ;
#4747 = CARTESIAN_POINT ( 'NONE',  ( 6.878484348024423767, -76.69508860123968930, 2.210956606431596416 ) ) ;
#4748 = CARTESIAN_POINT ( 'NONE',  ( 3.000000000000006217, -123.6640270959618277, 25.08174915276007155 ) ) ;
#4749 = DIRECTION ( 'NONE',  ( -0.1251691050984282683, -1.376864485992742237E-15, -0.9921354217690540045 ) ) ;
#4750 = VECTOR ( 'NONE', #5639, 1000.000000000000114 ) ;
#4751 = CARTESIAN_POINT ( 'NONE',  ( 11.85954789245619878, 16.98020741561807867, -45.21787305352371789 ) ) ;
#4752 = VERTEX_POINT ( 'NONE', #4570 ) ;
#4753 = CARTESIAN_POINT ( 'NONE',  ( 0.000000000000000000, -64.84915466134815176, 21.62000213482803446 ) ) ;
#4754 = VERTEX_POINT ( 'NONE', #7539 ) ;
#4755 = VERTEX_POINT ( 'NONE', #7492 ) ;
#4756 = CARTESIAN_POINT ( 'NONE',  ( 14.65054239839512640, 14.43062576436245870, -21.50573235053251153 ) ) ;
#4757 = EDGE_CURVE ( 'NONE', #2118, #4755, #5995, .T. ) ;
#4758 = LINE ( 'NONE', #2585, #6881 ) ;
#4759 = CIRCLE ( 'NONE', #7715, 1.700000000000001510 ) ;
#4760 = CARTESIAN_POINT ( 'NONE',  ( 0.000000000000000000, -140.1086479597152561, 31.06710166095935222 ) ) ;
#4761 = CARTESIAN_POINT ( 'NONE',  ( 5.025754956924751937, -56.48581155775720219, 24.05953981715128975 ) ) ;
#4762 = EDGE_CURVE ( 'NONE', #3404, #9509, #3067, .T. ) ;
#4763 = CARTESIAN_POINT ( 'NONE',  ( -14.09999999999999964, -60.98807338632791186, 24.90374818686796843 ) ) ;
#4764 = CARTESIAN_POINT ( 'NONE',  ( 0.000000000000000000, -74.66354740713653371, 13.27312437272159151 ) ) ;
#4765 = EDGE_LOOP ( 'NONE', ( #7977, #1356, #5447, #7121, #7033, #1600 ) ) ;
#4766 = ORIENTED_EDGE ( 'NONE', *, *, #962, .T. ) ;
#4767 = ORIENTED_EDGE ( 'NONE', *, *, #5717, .T. ) ;
#4768 = CARTESIAN_POINT ( 'NONE',  ( 19.30236223375672466, -14.32846196032151553, -22.57501508164444459 ) ) ;
#4769 = FACE_OUTER_BOUND ( 'NONE', #8088, .T. ) ;
#4770 = DIRECTION ( 'NONE',  ( -2.632357323181799667E-17, 0.9848077530122093526, -0.1736481776669232258 ) ) ;
#4771 = CARTESIAN_POINT ( 'NONE',  ( -14.09999999999999964, -49.46863626127934310, -10.21764939810934791 ) ) ;
#4772 = CARTESIAN_POINT ( 'NONE',  ( 5.999999999999998224, -120.6584269231651660, 24.92287151326737771 ) ) ;
#4773 = DIRECTION ( 'NONE',  ( 0.000000000000000000, 0.7660444431189823433, -0.6427876096865341449 ) ) ;
#4774 = CARTESIAN_POINT ( 'NONE',  ( 11.73816239337497969, -15.03378091728919408, -44.07298733651307998 ) ) ;
#4775 = CARTESIAN_POINT ( 'NONE',  ( 22.32674685679664606, -48.32094773145002620, 12.08841264324488485 ) ) ;
#4776 = EDGE_LOOP ( 'NONE', ( #6849, #6450, #5042, #2306 ) ) ;
#4777 = CARTESIAN_POINT ( 'NONE',  ( 12.63399806945855985, 15.82578702179949381, -44.33314222271948779 ) ) ;
#4778 = ORIENTED_EDGE ( 'NONE', *, *, #4461, .T. ) ;
#4779 = CARTESIAN_POINT ( 'NONE',  ( 16.66686722646532814, -76.09931273903777083, 12.62632345375194554 ) ) ;
#4780 = CARTESIAN_POINT ( 'NONE',  ( 14.82278307493911207, 14.31165530166769706, -21.45199830809553632 ) ) ;
#4781 = CARTESIAN_POINT ( 'NONE',  ( 13.18582797587583144, 14.96926250956047966, -21.29634816116374907 ) ) ;
#4782 = CARTESIAN_POINT ( 'NONE',  ( 12.40000000000000036, -49.46863626127934310, -10.21764939810934791 ) ) ;
#4783 = CARTESIAN_POINT ( 'NONE',  ( 14.89802290457634371, -13.18379333188623725, -21.43069403968375397 ) ) ;
#4784 = CARTESIAN_POINT ( 'NONE',  ( 14.15179752618544562, -50.11517810689048957, -14.69762821809464093 ) ) ;
#4785 = CARTESIAN_POINT ( 'NONE',  ( 12.40000000000000036, -48.31161856384360931, -8.838769400495159800 ) ) ;
#4786 = CARTESIAN_POINT ( 'NONE',  ( 15.73690851551647008, 26.43068854499531994, -43.34783021281315740 ) ) ;
#4787 = ORIENTED_EDGE ( 'NONE', *, *, #8473, .F. ) ;
#4788 = CARTESIAN_POINT ( 'NONE',  ( 23.44999999999999929, 26.53753649573820184, -45.29634816116374196 ) ) ;
#4789 = ORIENTED_EDGE ( 'NONE', *, *, #5140, .T. ) ;
#4790 = CARTESIAN_POINT ( 'NONE',  ( 0.000000000000000000, -42.11065726885905747, 1.738856025306405817 ) ) ;
#4791 = ADVANCED_FACE ( 'NONE', ( #6132 ), #4616, .T. ) ;
#4792 = CARTESIAN_POINT ( 'NONE',  ( 7.636097507365938064, -74.21141329812591891, 1.574035884453640399 ) ) ;
#4793 = CARTESIAN_POINT ( 'NONE',  ( 15.07921818164341232, -13.05424547155416626, -21.38584621113248119 ) ) ;
#4794 = DIRECTION ( 'NONE',  ( 0.000000000000000000, 0.6427876096865355882, 0.7660444431189812331 ) ) ;
#4795 = DIRECTION ( 'NONE',  ( -2.632357323181799667E-17, 0.9848077530122093526, -0.1736481776669232258 ) ) ;
#4796 = CARTESIAN_POINT ( 'NONE',  ( 14.41709626494788665, -25.42155376843466286, -43.32858293445420372 ) ) ;
#4797 = CARTESIAN_POINT ( 'NONE',  ( 21.44999999999999929, 30.98458179031142024, -11.14980678216003263 ) ) ;
#4798 = ORIENTED_EDGE ( 'NONE', *, *, #5267, .F. ) ;
#4799 = CARTESIAN_POINT ( 'NONE',  ( 14.23913406603579901, -25.46246350426179816, -39.59913607114618372 ) ) ;
#4800 = VECTOR ( 'NONE', #934, 1000.000000000000227 ) ;
#4801 = ORIENTED_EDGE ( 'NONE', *, *, #3220, .T. ) ;
#4802 = CARTESIAN_POINT ( 'NONE',  ( 15.00000000000000711, -100.1177489746098956, 32.57334886501053006 ) ) ;
#4803 = CARTESIAN_POINT ( 'NONE',  ( 19.08726085664622474, -14.46246350426197758, -23.29634816116374907 ) ) ;
#4804 = CARTESIAN_POINT ( 'NONE',  ( 14.04194938775534851, -54.79253683801152874, -10.97199554507796471 ) ) ;
#4805 = LINE ( 'NONE', #3408, #4582 ) ;
#4806 = DIRECTION ( 'NONE',  ( 0.000000000000000000, 0.000000000000000000, -1.000000000000000000 ) ) ;
#4807 = DIRECTION ( 'NONE',  ( -1.000000000000000000, -0.000000000000000000, 0.000000000000000000 ) ) ;
#4808 = VECTOR ( 'NONE', #5909, 1000.000000000000000 ) ;
#4809 = AXIS2_PLACEMENT_3D ( 'NONE', #212, #3221, #9089 ) ;
#4810 = ADVANCED_FACE ( 'NONE', ( #8986, #937 ), #3892, .F. ) ;
#4811 = CARTESIAN_POINT ( 'NONE',  ( 17.65087584107617502, 17.91223139334232073, -45.29634816116374196 ) ) ;
#4812 = ORIENTED_EDGE ( 'NONE', *, *, #6496, .F. ) ;
#4813 = ORIENTED_EDGE ( 'NONE', *, *, #411, .T. ) ;
#4814 = ADVANCED_FACE ( 'NONE', ( #309 ), #3206, .F. ) ;
#4815 = ORIENTED_EDGE ( 'NONE', *, *, #7854, .T. ) ;
#4816 = CARTESIAN_POINT ( 'NONE',  ( 7.399999999999999467, -48.80464589757340832, -3.203441189273091627 ) ) ;
#4817 = CARTESIAN_POINT ( 'NONE',  ( 0.000000000000000000, -76.37521062310625553, 25.48216967743977079 ) ) ;
#4818 = CARTESIAN_POINT ( 'NONE',  ( 20.49776045245195277, -40.94676029316498500, 11.35060798541745619 ) ) ;
#4819 = DIRECTION ( 'NONE',  ( 0.000000000000000000, 0.000000000000000000, -1.000000000000000000 ) ) ;
#4820 = DIRECTION ( 'NONE',  ( 0.000000000000000000, 0.000000000000000000, -1.000000000000000000 ) ) ;
#4821 = B_SPLINE_CURVE_WITH_KNOTS ( 'NONE', 3,
 ( #926, #5381, #7427, #3732, #7381, #8292, #1652, #4605, #6657, #51, #4555, #1700, #7477, #1554 ),
 .UNSPECIFIED., .F., .F.,
 ( 4, 2, 1, 1, 1, 1, 2, 2, 4 ),
 ( 0.000000000000000000, 0.4999999999999585887, 0.6249999999999495959, 0.6874999999999464873, 0.7187499999999449329, 0.7343749999999440448, 0.7421874999999448219, 0.7499999999999455991, 1.000000000000000000 ),
 .UNSPECIFIED. ) ;
#4822 = CARTESIAN_POINT ( 'NONE',  ( 11.85746042159807345, -14.94315392721378544, -43.98541661098998645 ) ) ;
#4823 = CARTESIAN_POINT ( 'NONE',  ( 22.60862198792998967, -45.34201067060303103, -8.828311525556785000 ) ) ;
#4824 = VERTEX_POINT ( 'NONE', #8604 ) ;
#4825 = CARTESIAN_POINT ( 'NONE',  ( 6.000000000000000000, -76.37521062310625553, 25.48216967743977079 ) ) ;
#4826 = EDGE_CURVE ( 'NONE', #6934, #3560, #8151, .T. ) ;
#4827 = ORIENTED_EDGE ( 'NONE', *, *, #4584, .F. ) ;
#4828 = CARTESIAN_POINT ( 'NONE',  ( 14.99999999999860734, -125.0994654432774382, 18.86683625882076143 ) ) ;
#4829 = CARTESIAN_POINT ( 'NONE',  ( -21.44999999999999574, -39.33069177476031086, 1.248673103258287842 ) ) ;
#4830 = CARTESIAN_POINT ( 'NONE',  ( 15.09920349102557147, 14.04316010015538829, -21.29634816116374907 ) ) ;
#4831 = CARTESIAN_POINT ( 'NONE',  ( 14.99999999999999822, -109.9299243316545187, 33.65831328222778041 ) ) ;
#4832 = CARTESIAN_POINT ( 'NONE',  ( 12.19083461222123432, -14.68197569938394231, -23.29634816116374907 ) ) ;
#4833 = FACE_OUTER_BOUND ( 'NONE', #4776, .T. ) ;
#4834 = CARTESIAN_POINT ( 'NONE',  ( 0.000000000000000000, -121.1330780353519003, 32.03547454657585547 ) ) ;
#4835 = CARTESIAN_POINT ( 'NONE',  ( 16.05293168516172031, -77.87621738917148662, 18.42152273496100179 ) ) ;
#4836 = ORIENTED_EDGE ( 'NONE', *, *, #1306, .T. ) ;
#4837 = DIRECTION ( 'NONE',  ( 0.000000000000000000, -1.334402673828313339E-16, 1.000000000000000000 ) ) ;
#4838 = ORIENTED_EDGE ( 'NONE', *, *, #1073, .T. ) ;
#4839 = DIRECTION ( 'NONE',  ( 0.000000000000000000, -0.7660444431189817882, 0.6427876096865347000 ) ) ;
#4840 = CARTESIAN_POINT ( 'NONE',  ( 11.85985768221816272, -15.90458262210830576, -45.21700550369072147 ) ) ;
#4841 = CARTESIAN_POINT ( 'NONE',  ( 15.37512658397767851, -12.83535201216524335, -21.33141414898332400 ) ) ;
#4842 = CIRCLE ( 'NONE', #201, 60.00000000000000000 ) ;
#4843 = CARTESIAN_POINT ( 'NONE',  ( 12.04867804548370103, -14.79476802153760673, -43.76905446313162429 ) ) ;
#4844 = LINE ( 'NONE', #9271, #6218 ) ;
#4845 = DIRECTION ( 'NONE',  ( -0.000000000000000000, 0.4246765432456733325, 0.9053451461276553758 ) ) ;
#4846 = EDGE_CURVE ( 'NONE', #94, #3586, #4597, .T. ) ;
#4847 = ORIENTED_EDGE ( 'NONE', *, *, #3008, .F. ) ;
#4848 = CARTESIAN_POINT ( 'NONE',  ( 11.45643923738951386, -16.46246350426196869, -45.29634816116374907 ) ) ;
#4849 = VECTOR ( 'NONE', #7117, 1000.000000000000227 ) ;
#4850 = ORIENTED_EDGE ( 'NONE', *, *, #592, .T. ) ;
#4851 = CARTESIAN_POINT ( 'NONE',  ( 17.29738999572572311, -53.99287767579988184, -10.87638686595033199 ) ) ;
#4852 = VECTOR ( 'NONE', #1684, 1000.000000000000114 ) ;
#4853 = ADVANCED_FACE ( 'NONE', ( #8652 ), #9284, .F. ) ;
#4854 = LINE ( 'NONE', #7682, #7337 ) ;
#4855 = VECTOR ( 'NONE', #7264, 999.9999999999998863 ) ;
#4856 = CARTESIAN_POINT ( 'NONE',  ( 20.11712574934102449, 15.33177468625421014, -22.40177047532935717 ) ) ;
#4857 = EDGE_CURVE ( 'NONE', #69, #2605, #7154, .T. ) ;
#4858 = DIRECTION ( 'NONE',  ( 0.000000000000000000, -0.9396926207859083169, 0.3420201433256692680 ) ) ;
#4859 = CARTESIAN_POINT ( 'NONE',  ( -14.09999999999999964, -48.31161856384360931, -8.838769400495159800 ) ) ;
#4860 = VECTOR ( 'NONE', #4602, 1000.000000000000000 ) ;
#4861 = CARTESIAN_POINT ( 'NONE',  ( 0.000000000000000000, -116.9023433002326016, -13.35486310416182754 ) ) ;
#4862 = ORIENTED_EDGE ( 'NONE', *, *, #2836, .T. ) ;
#4863 = ORIENTED_EDGE ( 'NONE', *, *, #4024, .T. ) ;
#4864 = VERTEX_POINT ( 'NONE', #7110 ) ;
#4865 = EDGE_CURVE ( 'NONE', #2394, #7951, #4090, .T. ) ;
#4866 = CARTESIAN_POINT ( 'NONE',  ( 12.61957365508894746, -60.47008305067262057, 26.50565492709459647 ) ) ;
#4867 = DIRECTION ( 'NONE',  ( -0.7078488542961607344, -0.7063639284898489690, 0.000000000000000000 ) ) ;
#4868 = AXIS2_PLACEMENT_3D ( 'NONE', #4506, #3781, #1418 ) ;
#4869 = CARTESIAN_POINT ( 'NONE',  ( 15.00000000000000000, -126.4815295864666922, 36.45746411267435150 ) ) ;
#4870 = CARTESIAN_POINT ( 'NONE',  ( 14.16245849731975603, -53.67874154140147880, -11.90658076767044093 ) ) ;
#4871 = CARTESIAN_POINT ( 'NONE',  ( 15.06503878003886854, -86.14831936495671982, 28.83508190614382727 ) ) ;
#4872 = CARTESIAN_POINT ( 'NONE',  ( 14.60232671023818796, -13.23565464376399881, -21.29634816116374907 ) ) ;
#4873 = VECTOR ( 'NONE', #9082, 1000.000000000000114 ) ;
#4874 = CARTESIAN_POINT ( 'NONE',  ( 9.932741254112062990, -69.39972495225534033, 30.39254493103101140 ) ) ;
#4875 = ORIENTED_EDGE ( 'NONE', *, *, #1624, .T. ) ;
#4876 = CARTESIAN_POINT ( 'NONE',  ( 0.000000000000000000, -76.19643011214637340, 9.598817985670732966 ) ) ;
#4877 = ORIENTED_EDGE ( 'NONE', *, *, #7370, .T. ) ;
#4878 = CARTESIAN_POINT ( 'NONE',  ( 15.00000000000000000, -128.4297167077102131, 34.08136697702980911 ) ) ;
#4879 = CARTESIAN_POINT ( 'NONE',  ( 13.58237663258197792, 15.10739609147489482, -22.05706235123226833 ) ) ;
#4880 = CARTESIAN_POINT ( 'NONE',  ( 13.93334055656302795, 14.63326797554893410, -21.29634816116374907 ) ) ;
#4881 = CARTESIAN_POINT ( 'NONE',  ( 16.22848729459336425, -76.10435538319671878, 19.22016425251037219 ) ) ;
#4882 = CARTESIAN_POINT ( 'NONE',  ( 12.87271283065761729, -14.43337308492340654, -22.96790122973087378 ) ) ;
#4883 = EDGE_CURVE ( 'NONE', #3233, #572, #5497, .T. ) ;
#4884 = CARTESIAN_POINT ( 'NONE',  ( 22.27296224177169748, -40.84951703060450967, -12.28101944136612822 ) ) ;
#4885 = DIRECTION ( 'NONE',  ( 0.000000000000000000, -0.7660444431189823433, 0.6427876096865341449 ) ) ;
#4886 = EDGE_CURVE ( 'NONE', #9543, #7460, #3269, .T. ) ;
#4887 = EDGE_LOOP ( 'NONE', ( #4489, #1547, #5462, #723 ) ) ;
#4888 = CARTESIAN_POINT ( 'NONE',  ( 1.332885661840666369, -123.8430077685334680, 18.66892454741315888 ) ) ;
#4889 = ORIENTED_EDGE ( 'NONE', *, *, #6466, .F. ) ;
#4890 = CARTESIAN_POINT ( 'NONE',  ( 12.40000000000000036, -39.23241120174885310, 6.648580071770402888 ) ) ;
#4891 = CIRCLE ( 'NONE', #6625, 20.50000000000009948 ) ;
#4892 = VECTOR ( 'NONE', #7745, 1000.000000000000114 ) ;
#4893 = CARTESIAN_POINT ( 'NONE',  ( 8.370217410974117200, -72.07836847275794412, 0.8588283725291788739 ) ) ;
#4894 = CARTESIAN_POINT ( 'NONE',  ( 1.300011015784769519, -124.4758996252395917, 18.76861490077999761 ) ) ;
#4895 = CARTESIAN_POINT ( 'NONE',  ( 11.91222417296222780, -14.90102586201044943, -43.93497634600214496 ) ) ;
#4896 = CARTESIAN_POINT ( 'NONE',  ( 18.77952124306501247, -20.57279008854559521, -43.54662542183100271 ) ) ;
#4897 = DIRECTION ( 'NONE',  ( 1.000000000000000000, 0.000000000000000000, -0.000000000000000000 ) ) ;
#4898 = AXIS2_PLACEMENT_3D ( 'NONE', #6726, #8947, #5253 ) ;
#4899 = EDGE_LOOP ( 'NONE', ( #9494, #1813, #3050, #7260 ) ) ;
#4900 = DIRECTION ( 'NONE',  ( 0.000000000000000000, -0.9463118589240399059, 0.3232551092554114547 ) ) ;
#4901 = VERTEX_POINT ( 'NONE', #4954 ) ;
#4902 = CARTESIAN_POINT ( 'NONE',  ( 15.86469268045537540, -54.16187209521494594, -11.28004751958884633 ) ) ;
#4903 = CARTESIAN_POINT ( 'NONE',  ( 15.87556669045135571, -151.1131640076220606, -43.54662542183137930 ) ) ;
#4904 = CARTESIAN_POINT ( 'NONE',  ( 2.145527688877541639, -111.0338653484103304, 15.51486979000558897 ) ) ;
#4905 = FACE_OUTER_BOUND ( 'NONE', #225, .T. ) ;
#4906 = LINE ( 'NONE', #7735, #479 ) ;
#4907 = DIRECTION ( 'NONE',  ( 0.000000000000000000, 0.1736481776669232813, 0.9848077530122092416 ) ) ;
#4908 = VECTOR ( 'NONE', #2740, 1000.000000000000114 ) ;
#4909 =( BOUNDED_SURFACE ( )  B_SPLINE_SURFACE ( 2, 3, ( 
 ( #3189, #809, #4447, #6053, #2461, #5366, #8277, #5952, #5415, #861, #958, #762, #3715, #37, #5317, #4635 ),
 ( #4538, #2989, #7611, #181, #8228, #4490, #7513, #2259, #9058, #6102, #2409, #3815, #5220, #8181, #3766, #6739 ),
 ( #9008, #8327, #3040, #7561, #3911, #4732, #4157, #6985, #8472, #8573, #6938, #473, #3959, #1826, #7856, #380 ) ),
 .UNSPECIFIED., .F., .F., .F. ) 
 B_SPLINE_SURFACE_WITH_KNOTS ( ( 3, 3 ),
 ( 4, 2, 2, 2, 2, 2, 2, 4 ),
 ( 0.000000000000000000, 1.000000000000000000 ),
 ( 0.1781624861937158300, 0.2097511141031745963, 0.2413397420126333626, 0.3045169978315508952, 0.3676942536504684278, 0.3992828815599271941, 0.4150771955146566050, 0.4308715094693859604 ),
 .UNSPECIFIED. ) 
 GEOMETRIC_REPRESENTATION_ITEM ( )  RATIONAL_B_SPLINE_SURFACE ( (
 ( 1.000000000000000000, 1.000000000000000000, 1.000000000000000000, 1.000000000000000000, 1.000000000000000000, 1.000000000000000000, 1.000000000000000000, 1.000000000000000000, 1.000000000000000000, 1.000000000000000000, 1.000000000000000000, 1.000000000000000000, 1.000000000000000000, 1.000000000000000000, 1.000000000000000000, 1.000000000000000000),
 ( 0.7071067811865475727, 0.7071067811865475727, 0.7071067811865475727, 0.7071067811865475727, 0.7071067811865475727, 0.7071067811865475727, 0.7071067811865475727, 0.7071067811865475727, 0.7071067811865476838, 0.7071067811865476838, 0.7071067811865475727, 0.7071067811865475727, 0.7071067811865472397, 0.7071067811865472397, 0.7071067811865475727, 0.7071067811865475727),
 ( 1.000000000000000000, 1.000000000000000000, 1.000000000000000000, 1.000000000000000000, 1.000000000000000000, 1.000000000000000000, 1.000000000000000000, 1.000000000000000000, 1.000000000000000000, 1.000000000000000000, 1.000000000000000000, 1.000000000000000000, 1.000000000000000000, 1.000000000000000000, 1.000000000000000000, 1.000000000000000000) ) ) 
 REPRESENTATION_ITEM ( '' )  SURFACE ( )  );
#4910 = FACE_OUTER_BOUND ( 'NONE', #8908, .T. ) ;
#4911 = CIRCLE ( 'NONE', #582, 50.00000000000000000 ) ;
#4912 = VERTEX_POINT ( 'NONE', #6382 ) ;
#4913 = ORIENTED_EDGE ( 'NONE', *, *, #8673, .T. ) ;
#4914 = CARTESIAN_POINT ( 'NONE',  ( 20.86154344334197930, 21.42720991145443321, -34.44950056063202481 ) ) ;
#4915 = EDGE_CURVE ( 'NONE', #1090, #1874, #428, .T. ) ;
#4916 = DIRECTION ( 'NONE',  ( -0.000000000000000000, 0.7660444431189822323, -0.6427876096865343669 ) ) ;
#4917 = CARTESIAN_POINT ( 'NONE',  ( 1.123582429141917860, -120.4859869534278261, 49.30024030737041585 ) ) ;
#4918 = DIRECTION ( 'NONE',  ( -0.000000000000000000, -0.7660444431189812331, 0.6427876096865354771 ) ) ;
#4919 = CARTESIAN_POINT ( 'NONE',  ( 15.05217021457189830, -86.53901421707088559, 28.95458960855010133 ) ) ;
#4920 = CARTESIAN_POINT ( 'NONE',  ( 22.78501948089703077, -47.29434184856496159, -7.085872783501861782 ) ) ;
#4921 = CARTESIAN_POINT ( 'NONE',  ( 15.18638673381734527, -35.74822382763699835, -22.11670273740450199 ) ) ;
#4922 = CARTESIAN_POINT ( 'NONE',  ( 21.12035288130598687, -35.22790903547696217, -22.40825764826656652 ) ) ;
#4923 = ORIENTED_EDGE ( 'NONE', *, *, #2665, .T. ) ;
#4924 = CARTESIAN_POINT ( 'NONE',  ( 10.96894178651362672, 16.66000926175976105, -44.29538265343190062 ) ) ;
#4925 = CARTESIAN_POINT ( 'NONE',  ( 13.89862960848479823, 14.91704330187292804, -21.84766592079134995 ) ) ;
#4926 = CARTESIAN_POINT ( 'NONE',  ( 22.50592966348455093, -53.12246523144217036, -1.037918943688502349 ) ) ;
#4927 = FACE_OUTER_BOUND ( 'NONE', #8276, .T. ) ;
#4928 = DIRECTION ( 'NONE',  ( 0.000000000000000000, -1.334402673828313339E-16, 1.000000000000000000 ) ) ;
#4929 = CARTESIAN_POINT ( 'NONE',  ( 22.24811601129777827, -40.45706664576843536, -12.54715920690686204 ) ) ;
#4930 = CARTESIAN_POINT ( 'NONE',  ( 7.399999999999999467, -71.59936963466060433, 10.70197393397544339 ) ) ;
#4931 = EDGE_CURVE ( 'NONE', #5374, #4980, #9330, .T. ) ;
#4932 = ORIENTED_EDGE ( 'NONE', *, *, #1861, .T. ) ;
#4933 = CARTESIAN_POINT ( 'NONE',  ( 1.764741698759683564, -111.7289165242357996, 47.15348291926137136 ) ) ;
#4934 = ORIENTED_EDGE ( 'NONE', *, *, #8556, .T. ) ;
#4935 = DIRECTION ( 'NONE',  ( 0.000000000000000000, 0.9396926207859082059, -0.3420201433256692125 ) ) ;
#4936 = ORIENTED_EDGE ( 'NONE', *, *, #1285, .F. ) ;
#4937 = CARTESIAN_POINT ( 'NONE',  ( 11.71654130022095508, -16.10617963192285629, -45.26511548886136183 ) ) ;
#4938 = EDGE_CURVE ( 'NONE', #8620, #6807, #7836, .T. ) ;
#4939 = CARTESIAN_POINT ( 'NONE',  ( 12.00000000000003020, -121.1330780353518861, 32.03547454657584126 ) ) ;
#4940 = CARTESIAN_POINT ( 'NONE',  ( 11.57808816850905664, -15.15320853066307016, -44.16020662755028070 ) ) ;
#4941 = CARTESIAN_POINT ( 'NONE',  ( 18.77952124306501247, -20.57279008854559521, -43.54662542183100271 ) ) ;
#4942 = DIRECTION ( 'NONE',  ( -0.000000000000000000, 0.3232551092554115102, 0.9463118589240399059 ) ) ;
#4943 = ORIENTED_EDGE ( 'NONE', *, *, #7973, .T. ) ;
#4944 = CARTESIAN_POINT ( 'NONE',  ( 15.65659915250128975, -51.67025555227299094, 20.34868890226617211 ) ) ;
#4945 = ORIENTED_EDGE ( 'NONE', *, *, #6600, .T. ) ;
#4946 = CARTESIAN_POINT ( 'NONE',  ( 15.00000000000000355, -100.0641324392154985, 32.56488044405813298 ) ) ;
#4947 = CARTESIAN_POINT ( 'NONE',  ( 13.89999999999999858, -58.74016882826288111, 19.49293262007675054 ) ) ;
#4948 = DIRECTION ( 'NONE',  ( -1.000000000000000000, 0.000000000000000000, 0.000000000000000000 ) ) ;
#4949 = CARTESIAN_POINT ( 'NONE',  ( 17.84552477795709535, 26.66221165061519471, -45.29634816116374196 ) ) ;
#4950 = B_SPLINE_CURVE_WITH_KNOTS ( 'NONE', 3,
 ( #245, #5483, #3205, #8438, #1604, #5431, #1796, #7674, #925, #5380, #1029, #4649, #1076, #4021, #144, #6117, #97, #4553, #3827, #3054, #6018, #4604, #9021, #7626, #1841, #8486, #3303 ),
 .UNSPECIFIED., .F., .F.,
 ( 4, 2, 1, 2, 2, 2, 1, 2, 2, 2, 2, 1, 2, 2, 4 ),
 ( 0.000000000000000000, 0.1250000000000017486, 0.1875000000000027478, 0.2187500000000050238, 0.2500000000000073275, 0.3750000000000184852, 0.4375000000000234257, 0.4687500000000233702, 0.5000000000000233147, 0.5625000000000209832, 0.6250000000000186517, 0.6875000000000163203, 0.7187500000000138778, 0.7500000000000114353, 1.000000000000000000 ),
 .UNSPECIFIED. ) ;
#4951 = DIRECTION ( 'NONE',  ( -0.000000000000000000, -0.9396926207859082059, 0.3420201433256692125 ) ) ;
#4952 = DIRECTION ( 'NONE',  ( 0.000000000000000000, -0.9143751889140099287, 0.4048678968484271112 ) ) ;
#4953 = CARTESIAN_POINT ( 'NONE',  ( 2.926504147419392687, -102.6166046680697406, 44.91963965419321170 ) ) ;
#4954 = CARTESIAN_POINT ( 'NONE',  ( 12.40000000000000036, -58.74016882826288111, 19.49293262007675054 ) ) ;
#4955 = EDGE_LOOP ( 'NONE', ( #2627, #7412, #7055, #6393 ) ) ;
#4956 = ORIENTED_EDGE ( 'NONE', *, *, #668, .F. ) ;
#4957 = CARTESIAN_POINT ( 'NONE',  ( 21.68987955504721654, 22.83774622952461186, -28.13252572418505792 ) ) ;
#4958 =( LENGTH_UNIT ( ) NAMED_UNIT ( * ) SI_UNIT ( .MILLI., .METRE. ) );
#4959 = CARTESIAN_POINT ( 'NONE',  ( 15.00000000000000000, -124.8077875786816406, 36.03959259557475292 ) ) ;
#4960 = VECTOR ( 'NONE', #3265, 1000.000000000000000 ) ;
#4961 = CARTESIAN_POINT ( 'NONE',  ( 7.399999999999999467, -74.66354740713653371, 13.27312437272159151 ) ) ;
#4962 = VECTOR ( 'NONE', #6672, 1000.000000000000000 ) ;
#4963 = CARTESIAN_POINT ( 'NONE',  ( 15.06564361411196273, -86.13062328328142314, 28.82966663176584632 ) ) ;
#4964 =( BOUNDED_CURVE ( )  B_SPLINE_CURVE ( 2, ( #28, #1483, #8169 ),
 .UNSPECIFIED., .F., .F. ) 
 B_SPLINE_CURVE_WITH_KNOTS ( ( 3, 3 ),
 ( 0.000000000000000000, 1.000000000000000000 ),
 .UNSPECIFIED. ) 
 CURVE ( )  GEOMETRIC_REPRESENTATION_ITEM ( )  RATIONAL_B_SPLINE_CURVE ( ( 1.000000000000000000, 0.7148654827506899512, 1.000000000000000000 ) ) 
 REPRESENTATION_ITEM ( '' )  );
#4965 = CARTESIAN_POINT ( 'NONE',  ( 14.70706947758026750, -13.18210188756209966, -21.29634816116374907 ) ) ;
#4966 = ADVANCED_FACE ( 'NONE', ( #4910 ), #8501, .F. ) ;
#4967 = VECTOR ( 'NONE', #7779, 1000.000000000000000 ) ;
#4968 = CARTESIAN_POINT ( 'NONE',  ( 21.44999999999999929, 30.98458179031142024, -11.14980678216003263 ) ) ;
#4969 = CARTESIAN_POINT ( 'NONE',  ( 21.24014984485969038, -38.29152494107233196, -20.91850561313492562 ) ) ;
#4970 = EDGE_LOOP ( 'NONE', ( #7789, #6651, #8654, #3402 ) ) ;
#4971 = CARTESIAN_POINT ( 'NONE',  ( 11.69217337875490514, 16.14341666088715144, -44.10110900874288120 ) ) ;
#4972 = CARTESIAN_POINT ( 'NONE',  ( 14.03079061838084485, 14.83496266979367739, -21.77426430409632729 ) ) ;
#4973 = LINE ( 'NONE', #7944, #8746 ) ;
#4974 = EDGE_CURVE ( 'NONE', #1621, #2543, #259, .T. ) ;
#4975 = CARTESIAN_POINT ( 'NONE',  ( 2.099999999999987210, -76.10435538319671878, 17.87016425251036722 ) ) ;
#4976 = CARTESIAN_POINT ( 'NONE',  ( 14.25099271741516027, -13.62693549394568571, -21.67241622934623635 ) ) ;
#4977 = EDGE_CURVE ( 'NONE', #9509, #5677, #4177, .T. ) ;
#4978 = CARTESIAN_POINT ( 'NONE',  ( 22.74924559936156143, -46.91275470222622346, -7.436713566223793315 ) ) ;
#4979 = FACE_OUTER_BOUND ( 'NONE', #178, .T. ) ;
#4980 = VERTEX_POINT ( 'NONE', #9184 ) ;
#4981 = CARTESIAN_POINT ( 'NONE',  ( 17.48369335056464990, 16.48300150948031018, -45.01037945320666012 ) ) ;
#4982 = EDGE_LOOP ( 'NONE', ( #4598, #6022, #6910, #8014 ) ) ;
#4983 = FACE_OUTER_BOUND ( 'NONE', #652, .T. ) ;
#4984 = ORIENTED_EDGE ( 'NONE', *, *, #3492, .T. ) ;
#4985 = LINE ( 'NONE', #2122, #4702 ) ;
#4986 = EDGE_CURVE ( 'NONE', #1117, #5534, #1810, .T. ) ;
#4987 = CARTESIAN_POINT ( 'NONE',  ( 15.74228304299637315, -74.09813834299323787, 32.44409761703076356 ) ) ;
#4988 = CARTESIAN_POINT ( 'NONE',  ( 11.92874764712518676, -15.80654107938895692, -45.18647283909207601 ) ) ;
#4989 = EDGE_CURVE ( 'NONE', #5313, #3360, #9194, .T. ) ;
#4990 = CARTESIAN_POINT ( 'NONE',  ( 21.25571124827474989, -38.97054437680330352, -20.67543087641106325 ) ) ;
#4991 = DIRECTION ( 'NONE',  ( 0.000000000000000000, -0.3420201433256681578, -0.9396926207859086499 ) ) ;
#4992 = ORIENTED_EDGE ( 'NONE', *, *, #9336, .T. ) ;
#4993 = CARTESIAN_POINT ( 'NONE',  ( 18.63947435365148664, -44.61533694617747159, 14.42890930190576881 ) ) ;
#4994 = EDGE_LOOP ( 'NONE', ( #4187, #3525 ) ) ;
#4995 = CARTESIAN_POINT ( 'NONE',  ( 19.34961459783847459, -53.41347560880621614, -9.921001432951255694 ) ) ;
#4996 = DIRECTION ( 'NONE',  ( 0.000000000000000000, 0.5057367576863224246, 0.8626878531223943769 ) ) ;
#4997 = VECTOR ( 'NONE', #8476, 1000.000000000000000 ) ;
#4998 = CARTESIAN_POINT ( 'NONE',  ( -37.07224088444629473, -54.60113403017650313, -5.910972413209566234 ) ) ;
#4999 = PLANE ( 'NONE',  #1305 ) ;
#5000 = CARTESIAN_POINT ( 'NONE',  ( -2.499999999999999781E-05, 15.53753649573836881, -23.29634816116374907 ) ) ;
#5001 = CARTESIAN_POINT ( 'NONE',  ( 15.00000000000000000, -91.83913724776955689, 30.56475251219736577 ) ) ;
#5002 = DIRECTION ( 'NONE',  ( 0.000000000000000000, 0.1736481776669230592, 0.9848077530122093526 ) ) ;
#5003 = EDGE_CURVE ( 'NONE', #6662, #2258, #2265, .T. ) ;
#5004 = CIRCLE ( 'NONE', #3609, 1.000000000000000888 ) ;
#5005 = CARTESIAN_POINT ( 'NONE',  ( 10.55000000000000071, 0.000000000000000000, 0.000000000000000000 ) ) ;
#5006 = VECTOR ( 'NONE', #9010, 1000.000000000000114 ) ;
#5007 = ORIENTED_EDGE ( 'NONE', *, *, #9331, .T. ) ;
#5008 = B_SPLINE_CURVE_WITH_KNOTS ( 'NONE', 3,
 ( #7945, #7169, #6537, #1256, #8624, #5070, #7857, #519, #4295, #6443 ),
 .UNSPECIFIED., .F., .F.,
 ( 4, 2, 2, 2, 4 ),
 ( 0.000000000000000000, 0.2499999999999997780, 0.4999999999999995559, 0.7499999999999997780, 1.000000000000000000 ),
 .UNSPECIFIED. ) ;
#5009 = LINE ( 'NONE', #3462, #4135 ) ;
#5010 = LINE ( 'NONE', #8753, #8918 ) ;
#5011 = CARTESIAN_POINT ( 'NONE',  ( 14.04694059005661799, -54.74710776445026283, -11.01011506394795525 ) ) ;
#5012 = VECTOR ( 'NONE', #5657, 999.9999999999998863 ) ;
#5013 = DIRECTION ( 'NONE',  ( 0.000000000000000000, 0.9396926207859080948, -0.3420201433256697676 ) ) ;
#5014 = CARTESIAN_POINT ( 'NONE',  ( 14.74942091798564192, -41.10884329491430833, -19.79707131994212688 ) ) ;
#5015 = CARTESIAN_POINT ( 'NONE',  ( 22.20088133609749548, -39.66780076378130815, -13.06072712975994854 ) ) ;
#5016 = VECTOR ( 'NONE', #8808, 1000.000000000000000 ) ;
#5017 = DIRECTION ( 'NONE',  ( 0.000000000000000000, -0.1736481776669226151, -0.9848077530122093526 ) ) ;
#5018 = DIRECTION ( 'NONE',  ( 0.000000000000000000, 0.000000000000000000, -1.000000000000000000 ) ) ;
#5019 = ORIENTED_EDGE ( 'NONE', *, *, #7868, .F. ) ;
#5020 = DIRECTION ( 'NONE',  ( -1.000000000000000000, 0.000000000000000000, 0.000000000000000000 ) ) ;
#5021 = CARTESIAN_POINT ( 'NONE',  ( 14.64226664899607577, 14.43603569467948411, -21.50922802376408427 ) ) ;
#5022 = LINE ( 'NONE', #3476, #838 ) ;
#5023 = DIRECTION ( 'NONE',  ( -0.000000000000000000, 0.1736481776669230037, 0.9848077530122093526 ) ) ;
#5024 = CARTESIAN_POINT ( 'NONE',  ( 21.43023252203366269, -44.06127911635876160, -18.39447849948932046 ) ) ;
#5025 = DIRECTION ( 'NONE',  ( 1.000000000000000000, -0.000000000000000000, -0.000000000000000000 ) ) ;
#5026 = VECTOR ( 'NONE', #5827, 1000.000000000000000 ) ;
#5027 = ADVANCED_FACE ( 'NONE', ( #1286 ), #6566, .F. ) ;
#5028 = ORIENTED_EDGE ( 'NONE', *, *, #910, .T. ) ;
#5029 = CARTESIAN_POINT ( 'NONE',  ( 1.796320505380345489, -111.4241032608558868, 47.07875928531946386 ) ) ;
#5030 = ADVANCED_FACE ( 'NONE', ( #4415 ), #640, .T. ) ;
#5031 = ORIENTED_EDGE ( 'NONE', *, *, #2010, .F. ) ;
#5032 = CYLINDRICAL_SURFACE ( 'NONE', #9501, 2.000000000000001776 ) ;
#5033 = VERTEX_POINT ( 'NONE', #4279 ) ;
#5034 = DIRECTION ( 'NONE',  ( 1.000000000000000000, 0.000000000000000000, 0.000000000000000000 ) ) ;
#5035 = FACE_OUTER_BOUND ( 'NONE', #2304, .T. ) ;
#5036 = EDGE_CURVE ( 'NONE', #6096, #712, #8023, .T. ) ;
#5037 = CARTESIAN_POINT ( 'NONE',  ( 15.00000000000000000, -131.2712852580012282, 35.24213764297361706 ) ) ;
#5038 = CARTESIAN_POINT ( 'NONE',  ( 18.35902206240101009, -22.47083300008617712, -43.52560588171868972 ) ) ;
#5039 = CARTESIAN_POINT ( 'NONE',  ( 14.99999999999999822, -118.0308317892287562, 48.69836979253513221 ) ) ;
#5040 = ORIENTED_EDGE ( 'NONE', *, *, #9508, .T. ) ;
#5041 = CARTESIAN_POINT ( 'NONE',  ( 19.01129554692798607, -43.87874097508132820, 13.81083189423233648 ) ) ;
#5042 = ORIENTED_EDGE ( 'NONE', *, *, #1917, .F. ) ;
#5043 = EDGE_LOOP ( 'NONE', ( #1231, #4017, #3645, #7376 ) ) ;
#5044 = LINE ( 'NONE', #8015, #3160 ) ;
#5045 = CARTESIAN_POINT ( 'NONE',  ( 1.814976021991524968, -115.5138555822955198, 16.95413764750248831 ) ) ;
#5046 = CARTESIAN_POINT ( 'NONE',  ( 16.87613152547227102, -16.91455766903860081, -45.29634816116374907 ) ) ;
#5047 = AXIS2_PLACEMENT_3D ( 'NONE', #4771, #1723, #7598 ) ;
#5048 = CARTESIAN_POINT ( 'NONE',  ( 23.73188222302021799, -22.82182225824879751, -14.25357600088131171 ) ) ;
#5049 = CARTESIAN_POINT ( 'NONE',  ( 11.14324619721804588, 16.54003183613001227, -44.28091731893167093 ) ) ;
#5050 = CIRCLE ( 'NONE', #3043, 19.99999999999999645 ) ;
#5051 = CARTESIAN_POINT ( 'NONE',  ( 0.000000000000000000, -81.25785408221126715, 11.93452027621733080 ) ) ;
#5052 = EDGE_CURVE ( 'NONE', #5437, #6899, #8748, .T. ) ;
#5053 = VERTEX_POINT ( 'NONE', #9565 ) ;
#5054 = DIRECTION ( 'NONE',  ( 1.000000000000000000, -0.000000000000000000, -0.000000000000000000 ) ) ;
#5055 = CARTESIAN_POINT ( 'NONE',  ( 0.9999999999999991118, -142.3727122354947880, 24.84663618706118982 ) ) ;
#5056 = DIRECTION ( 'NONE',  ( -0.000000000000000000, 0.1736481776669232813, 0.9848077530122092416 ) ) ;
#5057 = EDGE_CURVE ( 'NONE', #7670, #8632, #549, .T. ) ;
#5058 = DIRECTION ( 'NONE',  ( -1.000000000000000000, 0.000000000000000000, 0.000000000000000000 ) ) ;
#5059 = CARTESIAN_POINT ( 'NONE',  ( 22.43335127674605545, 17.45899774495662626, -21.29108252666150847 ) ) ;
#5060 = CARTESIAN_POINT ( 'NONE',  ( 19.63162937956659704, -56.28958714286232379, 23.96400018321171999 ) ) ;
#5061 = CARTESIAN_POINT ( 'NONE',  ( 14.74123993581204672, -41.19733350959836571, -19.75836702121610244 ) ) ;
#5062 = AXIS2_PLACEMENT_3D ( 'NONE', #4071, #1028, #3397 ) ;
#5063 = CARTESIAN_POINT ( 'NONE',  ( 22.10653425927243987, -37.96923526828021522, -14.10805897651836105 ) ) ;
#5064 = CARTESIAN_POINT ( 'NONE',  ( 0.000000000000000000, -1.319726150268616616, -7.484538922892792101 ) ) ;
#5065 = CARTESIAN_POINT ( 'NONE',  ( 20.35678970533248133, -27.97128502520462945, -29.74007307209084772 ) ) ;
#5066 = ORIENTED_EDGE ( 'NONE', *, *, #6847, .T. ) ;
#5067 = CARTESIAN_POINT ( 'NONE',  ( 11.19644436925538500, 16.50289659396531405, -44.27338064056520750 ) ) ;
#5068 = CARTESIAN_POINT ( 'NONE',  ( 14.54267180538805526, 14.50325949609860565, -21.54489148933592091 ) ) ;
#5069 = CARTESIAN_POINT ( 'NONE',  ( 22.49809776089378133, -53.16724121608867648, -1.001683409509242173 ) ) ;
#5070 = CARTESIAN_POINT ( 'NONE',  ( 21.87654015590424450, -15.32555100540546889, -19.92376757813553922 ) ) ;
#5071 = CARTESIAN_POINT ( 'NONE',  ( 15.00000000000000000, -97.28321794289246327, 22.62560188308146891 ) ) ;
#5072 = CARTESIAN_POINT ( 'NONE',  ( 21.59303367565059162, -47.36407093454837280, -16.52168659421742092 ) ) ;
#5073 = DIRECTION ( 'NONE',  ( 0.000000000000000000, -0.3420201433256697676, -0.9396926207859080948 ) ) ;
#5074 = VERTEX_POINT ( 'NONE', #5051 ) ;
#5075 = LINE ( 'NONE', #3483, #8692 ) ;
#5076 = VERTEX_POINT ( 'NONE', #6475 ) ;
#5077 = CARTESIAN_POINT ( 'NONE',  ( 1.174075826526697730, -127.7621710167186393, 19.39961119340945572 ) ) ;
#5078 = ORIENTED_EDGE ( 'NONE', *, *, #7087, .T. ) ;
#5079 = CARTESIAN_POINT ( 'NONE',  ( 12.61395421207611811, -14.78202361673318777, -44.38186886961817379 ) ) ;
#5080 = FACE_OUTER_BOUND ( 'NONE', #9276, .T. ) ;
#5081 = CARTESIAN_POINT ( 'NONE',  ( 0.000000000000000000, 39.70944533907579910, -17.96845401061278125 ) ) ;
#5082 = CARTESIAN_POINT ( 'NONE',  ( 15.64690804463874940, -25.09912941205165993, -43.39003506889054762 ) ) ;
#5083 = CARTESIAN_POINT ( 'NONE',  ( 15.00000000000000000, -121.3046707256536223, 35.34369902308387168 ) ) ;
#5084 = EDGE_CURVE ( 'NONE', #5534, #6290, #9424, .T. ) ;
#5085 = EDGE_LOOP ( 'NONE', ( #4211, #4675, #1790, #4174, #3690, #4677, #4889, #6736, #2096, #3414, #4574, #7226 ) ) ;
#5086 = CARTESIAN_POINT ( 'NONE',  ( 18.44999999999999929, -4.921752535625713243, -7.255575130684863261 ) ) ;
#5087 = ORIENTED_EDGE ( 'NONE', *, *, #9185, .T. ) ;
#5088 = VERTEX_POINT ( 'NONE', #2780 ) ;
#5089 = PLANE ( 'NONE',  #1771 ) ;
#5090 = CARTESIAN_POINT ( 'NONE',  ( 1.533376236192591557, -120.0154123968228248, 18.02960893719371782 ) ) ;
#5091 = DIRECTION ( 'NONE',  ( -1.000000000000000000, 0.000000000000000000, 0.000000000000000000 ) ) ;
#5092 = CARTESIAN_POINT ( 'NONE',  ( 4.000000000000000000, -29.51440953603716366, -9.316413829083826315 ) ) ;
#5093 = CARTESIAN_POINT ( 'NONE',  ( -23.44999999999999218, -34.90548628911400897, 5.037809734445605869 ) ) ;
#5094 = CARTESIAN_POINT ( 'NONE',  ( 2.999999999999999556, -135.9270157972180471, 29.54511202316014717 ) ) ;
#5095 = VERTEX_POINT ( 'NONE', #5828 ) ;
#5096 = CARTESIAN_POINT ( 'NONE',  ( 8.657851095430727284, -73.39533097835840181, 32.09787989477761272 ) ) ;
#5097 = CARTESIAN_POINT ( 'NONE',  ( 3.188798608406904211, -99.68960827893434384, 9.958714539438526359 ) ) ;
#5098 = DIRECTION ( 'NONE',  ( 0.000000000000000000, 0.000000000000000000, 1.000000000000000000 ) ) ;
#5099 = FACE_OUTER_BOUND ( 'NONE', #1312, .T. ) ;
#5100 = EDGE_CURVE ( 'NONE', #102, #1117, #8064, .T. ) ;
#5101 = DIRECTION ( 'NONE',  ( 0.000000000000000000, 0.1736481776669233368, 0.9848077530122093526 ) ) ;
#5102 = FACE_OUTER_BOUND ( 'NONE', #5963, .T. ) ;
#5103 = CARTESIAN_POINT ( 'NONE',  ( 14.62580359195531443, -42.47692142284061845, -19.17478880234857286 ) ) ;
#5104 = EDGE_CURVE ( 'NONE', #712, #2025, #687, .T. ) ;
#5105 = EDGE_CURVE ( 'NONE', #6519, #3812, #4322, .T. ) ;
#5106 = DIRECTION ( 'NONE',  ( -0.000000000000000000, -0.7071067811865426878, 0.7071067811865524577 ) ) ;
#5107 = CARTESIAN_POINT ( 'NONE',  ( 22.00976122522246925, -35.77908046064912639, -15.26130029339914707 ) ) ;
#5108 = ORIENTED_EDGE ( 'NONE', *, *, #7347, .T. ) ;
#5109 = CARTESIAN_POINT ( 'NONE',  ( 23.73188222302021799, -76.10435538319671878, 16.87016425251036722 ) ) ;
#5110 = AXIS2_PLACEMENT_3D ( 'NONE', #734, #8339, #3157 ) ;
#5111 = CARTESIAN_POINT ( 'NONE',  ( 0.000000000000000000, -116.1242084823501983, 39.94962174011556044 ) ) ;
#5112 = CARTESIAN_POINT ( 'NONE',  ( 22.83212569335232089, -51.05011946797356615, -2.701618022084877335 ) ) ;
#5113 = PLANE ( 'NONE',  #2067 ) ;
#5114 = DIRECTION ( 'NONE',  ( 0.000000000000000000, 0.9848077530122093526, -0.1736481776669229204 ) ) ;
#5115 = CYLINDRICAL_SURFACE ( 'NONE', #9025, 2.000000000000001776 ) ;
#5116 = CARTESIAN_POINT ( 'NONE',  ( 15.00000000000000178, 0.5375364957381987274, -21.29634816116374907 ) ) ;
#5117 = AXIS2_PLACEMENT_3D ( 'NONE', #7949, #522, #7131 ) ;
#5118 = CIRCLE ( 'NONE', #6998, 1.900000000000014566 ) ;
#5119 = EDGE_CURVE ( 'NONE', #8046, #6510, #7290, .T. ) ;
#5120 = VERTEX_POINT ( 'NONE', #8834 ) ;
#5121 = CARTESIAN_POINT ( 'NONE',  ( 1.182466033393655858, -119.0460453705297965, 48.94724494704684048 ) ) ;
#5122 = ORIENTED_EDGE ( 'NONE', *, *, #6474, .T. ) ;
#5123 = CARTESIAN_POINT ( 'NONE',  ( 1.097868550094101447, -130.1420381204541741, 20.00129848945448785 ) ) ;
#5124 = ORIENTED_EDGE ( 'NONE', *, *, #2271, .F. ) ;
#5125 = CARTESIAN_POINT ( 'NONE',  ( 0.000000000000000000, -78.21670427218461441, 10.78275569109506016 ) ) ;
#5126 = PLANE ( 'NONE',  #1188 ) ;
#5127 = CARTESIAN_POINT ( 'NONE',  ( 12.77855225611568102, -14.52232530700978330, -43.78388809022969497 ) ) ;
#5128 = DIRECTION ( 'NONE',  ( -0.000000000000000000, 0.4246765432456733325, 0.9053451461276553758 ) ) ;
#5129 = ORIENTED_EDGE ( 'NONE', *, *, #5472, .F. ) ;
#5130 = CARTESIAN_POINT ( 'NONE',  ( 19.88939906382092460, -42.15984436387229550, 12.36850638173497430 ) ) ;
#5131 = VERTEX_POINT ( 'NONE', #5920 ) ;
#5132 = VERTEX_POINT ( 'NONE', #5139 ) ;
#5133 = CARTESIAN_POINT ( 'NONE',  ( 16.46912014385423007, -21.83383129951906554, -45.29634816116374907 ) ) ;
#5134 = LINE ( 'NONE', #3877, #7551 ) ;
#5135 = CARTESIAN_POINT ( 'NONE',  ( 5.785511251114816567, -85.89756278093665287, 38.25674281451664882 ) ) ;
#5136 = EDGE_CURVE ( 'NONE', #2988, #8076, #9, .T. ) ;
#5137 = DIRECTION ( 'NONE',  ( 0.000000000000000000, -1.000000000000000000, -0.000000000000000000 ) ) ;
#5138 = CARTESIAN_POINT ( 'NONE',  ( 11.03885129950063337, 16.61239052852473463, -44.29257821190413580 ) ) ;
#5139 = CARTESIAN_POINT ( 'NONE',  ( 12.40000000000000036, -70.68806733567514300, 7.587567390207666129 ) ) ;
#5140 = EDGE_CURVE ( 'NONE', #3944, #5951, #3546, .T. ) ;
#5141 = B_SPLINE_CURVE_WITH_KNOTS ( 'NONE', 3,
 ( #6872, #219, #5896, #2246, #1527, #4479, #7792, #7693, #8358, #1199 ),
 .UNSPECIFIED., .F., .F.,
 ( 4, 2, 2, 2, 4 ),
 ( 0.005079726161381603079, 0.006348642617583428668, 0.007617559073785255125, 0.008886475529987079847, 0.01015539198618890804 ),
 .UNSPECIFIED. ) ;
#5142 = EDGE_LOOP ( 'NONE', ( #9371, #1855, #6150, #8870 ) ) ;
#5143 = EDGE_CURVE ( 'NONE', #3934, #113, #9401, .T. ) ;
#5144 = PLANE ( 'NONE',  #1660 ) ;
#5145 = CARTESIAN_POINT ( 'NONE',  ( 18.49626474202236537, 33.03311385070356465, -15.48634382817012600 ) ) ;
#5146 = CARTESIAN_POINT ( 'NONE',  ( -37.07224088444629473, -55.88670924954958963, -7.443061299447535362 ) ) ;
#5147 = CARTESIAN_POINT ( 'NONE',  ( -3.552832301889131919E-25, -42.76799703893976101, 9.591362551930822988 ) ) ;
#5148 = CARTESIAN_POINT ( 'NONE',  ( 14.44873850346428945, -55.15111443542608782, 23.13504997546663589 ) ) ;
#5149 = CIRCLE ( 'NONE', #3601, 1.000000000000004441 ) ;
#5150 = CARTESIAN_POINT ( 'NONE',  ( 14.44744254303352982, -44.76979152268624063, -18.01849028938687525 ) ) ;
#5151 = ADVANCED_FACE ( 'NONE', ( #3689 ), #2229, .F. ) ;
#5152 = CARTESIAN_POINT ( 'NONE',  ( 0.000000000000000000, -84.21696516511207165, -31.97122371483544612 ) ) ;
#5153 = CARTESIAN_POINT ( 'NONE',  ( 15.00000000000000000, -90.81628673717627009, 30.24969710963827296 ) ) ;
#5154 = ORIENTED_EDGE ( 'NONE', *, *, #8603, .F. ) ;
#5155 =( BOUNDED_SURFACE ( )  B_SPLINE_SURFACE ( 2, 3, ( 
 ( #8728, #9316, #4213, #532, #2078, #9408, #4261, #4306, #2858, #5716 ),
 ( #4987, #7957, #7275, #5812, #622, #3578, #6549, #6601, #1542, #5269 ),
 ( #2905, #5907, #811, #3042, #6008, #9590, #2212, #39, #8960, #9547 ) ),
 .UNSPECIFIED., .F., .F., .F. ) 
 B_SPLINE_SURFACE_WITH_KNOTS ( ( 3, 3 ),
 ( 4, 2, 2, 2, 4 ),
 ( 0.000000000000000000, 1.000000000000000000 ),
 ( 0.4660727154576724818, 0.4977347965181944112, 0.5293968775787163406, 0.5610589586392382699, 0.5927210396997601993 ),
 .UNSPECIFIED. ) 
 GEOMETRIC_REPRESENTATION_ITEM ( )  RATIONAL_B_SPLINE_SURFACE ( (
 ( 1.000000000000000000, 1.000000000000000000, 1.000000000000000000, 1.000000000000000000, 1.000000000000000000, 1.000000000000000000, 1.000000000000000000, 1.000000000000000000, 1.000000000000000000, 1.000000000000000000),
 ( 0.7063631624613133653, 0.7064284430837428630, 0.7064892004720196850, 0.7066131612242104731, 0.7066757347107081033, 0.7067968346716902994, 0.7068580570382994033, 0.7069849268497754302, 0.7070468213662736146, 0.7071067811865462405),
 ( 1.000000000000000000, 1.000000000000000000, 1.000000000000000000, 1.000000000000000000, 1.000000000000000000, 1.000000000000000000, 1.000000000000000000, 1.000000000000000000, 1.000000000000000000, 1.000000000000000000) ) ) 
 REPRESENTATION_ITEM ( '' )  SURFACE ( )  );
#5156 = CARTESIAN_POINT ( 'NONE',  ( 19.31857713038241542, -14.30676867531070329, -22.52268255954393084 ) ) ;
#5157 = EDGE_CURVE ( 'NONE', #7460, #2355, #6518, .T. ) ;
#5158 = PLANE ( 'NONE',  #2531 ) ;
#5159 = VECTOR ( 'NONE', #4117, 1000.000000000000114 ) ;
#5160 = CARTESIAN_POINT ( 'NONE',  ( 14.25000000000000000, -1.799127793371383621, -5.369154254846319141 ) ) ;
#5161 = DIRECTION ( 'NONE',  ( 0.000000000000000000, -0.9396926207859082059, 0.3420201433256692125 ) ) ;
#5162 = CARTESIAN_POINT ( 'NONE',  ( -3.184081677783118191E-15, 0.5375364957382012809, -21.29634816116374907 ) ) ;
#5163 = VECTOR ( 'NONE', #959, 1000.000000000000000 ) ;
#5164 = FACE_OUTER_BOUND ( 'NONE', #2814, .T. ) ;
#5165 = CARTESIAN_POINT ( 'NONE',  ( 23.23477861800295230, -40.77433740803245854, 8.617814541761301683 ) ) ;
#5166 = VECTOR ( 'NONE', #3426, 1000.000000000000000 ) ;
#5167 = ORIENTED_EDGE ( 'NONE', *, *, #4264, .F. ) ;
#5168 = DIRECTION ( 'NONE',  ( 0.000000000000000000, 0.000000000000000000, -1.000000000000000000 ) ) ;
#5169 = ORIENTED_EDGE ( 'NONE', *, *, #5771, .T. ) ;
#5170 = LINE ( 'NONE', #956, #8264 ) ;
#5171 = ADVANCED_FACE ( 'NONE', ( #5783 ), #2095, .F. ) ;
#5172 = ORIENTED_EDGE ( 'NONE', *, *, #6847, .F. ) ;
#5173 = CARTESIAN_POINT ( 'NONE',  ( 12.81600440965688747, -14.46246350426197047, -43.47420201362591285 ) ) ;
#5174 = CARTESIAN_POINT ( 'NONE',  ( 20.19874088097554221, -21.71977775354401174, -32.09513439664566192 ) ) ;
#5175 = FACE_OUTER_BOUND ( 'NONE', #8284, .T. ) ;
#5176 = CIRCLE ( 'NONE', #2555, 4.000000000000000000 ) ;
#5177 = EDGE_CURVE ( 'NONE', #3415, #4126, #2370, .T. ) ;
#5178 = FACE_OUTER_BOUND ( 'NONE', #4416, .T. ) ;
#5179 = VECTOR ( 'NONE', #1431, 1000.000000000000114 ) ;
#5180 = CARTESIAN_POINT ( 'NONE',  ( 22.77889337006700643, 30.46584114248974728, -15.60941906905098797 ) ) ;
#5181 = ORIENTED_EDGE ( 'NONE', *, *, #660, .F. ) ;
#5182 = CARTESIAN_POINT ( 'NONE',  ( 18.51951190182737861, 24.79661943889204423, -43.48692445554915764 ) ) ;
#5183 = ORIENTED_EDGE ( 'NONE', *, *, #1272, .F. ) ;
#5184 = VERTEX_POINT ( 'NONE', #874 ) ;
#5185 = CARTESIAN_POINT ( 'NONE',  ( 18.73388875052741653, -21.21723634305992334, -43.54434438373267113 ) ) ;
#5186 = CARTESIAN_POINT ( 'NONE',  ( -1.499999999999997335, -108.3092657167504598, 105.4242567453853070 ) ) ;
#5187 = CARTESIAN_POINT ( 'NONE',  ( 13.77268894321033521, -23.46246350426182303, -45.29634816116374907 ) ) ;
#5188 = CARTESIAN_POINT ( 'NONE',  ( 4.666879626915235058, -87.84253701709043582, 4.520916115932821278 ) ) ;
#5189 = DIRECTION ( 'NONE',  ( -1.000000000000000000, -0.000000000000000000, -0.000000000000000000 ) ) ;
#5190 = CARTESIAN_POINT ( 'NONE',  ( 3.234268097176418166, -100.4185535600890233, 44.33799359835592924 ) ) ;
#5191 = ORIENTED_EDGE ( 'NONE', *, *, #7568, .T. ) ;
#5192 = CARTESIAN_POINT ( 'NONE',  ( 16.76354566047266914, -16.03037194890902484, -45.26115765802401825 ) ) ;
#5193 = CARTESIAN_POINT ( 'NONE',  ( 16.56999303613046948, -81.01410668308584206, 2.909620740086306778 ) ) ;
#5194 = LINE ( 'NONE', #3886, #3925 ) ;
#5195 = VECTOR ( 'NONE', #5291, 1000.000000000000000 ) ;
#5196 = DIRECTION ( 'NONE',  ( 1.000000000000000000, -0.000000000000000000, -0.000000000000000000 ) ) ;
#5197 = CARTESIAN_POINT ( 'NONE',  ( 20.05017266217424066, 15.43538898500738377, -22.65191752063503827 ) ) ;
#5198 = CARTESIAN_POINT ( 'NONE',  ( 16.53346993430054113, -76.10435538319671878, 14.52016425251036225 ) ) ;
#5199 = DIRECTION ( 'NONE',  ( 0.000000000000000000, -0.7095845552022339575, -0.7046202942141588377 ) ) ;
#5200 = PLANE ( 'NONE',  #1152 ) ;
#5201 = EDGE_CURVE ( 'NONE', #7630, #7716, #5134, .T. ) ;
#5202 = CARTESIAN_POINT ( 'NONE',  ( 15.00000000000000000, -94.83578902281078626, 31.43931079701622977 ) ) ;
#5203 = CIRCLE ( 'NONE', #1496, 1.900000000000012790 ) ;
#5204 = ORIENTED_EDGE ( 'NONE', *, *, #9476, .F. ) ;
#5205 = CARTESIAN_POINT ( 'NONE',  ( 19.76007962508851179, -12.58999220918444983, -21.29634816116374907 ) ) ;
#5206 = CARTESIAN_POINT ( 'NONE',  ( 15.09984238708605275, -90.31032971438841628, 17.73989551004272158 ) ) ;
#5207 = CARTESIAN_POINT ( 'NONE',  ( 1.335575123185862800, -123.7407667993117713, 18.65281999773018029 ) ) ;
#5208 = CARTESIAN_POINT ( 'NONE',  ( 15.00000000000000000, -94.83578902281104206, 31.43931079701635412 ) ) ;
#5209 = CARTESIAN_POINT ( 'NONE',  ( 0.000000000000000000, -49.62651503686617360, -78.44929296875443470 ) ) ;
#5210 = VECTOR ( 'NONE', #8553, 1000.000000000000000 ) ;
#5211 = LINE ( 'NONE', #755, #8873 ) ;
#5212 = DIRECTION ( 'NONE',  ( 1.000000000000000000, 0.000000000000000000, 0.000000000000000000 ) ) ;
#5213 =( BOUNDED_CURVE ( )  B_SPLINE_CURVE ( 2, ( #9360, #8048, #5764 ),
 .UNSPECIFIED., .F., .F. ) 
 B_SPLINE_CURVE_WITH_KNOTS ( ( 3, 3 ),
 ( 0.000000000000000000, 1.000000000000000000 ),
 .UNSPECIFIED. ) 
 CURVE ( )  GEOMETRIC_REPRESENTATION_ITEM ( )  RATIONAL_B_SPLINE_CURVE ( ( 1.000000000000000000, 0.6947465906068658326, 1.000000000000000000 ) ) 
 REPRESENTATION_ITEM ( '' )  );
#5214 = EDGE_LOOP ( 'NONE', ( #7132, #5386, #493, #7031 ) ) ;
#5215 = CARTESIAN_POINT ( 'NONE',  ( 12.80138395538760321, 15.56092295927725644, -43.60449729971350763 ) ) ;
#5216 = VERTEX_POINT ( 'NONE', #4552 ) ;
#5217 = CARTESIAN_POINT ( 'NONE',  ( 16.30913008118872298, -78.33839860657143106, 13.16118853021071189 ) ) ;
#5218 = ORIENTED_EDGE ( 'NONE', *, *, #9427, .T. ) ;
#5219 = AXIS2_PLACEMENT_3D ( 'NONE', #3002, #50, #8100 ) ;
#5220 = CARTESIAN_POINT ( 'NONE',  ( 15.00000000000085620, -102.1907507554291072, 11.44887388746197665 ) ) ;
#5221 = LINE ( 'NONE', #3041, #3468 ) ;
#5222 = CARTESIAN_POINT ( 'NONE',  ( 0.000000000000000000, 0.5375364957382012809, -24.79634816116315221 ) ) ;
#5223 = DIRECTION ( 'NONE',  ( 9.888506198066338695E-17, -0.9396926207859097602, 0.3420201433256649381 ) ) ;
#5224 = CARTESIAN_POINT ( 'NONE',  ( 13.23300943695960363, -128.0590242309299924, 44.34745676262645020 ) ) ;
#5225 = EDGE_CURVE ( 'NONE', #7460, #8334, #6660, .T. ) ;
#5226 = ORIENTED_EDGE ( 'NONE', *, *, #3224, .T. ) ;
#5227 = CARTESIAN_POINT ( 'NONE',  ( 6.550000000000000711, 6.922105406916706727, 6.144280269648580095 ) ) ;
#5228 = ADVANCED_FACE ( 'NONE', ( #6904 ), #1075, .T. ) ;
#5229 = ORIENTED_EDGE ( 'NONE', *, *, #1170, .F. ) ;
#5230 = ORIENTED_EDGE ( 'NONE', *, *, #9249, .F. ) ;
#5231 = LINE ( 'NONE', #7573, #1608 ) ;
#5232 = B_SPLINE_CURVE_WITH_KNOTS ( 'NONE', 3,
 ( #5990, #9577, #8946, #7445, #71, #3025, #5252, #2932, #8851, #2196, #995, #265, #364, #1095, #1720, #314 ),
 .UNSPECIFIED., .F., .F.,
 ( 4, 2, 2, 2, 2, 2, 2, 4 ),
 ( 0.000000000000000000, 0.0004815955641955776533, 0.0009631911283911553066, 0.001926382256782306060, 0.002407977820977885881, 0.002889573385173465486, 0.003371168949369045525, 0.003852764513564624696 ),
 .UNSPECIFIED. ) ;
#5233 = CARTESIAN_POINT ( 'NONE',  ( 13.01456060749720756, -14.35507837051205549, -22.64953355459161699 ) ) ;
#5234 = CARTESIAN_POINT ( 'NONE',  ( 16.16638270684224210, -22.33592700596491554, -45.29634816116374907 ) ) ;
#5235 = CARTESIAN_POINT ( 'NONE',  ( 3.735273477074263049, -94.64730137739132942, 7.182361108897948654 ) ) ;
#5236 = CARTESIAN_POINT ( 'NONE',  ( 9.932741254112062990, -69.39972495225435978, 30.39254493103064902 ) ) ;
#5237 = CARTESIAN_POINT ( 'NONE',  ( 3.361533168179189790, -99.60505949288533145, 44.09815764063127830 ) ) ;
#5238 = ORIENTED_EDGE ( 'NONE', *, *, #5741, .T. ) ;
#5239 = LINE ( 'NONE', #4510, #6161 ) ;
#5240 = CARTESIAN_POINT ( 'NONE',  ( 3.615148573051139902, -95.63694774300400070, 7.659599101527950538 ) ) ;
#5241 = CARTESIAN_POINT ( 'NONE',  ( 4.874736054602592183, -57.10528308197181246, 21.64570027454408674 ) ) ;
#5242 = CARTESIAN_POINT ( 'NONE',  ( 23.44999999999999929, -23.46246350426182303, -45.29634816116374907 ) ) ;
#5243 = DIRECTION ( 'NONE',  ( 0.000000000000000000, -0.9848077530122092416, 0.1736481776669233090 ) ) ;
#5244 = CARTESIAN_POINT ( 'NONE',  ( 16.60927350298990746, -73.99658173340236544, 17.92061202587971280 ) ) ;
#5245 = CARTESIAN_POINT ( 'NONE',  ( 20.56382452842841246, -61.19804973827540806, 5.407011055276652378 ) ) ;
#5246 = CARTESIAN_POINT ( 'NONE',  ( 22.88290031685267323, -50.21679881941206958, -5.559891132350931464 ) ) ;
#5247 = VERTEX_POINT ( 'NONE', #4748 ) ;
#5248 = LINE ( 'NONE', #7494, #2228 ) ;
#5249 = CARTESIAN_POINT ( 'NONE',  ( 21.75411329756708767, -31.22809027480722577, -18.09012022915239015 ) ) ;
#5250 = ORIENTED_EDGE ( 'NONE', *, *, #6358, .T. ) ;
#5251 = FACE_OUTER_BOUND ( 'NONE', #7123, .T. ) ;
#5252 = CARTESIAN_POINT ( 'NONE',  ( 4.610181113503172945, 33.04478643176059194, -15.43785294298573874 ) ) ;
#5253 = DIRECTION ( 'NONE',  ( 0.000000000000000000, 0.9396926207859084279, -0.3420201433256687684 ) ) ;
#5254 = CARTESIAN_POINT ( 'NONE',  ( 2.099999999999987210, -76.10435538319671878, 16.87016425251036722 ) ) ;
#5255 = CARTESIAN_POINT ( 'NONE',  ( 15.00000000000000355, -97.48521758305851392, 22.75328971751816098 ) ) ;
#5256 = FACE_OUTER_BOUND ( 'NONE', #4887, .T. ) ;
#5257 = CARTESIAN_POINT ( 'NONE',  ( 2.840131479060922448, -103.1462396974817324, 45.04947735751935056 ) ) ;
#5258 = EDGE_CURVE ( 'NONE', #7719, #3097, #3058, .T. ) ;
#5259 = CARTESIAN_POINT ( 'NONE',  ( 6.550000000000000711, 6.922105406916706727, 6.144280269648580095 ) ) ;
#5260 = EDGE_LOOP ( 'NONE', ( #6991, #7837, #5816, #291 ) ) ;
#5261 = CARTESIAN_POINT ( 'NONE',  ( -7.703719777548943412E-31, -19.96246350426189764, -45.29634816116374907 ) ) ;
#5262 = EDGE_CURVE ( 'NONE', #6934, #1057, #4696, .T. ) ;
#5263 = ORIENTED_EDGE ( 'NONE', *, *, #6425, .F. ) ;
#5264 = DIRECTION ( 'NONE',  ( 1.000000000000000000, -0.000000000000000000, -0.000000000000000000 ) ) ;
#5265 = ORIENTED_EDGE ( 'NONE', *, *, #2701, .T. ) ;
#5266 = DIRECTION ( 'NONE',  ( 0.000000000000000000, 0.7660444431189812331, -0.6427876096865354771 ) ) ;
#5267 = EDGE_CURVE ( 'NONE', #1090, #3794, #1887, .T. ) ;
#5268 = CARTESIAN_POINT ( 'NONE',  ( 19.83760219126179791, -20.90403364402175157, -35.10148745486185362 ) ) ;
#5269 = CARTESIAN_POINT ( 'NONE',  ( 15.00000000000001243, -85.89756278093659603, 38.25674281451664882 ) ) ;
#5270 = CARTESIAN_POINT ( 'NONE',  ( 16.79441162504768315, -75.35592287486920782, 12.43097203269799778 ) ) ;
#5271 = AXIS2_PLACEMENT_3D ( 'NONE', #865, #5128, #3144 ) ;
#5272 = CIRCLE ( 'NONE', #2486, 1.700000000000005063 ) ;
#5273 = CARTESIAN_POINT ( 'NONE',  ( 19.72108375474400432, 21.75495860436787510, -43.54698586410250982 ) ) ;
#5274 = ORIENTED_EDGE ( 'NONE', *, *, #5734, .F. ) ;
#5275 = CARTESIAN_POINT ( 'NONE',  ( 21.01332181580980674, -39.95379012821513953, 10.51740708623801801 ) ) ;
#5277 = EDGE_CURVE ( 'NONE', #6031, #2912, #3820, .T. ) ;
#5276 = ORIENTED_EDGE ( 'NONE', *, *, #9309, .T. ) ;
#5278 = ORIENTED_EDGE ( 'NONE', *, *, #4150, .F. ) ;
#5279 = AXIS2_PLACEMENT_3D ( 'NONE', #7678, #2626, #3359 ) ;
#5280 = LINE ( 'NONE', #923, #7664 ) ;
#5281 = ADVANCED_FACE ( 'NONE', ( #6219 ), #7673, .T. ) ;
#5282 = DIRECTION ( 'NONE',  ( 0.000000000000000000, 0.3420201433256705448, 0.9396926207859077618 ) ) ;
#5283 = CARTESIAN_POINT ( 'NONE',  ( 16.35000000000000142, 0.5375364957381989495, -18.29634816116374907 ) ) ;
#5284 = CARTESIAN_POINT ( 'NONE',  ( 3.890238336338522451, -93.40169076973043616, 6.604295826173838257 ) ) ;
#5285 = CARTESIAN_POINT ( 'NONE',  ( 12.19083461222128761, 15.75704869086030513, -43.29634816116374196 ) ) ;
#5286 = CARTESIAN_POINT ( 'NONE',  ( 4.863171442739662176, -90.80977038054355432, 40.67659982221045567 ) ) ;
#5287 = ORIENTED_EDGE ( 'NONE', *, *, #530, .F. ) ;
#5288 = CARTESIAN_POINT ( 'NONE',  ( 13.54921296899223115, 14.56292807903564501, -20.84820957030799704 ) ) ;
#5289 = CARTESIAN_POINT ( 'NONE',  ( 6.000000000000011546, -121.2461817701687323, 37.29111202456548568 ) ) ;
#5290 = CARTESIAN_POINT ( 'NONE',  ( 0.000000000000000000, -6.012463504261799763, -11.42958778986839263 ) ) ;
#5291 = DIRECTION ( 'NONE',  ( 1.000000000000000000, -0.000000000000000000, -0.000000000000000000 ) ) ;
#5292 = CARTESIAN_POINT ( 'NONE',  ( 11.76759370817660333, -15.01158359571473255, -44.05397413775480686 ) ) ;
#5293 = CARTESIAN_POINT ( 'NONE',  ( 16.69578680253155767, -73.77081139338683613, 17.18731754806843881 ) ) ;
#5294 = EDGE_CURVE ( 'NONE', #5216, #7328, #9072, .T. ) ;
#5295 = CARTESIAN_POINT ( 'NONE',  ( 14.18747822184410801, -49.17363545009266090, -15.34861956054132115 ) ) ;
#5296 = CARTESIAN_POINT ( 'NONE',  ( 23.01068844095272681, -49.69387347628757823, -4.874037137159397126 ) ) ;
#5297 = ORIENTED_EDGE ( 'NONE', *, *, #2320, .T. ) ;
#5298 = ORIENTED_EDGE ( 'NONE', *, *, #1014, .F. ) ;
#5299 = LINE ( 'NONE', #1432, #4962 ) ;
#5300 = ORIENTED_EDGE ( 'NONE', *, *, #1420, .F. ) ;
#5301 = CARTESIAN_POINT ( 'NONE',  ( 19.39244546917535672, -14.19050746659068629, -22.28731508602445999 ) ) ;
#5302 = DIRECTION ( 'NONE',  ( 1.000000000000000000, 0.000000000000000000, 0.000000000000000000 ) ) ;
#5303 = CARTESIAN_POINT ( 'NONE',  ( 10.11349107017153237, -68.75542429194150884, 30.15803866875871364 ) ) ;
#5304 = CARTESIAN_POINT ( 'NONE',  ( 22.16156048934428924, -47.37127704102855574, 16.74141761904053638 ) ) ;
#5305 = CARTESIAN_POINT ( 'NONE',  ( 20.61266361026020988, -16.21462402381490620, -23.48879497174515052 ) ) ;
#5306 = CARTESIAN_POINT ( 'NONE',  ( 4.393209617480904328, -93.49555665758769862, 41.89115938221262070 ) ) ;
#5307 = CARTESIAN_POINT ( 'NONE',  ( 2.510740642309706061, -105.4156312594490856, 45.60580874043542110 ) ) ;
#5308 = CARTESIAN_POINT ( 'NONE',  ( 12.19083461222122722, -14.68197569938395297, -23.29634816116374907 ) ) ;
#5309 = VECTOR ( 'NONE', #319, 1000.000000000000114 ) ;
#5310 = AXIS2_PLACEMENT_3D ( 'NONE', #4488, #7459, #6003 ) ;
#5311 = ORIENTED_EDGE ( 'NONE', *, *, #2271, .T. ) ;
#5312 = CARTESIAN_POINT ( 'NONE',  ( 15.00000000000000000, -89.96954021281580083, 29.99080047878761590 ) ) ;
#5313 = VERTEX_POINT ( 'NONE', #394 ) ;
#5314 = CARTESIAN_POINT ( 'NONE',  ( 0.000000000000000000, 40.26511950760994552, -14.81706920097372659 ) ) ;
#5315 = VERTEX_POINT ( 'NONE', #6953 ) ;
#5316 = CIRCLE ( 'NONE', #674, 35.00000000000000000 ) ;
#5317 = CARTESIAN_POINT ( 'NONE',  ( 15.00000000000000000, -94.79977693975907016, 20.98008351746943134 ) ) ;
#5318 = FACE_OUTER_BOUND ( 'NONE', #459, .T. ) ;
#5319 = DIRECTION ( 'NONE',  ( 1.000000000000000000, 2.592365900567902216E-17, -4.571040521386995250E-18 ) ) ;
#5320 = CARTESIAN_POINT ( 'NONE',  ( 18.80810134034933156, -70.61075933743740052, 0.4399770242932217745 ) ) ;
#5321 = AXIS2_PLACEMENT_3D ( 'NONE', #1649, #5427, #3923 ) ;
#5322 = CARTESIAN_POINT ( 'NONE',  ( 15.00000000000000000, -130.4704939328017872, 37.72199820903487932 ) ) ;
#5323 = EDGE_CURVE ( 'NONE', #842, #5132, #8437, .T. ) ;
#5324 = ORIENTED_EDGE ( 'NONE', *, *, #1416, .F. ) ;
#5325 = LINE ( 'NONE', #3049, #3105 ) ;
#5326 = VERTEX_POINT ( 'NONE', #9268 ) ;
#5327 = ORIENTED_EDGE ( 'NONE', *, *, #4728, .F. ) ;
#5328 = EDGE_CURVE ( 'NONE', #2394, #9459, #2766, .T. ) ;
#5330 = AXIS2_PLACEMENT_3D ( 'NONE', #2872, #5875, #5781 ) ;
#5329 = DIRECTION ( 'NONE',  ( -1.000000000000000000, -0.000000000000000000, -0.000000000000000000 ) ) ;
#5331 = CARTESIAN_POINT ( 'NONE',  ( 13.05980954603739086, -14.33023071571238916, -22.58031891783909728 ) ) ;
#5332 = CARTESIAN_POINT ( 'NONE',  ( 2.999999999999999556, -116.7817809535712144, 22.57681641203646805 ) ) ;
#5333 = CARTESIAN_POINT ( 'NONE',  ( 9.932741254112062990, -69.39972495225435978, 30.39254493103064902 ) ) ;
#5334 = CARTESIAN_POINT ( 'NONE',  ( 12.17662283090875519, 15.76842212079090544, -43.45210263157891006 ) ) ;
#5335 = CARTESIAN_POINT ( 'NONE',  ( 4.792071102610903743, -91.22629288398167091, 40.87561440479991859 ) ) ;
#5336 = ORIENTED_EDGE ( 'NONE', *, *, #9128, .T. ) ;
#5337 = CARTESIAN_POINT ( 'NONE',  ( 12.22758573455973163, 15.72754252864999991, -22.86167427311793077 ) ) ;
#5338 = LINE ( 'NONE', #4610, #8126 ) ;
#5339 = CARTESIAN_POINT ( 'NONE',  ( 21.84497005587379803, -15.53819167117082145, -20.13650927818814296 ) ) ;
#5340 = CARTESIAN_POINT ( 'NONE',  ( 26.38839466303431891, -17.09070428359138560, 16.15006088230980197 ) ) ;
#5341 = CARTESIAN_POINT ( 'NONE',  ( 16.55577059945790097, -75.95175769354371198, 14.52016425251036225 ) ) ;
#5342 = PLANE ( 'NONE',  #7336 ) ;
#5343 = ADVANCED_FACE ( 'NONE', ( #5035 ), #5620, .T. ) ;
#5344 = CARTESIAN_POINT ( 'NONE',  ( 20.03506259588216665, -53.10230492099165645, -9.462515288967880522 ) ) ;
#5345 = AXIS2_PLACEMENT_3D ( 'NONE', #578, #4169, #6455 ) ;
#5346 = ORIENTED_EDGE ( 'NONE', *, *, #7468, .T. ) ;
#5347 = ORIENTED_EDGE ( 'NONE', *, *, #3150, .F. ) ;
#5348 = CARTESIAN_POINT ( 'NONE',  ( 5.047478543086478808, -89.82549450763292498, 40.19172477972283986 ) ) ;
#5349 = ADVANCED_FACE ( 'NONE', ( #7138 ), #1360, .T. ) ;
#5350 = ORIENTED_EDGE ( 'NONE', *, *, #1014, .T. ) ;
#5351 = CARTESIAN_POINT ( 'NONE',  ( 19.51062656147683327, -13.92025365705862328, -21.92571118921420492 ) ) ;
#5352 = LINE ( 'NONE', #4816, #202 ) ;
#5353 = DIRECTION ( 'NONE',  ( 0.000000000000000000, -0.9396926207859083169, 0.3420201433256692680 ) ) ;
#5354 = LINE ( 'NONE', #168, #9388 ) ;
#5355 = CARTESIAN_POINT ( 'NONE',  ( 16.35000000000000142, 1.800494904434582377, -6.003864856840078978 ) ) ;
#5356 = CARTESIAN_POINT ( 'NONE',  ( 0.000000000000000000, 0.000000000000000000, 0.000000000000000000 ) ) ;
#5357 = CARTESIAN_POINT ( 'NONE',  ( 15.00000000000000000, -116.9644244636316728, 34.60436465446020549 ) ) ;
#5358 = CARTESIAN_POINT ( 'NONE',  ( 22.14882927144556390, -49.31097151202359186, 12.61322222139450844 ) ) ;
#5359 = AXIS2_PLACEMENT_3D ( 'NONE', #3463, #2004, #4236 ) ;
#5360 = ORIENTED_EDGE ( 'NONE', *, *, #3547, .T. ) ;
#5361 = CARTESIAN_POINT ( 'NONE',  ( 12.39239553222267354, 16.19814351457664259, -44.78197004111343915 ) ) ;
#5362 = ORIENTED_EDGE ( 'NONE', *, *, #7618, .F. ) ;
#5363 = CARTESIAN_POINT ( 'NONE',  ( 0.000000000000000000, -39.33069177476031086, 1.248673103258287842 ) ) ;
#5364 = ORIENTED_EDGE ( 'NONE', *, *, #7528, .T. ) ;
#5365 = AXIS2_PLACEMENT_3D ( 'NONE', #5005, #5878, #2960 ) ;
#5366 = CARTESIAN_POINT ( 'NONE',  ( 15.00000000000000000, -111.0358065946908681, 29.37571714462319505 ) ) ;
#5367 = CARTESIAN_POINT ( 'NONE',  ( 23.44990021699235072, 28.02667518938602242, -15.09691605036605111 ) ) ;
#5368 = CARTESIAN_POINT ( 'NONE',  ( 14.04600144484141566, -13.75042464922475283, -21.76591925706008013 ) ) ;
#5369 = CARTESIAN_POINT ( 'NONE',  ( 14.66215633203370849, -42.05125991564080579, -19.37448778017651563 ) ) ;
#5370 = CARTESIAN_POINT ( 'NONE',  ( 15.00000000000000000, -99.47861474819958971, 32.47320903368549239 ) ) ;
#5371 = CARTESIAN_POINT ( 'NONE',  ( 18.29364143954108712, 25.02715878106974401, -43.47563384064730485 ) ) ;
#5372 = VECTOR ( 'NONE', #5882, 1000.000000000000114 ) ;
#5373 = AXIS2_PLACEMENT_3D ( 'NONE', #2523, #1699, #8338 ) ;
#5374 = VERTEX_POINT ( 'NONE', #7322 ) ;
#5375 = PLANE ( 'NONE',  #1261 ) ;
#5376 = ORIENTED_EDGE ( 'NONE', *, *, #1422, .T. ) ;
#5377 = VERTEX_POINT ( 'NONE', #4894 ) ;
#5378 = CARTESIAN_POINT ( 'NONE',  ( 22.09323435693330140, 24.22545763616625081, -25.18008120995402876 ) ) ;
#5379 = CARTESIAN_POINT ( 'NONE',  ( 19.76657000559823274, -12.46246350426197580, -21.29634816116374907 ) ) ;
#5380 = CARTESIAN_POINT ( 'NONE',  ( 12.30915967794966193, 15.66156621900371704, -22.52090635428795906 ) ) ;
#5381 = CARTESIAN_POINT ( 'NONE',  ( 19.04381865825583731, -60.33001384693895375, 20.25623734334836357 ) ) ;
#5382 = CARTESIAN_POINT ( 'NONE',  ( 12.70134147429067006, 15.71989926742020316, -44.13166961542022193 ) ) ;
#5383 = EDGE_CURVE ( 'NONE', #966, #4752, #8776, .T. ) ;
#5384 = CARTESIAN_POINT ( 'NONE',  ( 15.00000000000147615, -102.1302805170800241, 44.82741152504883075 ) ) ;
#5385 = ORIENTED_EDGE ( 'NONE', *, *, #5143, .T. ) ;
#5386 = ORIENTED_EDGE ( 'NONE', *, *, #8300, .T. ) ;
#5387 = EDGE_CURVE ( 'NONE', #5714, #3370, #9100, .T. ) ;
#5388 =( BOUNDED_CURVE ( )  B_SPLINE_CURVE ( 3, ( #6611, #3686, #5046, #2821 ),
 .UNSPECIFIED., .F., .F. ) 
 B_SPLINE_CURVE_WITH_KNOTS ( ( 4, 4 ),
 ( 2.496228138240097927, 2.666236661735228886 ),
 .UNSPECIFIED. ) 
 CURVE ( )  GEOMETRIC_REPRESENTATION_ITEM ( )  RATIONAL_B_SPLINE_CURVE ( ( 1.000000000000000000, 0.9975928751204993228, 0.9975928751204993228, 1.000000000000000000 ) ) 
 REPRESENTATION_ITEM ( '' )  );
#5389 = CARTESIAN_POINT ( 'NONE',  ( 14.48648663058610531, 13.59147754663909957, -20.38335150653033878 ) ) ;
#5390 = DIRECTION ( 'NONE',  ( -1.000000000000000000, -0.000000000000000000, -0.000000000000000000 ) ) ;
#5391 = FACE_BOUND ( 'NONE', #2477, .T. ) ;
#5392 = CARTESIAN_POINT ( 'NONE',  ( 5.999999999999998224, -77.10614032394536821, 10.36215548886946713 ) ) ;
#5393 = FACE_OUTER_BOUND ( 'NONE', #5142, .T. ) ;
#5394 = CARTESIAN_POINT ( 'NONE',  ( 21.16028316371433604, -62.96368274094342610, -4.115590031632200940 ) ) ;
#5395 = LINE ( 'NONE', #3019, #1557 ) ;
#5396 = ORIENTED_EDGE ( 'NONE', *, *, #1985, .F. ) ;
#5397 = VERTEX_POINT ( 'NONE', #3488 ) ;
#5398 = ORIENTED_EDGE ( 'NONE', *, *, #7618, .T. ) ;
#5399 = DIRECTION ( 'NONE',  ( 0.000000000000000000, 0.9396926207859083169, -0.3420201433256693235 ) ) ;
#5400 = ADVANCED_FACE ( 'NONE', ( #5080 ), #7867, .F. ) ;
#5401 = PLANE ( 'NONE',  #5471 ) ;
#5402 = CARTESIAN_POINT ( 'NONE',  ( 1.249217823486903356, -34.93050611415871032, -22.59604204239944281 ) ) ;
#5403 = PLANE ( 'NONE',  #5047 ) ;
#5404 = DIRECTION ( 'NONE',  ( -1.000000000000000000, -0.000000000000000000, -0.000000000000000000 ) ) ;
#5405 = ADVANCED_FACE ( 'NONE', ( #1984 ), #6504, .F. ) ;
#5406 = DIRECTION ( 'NONE',  ( 0.000000000000000000, 0.6427876096865345890, 0.7660444431189820103 ) ) ;
#5407 = CARTESIAN_POINT ( 'NONE',  ( 1.417978734200468161, -115.5779809876890596, 48.09706418208657652 ) ) ;
#5408 = CARTESIAN_POINT ( 'NONE',  ( 20.44254835474864507, -56.19320454321285752, 17.20416865383605654 ) ) ;
#5409 = ORIENTED_EDGE ( 'NONE', *, *, #9009, .F. ) ;
#5410 = CARTESIAN_POINT ( 'NONE',  ( 12.54859317699429511, 15.95871265827504892, -44.52501106176548262 ) ) ;
#5411 = ORIENTED_EDGE ( 'NONE', *, *, #1535, .T. ) ;
#5412 = CARTESIAN_POINT ( 'NONE',  ( 16.67132707503946065, -76.07329170209847291, 12.61949741733601726 ) ) ;
#5413 = CARTESIAN_POINT ( 'NONE',  ( 15.59735933515213269, 13.73965399442531421, -21.30635910375298891 ) ) ;
#5414 = B_SPLINE_CURVE_WITH_KNOTS ( 'NONE', 3,
 ( #5096, #6569, #2877, #8796, #5922, #5830 ),
 .UNSPECIFIED., .F., .F.,
 ( 4, 2, 4 ),
 ( 0.000000000000000000, 0.5000000000000000000, 1.000000000000000000 ),
 .UNSPECIFIED. ) ;
#5415 = CARTESIAN_POINT ( 'NONE',  ( 15.00000000000000000, -102.3538084696227344, 25.59392898567852725 ) ) ;
#5416 = CARTESIAN_POINT ( 'NONE',  ( 14.99999999999999822, -117.7927083504377066, 34.70641810424150719 ) ) ;
#5417 = CARTESIAN_POINT ( 'NONE',  ( 14.85659890898955915, -13.21292192065901716, -21.44221969084448531 ) ) ;
#5418 = CARTESIAN_POINT ( 'NONE',  ( 14.72972840463084943, -41.33000182634353337, -19.70057136043578794 ) ) ;
#5419 = DIRECTION ( 'NONE',  ( -1.203685677208396808E-14, 0.3420201433256649381, 0.9396926207859097602 ) ) ;
#5420 = LINE ( 'NONE', #7665, #8069 ) ;
#5421 = EDGE_CURVE ( 'NONE', #1194, #2592, #5213, .T. ) ;
#5422 = VERTEX_POINT ( 'NONE', #6407 ) ;
#5423 = PLANE ( 'NONE',  #6058 ) ;
#5424 = ORIENTED_EDGE ( 'NONE', *, *, #6182, .F. ) ;
#5425 = CARTESIAN_POINT ( 'NONE',  ( 12.40000000000000036, -71.57304480356397391, 15.90151393524054768 ) ) ;
#5426 = VERTEX_POINT ( 'NONE', #2718 ) ;
#5427 = DIRECTION ( 'NONE',  ( -0.000000000000000000, -0.000000000000000000, -1.000000000000000000 ) ) ;
#5428 = VECTOR ( 'NONE', #7198, 1000.000000000000000 ) ;
#5429 = CARTESIAN_POINT ( 'NONE',  ( 15.85086760509274484, -12.46246350426197580, -21.29634816116374907 ) ) ;
#5430 = VECTOR ( 'NONE', #9355, 1000.000000000000000 ) ;
#5431 = CARTESIAN_POINT ( 'NONE',  ( 12.23907375575412360, 15.71828469582514742, -22.80290279766704131 ) ) ;
#5432 = DIRECTION ( 'NONE',  ( -0.000000000000000000, 0.3420201433256698231, 0.9396926207859080948 ) ) ;
#5433 = CARTESIAN_POINT ( 'NONE',  ( 12.11016182308047107, 15.82132268993230539, -43.65826676968359266 ) ) ;
#5434 = VECTOR ( 'NONE', #2405, 1000.000000000000000 ) ;
#5435 = PLANE ( 'NONE',  #9468 ) ;
#5436 = VERTEX_POINT ( 'NONE', #1314 ) ;
#5437 = VERTEX_POINT ( 'NONE', #2031 ) ;
#5438 = CARTESIAN_POINT ( 'NONE',  ( 13.55372511535928126, 15.12445371175696707, -22.07722152930343995 ) ) ;
#5439 = CARTESIAN_POINT ( 'NONE',  ( 12.67335791100572351, -61.71939882608335637, -5.159668205671061436 ) ) ;
#5440 = ADVANCED_FACE ( 'NONE', ( #5671 ), #9451, .F. ) ;
#5441 = CARTESIAN_POINT ( 'NONE',  ( 21.95112748607713726, -14.54181933374711377, -19.47075456690594564 ) ) ;
#5442 = DIRECTION ( 'NONE',  ( -0.000000000000000000, -0.000000000000000000, -1.000000000000000000 ) ) ;
#5443 = DIRECTION ( 'NONE',  ( 0.000000000000000000, -0.6478576535428541838, 0.7617614198329730746 ) ) ;
#5444 = ADVANCED_FACE ( 'NONE', ( #1269 ), #5155, .T. ) ;
#5445 = CARTESIAN_POINT ( 'NONE',  ( 20.07419196298359054, -53.08241095383336727, -9.433812468402946294 ) ) ;
#5446 = ADVANCED_FACE ( 'NONE', ( #1450 ), #134, .T. ) ;
#5447 = ORIENTED_EDGE ( 'NONE', *, *, #5084, .T. ) ;
#5448 = ORIENTED_EDGE ( 'NONE', *, *, #4883, .T. ) ;
#5449 = ORIENTED_EDGE ( 'NONE', *, *, #2121, .F. ) ;
#5450 = LINE ( 'NONE', #6972, #5790 ) ;
#5451 = DIRECTION ( 'NONE',  ( -1.000000000000000000, -0.000000000000000000, -0.000000000000000000 ) ) ;
#5452 = EDGE_CURVE ( 'NONE', #2912, #8131, #719, .T. ) ;
#5453 = CARTESIAN_POINT ( 'NONE',  ( 0.000000000000000000, -36.18423030047151912, -21.88150675410481938 ) ) ;
#5454 = LINE ( 'NONE', #6294, #1764 ) ;
#5455 = CARTESIAN_POINT ( 'NONE',  ( 0.000000000000000000, -4.921752535625713243, -7.255575130684863261 ) ) ;
#5456 = CARTESIAN_POINT ( 'NONE',  ( 0.000000000000000000, 31.76599858981257896, -6.718171893605090261 ) ) ;
#5457 = CARTESIAN_POINT ( 'NONE',  ( 11.89767740235022941, -14.91223885327148757, -43.94888986855324475 ) ) ;
#5458 = CARTESIAN_POINT ( 'NONE',  ( 21.34505176677678051, -53.01120298238586059, 14.83171685149877561 ) ) ;
#5459 = EDGE_CURVE ( 'NONE', #5216, #5921, #4441, .T. ) ;
#5460 = ORIENTED_EDGE ( 'NONE', *, *, #2138, .T. ) ;
#5461 = CARTESIAN_POINT ( 'NONE',  ( 12.60961994214097892, 15.86389314104936332, -44.39365828299018801 ) ) ;
#5462 = ORIENTED_EDGE ( 'NONE', *, *, #1890, .F. ) ;
#5463 = CARTESIAN_POINT ( 'NONE',  ( 15.00000000000000000, -132.9772188151790431, 20.87278624230484070 ) ) ;
#5464 = ORIENTED_EDGE ( 'NONE', *, *, #7832, .T. ) ;
#5465 = CARTESIAN_POINT ( 'NONE',  ( 15.51620167709218201, 13.78434123056372052, -21.29634816116374552 ) ) ;
#5466 = CARTESIAN_POINT ( 'NONE',  ( 12.82585338415944953, -14.15105185600268456, -21.55036555124691944 ) ) ;
#5467 = CARTESIAN_POINT ( 'NONE',  ( 14.20736856164180750, -48.69167048607203441, -15.67558857082555690 ) ) ;
#5468 = CARTESIAN_POINT ( 'NONE',  ( 14.23795069261742974, -56.92315944820293794, -9.184190898688409987 ) ) ;
#5469 = CARTESIAN_POINT ( 'NONE',  ( 16.04176706426225962, -78.14612233801473451, 18.04397096372863629 ) ) ;
#5470 = VECTOR ( 'NONE', #2497, 1000.000000000000000 ) ;
#5471 = AXIS2_PLACEMENT_3D ( 'NONE', #3178, #6822, #3275 ) ;
#5472 = EDGE_CURVE ( 'NONE', #6391, #2258, #3089, .T. ) ;
#5473 = ORIENTED_EDGE ( 'NONE', *, *, #8657, .F. ) ;
#5474 = CARTESIAN_POINT ( 'NONE',  ( 23.28325370891903745, -118.8873195575527433, 22.43861868437969775 ) ) ;
#5475 = B_SPLINE_CURVE_WITH_KNOTS ( 'NONE', 3,
 ( #4061, #4109, #1785, #9111, #5563, #7707, #6939, #3960, #1827, #4831, #7756, #7809, #4636, #7035, #7082, #381, #3239, #1063, #6256, #4009, #281, #5416, #430, #6986 ),
 .UNSPECIFIED., .F., .F.,
 ( 4, 1, 1, 1, 1, 1, 2, 2, 1, 1, 1, 1, 1, 1, 1, 2, 2, 4 ),
 ( 0.000000000000000000, 0.1249999999998436806, 0.1874999999997654654, 0.2187499999997263578, 0.2343749999997067346, 0.2421874999996968536, 0.2460937499996929401, 0.2499999999996890265, 0.3749999999995853317, 0.4374999999995335398, 0.4687499999995088928, 0.4843749999994965694, 0.4921874999994891309, 0.4960937499994867994, 0.4980468749994870215, 0.4990234374994870215, 0.4999999999994870770, 1.000000000000000000 ),
 .UNSPECIFIED. ) ;
#5476 = ORIENTED_EDGE ( 'NONE', *, *, #8680, .F. ) ;
#5477 = CARTESIAN_POINT ( 'NONE',  ( 23.44999999999999929, -4.921752535625713243, -7.255575130684863261 ) ) ;
#5478 = EDGE_LOOP ( 'NONE', ( #7764, #7657, #3843, #7520 ) ) ;
#5479 = CARTESIAN_POINT ( 'NONE',  ( 8.194245693639846451, -72.57299050838125254, 1.035702915469220553 ) ) ;
#5480 = ADVANCED_FACE ( 'NONE', ( #5175 ), #4492, .F. ) ;
#5481 = CARTESIAN_POINT ( 'NONE',  ( 15.15594893744553495, -12.99838616850724549, -21.36948773021870451 ) ) ;
#5482 = VECTOR ( 'NONE', #2729, 1000.000000000000114 ) ;
#5483 = CARTESIAN_POINT ( 'NONE',  ( 12.19086080702343367, 15.75702770881458648, -23.19699896020612329 ) ) ;
#5484 = CARTESIAN_POINT ( 'NONE',  ( 5.999999999999998224, -38.85406476150464528, -13.76214029363365476 ) ) ;
#5485 = CARTESIAN_POINT ( 'NONE',  ( 12.67944235142580034, 15.75442255173291706, -44.20303445517082963 ) ) ;
#5486 = CIRCLE ( 'NONE', #6732, 6.000000000000000000 ) ;
#5487 = ORIENTED_EDGE ( 'NONE', *, *, #8145, .F. ) ;
#5488 = LINE ( 'NONE', #1128, #7003 ) ;
#5489 = ORIENTED_EDGE ( 'NONE', *, *, #1671, .F. ) ;
#5490 = EDGE_LOOP ( 'NONE', ( #8530, #4984, #7521, #627, #5191, #9392 ) ) ;
#5491 = CARTESIAN_POINT ( 'NONE',  ( 14.40556723980829368, 14.59560304405804487, -21.59456266214135667 ) ) ;
#5492 = LINE ( 'NONE', #7634, #4406 ) ;
#5493 = CARTESIAN_POINT ( 'NONE',  ( 19.27853544290633891, -14.36031599352682342, -22.65191752062497343 ) ) ;
#5494 = VECTOR ( 'NONE', #6325, 1000.000000000000000 ) ;
#5495 = DIRECTION ( 'NONE',  ( -0.000000000000000000, 0.7949648775762689912, 0.6066554569276927378 ) ) ;
#5496 = CARTESIAN_POINT ( 'NONE',  ( 22.61706414054438596, -27.52182225824877904, -11.90357600088131740 ) ) ;
#5497 = LINE ( 'NONE', #5593, #6153 ) ;
#5498 = ORIENTED_EDGE ( 'NONE', *, *, #6589, .F. ) ;
#5499 = EDGE_LOOP ( 'NONE', ( #5183, #4838, #5230, #6073 ) ) ;
#5500 = ORIENTED_EDGE ( 'NONE', *, *, #5565, .T. ) ;
#5501 = CARTESIAN_POINT ( 'NONE',  ( 19.20530456481371573, -14.42175404979687414, -22.89470510631411670 ) ) ;
#5502 = DIRECTION ( 'NONE',  ( 0.000000000000000000, 0.9463118589240399059, -0.3232551092554114547 ) ) ;
#5503 = DIRECTION ( 'NONE',  ( 0.000000000000000000, 0.9848077530122092416, -0.1736481776669232813 ) ) ;
#5504 = CARTESIAN_POINT ( 'NONE',  ( 13.89999999999999858, -54.59318299741923397, -3.567911001065602328 ) ) ;
#5505 = DIRECTION ( 'NONE',  ( 0.000000000000000000, -0.9848077530122093526, 0.1736481776669229482 ) ) ;
#5506 = DIRECTION ( 'NONE',  ( 0.000000000000000000, 0.000000000000000000, -1.000000000000000000 ) ) ;
#5507 = CARTESIAN_POINT ( 'NONE',  ( 11.62916598617766084, -15.11542900211779106, -44.13615374339817521 ) ) ;
#5508 = CARTESIAN_POINT ( 'NONE',  ( 21.18463492336591258, -53.63247973200885355, 15.25491324919426539 ) ) ;
#5509 = ADVANCED_FACE ( 'NONE', ( #1641 ), #8136, .F. ) ;
#5510 = ORIENTED_EDGE ( 'NONE', *, *, #8251, .T. ) ;
#5511 = CARTESIAN_POINT ( 'NONE',  ( 12.49905393712125701, 16.03514616035004536, -44.61653225979044635 ) ) ;
#5512 = ORIENTED_EDGE ( 'NONE', *, *, #2568, .F. ) ;
#5513 = CARTESIAN_POINT ( 'NONE',  ( 4.400000000000000355, -140.1086479597152561, 31.06710166095935222 ) ) ;
#5514 = ORIENTED_EDGE ( 'NONE', *, *, #9336, .F. ) ;
#5515 = DIRECTION ( 'NONE',  ( 0.000000000000000000, -2.312964634635742661E-15, -1.000000000000000000 ) ) ;
#5516 = CYLINDRICAL_SURFACE ( 'NONE', #3314, 2.349999999999990763 ) ;
#5517 = CARTESIAN_POINT ( 'NONE',  ( 14.98100861851862398, -13.12491639895891815, -21.40898411356889852 ) ) ;
#5518 = VECTOR ( 'NONE', #4371, 1000.000000000000114 ) ;
#5519 = CYLINDRICAL_SURFACE ( 'NONE', #7804, 1.700000000000001510 ) ;
#5520 = CARTESIAN_POINT ( 'NONE',  ( 15.00000000000000000, -94.83578902281078626, 31.43931079701623688 ) ) ;
#5521 = CARTESIAN_POINT ( 'NONE',  ( 0.000000000000000000, -77.10614032394536821, 10.36215548886946713 ) ) ;
#5522 = ORIENTED_EDGE ( 'NONE', *, *, #500, .T. ) ;
#5523 = CARTESIAN_POINT ( 'NONE',  ( 15.10837202238299248, 24.51764951894167766, -45.29634816116374196 ) ) ;
#5524 = ORIENTED_EDGE ( 'NONE', *, *, #110, .F. ) ;
#5525 = PLANE ( 'NONE',  #5936 ) ;
#5526 = CARTESIAN_POINT ( 'NONE',  ( 12.29846952495649859, -15.26476081643870231, -44.89808491403388047 ) ) ;
#5527 = CARTESIAN_POINT ( 'NONE',  ( 14.97407699063021802, -13.12991217307837033, -21.41059140166594688 ) ) ;
#5528 = LINE ( 'NONE', #6999, #9412 ) ;
#5529 = EDGE_CURVE ( 'NONE', #7955, #871, #308, .T. ) ;
#5530 = VECTOR ( 'NONE', #2184, 1000.000000000000000 ) ;
#5531 = FILL_AREA_STYLE ('',( #8388 ) ) ;
#5532 = DIRECTION ( 'NONE',  ( -0.000000000000000000, 0.9848077530122095746, -0.1736481776669221433 ) ) ;
#5533 = ADVANCED_FACE ( 'NONE', ( #2168 ), #5126, .F. ) ;
#5534 = VERTEX_POINT ( 'NONE', #4541 ) ;
#5535 = FACE_OUTER_BOUND ( 'NONE', #2266, .T. ) ;
#5536 = ORIENTED_EDGE ( 'NONE', *, *, #1192, .F. ) ;
#5537 = CARTESIAN_POINT ( 'NONE',  ( 5.245833619642161771, -88.81139071693864651, 39.69215587619429186 ) ) ;
#5538 = CARTESIAN_POINT ( 'NONE',  ( 11.65000000000000036, 2.033428258510757480, -8.075790515642111700 ) ) ;
#5539 = CARTESIAN_POINT ( 'NONE',  ( 13.35319215383752400, -59.06155041485961732, -7.389867827253991273 ) ) ;
#5540 = AXIS2_PLACEMENT_3D ( 'NONE', #6619, #3011, #9567 ) ;
#5541 = CARTESIAN_POINT ( 'NONE',  ( 0.000000000000000000, -59.22789547348781980, 26.69030177272813020 ) ) ;
#5542 = B_SPLINE_CURVE_WITH_KNOTS ( 'NONE', 3,
 ( #7532, #9029, #884, #6809, #2381, #8249, #2650, #558, #2746, #5794, #7163, #5604, #6390, #2698, #7986, #604, #2837, #9341, #9296, #8663, #7258, #5653, #8564, #4102, #511, #9390, #3471, #6485, #3513, #8758, #6531, #1965, #1919, #4921, #6436, #7076, #7801, #8617, #2011, #4151, #6347, #7211, #7893 ),
 .UNSPECIFIED., .F., .F.,
 ( 4, 2, 2, 2, 1, 1, 1, 2, 2, 2, 2, 1, 1, 1, 1, 2, 2, 2, 2, 1, 1, 1, 1, 2, 2, 2, 4 ),
 ( 0.000000000000000000, 0.2499999999999600320, 0.3749999999999401590, 0.4374999999999299449, 0.4687499999999249489, 0.4843749999999222844, 0.4921874999999208411, 0.4960937499999203415, 0.4999999999999198974, 0.6249999999999097389, 0.6874999999999048539, 0.7187499999999023004, 0.7343749999999014122, 0.7421874999999011902, 0.7460937499999009681, 0.7480468749999010791, 0.7499999999999011902, 0.8124999999998973044, 0.8437499999998955280, 0.8593749999998940847, 0.8671874999998937517, 0.8710937499998940847, 0.8730468749998943068, 0.8740234374998948619, 0.8749999999998955280, 0.9374999999999478195, 1.000000000000000000 ),
 .UNSPECIFIED. ) ;
#5543 = CARTESIAN_POINT ( 'NONE',  ( 21.58334415447101051, -57.47830971295915248, 2.547588195108353215 ) ) ;
#5544 = DIRECTION ( 'NONE',  ( 0.000000000000000000, 0.000000000000000000, 1.000000000000000000 ) ) ;
#5545 = DIRECTION ( 'NONE',  ( 0.000000000000000000, 0.1736481776669231980, 0.9848077530122093526 ) ) ;
#5546 = ORIENTED_EDGE ( 'NONE', *, *, #8629, .F. ) ;
#5547 = ORIENTED_EDGE ( 'NONE', *, *, #4508, .T. ) ;
#5548 = VERTEX_POINT ( 'NONE', #7563 ) ;
#5549 = CARTESIAN_POINT ( 'NONE',  ( 12.21416110473111516, -14.66337809537903070, -22.90050764486862889 ) ) ;
#5550 = LINE ( 'NONE', #165, #8786 ) ;
#5551 = CARTESIAN_POINT ( 'NONE',  ( 6.550000000000000711, 11.23657270063705482, -9.698553188146060933 ) ) ;
#5552 = CARTESIAN_POINT ( 'NONE',  ( 18.64002701526201022, -44.61105033216414029, 14.42531240566818873 ) ) ;
#5553 = CARTESIAN_POINT ( 'NONE',  ( 21.58334415447101051, -57.47830971295915248, 2.547588195108353215 ) ) ;
#5554 = CARTESIAN_POINT ( 'NONE',  ( 17.14973808044776149, 23.35027745064270732, -45.29634816116374907 ) ) ;
#5555 = CARTESIAN_POINT ( 'NONE',  ( 11.98067908160256856, -14.84801482710819442, -43.86286861085247324 ) ) ;
#5556 = CARTESIAN_POINT ( 'NONE',  ( 22.60915966562204460, -46.54309086462313871, 11.19883676644114345 ) ) ;
#5557 = ORIENTED_EDGE ( 'NONE', *, *, #5627, .T. ) ;
#5558 = LINE ( 'NONE', #4825, #1103 ) ;
#5559 = VERTEX_POINT ( 'NONE', #1495 ) ;
#5560 = CARTESIAN_POINT ( 'NONE',  ( 18.35981929048105599, -68.32725932233387311, 9.729847358233891796 ) ) ;
#5561 = PLANE ( 'NONE',  #4073 ) ;
#5562 = CARTESIAN_POINT ( 'NONE',  ( 14.91012684297786528, 14.14913213756034160, -21.29634816116375617 ) ) ;
#5563 = CARTESIAN_POINT ( 'NONE',  ( 15.00000000000000355, -109.2271603387727907, 33.57462548364159005 ) ) ;
#5564 = CARTESIAN_POINT ( 'NONE',  ( 14.64198691435714217, -12.34174494771268016, -20.34380995379473589 ) ) ;
#5565 = EDGE_CURVE ( 'NONE', #6745, #7203, #7393, .T. ) ;
#5566 = PLANE ( 'NONE',  #9183 ) ;
#5567 = DIRECTION ( 'NONE',  ( 1.000000000000000000, -0.000000000000000000, -0.000000000000000000 ) ) ;
#5568 = CARTESIAN_POINT ( 'NONE',  ( 16.12699674734517785, 26.33305357907343236, -43.36733799365095621 ) ) ;
#5569 = EDGE_CURVE ( 'NONE', #2185, #5641, #2944, .T. ) ;
#5570 = ORIENTED_EDGE ( 'NONE', *, *, #8877, .T. ) ;
#5571 = DIRECTION ( 'NONE',  ( 0.000000000000000000, -0.9463118589240399059, 0.3232551092554117322 ) ) ;
#5572 = EDGE_CURVE ( 'NONE', #2605, #8632, #4450, .T. ) ;
#5573 = VERTEX_POINT ( 'NONE', #3717 ) ;
#5574 = FACE_OUTER_BOUND ( 'NONE', #3994, .T. ) ;
#5575 = CARTESIAN_POINT ( 'NONE',  ( 11.83430535210831458, -15.94080698359310411, -45.22740739235521801 ) ) ;
#5576 = DIRECTION ( 'NONE',  ( 0.7071067811865490160, 8.659560562354913137E-17, 0.7071067811865460184 ) ) ;
#5577 = LINE ( 'NONE', #5392, #3457 ) ;
#5578 = DIRECTION ( 'NONE',  ( 0.000000000000000000, 0.000000000000000000, -1.000000000000000000 ) ) ;
#5579 = CARTESIAN_POINT ( 'NONE',  ( 0.000000000000000000, -20.45591043310982471, -10.91367162565327220 ) ) ;
#5580 = EDGE_CURVE ( 'NONE', #5548, #4347, #6691, .T. ) ;
#5581 = EDGE_LOOP ( 'NONE', ( #7292, #6063, #5664, #1966, #350 ) ) ;
#5582 = CARTESIAN_POINT ( 'NONE',  ( 16.56403464474175635, -14.46246350426196869, -43.29634816116374907 ) ) ;
#5583 = AXIS2_PLACEMENT_3D ( 'NONE', #2046, #3501, #6421 ) ;
#5584 = ORIENTED_EDGE ( 'NONE', *, *, #824, .T. ) ;
#5585 = CARTESIAN_POINT ( 'NONE',  ( 5.728761262716954406, -86.21256735793318171, 38.41192070910759071 ) ) ;
#5586 = CARTESIAN_POINT ( 'NONE',  ( 15.22938338087824839, 14.01978577927140179, -21.35435039140722679 ) ) ;
#5587 = CARTESIAN_POINT ( 'NONE',  ( 2.603573336316540310, -105.6245492691974590, 13.23477584705317511 ) ) ;
#5588 = CARTESIAN_POINT ( 'NONE',  ( 0.000000000000000000, -90.38772566153639332, 40.46869169737222194 ) ) ;
#5589 = CARTESIAN_POINT ( 'NONE',  ( -9.130541174292144896E-21, -57.43085784527291082, 24.68650956725689483 ) ) ;
#5590 = DIRECTION ( 'NONE',  ( 0.000000000000000000, 0.000000000000000000, -1.000000000000000000 ) ) ;
#5591 = AXIS2_PLACEMENT_3D ( 'NONE', #2623, #3253, #246 ) ;
#5592 = AXIS2_PLACEMENT_3D ( 'NONE', #2761, #8633, #2163 ) ;
#5593 = CARTESIAN_POINT ( 'NONE',  ( 21.44999999999999574, -38.54927497525915925, 5.680307991813230650 ) ) ;
#5594 = EDGE_LOOP ( 'NONE', ( #9164, #4519, #7591, #3970, #7101 ) ) ;
#5595 = ORIENTED_EDGE ( 'NONE', *, *, #7070, .F. ) ;
#5596 = ORIENTED_EDGE ( 'NONE', *, *, #6471, .F. ) ;
#5597 = CARTESIAN_POINT ( 'NONE',  ( 23.44999999999999929, -4.921752535625713243, -7.255575130684863261 ) ) ;
#5598 = DIRECTION ( 'NONE',  ( 0.000000000000000000, 0.8419636576019617902, -0.5395342429146887664 ) ) ;
#5599 = ADVANCED_FACE ( 'NONE', ( #2991 ), #352, .T. ) ;
#5600 = CARTESIAN_POINT ( 'NONE',  ( -3.184081677783118191E-15, -12.46246350426197580, -21.29634816116374907 ) ) ;
#5601 = CARTESIAN_POINT ( 'NONE',  ( 22.68762741337137712, -56.03652355801233398, -9.928166747135618309 ) ) ;
#5602 = CARTESIAN_POINT ( 'NONE',  ( 15.18063779374755562, -83.60495552887611836, 28.06066206550557141 ) ) ;
#5603 = CARTESIAN_POINT ( 'NONE',  ( 22.12457100036376900, -38.31480759375747880, -13.90415954375159835 ) ) ;
#5604 = CARTESIAN_POINT ( 'NONE',  ( 15.33228800791003898, -29.02447036616883835, -28.20644235690557977 ) ) ;
#5605 = VERTEX_POINT ( 'NONE', #6538 ) ;
#5606 = CARTESIAN_POINT ( 'NONE',  ( 21.24882171194505531, -38.64560556219909415, -20.78733530354712755 ) ) ;
#5607 = CARTESIAN_POINT ( 'NONE',  ( 16.79997735065688858, -75.32348280423092035, 12.42245050689513164 ) ) ;
#5608 = CARTESIAN_POINT ( 'NONE',  ( 13.47827001116833934, 15.16843157213893711, -22.13786143029318865 ) ) ;
#5609 = CARTESIAN_POINT ( 'NONE',  ( 15.47839284954545391, 13.80961944215737702, -21.29634816116375262 ) ) ;
#5610 = FACE_OUTER_BOUND ( 'NONE', #3775, .T. ) ;
#5611 = CARTESIAN_POINT ( 'NONE',  ( 0.000000000000000000, -138.6721633577474506, 35.01381066826016308 ) ) ;
#5612 = CARTESIAN_POINT ( 'NONE',  ( 21.55804862963999113, -46.71970314284178727, -16.91261010017921862 ) ) ;
#5613 = FACE_OUTER_BOUND ( 'NONE', #8502, .T. ) ;
#5614 = LINE ( 'NONE', #5709, #630 ) ;
#5615 = ORIENTED_EDGE ( 'NONE', *, *, #9270, .F. ) ;
#5616 = CARTESIAN_POINT ( 'NONE',  ( 8.657851095430727284, -73.39533097835840181, 32.09787989477760561 ) ) ;
#5617 = ORIENTED_EDGE ( 'NONE', *, *, #6045, .T. ) ;
#5618 = DIRECTION ( 'NONE',  ( 0.000000000000000000, 0.9848077530122095746, -0.1736481776669221433 ) ) ;
#5619 = CARTESIAN_POINT ( 'NONE',  ( 6.246131436262374770, -78.91371907996794732, 2.632341280900940550 ) ) ;
#5620 = PLANE ( 'NONE',  #6323 ) ;
#5621 = AXIS2_PLACEMENT_3D ( 'NONE', #6622, #16, #7390 ) ;
#5622 = LINE ( 'NONE', #107, #3754 ) ;
#5623 = VECTOR ( 'NONE', #3227, 1000.000000000000000 ) ;
#5624 = DIRECTION ( 'NONE',  ( 1.000000000000000000, 0.000000000000000000, -0.000000000000000000 ) ) ;
#5625 = EDGE_CURVE ( 'NONE', #2074, #6519, #1301, .T. ) ;
#5626 = CARTESIAN_POINT ( 'NONE',  ( 14.00000000000000000, 0.5375364957381987274, -21.29634816116374907 ) ) ;
#5627 = EDGE_CURVE ( 'NONE', #2532, #7594, #520, .T. ) ;
#5628 = ORIENTED_EDGE ( 'NONE', *, *, #6612, .T. ) ;
#5629 = CARTESIAN_POINT ( 'NONE',  ( 0.000000000000000000, -76.10435538319671878, 16.87016425251036722 ) ) ;
#5630 = VERTEX_POINT ( 'NONE', #7993 ) ;
#5631 = CARTESIAN_POINT ( 'NONE',  ( 5.302615664173624843, -88.51459565383586892, 39.54594837198466450 ) ) ;
#5632 = LINE ( 'NONE', #7147, #8642 ) ;
#5633 = CARTESIAN_POINT ( 'NONE',  ( 11.99999999999997158, -119.4571793330561178, 36.63996838842680148 ) ) ;
#5634 = CIRCLE ( 'NONE', #8734, 3.000000000000002665 ) ;
#5635 = DIRECTION ( 'NONE',  ( -1.204926281437611157E-16, -0.1736481776669230315, -0.9848077530122093526 ) ) ;
#5636 = CARTESIAN_POINT ( 'NONE',  ( 5.495420948333112676, -56.28709034078584494, 23.92398982054383083 ) ) ;
#5637 = DIRECTION ( 'NONE',  ( 0.000000000000000000, -0.9848077530122094636, 0.1736481776669225041 ) ) ;
#5638 = VECTOR ( 'NONE', #7366, 1000.000000000000000 ) ;
#5639 = DIRECTION ( 'NONE',  ( -0.000000000000000000, -0.3420201433256691570, -0.9396926207859082059 ) ) ;
#5640 = ORIENTED_EDGE ( 'NONE', *, *, #4452, .T. ) ;
#5641 = VERTEX_POINT ( 'NONE', #5611 ) ;
#5642 = CARTESIAN_POINT ( 'NONE',  ( 12.31941596796179539, -61.39194329016748242, 27.00194922086939187 ) ) ;
#5643 = CYLINDRICAL_SURFACE ( 'NONE', #8464, 4.000000000000000000 ) ;
#5644 = AXIS2_PLACEMENT_3D ( 'NONE', #8499, #7974, #8550 ) ;
#5645 = CARTESIAN_POINT ( 'NONE',  ( 3.000000000000000000, -76.10435538319671878, 19.22016425251037219 ) ) ;
#5646 = CARTESIAN_POINT ( 'NONE',  ( 20.41495985184341677, -61.78782979168335743, 5.892250608695579928 ) ) ;
#5647 = CARTESIAN_POINT ( 'NONE',  ( 15.21110070569504735, -83.08712008782306668, 27.90283197757704770 ) ) ;
#5648 =( BOUNDED_CURVE ( )  B_SPLINE_CURVE ( 2, ( #8684, #4990, #2034 ),
 .UNSPECIFIED., .F., .F. ) 
 B_SPLINE_CURVE_WITH_KNOTS ( ( 3, 3 ),
 ( 0.000000000000000000, 1.000000000000000000 ),
 .UNSPECIFIED. ) 
 CURVE ( )  GEOMETRIC_REPRESENTATION_ITEM ( )  RATIONAL_B_SPLINE_CURVE ( ( 1.000000000000000000, 0.7460544685310571689, 1.000000000000000000 ) ) 
 REPRESENTATION_ITEM ( '' )  );
#5649 = EDGE_CURVE ( 'NONE', #4347, #3893, #4891, .T. ) ;
#5650 = CARTESIAN_POINT ( 'NONE',  ( 22.10733948072098087, -37.98503540015803992, -14.09889051167074037 ) ) ;
#5651 = VECTOR ( 'NONE', #3740, 999.9999999999998863 ) ;
#5652 = EDGE_CURVE ( 'NONE', #8554, #3944, #7901, .T. ) ;
#5653 = CARTESIAN_POINT ( 'NONE',  ( 15.32357047690785024, -33.13306546401022956, -23.85133642304800716 ) ) ;
#5654 = ORIENTED_EDGE ( 'NONE', *, *, #4724, .F. ) ;
#5655 = CARTESIAN_POINT ( 'NONE',  ( 19.29974826785325348, -25.46337034114626618, -38.56077735104950222 ) ) ;
#5656 = ORIENTED_EDGE ( 'NONE', *, *, #915, .T. ) ;
#5657 = DIRECTION ( 'NONE',  ( 0.000000000000000000, -0.9396926207859083169, 0.3420201433256692680 ) ) ;
#5658 = CARTESIAN_POINT ( 'NONE',  ( 12.81601265754924768, 15.53753649573837059, -23.21719097771595486 ) ) ;
#5659 = DIRECTION ( 'NONE',  ( -1.000000000000000000, 0.000000000000000000, 0.000000000000000000 ) ) ;
#5660 = CARTESIAN_POINT ( 'NONE',  ( 14.99610348614008082, -100.2551154293987850, 10.31053527493027211 ) ) ;
#5661 = CARTESIAN_POINT ( 'NONE',  ( 13.29128810456891330, -14.20346296394854768, -22.31608875197216335 ) ) ;
#5662 = CARTESIAN_POINT ( 'NONE',  ( 21.92946336356893511, -52.40217637240035486, -12.96666976168548047 ) ) ;
#5663 = CARTESIAN_POINT ( 'NONE',  ( 16.34711564629477110, -77.27661646339311119, 14.82773722144391826 ) ) ;
#5664 = ORIENTED_EDGE ( 'NONE', *, *, #8083, .T. ) ;
#5665 = DIRECTION ( 'NONE',  ( 0.000000000000000000, 0.000000000000000000, 1.000000000000000000 ) ) ;
#5666 = ORIENTED_EDGE ( 'NONE', *, *, #1618, .F. ) ;
#5667 = CARTESIAN_POINT ( 'NONE',  ( 1.117052999139344527, -129.4524280293092033, 19.81354110024361148 ) ) ;
#5668 = ORIENTED_EDGE ( 'NONE', *, *, #5652, .T. ) ;
#5669 = AXIS2_PLACEMENT_3D ( 'NONE', #8395, #256, #8299 ) ;
#5670 = CARTESIAN_POINT ( 'NONE',  ( 8.070373191332739893, -72.92719514514976709, 1.158018764393963007 ) ) ;
#5671 = FACE_OUTER_BOUND ( 'NONE', #5905, .T. ) ;
#5672 = CARTESIAN_POINT ( 'NONE',  ( 11.82231663218167839, -15.95815976518933788, -45.23463046153947431 ) ) ;
#5673 = CARTESIAN_POINT ( 'NONE',  ( 6.938893903907228378E-15, -125.6822119262424025, 50.87769490003756090 ) ) ;
#5674 = CYLINDRICAL_SURFACE ( 'NONE', #1169, 1.250000000000005107 ) ;
#5675 = ORIENTED_EDGE ( 'NONE', *, *, #5977, .T. ) ;
#5676 = CARTESIAN_POINT ( 'NONE',  ( 20.07848239221690179, -41.79052855365344499, 12.05861362159240358 ) ) ;
#5677 = VERTEX_POINT ( 'NONE', #6777 ) ;
#5678 = CARTESIAN_POINT ( 'NONE',  ( 14.99999999999999645, -96.89565515127117123, 31.97906829584544397 ) ) ;
#5679 = CARTESIAN_POINT ( 'NONE',  ( 15.38620777528672079, -52.47418028629975595, 21.02326185008231008 ) ) ;
#5680 = DIRECTION ( 'NONE',  ( 1.000000000000000000, 0.000000000000000000, 0.000000000000000000 ) ) ;
#5681 = AXIS2_PLACEMENT_3D ( 'NONE', #6236, #6426, #9378 ) ;
#5682 = CARTESIAN_POINT ( 'NONE',  ( 22.83101906800076364, -47.76978312703381135, -6.637430358678487963 ) ) ;
#5683 = ADVANCED_FACE ( 'NONE', ( #120 ), #1529, .F. ) ;
#5684 = DIRECTION ( 'NONE',  ( 0.000000000000000000, 0.7095845552022339575, 0.7046202942141588377 ) ) ;
#5685 = FACE_OUTER_BOUND ( 'NONE', #1140, .T. ) ;
#5686 = CIRCLE ( 'NONE', #9559, 1.000000000000000888 ) ;
#5687 = CARTESIAN_POINT ( 'NONE',  ( 14.00000000000000000, 0.5375364957381987274, -21.29634816116374907 ) ) ;
#5688 = ADVANCED_FACE ( 'NONE', ( #5898 ), #8218, .F. ) ;
#5689 = AXIS2_PLACEMENT_3D ( 'NONE', #8932, #3738, #2278 ) ;
#5690 = ORIENTED_EDGE ( 'NONE', *, *, #6127, .T. ) ;
#5691 = ORIENTED_EDGE ( 'NONE', *, *, #962, .F. ) ;
#5692 = LINE ( 'NONE', #7933, #728 ) ;
#5693 = CARTESIAN_POINT ( 'NONE',  ( 15.00000000000000000, -120.1554226140695363, 31.84896853206123524 ) ) ;
#5694 = CARTESIAN_POINT ( 'NONE',  ( 1.042066753586174066, -122.5751048948816759, 49.85824699986882536 ) ) ;
#5695 = CARTESIAN_POINT ( 'NONE',  ( 21.58381277001216958, -61.38400572293887336, -5.441096434818669003 ) ) ;
#5696 = CARTESIAN_POINT ( 'NONE',  ( 15.06690547656825885, -86.09394153601670041, 28.81844921049467345 ) ) ;
#5697 = CARTESIAN_POINT ( 'NONE',  ( 13.04634899518697999, -13.95531615292233418, -21.29634816116374907 ) ) ;
#5698 = ADVANCED_FACE ( 'NONE', ( #2159 ), #8123, .T. ) ;
#5699 = DIRECTION ( 'NONE',  ( -1.000000000000000000, -0.000000000000000000, -0.000000000000000000 ) ) ;
#5700 = CARTESIAN_POINT ( 'NONE',  ( 14.36816476452923474, -25.46246350426178751, -38.78094102822789324 ) ) ;
#5701 = EDGE_LOOP ( 'NONE', ( #3504, #9188, #8987, #9342 ) ) ;
#5702 = CARTESIAN_POINT ( 'NONE',  ( 1.300011015784769519, -124.4758996252384549, 18.76861490077982353 ) ) ;
#5703 = EDGE_CURVE ( 'NONE', #326, #4754, #7449, .T. ) ;
#5704 = CARTESIAN_POINT ( 'NONE',  ( 13.59733925147283173, 15.09856349708612910, -22.04597078522660425 ) ) ;
#5705 = CARTESIAN_POINT ( 'NONE',  ( 22.74054673083387712, -51.67971458376513993, -2.197221518515832361 ) ) ;
#5706 = CARTESIAN_POINT ( 'NONE',  ( 3.120964222062970528, -100.2237600150156851, 10.29154079736028748 ) ) ;
#5707 = CARTESIAN_POINT ( 'NONE',  ( 14.01338970617879021, -13.77583004591955351, -21.79456556658620414 ) ) ;
#5708 = CARTESIAN_POINT ( 'NONE',  ( 21.62945830381899981, -48.00912458578451947, -16.11923150593613130 ) ) ;
#5709 = CARTESIAN_POINT ( 'NONE',  ( 7.399999999999999467, -74.66354740713653371, 13.27312437272159151 ) ) ;
#5710 = ORIENTED_EDGE ( 'NONE', *, *, #286, .F. ) ;
#5711 = CARTESIAN_POINT ( 'NONE',  ( 5.999999999999998224, -54.60113403017650313, -5.910972413209566234 ) ) ;
#5712 = ORIENTED_EDGE ( 'NONE', *, *, #8839, .T. ) ;
#5713 = CARTESIAN_POINT ( 'NONE',  ( 1.178070366674845104, -127.6596195040455513, 19.37642914196734978 ) ) ;
#5714 = VERTEX_POINT ( 'NONE', #8080 ) ;
#5715 = DIRECTION ( 'NONE',  ( -1.000000000000000000, 0.000000000000000000, 0.000000000000000000 ) ) ;
#5716 = CARTESIAN_POINT ( 'NONE',  ( 15.00000000000001066, -89.96954021281588609, 29.99080047878765498 ) ) ;
#5717 = EDGE_CURVE ( 'NONE', #2840, #9509, #1438, .T. ) ;
#5718 = CARTESIAN_POINT ( 'NONE',  ( 10.89758854288269774, -15.63319521157902692, -44.29634816116371354 ) ) ;
#5719 = CARTESIAN_POINT ( 'NONE',  ( 1.925929944387235853E-30, -137.5776988991053145, 38.02082705477507574 ) ) ;
#5720 = CARTESIAN_POINT ( 'NONE',  ( 0.9999999999999991118, -142.3727122354947880, 24.84663618706118982 ) ) ;
#5721 = ORIENTED_EDGE ( 'NONE', *, *, #2240, .T. ) ;
#5722 = CARTESIAN_POINT ( 'NONE',  ( 20.13516670503632255, -41.67983010523055754, 11.96572659434886532 ) ) ;
#5723 = ORIENTED_EDGE ( 'NONE', *, *, #6879, .F. ) ;
#5724 = CARTESIAN_POINT ( 'NONE',  ( 17.34617400546759924, -53.98413245602428390, -10.85938868696051252 ) ) ;
#5725 = DIRECTION ( 'NONE',  ( 1.000000000000000000, 0.000000000000000000, 0.000000000000000000 ) ) ;
#5726 = CARTESIAN_POINT ( 'NONE',  ( 15.00574950826100817, -53.62474686503443166, 21.96750807276138673 ) ) ;
#5727 = FACE_OUTER_BOUND ( 'NONE', #3381, .T. ) ;
#5728 = CARTESIAN_POINT ( 'NONE',  ( 19.97762462691952834, 15.50080588300453144, -22.91470809448263068 ) ) ;
#5729 = CARTESIAN_POINT ( 'NONE',  ( 7.399999999999999467, -71.57304480356395970, 15.90151393524055123 ) ) ;
#5730 = CARTESIAN_POINT ( 'NONE',  ( 5.999999999999998224, -48.42838073599382653, -8.489342606638979660 ) ) ;
#5731 = VECTOR ( 'NONE', #8982, 1000.000000000000227 ) ;
#5732 = DIRECTION ( 'NONE',  ( -1.000000000000000000, 0.000000000000000000, 0.000000000000000000 ) ) ;
#5733 = ORIENTED_EDGE ( 'NONE', *, *, #3280, .F. ) ;
#5734 = EDGE_CURVE ( 'NONE', #1882, #4864, #5686, .T. ) ;
#5735 = FACE_OUTER_BOUND ( 'NONE', #1669, .T. ) ;
#5736 = FACE_OUTER_BOUND ( 'NONE', #3726, .T. ) ;
#5737 = CARTESIAN_POINT ( 'NONE',  ( 1.000000000064322769, -124.8107845826508253, 50.56052128564458314 ) ) ;
#5738 = AXIS2_PLACEMENT_3D ( 'NONE', #7627, #8588, #974 ) ;
#5739 = LINE ( 'NONE', #464, #2055 ) ;
#5740 = AXIS2_PLACEMENT_3D ( 'NONE', #2726, #1896, #6278 ) ;
#5741 = EDGE_CURVE ( 'NONE', #9597, #8835, #8974, .T. ) ;
#5742 = CARTESIAN_POINT ( 'NONE',  ( 14.72011861603875005, -41.42448303382204244, -19.65789330905082721 ) ) ;
#5743 = CARTESIAN_POINT ( 'NONE',  ( 14.35219454056451127, -13.36008058147008093, -21.29634816116374907 ) ) ;
#5744 = ADVANCED_FACE ( 'NONE', ( #3661 ), #851, .T. ) ;
#5745 = VECTOR ( 'NONE', #8952, 1000.000000000000114 ) ;
#5746 = CARTESIAN_POINT ( 'NONE',  ( 16.28062958404292360, -70.30391459216500039, 30.72164304609000141 ) ) ;
#5747 = EDGE_CURVE ( 'NONE', #3051, #3896, #3616, .T. ) ;
#5748 = CARTESIAN_POINT ( 'NONE',  ( 14.48506083476680573, -25.51271872940406737, -37.96317803608577179 ) ) ;
#5749 = ORIENTED_EDGE ( 'NONE', *, *, #7093, .T. ) ;
#5750 = CARTESIAN_POINT ( 'NONE',  ( 11.74098913705740443, 16.10676352455720561, -44.07170486138185339 ) ) ;
#5751 = CARTESIAN_POINT ( 'NONE',  ( 14.74586365125344223, 14.36497300572099256, -21.47549645014605346 ) ) ;
#5752 = DIRECTION ( 'NONE',  ( 0.1251691050984276576, -4.342675701625013878E-17, 0.9921354217690542265 ) ) ;
#5753 = DIRECTION ( 'NONE',  ( -1.000000000000000000, -0.000000000000000000, -0.000000000000000000 ) ) ;
#5754 = CARTESIAN_POINT ( 'NONE',  ( 12.86091197005306697, -14.43967711611275995, -23.00801448204603972 ) ) ;
#5755 = CARTESIAN_POINT ( 'NONE',  ( 21.71035298131570812, -49.33404950749421403, -15.24441113700704165 ) ) ;
#5756 = ADVANCED_FACE ( 'NONE', ( #2979 ), #1392, .T. ) ;
#5757 = CARTESIAN_POINT ( 'NONE',  ( 23.44990021699235072, 28.02667518938602242, -15.09691605036605111 ) ) ;
#5758 = ORIENTED_EDGE ( 'NONE', *, *, #6423, .T. ) ;
#5759 = DIRECTION ( 'NONE',  ( 0.000000000000000000, -0.6427876096865340338, -0.7660444431189825654 ) ) ;
#5760 = ORIENTED_EDGE ( 'NONE', *, *, #9283, .T. ) ;
#5761 = CARTESIAN_POINT ( 'NONE',  ( 1.092190037433861338, -130.3562756997863517, 20.06142944038031573 ) ) ;
#5762 = ORIENTED_EDGE ( 'NONE', *, *, #7774, .T. ) ;
#5763 = CARTESIAN_POINT ( 'NONE',  ( 15.00000000000000355, -130.5509372232291980, 34.92318126997616190 ) ) ;
#5764 = CARTESIAN_POINT ( 'NONE',  ( 4.934465383814631956, -90.38772566153639332, 40.46869169737222194 ) ) ;
#5765 = CARTESIAN_POINT ( 'NONE',  ( 15.00455547365310593, -93.49724588894035548, 20.00814953026694454 ) ) ;
#5766 = CARTESIAN_POINT ( 'NONE',  ( 14.59027841759262500, -25.39549746776023298, -43.33722618128629023 ) ) ;
#5767 = CARTESIAN_POINT ( 'NONE',  ( 15.00000000000211742, -113.0913512262868466, 47.48747780787258677 ) ) ;
#5768 = EDGE_CURVE ( 'NONE', #1021, #9226, #6227, .T. ) ;
#5769 = ORIENTED_EDGE ( 'NONE', *, *, #8894, .T. ) ;
#5770 = DIRECTION ( 'NONE',  ( -1.000000000000000000, -0.000000000000000000, -0.000000000000000000 ) ) ;
#5771 = EDGE_CURVE ( 'NONE', #1365, #2671, #9252, .T. ) ;
#5772 = ORIENTED_EDGE ( 'NONE', *, *, #383, .F. ) ;
#5773 = ORIENTED_EDGE ( 'NONE', *, *, #7774, .F. ) ;
#5774 = DIRECTION ( 'NONE',  ( -0.000000000000000000, 0.9396926207859087610, -0.3420201433256678802 ) ) ;
#5775 = VECTOR ( 'NONE', #2124, 1000.000000000000114 ) ;
#5776 = CARTESIAN_POINT ( 'NONE',  ( 21.62874030654018753, -29.71780092816248597, -19.35017648473472818 ) ) ;
#5777 = CARTESIAN_POINT ( 'NONE',  ( 2.067494662715475329, -112.0226622649768160, 15.87552152806119921 ) ) ;
#5778 = CONICAL_SURFACE ( 'NONE', #2834, 10.00000000000000355, 0.5235987755982899339 ) ;
#5779 = CARTESIAN_POINT ( 'NONE',  ( 16.78713173526390534, -20.91646697783403752, -45.29634816116374196 ) ) ;
#5780 = FACE_OUTER_BOUND ( 'NONE', #2541, .T. ) ;
#5781 = DIRECTION ( 'NONE',  ( 0.000000000000000000, 0.000000000000000000, -1.000000000000000000 ) ) ;
#5782 = VECTOR ( 'NONE', #7587, 1000.000000000000000 ) ;
#5783 = FACE_OUTER_BOUND ( 'NONE', #2909, .T. ) ;
#5784 = AXIS2_PLACEMENT_3D ( 'NONE', #1391, #4337, #656 ) ;
#5785 = ORIENTED_EDGE ( 'NONE', *, *, #4757, .F. ) ;
#5786 = DIRECTION ( 'NONE',  ( 0.000000000000000000, 0.000000000000000000, -1.000000000000000000 ) ) ;
#5787 = DIRECTION ( 'NONE',  ( -1.000000000000000000, 0.000000000000000000, 0.000000000000000000 ) ) ;
#5788 = DIRECTION ( 'NONE',  ( 0.000000000000000000, 0.000000000000000000, -1.000000000000000000 ) ) ;
#5789 = CARTESIAN_POINT ( 'NONE',  ( 20.20069504307910435, 15.12775134026966839, -22.07636796881983798 ) ) ;
#5790 = VECTOR ( 'NONE', #3897, 1000.000000000000000 ) ;
#5791 = PLANE ( 'NONE',  #8833 ) ;
#5792 = CARTESIAN_POINT ( 'NONE',  ( 15.00000000000000000, -89.96954021281580083, 29.99080047878761590 ) ) ;
#5793 = CARTESIAN_POINT ( 'NONE',  ( 22.17019725062842639, -39.13763490124005529, -13.39742279158084770 ) ) ;
#5794 = CARTESIAN_POINT ( 'NONE',  ( 15.32296025129829786, -28.83832179463974299, -28.47851087165419415 ) ) ;
#5795 = DIRECTION ( 'NONE',  ( 1.000000000000000000, 0.000000000000000000, 0.000000000000000000 ) ) ;
#5796 = ORIENTED_EDGE ( 'NONE', *, *, #5944, .T. ) ;
#5797 = CARTESIAN_POINT ( 'NONE',  ( 11.29752167826849352, 16.43144950562779627, -44.25316643594186417 ) ) ;
#5798 = CARTESIAN_POINT ( 'NONE',  ( 14.51439229467906245, 14.52220507342095779, -21.55543774340486607 ) ) ;
#5799 = CARTESIAN_POINT ( 'NONE',  ( 18.25000000000000000, 28.62104318308211504, -10.73305115575941571 ) ) ;
#5800 = DIRECTION ( 'NONE',  ( 0.000000000000000000, -1.387778780781444413E-14, -1.000000000000000000 ) ) ;
#5801 = CARTESIAN_POINT ( 'NONE',  ( 15.72327098794507805, -12.57868033893448079, -21.30543083135847837 ) ) ;
#5802 = CARTESIAN_POINT ( 'NONE',  ( 22.39175801284778800, -42.59141517575194769, -11.03225772054802967 ) ) ;
#5803 = EDGE_CURVE ( 'NONE', #8384, #8131, #7648, .T. ) ;
#5804 = CARTESIAN_POINT ( 'NONE',  ( 16.37063153711004304, -77.13961543434803048, 14.75494988352231118 ) ) ;
#5805 = AXIS2_PLACEMENT_3D ( 'NONE', #6335, #9282, #5590 ) ;
#5806 = ORIENTED_EDGE ( 'NONE', *, *, #2149, .F. ) ;
#5807 = CARTESIAN_POINT ( 'NONE',  ( 2.725492362385219636, -103.8492038768314814, 45.22180594135309661 ) ) ;
#5808 = ORIENTED_EDGE ( 'NONE', *, *, #9594, .F. ) ;
#5809 = CARTESIAN_POINT ( 'NONE',  ( 1.082383344466401054, -130.7435681531131308, 20.17350436047326312 ) ) ;
#5810 = ORIENTED_EDGE ( 'NONE', *, *, #5267, .T. ) ;
#5811 = CARTESIAN_POINT ( 'NONE',  ( 12.47983572726297830, -14.98960163787047151, -44.64939706038246214 ) ) ;
#5812 = CARTESIAN_POINT ( 'NONE',  ( 15.32588408329150553, -78.06395094657882794, 34.39774050068924538 ) ) ;
#5813 = CARTESIAN_POINT ( 'NONE',  ( 11.64259972576112290, -15.10540089338433667, -44.12882106262451742 ) ) ;
#5814 = CARTESIAN_POINT ( 'NONE',  ( 17.26158423222933891, -24.04949586971346775, -43.47074816211902260 ) ) ;
#5815 = CARTESIAN_POINT ( 'NONE',  ( 15.00000000000000000, -110.5822349280555983, 33.73756939645158326 ) ) ;
#5816 = ORIENTED_EDGE ( 'NONE', *, *, #3749, .F. ) ;
#5817 = DIRECTION ( 'NONE',  ( 1.000000000000000000, -0.000000000000000000, -0.000000000000000000 ) ) ;
#5818 = ORIENTED_EDGE ( 'NONE', *, *, #8498, .T. ) ;
#5819 = ORIENTED_EDGE ( 'NONE', *, *, #8839, .F. ) ;
#5820 = CARTESIAN_POINT ( 'NONE',  ( 10.55000000000000071, 3.821973896550819649, -11.43743920351424137 ) ) ;
#5821 = EDGE_CURVE ( 'NONE', #6500, #897, #7695, .T. ) ;
#5822 = CARTESIAN_POINT ( 'NONE',  ( 1.894319170309690659, -114.3740657489075971, 16.62621855785344493 ) ) ;
#5823 = PLANE ( 'NONE',  #7100 ) ;
#5824 = VECTOR ( 'NONE', #507, 1000.000000000000000 ) ;
#5825 = PLANE ( 'NONE',  #2317 ) ;
#5826 = EDGE_CURVE ( 'NONE', #4824, #1401, #169, .T. ) ;
#5827 = DIRECTION ( 'NONE',  ( -1.000000000000000000, 0.000000000000000000, 0.000000000000000000 ) ) ;
#5828 = CARTESIAN_POINT ( 'NONE',  ( 0.000000000000000000, -30.39113852184311071, -11.88299054380818021 ) ) ;
#5829 = EDGE_LOOP ( 'NONE', ( #8444, #1091, #9136, #2920, #7917, #160, #6228, #3185, #5854, #5297, #6785, #3761, #4030, #7852, #6002, #4323, #5040, #7541, #6187, #5398 ) ) ;
#5830 = CARTESIAN_POINT ( 'NONE',  ( 9.932741254112062990, -69.39972495225435978, 30.39254493103064902 ) ) ;
#5831 = CARTESIAN_POINT ( 'NONE',  ( 22.68993921910082534, 31.25639527559182795, -21.69012750267764389 ) ) ;
#5832 = DIRECTION ( 'NONE',  ( -0.000000000000000000, 0.3420201433256692680, 0.9396926207859083169 ) ) ;
#5833 = FACE_OUTER_BOUND ( 'NONE', #1488, .T. ) ;
#5834 = VECTOR ( 'NONE', #3692, 1000.000000000000114 ) ;
#5835 = CARTESIAN_POINT ( 'NONE',  ( 11.20039882815572518, -64.97180698876599081, 28.71882970344720931 ) ) ;
#5836 = EDGE_CURVE ( 'NONE', #8921, #8944, #3181, .T. ) ;
#5837 = LINE ( 'NONE', #2238, #8729 ) ;
#5838 = B_SPLINE_CURVE_WITH_KNOTS ( 'NONE', 3,
 ( #8003, #5763, #1359, #667, #3577, #8089, #717, #6547, #6154, #4590, #6836, #7462, #6889, #85 ),
 .UNSPECIFIED., .F., .F.,
 ( 4, 1, 1, 1, 1, 1, 1, 2, 2, 4 ),
 ( 0.000000000000000000, 0.2500000000000575096, 0.3750000000000858758, 0.4375000000001039169, 0.4687500000001172396, 0.4843750000001195710, 0.4921875000001165179, 0.4960937500001189049, 0.5000000000001212364, 1.000000000000000000 ),
 .UNSPECIFIED. ) ;
#5839 = AXIS2_PLACEMENT_3D ( 'NONE', #486, #3531, #8585 ) ;
#5840 = CARTESIAN_POINT ( 'NONE',  ( 22.07723377840995838, -37.39299833126041506, -14.44191126321606156 ) ) ;
#5841 = AXIS2_PLACEMENT_3D ( 'NONE', #2135, #7476, #8018 ) ;
#5842 = CARTESIAN_POINT ( 'NONE',  ( 6.000000000000000000, -81.34295218669909389, 11.96611981446149464 ) ) ;
#5843 = CARTESIAN_POINT ( 'NONE',  ( 15.00000000000000000, -93.75565108970587858, 31.12788093436729397 ) ) ;
#5844 = VERTEX_POINT ( 'NONE', #4772 ) ;
#5845 =( BOUNDED_CURVE ( )  B_SPLINE_CURVE ( 3, ( #9046, #3849, #7501, #5160 ),
 .UNSPECIFIED., .F., .F. ) 
 B_SPLINE_CURVE_WITH_KNOTS ( ( 4, 4 ),
 ( 1.570796326794896780, 3.035007983972521473 ),
 .UNSPECIFIED. ) 
 CURVE ( )  GEOMETRIC_REPRESENTATION_ITEM ( )  RATIONAL_B_SPLINE_CURVE ( ( 1.000000000000000000, 0.8291789586652066335, 0.8291789586652066335, 1.000000000000000000 ) ) 
 REPRESENTATION_ITEM ( '' )  );
#5846 = CARTESIAN_POINT ( 'NONE',  ( 11.24770581689498705, 16.46674065739485116, -44.26366642905999527 ) ) ;
#5847 = CARTESIAN_POINT ( 'NONE',  ( 15.09027470901056667, -90.51416080459644320, 17.86885591660652395 ) ) ;
#5848 = CARTESIAN_POINT ( 'NONE',  ( 15.08548988013510694, 21.53753649573820539, -40.29634816116373486 ) ) ;
#5849 = DIRECTION ( 'NONE',  ( -0.000000000000000000, -0.6427876096865348110, -0.7660444431189817882 ) ) ;
#5850 = B_SPLINE_CURVE_WITH_KNOTS ( 'NONE', 3,
 ( #3895, #7146, #5678, #1184, #1943, #9229, #1278, #4946, #4802, #3120, #6868, #1668, #6819, #1992, #494 ),
 .UNSPECIFIED., .F., .F.,
 ( 4, 1, 1, 1, 1, 1, 1, 1, 2, 2, 4 ),
 ( 0.000000000000000000, 0.2499999999999183986, 0.3749999999998796518, 0.4374999999998620548, 0.4687499999998550604, 0.4843749999998496758, 0.4921874999998469558, 0.4960937499998439026, 0.4980468749998423483, 0.4999999999998407940, 1.000000000000000000 ),
 .UNSPECIFIED. ) ;
#5851 = CARTESIAN_POINT ( 'NONE',  ( 15.00000000000000000, -97.37588427155962734, 22.68427928924564441 ) ) ;
#5852 = CARTESIAN_POINT ( 'NONE',  ( 3.030894170358086726, -101.8152313912870284, 44.72318651196092532 ) ) ;
#5853 = CARTESIAN_POINT ( 'NONE',  ( 0.000000000000000000, -25.46246350426179816, -39.59913607114618372 ) ) ;
#5854 = ORIENTED_EDGE ( 'NONE', *, *, #2383, .T. ) ;
#5855 = VERTEX_POINT ( 'NONE', #6295 ) ;
#5856 = CARTESIAN_POINT ( 'NONE',  ( 1.311290671086207116, -116.8279023348549117, 48.40347691546354980 ) ) ;
#5857 = EDGE_LOOP ( 'NONE', ( #6546, #4572, #9138, #8922, #5181, #4031, #5385, #6652, #6338, #262, #3337, #1634, #2520, #1638, #4291 ) ) ;
#5858 = CARTESIAN_POINT ( 'NONE',  ( 12.09999999999998188, 0.5375364957381988384, -18.29634816116374552 ) ) ;
#5859 = ORIENTED_EDGE ( 'NONE', *, *, #2200, .F. ) ;
#5860 = ADVANCED_FACE ( 'NONE', ( #4625 ), #3901, .F. ) ;
#5861 = CARTESIAN_POINT ( 'NONE',  ( 12.59470965619014216, -14.81202119086599112, -44.42654059309019488 ) ) ;
#5862 = DIRECTION ( 'NONE',  ( 0.000000000000000000, 0.000000000000000000, -1.000000000000000000 ) ) ;
#5863 = CARTESIAN_POINT ( 'NONE',  ( 12.56535391200178786, -14.85765901450032977, -44.49045809756113812 ) ) ;
#5864 = CARTESIAN_POINT ( 'NONE',  ( 18.33588672192784585, -22.52268184769696902, -43.52445019561260153 ) ) ;
#5865 = EDGE_CURVE ( 'NONE', #8824, #1368, #7331, .T. ) ;
#5866 = EDGE_CURVE ( 'NONE', #8835, #3638, #7214, .T. ) ;
#5867 = ORIENTED_EDGE ( 'NONE', *, *, #23, .T. ) ;
#5868 = CARTESIAN_POINT ( 'NONE',  ( 14.78275756306299726, -54.23580781553184949, 22.43491794090315494 ) ) ;
#5869 = VERTEX_POINT ( 'NONE', #8409 ) ;
#5870 = ORIENTED_EDGE ( 'NONE', *, *, #5836, .F. ) ;
#5871 = LINE ( 'NONE', #2954, #9511 ) ;
#5872 = CARTESIAN_POINT ( 'NONE',  ( 23.44999999999999929, -16.46246350426196869, -45.29634816116374907 ) ) ;
#5873 = CARTESIAN_POINT ( 'NONE',  ( 7.019519517078280479, -79.81807904897030426, 35.26186097907966399 ) ) ;
#5874 = CARTESIAN_POINT ( 'NONE',  ( 19.71383824820377484, 21.42720991145441545, -43.54662542183136509 ) ) ;
#5875 = DIRECTION ( 'NONE',  ( 1.000000000000000000, 0.000000000000000000, 0.000000000000000000 ) ) ;
#5876 = EDGE_CURVE ( 'NONE', #550, #2132, #4842, .T. ) ;
#5877 = ADVANCED_FACE ( 'NONE', ( #6143 ), #1052, .F. ) ;
#5878 = DIRECTION ( 'NONE',  ( 1.000000000000000000, 0.000000000000000000, -0.000000000000000000 ) ) ;
#5879 = EDGE_LOOP ( 'NONE', ( #2107, #6098 ) ) ;
#5880 = B_SPLINE_CURVE_WITH_KNOTS ( 'NONE', 3,
 ( #3373, #4281, #7204, #9288, #2640, #1907, #4143, #5642, #7886, #9428, #4188, #6521, #9472, #4866, #3416, #2003, #7840, #1196, #9334 ),
 .UNSPECIFIED., .F., .F.,
 ( 4, 2, 2, 2, 1, 1, 1, 1, 1, 2, 2, 4 ),
 ( 0.000000000000000000, 0.2499999999998668843, 0.3749999999998014921, 0.4374999999997686850, 0.4687499999997523648, 0.4843749999997442601, 0.4921874999997403188, 0.4960937499997387645, 0.4980468749997379319, 0.4990234374997378763, 0.4999999999997378763, 1.000000000000000000 ),
 .UNSPECIFIED. ) ;
#5881 = DIRECTION ( 'NONE',  ( 0.000000000000000000, 0.000000000000000000, 1.000000000000000000 ) ) ;
#5882 = DIRECTION ( 'NONE',  ( 0.000000000000000000, -0.9396926207859085389, 0.3420201433256683243 ) ) ;
#5883 = CARTESIAN_POINT ( 'NONE',  ( 0.000000000000000000, -34.27907187499138075, -20.17117335076154561 ) ) ;
#5884 = CARTESIAN_POINT ( 'NONE',  ( 7.399999999999995026, -71.57304480356395970, 15.90151393524055123 ) ) ;
#5885 = CARTESIAN_POINT ( 'NONE',  ( 15.00000000000001421, -94.05520773662864542, 20.44042486451217755 ) ) ;
#5886 = DIRECTION ( 'NONE',  ( 0.000000000000000000, 2.118471673958353777E-16, -1.000000000000000000 ) ) ;
#5887 = B_SPLINE_CURVE_WITH_KNOTS ( 'NONE', 1,
 ( #4848, #3256 ),
 .UNSPECIFIED., .F., .F.,
 ( 2, 2 ),
 ( 0.000000000000000000, 1.000000000000000000 ),
 .UNSPECIFIED. ) ;
#5888 = EDGE_CURVE ( 'NONE', #2355, #7642, #8515, .T. ) ;
#5889 = CARTESIAN_POINT ( 'NONE',  ( 12.75000000000000000, -79.93222011369321933, 15.70936642126634375 ) ) ;
#5890 = CARTESIAN_POINT ( 'NONE',  ( 15.00000000000000000, -92.14849162001786453, 30.65255093690511146 ) ) ;
#5891 = EDGE_CURVE ( 'NONE', #969, #5548, #6250, .T. ) ;
#5892 = ORIENTED_EDGE ( 'NONE', *, *, #4440, .T. ) ;
#5893 = CARTESIAN_POINT ( 'NONE',  ( 19.68887521467259205, -13.19676136936799260, -21.43594858657283098 ) ) ;
#5894 = AXIS2_PLACEMENT_3D ( 'NONE', #1997, #7334, #4952 ) ;
#5895 = DIRECTION ( 'NONE',  ( 0.000000000000000000, 0.000000000000000000, -1.000000000000000000 ) ) ;
#5896 = CARTESIAN_POINT ( 'NONE',  ( 0.8452416360109626936, -58.14008524129725686, 22.34469711560297256 ) ) ;
#5897 = CARTESIAN_POINT ( 'NONE',  ( 15.90000000000001457, 0.5375364957381987274, -18.29634816116374907 ) ) ;
#5898 = FACE_OUTER_BOUND ( 'NONE', #2984, .T. ) ;
#5899 = CARTESIAN_POINT ( 'NONE',  ( 4.403168764792311229, -93.44025849685424134, 41.86769245636485692 ) ) ;
#5900 = PLANE ( 'NONE',  #6530 ) ;
#5901 = VECTOR ( 'NONE', #3623, 1000.000000000000000 ) ;
#5902 = ORIENTED_EDGE ( 'NONE', *, *, #9283, .F. ) ;
#5903 = DIRECTION ( 'NONE',  ( 0.000000000000000000, 0.9463118589240399059, -0.3232551092554114547 ) ) ;
#5904 = ORIENTED_EDGE ( 'NONE', *, *, #1551, .F. ) ;
#5905 = EDGE_LOOP ( 'NONE', ( #8209, #8454, #2289, #3670 ) ) ;
#5906 = LINE ( 'NONE', #1313, #5638 ) ;
#5907 = CARTESIAN_POINT ( 'NONE',  ( 8.363281706080176292, -74.47684251996058435, 32.63065527728731041 ) ) ;
#5908 = CARTESIAN_POINT ( 'NONE',  ( 1.416871022632772133E-14, -117.2592027255993514, 42.67885948590387812 ) ) ;
#5909 = DIRECTION ( 'NONE',  ( -0.000000000000000000, 1.000000000000000000, 0.000000000000000000 ) ) ;
#5910 = ORIENTED_EDGE ( 'NONE', *, *, #1836, .T. ) ;
#5911 = FACE_OUTER_BOUND ( 'NONE', #8084, .T. ) ;
#5912 = VERTEX_POINT ( 'NONE', #2549 ) ;
#5913 = ORIENTED_EDGE ( 'NONE', *, *, #8197, .T. ) ;
#5914 = CARTESIAN_POINT ( 'NONE',  ( 12.40000000000000213, -55.88670924954958963, -7.443061299447535362 ) ) ;
#5915 = CARTESIAN_POINT ( 'NONE',  ( 13.44559724245193699, -14.11232721515491129, -22.16503277246281911 ) ) ;
#5916 = CARTESIAN_POINT ( 'NONE',  ( 6.317360154605141886, -83.04450347566954349, 36.85126566127731707 ) ) ;
#5917 = CARTESIAN_POINT ( 'NONE',  ( 4.471673298091173976, -89.15704588453128565, 4.947851239754759156 ) ) ;
#5918 = DIRECTION ( 'NONE',  ( 1.000000000000000000, 0.000000000000000000, -0.000000000000000000 ) ) ;
#5919 = ADVANCED_FACE ( 'NONE', ( #4000 ), #7579, .T. ) ;
#5920 = CARTESIAN_POINT ( 'NONE',  ( 12.40000000000000036, -41.79580004548980554, 2.275940779262467739 ) ) ;
#5921 = VERTEX_POINT ( 'NONE', #7159 ) ;
#5922 = CARTESIAN_POINT ( 'NONE',  ( 9.801350278150779971, -69.80254814772604277, 30.53916058385435051 ) ) ;
#5923 = CARTESIAN_POINT ( 'NONE',  ( 22.49014984722864341, 25.59101508275330517, -22.27477065839927661 ) ) ;
#5924 = DIRECTION ( 'NONE',  ( 0.000000000000000000, -2.312964634635742267E-15, -1.000000000000000000 ) ) ;
#5925 = LINE ( 'NONE', #5883, #4419 ) ;
#5926 = CARTESIAN_POINT ( 'NONE',  ( 22.60776600873024478, 15.78057199852089099, -19.61265678022795456 ) ) ;
#5927 = DIRECTION ( 'NONE',  ( -1.000000000000000000, 0.000000000000000000, 0.000000000000000000 ) ) ;
#5928 = AXIS2_PLACEMENT_3D ( 'NONE', #1543, #88, #8137 ) ;
#5929 = CARTESIAN_POINT ( 'NONE',  ( 14.21928899109974154, -48.46333256589693406, -15.82330405066762680 ) ) ;
#5930 = VECTOR ( 'NONE', #3996, 1000.000000000000000 ) ;
#5931 = CARTESIAN_POINT ( 'NONE',  ( 16.67320205976355396, -70.60472394610748381, 24.25147689707181797 ) ) ;
#5932 = CARTESIAN_POINT ( 'NONE',  ( 15.00000000000000000, -93.12185724959418565, 30.94209073092055462 ) ) ;
#5933 = ORIENTED_EDGE ( 'NONE', *, *, #3721, .F. ) ;
#5934 = CARTESIAN_POINT ( 'NONE',  ( 5.999999999999998224, -39.33069177476031086, 1.248673103258280515 ) ) ;
#5935 = FACE_OUTER_BOUND ( 'NONE', #846, .T. ) ;
#5936 = AXIS2_PLACEMENT_3D ( 'NONE', #1933, #6318, #9218 ) ;
#5937 = CARTESIAN_POINT ( 'NONE',  ( -4.000000000000000000, -32.28376223969119962, -11.23648032529736263 ) ) ;
#5938 = CARTESIAN_POINT ( 'NONE',  ( 23.44999999999999929, -34.75827009701470871, 6.157848144283614822 ) ) ;
#5939 = DIRECTION ( 'NONE',  ( -1.000000000000000000, 0.000000000000000000, 0.000000000000000000 ) ) ;
#5940 = ADVANCED_FACE ( 'NONE', ( #7116 ), #8659, .F. ) ;
#5941 = AXIS2_PLACEMENT_3D ( 'NONE', #3566, #566, #6491 ) ;
#5942 = CARTESIAN_POINT ( 'NONE',  ( 3.490972961743090686, -98.77235869220361053, 43.84370457073754324 ) ) ;
#5943 = LINE ( 'NONE', #4438, #7776 ) ;
#5944 = EDGE_CURVE ( 'NONE', #482, #4042, #5739, .T. ) ;
#5945 = AXIS2_PLACEMENT_3D ( 'NONE', #1060, #6151, #377 ) ;
#5946 = ORIENTED_EDGE ( 'NONE', *, *, #5625, .F. ) ;
#5947 = CARTESIAN_POINT ( 'NONE',  ( 18.11825866452796774, -20.55807987730776887, -44.12986633494215738 ) ) ;
#5948 = ORIENTED_EDGE ( 'NONE', *, *, #5104, .T. ) ;
#5949 = PRODUCT_DEFINITION_CONTEXT ( 'detailed design', #3873, 'design' ) ;
#5950 = LINE ( 'NONE', #3037, #672 ) ;
#5951 = VERTEX_POINT ( 'NONE', #554 ) ;
#5952 = CARTESIAN_POINT ( 'NONE',  ( 15.00000000000000000, -104.4705052956424254, 26.65124883348895324 ) ) ;
#5953 = CARTESIAN_POINT ( 'NONE',  ( 21.86424606914533442, -32.87190787427042693, -16.92731880986562842 ) ) ;
#5954 = DIRECTION ( 'NONE',  ( -1.000000000000000000, 0.000000000000000000, 0.000000000000000000 ) ) ;
#5955 = VECTOR ( 'NONE', #4845, 1000.000000000000000 ) ;
#5956 = CARTESIAN_POINT ( 'NONE',  ( 16.59995263183133929, -80.83351440890335482, 2.893801408407391751 ) ) ;
#5957 = CARTESIAN_POINT ( 'NONE',  ( 19.71383824820377484, 21.42720991145441545, -43.54662542183136509 ) ) ;
#5958 =( BOUNDED_SURFACE ( )  B_SPLINE_SURFACE ( 2, 3, ( 
 ( #6164, #3969, #1791, #7763 ),
 ( #3348, #4016, #8529, #4742 ),
 ( #1070, #1883, #439, #5616 ) ),
 .UNSPECIFIED., .F., .F., .F. ) 
 B_SPLINE_SURFACE_WITH_KNOTS ( ( 3, 3 ),
 ( 4, 4 ),
 ( 0.000000000000000000, 1.000000000000000000 ),
 ( 0.4237862142667990217, 0.4660727154576724263 ),
 .UNSPECIFIED. ) 
 GEOMETRIC_REPRESENTATION_ITEM ( )  RATIONAL_B_SPLINE_SURFACE ( (
 ( 1.000000000000000000, 1.000000000000000000, 1.000000000000000000, 1.000000000000000000),
 ( 0.7118475365548606604, 0.7094632085838922242, 0.7075701337478030872, 0.7063631624613149196),
 ( 1.000000000000000000, 1.000000000000000000, 1.000000000000000000, 1.000000000000000000) ) ) 
 REPRESENTATION_ITEM ( '' )  SURFACE ( )  );
#5959 = B_SPLINE_CURVE_WITH_KNOTS ( 'NONE', 3,
 ( #3862, #912, #6006, #7413 ),
 .UNSPECIFIED., .F., .F.,
 ( 4, 4 ),
 ( 0.000000000000000000, 1.000000000000000000 ),
 .UNSPECIFIED. ) ;
#5960 = VERTEX_POINT ( 'NONE', #508 ) ;
#5961 = DIRECTION ( 'NONE',  ( 0.000000000000000000, -0.9848077530122092416, 0.1736481776669232813 ) ) ;
#5962 = ORIENTED_EDGE ( 'NONE', *, *, #1002, .T. ) ;
#5963 = EDGE_LOOP ( 'NONE', ( #3538, #7281, #6555, #4847 ) ) ;
#5964 = CARTESIAN_POINT ( 'NONE',  ( 23.44999999999999929, 26.53753649573820184, -45.29634816116374196 ) ) ;
#5965 = CARTESIAN_POINT ( 'NONE',  ( 14.18192765851737214, -13.66433071554308043, -21.69773041984809936 ) ) ;
#5966 = CARTESIAN_POINT ( 'NONE',  ( 16.79573350745395999, -20.52865945483208776, -45.29634816116374907 ) ) ;
#5967 = B_SPLINE_CURVE_WITH_KNOTS ( 'NONE', 3,
 ( #158, #8208, #3942, #1569, #6719, #8257, #65, #1765, #4661, #3117 ),
 .UNSPECIFIED., .F., .F.,
 ( 4, 2, 2, 2, 4 ),
 ( 0.000000000000000000, 0.2500000000000000000, 0.5000000000000000000, 0.7500000000000000000, 1.000000000000000000 ),
 .UNSPECIFIED. ) ;
#5968 = CARTESIAN_POINT ( 'NONE',  ( 4.855682926561367019, -86.60830547621593212, 4.151450026507911062 ) ) ;
#5969 = LINE ( 'NONE', #5093, #5026 ) ;
#5970 = PLANE ( 'NONE',  #8540 ) ;
#5971 = B_SPLINE_CURVE_WITH_KNOTS ( 'NONE', 1,
 ( #2908, #1273 ),
 .UNSPECIFIED., .F., .F.,
 ( 2, 2 ),
 ( 0.000000000000000000, 1.000000000000000000 ),
 .UNSPECIFIED. ) ;
#5972 = ORIENTED_EDGE ( 'NONE', *, *, #3835, .F. ) ;
#5973 = CYLINDRICAL_SURFACE ( 'NONE', #733, 5.999999999999998224 ) ;
#5974 = CARTESIAN_POINT ( 'NONE',  ( 3.347396441573647241, -98.02766742724880089, 8.949633549120218134 ) ) ;
#5975 = PLANE ( 'NONE',  #8897 ) ;
#5976 = AXIS2_PLACEMENT_3D ( 'NONE', #7486, #3063, #8980 ) ;
#5977 = EDGE_CURVE ( 'NONE', #7271, #3638, #6794, .T. ) ;
#5978 = PLANE ( 'NONE',  #8616 ) ;
#5979 = CARTESIAN_POINT ( 'NONE',  ( 22.57685159709052058, 16.27876847833387686, -19.94554102552554653 ) ) ;
#5980 = CARTESIAN_POINT ( 'NONE',  ( 15.00455547365310593, -93.49724588894035548, 20.00814953026694454 ) ) ;
#5981 = CARTESIAN_POINT ( 'NONE',  ( 14.18229532893799671, -49.29928411555007983, -15.26317831300896444 ) ) ;
#5982 = EDGE_CURVE ( 'NONE', #8580, #8322, #1121, .T. ) ;
#5983 = CARTESIAN_POINT ( 'NONE',  ( 20.06436758842513512, -53.08742590492542490, -9.441042859861072500 ) ) ;
#5984 = EDGE_CURVE ( 'NONE', #2025, #6290, #1960, .T. ) ;
#5985 = DIRECTION ( 'NONE',  ( -1.000000000000000000, -0.000000000000000000, -0.000000000000000000 ) ) ;
#5986 = CARTESIAN_POINT ( 'NONE',  ( 21.58233437016577128, -29.18262992278107859, -19.81237174267825196 ) ) ;
#5987 = AXIS2_PLACEMENT_3D ( 'NONE', #2547, #4095, #4867 ) ;
#5988 = ORIENTED_EDGE ( 'NONE', *, *, #6787, .F. ) ;
#5989 = CARTESIAN_POINT ( 'NONE',  ( 19.76657000559823274, -12.46246350426197580, -21.29634816116374907 ) ) ;
#5990 = CARTESIAN_POINT ( 'NONE',  ( 4.058300524425802358, 33.32528787234499390, -13.99956028685670262 ) ) ;
#5991 = DIRECTION ( 'NONE',  ( 0.000000000000000000, 0.3232551092554108996, 0.9463118589240400169 ) ) ;
#5992 = CARTESIAN_POINT ( 'NONE',  ( 20.80111947328513367, -55.02157941397150154, 16.26378976487836070 ) ) ;
#5993 = CARTESIAN_POINT ( 'NONE',  ( 14.00000000000000000, 0.5375364957381987274, -19.19634816116375831 ) ) ;
#5994 = B_SPLINE_SURFACE_WITH_KNOTS ( 'NONE', 1, 3, ( 
 ( #4564, #3887, #4034, #6128, #3217, #8448, #2535, #3938, #6914, #5339, #1661, #1039, #5441, #2586, #7683, #3988, #1614, #6281 ),
 ( #1760, #9179, #932, #355, #5493, #3315, #9233, #7584, #206, #1806, #153, #7535, #3166, #6181, #9083, #4658, #6962, #886 ) ),
 .UNSPECIFIED., .F., .F., .F.,
 ( 2, 2 ),
 ( 4, 2, 2, 2, 2, 2, 2, 2, 4 ),
 ( 0.000000000000000000, 1.000000000000000000 ),
 ( 4.537856055185264026, 4.734205596034626318, 4.930555136883988609, 5.126904677733350901, 5.323254218582713193, 5.519603759432075485, 5.715953300281437777, 5.912302841130799180, 6.108652381980161472 ),
 .UNSPECIFIED. ) ;
#5995 = CIRCLE ( 'NONE', #8930, 19.50000000000007816 ) ;
#5996 = DIRECTION ( 'NONE',  ( -1.000000000000000000, -0.000000000000000000, -0.000000000000000000 ) ) ;
#5997 = CARTESIAN_POINT ( 'NONE',  ( 2.926504147421376878, -102.6166046680699537, 44.91963965419326854 ) ) ;
#5998 = PLANE ( 'NONE',  #6682 ) ;
#5999 = ADVANCED_FACE ( 'NONE', ( #3553 ), #7888, .F. ) ;
#6000 = VERTEX_POINT ( 'NONE', #7795 ) ;
#6001 = CARTESIAN_POINT ( 'NONE',  ( 12.74258384541620970, 15.65463488730009090, -43.97552558274523449 ) ) ;
#6002 = ORIENTED_EDGE ( 'NONE', *, *, #977, .T. ) ;
#6003 = DIRECTION ( 'NONE',  ( 0.000000000000000000, 0.6427876096865348110, 0.7660444431189817882 ) ) ;
#6004 = EDGE_LOOP ( 'NONE', ( #3449, #3322, #4812, #4234, #7518 ) ) ;
#6005 = VECTOR ( 'NONE', #1134, 1000.000000000000000 ) ;
#6006 = CARTESIAN_POINT ( 'NONE',  ( 23.04326906202593150, -49.52055914141921278, -4.646351390071397525 ) ) ;
#6007 = CARTESIAN_POINT ( 'NONE',  ( 20.97717936087792978, -24.67158910950341166, -25.40446657235970207 ) ) ;
#6008 = CARTESIAN_POINT ( 'NONE',  ( 7.305930081347459470, -78.60040381889797345, 34.66200849344340895 ) ) ;
#6009 = DIRECTION ( 'NONE',  ( 0.000000000000000000, -0.3420201433256649381, -0.9396926207859097602 ) ) ;
#6010 = CARTESIAN_POINT ( 'NONE',  ( 19.57145082105857270, 22.73797056496786695, -43.53952827616561905 ) ) ;
#6011 = ORIENTED_EDGE ( 'NONE', *, *, #8246, .T. ) ;
#6012 = CARTESIAN_POINT ( 'NONE',  ( 19.48702382896907537, 23.06559480116065330, -43.53528761618375142 ) ) ;
#6013 = EDGE_LOOP ( 'NONE', ( #5460, #6216, #1932, #2390 ) ) ;
#6014 = ORIENTED_EDGE ( 'NONE', *, *, #3092, .T. ) ;
#6015 = CARTESIAN_POINT ( 'NONE',  ( 0.000000000000000000, 30.22642330811765277, -23.77596164592430483 ) ) ;
#6016 = ADVANCED_FACE ( 'NONE', ( #4191 ), #3376, .F. ) ;
#6017 = DIRECTION ( 'NONE',  ( 1.000000000000000000, 9.292156304918647716E-17, -3.382068307139445537E-17 ) ) ;
#6018 = CARTESIAN_POINT ( 'NONE',  ( 12.63713237757586505, 15.38861937824913362, -21.82079806786486031 ) ) ;
#6019 = CARTESIAN_POINT ( 'NONE',  ( 3.188798608406862911, -99.68960827893432963, 9.958714539438515700 ) ) ;
#6020 = CARTESIAN_POINT ( 'NONE',  ( 12.81600033102400538, 15.53754410310244793, -43.38750782524347471 ) ) ;
#6021 = CARTESIAN_POINT ( 'NONE',  ( -10.55000000000000071, -20.10861407777597520, -8.944056119628848833 ) ) ;
#6022 = ORIENTED_EDGE ( 'NONE', *, *, #4024, .F. ) ;
#6023 = CARTESIAN_POINT ( 'NONE',  ( 13.70285664230215161, 14.41307047366565719, -20.74366991288311368 ) ) ;
#6024 = CARTESIAN_POINT ( 'NONE',  ( 17.83128991915792838, 31.41347114048032552, -21.25044168255482901 ) ) ;
#6025 = CARTESIAN_POINT ( 'NONE',  ( 0.000000000000000000, -48.42838073599382653, -8.489342606638979660 ) ) ;
#6026 = LINE ( 'NONE', #6762, #1948 ) ;
#6027 = CARTESIAN_POINT ( 'NONE',  ( 12.18624261015730426, -14.68565293906564584, -43.38705810466107238 ) ) ;
#6028 = CARTESIAN_POINT ( 'NONE',  ( 16.22848729459336425, -76.10435538319671878, 19.22016425251037219 ) ) ;
#6029 = CARTESIAN_POINT ( 'NONE',  ( 14.35148258981197245, -46.17459472979981427, -17.23251713695936616 ) ) ;
#6030 = CARTESIAN_POINT ( 'NONE',  ( 27.15818070730155043, 18.06397657989736061, 16.05294366608701750 ) ) ;
#6031 = VERTEX_POINT ( 'NONE', #5147 ) ;
#6032 = DIRECTION ( 'NONE',  ( 0.000000000000000000, 0.7330462071883311337, -0.6801788427515240709 ) ) ;
#6033 = CARTESIAN_POINT ( 'NONE',  ( 15.00000000000000000, -94.68429866097895342, 31.39613941706713263 ) ) ;
#6034 = ORIENTED_EDGE ( 'NONE', *, *, #8963, .F. ) ;
#6035 = FACE_OUTER_BOUND ( 'NONE', #6124, .T. ) ;
#6036 = CARTESIAN_POINT ( 'NONE',  ( 4.400000000000000355, -135.9270157972179902, 29.54511202316014007 ) ) ;
#6037 = DIRECTION ( 'NONE',  ( 0.000000000000000000, 0.000000000000000000, -1.000000000000000000 ) ) ;
#6038 = ADVANCED_FACE ( 'NONE', ( #8204 ), #2967, .F. ) ;
#6039 = DIRECTION ( 'NONE',  ( 0.000000000000000000, 0.000000000000000000, -1.000000000000000000 ) ) ;
#6040 = DIRECTION ( 'NONE',  ( -0.000000000000000000, -0.000000000000000000, 1.000000000000000000 ) ) ;
#6041 = ADVANCED_FACE ( 'NONE', ( #7344 ), #7796, .T. ) ;
#6042 = CARTESIAN_POINT ( 'NONE',  ( 4.934465383814631956, -90.38772566153639332, 40.46869169737222194 ) ) ;
#6043 = CARTESIAN_POINT ( 'NONE',  ( 15.00000000000000000, -122.5396816060783465, 35.57536150369489292 ) ) ;
#6044 = CARTESIAN_POINT ( 'NONE',  ( 23.23543558553479471, -40.76519840980181186, 8.613979306952568749 ) ) ;
#6045 = EDGE_CURVE ( 'NONE', #2876, #287, #788, .T. ) ;
#6046 = B_SPLINE_CURVE_WITH_KNOTS ( 'NONE', 3,
 ( #9533, #750, #8900, #3848, #2889, #26, #5847, #2155, #1526, #8078, #5206, #7354, #4478, #3752, #701, #6631 ),
 .UNSPECIFIED., .F., .F.,
 ( 4, 2, 1, 1, 1, 1, 2, 2, 2, 4 ),
 ( 0.000000000000000000, 0.1249999999999895639, 0.1874999999999841793, 0.2187499999999803213, 0.2343749999999772127, 0.2421874999999744371, 0.2460937499999740763, 0.2499999999999737155, 0.4999999999999816813, 1.000000000000000000 ),
 .UNSPECIFIED. ) ;
#6047 = AXIS2_PLACEMENT_3D ( 'NONE', #1900, #4858, #7150 ) ;
#6048 = VERTEX_POINT ( 'NONE', #837 ) ;
#6049 = CARTESIAN_POINT ( 'NONE',  ( 7.399999999999999467, -46.25982028992389417, -5.338803418062269657 ) ) ;
#6050 = ORIENTED_EDGE ( 'NONE', *, *, #703, .T. ) ;
#6051 = DIRECTION ( 'NONE',  ( 1.000000000000000000, 0.000000000000000000, 0.000000000000000000 ) ) ;
#6052 = ORIENTED_EDGE ( 'NONE', *, *, #6123, .T. ) ;
#6053 = CARTESIAN_POINT ( 'NONE',  ( 15.00000000000000000, -115.6261272776792737, 30.78144290943647832 ) ) ;
#6054 = LINE ( 'NONE', #4271, #5006 ) ;
#6055 = CARTESIAN_POINT ( 'NONE',  ( 23.73188222302021799, -22.82182225824879751, -16.60357600088130425 ) ) ;
#6056 = FACE_OUTER_BOUND ( 'NONE', #5879, .T. ) ;
#6057 = VECTOR ( 'NONE', #9169, 1000.000000000000114 ) ;
#6058 = AXIS2_PLACEMENT_3D ( 'NONE', #7952, #2898, #1355 ) ;
#6059 = CARTESIAN_POINT ( 'NONE',  ( 23.12283787649287703, 29.74242789158079958, -15.46690031546179078 ) ) ;
#6060 = ORIENTED_EDGE ( 'NONE', *, *, #7409, .F. ) ;
#6061 = CARTESIAN_POINT ( 'NONE',  ( 0.000000000000000000, -0.9724297949347702197, -5.514923416868372286 ) ) ;
#6062 = VERTEX_POINT ( 'NONE', #3742 ) ;
#6063 = ORIENTED_EDGE ( 'NONE', *, *, #5262, .T. ) ;
#6064 = AXIS2_PLACEMENT_3D ( 'NONE', #5259, #756, #802 ) ;
#6065 = CARTESIAN_POINT ( 'NONE',  ( 21.60893281782365705, 27.90720696255279520, -29.66802143095406308 ) ) ;
#6066 = CARTESIAN_POINT ( 'NONE',  ( 14.35150863101445751, -13.55477050569336228, -21.62091063931299573 ) ) ;
#6067 = DIRECTION ( 'NONE',  ( -0.000000000000000000, 0.1736481776669231980, 0.9848077530122093526 ) ) ;
#6068 = ADVANCED_FACE ( 'NONE', ( #5833 ), #1426, .F. ) ;
#6069 = CARTESIAN_POINT ( 'NONE',  ( 3.970238660273882392, -92.78392202885369500, 6.336323941085296063 ) ) ;
#6070 = CARTESIAN_POINT ( 'NONE',  ( 12.03774178407185858, 16.72456338660487418, -45.12450222590661753 ) ) ;
#6071 = EDGE_CURVE ( 'NONE', #3349, #3626, #3304, .T. ) ;
#6072 = CARTESIAN_POINT ( 'NONE',  ( 14.99999999999926104, -94.17218387776169664, 42.20640245156969428 ) ) ;
#6073 = ORIENTED_EDGE ( 'NONE', *, *, #866, .F. ) ;
#6074 = CARTESIAN_POINT ( 'NONE',  ( 14.94898996956265513, 13.06083557236241433, -20.29496525183271416 ) ) ;
#6075 = CARTESIAN_POINT ( 'NONE',  ( 21.44999999999999574, -34.90548628911400897, 5.037809734445618304 ) ) ;
#6076 = DIRECTION ( 'NONE',  ( 0.000000000000000000, 0.6427876096865184907, 0.7660444431189954440 ) ) ;
#6077 = CARTESIAN_POINT ( 'NONE',  ( 0.000000000000000000, 0.5375364957382012809, -21.29634816116374907 ) ) ;
#6078 = CARTESIAN_POINT ( 'NONE',  ( 22.63405034594212850, 13.53111642952545957, -19.00767794529165400 ) ) ;
#6079 = DIRECTION ( 'NONE',  ( 0.000000000000000000, -0.1736481776669225041, -0.9848077530122094636 ) ) ;
#6080 = DIRECTION ( 'NONE',  ( -0.000000000000000000, -0.7660444431189812331, 0.6427876096865354771 ) ) ;
#6081 = ORIENTED_EDGE ( 'NONE', *, *, #6844, .T. ) ;
#6082 = ORIENTED_EDGE ( 'NONE', *, *, #6493, .T. ) ;
#6083 = CARTESIAN_POINT ( 'NONE',  ( 5.416239561651122969, -87.91332922728801691, 39.24975185620850482 ) ) ;
#6084 = ORIENTED_EDGE ( 'NONE', *, *, #706, .T. ) ;
#6085 = CARTESIAN_POINT ( 'NONE',  ( 19.72136588128100243, -12.97592831962034055, -21.36224666655857263 ) ) ;
#6086 = DIRECTION ( 'NONE',  ( 1.000000000000000000, -0.000000000000000000, -0.000000000000000000 ) ) ;
#6087 = PLANE ( 'NONE',  #4898 ) ;
#6088 = CARTESIAN_POINT ( 'NONE',  ( 20.77604580378485721, -52.81348077258770957, 21.30796876298535736 ) ) ;
#6089 = CARTESIAN_POINT ( 'NONE',  ( 19.08726085664622474, -14.46246350426197758, -23.29634816116374907 ) ) ;
#6090 = VECTOR ( 'NONE', #1435, 1000.000000000000227 ) ;
#6091 = CARTESIAN_POINT ( 'NONE',  ( 17.73896965432104622, 21.87100672124486778, -45.29634816116374907 ) ) ;
#6092 = CARTESIAN_POINT ( 'NONE',  ( 15.00000000000000000, -106.6094104563835856, 33.29156582538670506 ) ) ;
#6093 = CARTESIAN_POINT ( 'NONE',  ( 15.05613256140612854, -12.99306647384837099, -21.29634816116375262 ) ) ;
#6094 = VECTOR ( 'NONE', #8269, 1000.000000000000227 ) ;
#6095 = VECTOR ( 'NONE', #2233, 1000.000000000000000 ) ;
#6096 = VERTEX_POINT ( 'NONE', #5884 ) ;
#6097 = CARTESIAN_POINT ( 'NONE',  ( 16.79573350745395999, -20.52865945483208776, -45.29634816116374907 ) ) ;
#6098 = ORIENTED_EDGE ( 'NONE', *, *, #4513, .F. ) ;
#6099 = DIRECTION ( 'NONE',  ( -0.6105962049779966039, -0.5914153929395852272, -0.5266878653059935411 ) ) ;
#6100 = EDGE_LOOP ( 'NONE', ( #3272, #4197, #1538, #6498, #8967, #8227 ) ) ;
#6101 = VECTOR ( 'NONE', #5106, 1000.000000000000000 ) ;
#6102 = CARTESIAN_POINT ( 'NONE',  ( 14.99999999999999467, -104.7798680589204139, 12.82968018064283200 ) ) ;
#6103 = CARTESIAN_POINT ( 'NONE',  ( 0.000000000000000000, 31.10138907885891513, -17.97376135830883825 ) ) ;
#6104 = CARTESIAN_POINT ( 'NONE',  ( 14.01408492016309815, -13.02226836928148934, -20.56994150228875995 ) ) ;
#6105 = EDGE_CURVE ( 'NONE', #2625, #5377, #3603, .T. ) ;
#6106 = CARTESIAN_POINT ( 'NONE',  ( 16.26742920144485893, -78.61956219754374331, 13.22315593065291317 ) ) ;
#6107 = CARTESIAN_POINT ( 'NONE',  ( 15.00000000000000000, -98.78539539716105367, 32.35135956918980327 ) ) ;
#6108 = AXIS2_PLACEMENT_3D ( 'NONE', #5964, #2422, #4502 ) ;
#6109 = CARTESIAN_POINT ( 'NONE',  ( 16.16262641354452967, -78.21131786188935564, 15.81802983359627213 ) ) ;
#6110 = ORIENTED_EDGE ( 'NONE', *, *, #3967, .T. ) ;
#6111 = CARTESIAN_POINT ( 'NONE',  ( 22.16352347388584221, -37.65049423099152648, 8.584712348385560077 ) ) ;
#6112 = ORIENTED_EDGE ( 'NONE', *, *, #2919, .T. ) ;
#6113 = VERTEX_POINT ( 'NONE', #8800 ) ;
#6115 = VECTOR ( 'NONE', #735, 1000.000000000000114 ) ;
#6114 = CARTESIAN_POINT ( 'NONE',  ( 23.44999999999999929, -59.22789547348781980, 26.69030177272813020 ) ) ;
#6116 = CARTESIAN_POINT ( 'NONE',  ( 13.13476940570752660, -14.28871597113017522, -22.48079181347766564 ) ) ;
#6117 = CARTESIAN_POINT ( 'NONE',  ( 12.47046616996208179, 15.52880427779963135, -22.11983857146416454 ) ) ;
#6118 = CARTESIAN_POINT ( 'NONE',  ( 4.421122066370581472, -89.50602275137862307, 5.068309450584379761 ) ) ;
#6119 = CARTESIAN_POINT ( 'NONE',  ( 12.11884809709223809, 15.81443495908250618, -43.63906153735871385 ) ) ;
#6120 = AXIS2_PLACEMENT_3D ( 'NONE', #4225, #3640, #2914 ) ;
#6121 = ADVANCED_FACE ( 'NONE', ( #4072 ), #9318, .T. ) ;
#6122 = CARTESIAN_POINT ( 'NONE',  ( 14.00000000000000000, 0.5375364957381987274, -18.29634816116374907 ) ) ;
#6123 = EDGE_CURVE ( 'NONE', #8580, #3009, #8301, .T. ) ;
#6124 = EDGE_LOOP ( 'NONE', ( #2364, #629, #8520, #1142 ) ) ;
#6125 = CARTESIAN_POINT ( 'NONE',  ( 12.85464141326607823, 15.51685696324321562, -23.00656556908635508 ) ) ;
#6126 = CARTESIAN_POINT ( 'NONE',  ( 10.55000000000000071, 32.26483186922731505, -11.37554941312703427 ) ) ;
#6127 = EDGE_CURVE ( 'NONE', #339, #5132, #8587, .T. ) ;
#6128 = CARTESIAN_POINT ( 'NONE',  ( 21.52835327951041577, -16.94430526968059070, -22.39819215002800945 ) ) ;
#6129 = CARTESIAN_POINT ( 'NONE',  ( 12.01494837495039292, -14.82123403011275542, -43.81865638291368015 ) ) ;
#6130 = CARTESIAN_POINT ( 'NONE',  ( 16.70932847304310798, -73.75491708345505515, 17.03416387310470981 ) ) ;
#6131 = CARTESIAN_POINT ( 'NONE',  ( 0.000000000000000000, -53.63059811971870516, 12.20305695759885722 ) ) ;
#6132 = FACE_OUTER_BOUND ( 'NONE', #8738, .T. ) ;
#6133 = VECTOR ( 'NONE', #657, 1000.000000000000000 ) ;
#6134 = ORIENTED_EDGE ( 'NONE', *, *, #3095, .T. ) ;
#6135 = AXIS2_PLACEMENT_3D ( 'NONE', #1816, #2598, #3125 ) ;
#6136 = ORIENTED_EDGE ( 'NONE', *, *, #4744, .F. ) ;
#6137 = ORIENTED_EDGE ( 'NONE', *, *, #4290, .T. ) ;
#6138 = CARTESIAN_POINT ( 'NONE',  ( 12.67378462048360710, -14.28225397228597160, -21.76446847401331652 ) ) ;
#6139 = DIRECTION ( 'NONE',  ( 0.000000000000000000, -0.9396926207859082059, 0.3420201433256692125 ) ) ;
#6140 = CARTESIAN_POINT ( 'NONE',  ( 1.005812044557089946, -35.74694581073706701, -22.11706649148446147 ) ) ;
#6141 = EDGE_CURVE ( 'NONE', #213, #3921, #8253, .T. ) ;
#6142 = LINE ( 'NONE', #9098, #8453 ) ;
#6143 = FACE_OUTER_BOUND ( 'NONE', #8557, .T. ) ;
#6144 = CARTESIAN_POINT ( 'NONE',  ( 5.999999999999998224, -50.75421148065240828, -11.74973828434730194 ) ) ;
#6145 = CARTESIAN_POINT ( 'NONE',  ( 11.76936728784817454, -15.01020854958017559, -44.05221214615218628 ) ) ;
#6146 = CARTESIAN_POINT ( 'NONE',  ( 21.01147961052762625, -54.27515561866354687, 15.71029110925492489 ) ) ;
#6147 = AXIS2_PLACEMENT_3D ( 'NONE', #2397, #5353, #27 ) ;
#6148 = VERTEX_POINT ( 'NONE', #6812 ) ;
#6149 = CARTESIAN_POINT ( 'NONE',  ( 11.68223964426779027, 17.22879954513476974, -45.27238333478987897 ) ) ;
#6150 = ORIENTED_EDGE ( 'NONE', *, *, #866, .T. ) ;
#6151 = DIRECTION ( 'NONE',  ( 0.000000000000000000, -0.2380956438693813126, -0.9712417126392507427 ) ) ;
#6152 = ORIENTED_EDGE ( 'NONE', *, *, #8915, .T. ) ;
#6153 = VECTOR ( 'NONE', #1903, 1000.000000000000114 ) ;
#6154 = CARTESIAN_POINT ( 'NONE',  ( 14.99999999999999822, -126.9728146479392166, 33.57669814745182890 ) ) ;
#6155 = FACE_OUTER_BOUND ( 'NONE', #2952, .T. ) ;
#6156 = CARTESIAN_POINT ( 'NONE',  ( 12.52170085779504660, -14.41113124084198738, -22.01585102147870643 ) ) ;
#6157 = CARTESIAN_POINT ( 'NONE',  ( 14.26972092330557018, -47.50949437687008725, -16.43137777085539142 ) ) ;
#6158 = CARTESIAN_POINT ( 'NONE',  ( 22.97375610805449142, -49.28268460805730911, -5.239279804983570266 ) ) ;
#6159 = DIRECTION ( 'NONE',  ( 0.000000000000000000, 0.9351784010367419908, -0.3541770153953562872 ) ) ;
#6160 = VECTOR ( 'NONE', #8039, 1000.000000000000000 ) ;
#6161 = VECTOR ( 'NONE', #7483, 1000.000000000000000 ) ;
#6162 = EDGE_CURVE ( 'NONE', #4093, #4824, #7050, .T. ) ;
#6163 = ORIENTED_EDGE ( 'NONE', *, *, #8083, .F. ) ;
#6164 = CARTESIAN_POINT ( 'NONE',  ( 16.36603299829173608, -72.51178717788727113, 24.69341315452329155 ) ) ;
#6165 = ORIENTED_EDGE ( 'NONE', *, *, #5262, .F. ) ;
#6166 = ORIENTED_EDGE ( 'NONE', *, *, #8127, .T. ) ;
#6167 = CARTESIAN_POINT ( 'NONE',  ( 9.055972202723905795, -70.25913314187103254, 0.1308996576129755895 ) ) ;
#6168 =( BOUNDED_CURVE ( )  B_SPLINE_CURVE ( 3, ( #1745, #9357, #7135, #3350 ),
 .UNSPECIFIED., .F., .F. ) 
 B_SPLINE_CURVE_WITH_KNOTS ( ( 4, 4 ),
 ( 5.807829315325048647, 6.791507525771153908 ),
 .UNSPECIFIED. ) 
 CURVE ( )  GEOMETRIC_REPRESENTATION_ITEM ( )  RATIONAL_B_SPLINE_CURVE ( ( 1.000000000000000000, 0.9209772242724434399, 0.9209772242724434399, 1.000000000000000000 ) ) 
 REPRESENTATION_ITEM ( '' )  );
#6169 = CARTESIAN_POINT ( 'NONE',  ( 15.15529907219296035, -12.99886153361111063, -21.36962066336975141 ) ) ;
#6170 = DIRECTION ( 'NONE',  ( 1.000000000000000000, 3.531609356452356704E-17, 9.703016961187418774E-17 ) ) ;
#6171 = EDGE_CURVE ( 'NONE', #1666, #3535, #5577, .T. ) ;
#6172 = CARTESIAN_POINT ( 'NONE',  ( 0.000000000000000000, -118.1062604575492401, 37.98143622131650687 ) ) ;
#6173 = EDGE_CURVE ( 'NONE', #3981, #7739, #5622, .T. ) ;
#6174 = CARTESIAN_POINT ( 'NONE',  ( 12.52503907918842252, 15.99518668994429760, -44.57141096659933766 ) ) ;
#6175 = EDGE_CURVE ( 'NONE', #263, #6971, #2156, .T. ) ;
#6176 = CARTESIAN_POINT ( 'NONE',  ( 15.00000000000222400, -103.5357274261142351, 45.16978723993235434 ) ) ;
#6177 = EDGE_LOOP ( 'NONE', ( #239, #1779, #6326, #6237, #4654, #4913, #7080, #2802 ) ) ;
#6178 = ORIENTED_EDGE ( 'NONE', *, *, #7291, .F. ) ;
#6179 = CARTESIAN_POINT ( 'NONE',  ( 13.34917551253261969, 15.24299959284100936, -22.24929753470344096 ) ) ;
#6180 = CARTESIAN_POINT ( 'NONE',  ( 2.738062677793992705, -104.1480367176784654, 12.50116053701361807 ) ) ;
#6181 = CARTESIAN_POINT ( 'NONE',  ( 19.70426590757803709, -13.10689414477158188, -21.39849567188682045 ) ) ;
#6182 = EDGE_CURVE ( 'NONE', #3097, #5397, #444, .T. ) ;
#6183 = PLANE ( 'NONE',  #4190 ) ;
#6184 = DIRECTION ( 'NONE',  ( 0.000000000000000000, 0.9848077530122094636, -0.1736481776669225041 ) ) ;
#6185 = EDGE_CURVE ( 'NONE', #966, #7642, #207, .T. ) ;
#6186 = CARTESIAN_POINT ( 'NONE',  ( 20.07023437984010528, -53.08443340002693844, -9.436727790401379323 ) ) ;
#6187 = ORIENTED_EDGE ( 'NONE', *, *, #888, .T. ) ;
#6188 = ORIENTED_EDGE ( 'NONE', *, *, #5768, .F. ) ;
#6189 = ORIENTED_EDGE ( 'NONE', *, *, #3396, .T. ) ;
#6190 = CARTESIAN_POINT ( 'NONE',  ( 12.19083461222122722, -14.68197569938395297, -23.29634816116374907 ) ) ;
#6191 = CARTESIAN_POINT ( 'NONE',  ( 9.516231763884833939, -138.7020872980330637, 34.93159531802429996 ) ) ;
#6192 = CARTESIAN_POINT ( 'NONE',  ( 0.7760304842432825811, -35.95477271909771844, -22.00317469431223572 ) ) ;
#6193 = CARTESIAN_POINT ( 'NONE',  ( -14.24999999999999822, 30.63728543497760270, -13.11942228818445599 ) ) ;
#6194 = CARTESIAN_POINT ( 'NONE',  ( 14.24999999999999822, 2.874200784847784185, -6.193188172902254429 ) ) ;
#6195 = DIRECTION ( 'NONE',  ( 0.000000000000000000, -0.6066554569276927378, 0.7949648775762689912 ) ) ;
#6196 = EDGE_CURVE ( 'NONE', #1882, #1241, #9032, .T. ) ;
#6197 = DIRECTION ( 'NONE',  ( 1.000000000000000000, 0.000000000000000000, 0.000000000000000000 ) ) ;
#6198 = CARTESIAN_POINT ( 'NONE',  ( 21.95906456315186972, -50.29348485173822780, 13.15820925581309098 ) ) ;
#6199 = ADVANCED_FACE ( 'NONE', ( #3064 ), #7713, .T. ) ;
#6200 = VERTEX_POINT ( 'NONE', #5765 ) ;
#6201 = CARTESIAN_POINT ( 'NONE',  ( 12.52263033157981909, 15.99882286438653090, -44.57421287991286363 ) ) ;
#6202 = ORIENTED_EDGE ( 'NONE', *, *, #5627, .F. ) ;
#6203 = CARTESIAN_POINT ( 'NONE',  ( 15.00000000000000000, -123.9937389391436966, 32.68858056700155856 ) ) ;
#6204 = CARTESIAN_POINT ( 'NONE',  ( 15.19606645302927994, 14.04401751934030074, -21.36151218820884523 ) ) ;
#6205 = CARTESIAN_POINT ( 'NONE',  ( 14.83285308272895442, 14.19060008380579951, -21.29634816116374196 ) ) ;
#6206 = CARTESIAN_POINT ( 'NONE',  ( 12.15702071212519719, -63.19492502342370699, -3.921554717690388880 ) ) ;
#6207 = CARTESIAN_POINT ( 'NONE',  ( 12.89256779264288433, -14.09257709298555206, -21.46765821339136338 ) ) ;
#6208 = CARTESIAN_POINT ( 'NONE',  ( 21.25571124827474989, -38.97054437680330352, -20.67543087641106325 ) ) ;
#6209 = CARTESIAN_POINT ( 'NONE',  ( 15.00000000000000000, -97.74981868377497563, 32.14947470690940179 ) ) ;
#6210 = CARTESIAN_POINT ( 'NONE',  ( 17.42740332407495174, 25.73881032319488682, -43.43239775685714221 ) ) ;
#6211 = COLOUR_RGB ( '',0.7921568627450980005, 0.8196078431372548767, 0.9333333333333333481 ) ;
#6212 = ORIENTED_EDGE ( 'NONE', *, *, #3434, .F. ) ;
#6213 = PLANE ( 'NONE',  #166 ) ;
#6214 = VERTEX_POINT ( 'NONE', #5037 ) ;
#6215 = CARTESIAN_POINT ( 'NONE',  ( 0.000000000000000000, 32.26483186922731505, -11.37554941312703427 ) ) ;
#6216 = ORIENTED_EDGE ( 'NONE', *, *, #500, .F. ) ;
#6217 = CARTESIAN_POINT ( 'NONE',  ( 6.470492267087688987, -78.12948809246759652, 2.495447453673002247 ) ) ;
#6218 = VECTOR ( 'NONE', #7098, 1000.000000000000114 ) ;
#6219 = FACE_OUTER_BOUND ( 'NONE', #7988, .T. ) ;
#6220 = AXIS2_PLACEMENT_3D ( 'NONE', #7350, #3845, #8075 ) ;
#6221 = LINE ( 'NONE', #294, #4139 ) ;
#6222 = CARTESIAN_POINT ( 'NONE',  ( 23.44999999999999929, -84.61356077063126691, -17.27896030586277831 ) ) ;
#6223 = CARTESIAN_POINT ( 'NONE',  ( 12.19082958316918308, 15.75705230899675868, -43.34192799320360479 ) ) ;
#6224 = AXIS2_PLACEMENT_3D ( 'NONE', #1113, #1643, #2566 ) ;
#6225 = VERTEX_POINT ( 'NONE', #1361 ) ;
#6226 = CARTESIAN_POINT ( 'NONE',  ( 16.54015313576364932, -14.48736786763838325, -43.66023104736428451 ) ) ;
#6227 =( BOUNDED_CURVE ( )  B_SPLINE_CURVE ( 3, ( #6194, #2496, #5355, #3330 ),
 .UNSPECIFIED., .F., .T. ) 
 B_SPLINE_CURVE_WITH_KNOTS ( ( 4, 4 ),
 ( 0.1065846696172711022, 1.570796326794896780 ),
 .UNSPECIFIED. ) 
 CURVE ( )  GEOMETRIC_REPRESENTATION_ITEM ( )  RATIONAL_B_SPLINE_CURVE ( ( 1.000000000000000000, 0.8291789586652065225, 0.8291789586652065225, 1.000000000000000000 ) ) 
 REPRESENTATION_ITEM ( '' )  );
#6228 = ORIENTED_EDGE ( 'NONE', *, *, #4762, .T. ) ;
#6229 = VERTEX_POINT ( 'NONE', #4307 ) ;
#6230 = CARTESIAN_POINT ( 'NONE',  ( 14.04600144484145829, 14.82549764070114229, -21.76591925706008368 ) ) ;
#6231 = CARTESIAN_POINT ( 'NONE',  ( 2.514648023984703329, -106.6119192139030929, 13.70832950859685795 ) ) ;
#6232 = DIRECTION ( 'NONE',  ( 0.000000000000000000, -1.000000000000000000, 0.000000000000000000 ) ) ;
#6233 = EDGE_CURVE ( 'NONE', #8818, #1141, #623, .T. ) ;
#6234 = FACE_OUTER_BOUND ( 'NONE', #6869, .T. ) ;
#6235 = FACE_OUTER_BOUND ( 'NONE', #3023, .T. ) ;
#6236 = CARTESIAN_POINT ( 'NONE',  ( 6.000000000000000000, -77.59885521316199686, 16.27262499649769367 ) ) ;
#6237 = ORIENTED_EDGE ( 'NONE', *, *, #6171, .T. ) ;
#6238 = ORIENTED_EDGE ( 'NONE', *, *, #7087, .F. ) ;
#6239 = ORIENTED_EDGE ( 'NONE', *, *, #7424, .F. ) ;
#6240 = CARTESIAN_POINT ( 'NONE',  ( 12.47073445504455513, -14.45349279129050757, -22.11989238853845663 ) ) ;
#6241 = DIRECTION ( 'NONE',  ( 0.000000000000000000, -0.7660444431189812331, 0.6427876096865352551 ) ) ;
#6242 = CARTESIAN_POINT ( 'NONE',  ( 0.3315087287807427785, -36.15421751177061793, -21.89713710276468106 ) ) ;
#6243 = LINE ( 'NONE', #7793, #6419 ) ;
#6244 = CARTESIAN_POINT ( 'NONE',  ( 22.44208499497160147, -53.48708006035231222, -0.7428111629258861148 ) ) ;
#6245 = CARTESIAN_POINT ( 'NONE',  ( 3.000000000000000000, -76.10435538319671878, 16.87016425251036722 ) ) ;
#6246 = CARTESIAN_POINT ( 'NONE',  ( 11.34622012441740146, -15.32168609741969689, -44.24156128262013254 ) ) ;
#6247 = CARTESIAN_POINT ( 'NONE',  ( 22.52097781537865018, -47.14011752317326653, 11.48927570706526602 ) ) ;
#6248 = ORIENTED_EDGE ( 'NONE', *, *, #9124, .F. ) ;
#6249 = DIRECTION ( 'NONE',  ( -1.000000000000000000, 0.000000000000000000, 0.000000000000000000 ) ) ;
#6250 = CIRCLE ( 'NONE', #9491, 19.50000000000007816 ) ;
#6251 = ORIENTED_EDGE ( 'NONE', *, *, #3543, .F. ) ;
#6252 = CARTESIAN_POINT ( 'NONE',  ( 15.00000000000000000, -125.4359081390540922, 33.08806100013262608 ) ) ;
#6253 = EDGE_CURVE ( 'NONE', #6500, #1368, #2859, .T. ) ;
#6254 = CARTESIAN_POINT ( 'NONE',  ( 15.16405671832654001, 14.06752099751484231, -21.36784599473615387 ) ) ;
#6255 = CARTESIAN_POINT ( 'NONE',  ( 14.55724221430181231, 14.33364326343584949, -21.29634816116374196 ) ) ;
#6256 = CARTESIAN_POINT ( 'NONE',  ( 15.00000000000000355, -114.5042091120692760, 34.24587962590199197 ) ) ;
#6257 = CARTESIAN_POINT ( 'NONE',  ( 14.25022771029945368, -12.77352434181591789, -20.46530208977118903 ) ) ;
#6258 = ADVANCED_FACE ( 'NONE', ( #5178 ), #2310, .T. ) ;
#6259 = CARTESIAN_POINT ( 'NONE',  ( 14.57787953479805942, -43.06596730526838712, -18.89226978562759740 ) ) ;
#6260 = LINE ( 'NONE', #1831, #3579 ) ;
#6261 = CARTESIAN_POINT ( 'NONE',  ( 16.69089632658706890, 26.12850076981188963, -43.39551762278343716 ) ) ;
#6262 = AXIS2_PLACEMENT_3D ( 'NONE', #6131, #1617, #4660 ) ;
#6263 = VECTOR ( 'NONE', #4591, 1000.000000000000000 ) ;
#6264 = EDGE_LOOP ( 'NONE', ( #8326, #124, #7213, #6011, #5859, #1375 ) ) ;
#6265 = DIRECTION ( 'NONE',  ( 1.000000000000000000, 0.000000000000000000, 0.000000000000000000 ) ) ;
#6266 = ORIENTED_EDGE ( 'NONE', *, *, #142, .T. ) ;
#6267 = DIRECTION ( 'NONE',  ( 0.000000000000000000, -0.3420201433256691570, -0.9396926207859082059 ) ) ;
#6268 = CARTESIAN_POINT ( 'NONE',  ( 12.27901263921908104, -15.29391256717334535, -44.91957252865338290 ) ) ;
#6269 = CARTESIAN_POINT ( 'NONE',  ( 15.71648556177955136, -12.57169851798903615, -21.29634816922727225 ) ) ;
#6270 = VECTOR ( 'NONE', #3539, 1000.000000000000000 ) ;
#6271 = DIRECTION ( 'NONE',  ( 0.000000000000000000, -0.6427876096865405842, -0.7660444431189770143 ) ) ;
#6272 = DIRECTION ( 'NONE',  ( 0.000000000000000000, 0.9463118589240399059, -0.3232551092554114547 ) ) ;
#6273 = LINE ( 'NONE', #397, #6282 ) ;
#6274 = CIRCLE ( 'NONE', #7507, 1.700000000000000400 ) ;
#6275 = ORIENTED_EDGE ( 'NONE', *, *, #5865, .T. ) ;
#6276 = LINE ( 'NONE', #7144, #4967 ) ;
#6277 = EDGE_LOOP ( 'NONE', ( #1584, #714, #6288, #6608, #2825, #8591, #4408, #8964 ) ) ;
#6278 = DIRECTION ( 'NONE',  ( 0.000000000000000000, -0.9848077530122093526, 0.1736481776669228927 ) ) ;
#6279 = CARTESIAN_POINT ( 'NONE',  ( 23.44999999999999929, 26.53753649573820184, -45.29634816116374196 ) ) ;
#6280 = CARTESIAN_POINT ( 'NONE',  ( 2.433797482413649238, -107.5391473609863056, 14.12217140423394746 ) ) ;
#6281 = CARTESIAN_POINT ( 'NONE',  ( 22.05467413601619953, -12.51336385184712086, -19.00767794529165400 ) ) ;
#6282 = VECTOR ( 'NONE', #9320, 1000.000000000000000 ) ;
#6283 = DIRECTION ( 'NONE',  ( -1.000000000000000000, -0.000000000000000000, -0.000000000000000000 ) ) ;
#6284 = CARTESIAN_POINT ( 'NONE',  ( 12.41668660893601484, -62.45288312884219550, -4.544201797751822092 ) ) ;
#6285 =( BOUNDED_SURFACE ( )  B_SPLINE_SURFACE ( 2, 3, ( 
 ( #7441, #7495, #844, #698, #5153, #6721, #6771, #115, #5890, #8116, #5932, #3071, #5843, #3654, #8164, #8896, #6033, #5202 ),
 ( #2886, #1478, #8989, #2338, #4426, #22, #7396, #3748, #1523, #4475, #2242, #7104, #7593, #1848, #4129, #7781, #6416, #351 ),
 ( #3451, #3405, #5585, #6372, #8544, #8492, #7922, #452, #6083, #5631, #5537, #9324, #4619, #8646, #5348, #3311, #9372, #2392 ) ),
 .UNSPECIFIED., .F., .F., .F. ) 
 B_SPLINE_SURFACE_WITH_KNOTS ( ( 3, 3 ),
 ( 4, 2, 2, 2, 2, 2, 2, 2, 4 ),
 ( 0.000000000000000000, 1.000000000000000000 ),
 ( 0.5927210396997600883, 0.5975929796080799994, 0.6024649195163997994, 0.6073368594247197105, 0.6170807392413595327, 0.6268246190579992438, 0.6316965589663190439, 0.6365684988746389550, 0.6414404387829588661 ),
 .UNSPECIFIED. ) 
 GEOMETRIC_REPRESENTATION_ITEM ( )  RATIONAL_B_SPLINE_SURFACE ( (
 ( 1.000000000000000000, 1.000000000000000000, 1.000000000000000000, 1.000000000000000000, 1.000000000000000000, 1.000000000000000000, 1.000000000000000000, 1.000000000000000000, 1.000000000000000000, 1.000000000000000000, 1.000000000000000000, 1.000000000000000000, 1.000000000000000000, 1.000000000000000000, 1.000000000000000000, 1.000000000000000000, 1.000000000000000000, 1.000000000000000000),
 ( 0.7071067811865460184, 0.7071067811865460184, 0.7071067811865466846, 0.7071067811865466846, 0.7071081986904024230, 0.7071021406660786823, 0.7070975056780574031, 0.7069130824005757097, 0.7065047077208777004, 0.7038836469587008704, 0.7016018493652028676, 0.6983709332863531349, 0.6973626029561539319, 0.6958256797135975447, 0.6953054199558458270, 0.6947656843040866947, 0.6947393757030978501, 0.6947465906068648334),
 ( 1.000000000000000000, 1.000000000000000000, 1.000000000000000000, 1.000000000000000000, 1.000000000000000000, 1.000000000000000000, 1.000000000000000000, 1.000000000000000000, 1.000000000000000000, 1.000000000000000000, 1.000000000000000000, 1.000000000000000000, 1.000000000000000000, 1.000000000000000000, 1.000000000000000000, 1.000000000000000000, 1.000000000000000000, 1.000000000000000000) ) ) 
 REPRESENTATION_ITEM ( '' )  SURFACE ( )  );
#6286 = DIRECTION ( 'NONE',  ( 1.000000000000000000, 0.000000000000000000, 0.000000000000000000 ) ) ;
#6287 = ORIENTED_EDGE ( 'NONE', *, *, #530, .T. ) ;
#6288 = ORIENTED_EDGE ( 'NONE', *, *, #2727, .F. ) ;
#6289 = ADVANCED_FACE ( 'NONE', ( #7416, #6056 ), #6743, .T. ) ;
#6290 = VERTEX_POINT ( 'NONE', #8185 ) ;
#6291 = CARTESIAN_POINT ( 'NONE',  ( 12.40950145215930434, -14.50431142414164221, -22.24995858809070981 ) ) ;
#6292 = CARTESIAN_POINT ( 'NONE',  ( 14.70700594834913844, 24.53753649573820184, -45.29634816116374196 ) ) ;
#6293 = CARTESIAN_POINT ( 'NONE',  ( 13.67593692011135253, -20.46246350426179461, -44.06323955316363339 ) ) ;
#6294 = CARTESIAN_POINT ( 'NONE',  ( 0.000000000000000000, -124.4758996252395917, 18.76861490077999761 ) ) ;
#6295 = CARTESIAN_POINT ( 'NONE',  ( 3.000000000000000000, -76.10435538319671878, 14.52016425251036225 ) ) ;
#6296 = EDGE_CURVE ( 'NONE', #2938, #2593, #3142, .T. ) ;
#6297 = DIRECTION ( 'NONE',  ( 0.000000000000000000, -0.6427876096865341449, -0.7660444431189823433 ) ) ;
#6298 = CARTESIAN_POINT ( 'NONE',  ( 12.18726668007541392, -14.68483561251985847, -43.38590723389715009 ) ) ;
#6299 = CARTESIAN_POINT ( 'NONE',  ( 22.83419528305266155, -44.88865894929795530, 10.41728411639812890 ) ) ;
#6300 = ADVANCED_FACE ( 'NONE', ( #4494 ), #8866, .F. ) ;
#6301 = EDGE_LOOP ( 'NONE', ( #7679, #8286, #2433, #1636 ) ) ;
#6302 = CARTESIAN_POINT ( 'NONE',  ( 11.71213581400299653, 17.18726571990993079, -45.26551917266161951 ) ) ;
#6303 = ORIENTED_EDGE ( 'NONE', *, *, #7171, .T. ) ;
#6304 = CARTESIAN_POINT ( 'NONE',  ( 15.00000000000000000, -122.7932753143338545, 32.39628484798422647 ) ) ;
#6305 = DIRECTION ( 'NONE',  ( 0.000000000000000000, -0.9848077530122093526, 0.1736481776669233090 ) ) ;
#6306 = CARTESIAN_POINT ( 'NONE',  ( 14.19967106469306195, 14.50844300477635684, -21.29634816116374196 ) ) ;
#6307 = CARTESIAN_POINT ( 'NONE',  ( 22.80385855891345415, 26.67030595898199508, -19.97851049104544430 ) ) ;
#6308 = CARTESIAN_POINT ( 'NONE',  ( 12.46895110751311186, -14.45509539977140889, -22.11845563975744255 ) ) ;
#6309 = VECTOR ( 'NONE', #4237, 1000.000000000000000 ) ;
#6310 = CARTESIAN_POINT ( 'NONE',  ( 21.36456770948786499, -42.41938019745697375, -19.20447253982842639 ) ) ;
#6311 = ADVANCED_FACE ( 'NONE', ( #4593 ), #4231, .T. ) ;
#6312 = CARTESIAN_POINT ( 'NONE',  ( 14.25000000000000000, -34.26154548852704096, -1.676007379934206343 ) ) ;
#6313 = CARTESIAN_POINT ( 'NONE',  ( 15.48009808589488934, 26.48256549599760135, -43.33499279830010664 ) ) ;
#6314 = ADVANCED_FACE ( 'NONE', ( #9113 ), #7811, .F. ) ;
#6315 = ORIENTED_EDGE ( 'NONE', *, *, #7183, .F. ) ;
#6316 = DIRECTION ( 'NONE',  ( 0.000000000000000000, 0.000000000000000000, -1.000000000000000000 ) ) ;
#6317 = ORIENTED_EDGE ( 'NONE', *, *, #9479, .T. ) ;
#6318 = DIRECTION ( 'NONE',  ( 1.000000000000000000, 0.000000000000000000, 0.000000000000000000 ) ) ;
#6319 = CARTESIAN_POINT ( 'NONE',  ( 6.676508071507317510, -77.39738858316441394, 2.360018034959364019 ) ) ;
#6320 = DIRECTION ( 'NONE',  ( -0.000000000000000000, 0.7660444431189818992, -0.6427876096865347000 ) ) ;
#6321 = VECTOR ( 'NONE', #4094, 999.9999999999998863 ) ;
#6322 = CARTESIAN_POINT ( 'NONE',  ( 12.15520824362251240, -14.71044655678843505, -43.54011812569572015 ) ) ;
#6323 = AXIS2_PLACEMENT_3D ( 'NONE', #7229, #8681, #2123 ) ;
#6324 = CARTESIAN_POINT ( 'NONE',  ( 12.75000000000000000, -76.37521062310625553, 25.48216967743977079 ) ) ;
#6325 = DIRECTION ( 'NONE',  ( 0.000000000000000000, 0.000000000000000000, -1.000000000000000000 ) ) ;
#6326 = ORIENTED_EDGE ( 'NONE', *, *, #1729, .T. ) ;
#6327 = DIRECTION ( 'NONE',  ( 0.02224014068614567005, 0.9997526574819696199, 1.337493373819828587E-16 ) ) ;
#6328 = ADVANCED_FACE ( 'NONE', ( #1689 ), #5519, .F. ) ;
#6329 = ORIENTED_EDGE ( 'NONE', *, *, #6425, .T. ) ;
#6330 = CARTESIAN_POINT ( 'NONE',  ( 17.29273830612530105, -53.99370863283472488, -10.87800447936016468 ) ) ;
#6331 = CARTESIAN_POINT ( 'NONE',  ( -3.184081677783118191E-15, 0.5375364957382012809, -44.29634816116374907 ) ) ;
#6332 = CARTESIAN_POINT ( 'NONE',  ( 2.625785748427613253, -105.3783935305981885, 13.11595491971443828 ) ) ;
#6333 = CARTESIAN_POINT ( 'NONE',  ( 20.24263561884368912, 14.97323294102727154, -21.90386392538140115 ) ) ;
#6334 = LINE ( 'NONE', #1852, #8207 ) ;
#6335 = CARTESIAN_POINT ( 'NONE',  ( 23.44999999999999929, -4.921752535625713243, -7.255575130684863261 ) ) ;
#6336 = DIRECTION ( 'NONE',  ( -0.000000000000000000, -0.000000000000000000, -1.000000000000000000 ) ) ;
#6337 = EDGE_CURVE ( 'NONE', #5548, #4755, #1166, .T. ) ;
#6338 = ORIENTED_EDGE ( 'NONE', *, *, #1833, .T. ) ;
#6339 = VERTEX_POINT ( 'NONE', #433 ) ;
#6340 = EDGE_LOOP ( 'NONE', ( #1717, #8000, #3760, #7318 ) ) ;
#6341 = CARTESIAN_POINT ( 'NONE',  ( 5.999999999999998224, -70.68806733567512879, 7.587567390207664353 ) ) ;
#6342 = CARTESIAN_POINT ( 'NONE',  ( 1.003100981834226024, -34.41367152039480004, -22.92764132479474526 ) ) ;
#6343 = FACE_OUTER_BOUND ( 'NONE', #3121, .T. ) ;
#6344 = CARTESIAN_POINT ( 'NONE',  ( 27.15818070730155043, 18.06397657989738903, 16.05294366608701750 ) ) ;
#6345 = CARTESIAN_POINT ( 'NONE',  ( 15.62166395782129413, -78.15979984098319733, 26.35310075010281849 ) ) ;
#6346 = CARTESIAN_POINT ( 'NONE',  ( 22.18864301932500638, -39.45727809737672231, -13.19485326374326029 ) ) ;
#6347 = CARTESIAN_POINT ( 'NONE',  ( 15.03347734109561884, -37.80863524771727668, -21.11522057853398948 ) ) ;
#6348 = EDGE_LOOP ( 'NONE', ( #2490, #6461, #5972, #1080 ) ) ;
#6349 = DIRECTION ( 'NONE',  ( 0.000000000000000000, -0.3420201433256697676, -0.9396926207859080948 ) ) ;
#6350 = CARTESIAN_POINT ( 'NONE',  ( 1.006939660998470210, -134.9667497062538359, 21.60532227204732791 ) ) ;
#6351 = ORIENTED_EDGE ( 'NONE', *, *, #5866, .T. ) ;
#6352 = DIRECTION ( 'NONE',  ( 0.000000000000000000, 0.9848077530122093526, -0.1736481776669232258 ) ) ;
#6353 = ADVANCED_FACE ( 'NONE', ( #1830 ), #5566, .F. ) ;
#6354 = CARTESIAN_POINT ( 'NONE',  ( 10.70205166274274333, -66.46367145505251983, -1.807991751991009588 ) ) ;
#6355 = CARTESIAN_POINT ( 'NONE',  ( 13.01690179371346190, -14.35553713059736936, -22.65830470696956667 ) ) ;
#6356 = CARTESIAN_POINT ( 'NONE',  ( 14.79850822416201517, -40.56625607262312627, -20.03115030082849657 ) ) ;
#6357 = DIRECTION ( 'NONE',  ( -1.000000000000000000, 0.000000000000000000, -0.000000000000000000 ) ) ;
#6358 = EDGE_CURVE ( 'NONE', #757, #9152, #3388, .T. ) ;
#6359 = CARTESIAN_POINT ( 'NONE',  ( 23.44999999999999929, 27.99569300269999417, -15.09066213886442753 ) ) ;
#6360 = EDGE_LOOP ( 'NONE', ( #2230, #5946, #3425, #3438, #1081, #4128, #6772 ) ) ;
#6361 = CARTESIAN_POINT ( 'NONE',  ( 0.000000000000000000, -118.1390363184926713, 27.54036360956488849 ) ) ;
#6362 = ORIENTED_EDGE ( 'NONE', *, *, #4449, .T. ) ;
#6363 = LINE ( 'NONE', #8045, #9036 ) ;
#6364 = CARTESIAN_POINT ( 'NONE',  ( 11.87670490794264921, -15.88066059339914382, -45.20989488883643048 ) ) ;
#6365 = CARTESIAN_POINT ( 'NONE',  ( 16.13984289984795950, -73.99086275186053285, 25.03992568581993083 ) ) ;
#6366 = B_SPLINE_CURVE_WITH_KNOTS ( 'NONE', 3,
 ( #5868, #1990, #4311, #8782 ),
 .UNSPECIFIED., .F., .F.,
 ( 4, 4 ),
 ( 0.000000000000000000, 1.000000000000000000 ),
 .UNSPECIFIED. ) ;
#6367 = DIRECTION ( 'NONE',  ( 0.000000000000000000, 0.1736481776669230592, 0.9848077530122093526 ) ) ;
#6368 = LINE ( 'NONE', #1939, #7672 ) ;
#6369 = ORIENTED_EDGE ( 'NONE', *, *, #9191, .F. ) ;
#6370 = CARTESIAN_POINT ( 'NONE',  ( 16.54097315476971986, -14.46246350426197047, -43.47914183906084418 ) ) ;
#6371 = VERTEX_POINT ( 'NONE', #3914 ) ;
#6372 = CARTESIAN_POINT ( 'NONE',  ( 5.671974767593654931, -86.52567134008968708, 38.56616233061781429 ) ) ;
#6373 = CARTESIAN_POINT ( 'NONE',  ( 6.000000000000000000, -34.26154548852704096, -1.676007379934206787 ) ) ;
#6374 = ADVANCED_FACE ( 'NONE', ( #4833 ), #891, .T. ) ;
#6375 = DIRECTION ( 'NONE',  ( -1.000000000000000000, 0.000000000000000000, 0.000000000000000000 ) ) ;
#6376 = CARTESIAN_POINT ( 'NONE',  ( 15.00000000000000178, 0.5375364957381987274, -19.19634816116375831 ) ) ;
#6377 = FACE_OUTER_BOUND ( 'NONE', #4454, .T. ) ;
#6378 = EDGE_CURVE ( 'NONE', #5921, #5216, #5149, .T. ) ;
#6379 = CARTESIAN_POINT ( 'NONE',  ( 18.25000000000000000, 28.62104318308211504, -10.73305115575941571 ) ) ;
#6380 = VECTOR ( 'NONE', #5665, 1000.000000000000000 ) ;
#6381 = ADVANCED_BREP_SHAPE_REPRESENTATION ( 'ThermallerBodyPart1', ( #3079, #7383 ), #3202 ) ;
#6382 = CARTESIAN_POINT ( 'NONE',  ( 12.40000000000000036, -44.95136885212121314, 7.922755645719122164 ) ) ;
#6383 = EDGE_LOOP ( 'NONE', ( #5464, #5396, #24, #9014 ) ) ;
#6384 = VERTEX_POINT ( 'NONE', #7947 ) ;
#6385 = CARTESIAN_POINT ( 'NONE',  ( 20.04495921916269552, 21.42720991145444742, -40.92204131283278201 ) ) ;
#6386 = LINE ( 'NONE', #1958, #7699 ) ;
#6387 = CARTESIAN_POINT ( 'NONE',  ( 13.69570080080609564, -57.20396620131887033, -8.948566055716742795 ) ) ;
#6388 = CARTESIAN_POINT ( 'NONE',  ( 15.00000000000000000, -139.1915871429198432, 40.89621654777891990 ) ) ;
#6389 = CARTESIAN_POINT ( 'NONE',  ( 22.59503673783375177, -45.18191615982418341, -8.964222093900602317 ) ) ;
#6390 = CARTESIAN_POINT ( 'NONE',  ( 15.33405654521001793, -29.06214654229474448, -28.15227222022594589 ) ) ;
#6391 = VERTEX_POINT ( 'NONE', #4251 ) ;
#6392 = CARTESIAN_POINT ( 'NONE',  ( 15.03043323671804110, -37.85873764820056664, -21.09676616924241799 ) ) ;
#6393 = ORIENTED_EDGE ( 'NONE', *, *, #7188, .T. ) ;
#6394 = LINE ( 'NONE', #2841, #1155 ) ;
#6395 = CARTESIAN_POINT ( 'NONE',  ( 12.82482661585507699, 15.53283151257177863, -23.13785757420405176 ) ) ;
#6396 = CARTESIAN_POINT ( 'NONE',  ( 15.17999431513824149, 13.99596561065969169, -21.29634816116374196 ) ) ;
#6397 = CARTESIAN_POINT ( 'NONE',  ( 15.00000000000000355, -94.34771466488518854, 20.65720517637853249 ) ) ;
#6398 = CARTESIAN_POINT ( 'NONE',  ( 13.03391402783173625, -14.34448021631803805, -22.61849852411658190 ) ) ;
#6399 = CARTESIAN_POINT ( 'NONE',  ( 22.57832631232297516, -44.98629952913750429, -9.131167436640712509 ) ) ;
#6400 = CARTESIAN_POINT ( 'NONE',  ( 0.000000000000000000, -122.2275424939940365, 29.02845816006089663 ) ) ;
#6401 = ORIENTED_EDGE ( 'NONE', *, *, #2759, .T. ) ;
#6402 = CARTESIAN_POINT ( 'NONE',  ( 2.999999999999999556, -123.6640270959618420, 25.08174915276002537 ) ) ;
#6403 = EDGE_LOOP ( 'NONE', ( #2686, #9250, #8187, #5675, #2507 ) ) ;
#6404 = EDGE_LOOP ( 'NONE', ( #5819, #9461, #4256, #2867 ) ) ;
#6405 = EDGE_CURVE ( 'NONE', #6807, #1730, #7220, .T. ) ;
#6406 = CARTESIAN_POINT ( 'NONE',  ( 6.538898367779356846, -77.88518497822991549, 2.451788272078976316 ) ) ;
#6407 = CARTESIAN_POINT ( 'NONE',  ( 5.999999999999998224, -6.012463504261799763, -21.29634816116374907 ) ) ;
#6408 = VECTOR ( 'NONE', #2201, 999.9999999999998863 ) ;
#6409 = CARTESIAN_POINT ( 'NONE',  ( 10.96856556624771706, -15.58536323283839131, -44.29634372233708461 ) ) ;
#6410 = CARTESIAN_POINT ( 'NONE',  ( 17.26708849748032293, -24.04415508379212341, -43.47102322984578393 ) ) ;
#6411 = EDGE_CURVE ( 'NONE', #3821, #410, #3522, .T. ) ;
#6412 = CARTESIAN_POINT ( 'NONE',  ( 17.34607312428902759, 15.53753649573837059, -43.29634816116374196 ) ) ;
#6413 = ORIENTED_EDGE ( 'NONE', *, *, #5625, .T. ) ;
#6414 = CARTESIAN_POINT ( 'NONE',  ( 16.56158988034721347, -14.53671215020897911, -43.83623863372562113 ) ) ;
#6415 = ORIENTED_EDGE ( 'NONE', *, *, #2506, .T. ) ;
#6416 = CARTESIAN_POINT ( 'NONE',  ( 15.00000000000130917, -91.95517276169655929, 41.24084917902895597 ) ) ;
#6417 = AXIS2_PLACEMENT_3D ( 'NONE', #8531, #3248, #1838 ) ;
#6418 = LINE ( 'NONE', #5872, #6565 ) ;
#6419 = VECTOR ( 'NONE', #8508, 1000.000000000000114 ) ;
#6420 = CARTESIAN_POINT ( 'NONE',  ( 18.44999999999999929, 28.40124910728394880, -13.13131939852209307 ) ) ;
#6421 = DIRECTION ( 'NONE',  ( -0.02224014068614566658, -0.9997526574819696199, -1.335061558772941613E-16 ) ) ;
#6422 = DIRECTION ( 'NONE',  ( -0.000000000000000000, 0.9396926207859085389, -0.3420201433256683243 ) ) ;
#6423 = EDGE_CURVE ( 'NONE', #1504, #7469, #9489, .T. ) ;
#6424 = VECTOR ( 'NONE', #8385, 1000.000000000000000 ) ;
#6425 = EDGE_CURVE ( 'NONE', #8259, #6899, #2832, .T. ) ;
#6426 = DIRECTION ( 'NONE',  ( 1.000000000000000000, 0.000000000000000000, -0.000000000000000000 ) ) ;
#6427 = ORIENTED_EDGE ( 'NONE', *, *, #1964, .T. ) ;
#6428 = ORIENTED_EDGE ( 'NONE', *, *, #592, .F. ) ;
#6429 = LINE ( 'NONE', #9381, #4908 ) ;
#6430 = LINE ( 'NONE', #1243, #8928 ) ;
#6431 = VECTOR ( 'NONE', #7929, 1000.000000000000000 ) ;
#6432 = CARTESIAN_POINT ( 'NONE',  ( 15.00000000000000000, -124.2861655110359180, 35.92384851300993631 ) ) ;
#6433 = CARTESIAN_POINT ( 'NONE',  ( 23.11644604184364127, -48.71685488265445940, -4.570059289491958054 ) ) ;
#6434 = CARTESIAN_POINT ( 'NONE',  ( 15.00000000000001776, -89.25000035983178748, 29.77826458539356480 ) ) ;
#6435 = CARTESIAN_POINT ( 'NONE',  ( 13.32539163131720272, -13.83302744527228967, -21.29634816116375262 ) ) ;
#6436 = CARTESIAN_POINT ( 'NONE',  ( 15.18307201090107661, -35.79908246763633173, -22.08858067398729474 ) ) ;
#6437 = CARTESIAN_POINT ( 'NONE',  ( 19.09153367028014614, -25.46246350426179816, -40.21132116475006768 ) ) ;
#6438 = ADVANCED_FACE ( 'NONE', ( #5256 ), #5115, .F. ) ;
#6439 = ORIENTED_EDGE ( 'NONE', *, *, #7140, .F. ) ;
#6440 = CARTESIAN_POINT ( 'NONE',  ( 1.191902010564308112, -127.2749452060170938, 19.28885296510152969 ) ) ;
#6441 = CARTESIAN_POINT ( 'NONE',  ( 14.68862142350696587, 14.40430529856546471, -21.49392863836112610 ) ) ;
#6442 = DIRECTION ( 'NONE',  ( 1.000000000000000000, -0.000000000000000000, -0.000000000000000000 ) ) ;
#6443 = CARTESIAN_POINT ( 'NONE',  ( 22.05467413601620663, -12.51336385184712086, -19.00767794529165400 ) ) ;
#6444 = B_SPLINE_CURVE_WITH_KNOTS ( 'NONE', 3,
 ( #2985, #9054, #8907, #5215, #1444, #805, #3034, #3762, #81, #6001, #8954, #7607, #2457, #3234, #9202, #1058, #4777, #5461, #1105, #5410, #6201, #8517, #6981, #5511, #954, #3907, #5361, #2557, #7078, #226, #1731, #8466, #8417, #3286, #4056, #1871, #6883, #7751, #1780, #4004, #3186, #1822, #7029, #8368, #4104, #375, #3336, #4676, #9151, #7654, #4630, #6302, #9251, #2604, #6149, #2502, #424, #3382 ),
 .UNSPECIFIED., .F., .F.,
 ( 4, 2, 1, 2, 2, 2, 1, 1, 2, 2, 2, 1, 1, 2, 2, 2, 1, 1, 2, 2, 2, 1, 2, 2, 2, 1, 1, 2, 2, 2, 1, 1, 2, 2, 4 ),
 ( 0.000000000000000000, 0.06249999999993646749, 0.09374999999990472899, 0.1093749999998888528, 0.1249999999998729905, 0.1874999999998203382, 0.2187499999997933875, 0.2343749999997806199, 0.2421874999997760125, 0.2499999999997714051, 0.3124999999997582489, 0.3437499999997497557, 0.3593749999997427058, 0.3671874999997399858, 0.3749999999997372657, 0.4374999999997375433, 0.4687499999997402078, 0.4843749999997425948, 0.4921874999997447597, 0.4999999999997468692, 0.5624999999997717381, 0.5937499999997837286, 0.6093749999997886135, 0.6249999999997933875, 0.6874999999998216982, 0.7187499999998350209, 0.7343749999998394618, 0.7421874999998430145, 0.7499999999998464562, 0.8124999999998790967, 0.8437499999998967493, 0.8593749999999074074, 0.8671874999999139577, 0.8749999999999205080, 1.000000000000000000 ),
 .UNSPECIFIED. ) ;
#6445 = CARTESIAN_POINT ( 'NONE',  ( 12.82604529541110061, -14.45711129955116547, -23.12868292992026298 ) ) ;
#6446 = CARTESIAN_POINT ( 'NONE',  ( 2.099999999999987210, -22.82182225824879751, -14.25357600088131171 ) ) ;
#6447 = LINE ( 'NONE', #4930, #8689 ) ;
#6448 = ORIENTED_EDGE ( 'NONE', *, *, #7884, .F. ) ;
#6449 = PLANE ( 'NONE',  #5592 ) ;
#6450 = ORIENTED_EDGE ( 'NONE', *, *, #3684, .F. ) ;
#6451 = DIRECTION ( 'NONE',  ( -0.000000000000000000, 0.9463118589240409051, -0.3232551092554084016 ) ) ;
#6452 = VERTEX_POINT ( 'NONE', #8855 ) ;
#6453 = VECTOR ( 'NONE', #3598, 999.9999999999998863 ) ;
#6454 = DIRECTION ( 'NONE',  ( 0.000000000000000000, -0.9463118589240404610, 0.3232551092554096228 ) ) ;
#6455 = DIRECTION ( 'NONE',  ( -1.000000000000000000, 0.000000000000000000, 0.000000000000000000 ) ) ;
#6456 = CARTESIAN_POINT ( 'NONE',  ( 12.81600561797618987, -14.46246350426196869, -43.29634816116376328 ) ) ;
#6457 = CARTESIAN_POINT ( 'NONE',  ( 16.69449777386914491, -24.52650643361981864, -43.44245928810677526 ) ) ;
#6458 = LINE ( 'NONE', #3491, #5955 ) ;
#6459 = ADVANCED_FACE ( 'NONE', ( #6680 ), #2347, .F. ) ;
#6460 = VECTOR ( 'NONE', #5598, 1000.000000000000114 ) ;
#6461 = ORIENTED_EDGE ( 'NONE', *, *, #8231, .T. ) ;
#6462 = CARTESIAN_POINT ( 'NONE',  ( 17.10872138091708905, -47.84774605647811541, 17.14122259417308314 ) ) ;
#6463 = ORIENTED_EDGE ( 'NONE', *, *, #320, .F. ) ;
#6464 = CARTESIAN_POINT ( 'NONE',  ( 19.61555453159410689, -53.30028916723288290, -9.752072587126557224 ) ) ;
#6465 = CARTESIAN_POINT ( 'NONE',  ( 19.08726085664622474, -14.46246350426197758, -23.29634816116374907 ) ) ;
#6466 = EDGE_CURVE ( 'NONE', #897, #7716, #2298, .T. ) ;
#6467 = CARTESIAN_POINT ( 'NONE',  ( 19.95473959927188190, -55.38715626887221077, 23.31560198448826426 ) ) ;
#6468 = CARTESIAN_POINT ( 'NONE',  ( 1.472609755257278108, -121.0795780730800004, 18.23364120488772144 ) ) ;
#6469 = AXIS2_PLACEMENT_3D ( 'NONE', #7639, #7589, #6918 ) ;
#6470 = CARTESIAN_POINT ( 'NONE',  ( 19.86929933619549971, 15.53753649573836881, -23.29634816116374907 ) ) ;
#6471 = EDGE_CURVE ( 'NONE', #561, #2592, #9212, .T. ) ;
#6472 = CARTESIAN_POINT ( 'NONE',  ( 15.00000000000000000, -89.96954021281580083, 29.99080047878761590 ) ) ;
#6473 = DIRECTION ( 'NONE',  ( -0.000000000000000000, 0.6427876096865340338, 0.7660444431189825654 ) ) ;
#6474 = EDGE_CURVE ( 'NONE', #9323, #8133, #5211, .T. ) ;
#6475 = CARTESIAN_POINT ( 'NONE',  ( 16.79573350745395999, -20.52865945483208776, -45.29634816116374907 ) ) ;
#6476 = AXIS2_PLACEMENT_3D ( 'NONE', #5332, #6170, #9168 ) ;
#6477 = ORIENTED_EDGE ( 'NONE', *, *, #2906, .T. ) ;
#6478 = ADVANCED_FACE ( 'NONE', ( #5164 ), #3707, .F. ) ;
#6479 = CARTESIAN_POINT ( 'NONE',  ( 9.201010126776669296, -142.3727122354947880, 24.84663618706118271 ) ) ;
#6480 = CARTESIAN_POINT ( 'NONE',  ( 0.000000000000000000, 0.000000000000000000, 0.000000000000000000 ) ) ;
#6481 = CARTESIAN_POINT ( 'NONE',  ( 15.00000000000000000, -128.2173125147739938, 36.94855746452621048 ) ) ;
#6482 = CARTESIAN_POINT ( 'NONE',  ( 22.32966385807650411, -58.04338591294615668, -8.244209285286862254 ) ) ;
#6483 = CARTESIAN_POINT ( 'NONE',  ( 14.78713690891623855, -40.69341690101671816, -19.97621713111994879 ) ) ;
#6484 = CARTESIAN_POINT ( 'NONE',  ( 14.87797755781182829, -13.09126818766234024, -21.29634816116374907 ) ) ;
#6485 = CARTESIAN_POINT ( 'NONE',  ( 15.28281369800646949, -34.09223454825365707, -23.13786904847678016 ) ) ;
#6486 = CARTESIAN_POINT ( 'NONE',  ( 15.21243247161300616, -27.38795275489451697, -30.88267929576099391 ) ) ;
#6487 = ORIENTED_EDGE ( 'NONE', *, *, #8532, .T. ) ;
#6488 = CARTESIAN_POINT ( 'NONE',  ( 11.14397258791795942, 16.53952834856721310, -44.28083693689342226 ) ) ;
#6489 = CARTESIAN_POINT ( 'NONE',  ( 14.23229565222878712, 14.70711888457936922, -21.67396038269200176 ) ) ;
#6490 = CARTESIAN_POINT ( 'NONE',  ( 0.000000000000000000, -22.82182225824879751, -15.25357600088131527 ) ) ;
#6491 = DIRECTION ( 'NONE',  ( 0.000000000000000000, 0.9396926207859083169, -0.3420201433256692680 ) ) ;
#6492 = CARTESIAN_POINT ( 'NONE',  ( 13.04027203467435037, -14.34278868157164588, -22.62188777230234038 ) ) ;
#6493 = EDGE_CURVE ( 'NONE', #1093, #5374, #3757, .T. ) ;
#6494 = DIRECTION ( 'NONE',  ( -0.000000000000000000, 0.7660444431189817882, -0.6427876096865348110 ) ) ;
#6495 = LINE ( 'NONE', #3480, #164 ) ;
#6496 = EDGE_CURVE ( 'NONE', #214, #4754, #3029, .T. ) ;
#6497 = B_SPLINE_CURVE_WITH_KNOTS ( 'NONE', 3,
 ( #5453, #3374, #6242, #3997, #6192, #6140, #2597, #9142, #9192, #5402, #3328, #1096, #6342, #2494, #4719, #9289, #2641, #1908, #7114, #3179 ),
 .UNSPECIFIED., .F., .F.,
 ( 4, 2, 2, 2, 2, 2, 2, 2, 2, 4 ),
 ( 0.000000000000000000, 0.0004946425354683259279, 0.0009892850709366518558, 0.001483927606404977784, 0.001978570141873303712, 0.002473212677341629639, 0.002967855212809955567, 0.003462497748278281495, 0.003709819016012443158, 0.003957140283746604821 ),
 .UNSPECIFIED. ) ;
#6498 = ORIENTED_EDGE ( 'NONE', *, *, #6296, .T. ) ;
#6499 = CARTESIAN_POINT ( 'NONE',  ( 17.59798156948334835, 17.53753649573836881, -45.29634816116374196 ) ) ;
#6500 = VERTEX_POINT ( 'NONE', #2893 ) ;
#6501 = CARTESIAN_POINT ( 'NONE',  ( 1.279122421030662204, -125.0298117794036159, 18.85586471731292946 ) ) ;
#6502 = ORIENTED_EDGE ( 'NONE', *, *, #8145, .T. ) ;
#6503 = DIRECTION ( 'NONE',  ( -0.000000000000000000, -0.1736481776669230870, -0.9848077530122093526 ) ) ;
#6504 = PLANE ( 'NONE',  #7870 ) ;
#6505 = CARTESIAN_POINT ( 'NONE',  ( 11.53105610810657744, -16.36189370280731126, -45.29633928351051964 ) ) ;
#6506 = CARTESIAN_POINT ( 'NONE',  ( 23.31600709075583922, 29.12998602498560174, -15.33983228723594472 ) ) ;
#6507 = CARTESIAN_POINT ( 'NONE',  ( 14.70700594834913666, 26.53753649573820184, -43.29634816116374196 ) ) ;
#6508 = ORIENTED_EDGE ( 'NONE', *, *, #7727, .T. ) ;
#6509 = CARTESIAN_POINT ( 'NONE',  ( 18.30550280070465519, -45.28366426784686638, 14.98970251102424456 ) ) ;
#6510 = VERTEX_POINT ( 'NONE', #171 ) ;
#6511 = ORIENTED_EDGE ( 'NONE', *, *, #4389, .F. ) ;
#6512 = LINE ( 'NONE', #1506, #3621 ) ;
#6513 = CARTESIAN_POINT ( 'NONE',  ( 20.96505464250744311, -24.60613856695596979, -25.51211215489786355 ) ) ;
#6514 = CARTESIAN_POINT ( 'NONE',  ( 9.516231763884833939, -130.4621581949742790, 33.74160860525613970 ) ) ;
#6515 = CARTESIAN_POINT ( 'NONE',  ( 21.96536483574854159, -52.84824844704472468, -12.60344721684046831 ) ) ;
#6516 = CARTESIAN_POINT ( 'NONE',  ( 23.44999999999999929, -39.17011093630957674, -3.247518723442636812 ) ) ;
#6517 = DIRECTION ( 'NONE',  ( -1.000000000000000000, 0.000000000000000000, 0.000000000000000000 ) ) ;
#6518 = LINE ( 'NONE', #9469, #571 ) ;
#6519 = VERTEX_POINT ( 'NONE', #5456 ) ;
#6520 = CARTESIAN_POINT ( 'NONE',  ( 16.78478516283240296, -16.24601602999872796, -45.29634816116374907 ) ) ;
#6521 = CARTESIAN_POINT ( 'NONE',  ( 12.59978744922225857, -60.53036285726049215, 26.53885457667956160 ) ) ;
#6522 = ADVANCED_FACE ( 'NONE', ( #3281 ), #3230, .F. ) ;
#6523 = LINE ( 'NONE', #106, #7534 ) ;
#6524 = VECTOR ( 'NONE', #1394, 1000.000000000000114 ) ;
#6525 = DIRECTION ( 'NONE',  ( 0.000000000000000000, 0.000000000000000000, -1.000000000000000000 ) ) ;
#6526 = CIRCLE ( 'NONE', #4809, 7.000000000000000000 ) ;
#6527 = CARTESIAN_POINT ( 'NONE',  ( 19.65137614680149269, -58.57735115204015131, 19.00500654399214540 ) ) ;
#6528 = CARTESIAN_POINT ( 'NONE',  ( 15.72739039502742209, -77.24642305143443366, 26.04948562518106669 ) ) ;
#6529 = CARTESIAN_POINT ( 'NONE',  ( 14.79237726871097180, -13.13724015056032179, -21.29634816116374552 ) ) ;
#6530 = AXIS2_PLACEMENT_3D ( 'NONE', #2202, #710, #1633 ) ;
#6531 = CARTESIAN_POINT ( 'NONE',  ( 15.21611149294792398, -35.27732945041000789, -22.38635362015268626 ) ) ;
#6532 = CARTESIAN_POINT ( 'NONE',  ( 21.17382862715557579, -36.35048844724240524, -21.78644858266144269 ) ) ;
#6533 = ORIENTED_EDGE ( 'NONE', *, *, #6615, .T. ) ;
#6534 = CARTESIAN_POINT ( 'NONE',  ( 1.053448993394224376, -131.9225896424214852, 20.52199534364317657 ) ) ;
#6535 = CARTESIAN_POINT ( 'NONE',  ( 13.43035236150020317, 15.19615929885989125, -22.17865539295844357 ) ) ;
#6536 = DIRECTION ( 'NONE',  ( 0.000000000000000000, -0.9848077530122093526, 0.1736481776669228927 ) ) ;
#6537 = CARTESIAN_POINT ( 'NONE',  ( 21.52901742441761712, -16.97196395305709515, -22.38805092609152325 ) ) ;
#6538 = CARTESIAN_POINT ( 'NONE',  ( 0.000000000000000000, -38.54927497525915925, 5.680307991813230650 ) ) ;
#6539 = DIRECTION ( 'NONE',  ( -0.000000000000000000, 1.387778780781444689E-15, 1.000000000000000000 ) ) ;
#6540 = PLANE ( 'NONE',  #7298 ) ;
#6541 = ADVANCED_FACE ( 'NONE', ( #3951 ), #4626, .F. ) ;
#6542 = ORIENTED_EDGE ( 'NONE', *, *, #7233, .F. ) ;
#6543 = CARTESIAN_POINT ( 'NONE',  ( 2.304044782772805444, -107.0499096435558783, 46.00644491479034315 ) ) ;
#6544 = EDGE_LOOP ( 'NONE', ( #9126, #6329, #7273, #2254 ) ) ;
#6545 = DIRECTION ( 'NONE',  ( -1.000000000000000000, 0.000000000000000000, 0.000000000000000000 ) ) ;
#6546 = ORIENTED_EDGE ( 'NONE', *, *, #2022, .F. ) ;
#6547 = CARTESIAN_POINT ( 'NONE',  ( 15.00000000000000000, -127.0069184800419464, 33.58804820002069391 ) ) ;
#6548 = EDGE_CURVE ( 'NONE', #7790, #5184, #8511, .T. ) ;
#6549 = CARTESIAN_POINT ( 'NONE',  ( 15.08193198524772782, -81.94955934100832451, 36.31187310027288362 ) ) ;
#6550 = CARTESIAN_POINT ( 'NONE',  ( 12.81117812862701122, -14.47019513641310340, -43.47776804815617169 ) ) ;
#6551 = CARTESIAN_POINT ( 'NONE',  ( 14.73066883762328771, -25.37013650288601951, -43.34423484348758393 ) ) ;
#6552 = CARTESIAN_POINT ( 'NONE',  ( 15.00000000000000000, -109.3281655742330116, 33.58559679586905133 ) ) ;
#6553 = ORIENTED_EDGE ( 'NONE', *, *, #588, .F. ) ;
#6554 = CARTESIAN_POINT ( 'NONE',  ( 16.19569319515350969, -50.07758274939520504, 19.01227774078535759 ) ) ;
#6555 = ORIENTED_EDGE ( 'NONE', *, *, #1268, .F. ) ;
#6556 = VERTEX_POINT ( 'NONE', #6877 ) ;
#6557 = CARTESIAN_POINT ( 'NONE',  ( 0.000000000000000000, -37.15726831314997014, -9.571716512632004736 ) ) ;
#6558 = ADVANCED_FACE ( 'NONE', ( #8361 ), #1818, .F. ) ;
#6559 = AXIS2_PLACEMENT_3D ( 'NONE', #7536, #4566, #3837 ) ;
#6560 = CARTESIAN_POINT ( 'NONE',  ( 1.000000000000007772, -125.6822119262424025, 50.87769490003756090 ) ) ;
#6561 = DIRECTION ( 'NONE',  ( 1.000000000000000000, -0.000000000000000000, -0.000000000000000000 ) ) ;
#6562 = CARTESIAN_POINT ( 'NONE',  ( 23.28325370891903745, -119.4571793330561462, 36.63996838842681569 ) ) ;
#6563 = LINE ( 'NONE', #3688, #2085 ) ;
#6564 = AXIS2_PLACEMENT_3D ( 'NONE', #1475, #8802, #8893 ) ;
#6565 = VECTOR ( 'NONE', #8829, 1000.000000000000000 ) ;
#6566 = PLANE ( 'NONE',  #5365 ) ;
#6567 = VECTOR ( 'NONE', #2928, 1000.000000000000000 ) ;
#6568 = ORIENTED_EDGE ( 'NONE', *, *, #4290, .F. ) ;
#6569 = CARTESIAN_POINT ( 'NONE',  ( 8.951423505696531890, -72.48020431224136928, 31.64706920914863630 ) ) ;
#6570 = CARTESIAN_POINT ( 'NONE',  ( 18.17018397121490736, 32.41348896044122085, -18.34364437735654718 ) ) ;
#6571 = DIRECTION ( 'NONE',  ( 1.000000000000000000, 0.000000000000000000, -0.000000000000000000 ) ) ;
#6572 = DIRECTION ( 'NONE',  ( 0.000000000000000000, 0.000000000000000000, 1.000000000000000000 ) ) ;
#6573 = CARTESIAN_POINT ( 'NONE',  ( 22.48879917349735891, 17.12611349966797292, -20.79288604686187725 ) ) ;
#6574 = AXIS2_PLACEMENT_3D ( 'NONE', #7544, #3798, #3024 ) ;
#6575 = CARTESIAN_POINT ( 'NONE',  ( 13.35365064939539437, -58.27056421687057508, 25.23737463463897512 ) ) ;
#6576 = CARTESIAN_POINT ( 'NONE',  ( 19.60733124919415005, -68.07112969902667032, -0.8189748068927935609 ) ) ;
#6577 = CARTESIAN_POINT ( 'NONE',  ( 22.10660052381692608, -37.97053590567337267, -14.10730440240103789 ) ) ;
#6578 = EDGE_CURVE ( 'NONE', #540, #2593, #1630, .T. ) ;
#6579 = DIRECTION ( 'NONE',  ( -0.000000000000000000, -0.000000000000000000, -1.000000000000000000 ) ) ;
#6580 = CARTESIAN_POINT ( 'NONE',  ( 19.80336564282574585, -26.05069505840873845, -34.46536340452113478 ) ) ;
#6581 = VECTOR ( 'NONE', #9329, 1000.000000000000114 ) ;
#6582 = ORIENTED_EDGE ( 'NONE', *, *, #2759, .F. ) ;
#6583 = CARTESIAN_POINT ( 'NONE',  ( 0.000000000000000000, -37.81217569550310742, -7.853293775560399759 ) ) ;
#6584 = CARTESIAN_POINT ( 'NONE',  ( 14.70990635461974350, 14.38971506695406966, -21.48697142407581140 ) ) ;
#6585 = CARTESIAN_POINT ( 'NONE',  ( 21.81074390386604023, -56.56610350615156335, 1.788166609620557956 ) ) ;
#6586 = ADVANCED_FACE ( 'NONE', ( #8316 ), #9049, .T. ) ;
#6587 = DIRECTION ( 'NONE',  ( 1.000000000000000000, 0.000000000000000000, 0.000000000000000000 ) ) ;
#6588 = CARTESIAN_POINT ( 'NONE',  ( 0.9999999999999991118, -3.138532001602607480, -8.623045804638881151 ) ) ;
#6589 = EDGE_CURVE ( 'NONE', #8403, #6452, #2734, .T. ) ;
#6590 = CARTESIAN_POINT ( 'NONE',  ( 21.49141666143235341, -45.40523969464791776, -17.67253445678723622 ) ) ;
#6591 = CARTESIAN_POINT ( 'NONE',  ( 5.785511251114816567, -85.89756278093665287, 38.25674281451664882 ) ) ;
#6592 = VECTOR ( 'NONE', #2664, 1000.000000000000114 ) ;
#6593 = ORIENTED_EDGE ( 'NONE', *, *, #9128, .F. ) ;
#6594 = ORIENTED_EDGE ( 'NONE', *, *, #6757, .F. ) ;
#6595 = CARTESIAN_POINT ( 'NONE',  ( 17.55869532855282955, 17.31664260450494552, -45.29634816116373486 ) ) ;
#6596 = VERTEX_POINT ( 'NONE', #1865 ) ;
#6597 = CARTESIAN_POINT ( 'NONE',  ( 19.65137614678898359, -58.57735115207956511, 19.00500654401064793 ) ) ;
#6598 = ORIENTED_EDGE ( 'NONE', *, *, #7854, .F. ) ;
#6599 = CARTESIAN_POINT ( 'NONE',  ( 12.48682302589594784, -14.97887486860778772, -44.63762671586626851 ) ) ;
#6600 = EDGE_CURVE ( 'NONE', #8416, #2185, #950, .T. ) ;
#6601 = CARTESIAN_POINT ( 'NONE',  ( 15.01729291947714096, -83.96323165761442908, 37.30385052952830449 ) ) ;
#6602 = CARTESIAN_POINT ( 'NONE',  ( 12.79595765819839315, -14.49454228379637399, -43.65581637810822713 ) ) ;
#6603 = CARTESIAN_POINT ( 'NONE',  ( 12.19083461222129472, 15.75704869086030158, -23.29634816116374907 ) ) ;
#6604 = VECTOR ( 'NONE', #8716, 1000.000000000000000 ) ;
#6605 = ORIENTED_EDGE ( 'NONE', *, *, #1601, .F. ) ;
#6606 = CARTESIAN_POINT ( 'NONE',  ( 18.06826292173811765, -45.76803687195007342, 15.39613938447963548 ) ) ;
#6607 = ORIENTED_EDGE ( 'NONE', *, *, #548, .F. ) ;
#6608 = ORIENTED_EDGE ( 'NONE', *, *, #8747, .T. ) ;
#6609 = DIRECTION ( 'NONE',  ( 0.000000000000000000, 0.000000000000000000, -1.000000000000000000 ) ) ;
#6610 = CARTESIAN_POINT ( 'NONE',  ( 1.861857451193953406, -114.8337040103068034, 16.76189834704405968 ) ) ;
#6611 = CARTESIAN_POINT ( 'NONE',  ( 16.82077939958334412, -16.46246350426196869, -45.29634816116374907 ) ) ;
#6612 = EDGE_CURVE ( 'NONE', #4397, #583, #2529, .T. ) ;
#6613 = FACE_OUTER_BOUND ( 'NONE', #2175, .T. ) ;
#6614 = DIRECTION ( 'NONE',  ( -0.000000000000000000, -0.000000000000000000, -1.000000000000000000 ) ) ;
#6615 = EDGE_CURVE ( 'NONE', #2458, #9323, #1000, .T. ) ;
#6616 = DIRECTION ( 'NONE',  ( -0.000000000000000000, -0.6427876096865345890, -0.7660444431189818992 ) ) ;
#6617 = VECTOR ( 'NONE', #8700, 1000.000000000000114 ) ;
#6618 = ORIENTED_EDGE ( 'NONE', *, *, #3557, .F. ) ;
#6619 = CARTESIAN_POINT ( 'NONE',  ( 21.44999999999999929, 30.98458179031142024, -11.14980678216003263 ) ) ;
#6620 = LINE ( 'NONE', #5289, #425 ) ;
#6621 = DIRECTION ( 'NONE',  ( -1.000000000000000000, 0.000000000000000000, 0.000000000000000000 ) ) ;
#6622 = CARTESIAN_POINT ( 'NONE',  ( 14.00000000000000000, 0.5375364957381987274, 53.36789795213030629 ) ) ;
#6623 = DIRECTION ( 'NONE',  ( 0.000000000000000000, 8.326672684688674053E-16, -1.000000000000000000 ) ) ;
#6624 = CARTESIAN_POINT ( 'NONE',  ( 6.000000000000000000, -121.2461817701687323, 37.29111202456548568 ) ) ;
#6625 = AXIS2_PLACEMENT_3D ( 'NONE', #1974, #4928, #7265 ) ;
#6626 = VECTOR ( 'NONE', #1469, 1000.000000000000000 ) ;
#6627 = CARTESIAN_POINT ( 'NONE',  ( 12.40000000000000213, -54.60113403017650313, -5.910972413209566234 ) ) ;
#6628 = CARTESIAN_POINT ( 'NONE',  ( 21.92353080108530250, -33.92222907669887633, -16.27220669956035337 ) ) ;
#6629 = ORIENTED_EDGE ( 'NONE', *, *, #8942, .T. ) ;
#6630 = CARTESIAN_POINT ( 'NONE',  ( 19.68605996119558199, -13.21366481372724699, -21.44272153103190703 ) ) ;
#6631 = CARTESIAN_POINT ( 'NONE',  ( 16.13301656481101887, -79.56730169770409589, 13.42871031883971078 ) ) ;
#6632 = CARTESIAN_POINT ( 'NONE',  ( 22.79982939925232088, -51.27741987651005218, -2.519573576992101049 ) ) ;
#6633 = CARTESIAN_POINT ( 'NONE',  ( 21.35730267545118721, -52.98252642993998762, 14.80278073477172818 ) ) ;
#6634 = CARTESIAN_POINT ( 'NONE',  ( 15.00000000000000533, -117.8091312415477034, 31.37146637815869354 ) ) ;
#6635 = DIRECTION ( 'NONE',  ( 0.000000000000000000, 0.000000000000000000, 1.000000000000000000 ) ) ;
#6636 = CARTESIAN_POINT ( 'NONE',  ( 23.31051857825915619, -39.61713092156819016, 8.138883815348449957 ) ) ;
#6637 = ORIENTED_EDGE ( 'NONE', *, *, #827, .F. ) ;
#6638 = VERTEX_POINT ( 'NONE', #6144 ) ;
#6639 = LINE ( 'NONE', #4586, #4194 ) ;
#6640 = EDGE_LOOP ( 'NONE', ( #816, #3587, #1893, #448 ) ) ;
#6641 = CARTESIAN_POINT ( 'NONE',  ( 4.000000000000000000, -30.39113852184311071, -11.88299054380818021 ) ) ;
#6642 = VERTEX_POINT ( 'NONE', #9101 ) ;
#6643 = CARTESIAN_POINT ( 'NONE',  ( 12.34119567419652164, -15.20062259943334837, -44.84944872235941205 ) ) ;
#6644 = CARTESIAN_POINT ( 'NONE',  ( 1.041194143047318166, -122.0630367611656624, 49.68684714735781682 ) ) ;
#6645 = ADVANCED_FACE ( 'NONE', ( #6826 ), #1099, .F. ) ;
#6646 = DIRECTION ( 'NONE',  ( 1.000000000000000000, 0.000000000000000000, -0.000000000000000000 ) ) ;
#6647 = DIRECTION ( 'NONE',  ( 0.000000000000000000, -0.1736481776669252519, -0.9848077530122090195 ) ) ;
#6648 =( BOUNDED_SURFACE ( )  B_SPLINE_SURFACE ( 3, 2, ( 
 ( #1424, #4325, #5145 ),
 ( #6664, #3596, #6570 ),
 ( #13, #5831, #8067 ),
 ( #5923, #8887, #4468 ) ),
 .UNSPECIFIED., .F., .F., .F. ) 
 B_SPLINE_SURFACE_WITH_KNOTS ( ( 4, 4 ),
 ( 3, 3 ),
 ( 4.751406243400386309, 4.977234276911247868 ),
 ( 0.000000000000000000, 1.000000000000000000 ),
 .UNSPECIFIED. ) 
 GEOMETRIC_REPRESENTATION_ITEM ( )  RATIONAL_B_SPLINE_SURFACE ( (
 ( 1.000000000000000000, 0.7088570485207776883, 1.000000000000000000),
 ( 1.000000000000000000, 0.7122280841266790397, 1.000000000000000000),
 ( 1.000000000000000000, 0.7155595234172994479, 1.000000000000000000),
 ( 1.000000000000000000, 0.7187703393883435599, 1.000000000000000000) ) ) 
 REPRESENTATION_ITEM ( '' )  SURFACE ( )  );
#6649 = ORIENTED_EDGE ( 'NONE', *, *, #1384, .T. ) ;
#6650 = CARTESIAN_POINT ( 'NONE',  ( 17.13493327766456531, 23.33675005618872333, -45.29634816116374196 ) ) ;
#6651 = ORIENTED_EDGE ( 'NONE', *, *, #4865, .T. ) ;
#6652 = ORIENTED_EDGE ( 'NONE', *, *, #6757, .T. ) ;
#6653 = CARTESIAN_POINT ( 'NONE',  ( 14.73372766748169127, -23.31349011795107984, -45.29634816116374907 ) ) ;
#6654 = B_SPLINE_CURVE_WITH_KNOTS ( 'NONE', 3,
 ( #1839, #4019, #8435, #3441, #9359, #2521, #1223, #4168, #1983, #4937, #9267, #4070, #5575, #4840, #6364, #7721, #6995, #9315, #343, #2620, #3301, #8533, #3395, #442, #1886, #2666, #292, #8584, #6268, #9219, #5526, #8484, #6643, #577, #9497, #3674, #3627, #5811, #6599, #8775, #8726, #8864, #5861, #5079, #2030, #9407, #9589, #2210, #4398, #7274, #4260, #8679, #2167, #2765, #4305, #2943, #531, #5173, #2077 ),
 .UNSPECIFIED., .F., .F.,
 ( 4, 2, 1, 1, 2, 2, 2, 1, 2, 2, 2, 1, 1, 2, 2, 2, 1, 1, 2, 2, 2, 1, 1, 2, 2, 2, 1, 1, 2, 2, 2, 1, 1, 2, 2, 4 ),
 ( 0.000000000000000000, 0.06250000000001039446, 0.09375000000001589007, 0.1093750000000182909, 0.1171875000000208444, 0.1250000000000234257, 0.1875000000000323075, 0.2187500000000353606, 0.2343750000000368594, 0.2500000000000383582, 0.3125000000000396350, 0.3437500000000387468, 0.3593750000000370814, 0.3671875000000375255, 0.3750000000000379696, 0.4375000000000384692, 0.4687500000000390799, 0.4843750000000394129, 0.4921875000000405787, 0.5000000000000416334, 0.5625000000000431877, 0.5937500000000441869, 0.6093750000000447420, 0.6171875000000458522, 0.6250000000000468514, 0.6875000000000510703, 0.7187500000000557332, 0.7343750000000581757, 0.7421875000000571765, 0.7500000000000560663, 0.8125000000000398570, 0.8437500000000316414, 0.8593750000000249800, 0.8671875000000239808, 0.8750000000000229816, 1.000000000000000000 ),
 .UNSPECIFIED. ) ;
#6655 = CARTESIAN_POINT ( 'NONE',  ( 13.09536090715290158, -14.31062189693867204, -22.53045780028246270 ) ) ;
#6656 = LINE ( 'NONE', #2273, #3673 ) ;
#6657 = CARTESIAN_POINT ( 'NONE',  ( 17.32144324237975042, -67.15681914553171339, 23.31241473943226339 ) ) ;
#6658 = FACE_OUTER_BOUND ( 'NONE', #7269, .T. ) ;
#6659 = DIRECTION ( 'NONE',  ( 0.000000000000000000, 0.000000000000000000, -1.000000000000000000 ) ) ;
#6660 = B_SPLINE_CURVE_WITH_KNOTS ( 'NONE', 3,
 ( #8146, #3154, #8239, #2, #4411, #4603, #6851, #9020, #774, #1507, #3826, #924, #5233, #3685, #5331, #6655, #6116, #3730, #8099, #2179, #6802, #1462, #6700, #3100, #49, #5915, #8289, #7378, #7574, #8192, #1650, #729, #822, #2955, #3001, #8874, #8970, #3778, #1603, #2272, #7524, #2223, #2318, #4459, #5965, #8924, #143, #1552, #96, #6066, #4503, #6750, #3053, #2522, #7722, #4648, #2621, #7094, #9121, #3302, #2423, #9222, #2472, #293, #1749, #8337, #5527, #3353, #4793, #1698, #3251, #1177, #4120, #6169, #5481, #7821, #3924, #7625, #344, #1795, #4841, #8485, #8535, #7768, #6269, #5429 ),
 .UNSPECIFIED., .F., .F.,
 ( 4, 2, 2, 2, 2, 1, 2, 2, 1, 2, 2, 1, 2, 2, 1, 2, 2, 1, 1, 2, 2, 1, 1, 2, 2, 1, 1, 2, 2, 2, 1, 1, 2, 2, 2, 1, 1, 1, 2, 2, 2, 2, 1, 1, 1, 2, 2, 2, 1, 1, 2, 2, 4 ),
 ( 0.000000000000000000, 0.03125000000001013079, 0.06250000000002026157, 0.09375000000003039236, 0.1250000000000405231, 0.1562500000000506539, 0.1718750000000558720, 0.1875000000000610623, 0.2187500000000690004, 0.2343750000000718869, 0.2500000000000747735, 0.2812500000000808797, 0.2968750000000828226, 0.3125000000000847100, 0.3437500000000884293, 0.3593750000000909828, 0.3750000000000934808, 0.4062500000000993094, 0.4218750000001020295, 0.4296875000001030842, 0.4375000000001041944, 0.4687500000001091904, 0.4843750000001117439, 0.4921875000001129097, 0.5000000000001141309, 0.5312500000001186828, 0.5468750000001206812, 0.5546875000001210143, 0.5625000000001212364, 0.5937500000001264544, 0.6093750000001291189, 0.6171875000001306732, 0.6210937500001318945, 0.6250000000001330047, 0.6562500000001389999, 0.6718750000001418865, 0.6796875000001431077, 0.6835937500001437739, 0.6855468750001437739, 0.6875000000001436629, 0.7500000000001277867, 0.7812500000001195710, 0.7968750000001155742, 0.8046875000001135758, 0.8085937500001126876, 0.8105468750001112443, 0.8125000000001096900, 0.8437500000000883738, 0.8593750000000783817, 0.8671875000000742739, 0.8710937500000723865, 0.8750000000000703881, 1.000000000000000000 ),
 .UNSPECIFIED. ) ;
#6661 = EDGE_CURVE ( 'NONE', #5534, #3972, #1053, .T. ) ;
#6662 = VERTEX_POINT ( 'NONE', #8461 ) ;
#6663 = DIRECTION ( 'NONE',  ( 0.000000000000000000, -0.9396926207859082059, 0.3420201433256692125 ) ) ;
#6664 = CARTESIAN_POINT ( 'NONE',  ( 23.12965337606870264, 27.49651144841111616, -17.54182571534757784 ) ) ;
#6665 = LINE ( 'NONE', #8155, #5651 ) ;
#6666 = EDGE_CURVE ( 'NONE', #6096, #8046, #4050, .T. ) ;
#6667 = CYLINDRICAL_SURFACE ( 'NONE', #248, 6.000000000000000000 ) ;
#6668 = CARTESIAN_POINT ( 'NONE',  ( 20.14524714632837288, 15.27320010041724885, -22.29404742142925855 ) ) ;
#6669 = FACE_OUTER_BOUND ( 'NONE', #5490, .T. ) ;
#6670 = CARTESIAN_POINT ( 'NONE',  ( 14.37778517823248770, -45.77375328912172847, -17.46304605994560433 ) ) ;
#6671 = FACE_OUTER_BOUND ( 'NONE', #6950, .T. ) ;
#6672 = DIRECTION ( 'NONE',  ( 1.000000000000000000, 0.000000000000000000, -2.891205793294664521E-16 ) ) ;
#6673 = ORIENTED_EDGE ( 'NONE', *, *, #267, .T. ) ;
#6674 = CARTESIAN_POINT ( 'NONE',  ( 19.54186026793022180, -13.82692527751137668, -21.83397266277329152 ) ) ;
#6675 = FACE_OUTER_BOUND ( 'NONE', #4663, .T. ) ;
#6676 = VECTOR ( 'NONE', #857, 1000.000000000000000 ) ;
#6677 = CARTESIAN_POINT ( 'NONE',  ( 0.000000000000000000, -34.27907187499138075, -20.17117335076154561 ) ) ;
#6678 = CARTESIAN_POINT ( 'NONE',  ( 0.000000000000000000, -48.42838073599382653, -8.489342606638979660 ) ) ;
#6679 = DIRECTION ( 'NONE',  ( 0.000000000000000000, 0.000000000000000000, -1.000000000000000000 ) ) ;
#6680 = FACE_OUTER_BOUND ( 'NONE', #3831, .T. ) ;
#6681 = CARTESIAN_POINT ( 'NONE',  ( 0.000000000000000000, 0.000000000000000000, 0.000000000000000000 ) ) ;
#6682 = AXIS2_PLACEMENT_3D ( 'NONE', #6681, #3808, #7506 ) ;
#6683 = B_SPLINE_CURVE_WITH_KNOTS ( 'NONE', 3,
 ( #4701, #198, #2475, #8973 ),
 .UNSPECIFIED., .F., .F.,
 ( 4, 4 ),
 ( 0.000000000000000000, 1.000000000000000000 ),
 .UNSPECIFIED. ) ;
#6684 = ORIENTED_EDGE ( 'NONE', *, *, #7153, .F. ) ;
#6685 = DIRECTION ( 'NONE',  ( 0.000000000000000000, -0.9396926207859082059, 0.3420201433256692125 ) ) ;
#6686 = ORIENTED_EDGE ( 'NONE', *, *, #882, .F. ) ;
#6687 = CARTESIAN_POINT ( 'NONE',  ( 0.000000000000000000, -121.9262817083872505, 27.64179487437733940 ) ) ;
#6688 = VERTEX_POINT ( 'NONE', #2646 ) ;
#6689 = FACE_OUTER_BOUND ( 'NONE', #7508, .T. ) ;
#6690 = LINE ( 'NONE', #3767, #6263 ) ;
#6691 = LINE ( 'NONE', #5222, #6944 ) ;
#6692 = CARTESIAN_POINT ( 'NONE',  ( 18.12808794898061038, -69.01345922458936855, 10.17903556682123956 ) ) ;
#6693 = CARTESIAN_POINT ( 'NONE',  ( 10.55000000000000071, 30.63728543497760981, -13.11942228818445599 ) ) ;
#6694 = EDGE_CURVE ( 'NONE', #6596, #7780, #7254, .T. ) ;
#6695 = ORIENTED_EDGE ( 'NONE', *, *, #6589, .T. ) ;
#6696 = CARTESIAN_POINT ( 'NONE',  ( 21.22338869101453085, -39.53514817329855191, 10.16612477627216826 ) ) ;
#6697 = ORIENTED_EDGE ( 'NONE', *, *, #4278, .F. ) ;
#6698 = ORIENTED_EDGE ( 'NONE', *, *, #7744, .F. ) ;
#6699 = CARTESIAN_POINT ( 'NONE',  ( 2.999999999999999112, -134.4905311952502416, 33.49182103046095449 ) ) ;
#6700 = CARTESIAN_POINT ( 'NONE',  ( 13.33641148421623335, -14.17505967766792985, -22.26323562361454123 ) ) ;
#6701 = LINE ( 'NONE', #8743, #7872 ) ;
#6702 = EDGE_CURVE ( 'NONE', #3535, #4536, #602, .T. ) ;
#6703 = CARTESIAN_POINT ( 'NONE',  ( 5.706187146006305611, -81.44948966951609748, 2.967097159598893974 ) ) ;
#6704 = EDGE_CURVE ( 'NONE', #6971, #1742, #1595, .T. ) ;
#6705 = CARTESIAN_POINT ( 'NONE',  ( 12.06093296842889551, 15.86020181505339011, -43.74969130816808871 ) ) ;
#6706 = CARTESIAN_POINT ( 'NONE',  ( 14.99999999999925393, -101.4434151596440188, 44.64508895537019129 ) ) ;
#6707 = AXIS2_PLACEMENT_3D ( 'NONE', #2345, #8360, #6825 ) ;
#6708 = VERTEX_POINT ( 'NONE', #4099 ) ;
#6709 = DIRECTION ( 'NONE',  ( -1.000000000000000000, 0.000000000000000000, 0.000000000000000000 ) ) ;
#6710 = CARTESIAN_POINT ( 'NONE',  ( 5.999999999999998224, -118.8873195575527433, 22.43861868437969775 ) ) ;
#6711 = FACE_OUTER_BOUND ( 'NONE', #7237, .T. ) ;
#6712 = CYLINDRICAL_SURFACE ( 'NONE', #1032, 4.000000000000000000 ) ;
#6713 = EDGE_CURVE ( 'NONE', #261, #1766, #8661, .T. ) ;
#6714 = CARTESIAN_POINT ( 'NONE',  ( -10.55000000000000071, 32.26483186922731505, -11.37554941312703427 ) ) ;
#6715 = CARTESIAN_POINT ( 'NONE',  ( 16.75395157672377522, -73.82785177260896603, 16.26705124122900870 ) ) ;
#6716 = VECTOR ( 'NONE', #3902, 1000.000000000000000 ) ;
#6717 = CARTESIAN_POINT ( 'NONE',  ( 14.34424728451765141, -46.28684117665056164, -17.16720825402216022 ) ) ;
#6718 = ADVANCED_FACE ( 'NONE', ( #7438 ), #7346, .F. ) ;
#6719 = CARTESIAN_POINT ( 'NONE',  ( 22.58002966916773602, 16.29872251725561938, -19.92386891671137761 ) ) ;
#6720 = CARTESIAN_POINT ( 'NONE',  ( 41.21423633095623984, -48.42838073599382653, -12.48934260663897966 ) ) ;
#6721 = CARTESIAN_POINT ( 'NONE',  ( 15.00000000000000000, -91.15190805541769237, 30.35169088149252303 ) ) ;
#6722 = ORIENTED_EDGE ( 'NONE', *, *, #5982, .T. ) ;
#6723 = CARTESIAN_POINT ( 'NONE',  ( 4.000000000000000000, -32.28376223969119962, -11.23648032529736263 ) ) ;
#6724 = CARTESIAN_POINT ( 'NONE',  ( 0.000000000000000000, -8.012463504261802427, -16.46418557693210616 ) ) ;
#6725 = VECTOR ( 'NONE', #6352, 1000.000000000000114 ) ;
#6726 = CARTESIAN_POINT ( 'NONE',  ( 23.44999999999999929, -59.22789547348781980, 26.69030177272813020 ) ) ;
#6727 = CARTESIAN_POINT ( 'NONE',  ( 12.00000000000003197, -137.5776988991053145, 38.02082705477506863 ) ) ;
#6728 = CARTESIAN_POINT ( 'NONE',  ( 14.99999999999999822, -101.2052503699223678, 24.93716333939996588 ) ) ;
#6729 = CARTESIAN_POINT ( 'NONE',  ( 4.401278764839237745, -93.45074977794821791, 41.87214891141688611 ) ) ;
#6730 = CARTESIAN_POINT ( 'NONE',  ( 14.99999999999999822, -119.2494020591793173, 48.99709694689980921 ) ) ;
#6731 = DIRECTION ( 'NONE',  ( 1.000000000000000000, 0.000000000000000000, 0.000000000000000000 ) ) ;
#6732 = AXIS2_PLACEMENT_3D ( 'NONE', #1212, #3340, #5515 ) ;
#6733 = EDGE_CURVE ( 'NONE', #7328, #8096, #4078, .T. ) ;
#6734 = ORIENTED_EDGE ( 'NONE', *, *, #126, .T. ) ;
#6735 = DIRECTION ( 'NONE',  ( 1.000000000000000000, 0.000000000000000000, 0.000000000000000000 ) ) ;
#6736 = ORIENTED_EDGE ( 'NONE', *, *, #5821, .F. ) ;
#6737 = CARTESIAN_POINT ( 'NONE',  ( 5.999999999999998224, -37.81217569550311453, -7.853293775560397982 ) ) ;
#6738 = ORIENTED_EDGE ( 'NONE', *, *, #1192, .T. ) ;
#6739 = CARTESIAN_POINT ( 'NONE',  ( 15.00000000000000000, -100.5187668141805375, 10.47024997053888917 ) ) ;
#6740 = CARTESIAN_POINT ( 'NONE',  ( 21.85867466871246023, -32.78027468226408558, -16.98763714098802069 ) ) ;
#6741 = CARTESIAN_POINT ( 'NONE',  ( 1.000000000000014655, -123.8044292671527700, 50.19423790570771615 ) ) ;
#6742 = VECTOR ( 'NONE', #7775, 1000.000000000000114 ) ;
#6743 = PLANE ( 'NONE',  #5928 ) ;
#6744 = CARTESIAN_POINT ( 'NONE',  ( 18.57466739551961155, 24.71502347412572220, -43.48969747159783594 ) ) ;
#6745 = VERTEX_POINT ( 'NONE', #3652 ) ;
#6746 = CARTESIAN_POINT ( 'NONE',  ( 17.64817793699394244, 22.26188563488977223, -45.29634816116374196 ) ) ;
#6747 = ORIENTED_EDGE ( 'NONE', *, *, #3437, .F. ) ;
#6748 = ORIENTED_EDGE ( 'NONE', *, *, #3220, .F. ) ;
#6749 = LINE ( 'NONE', #95, #1918 ) ;
#6750 = CARTESIAN_POINT ( 'NONE',  ( 14.41637884899784083, -13.51217519214757345, -21.59393357007366632 ) ) ;
#6751 = CARTESIAN_POINT ( 'NONE',  ( 7.042981575139302564, -79.71769052229394958, 35.21240747475521005 ) ) ;
#6752 = CARTESIAN_POINT ( 'NONE',  ( 3.714716817650353331, -94.81624035566791520, 7.263525307519477003 ) ) ;
#6753 = CARTESIAN_POINT ( 'NONE',  ( 3.188798608406862911, -99.68960827893432963, 9.958714539438515700 ) ) ;
#6754 = CARTESIAN_POINT ( 'NONE',  ( 15.00000000000000000, -104.0064331658183363, 33.05978825752082173 ) ) ;
#6755 = EDGE_CURVE ( 'NONE', #82, #7700, #5837, .T. ) ;
#6756 = VERTEX_POINT ( 'NONE', #6624 ) ;
#6757 = EDGE_CURVE ( 'NONE', #113, #939, #8938, .T. ) ;
#6758 = CARTESIAN_POINT ( 'NONE',  ( 12.33456095222648585, 15.64082487577854508, -22.44684832882187919 ) ) ;
#6759 = CARTESIAN_POINT ( 'NONE',  ( 0.000000000000000000, -22.82182225824879751, -13.25357600088130638 ) ) ;
#6760 = FACE_OUTER_BOUND ( 'NONE', #3846, .T. ) ;
#6761 = AXIS2_PLACEMENT_3D ( 'NONE', #742, #7343, #2235 ) ;
#6762 = CARTESIAN_POINT ( 'NONE',  ( -10.55000000000000071, 11.23657270063705482, -9.698553188146060933 ) ) ;
#6763 = CARTESIAN_POINT ( 'NONE',  ( 11.89834508296779347, -14.91172566402991784, -43.94828448608327420 ) ) ;
#6764 = ADVANCED_FACE ( 'NONE', ( #9572 ), #2874, .T. ) ;
#6765 = VECTOR ( 'NONE', #8406, 1000.000000000000000 ) ;
#6766 = CARTESIAN_POINT ( 'NONE',  ( 16.45461859769092783, -74.66374693756533532, 18.75170495846134600 ) ) ;
#6767 = CARTESIAN_POINT ( 'NONE',  ( 14.63230314148241717, -42.39967060355640172, -19.21125399302916748 ) ) ;
#6768 = DIRECTION ( 'NONE',  ( 0.000000000000000000, 0.000000000000000000, -1.000000000000000000 ) ) ;
#6769 = ORIENTED_EDGE ( 'NONE', *, *, #5747, .T. ) ;
#6770 = CARTESIAN_POINT ( 'NONE',  ( 14.78275756306299726, -54.23580781553184949, 22.43491794090315494 ) ) ;
#6771 = CARTESIAN_POINT ( 'NONE',  ( 15.00000000000000000, -91.31906433289229597, 30.40235857811437725 ) ) ;
#6772 = ORIENTED_EDGE ( 'NONE', *, *, #9185, .F. ) ;
#6773 = CARTESIAN_POINT ( 'NONE',  ( -12.75000000000000000, -79.93222011369321933, 15.70936642126634375 ) ) ;
#6774 = CARTESIAN_POINT ( 'NONE',  ( 0.000000000000000000, -73.09233890138293077, 52.29764770570957211 ) ) ;
#6775 = PLANE ( 'NONE',  #1957 ) ;
#6776 = CARTESIAN_POINT ( 'NONE',  ( 21.10680849180458196, -51.67946509452050208, 20.35641662576981403 ) ) ;
#6777 = CARTESIAN_POINT ( 'NONE',  ( 19.68327309005972836, 20.05322588356092695, -43.54662542183135798 ) ) ;
#6778 = VECTOR ( 'NONE', #5732, 1000.000000000000000 ) ;
#6779 = CARTESIAN_POINT ( 'NONE',  ( 3.865071242316650224, -96.50748673100079600, 43.07254970458934196 ) ) ;
#6780 = CARTESIAN_POINT ( 'NONE',  ( 14.99999999999787725, -114.0566105933551171, 47.72410690596927907 ) ) ;
#6781 = FACE_OUTER_BOUND ( 'NONE', #9555, .T. ) ;
#6782 = ORIENTED_EDGE ( 'NONE', *, *, #7969, .T. ) ;
#6783 = ORIENTED_EDGE ( 'NONE', *, *, #4266, .T. ) ;
#6784 = CARTESIAN_POINT ( 'NONE',  ( 10.89758854288271372, 16.70826820305542171, -44.29634816116374907 ) ) ;
#6785 = ORIENTED_EDGE ( 'NONE', *, *, #421, .T. ) ;
#6786 = CARTESIAN_POINT ( 'NONE',  ( -10.55000000000000071, -20.10861407777597520, -8.944056119628848833 ) ) ;
#6787 = EDGE_CURVE ( 'NONE', #6148, #1504, #1711, .T. ) ;
#6788 = ORIENTED_EDGE ( 'NONE', *, *, #1713, .F. ) ;
#6789 = CARTESIAN_POINT ( 'NONE',  ( 3.000000000000000444, 31.36186134535934400, -16.49654972879051584 ) ) ;
#6790 = CARTESIAN_POINT ( 'NONE',  ( 19.19860340506338048, -20.57279008854555613, -40.22482922281545115 ) ) ;
#6791 = DIRECTION ( 'NONE',  ( 0.000000000000000000, -0.7071067811865389130, -0.7071067811865561215 ) ) ;
#6792 = EDGE_CURVE ( 'NONE', #2592, #3622, #661, .T. ) ;
#6793 = CARTESIAN_POINT ( 'NONE',  ( 19.42708428922168906, -68.61108235353600548, -0.5440815568261998525 ) ) ;
#6794 = B_SPLINE_CURVE_WITH_KNOTS ( 'NONE', 3,
 ( #3507, #3419, #8703, #9338 ),
 .UNSPECIFIED., .F., .F.,
 ( 4, 4 ),
 ( 0.000000000000000000, 1.000000000000000000 ),
 .UNSPECIFIED. ) ;
#6795 = CARTESIAN_POINT ( 'NONE',  ( 19.60876219337583137, 22.57555499022577905, -43.54139776746823998 ) ) ;
#6796 = B_SPLINE_CURVE_WITH_KNOTS ( 'NONE', 3,
 ( #7960, #4263, #3533, #6506, #9455, #2812, #6059, #7417, #5180, #7517, #7567, #2264, #721, #9013, #3677, #186, #767, #2172, #918, #3819, #8917, #3720 ),
 .UNSPECIFIED., .F., .F.,
 ( 4, 2, 2, 2, 2, 2, 2, 2, 2, 2, 4 ),
 ( 0.000000000000000000, 0.0009735438914275730332, 0.001460315837141359712, 0.001947087782855146066, 0.002920631674282722894, 0.003894175565710299939, 0.004867719457137877417, 0.005841263348565453595, 0.006814807239993030639, 0.007301579185706813524, 0.007788351131420596409 ),
 .UNSPECIFIED. ) ;
#6797 = ORIENTED_EDGE ( 'NONE', *, *, #1949, .T. ) ;
#6798 = CARTESIAN_POINT ( 'NONE',  ( 21.28626020017006581, -39.40926783312754367, 10.06049862926221472 ) ) ;
#6799 = ORIENTED_EDGE ( 'NONE', *, *, #3016, .T. ) ;
#6800 = EDGE_LOOP ( 'NONE', ( #8441, #7996, #1989, #7839, #8380, #5238, #139, #4209, #6968, #5962, #6984 ) ) ;
#6801 = FACE_OUTER_BOUND ( 'NONE', #4219, .T. ) ;
#6802 = CARTESIAN_POINT ( 'NONE',  ( 13.25930819638838720, -14.21892378682847102, -22.33876907885300866 ) ) ;
#6803 = PLANE ( 'NONE',  #272 ) ;
#6804 = PLANE ( 'NONE',  #5110 ) ;
#6805 = CARTESIAN_POINT ( 'NONE',  ( 11.75109491692350971, 17.13299614947885274, -45.25570519745544118 ) ) ;
#6806 = CARTESIAN_POINT ( 'NONE',  ( 2.986638131038101829, -102.1549727406727186, 44.80647261291628070 ) ) ;
#6807 = VERTEX_POINT ( 'NONE', #3219 ) ;
#6808 = CARTESIAN_POINT ( 'NONE',  ( 12.28070532606821530, 15.68464101142072842, -22.62209774381062388 ) ) ;
#6809 = CARTESIAN_POINT ( 'NONE',  ( 15.07111864268325796, -26.66473539274013049, -32.69348162957082593 ) ) ;
#6810 = CARTESIAN_POINT ( 'NONE',  ( 13.89999999999999858, -58.74016882826288111, 19.49293262007675054 ) ) ;
#6811 = DIRECTION ( 'NONE',  ( -0.000000000000000000, 0.000000000000000000, -1.000000000000000000 ) ) ;
#6812 = CARTESIAN_POINT ( 'NONE',  ( 12.81600561797623250, 15.53753649573836881, -23.29634816116374907 ) ) ;
#6813 = DIRECTION ( 'NONE',  ( 0.000000000000000000, 1.000000000000000000, 0.000000000000000000 ) ) ;
#6814 = CYLINDRICAL_SURFACE ( 'NONE', #1602, 1.000000000000000888 ) ;
#6815 = CARTESIAN_POINT ( 'NONE',  ( 22.63032008860236388, -50.78186700943373921, -6.302404125457277573 ) ) ;
#6816 = ORIENTED_EDGE ( 'NONE', *, *, #1836, .F. ) ;
#6817 = VERTEX_POINT ( 'NONE', #4615 ) ;
#6818 = EDGE_CURVE ( 'NONE', #8721, #8620, #890, .T. ) ;
#6819 = CARTESIAN_POINT ( 'NONE',  ( 15.00000000000000000, -101.6948688694689764, 32.82054324094196573 ) ) ;
#6820 = ORIENTED_EDGE ( 'NONE', *, *, #8467, .F. ) ;
#6821 = CARTESIAN_POINT ( 'NONE',  ( 19.74992398700196361, -12.71923493503062197, -21.30858480447260916 ) ) ;
#6822 = DIRECTION ( 'NONE',  ( 0.000000000000000000, 0.7071067811865524577, 0.7071067811865425767 ) ) ;
#6823 = FACE_OUTER_BOUND ( 'NONE', #8813, .T. ) ;
#6824 = CARTESIAN_POINT ( 'NONE',  ( 15.38620777528670125, -52.47418028630028175, 21.02326185008275417 ) ) ;
#6825 = DIRECTION ( 'NONE',  ( 0.000000000000000000, 0.000000000000000000, -1.000000000000000000 ) ) ;
#6826 = FACE_OUTER_BOUND ( 'NONE', #7730, .T. ) ;
#6827 = CARTESIAN_POINT ( 'NONE',  ( 15.00000000000000000, -106.0414514223443092, 33.23930582977126846 ) ) ;
#6828 = CARTESIAN_POINT ( 'NONE',  ( 22.59963995574026896, -46.60780976946461607, 11.23026931977158505 ) ) ;
#6829 = VECTOR ( 'NONE', #1417, 1000.000000000000114 ) ;
#6830 = EDGE_LOOP ( 'NONE', ( #6362, #1505, #2277, #7738 ) ) ;
#6831 = LINE ( 'NONE', #2206, #1721 ) ;
#6832 = ORIENTED_EDGE ( 'NONE', *, *, #1861, .F. ) ;
#6833 = UNCERTAINTY_MEASURE_WITH_UNIT (LENGTH_MEASURE( 1.000000000000000082E-05 ), #4958, 'distance_accuracy_value', 'NONE');
#6834 = PLANE ( 'NONE',  #5310 ) ;
#6835 = ORIENTED_EDGE ( 'NONE', *, *, #9124, .T. ) ;
#6836 = CARTESIAN_POINT ( 'NONE',  ( 15.00000000000000000, -126.9400378327079864, 33.56580759197059649 ) ) ;
#6837 = CARTESIAN_POINT ( 'NONE',  ( 21.64006063036617533, -29.84390994689454146, -19.23821109719596834 ) ) ;
#6838 = CARTESIAN_POINT ( 'NONE',  ( 12.63676831002814183, -14.31398753101933430, -21.81857015739233319 ) ) ;
#6839 = CARTESIAN_POINT ( 'NONE',  ( 16.93362946979588557, -74.59544018640643515, 12.21224488033255717 ) ) ;
#6840 = CARTESIAN_POINT ( 'NONE',  ( 22.88460719411718003, -48.32934202652738520, -6.114006233572744087 ) ) ;
#6841 = AXIS2_PLACEMENT_3D ( 'NONE', #4650, #1179, #6367 ) ;
#6842 = VECTOR ( 'NONE', #8177, 1000.000000000000000 ) ;
#6843 = CARTESIAN_POINT ( 'NONE',  ( 4.664470381029921064, -125.8068380902303858, 50.53528732860726791 ) ) ;
#6844 = EDGE_CURVE ( 'NONE', #4864, #1882, #5004, .T. ) ;
#6845 = ORIENTED_EDGE ( 'NONE', *, *, #7255, .T. ) ;
#6846 = CARTESIAN_POINT ( 'NONE',  ( 17.59310362560139751, 22.45437147898829267, -45.29634816116374196 ) ) ;
#6847 = EDGE_CURVE ( 'NONE', #3535, #339, #1086, .T. ) ;
#6848 = ORIENTED_EDGE ( 'NONE', *, *, #1255, .T. ) ;
#6849 = ORIENTED_EDGE ( 'NONE', *, *, #3260, .T. ) ;
#6850 = CARTESIAN_POINT ( 'NONE',  ( 20.51267131957087386, 26.49090186258155555, -38.10765221482154885 ) ) ;
#6851 = CARTESIAN_POINT ( 'NONE',  ( 12.86156244503597890, -14.43807265961437380, -22.98254650257044318 ) ) ;
#6852 = CARTESIAN_POINT ( 'NONE',  ( 7.821411783461647893, -76.53394232917689521, 33.64402600478989314 ) ) ;
#6853 = CARTESIAN_POINT ( 'NONE',  ( 3.800730515566129064, -94.11529773933960996, 6.931105552276811466 ) ) ;
#6854 = CARTESIAN_POINT ( 'NONE',  ( 0.000000000000000000, -132.0540735843957521, 53.19686288046747080 ) ) ;
#6855 = CARTESIAN_POINT ( 'NONE',  ( 14.99999999999980993, -100.5331638244086889, 44.39217291236446528 ) ) ;
#6856 = ADVANCED_FACE ( 'NONE', ( #1043 ), #5342, .T. ) ;
#6857 = EDGE_LOOP ( 'NONE', ( #8176, #311, #3371, #8645 ) ) ;
#6858 = CARTESIAN_POINT ( 'NONE',  ( 14.64198691435715283, 13.41681793918906784, -20.34380995379477142 ) ) ;
#6859 = CARTESIAN_POINT ( 'NONE',  ( 5.999999999999998224, -6.012463504261799763, -11.42958778986839263 ) ) ;
#6860 = CARTESIAN_POINT ( 'NONE',  ( 41.21423633095623984, -42.49399750307080126, -8.992351028176036820 ) ) ;
#6861 = DIRECTION ( 'NONE',  ( 1.000000000000000000, -0.000000000000000000, -0.000000000000000000 ) ) ;
#6862 = CARTESIAN_POINT ( 'NONE',  ( 16.74439620607865109, -74.33518412117504681, 15.31575080221264962 ) ) ;
#6863 = CARTESIAN_POINT ( 'NONE',  ( 22.02410598074636638, -27.52182225824877904, -16.60357600088130425 ) ) ;
#6864 = B_SPLINE_CURVE_WITH_KNOTS ( 'NONE', 3,
 ( #229, #4059, #3910, #5413, #9154, #379, #6887, #2460, #3339, #8372, #1734, #3958, #6936, #9255, #6204, #1061, #4007, #6254, #9205, #2560, #8470, #1825, #4780, #2607, #5751, #2654, #6584, #8571, #2704, #4199, #6441, #5021, #2750, #5068, #5798, #472, #1971, #563, #7855, #1924, #7898, #654, #4335, #516, #2063, #6489, #1389, #1253, #7167, #4972, #3475, #9439, #3564, #4925, #8036, #9485, #7309, #3612, #9347, #9394, #2842, #5704, #4879, #8667, #5608, #6535, #1210, #8622, #4156, #7125, #2017, #2793, #7943, #8762, #8712, #1297, #4247, #7990, #3427, #7216, #3517, #1347, #4293, #7262, #608, #2109, #6395, #5658, #8167 ),
 .UNSPECIFIED., .F., .F.,
 ( 4, 2, 1, 1, 1, 2, 2, 2, 1, 1, 1, 2, 2, 2, 2, 2, 1, 1, 2, 2, 2, 1, 1, 2, 2, 2, 1, 2, 2, 1, 1, 2, 2, 1, 1, 2, 2, 1, 2, 2, 1, 2, 2, 1, 2, 2, 1, 2, 2, 2, 2, 2, 2, 4 ),
 ( 0.000000000000000000, 0.06250000000005563605, 0.09375000000008433532, 0.1093750000000982686, 0.1171875000001052353, 0.1210937500001092182, 0.1250000000001132150, 0.1562500000001376954, 0.1718750000001497691, 0.1796875000001549316, 0.1835937500001572076, 0.1855468750001586509, 0.1875000000001600664, 0.2500000000001793010, 0.2812500000001886269, 0.2968750000001940670, 0.3046875000001963985, 0.3085937500001970091, 0.3105468750001964540, 0.3125000000001958989, 0.3437500000001932343, 0.3593750000001921241, 0.3671875000001911804, 0.3710937500001910694, 0.3750000000001909028, 0.4062500000001855183, 0.4218750000001831313, 0.4296875000001814660, 0.4375000000001798561, 0.4687500000001725287, 0.4843750000001691425, 0.4921875000001667555, 0.5000000000001643130, 0.5312500000001564304, 0.5468750000001525446, 0.5546875000001507683, 0.5625000000001491030, 0.5937500000001445510, 0.6093750000001412204, 0.6250000000001378897, 0.6562500000001308953, 0.6718750000001268985, 0.6875000000001229017, 0.7187500000001135758, 0.7343750000001089129, 0.7500000000001042499, 0.7812500000000953682, 0.7968750000000898170, 0.8125000000000843769, 0.8437500000000702771, 0.8750000000000562883, 0.9062500000000421885, 0.9375000000000281997, 1.000000000000000000 ),
 .UNSPECIFIED. ) ;
#6865 = CARTESIAN_POINT ( 'NONE',  ( 135.0000000000000000, -116.7392020829909853, -27.07800594130560512 ) ) ;
#6866 = ORIENTED_EDGE ( 'NONE', *, *, #3003, .F. ) ;
#6867 = VERTEX_POINT ( 'NONE', #8303 ) ;
#6868 = CARTESIAN_POINT ( 'NONE',  ( 14.99999999999999645, -100.1560949183395905, 32.57937884510644011 ) ) ;
#6869 = EDGE_LOOP ( 'NONE', ( #5654, #8034, #9005, #1023 ) ) ;
#6870 = CARTESIAN_POINT ( 'NONE',  ( 12.60317235880233966, -14.34234886216355243, -21.87619939889361831 ) ) ;
#6871 = CARTESIAN_POINT ( 'NONE',  ( 16.36603299829170055, -72.51178717788727113, 24.69341315452328800 ) ) ;
#6872 = CARTESIAN_POINT ( 'NONE',  ( 2.031168651311668684E-19, -58.16429889632826189, 22.35724103793143058 ) ) ;
#6873 = AXIS2_PLACEMENT_3D ( 'NONE', #5908, #5223, #6009 ) ;
#6874 = DIRECTION ( 'NONE',  ( 0.000000000000000000, -0.9848077530122093526, 0.1736481776669229482 ) ) ;
#6875 = DIRECTION ( 'NONE',  ( 0.000000000000000000, 0.000000000000000000, -1.000000000000000000 ) ) ;
#6876 = VECTOR ( 'NONE', #2447, 1000.000000000000114 ) ;
#6877 = CARTESIAN_POINT ( 'NONE',  ( 11.65000000000000036, 0.5375364957381987274, -7.812024437645774810 ) ) ;
#6878 = CARTESIAN_POINT ( 'NONE',  ( 12.15491406022696630, -14.71068085782104440, -43.54101290667070145 ) ) ;
#6879 = EDGE_CURVE ( 'NONE', #82, #586, #3266, .T. ) ;
#6880 = CARTESIAN_POINT ( 'NONE',  ( 14.95345146136781445, -13.05015690231897452, -21.29634816116374907 ) ) ;
#6881 = VECTOR ( 'NONE', #2677, 1000.000000000000000 ) ;
#6882 = ORIENTED_EDGE ( 'NONE', *, *, #7727, .F. ) ;
#6883 = CARTESIAN_POINT ( 'NONE',  ( 12.14379738472420911, 16.56953600888929046, -45.04654836639337390 ) ) ;
#6884 = ADVANCED_FACE ( 'NONE', ( #6235 ), #3839, .F. ) ;
#6885 = ORIENTED_EDGE ( 'NONE', *, *, #4266, .F. ) ;
#6886 = CARTESIAN_POINT ( 'NONE',  ( 17.38299445526865838, -72.37436824773003252, 11.46517249072057787 ) ) ;
#6887 = CARTESIAN_POINT ( 'NONE',  ( 15.42983853756235746, 13.86890488277396649, -21.32396091453813369 ) ) ;
#6888 = VECTOR ( 'NONE', #4448, 1000.000000000000114 ) ;
#6889 = CARTESIAN_POINT ( 'NONE',  ( 15.00000000000000000, -123.7742797592512289, 32.60281381979475412 ) ) ;
#6890 = EDGE_CURVE ( 'NONE', #9313, #6391, #6908, .T. ) ;
#6891 = PLANE ( 'NONE',  #2373 ) ;
#6892 = CARTESIAN_POINT ( 'NONE',  ( 12.22758573455966236, -14.65246953717364420, -22.86167427311791656 ) ) ;
#6893 = CARTESIAN_POINT ( 'NONE',  ( 14.11404806172788007, -51.47214512253738405, -13.69548863397784544 ) ) ;
#6894 = CARTESIAN_POINT ( 'NONE',  ( 14.11446840999476393, -54.13248084427826967, -11.52584828597590061 ) ) ;
#6895 = AXIS2_PLACEMENT_3D ( 'NONE', #2856, #3487, #8819 ) ;
#6896 = CARTESIAN_POINT ( 'NONE',  ( 16.66999304319691433, 26.13744853459080275, -43.39447238100238735 ) ) ;
#6897 = VERTEX_POINT ( 'NONE', #9133 ) ;
#6898 = CARTESIAN_POINT ( 'NONE',  ( 0.000000000000000000, -31.33745038076713740, -11.55973543455278296 ) ) ;
#6900 = ADVANCED_FACE ( 'NONE', ( #2441 ), #7637, .F. ) ;
#6899 = VERTEX_POINT ( 'NONE', #9087 ) ;
#6901 = ORIENTED_EDGE ( 'NONE', *, *, #3139, .T. ) ;
#6903 = AXIS2_PLACEMENT_3D ( 'NONE', #7063, #1901, #3545 ) ;
#6902 = CARTESIAN_POINT ( 'NONE',  ( 10.70205166274274333, -66.46367145505251983, -1.807991751991009588 ) ) ;
#6904 = FACE_OUTER_BOUND ( 'NONE', #6857, .T. ) ;
#6905 = CARTESIAN_POINT ( 'NONE',  ( 13.04634899518697999, -13.95531615292233418, -21.29634816116374907 ) ) ;
#6906 = CARTESIAN_POINT ( 'NONE',  ( 12.24340829863449365, 16.42222592164284123, -44.95753482992822114 ) ) ;
#6907 = CARTESIAN_POINT ( 'NONE',  ( 15.00000000000148148, -96.30463297332121897, 43.02729242997703807 ) ) ;
#6908 =( BOUNDED_CURVE ( )  B_SPLINE_CURVE ( 3, ( #358, #5496, #6863, #935 ),
 .UNSPECIFIED., .F., .T. ) 
 B_SPLINE_CURVE_WITH_KNOTS ( ( 4, 4 ),
 ( 3.316125578789218764, 6.457718232379011880 ),
 .UNSPECIFIED. ) 
 CURVE ( )  GEOMETRIC_REPRESENTATION_ITEM ( )  RATIONAL_B_SPLINE_CURVE ( ( 1.000000000000000000, 0.3333333333333333703, 0.3333333333333333703, 1.000000000000000000 ) ) 
 REPRESENTATION_ITEM ( '' )  );
#6909 = ORIENTED_EDGE ( 'NONE', *, *, #9331, .F. ) ;
#6910 = ORIENTED_EDGE ( 'NONE', *, *, #8114, .F. ) ;
#6911 = CARTESIAN_POINT ( 'NONE',  ( 13.01055518142989698, 15.43235630418297788, -22.65509845845604175 ) ) ;
#6912 = EDGE_CURVE ( 'NONE', #1536, #1681, #1762, .T. ) ;
#6913 = LINE ( 'NONE', #1083, #54 ) ;
#6914 = CARTESIAN_POINT ( 'NONE',  ( 21.78209280789293700, -15.96187295069484158, -20.56019055771220749 ) ) ;
#6915 = CARTESIAN_POINT ( 'NONE',  ( 14.99200959049340121, -99.77604891709231083, 10.01301644943768387 ) ) ;
#6916 = ADVANCED_FACE ( 'NONE', ( #2537 ), #6814, .F. ) ;
#6917 = CARTESIAN_POINT ( 'NONE',  ( 12.81600561797623072, 15.53753649573837059, -45.29634816116374907 ) ) ;
#6918 = DIRECTION ( 'NONE',  ( 0.000000000000000000, 0.9848077530122093526, -0.1736481776669230037 ) ) ;
#6919 = ORIENTED_EDGE ( 'NONE', *, *, #3803, .F. ) ;
#6920 = AXIS2_PLACEMENT_3D ( 'NONE', #7734, #2437, #1708 ) ;
#6921 = EDGE_LOOP ( 'NONE', ( #4003, #6948, #6052, #2207, #3213, #4428, #9402, #6060, #6415 ) ) ;
#6922 = VERTEX_POINT ( 'NONE', #156 ) ;
#6923 = CARTESIAN_POINT ( 'NONE',  ( 12.37277875579717978, -14.53449166597827258, -22.33961351838021159 ) ) ;
#6924 = LINE ( 'NONE', #4718, #5623 ) ;
#6925 = CARTESIAN_POINT ( 'NONE',  ( 0.000000000000000000, 31.91753551389348686, -13.34516491915146297 ) ) ;
#6926 = LINE ( 'NONE', #6193, #3962 ) ;
#6927 = CARTESIAN_POINT ( 'NONE',  ( 21.78964906885523334, -56.65072470507384850, 1.858614677800606518 ) ) ;
#6928 = CARTESIAN_POINT ( 'NONE',  ( 20.56914544263591793, -53.48274671821675952, 21.86954957112185838 ) ) ;
#6929 = FACE_OUTER_BOUND ( 'NONE', #8129, .T. ) ;
#6930 = CARTESIAN_POINT ( 'NONE',  ( 21.58589056941331918, -52.00402101965347157, 14.18793676049529218 ) ) ;
#6931 = VECTOR ( 'NONE', #4770, 1000.000000000000000 ) ;
#6932 = ORIENTED_EDGE ( 'NONE', *, *, #4163, .T. ) ;
#6933 = CARTESIAN_POINT ( 'NONE',  ( 14.00000000000000000, 0.5375364957381987274, -18.29634816116374907 ) ) ;
#6934 = VERTEX_POINT ( 'NONE', #2388 ) ;
#6935 = CARTESIAN_POINT ( 'NONE',  ( 0.000000000000000000, -36.18423030047151912, -21.88150675410481938 ) ) ;
#6936 = CARTESIAN_POINT ( 'NONE',  ( 15.26259625148655452, 13.99480211051209366, -21.34926561231362641 ) ) ;
#6937 = VECTOR ( 'NONE', #7976, 1000.000000000000114 ) ;
#6938 = CARTESIAN_POINT ( 'NONE',  ( 2.760315498218502750, -103.9113647349663978, 12.38677906987108202 ) ) ;
#6939 = CARTESIAN_POINT ( 'NONE',  ( 14.99999999999999822, -109.7735689480889931, 33.63948421414328038 ) ) ;
#6940 = CARTESIAN_POINT ( 'NONE',  ( 13.16383936330187510, -14.27264089230431310, -22.44268340139672802 ) ) ;
#6941 = CARTESIAN_POINT ( 'NONE',  ( 14.28354493678678239, -47.27309148729079880, -16.57756108198705647 ) ) ;
#6942 = CARTESIAN_POINT ( 'NONE',  ( 15.00000000000000000, -103.1315814959612993, 32.97161845532333757 ) ) ;
#6943 = CARTESIAN_POINT ( 'NONE',  ( 16.36484927439387604, 26.25854412661620430, -43.37922724255781048 ) ) ;
#6944 = VECTOR ( 'NONE', #6791, 1000.000000000000000 ) ;
#6945 = VECTOR ( 'NONE', #2678, 1000.000000000000114 ) ;
#6946 = ORIENTED_EDGE ( 'NONE', *, *, #8747, .F. ) ;
#6947 = CARTESIAN_POINT ( 'NONE',  ( 15.00000000000000000, -120.1554226140695363, 31.84896853206123524 ) ) ;
#6948 = ORIENTED_EDGE ( 'NONE', *, *, #8402, .T. ) ;
#6949 = CARTESIAN_POINT ( 'NONE',  ( 19.95473959927160834, -55.38715626887584165, 23.31560198449107801 ) ) ;
#6950 = EDGE_LOOP ( 'NONE', ( #1683, #9356, #2256, #5028 ) ) ;
#6951 = EDGE_CURVE ( 'NONE', #3132, #5844, #4088, .T. ) ;
#6952 = CARTESIAN_POINT ( 'NONE',  ( 20.04495921916269552, 21.42720991145444387, -40.92204131283278912 ) ) ;
#6953 = CARTESIAN_POINT ( 'NONE',  ( 9.516231763884833939, -131.6250266822815718, 30.54665369458404456 ) ) ;
#6954 = DIRECTION ( 'NONE',  ( 1.000000000000000000, 0.000000000000000000, 0.000000000000000000 ) ) ;
#6955 = DIRECTION ( 'NONE',  ( 0.000000000000000000, -0.3420201433256692125, -0.9396926207859082059 ) ) ;
#6956 = CARTESIAN_POINT ( 'NONE',  ( 25.00505927025263730, -11.31787079359411230, -12.52495456488326830 ) ) ;
#6957 = DIRECTION ( 'NONE',  ( 1.000000000000000000, 0.000000000000000000, 0.000000000000000000 ) ) ;
#6958 = ORIENTED_EDGE ( 'NONE', *, *, #5803, .F. ) ;
#6959 = ORIENTED_EDGE ( 'NONE', *, *, #1248, .F. ) ;
#6960 = CARTESIAN_POINT ( 'NONE',  ( 12.81600561797623961, 15.53753649573836881, -23.29634816116374907 ) ) ;
#6961 = CARTESIAN_POINT ( 'NONE',  ( 2.613138770490365026, -105.5184544457718516, 13.18370920675052815 ) ) ;
#6962 = CARTESIAN_POINT ( 'NONE',  ( 19.75990802646938960, -12.59336392978394947, -21.29633934203437562 ) ) ;
#6963 = FACE_BOUND ( 'NONE', #7666, .T. ) ;
#6964 = DIRECTION ( 'NONE',  ( 1.000000000000000000, 0.000000000000000000, 0.000000000000000000 ) ) ;
#6965 =( BOUNDED_CURVE ( )  B_SPLINE_CURVE ( 2, ( #6947, #1743, #7863 ),
 .UNSPECIFIED., .F., .F. ) 
 B_SPLINE_CURVE_WITH_KNOTS ( ( 3, 3 ),
 ( 0.000000000000000000, 1.000000000000000000 ),
 .UNSPECIFIED. ) 
 CURVE ( )  GEOMETRIC_REPRESENTATION_ITEM ( )  RATIONAL_B_SPLINE_CURVE ( ( 1.000000000000000000, 0.7071067811865475727, 1.000000000000000000 ) ) 
 REPRESENTATION_ITEM ( '' )  );
#6966 = ADVANCED_FACE ( 'NONE', ( #2047, #1951 ), #1238, .F. ) ;
#6967 = CARTESIAN_POINT ( 'NONE',  ( 6.000000000000000000, -34.26154548852704096, -1.676007379934206343 ) ) ;
#6968 = ORIENTED_EDGE ( 'NONE', *, *, #4684, .T. ) ;
#6969 = EDGE_LOOP ( 'NONE', ( #189, #6427, #6799, #1718 ) ) ;
#6970 = EDGE_CURVE ( 'NONE', #9530, #3981, #2680, .T. ) ;
#6971 = VERTEX_POINT ( 'NONE', #3456 ) ;
#6972 = CARTESIAN_POINT ( 'NONE',  ( -5.999999999999991118, -118.1062604575492401, 37.98143622131650687 ) ) ;
#6973 = CARTESIAN_POINT ( 'NONE',  ( 18.25000000000000000, 28.87998371521744545, -19.05443624484269449 ) ) ;
#6974 = CARTESIAN_POINT ( 'NONE',  ( 23.01068844095272681, -49.69387347628757823, -4.874037137159397126 ) ) ;
#6975 = FACE_OUTER_BOUND ( 'NONE', #6969, .T. ) ;
#6976 = CARTESIAN_POINT ( 'NONE',  ( 22.38180892622856888, -53.81546268642408393, -0.4755820375708863512 ) ) ;
#6977 = CARTESIAN_POINT ( 'NONE',  ( 0.000000000000000000, -60.98807338632791186, 24.90374818686796843 ) ) ;
#6978 = DIRECTION ( 'NONE',  ( -0.000000000000000000, 0.1736481776669232535, 0.9848077530122092416 ) ) ;
#6979 = CARTESIAN_POINT ( 'NONE',  ( 21.81684263907633081, -50.96956726452691555, 13.55584766089539706 ) ) ;
#6980 = ORIENTED_EDGE ( 'NONE', *, *, #7550, .T. ) ;
#6981 = CARTESIAN_POINT ( 'NONE',  ( 12.50346049177426089, 16.02836425870387060, -44.60878175995952688 ) ) ;
#6982 = EDGE_LOOP ( 'NONE', ( #140, #8052, #8816, #1732 ) ) ;
#6983 = CARTESIAN_POINT ( 'NONE',  ( 15.00000000000000000, -134.9667497062392840, 21.60532227208684120 ) ) ;
#6984 = ORIENTED_EDGE ( 'NONE', *, *, #7304, .T. ) ;
#6985 = CARTESIAN_POINT ( 'NONE',  ( 2.288833772969503411, -109.2179467312053873, 14.85253907440456977 ) ) ;
#6986 = CARTESIAN_POINT ( 'NONE',  ( 15.00000000000000000, -123.7899015295618028, 35.82288474055284411 ) ) ;
#6987 = CARTESIAN_POINT ( 'NONE',  ( 14.40819380430475505, -12.60276233327853745, -20.40740273198090193 ) ) ;
#6988 = DIRECTION ( 'NONE',  ( -0.000000000000000000, -0.9396926207859082059, 0.3420201433256692125 ) ) ;
#6989 = DIRECTION ( 'NONE',  ( -0.000000000000000000, 0.1736481776669225319, 0.9848077530122094636 ) ) ;
#6990 = CARTESIAN_POINT ( 'NONE',  ( 16.97572837804806412, 25.99593915274790490, -43.40977541375012549 ) ) ;
#6991 = ORIENTED_EDGE ( 'NONE', *, *, #5459, .F. ) ;
#6992 = CARTESIAN_POINT ( 'NONE',  ( 15.50181708277012937, 24.43888396216890868, -45.29634816116374196 ) ) ;
#6993 = ORIENTED_EDGE ( 'NONE', *, *, #7889, .F. ) ;
#6994 = PLANE ( 'NONE',  #1471 ) ;
#6995 = CARTESIAN_POINT ( 'NONE',  ( 11.93114089421302459, -15.80313158777829585, -45.18539169885961115 ) ) ;
#6996 = AXIS2_PLACEMENT_3D ( 'NONE', #346, #3929, #5578 ) ;
#6997 = DIRECTION ( 'NONE',  ( 0.000000000000000000, -0.9712417126392506317, 0.2380956438693812849 ) ) ;
#6998 = AXIS2_PLACEMENT_3D ( 'NONE', #8481, #1172, #6265 ) ;
#6999 = CARTESIAN_POINT ( 'NONE',  ( 12.40000000000000036, -74.66354740713653371, 13.27312437272159151 ) ) ;
#7000 =( NAMED_UNIT ( * ) SI_UNIT ( $, .STERADIAN. ) SOLID_ANGLE_UNIT ( ) );
#7001 = CARTESIAN_POINT ( 'NONE',  ( 41.21423633095623984, -38.85406476150464528, -13.76214029363365476 ) ) ;
#7002 = EDGE_CURVE ( 'NONE', #5088, #5076, #1190, .T. ) ;
#7003 = VECTOR ( 'NONE', #6327, 1000.000000000000114 ) ;
#7004 = VERTEX_POINT ( 'NONE', #1284 ) ;
#7005 = CARTESIAN_POINT ( 'NONE',  ( 19.65137614678898359, -64.06520621715297636, 7.305742657561224540 ) ) ;
#7006 = EDGE_LOOP ( 'NONE', ( #5510, #6797, #7007, #5276 ) ) ;
#7007 = ORIENTED_EDGE ( 'NONE', *, *, #8727, .T. ) ;
#7008 = EDGE_CURVE ( 'NONE', #7143, #6113, #9220, .T. ) ;
#7009 = CARTESIAN_POINT ( 'NONE',  ( 14.24999999999999822, 2.874200784847787737, -8.224041396673744231 ) ) ;
#7010 = DIRECTION ( 'NONE',  ( -1.203685677208396808E-14, 0.3420201433256692680, 0.9396926207859083169 ) ) ;
#7011 = CARTESIAN_POINT ( 'NONE',  ( 15.00000000000000000, -89.96954021281580083, 29.99080047878761590 ) ) ;
#7012 = EDGE_CURVE ( 'NONE', #4980, #818, #7199, .T. ) ;
#7013 = CARTESIAN_POINT ( 'NONE',  ( 7.634065554825600231, -55.09574953096517902, 23.08557231619736427 ) ) ;
#7014 = CARTESIAN_POINT ( 'NONE',  ( 5.999999999999998224, -71.97364255504820107, 6.055478503969699666 ) ) ;
#7015 = DIRECTION ( 'NONE',  ( 0.000000000000000000, 0.000000000000000000, -1.000000000000000000 ) ) ;
#7016 = ORIENTED_EDGE ( 'NONE', *, *, #1540, .T. ) ;
#7017 = ORIENTED_EDGE ( 'NONE', *, *, #8877, .F. ) ;
#7018 = ORIENTED_EDGE ( 'NONE', *, *, #5529, .T. ) ;
#7019 = CARTESIAN_POINT ( 'NONE',  ( 12.69875387104882947, -14.26086910112873340, -21.72722203993422596 ) ) ;
#7020 = EDGE_CURVE ( 'NONE', #8898, #9079, #501, .T. ) ;
#7021 = CARTESIAN_POINT ( 'NONE',  ( 14.25000000000000000, -33.91424913319319501, 0.2936081260902128065 ) ) ;
#7022 = DIRECTION ( 'NONE',  ( 0.1251691050984282405, -0.000000000000000000, 0.9921354217690540045 ) ) ;
#7023 = LINE ( 'NONE', #220, #4892 ) ;
#7024 = CARTESIAN_POINT ( 'NONE',  ( 3.089670827592271518, -100.5187668141805517, 10.47024997053889273 ) ) ;
#7025 = CARTESIAN_POINT ( 'NONE',  ( 7.399999999999999467, -71.57304480356395970, 15.90151393524055123 ) ) ;
#7026 = CARTESIAN_POINT ( 'NONE',  ( 11.48101505082864193, -15.22437458571651447, -44.19969604298877641 ) ) ;
#7027 = CARTESIAN_POINT ( 'NONE',  ( 15.25289191460868210, -12.87728834765105468, -21.29634816116374552 ) ) ;
#7028 = ORIENTED_EDGE ( 'NONE', *, *, #4424, .T. ) ;
#7029 = CARTESIAN_POINT ( 'NONE',  ( 11.96116736383220847, 16.83506033788024325, -45.16929224955733702 ) ) ;
#7030 = VECTOR ( 'NONE', #7450, 1000.000000000000000 ) ;
#7031 = ORIENTED_EDGE ( 'NONE', *, *, #2899, .T. ) ;
#7032 = CARTESIAN_POINT ( 'NONE',  ( 19.65137614678898359, -64.06520621715297636, 7.305742657561224540 ) ) ;
#7033 = ORIENTED_EDGE ( 'NONE', *, *, #2149, .T. ) ;
#7034 = CARTESIAN_POINT ( 'NONE',  ( 13.76611527158161685, 14.70977776906291545, -21.29634816116374907 ) ) ;
#7035 = CARTESIAN_POINT ( 'NONE',  ( 14.99999999999999822, -113.9765736496451325, 34.17294224016269055 ) ) ;
#7036 = CARTESIAN_POINT ( 'NONE',  ( 13.70285664230213740, -13.33799748218925707, -20.74366991288306394 ) ) ;
#7037 = CARTESIAN_POINT ( 'NONE',  ( 21.32342184665880325, -41.25524878568369047, -19.73587724925979359 ) ) ;
#7038 = LINE ( 'NONE', #2414, #4352 ) ;
#7039 = CARTESIAN_POINT ( 'NONE',  ( 17.83689238592510407, 25.45485169334244446, -43.45286442011600059 ) ) ;
#7040 = ADVANCED_FACE ( 'NONE', ( #5685 ), #1331, .T. ) ;
#7041 = VECTOR ( 'NONE', #8256, 1000.000000000000227 ) ;
#7042 = VECTOR ( 'NONE', #2150, 1000.000000000000000 ) ;
#7043 = ORIENTED_EDGE ( 'NONE', *, *, #4399, .T. ) ;
#7044 = CARTESIAN_POINT ( 'NONE',  ( 15.00000000000000178, -124.4758996252391086, 18.76861490077991945 ) ) ;
#7045 = EDGE_LOOP ( 'NONE', ( #6722, #8178, #1219, #3199, #8725, #5913, #3624 ) ) ;
#7046 = CARTESIAN_POINT ( 'NONE',  ( 2.035098773226631241, -42.91000420980792285, 9.727023425263592316 ) ) ;
#7047 = CARTESIAN_POINT ( 'NONE',  ( 8.119793610031839748, -72.78545127066334430, 1.109376407173275236 ) ) ;
#7048 = DIRECTION ( 'NONE',  ( 1.000000000000000000, 0.000000000000000000, 0.000000000000000000 ) ) ;
#7049 = VECTOR ( 'NONE', #7956, 1000.000000000000114 ) ;
#7050 = LINE ( 'NONE', #7869, #1441 ) ;
#7051 = DIRECTION ( 'NONE',  ( 0.000000000000000000, 0.000000000000000000, 1.000000000000000000 ) ) ;
#7052 = DIRECTION ( 'NONE',  ( -1.000000000000000000, 0.000000000000000000, 0.000000000000000000 ) ) ;
#7053 = ORIENTED_EDGE ( 'NONE', *, *, #2630, .F. ) ;
#7054 = CARTESIAN_POINT ( 'NONE',  ( 10.70205166274274333, -66.46367145505251983, -1.807991751991009588 ) ) ;
#7055 = ORIENTED_EDGE ( 'NONE', *, *, #7800, .T. ) ;
#7057 = B_SPLINE_CURVE_WITH_KNOTS ( 'NONE', 3,
 ( #2835, #4920, #9387, #4241, #7938, #4823, #8757, #7075, #1204, #6389, #8615, #7210, #510, #4149, #9478, #420, #7985, #2787, #1292, #4193, #2057, #1916, #466, #5015, #1341, #3378, #4287, #7256, #6346, #5793, #603, #5603, #8563, #3421, #9340, #5650, #7162, #6577, #5063, #5840, #2103, #2884 ),
 .UNSPECIFIED., .F., .F.,
 ( 4, 1, 1, 1, 1, 1, 1, 2, 2, 1, 1, 1, 1, 2, 2, 1, 1, 1, 1, 1, 1, 2, 2, 1, 1, 1, 1, 1, 1, 2, 2, 4 ),
 ( 0.000000000000000000, 0.1250000000000345279, 0.1875000000000519029, 0.2187500000000611455, 0.2343750000000657807, 0.2421875000000680567, 0.2460937500000696943, 0.2480468750000698885, 0.2500000000000700551, 0.3750000000000703881, 0.4375000000000704437, 0.4687500000000703881, 0.4843750000000703881, 0.4921875000000703881, 0.5000000000000703881, 0.6250000000000717204, 0.6875000000000722755, 0.7187500000000727196, 0.7343750000000730527, 0.7421875000000726086, 0.7460937500000723865, 0.7480468750000716094, 0.7500000000000708322, 0.8125000000000439648, 0.8437500000000311973, 0.8593750000000255351, 0.8671875000000226485, 0.8710937500000203171, 0.8730468750000192069, 0.8740234375000188738, 0.8750000000000184297, 1.000000000000000000 ),
 .UNSPECIFIED. ) ;
#7056 = CARTESIAN_POINT ( 'NONE',  ( 15.06222043561140111, -54.18894248328788876, -11.43406401756459978 ) ) ;
#7058 = CARTESIAN_POINT ( 'NONE',  ( 19.65137614680267930, -58.57735115203635701, 19.00500654399037970 ) ) ;
#7059 = PLANE ( 'NONE',  #4239 ) ;
#7060 = CARTESIAN_POINT ( 'NONE',  ( 20.22042323638760308, 15.05697217815683686, -21.99545842672591789 ) ) ;
#7061 = CIRCLE ( 'NONE', #3334, 6.000000000000001776 ) ;
#7062 = CARTESIAN_POINT ( 'NONE',  ( 5.999999999999998224, -120.1551743427748278, 25.15754204548965589 ) ) ;
#7063 = CARTESIAN_POINT ( 'NONE',  ( 0.000000000000000000, -118.8873195575527433, 22.43861868437969775 ) ) ;
#7064 = CARTESIAN_POINT ( 'NONE',  ( 17.63190648021200602, 17.72828535241448122, -45.29634816116374196 ) ) ;
#7065 = EDGE_CURVE ( 'NONE', #2804, #561, #7268, .T. ) ;
#7066 = ORIENTED_EDGE ( 'NONE', *, *, #6423, .F. ) ;
#7067 = ORIENTED_EDGE ( 'NONE', *, *, #5277, .T. ) ;
#7068 = ORIENTED_EDGE ( 'NONE', *, *, #5569, .T. ) ;
#7069 = DIRECTION ( 'NONE',  ( 0.000000000000000000, 0.000000000000000000, 1.000000000000000000 ) ) ;
#7070 = EDGE_CURVE ( 'NONE', #6225, #4980, #1853, .T. ) ;
#7071 = CARTESIAN_POINT ( 'NONE',  ( 22.94571554329252550, -48.97761600777977264, -5.515331248676206499 ) ) ;
#7072 = LINE ( 'NONE', #1200, #9077 ) ;
#7073 = CARTESIAN_POINT ( 'NONE',  ( 21.83191265785630009, -60.35055023327117851, -6.308268555037425784 ) ) ;
#7074 = CARTESIAN_POINT ( 'NONE',  ( 14.70198254742774502, -41.61846265065661044, -19.57100038478423087 ) ) ;
#7075 = CARTESIAN_POINT ( 'NONE',  ( 22.59762558411615174, -45.21255001508384197, -8.938300390375381710 ) ) ;
#7076 = CARTESIAN_POINT ( 'NONE',  ( 15.18164279689192675, -35.82092772612246989, -22.07655472628437821 ) ) ;
#7077 = ORIENTED_EDGE ( 'NONE', *, *, #8467, .T. ) ;
#7078 = CARTESIAN_POINT ( 'NONE',  ( 12.33902385690467796, 16.27886524140721036, -44.85076718471644597 ) ) ;
#7079 = CARTESIAN_POINT ( 'NONE',  ( 0.9999999999999974465, -136.9394358138792427, 22.44088499817750915 ) ) ;
#7080 = ORIENTED_EDGE ( 'NONE', *, *, #1728, .F. ) ;
#7081 = CARTESIAN_POINT ( 'NONE',  ( 14.79266808145239409, 14.21197500119929025, -21.29634816116374907 ) ) ;
#7082 = CARTESIAN_POINT ( 'NONE',  ( 14.99999999999999645, -114.2541131032824779, 34.21109269007304476 ) ) ;
#7083 = CARTESIAN_POINT ( 'NONE',  ( 13.70544156170686279, -13.96329293889874990, -21.97937364158465812 ) ) ;
#7084 = CARTESIAN_POINT ( 'NONE',  ( 14.86769199762129645, -39.74182205604829932, -20.37394827230445671 ) ) ;
#7085 = DIRECTION ( 'NONE',  ( 0.000000000000000000, 0.3420201433256697676, 0.9396926207859080948 ) ) ;
#7086 = CARTESIAN_POINT ( 'NONE',  ( 16.09145387269739302, -78.43757008295342814, 16.55034621386052862 ) ) ;
#7087 = EDGE_CURVE ( 'NONE', #1287, #939, #7835, .T. ) ;
#7088 = ORIENTED_EDGE ( 'NONE', *, *, #4224, .T. ) ;
#7089 = CARTESIAN_POINT ( 'NONE',  ( 15.00000000000000000, -121.7164434134138702, 32.16958150831387542 ) ) ;
#7090 = VERTEX_POINT ( 'NONE', #7109 ) ;
#7091 = CARTESIAN_POINT ( 'NONE',  ( 14.78275756306299726, -54.23580781553184949, 22.43491794090315494 ) ) ;
#7092 = CARTESIAN_POINT ( 'NONE',  ( 6.887768942900848401, -76.66303335542657749, 2.203887444650001193 ) ) ;
#7093 = EDGE_CURVE ( 'NONE', #2209, #6867, #2710, .T. ) ;
#7094 = CARTESIAN_POINT ( 'NONE',  ( 14.58152407706823794, -13.40204674831154108, -21.53073078635789983 ) ) ;
#7095 = CIRCLE ( 'NONE', #9097, 1.700000000000000400 ) ;
#7096 = CARTESIAN_POINT ( 'NONE',  ( 16.36603299829170055, -72.51178717788727113, 24.69341315452328800 ) ) ;
#7097 = AXIS2_PLACEMENT_3D ( 'NONE', #244, #3204, #1120 ) ;
#7098 = DIRECTION ( 'NONE',  ( 0.000000000000000000, -0.7660444431189817882, 0.6427876096865347000 ) ) ;
#7099 = CARTESIAN_POINT ( 'NONE',  ( 23.44999999999999929, 26.53753649573820894, -40.29634816116373486 ) ) ;
#7100 = AXIS2_PLACEMENT_3D ( 'NONE', #9514, #8925, #8193 ) ;
#7101 = ORIENTED_EDGE ( 'NONE', *, *, #8885, .T. ) ;
#7102 = DIRECTION ( 'NONE',  ( 0.000000000000000000, -0.7660444431189817882, 0.6427876096865348110 ) ) ;
#7103 = ORIENTED_EDGE ( 'NONE', *, *, #8033, .T. ) ;
#7104 = CARTESIAN_POINT ( 'NONE',  ( 14.99999999999999467, -90.65346769483215894, 40.59960182453306743 ) ) ;
#7105 = CARTESIAN_POINT ( 'NONE',  ( 11.65000000000000036, 0.5375364957381987274, -7.812024437645774810 ) ) ;
#7106 = CARTESIAN_POINT ( 'NONE',  ( 2.151753805472849113, -110.9550732109013609, 15.48605993187768881 ) ) ;
#7107 = CARTESIAN_POINT ( 'NONE',  ( 20.07821856066095734, 15.39198567007427343, -22.54713264907158887 ) ) ;
#7108 = DIRECTION ( 'NONE',  ( -1.000000000000000000, 0.000000000000000000, 0.000000000000000000 ) ) ;
#7109 = CARTESIAN_POINT ( 'NONE',  ( 6.034157695556142009, -79.63623670357654305, 2.727723340683080089 ) ) ;
#7110 = CARTESIAN_POINT ( 'NONE',  ( 13.00000000000000000, 0.5375364957381988384, -19.19634816116375831 ) ) ;
#7111 = ORIENTED_EDGE ( 'NONE', *, *, #7002, .F. ) ;
#7112 = ORIENTED_EDGE ( 'NONE', *, *, #8494, .T. ) ;
#7113 = CARTESIAN_POINT ( 'NONE',  ( 18.25000000000000000, 27.20581053509668834, -18.75923434280892721 ) ) ;
#7114 = CARTESIAN_POINT ( 'NONE',  ( 0.08265036515986853849, -33.99686541749385071, -23.21194410569027156 ) ) ;
#7115 = DIRECTION ( 'NONE',  ( 0.000000000000000000, 0.000000000000000000, 1.000000000000000000 ) ) ;
#7116 = FACE_OUTER_BOUND ( 'NONE', #1445, .T. ) ;
#7117 = DIRECTION ( 'NONE',  ( 0.000000000000000000, -0.9396926207859083169, 0.3420201433256687129 ) ) ;
#7118 = CARTESIAN_POINT ( 'NONE',  ( 14.19140106611658325, -13.43719687577328159, -21.29634816116375262 ) ) ;
#7119 = EDGE_CURVE ( 'NONE', #1264, #6922, #547, .T. ) ;
#7120 = DIRECTION ( 'NONE',  ( 0.000000000000000000, -0.9848077530122094636, 0.1736481776669226429 ) ) ;
#7121 = ORIENTED_EDGE ( 'NONE', *, *, #3431, .T. ) ;
#7122 = CARTESIAN_POINT ( 'NONE',  ( 15.13042609943869365, -36.57326481955922759, -21.68199394706076788 ) ) ;
#7123 = EDGE_LOOP ( 'NONE', ( #2866, #7606, #4313, #4715, #3149 ) ) ;
#7124 = DIRECTION ( 'NONE',  ( 0.000000000000000000, -0.7330462071883311337, 0.6801788427515240709 ) ) ;
#7125 = CARTESIAN_POINT ( 'NONE',  ( 13.28910321907793879, 15.27711608572743707, -22.30844116210424488 ) ) ;
#7126 = CARTESIAN_POINT ( 'NONE',  ( 13.68200075613394695, 14.74795495206437224, -21.29634816116374907 ) ) ;
#7127 = EDGE_CURVE ( 'NONE', #3981, #149, #594, .T. ) ;
#7128 = CARTESIAN_POINT ( 'NONE',  ( 2.081668171172168513E-14, -102.6166046680697406, 44.91963965419321170 ) ) ;
#7129 = CARTESIAN_POINT ( 'NONE',  ( 13.89589036579558545, -13.84820626228349205, -21.86064653656203660 ) ) ;
#7130 = CARTESIAN_POINT ( 'NONE',  ( 22.67114712132007526, -46.06204005677530944, -8.205754184649364902 ) ) ;
#7131 = DIRECTION ( 'NONE',  ( 0.000000000000000000, 0.9878205908619593911, -0.1555971730756354199 ) ) ;
#7132 = ORIENTED_EDGE ( 'NONE', *, *, #2383, .F. ) ;
#7133 = CARTESIAN_POINT ( 'NONE',  ( 1.798272440780871895, -111.4054145684410599, 47.07417783438333458 ) ) ;
#7134 = ORIENTED_EDGE ( 'NONE', *, *, #7374, .T. ) ;
#7135 = CARTESIAN_POINT ( 'NONE',  ( 18.94863938597315922, -17.09070428359137495, -42.82011976938764519 ) ) ;
#7136 = CARTESIAN_POINT ( 'NONE',  ( 6.406602979063118042, -78.35875820672825398, 2.535028553441362131 ) ) ;
#7137 = EDGE_CURVE ( 'NONE', #2760, #2061, #8117, .T. ) ;
#7138 = FACE_OUTER_BOUND ( 'NONE', #408, .T. ) ;
#7139 = CARTESIAN_POINT ( 'NONE',  ( 12.63109957367847969, -14.75526307141514515, -44.34096460462836120 ) ) ;
#7140 = EDGE_CURVE ( 'NONE', #277, #6214, #7786, .T. ) ;
#7141 = CARTESIAN_POINT ( 'NONE',  ( 16.29177670397035271, -24.79589763934933089, -43.42233053943475340 ) ) ;
#7142 = LINE ( 'NONE', #7099, #1323 ) ;
#7143 = VERTEX_POINT ( 'NONE', #406 ) ;
#7144 = CARTESIAN_POINT ( 'NONE',  ( 0.9999999999999991118, -144.6639094361305524, 25.86113461520439927 ) ) ;
#7145 = EDGE_LOOP ( 'NONE', ( #4466, #1570, #6738, #3797 ) ) ;
#7146 = CARTESIAN_POINT ( 'NONE',  ( 15.00000000000000355, -95.63173707941491841, 31.66613826972649548 ) ) ;
#7147 = CARTESIAN_POINT ( 'NONE',  ( 23.44999999999999929, -142.3727122354948165, 24.84663618706120047 ) ) ;
#7148 = CARTESIAN_POINT ( 'NONE',  ( 12.40000000000000213, -54.60113403017650313, -5.910972413209566234 ) ) ;
#7149 = DIRECTION ( 'NONE',  ( 0.000000000000000000, -0.7660444431189817882, 0.6427876096865347000 ) ) ;
#7150 = DIRECTION ( 'NONE',  ( 0.000000000000000000, -0.3420201433256692680, -0.9396926207859083169 ) ) ;
#7151 = CARTESIAN_POINT ( 'NONE',  ( 12.75000000000000000, -79.93222011369321933, 15.70936642126634375 ) ) ;
#7152 = VECTOR ( 'NONE', #8130, 1000.000000000000000 ) ;
#7153 = EDGE_CURVE ( 'NONE', #6384, #9459, #2779, .T. ) ;
#7154 = LINE ( 'NONE', #1191, #1353 ) ;
#7155 = ORIENTED_EDGE ( 'NONE', *, *, #4931, .F. ) ;
#7156 = ORIENTED_EDGE ( 'NONE', *, *, #2730, .F. ) ;
#7157 = LINE ( 'NONE', #505, #2115 ) ;
#7158 = CARTESIAN_POINT ( 'NONE',  ( -14.25000000000000000, -34.26154548852704096, -1.676007379934206343 ) ) ;
#7159 = CARTESIAN_POINT ( 'NONE',  ( 2.099999999999987210, -22.82182225824879751, -15.25357600088131527 ) ) ;
#7160 = DIRECTION ( 'NONE',  ( 1.000000000000000000, -0.000000000000000000, -0.000000000000000000 ) ) ;
#7161 = B_SPLINE_CURVE_WITH_KNOTS ( 'NONE', 3,
 ( #9473, #4097, #8203, #8110 ),
 .UNSPECIFIED., .F., .F.,
 ( 4, 4 ),
 ( 0.000000000000000000, 1.000000000000000000 ),
 .UNSPECIFIED. ) ;
#7162 = CARTESIAN_POINT ( 'NONE',  ( 22.10689548294810081, -37.97632650135280841, -14.10394541180959216 ) ) ;
#7163 = CARTESIAN_POINT ( 'NONE',  ( 15.32958825969117278, -28.96817187822541584, -28.28781623866475670 ) ) ;
#7164 = CARTESIAN_POINT ( 'NONE',  ( 15.35682858635312442, -29.56852482735398979, -27.43170248613724027 ) ) ;
#7165 = ORIENTED_EDGE ( 'NONE', *, *, #4915, .F. ) ;
#7166 = CARTESIAN_POINT ( 'NONE',  ( 6.000000000000000000, -49.46863626127934310, -10.21764939810934791 ) ) ;
#7167 = CARTESIAN_POINT ( 'NONE',  ( 14.05780011166110377, 14.81805003998538339, -21.75990037880854189 ) ) ;
#7168 = CARTESIAN_POINT ( 'NONE',  ( 0.000000000000000000, -61.22867425097130933, 3.148022431374176477 ) ) ;
#7169 = CARTESIAN_POINT ( 'NONE',  ( 21.45112833976719457, -17.09074474330533633, -22.98448361407384866 ) ) ;
#7170 = CARTESIAN_POINT ( 'NONE',  ( 13.11477883159207103, -14.30193695952007893, -22.51501278856056132 ) ) ;
#7171 = EDGE_CURVE ( 'NONE', #287, #2532, #8280, .T. ) ;
#7172 = CARTESIAN_POINT ( 'NONE',  ( 22.16517972885585763, -39.04790457360581257, -13.45301535456589725 ) ) ;
#7173 = CARTESIAN_POINT ( 'NONE',  ( 16.82077939958334412, -16.46246350426196869, -45.29634816116374907 ) ) ;
#7174 = EDGE_CURVE ( 'NONE', #5960, #572, #5969, .T. ) ;
#7175 = ORIENTED_EDGE ( 'NONE', *, *, #1224, .T. ) ;
#7176 = CARTESIAN_POINT ( 'NONE',  ( 1.800395565722525459, -111.3851028556301941, 47.06919850711921072 ) ) ;
#7177 = EDGE_CURVE ( 'NONE', #7621, #8480, #7061, .T. ) ;
#7178 = ORIENTED_EDGE ( 'NONE', *, *, #855, .T. ) ;
#7179 = CARTESIAN_POINT ( 'NONE',  ( 1.174741716672235592, -127.7450817252239119, 19.39573591321325452 ) ) ;
#7180 = ORIENTED_EDGE ( 'NONE', *, *, #6175, .F. ) ;
#7181 = CARTESIAN_POINT ( 'NONE',  ( 10.55000000000000071, 15.09691658955379623, 12.19454492654074684 ) ) ;
#7182 = CARTESIAN_POINT ( 'NONE',  ( 0.000000000000000000, -34.27907187499138075, -20.17117335076154561 ) ) ;
#7183 = EDGE_CURVE ( 'NONE', #3821, #80, #638, .T. ) ;
#7184 = CARTESIAN_POINT ( 'NONE',  ( 11.17721642114541680, -15.44141640269169713, -44.27714226924986463 ) ) ;
#7185 = CLOSED_SHELL ( 'NONE', ( #6300, #7349, #2183, #6038, #6328, #5480, #4664, #4556, #8430, #4814, #8183, #2844, #2253, #968, #3580, #8059, #1741, #6558, #112, #8845, #2425, #2634, #5877, #4173, #297, #2542, #3927, #9425, #2857, #8626, #9481, #3134, #9312, #8171, #2808, #7257, #8613, #6478, #5281, #2957, #7437, #4161, #5030, #940, #7496, #6121, #7624, #5228, #732, #5405, #2511, #2873, #2455, #1592, #1707, #6, #9557, #4613, #6586, #1829, #9304, #9321, #3998, #8551, #2735, #252, #2683, #8714, #2482, #3809, #1970, #1131, #1197, #5446, #8128, #2126, #1135, #2739, #6718, #5171, #6258, #5440, #2007, #2438, #5756, #3464, #8426, #8410, #1503, #20, #7583, #3782, #8567, #5860, #4638, #5444, #1430, #1092, #9088, #4176, #8770, #4141, #9162, #477, #3044, #615, #2550, #2427, #6541, #170, #4259, #6764, #6311, #6884, #8376, #1302, #8022, #3446, #3459, #2308, #3931, #4791, #965, #5698, #3697, #5919, #1715, #6353, #7555, #6068, #5027, #711, #6314, #4051, #6856, #323, #4106, #6459, #3722, #3563, #560, #7490, #4608, #6374, #2417, #8882, #7848, #7709, #4111, #7919, #7714, #5349, #5400, #2323, #6438, #1149, #8194, #5599, #5683, #2609, #6900, #6966, #5999, #6199, #9367, #7293, #2755, #696, #4853, #5509, #7604, #7040, #9065, #644, #6522, #3905, #2452, #2152, #1333, #5744, #1953, #8590, #836, #5151, #4810, #3296, #1799, #5688, #2001, #3010, #5533, #5940, #3549, #8266, #4205, #53, #6016, #3632, #6041, #1778, #7590, #9070, #3856, #6645, #3842, #7675, #8291, #1382, #9389, #6916, #2681, #2089, #7894, #2923, #9004, #7892, #4966, #6289, #5343, #1654, #2252, #7948 ) ) ;
#7186 = LINE ( 'NONE', #5673, #1868 ) ;
#7187 = LINE ( 'NONE', #2035, #5494 ) ;
#7188 = EDGE_CURVE ( 'NONE', #2737, #7143, #6563, .T. ) ;
#7189 = ORIENTED_EDGE ( 'NONE', *, *, #5383, .F. ) ;
#7190 = CARTESIAN_POINT ( 'NONE',  ( 16.64868813891776966, -48.92728027076386610, 18.04705935522349947 ) ) ;
#7191 = ORIENTED_EDGE ( 'NONE', *, *, #8, .F. ) ;
#7192 = CARTESIAN_POINT ( 'NONE',  ( 17.73086840861529012, -53.90700869604216905, -10.71740763386505435 ) ) ;
#7193 = CONICAL_SURFACE ( 'NONE', #7833, 1.900000000000017897, 0.7853981633974508325 ) ;
#7194 = CARTESIAN_POINT ( 'NONE',  ( 15.05329515040384081, -25.30698846260797907, -43.36036201150573532 ) ) ;
#7195 = CARTESIAN_POINT ( 'NONE',  ( 20.04987738210151704, -57.40214594540177018, 18.16627184655438043 ) ) ;
#7196 = DIRECTION ( 'NONE',  ( -0.6612218396122967468, 0.01470930497426023442, 0.7500462086877743850 ) ) ;
#7197 = CARTESIAN_POINT ( 'NONE',  ( 20.01710356348075592, 15.46876992504351556, -22.77230510568067601 ) ) ;
#7198 = DIRECTION ( 'NONE',  ( -1.000000000000000000, 0.000000000000000000, 0.000000000000000000 ) ) ;
#7199 = LINE ( 'NONE', #7151, #8752 ) ;
#7200 = VECTOR ( 'NONE', #1587, 1000.000000000000000 ) ;
#7201 = CARTESIAN_POINT ( 'NONE',  ( 7.399999999999999467, -69.02821919591445976, 13.76615170645137987 ) ) ;
#7202 = EDGE_CURVE ( 'NONE', #2725, #1681, #8927, .T. ) ;
#7203 = VERTEX_POINT ( 'NONE', #828 ) ;
#7204 = CARTESIAN_POINT ( 'NONE',  ( 10.97253063157821984, -65.74880233893239279, 29.04380112197654640 ) ) ;
#7205 = CIRCLE ( 'NONE', #845, 1.000000000000000888 ) ;
#7206 = EDGE_CURVE ( 'NONE', #4634, #3633, #5176, .T. ) ;
#7207 = CYLINDRICAL_SURFACE ( 'NONE', #709, 49.99999999999999289 ) ;
#7208 = CARTESIAN_POINT ( 'NONE',  ( 13.52880719061646175, -58.10907144384422907, -8.189092580537103316 ) ) ;
#7209 = CARTESIAN_POINT ( 'NONE',  ( 15.06541427494653895, -86.13732371397014731, 28.83171693503217270 ) ) ;
#7210 = CARTESIAN_POINT ( 'NONE',  ( 22.55446021113371557, -44.70090903113131731, -9.370660797759681415 ) ) ;
#7211 = CARTESIAN_POINT ( 'NONE',  ( 14.99735456907937525, -38.18933929613171330, -20.96551895437336555 ) ) ;
#7212 = DIRECTION ( 'NONE',  ( 0.000000000000000000, 0.7660444431189822323, -0.6427876096865343669 ) ) ;
#7213 = ORIENTED_EDGE ( 'NONE', *, *, #7798, .T. ) ;
#7214 =( BOUNDED_CURVE ( )  B_SPLINE_CURVE ( 2, ( #9048, #318, #7024 ),
 .UNSPECIFIED., .F., .F. ) 
 B_SPLINE_CURVE_WITH_KNOTS ( ( 3, 3 ),
 ( 0.000000000000000000, 1.000000000000000000 ),
 .UNSPECIFIED. ) 
 CURVE ( )  GEOMETRIC_REPRESENTATION_ITEM ( )  RATIONAL_B_SPLINE_CURVE ( ( 1.000000000000000000, 0.7071067811865477948, 1.000000000000000000 ) ) 
 REPRESENTATION_ITEM ( '' )  );
#7215 = CARTESIAN_POINT ( 'NONE',  ( 11.67836507329181472, 16.15375114552485769, -44.10898897421125042 ) ) ;
#7216 = CARTESIAN_POINT ( 'NONE',  ( 12.99228442897424429, 15.44234720709834185, -22.68551508486947554 ) ) ;
#7217 = DIRECTION ( 'NONE',  ( -1.000000000000000000, -0.000000000000000000, -0.000000000000000000 ) ) ;
#7218 = PLANE ( 'NONE',  #5941 ) ;
#7219 = CARTESIAN_POINT ( 'NONE',  ( 13.49016681584012289, -14.08975614460745263, -22.13817969659574558 ) ) ;
#7220 = LINE ( 'NONE', #568, #2682 ) ;
#7221 = CARTESIAN_POINT ( 'NONE',  ( 16.28006696711520362, -77.64895708015218645, 15.09237240783179956 ) ) ;
#7222 = EDGE_LOOP ( 'NONE', ( #1334, #2806, #1397, #9380, #3574 ) ) ;
#7223 = CARTESIAN_POINT ( 'NONE',  ( 2.310907725360014542, -106.9945568815985695, 45.99287542809445029 ) ) ;
#7224 = ORIENTED_EDGE ( 'NONE', *, *, #5421, .T. ) ;
#7225 = CYLINDRICAL_SURFACE ( 'NONE', #4382, 50.00000000000000000 ) ;
#7226 = ORIENTED_EDGE ( 'NONE', *, *, #6411, .F. ) ;
#7227 = VECTOR ( 'NONE', #5196, 1000.000000000000000 ) ;
#7228 = CARTESIAN_POINT ( 'NONE',  ( 14.24999999999999822, 2.874200784847787737, -8.224041396673744231 ) ) ;
#7229 = CARTESIAN_POINT ( 'NONE',  ( 18.25000000000000000, 27.20581053509668834, -18.75923434280892721 ) ) ;
#7230 = CARTESIAN_POINT ( 'NONE',  ( 12.80830890302721414, -14.47478904253726739, -43.52255968557860655 ) ) ;
#7231 = CARTESIAN_POINT ( 'NONE',  ( 17.72806012910025686, -23.54619109201323468, -43.49409882969784036 ) ) ;
#7232 = CARTESIAN_POINT ( 'NONE',  ( 15.00000000000000000, -119.4282453521839358, 35.00974663818664823 ) ) ;
#7233 = EDGE_CURVE ( 'NONE', #149, #6371, #2226, .T. ) ;
#7234 = VECTOR ( 'NONE', #1482, 1000.000000000000000 ) ;
#7235 = ORIENTED_EDGE ( 'NONE', *, *, #79, .F. ) ;
#7236 = CARTESIAN_POINT ( 'NONE',  ( 20.14289028157842765, -41.66474731002939791, 11.95307062645844987 ) ) ;
#7237 = EDGE_LOOP ( 'NONE', ( #388, #616, #8957, #2314 ) ) ;
#7238 = ORIENTED_EDGE ( 'NONE', *, *, #8443, .F. ) ;
#7239 = CARTESIAN_POINT ( 'NONE',  ( 16.62441015492698781, -21.47862072718013593, -45.29634816116374907 ) ) ;
#7240 = CARTESIAN_POINT ( 'NONE',  ( 21.95985080750686791, -34.62706647751709710, -15.86003939285277831 ) ) ;
#7241 = CARTESIAN_POINT ( 'NONE',  ( 5.999999999999998224, -33.91424913319319501, 0.2936081260902095869 ) ) ;
#7242 = VECTOR ( 'NONE', #6997, 1000.000000000000000 ) ;
#7243 = CARTESIAN_POINT ( 'NONE',  ( 19.96589077771638898, 15.50858501620264107, -22.95670716643538967 ) ) ;
#7244 = DIRECTION ( 'NONE',  ( 0.000000000000000000, 0.000000000000000000, -1.000000000000000000 ) ) ;
#7245 = CARTESIAN_POINT ( 'NONE',  ( 25.00505927025263730, -8.012463504261800651, -21.29634816116374907 ) ) ;
#7246 = CARTESIAN_POINT ( 'NONE',  ( 0.000000000000000000, -12.01246350426180243, -16.46418557693210616 ) ) ;
#7247 = VECTOR ( 'NONE', #7341, 1000.000000000000000 ) ;
#7248 = ORIENTED_EDGE ( 'NONE', *, *, #8473, .T. ) ;
#7249 = CARTESIAN_POINT ( 'NONE',  ( 22.49014984722865407, 25.59101508275333714, -22.27477065839919845 ) ) ;
#7250 =( NAMED_UNIT ( * ) PLANE_ANGLE_UNIT ( ) SI_UNIT ( $, .RADIAN. ) );
#7251 = LINE ( 'NONE', #5600, #5824 ) ;
#7252 = CARTESIAN_POINT ( 'NONE',  ( 21.38904162380059404, -62.14449505711070287, -4.802970115019851605 ) ) ;
#7253 = PLANE ( 'NONE',  #7 ) ;
#7254 = LINE ( 'NONE', #6388, #4849 ) ;
#7255 = EDGE_CURVE ( 'NONE', #263, #2973, #9134, .T. ) ;
#7256 = CARTESIAN_POINT ( 'NONE',  ( 22.18899338934991405, -39.46334266042719463, -13.19100675860583394 ) ) ;
#7257 = ADVANCED_FACE ( 'NONE', ( #6658 ), #1555, .T. ) ;
#7258 = CARTESIAN_POINT ( 'NONE',  ( 15.33003818695003417, -32.95621730657654069, -23.99071647531829754 ) ) ;
#7259 = CARTESIAN_POINT ( 'NONE',  ( 15.25437167126521842, -34.63265638870343111, -22.78015583989601467 ) ) ;
#7260 = ORIENTED_EDGE ( 'NONE', *, *, #421, .F. ) ;
#7261 = CARTESIAN_POINT ( 'NONE',  ( 11.99331248348234347, 15.91318856225820078, -43.84560976906158913 ) ) ;
#7262 = CARTESIAN_POINT ( 'NONE',  ( 12.88693837815892174, 15.49949281294301784, -22.90618098541868974 ) ) ;
#7263 = CARTESIAN_POINT ( 'NONE',  ( 22.46583658998124378, -53.34996212629221901, -0.8536288482544349687 ) ) ;
#7264 = DIRECTION ( 'NONE',  ( 0.7071067811865479058, 8.659560562354930393E-17, 0.7071067811865472397 ) ) ;
#7265 = DIRECTION ( 'NONE',  ( 0.000000000000000000, -1.000000000000000000, 0.000000000000000000 ) ) ;
#7266 = CARTESIAN_POINT ( 'NONE',  ( 21.87977466997851650, -51.75959639105156640, -13.47382443642415240 ) ) ;
#7267 = FACE_OUTER_BOUND ( 'NONE', #7363, .T. ) ;
#7268 =( BOUNDED_CURVE ( )  B_SPLINE_CURVE ( 2, ( #4276, #8651, #4953 ),
 .UNSPECIFIED., .F., .F. ) 
 B_SPLINE_CURVE_WITH_KNOTS ( ( 3, 3 ),
 ( 0.000000000000000000, 1.000000000000000000 ),
 .UNSPECIFIED. ) 
 CURVE ( )  GEOMETRIC_REPRESENTATION_ITEM ( )  RATIONAL_B_SPLINE_CURVE ( ( 1.000000000000000000, 0.6984180809158428982, 1.000000000000000000 ) ) 
 REPRESENTATION_ITEM ( '' )  );
#7269 = EDGE_LOOP ( 'NONE', ( #2887, #6533, #5122, #3384, #6697, #341 ) ) ;
#7270 = DIRECTION ( 'NONE',  ( 1.032573497605243334E-16, -0.3420201433256648826, -0.9396926207859097602 ) ) ;
#7271 = VERTEX_POINT ( 'NONE', #6753 ) ;
#7272 = CARTESIAN_POINT ( 'NONE',  ( 1.079551526923701044, -130.8582010756528575, 20.20723544943447791 ) ) ;
#7273 = ORIENTED_EDGE ( 'NONE', *, *, #5052, .F. ) ;
#7274 = CARTESIAN_POINT ( 'NONE',  ( 12.70277526463459594, -14.64257613365800026, -44.12977781135421651 ) ) ;
#7275 = CARTESIAN_POINT ( 'NONE',  ( 15.50923357693709903, -76.09742027486029770, 33.42898603940363245 ) ) ;
#7276 = CARTESIAN_POINT ( 'NONE',  ( 11.44693665720899567, -15.24914542211580226, -44.21162661060917998 ) ) ;
#7277 = CARTESIAN_POINT ( 'NONE',  ( 17.24845374502662310, -24.06217967526432133, -43.47009208705897976 ) ) ;
#7278 = LINE ( 'NONE', #9456, #8593 ) ;
#7279 = ORIENTED_EDGE ( 'NONE', *, *, #5703, .F. ) ;
#7280 = CARTESIAN_POINT ( 'NONE',  ( 16.05144330580862899, -50.48281402137090623, 19.35230715164166071 ) ) ;
#7281 = ORIENTED_EDGE ( 'NONE', *, *, #411, .F. ) ;
#7282 = EDGE_LOOP ( 'NONE', ( #6081, #3763, #2895, #7017 ) ) ;
#7283 = CARTESIAN_POINT ( 'NONE',  ( 16.02659330768194579, -22.47168830124461536, -45.29634816116374907 ) ) ;
#7284 = CARTESIAN_POINT ( 'NONE',  ( 1.791988094758105721, -115.8516056440100073, 17.04743703012063349 ) ) ;
#7285 = CARTESIAN_POINT ( 'NONE',  ( 14.16440411191417859, -23.46248860239135325, -45.29634816116374907 ) ) ;
#7286 = EDGE_CURVE ( 'NONE', #8634, #9287, #8149, .T. ) ;
#7287 = CARTESIAN_POINT ( 'NONE',  ( 15.00000000000000000, -93.46122018443459467, 31.04758928494024772 ) ) ;
#7288 = CARTESIAN_POINT ( 'NONE',  ( 11.76962837254280281, 16.08511592033123705, -44.05256656852193942 ) ) ;
#7289 = AXIS2_PLACEMENT_3D ( 'NONE', #5048, #8697, #4413 ) ;
#7290 = LINE ( 'NONE', #1419, #4136 ) ;
#7291 = EDGE_CURVE ( 'NONE', #2258, #6662, #2865, .T. ) ;
#7292 = ORIENTED_EDGE ( 'NONE', *, *, #4826, .F. ) ;
#7293 = ADVANCED_FACE ( 'NONE', ( #5 ), #3983, .T. ) ;
#7294 = CARTESIAN_POINT ( 'NONE',  ( 25.00505927025263730, -6.012463504261799763, -21.29634816116374907 ) ) ;
#7295 = CARTESIAN_POINT ( 'NONE',  ( 5.417698327550917625, -83.04445972528475295, 3.177654693752911985 ) ) ;
#7296 = DIRECTION ( 'NONE',  ( 0.000000000000000000, -1.387778780781446149E-14, -1.000000000000000000 ) ) ;
#7297 = CARTESIAN_POINT ( 'NONE',  ( 5.999999999999998224, -76.19643011214637340, 9.598817985670731190 ) ) ;
#7298 = AXIS2_PLACEMENT_3D ( 'NONE', #4162, #614, #9400 ) ;
#7299 = CARTESIAN_POINT ( 'NONE',  ( 0.000000000000000000, -45.46246350426179106, -39.59913607114618372 ) ) ;
#7300 = CIRCLE ( 'NONE', #8536, 7.000000000000000000 ) ;
#7301 = CARTESIAN_POINT ( 'NONE',  ( 17.74275521260374688, -65.21668813167661938, 22.63342426952093689 ) ) ;
#7302 = DIRECTION ( 'NONE',  ( -1.000000000000000000, -0.000000000000000000, -0.000000000000000000 ) ) ;
#7303 = CARTESIAN_POINT ( 'NONE',  ( 14.13187876702133927, -54.81588786112521916, -10.95240171019566588 ) ) ;
#7304 = EDGE_CURVE ( 'NONE', #7406, #6596, #6683, .T. ) ;
#7305 = AXIS2_PLACEMENT_3D ( 'NONE', #1230, #6957, #1033 ) ;
#7306 = DIRECTION ( 'NONE',  ( 0.000000000000000000, 0.000000000000000000, -1.000000000000000000 ) ) ;
#7307 = ORIENTED_EDGE ( 'NONE', *, *, #2565, .F. ) ;
#7308 = CARTESIAN_POINT ( 'NONE',  ( 1.253984747379908615, -125.6797723736628711, 18.97019296496761243 ) ) ;
#7309 = CARTESIAN_POINT ( 'NONE',  ( 13.79152163367472639, 14.98233835639653933, -21.91337832860935109 ) ) ;
#7310 = CARTESIAN_POINT ( 'NONE',  ( 22.81647792805055985, -51.16088489455685107, -2.612912325239263645 ) ) ;
#7311 = CARTESIAN_POINT ( 'NONE',  ( 16.56403464474175635, -14.46246350426196869, -43.29634816116374907 ) ) ;
#7312 = DIRECTION ( 'NONE',  ( -0.000000000000000000, 0.1736481776669232535, 0.9848077530122092416 ) ) ;
#7313 = CARTESIAN_POINT ( 'NONE',  ( 22.70200552465987087, -46.40331258585491980, -7.900983807748805710 ) ) ;
#7314 = CARTESIAN_POINT ( 'NONE',  ( 16.53346993430054113, -76.10435538319671878, 14.52016425251036225 ) ) ;
#7315 = VECTOR ( 'NONE', #1612, 1000.000000000000000 ) ;
#7316 = VERTEX_POINT ( 'NONE', #6854 ) ;
#7317 = CARTESIAN_POINT ( 'NONE',  ( 1.532459736528461125, -114.1381651359107110, 47.74409964419525210 ) ) ;
#7318 = ORIENTED_EDGE ( 'NONE', *, *, #2630, .T. ) ;
#7319 = CARTESIAN_POINT ( 'NONE',  ( 0.9999999999999991118, -136.9394358138791858, 22.44088499817747362 ) ) ;
#7320 = ORIENTED_EDGE ( 'NONE', *, *, #855, .F. ) ;
#7321 = CARTESIAN_POINT ( 'NONE',  ( 2.099999999999987210, -22.82182225824879751, -14.25357600088131171 ) ) ;
#7322 = CARTESIAN_POINT ( 'NONE',  ( 12.75000000000000000, -116.1242084823501983, 39.94962174011556044 ) ) ;
#7323 = EDGE_CURVE ( 'NONE', #4729, #868, #7205, .T. ) ;
#7324 = CARTESIAN_POINT ( 'NONE',  ( 12.72995645089865668, -14.59956782057845359, -44.02524887786766072 ) ) ;
#7325 = CARTESIAN_POINT ( 'NONE',  ( 15.60466719523097368, -25.11598052465836872, -43.38792401803164722 ) ) ;
#7326 = ORIENTED_EDGE ( 'NONE', *, *, #6358, .F. ) ;
#7327 = CARTESIAN_POINT ( 'NONE',  ( 19.00982777065201290, -43.88163615857455824, 13.81326124163369684 ) ) ;
#7328 = VERTEX_POINT ( 'NONE', #2428 ) ;
#7329 = VERTEX_POINT ( 'NONE', #877 ) ;
#7330 = LINE ( 'NONE', #9556, #8586 ) ;
#7331 = CIRCLE ( 'NONE', #814, 38.83706265612282493 ) ;
#7332 = CARTESIAN_POINT ( 'NONE',  ( 1.753145883413498307, -116.4353787337658872, 17.20238580400329909 ) ) ;
#7333 = CARTESIAN_POINT ( 'NONE',  ( 7.613752480109480913, -77.35375392991727495, 34.04788248007380957 ) ) ;
#7334 = DIRECTION ( 'NONE',  ( -0.000000000000000000, 0.4048678968484271112, 0.9143751889140099287 ) ) ;
#7335 = CARTESIAN_POINT ( 'NONE',  ( 11.54985179996980271, 16.24907946340569254, -44.17257523570467015 ) ) ;
#7336 = AXIS2_PLACEMENT_3D ( 'NONE', #8350, #6079, #6184 ) ;
#7337 = VECTOR ( 'NONE', #6375, 1000.000000000000000 ) ;
#7338 = CARTESIAN_POINT ( 'NONE',  ( -14.09999999999999964, -74.66354740713653371, 13.27312437272159151 ) ) ;
#7339 = VECTOR ( 'NONE', #2509, 1000.000000000000000 ) ;
#7340 = ORIENTED_EDGE ( 'NONE', *, *, #2970, .F. ) ;
#7341 = DIRECTION ( 'NONE',  ( -0.000000000000000000, -0.000000000000000000, -1.000000000000000000 ) ) ;
#7342 = CARTESIAN_POINT ( 'NONE',  ( 15.78655198601133058, -82.08705756752857496, 13.95173097619879066 ) ) ;
#7343 = DIRECTION ( 'NONE',  ( 0.000000000000000000, -0.9396926207859082059, 0.3420201433256692125 ) ) ;
#7344 = FACE_OUTER_BOUND ( 'NONE', #5478, .T. ) ;
#7345 = VECTOR ( 'NONE', #727, 1000.000000000000000 ) ;
#7346 = PLANE ( 'NONE',  #6564 ) ;
#7347 = EDGE_CURVE ( 'NONE', #3633, #3934, #1798, .T. ) ;
#7348 = CARTESIAN_POINT ( 'NONE',  ( 25.00505927025263730, -37.81217569550310742, -7.853293775560399759 ) ) ;
#7349 = ADVANCED_FACE ( 'NONE', ( #3445 ), #1891, .T. ) ;
#7350 = CARTESIAN_POINT ( 'NONE',  ( 41.21423633095623984, -38.85406476150464528, -13.76214029363365476 ) ) ;
#7351 = VECTOR ( 'NONE', #3367, 1000.000000000000000 ) ;
#7352 = ORIENTED_EDGE ( 'NONE', *, *, #126, .F. ) ;
#7353 = DIRECTION ( 'NONE',  ( -0.000000000000000000, -0.6427876096865354771, -0.7660444431189813441 ) ) ;
#7354 = CARTESIAN_POINT ( 'NONE',  ( 15.15311204998793393, -89.20083840537418496, 17.04466795434025173 ) ) ;
#7355 = CARTESIAN_POINT ( 'NONE',  ( 23.09025104644171833, -48.96409250283790016, -4.372075337606307066 ) ) ;
#7356 = CARTESIAN_POINT ( 'NONE',  ( 23.15731353376940049, -42.83427068887699818, 9.394105614675204663 ) ) ;
#7357 = CARTESIAN_POINT ( 'NONE',  ( 15.00000000000000000, -120.1554226140695363, 31.84896853206123524 ) ) ;
#7358 = CARTESIAN_POINT ( 'NONE',  ( 3.956951709527122940, -95.96752787015357455, 42.87605311183593670 ) ) ;
#7359 = CARTESIAN_POINT ( 'NONE',  ( 0.000000000000000000, -61.22867425097130933, 3.148022431374176477 ) ) ;
#7360 = VECTOR ( 'NONE', #2869, 1000.000000000000000 ) ;
#7361 = VERTEX_POINT ( 'NONE', #1228 ) ;
#7362 = CARTESIAN_POINT ( 'NONE',  ( 17.36208833677515528, 15.65100087041936305, -43.99688714630512010 ) ) ;
#7363 = EDGE_LOOP ( 'NONE', ( #7885, #5218, #3039, #921 ) ) ;
#7364 = LINE ( 'NONE', #6641, #2371 ) ;
#7365 = EDGE_LOOP ( 'NONE', ( #1920, #5066, #5690, #6152 ) ) ;
#7366 = DIRECTION ( 'NONE',  ( 0.000000000000000000, -0.6427876096865353661, -0.7660444431189813441 ) ) ;
#7367 = DIRECTION ( 'NONE',  ( 0.000000000000000000, -0.9848077530122093526, 0.1736481776669228927 ) ) ;
#7368 = CARTESIAN_POINT ( 'NONE',  ( 16.69167598244120043, -80.29308569635850290, 2.839500065100624582 ) ) ;
#7369 = CARTESIAN_POINT ( 'NONE',  ( 14.99999999999999822, -129.8437092838382512, 39.44407487892276265 ) ) ;
#7370 = EDGE_CURVE ( 'NONE', #8676, #4912, #4125, .T. ) ;
#7371 = AXIS2_PLACEMENT_3D ( 'NONE', #8702, #2052, #5788 ) ;
#7372 = ORIENTED_EDGE ( 'NONE', *, *, #888, .F. ) ;
#7373 = CARTESIAN_POINT ( 'NONE',  ( 15.76620944017266623, -51.32341524891871387, 20.05765533164419523 ) ) ;
#7374 = EDGE_CURVE ( 'NONE', #1730, #8721, #8539, .T. ) ;
#7375 = ORIENTED_EDGE ( 'NONE', *, *, #2722, .T. ) ;
#7376 = ORIENTED_EDGE ( 'NONE', *, *, #9571, .F. ) ;
#7377 = CARTESIAN_POINT ( 'NONE',  ( -4.400000000000000355, -140.1086479597152561, 31.06710166095935222 ) ) ;
#7378 = CARTESIAN_POINT ( 'NONE',  ( 13.52961484898642119, -14.06332798846985277, -22.09738435173879978 ) ) ;
#7379 = PLANE ( 'NONE',  #5219 ) ;
#7380 =( BOUNDED_CURVE ( )  B_SPLINE_CURVE ( 3, ( #7105, #5538, #1994, #7009 ),
 .UNSPECIFIED., .F., .F. ) 
 B_SPLINE_CURVE_WITH_KNOTS ( ( 4, 4 ),
 ( 4.712388980384689674, 6.389769976796856987 ),
 .UNSPECIFIED. ) 
 CURVE ( )  GEOMETRIC_REPRESENTATION_ITEM ( )  RATIONAL_B_SPLINE_CURVE ( ( 1.000000000000000000, 0.7789582431887948077, 0.7789582431887948077, 1.000000000000000000 ) ) 
 REPRESENTATION_ITEM ( '' )  );
#7381 = CARTESIAN_POINT ( 'NONE',  ( 17.68759742694519588, -65.47208554956456794, 22.72206109218551262 ) ) ;
#7382 = CARTESIAN_POINT ( 'NONE',  ( 12.01602519141502157, 15.89546482406780470, -43.81722455381784442 ) ) ;
#7383 = AXIS2_PLACEMENT_3D ( 'NONE', #6480, #5098, #9382 ) ;
#7384 = CARTESIAN_POINT ( 'NONE',  ( 23.28325370891903745, -121.7846418543900171, 24.39770886610873646 ) ) ;
#7385 = VECTOR ( 'NONE', #6017, 1000.000000000000000 ) ;
#7386 = ORIENTED_EDGE ( 'NONE', *, *, #5036, .F. ) ;
#7387 = CARTESIAN_POINT ( 'NONE',  ( 12.19083461222122722, -14.68197569938395475, -21.29634816116374907 ) ) ;
#7388 = CARTESIAN_POINT ( 'NONE',  ( 15.05359001427611965, -91.37188114468487754, 18.42777760891077321 ) ) ;
#7389 = DIRECTION ( 'NONE',  ( 1.000000000000000000, 0.000000000000000000, 0.000000000000000000 ) ) ;
#7390 = DIRECTION ( 'NONE',  ( -1.000000000000000000, 0.000000000000000000, 0.000000000000000000 ) ) ;
#7391 = CARTESIAN_POINT ( 'NONE',  ( 12.98947926194098912, -59.34413485044049708, 25.88398852305718378 ) ) ;
#7392 = CARTESIAN_POINT ( 'NONE',  ( 20.39612062771130141, -61.75182069884252911, 5.793629176808388515 ) ) ;
#7393 = CIRCLE ( 'NONE', #2751, 1.700000000000000400 ) ;
#7394 = VECTOR ( 'NONE', #1946, 1000.000000000000227 ) ;
#7395 = CARTESIAN_POINT ( 'NONE',  ( 0.000000000000000000, -23.46246350426182303, -45.29634816116374907 ) ) ;
#7396 = CARTESIAN_POINT ( 'NONE',  ( 14.99999999999985079, -87.21431444438192671, 38.90540243965920553 ) ) ;
#7397 = ORIENTED_EDGE ( 'NONE', *, *, #9563, .T. ) ;
#7398 = CARTESIAN_POINT ( 'NONE',  ( 19.56543616365174643, -13.75026391790882130, -21.76575694392315086 ) ) ;
#7399 = CARTESIAN_POINT ( 'NONE',  ( 6.000000000000000000, -75.82056510457229592, 11.89424437510743537 ) ) ;
#7400 = DIRECTION ( 'NONE',  ( 0.000000000000000000, -0.9463118589240424594, 0.3232551092554040162 ) ) ;
#7401 = CARTESIAN_POINT ( 'NONE',  ( 21.76016592451083653, -51.25867265896834368, 13.71934500256969791 ) ) ;
#7402 = CARTESIAN_POINT ( 'NONE',  ( 6.550000000000000711, -1.840670683269387320, -10.43896218192943337 ) ) ;
#7403 = CARTESIAN_POINT ( 'NONE',  ( 3.882726615578028007, -96.40358768395533673, 43.03486302578600231 ) ) ;
#7404 = EDGE_CURVE ( 'NONE', #8261, #9322, #9523, .T. ) ;
#7405 = DIRECTION ( 'NONE',  ( 1.000000000000000000, -0.000000000000000000, -0.000000000000000000 ) ) ;
#7406 = VERTEX_POINT ( 'NONE', #347 ) ;
#7407 = VERTEX_POINT ( 'NONE', #2670 ) ;
#7408 = CARTESIAN_POINT ( 'NONE',  ( 5.785511251114816567, -85.89756278093665287, 38.25674281451664882 ) ) ;
#7409 = EDGE_CURVE ( 'NONE', #8835, #1742, #6458, .T. ) ;
#7410 = EDGE_LOOP ( 'NONE', ( #2467, #8152, #8307, #1667 ) ) ;
#7411 = DIRECTION ( 'NONE',  ( 0.000000000000000000, -0.9848077530122093526, 0.1736481776669228927 ) ) ;
#7412 = ORIENTED_EDGE ( 'NONE', *, *, #6951, .T. ) ;
#7413 = CARTESIAN_POINT ( 'NONE',  ( 23.01068844095272681, -49.69387347628757823, -4.874037137159397126 ) ) ;
#7414 = DIRECTION ( 'NONE',  ( 0.000000000000000000, 0.000000000000000000, 1.000000000000000000 ) ) ;
#7415 = CARTESIAN_POINT ( 'NONE',  ( 4.400000000000000355, -134.4905311952501847, 33.49182103046094738 ) ) ;
#7416 = FACE_BOUND ( 'NONE', #1266, .T. ) ;
#7417 = CARTESIAN_POINT ( 'NONE',  ( 22.93313495648726885, 30.18539623872731426, -15.55553648738831640 ) ) ;
#7418 = ORIENTED_EDGE ( 'NONE', *, *, #1692, .F. ) ;
#7419 = CARTESIAN_POINT ( 'NONE',  ( 21.28053362436348195, -39.42074628307656781, 10.07013019238091189 ) ) ;
#7421 = EDGE_CURVE ( 'NONE', #3586, #94, #68, .T. ) ;
#7420 = EDGE_LOOP ( 'NONE', ( #7592, #180, #4140, #7543, #2408 ) ) ;
#7422 = ORIENTED_EDGE ( 'NONE', *, *, #8304, .F. ) ;
#7423 = CARTESIAN_POINT ( 'NONE',  ( 15.26861547987474665, -23.07679744670272370, -45.29634816116374907 ) ) ;
#7424 = EDGE_CURVE ( 'NONE', #1730, #8676, #6368, .T. ) ;
#7425 = CARTESIAN_POINT ( 'NONE',  ( 3.000000000000000000, -122.2275424939940365, 29.02845816006089663 ) ) ;
#7426 = CARTESIAN_POINT ( 'NONE',  ( 7.399999999999999467, -71.59936963466060433, 10.70197393397544339 ) ) ;
#7427 = CARTESIAN_POINT ( 'NONE',  ( 18.48985850997903668, -62.20753434144558724, 21.31916612227180252 ) ) ;
#7428 = CARTESIAN_POINT ( 'NONE',  ( 11.48403040133688968, 16.29725455676702239, -44.19862873552750671 ) ) ;
#7429 = CARTESIAN_POINT ( 'NONE',  ( 15.00000000000074074, -94.90588680724096093, 42.49846220660915463 ) ) ;
#7430 = VERTEX_POINT ( 'NONE', #5720 ) ;
#7431 = FACE_OUTER_BOUND ( 'NONE', #1367, .T. ) ;
#7432 = CARTESIAN_POINT ( 'NONE',  ( 2.926504147419392687, -102.6166046680697406, 44.91963965419321170 ) ) ;
#7433 = LINE ( 'NONE', #2329, #6095 ) ;
#7434 = DIRECTION ( 'NONE',  ( 0.000000000000000000, -0.1736481776669229482, -0.9848077530122093526 ) ) ;
#7435 = CARTESIAN_POINT ( 'NONE',  ( 20.34827234278492369, 14.18196713623609462, -21.39849567188189639 ) ) ;
#7436 = CARTESIAN_POINT ( 'NONE',  ( 16.63731444857310748, -75.34936029161102056, 14.63949565405293995 ) ) ;
#7437 = ADVANCED_FACE ( 'NONE', ( #1125 ), #7961, .F. ) ;
#7438 = FACE_OUTER_BOUND ( 'NONE', #2816, .T. ) ;
#7439 = VECTOR ( 'NONE', #2778, 1000.000000000000227 ) ;
#7440 = FACE_OUTER_BOUND ( 'NONE', #1448, .T. ) ;
#7441 = CARTESIAN_POINT ( 'NONE',  ( 15.00000000000000000, -89.96954021281597136, 29.99080047878769406 ) ) ;
#7442 = VERTEX_POINT ( 'NONE', #9272 ) ;
#7443 = CARTESIAN_POINT ( 'NONE',  ( 19.55389595901614541, -13.78904277097180753, -21.79893454087101290 ) ) ;
#7444 = CIRCLE ( 'NONE', #6841, 1.599999999999991873 ) ;
#7445 = CARTESIAN_POINT ( 'NONE',  ( 4.451569046540651442, 33.23408837625619583, -14.49908293398852521 ) ) ;
#7446 = VECTOR ( 'NONE', #2303, 1000.000000000000000 ) ;
#7447 = LINE ( 'NONE', #72, #569 ) ;
#7448 = CARTESIAN_POINT ( 'NONE',  ( 2.031168651311668684E-19, -58.16429889632826189, 22.35724103793143058 ) ) ;
#7449 = LINE ( 'NONE', #5209, #1211 ) ;
#7450 = DIRECTION ( 'NONE',  ( 1.000000000000000000, 0.000000000000000000, -0.000000000000000000 ) ) ;
#7451 = CARTESIAN_POINT ( 'NONE',  ( 14.99999999999973888, -108.3533491677275151, 46.32597739441337126 ) ) ;
#7452 = FACE_OUTER_BOUND ( 'NONE', #8234, .T. ) ;
#7453 = ORIENTED_EDGE ( 'NONE', *, *, #2966, .T. ) ;
#7454 = AXIS2_PLACEMENT_3D ( 'NONE', #5086, #5770, #2910 ) ;
#7455 = B_SPLINE_CURVE_WITH_KNOTS ( 'NONE', 3,
 ( #665, #3485, #3625, #6597 ),
 .UNSPECIFIED., .F., .F.,
 ( 4, 4 ),
 ( 0.000000000000000000, 1.000000000000000000 ),
 .UNSPECIFIED. ) ;
#7456 = ORIENTED_EDGE ( 'NONE', *, *, #882, .T. ) ;
#7457 = DIRECTION ( 'NONE',  ( -1.000000000000000000, 0.000000000000000000, -0.000000000000000000 ) ) ;
#7458 = ORIENTED_EDGE ( 'NONE', *, *, #2591, .T. ) ;
#7459 = DIRECTION ( 'NONE',  ( 0.000000000000000000, 0.7660444431189817882, -0.6427876096865348110 ) ) ;
#7460 = VERTEX_POINT ( 'NONE', #7871 ) ;
#7461 = EDGE_CURVE ( 'NONE', #9226, #2086, #7187, .T. ) ;
#7462 = CARTESIAN_POINT ( 'NONE',  ( 15.00000000000000000, -125.3019863228715138, 33.02276443349926183 ) ) ;
#7463 = CARTESIAN_POINT ( 'NONE',  ( 20.15172299113854493, -21.60935327148796858, -32.48728594617821130 ) ) ;
#7464 = CARTESIAN_POINT ( 'NONE',  ( 0.000000000000000000, -39.23241120174885310, 6.648580071770402888 ) ) ;
#7465 = CARTESIAN_POINT ( 'NONE',  ( 16.30697317944641256, -78.35062957851495469, 13.16409241317461642 ) ) ;
#7466 = CARTESIAN_POINT ( 'NONE',  ( 12.19533579357451991, -127.5278709313557925, 45.80678845947542754 ) ) ;
#7467 = EDGE_CURVE ( 'NONE', #3823, #9496, #6273, .T. ) ;
#7468 = EDGE_CURVE ( 'NONE', #2671, #410, #7142, .T. ) ;
#7469 = VERTEX_POINT ( 'NONE', #6412 ) ;
#7470 = CARTESIAN_POINT ( 'NONE',  ( 21.28683618623835727, -39.40811325904203244, 10.05952982657287542 ) ) ;
#7471 = ORIENTED_EDGE ( 'NONE', *, *, #9092, .F. ) ;
#7472 = ORIENTED_EDGE ( 'NONE', *, *, #8371, .F. ) ;
#7473 = EDGE_CURVE ( 'NONE', #3197, #3934, #9411, .T. ) ;
#7474 = LINE ( 'NONE', #3777, #2999 ) ;
#7475 = DIRECTION ( 'NONE',  ( -1.000000000000000000, 0.000000000000000000, 0.000000000000000000 ) ) ;
#7476 = DIRECTION ( 'NONE',  ( 1.000000000000000000, 0.000000000000000000, 0.000000000000000000 ) ) ;
#7477 = CARTESIAN_POINT ( 'NONE',  ( 16.87695203748271311, -69.40038072257262058, 23.97605037556148844 ) ) ;
#7478 = DIRECTION ( 'NONE',  ( -1.000000000000000000, 0.000000000000000000, 0.000000000000000000 ) ) ;
#7479 = EDGE_CURVE ( 'NONE', #5951, #2074, #9365, .T. ) ;
#7480 = CARTESIAN_POINT ( 'NONE',  ( 11.65000000000000036, -0.9583552670343615798, -7.548258359649438809 ) ) ;
#7481 = VECTOR ( 'NONE', #4918, 1000.000000000000114 ) ;
#7482 = ORIENTED_EDGE ( 'NONE', *, *, #3399, .F. ) ;
#7483 = DIRECTION ( 'NONE',  ( 0.1251691050984282683, 1.377370334337848965E-15, 0.9921354217690540045 ) ) ;
#7484 = CARTESIAN_POINT ( 'NONE',  ( 15.51065072364477970, -84.56151287986403986, 14.77410841057576363 ) ) ;
#7485 = CARTESIAN_POINT ( 'NONE',  ( 11.14229830988455205, -15.46561739764762855, -44.28103206606224518 ) ) ;
#7486 = CARTESIAN_POINT ( 'NONE',  ( 13.89999999999999858, 0.000000000000000000, 0.000000000000000000 ) ) ;
#7487 = CARTESIAN_POINT ( 'NONE',  ( 16.54613022010998691, -74.24009995121029704, 18.30908732766084412 ) ) ;
#7488 = AXIS2_PLACEMENT_3D ( 'NONE', #5356, #222, #4820 ) ;
#7489 = CARTESIAN_POINT ( 'NONE',  ( 3.000000000000000000, -22.82182225824879751, -14.25357600088131171 ) ) ;
#7490 = ADVANCED_FACE ( 'NONE', ( #2577 ), #5674, .F. ) ;
#7491 = AXIS2_PLACEMENT_3D ( 'NONE', #3795, #8115, #6579 ) ;
#7492 = CARTESIAN_POINT ( 'NONE',  ( 0.000000000000000000, -18.96246350426187632, -21.29634816116374907 ) ) ;
#7493 = ORIENTED_EDGE ( 'NONE', *, *, #378, .F. ) ;
#7494 = CARTESIAN_POINT ( 'NONE',  ( 0.000000000000000000, -59.22789547348781980, 26.69030177272813020 ) ) ;
#7495 = CARTESIAN_POINT ( 'NONE',  ( 15.00000000000000000, -90.13989042964536225, 30.04309669637526525 ) ) ;
#7496 = ADVANCED_FACE ( 'NONE', ( #1274 ), #8685, .F. ) ;
#7497 = ORIENTED_EDGE ( 'NONE', *, *, #7020, .T. ) ;
#7498 = CARTESIAN_POINT ( 'NONE',  ( 12.19077217138195124, 15.75709870599454554, -43.38611247190733877 ) ) ;
#7499 = LINE ( 'NONE', #4381, #981 ) ;
#7500 = AXIS2_PLACEMENT_3D ( 'NONE', #9346, #653, #3611 ) ;
#7501 = CARTESIAN_POINT ( 'NONE',  ( 15.50579140946021717, -1.664770515850493293, -5.392845067927788172 ) ) ;
#7502 = CARTESIAN_POINT ( 'NONE',  ( 11.65000000000000036, 0.5375364957381987274, -18.29634816116374907 ) ) ;
#7503 = CARTESIAN_POINT ( 'NONE',  ( 15.00000000000000178, -96.20518653584797164, 21.94156909789569099 ) ) ;
#7504 = CARTESIAN_POINT ( 'NONE',  ( 0.000000000000000000, -20.10861407777597520, -8.944056119628848833 ) ) ;
#7505 = CARTESIAN_POINT ( 'NONE',  ( 14.99999999999946887, -105.5743881820171595, 45.64472730334704664 ) ) ;
#7506 = DIRECTION ( 'NONE',  ( 0.000000000000000000, 0.000000000000000000, -1.000000000000000000 ) ) ;
#7507 = AXIS2_PLACEMENT_3D ( 'NONE', #5799, #2064, #6536 ) ;
#7508 = EDGE_LOOP ( 'NONE', ( #4706, #6542, #664, #1895 ) ) ;
#7509 = CARTESIAN_POINT ( 'NONE',  ( 0.000000000000000000, -34.27907187499138075, -20.17117335076154561 ) ) ;
#7510 = ORIENTED_EDGE ( 'NONE', *, *, #6296, .F. ) ;
#7511 = FACE_OUTER_BOUND ( 'NONE', #771, .T. ) ;
#7512 = ORIENTED_EDGE ( 'NONE', *, *, #2970, .T. ) ;
#7513 = CARTESIAN_POINT ( 'NONE',  ( 15.00000000000507150, -112.8760168801527755, 16.18677120297012095 ) ) ;
#7514 = CARTESIAN_POINT ( 'NONE',  ( 21.87084967911190247, -32.98191220804667267, -16.85557948614400559 ) ) ;
#7515 = CARTESIAN_POINT ( 'NONE',  ( 4.400000000000000355, -138.6721633577474506, 35.01381066826016308 ) ) ;
#7516 = CARTESIAN_POINT ( 'NONE',  ( 16.55023710294779704, -76.77903558517472504, 12.80496781111449067 ) ) ;
#7517 = CARTESIAN_POINT ( 'NONE',  ( 22.41545001104327994, 30.99730985317000886, -15.70687772348547817 ) ) ;
#7518 = ORIENTED_EDGE ( 'NONE', *, *, #7174, .T. ) ;
#7519 = CARTESIAN_POINT ( 'NONE',  ( 19.24282796144103713, 23.68289027652415513, -43.52308096153043238 ) ) ;
#7520 = ORIENTED_EDGE ( 'NONE', *, *, #1844, .F. ) ;
#7521 = ORIENTED_EDGE ( 'NONE', *, *, #4277, .T. ) ;
#7522 = CARTESIAN_POINT ( 'NONE',  ( 20.44996612925488932, 21.42720991147632148, -37.71181063133003875 ) ) ;
#7523 =( BOUNDED_SURFACE ( )  B_SPLINE_SURFACE ( 2, 3, ( 
 ( #2813, #6827, #6092, #4581, #2862, #6552, #3080, #3129, #5815, #8780, #853, #172, #5357, #2127, #7232, #2402, #5083, #6043, #1407, #8051 ),
 ( #8319, #8220, #7505, #4355, #581, #3534, #7451, #3806, #1580, #8008, #2299, #5767, #6780, #801, #3758, #8733, #5039, #6730, #122, #77 ),
 ( #5997, #5257, #8951, #2348, #5307, #904, #8270, #7553, #3853, #1776, #3903, #371, #1866, #5407, #7748, #8363, #321, #4723, #2453, #9103 ) ),
 .UNSPECIFIED., .F., .F., .F. ) 
 B_SPLINE_SURFACE_WITH_KNOTS ( ( 3, 3 ),
 ( 4, 2, 2, 2, 2, 2, 2, 2, 2, 4 ),
 ( 0.000000000000000000, 1.000000000000000000 ),
 ( 0.7645315221838204778, 0.7822121079886816819, 0.7998926937935428860, 0.8087329866959734881, 0.8175732795984040902, 0.8529344512081264984, 0.8882956228178489066, 0.9059762086227101108, 0.9236567944275713149, 0.9413373802324324080 ),
 .UNSPECIFIED. ) 
 GEOMETRIC_REPRESENTATION_ITEM ( )  RATIONAL_B_SPLINE_SURFACE ( (
 ( 1.000000000000000000, 1.000000000000000000, 1.000000000000000000, 1.000000000000000000, 1.000000000000000000, 1.000000000000000000, 1.000000000000000000, 1.000000000000000000, 1.000000000000000000, 1.000000000000000000, 1.000000000000000000, 1.000000000000000000, 1.000000000000000000, 1.000000000000000000, 1.000000000000000000, 1.000000000000000000, 1.000000000000000000, 1.000000000000000000, 1.000000000000000000, 1.000000000000000000),
 ( 0.6984180809158428982, 0.6984180809158428982, 0.6984314037616172754, 0.6988087527339836846, 0.6991724950025285379, 0.6999795258807134379, 0.7002895169147825838, 0.7009664375193852548, 0.7013331284953978617, 0.7032231207868784306, 0.7048307432631866210, 0.7066806148198596649, 0.7069698301569983245, 0.7071002214082970916, 0.7071035000328654840, 0.7071077834398699080, 0.7071067811865466846, 0.7071067811865466846, 0.7071067811865466846, 0.7071067811865466846),
 ( 1.000000000000000000, 1.000000000000000000, 1.000000000000000000, 1.000000000000000000, 1.000000000000000000, 1.000000000000000000, 1.000000000000000000, 1.000000000000000000, 1.000000000000000000, 1.000000000000000000, 1.000000000000000000, 1.000000000000000000, 1.000000000000000000, 1.000000000000000000, 1.000000000000000000, 1.000000000000000000, 1.000000000000000000, 1.000000000000000000, 1.000000000000000000, 1.000000000000000000) ) ) 
 REPRESENTATION_ITEM ( '' )  SURFACE ( )  );
#7524 = CARTESIAN_POINT ( 'NONE',  ( 13.98666959259117348, -13.78742041359714143, -21.79816874753609568 ) ) ;
#7525 = CARTESIAN_POINT ( 'NONE',  ( 8.298802855092946018, -74.71357662762078178, 32.74727548882468398 ) ) ;
#7526 = CARTESIAN_POINT ( 'NONE',  ( 19.65137614678898359, -58.57735115207956511, 19.00500654401064793 ) ) ;
#7527 = CARTESIAN_POINT ( 'NONE',  ( 12.71170095441657999, 15.70353179235952545, -44.09514071171043526 ) ) ;
#7528 = EDGE_CURVE ( 'NONE', #8261, #3633, #3306, .T. ) ;
#7529 = CARTESIAN_POINT ( 'NONE',  ( 15.00000000000074252, -93.78918614991111724, 42.04952566762978705 ) ) ;
#7530 = ORIENTED_EDGE ( 'NONE', *, *, #6733, .F. ) ;
#7531 = CARTESIAN_POINT ( 'NONE',  ( 12.23880547039633981, 15.71850919552246140, -22.80120203337452267 ) ) ;
#7532 = CARTESIAN_POINT ( 'NONE',  ( 14.23913406603579901, -25.46246350426179816, -39.59913607114618372 ) ) ;
#7533 = DIRECTION ( 'NONE',  ( -0.1251691050984282683, -1.376864485992742040E-15, -0.9921354217690540045 ) ) ;
#7534 = VECTOR ( 'NONE', #2924, 1000.000000000000000 ) ;
#7535 = CARTESIAN_POINT ( 'NONE',  ( 19.63921500495454353, -13.46476424399469707, -21.56068455648368243 ) ) ;
#7536 = CARTESIAN_POINT ( 'NONE',  ( -37.07224088444629473, -80.69594337995211220, 4.236506883837865445 ) ) ;
#7537 = DIRECTION ( 'NONE',  ( -1.000000000000000000, -0.000000000000000000, -0.000000000000000000 ) ) ;
#7538 = DIRECTION ( 'NONE',  ( -1.000000000000000000, 0.000000000000000000, 0.000000000000000000 ) ) ;
#7539 = CARTESIAN_POINT ( 'NONE',  ( 0.000000000000000000, -34.71447329368038481, 6.121098262759037567 ) ) ;
#7540 = EDGE_LOOP ( 'NONE', ( #9426, #3297, #991, #3725 ) ) ;
#7541 = ORIENTED_EDGE ( 'NONE', *, *, #3684, .T. ) ;
#7542 = CARTESIAN_POINT ( 'NONE',  ( 21.91096774513817991, -33.68555813761304307, -16.41351747920842996 ) ) ;
#7543 = ORIENTED_EDGE ( 'NONE', *, *, #5717, .F. ) ;
#7544 = CARTESIAN_POINT ( 'NONE',  ( 78.44999999999998863, -96.25938618534011937, 43.36119543977545021 ) ) ;
#7545 = FACE_OUTER_BOUND ( 'NONE', #7818, .T. ) ;
#7546 = CARTESIAN_POINT ( 'NONE',  ( 10.29740121413877318, -68.12636717597195002, 29.92908060289245498 ) ) ;
#7547 = CIRCLE ( 'NONE', #4596, 2.999999999999999112 ) ;
#7548 = CARTESIAN_POINT ( 'NONE',  ( 16.58246250791178156, -68.47573229189882227, 30.05623910598080073 ) ) ;
#7549 = CARTESIAN_POINT ( 'NONE',  ( 15.00000000000000000, -136.9394358138791858, 22.44088499817747362 ) ) ;
#7550 = EDGE_CURVE ( 'NONE', #9313, #6662, #8488, .T. ) ;
#7551 = VECTOR ( 'NONE', #7475, 1000.000000000000000 ) ;
#7552 = CARTESIAN_POINT ( 'NONE',  ( 3.795525740891511290, -96.91889965283233721, 43.21995243835947065 ) ) ;
#7553 = CARTESIAN_POINT ( 'NONE',  ( 2.280059852222973582, -107.2429258322862182, 46.05376198646767705 ) ) ;
#7554 = CARTESIAN_POINT ( 'NONE',  ( 15.29688818030069086, -12.85056181663706099, -21.29634816116375262 ) ) ;
#7555 = ADVANCED_FACE ( 'NONE', ( #2082 ), #9050, .F. ) ;
#7556 = ORIENTED_EDGE ( 'NONE', *, *, #4739, .T. ) ;
#7557 = DIRECTION ( 'NONE',  ( 0.000000000000000000, -0.3420201433256722656, -0.9396926207859069846 ) ) ;
#7558 = ORIENTED_EDGE ( 'NONE', *, *, #2982, .T. ) ;
#7559 = CARTESIAN_POINT ( 'NONE',  ( 15.85086760509274484, -12.46246350426197580, -21.29634816116374907 ) ) ;
#7560 = EDGE_LOOP ( 'NONE', ( #4571, #5723, #8783, #2762 ) ) ;
#7561 = CARTESIAN_POINT ( 'NONE',  ( 1.619402183822475694, -118.5407681345932787, 17.72030871944969377 ) ) ;
#7562 = CARTESIAN_POINT ( 'NONE',  ( 21.69521566793508782, -30.48109574908762553, -18.68867935003068226 ) ) ;
#7563 = CARTESIAN_POINT ( 'NONE',  ( 0.000000000000000000, -18.96246350426187632, -44.29634816116370644 ) ) ;
#7564 = CARTESIAN_POINT ( 'NONE',  ( 16.72704386596949533, -80.08811044127939738, 2.816933494125745341 ) ) ;
#7565 = CARTESIAN_POINT ( 'NONE',  ( 15.00000000000000000, -96.33415001324334526, 31.83641859640548688 ) ) ;
#7566 = B_SPLINE_CURVE_WITH_KNOTS ( 'NONE', 3,
 ( #5989, #5205, #6821, #3122, #6085, #1480, #4477, #163, #5893, #6630, #2290, #1574, #2395, #4523, #7398, #7443, #6674, #795, #8850, #5351, #117, #9576, #1434, #3073, #4429, #8991, #749, #2340, #5301, #4575, #2931, #25, #3702, #2195, #5156, #4044, #4768, #8404, #1814, #9189, #313, #216, #1094, #4717, #5501, #7741, #1670, #6465 ),
 .UNSPECIFIED., .F., .F.,
 ( 4, 2, 2, 1, 2, 2, 2, 2, 1, 2, 2, 2, 1, 1, 2, 2, 2, 1, 1, 1, 2, 2, 2, 2, 1, 2, 2, 4 ),
 ( 0.000000000000000000, 0.1250000000000069666, 0.1875000000000102696, 0.2187500000000106859, 0.2343750000000109079, 0.2500000000000111022, 0.3750000000000083267, 0.4375000000000057732, 0.4687500000000035527, 0.4843750000000018319, 0.5000000000000001110, 0.5624999999999968914, 0.5937499999999961142, 0.6093749999999957812, 0.6171874999999955591, 0.6249999999999953371, 0.6874999999999814593, 0.7187499999999745759, 0.7343749999999696909, 0.7421874999999669154, 0.7460937499999659162, 0.7499999999999648059, 0.8124999999999690248, 0.8437499999999723554, 0.8593749999999722444, 0.8671874999999735767, 0.8749999999999749090, 1.000000000000000000 ),
 .UNSPECIFIED. ) ;
#7567 = CARTESIAN_POINT ( 'NONE',  ( 22.20426836183338182, 31.24942237538027001, -15.75057263307835775 ) ) ;
#7568 = EDGE_CURVE ( 'NONE', #3447, #818, #7278, .T. ) ;
#7569 = VERTEX_POINT ( 'NONE', #6507 ) ;
#7570 = CARTESIAN_POINT ( 'NONE',  ( 17.73005051259273657, 21.47134054516793000, -45.29634816116374196 ) ) ;
#7571 = VERTEX_POINT ( 'NONE', #9503 ) ;
#7572 = VERTEX_POINT ( 'NONE', #3583 ) ;
#7573 = CARTESIAN_POINT ( 'NONE',  ( 23.73188222302021799, -76.10435538319671878, 14.52016425251036225 ) ) ;
#7574 = CARTESIAN_POINT ( 'NONE',  ( 13.54852677145373185, -14.05223705612795193, -22.08273353275468764 ) ) ;
#7575 = PLANE ( 'NONE',  #6476 ) ;
#7576 = CARTESIAN_POINT ( 'NONE',  ( 3.719133390721931054, -94.77986763767108869, 7.245994678361252106 ) ) ;
#7577 = CARTESIAN_POINT ( 'NONE',  ( 12.77925525088327596, 15.59627742602075884, -43.77943824049257415 ) ) ;
#7578 = CARTESIAN_POINT ( 'NONE',  ( 11.65000000000000036, 0.5375364957381987274, -7.812024437645774810 ) ) ;
#7579 =( BOUNDED_SURFACE ( )  B_SPLINE_SURFACE ( 2, 3, ( 
 ( #9144, #6927, #1774, #4721, #269, #6976, #6244, #8460, #1817, #2742, #8561, #7936, #6433, #4238 ),
 ( #2644, #7252, #5695, #7073, #1864, #2053, #1338, #6482, #7843, #5601, #1290, #7982, #2691, #1148 ),
 ( #4098, #600, #1201, #2599, #4283, #1911, #7208, #6387, #4146, #9430, #5011, #3466, #9384, #4870 ) ),
 .UNSPECIFIED., .F., .F., .T. ) 
 B_SPLINE_SURFACE_WITH_KNOTS ( ( 3, 3 ),
 ( 4, 2, 2, 2, 2, 2, 4 ),
 ( 0.000000000000000000, 1.000000000000000000 ),
 ( 0.8790415659164393380, 0.9075240816153260504, 0.9217653394647693510, 0.9360065973142126516, 0.9644891130130992529, 0.9929716287119859652, 0.9999789866796795490 ),
 .UNSPECIFIED. ) 
 GEOMETRIC_REPRESENTATION_ITEM ( )  RATIONAL_B_SPLINE_SURFACE ( (
 ( 1.000000000000000000, 1.000000000000000000, 1.000000000000000000, 1.000000000000000000, 1.000000000000000000, 1.000000000000000000, 1.000000000000000000, 1.000000000000000000, 1.000000000000000000, 1.000000000000000000, 1.000000000000000000, 1.000000000000000000, 1.000000000000000000, 1.000000000000000000),
 ( 0.7245165831765573161, 0.7235751565169521449, 0.7226980157460558551, 0.7215038550530032957, 0.7211134744768676885, 0.7203482595041097447, 0.7199748403352949078, 0.7188316560229716101, 0.7180515626944015128, 0.7164960850622652533, 0.7157163192890780845, 0.7147420666756307828, 0.7145495820071512405, 0.7143569796919644332),
 ( 1.000000000000000000, 1.000000000000000000, 1.000000000000000000, 1.000000000000000000, 1.000000000000000000, 1.000000000000000000, 1.000000000000000000, 1.000000000000000000, 1.000000000000000000, 1.000000000000000000, 1.000000000000000000, 1.000000000000000000, 1.000000000000000000, 1.000000000000000000) ) ) 
 REPRESENTATION_ITEM ( '' )  SURFACE ( )  );
#7580 = ORIENTED_EDGE ( 'NONE', *, *, #9421, .F. ) ;
#7581 = CARTESIAN_POINT ( 'NONE',  ( 12.63676831002820045, 15.38906052249568113, -21.81857015739235095 ) ) ;
#7582 = DIRECTION ( 'NONE',  ( 0.000000000000000000, 0.3541770153953563427, 0.9351784010367421018 ) ) ;
#7583 = ADVANCED_FACE ( 'NONE', ( #3030 ), #7523, .T. ) ;
#7584 = CARTESIAN_POINT ( 'NONE',  ( 19.46038329802066258, -14.05267834880149813, -22.07636796883213393 ) ) ;
#7585 = CARTESIAN_POINT ( 'NONE',  ( 12.19083431668648387, -14.68197590742174441, -43.31921359157802698 ) ) ;
#7586 = CARTESIAN_POINT ( 'NONE',  ( 16.26892866234163293, -75.79457967717688405, 19.22016425251037575 ) ) ;
#7587 = DIRECTION ( 'NONE',  ( -1.000000000000000000, 0.000000000000000000, 0.000000000000000000 ) ) ;
#7588 = EDGE_CURVE ( 'NONE', #5960, #214, #3952, .T. ) ;
#7589 = DIRECTION ( 'NONE',  ( 0.000000000000000000, -0.1736481776669230315, -0.9848077530122094636 ) ) ;
#7590 = ADVANCED_FACE ( 'NONE', ( #6929 ), #7193, .F. ) ;
#7591 = ORIENTED_EDGE ( 'NONE', *, *, #1143, .F. ) ;
#7592 = ORIENTED_EDGE ( 'NONE', *, *, #4989, .F. ) ;
#7593 = CARTESIAN_POINT ( 'NONE',  ( 14.99999999999985612, -90.88106454808408330, 40.71172083194607438 ) ) ;
#7594 = VERTEX_POINT ( 'NONE', #951 ) ;
#7595 = CARTESIAN_POINT ( 'NONE',  ( 12.73743418152976581, -14.22755950777340850, -21.67197763089550833 ) ) ;
#7596 = PLANE ( 'NONE',  #2684 ) ;
#7597 = FACE_OUTER_BOUND ( 'NONE', #1026, .T. ) ;
#7598 = DIRECTION ( 'NONE',  ( 0.000000000000000000, 0.7660444431189817882, -0.6427876096865347000 ) ) ;
#7599 = CARTESIAN_POINT ( 'NONE',  ( 0.000000000000000000, -131.6063315319960054, -40.84800526008675092 ) ) ;
#7600 = CARTESIAN_POINT ( 'NONE',  ( 16.25009812796013620, 24.14821775467077103, -45.29634816116374196 ) ) ;
#7601 = CARTESIAN_POINT ( 'NONE',  ( 11.58009414980958773, -15.15169057094746385, -44.15889950559320454 ) ) ;
#7602 = CARTESIAN_POINT ( 'NONE',  ( 20.66689612252389807, -55.46726751113070009, 16.61537563762066227 ) ) ;
#7603 = EDGE_CURVE ( 'NONE', #4692, #969, #2870, .T. ) ;
#7604 = ADVANCED_FACE ( 'NONE', ( #6760 ), #5975, .F. ) ;
#7605 = AXIS2_PLACEMENT_3D ( 'NONE', #1474, #744, #8842 ) ;
#7606 = ORIENTED_EDGE ( 'NONE', *, *, #4391, .T. ) ;
#7607 = CARTESIAN_POINT ( 'NONE',  ( 12.69788956518766732, 15.72535545161234793, -44.14423647820989771 ) ) ;
#7608 = ORIENTED_EDGE ( 'NONE', *, *, #7291, .T. ) ;
#7609 = CARTESIAN_POINT ( 'NONE',  ( 18.25000000000000000, 27.20581053509668834, -18.75923434280892721 ) ) ;
#7610 = DIRECTION ( 'NONE',  ( 0.000000000000000000, -0.1736481776669232813, -0.9848077530122092416 ) ) ;
#7611 = CARTESIAN_POINT ( 'NONE',  ( 15.00000000000000000, -120.4563936295236175, 18.11499359581358704 ) ) ;
#7612 = LINE ( 'NONE', #4782, #2694 ) ;
#7613 = CARTESIAN_POINT ( 'NONE',  ( 14.94898996956266402, -11.98576258088601598, -20.29496525183268218 ) ) ;
#7614 = CARTESIAN_POINT ( 'NONE',  ( 14.23052900655821240, -48.21930563918990487, -15.98421166568585150 ) ) ;
#7615 = CARTESIAN_POINT ( 'NONE',  ( 22.83101906800076719, -47.76978312703388241, -6.637430358678439113 ) ) ;
#7616 = AXIS2_PLACEMENT_3D ( 'NONE', #6933, #7803, #1006 ) ;
#7617 = CARTESIAN_POINT ( 'NONE',  ( 16.04790045244797270, -77.97383433497883232, 18.30253394708353909 ) ) ;
#7618 = EDGE_CURVE ( 'NONE', #5912, #3259, #7433, .T. ) ;
#7619 = ORIENTED_EDGE ( 'NONE', *, *, #7718, .T. ) ;
#7620 = CARTESIAN_POINT ( 'NONE',  ( 16.02338947348621190, 26.37311560645454733, -43.36215041754626753 ) ) ;
#7621 = VERTEX_POINT ( 'NONE', #3165 ) ;
#7622 = ORIENTED_EDGE ( 'NONE', *, *, #3319, .F. ) ;
#7623 = CARTESIAN_POINT ( 'NONE',  ( 22.49014984722865762, 25.59101508275334069, -22.27477065839916293 ) ) ;
#7624 = ADVANCED_FACE ( 'NONE', ( #6711 ), #3788, .T. ) ;
#7625 = CARTESIAN_POINT ( 'NONE',  ( 15.30155958336132649, -12.89067795702797881, -21.34267094193499403 ) ) ;
#7626 = CARTESIAN_POINT ( 'NONE',  ( 12.71240935723906773, 15.32418265514430722, -21.70771985477274768 ) ) ;
#7627 = CARTESIAN_POINT ( 'NONE',  ( 23.44999999999999929, -131.6063315319960054, -40.84800526008675092 ) ) ;
#7628 = CARTESIAN_POINT ( 'NONE',  ( 11.82352145676331467, 17.03119556727226680, -45.23189745280269847 ) ) ;
#7629 = CARTESIAN_POINT ( 'NONE',  ( 14.99999999999926104, -95.25291515753357885, 42.63228050998896634 ) ) ;
#7630 = VERTEX_POINT ( 'NONE', #6859 ) ;
#7631 = B_SPLINE_SURFACE_WITH_KNOTS ( 'NONE', 1, 3, ( 
 ( #1658, #7681, #4609, #5337, #7531, #103, #6808, #3261, #6758, #1036, #3985, #883, #2533, #7581, #8248, #930, #9081, #3060, #3786, #2380, #4656, #150, #2327, #5288, #6023, #3832, #2434, #3109, #204, #9129, #8977, #1611, #5389, #6858, #8344, #6074, #9028, #3885 ),
 ( #6960, #3163, #8297, #6125, #4561, #1804, #1705, #7633, #3214, #6911, #983, #7732, #3936, #254, #6179, #2479, #5438, #8393, #1758, #8446, #4707, #302, #6230, #9176, #5491, #4756, #1944, #2676, #9325, #7925, #1234, #1849, #5586, #7877, #1897, #543, #4082, #4130 ) ),
 .UNSPECIFIED., .F., .F., .F.,
 ( 2, 2 ),
 ( 4, 2, 2, 2, 2, 2, 2, 2, 2, 2, 2, 2, 2, 2, 2, 2, 2, 2, 4 ),
 ( 0.000000000000000000, 1.000000000000000000 ),
 ( 0.000000000000000000, 0.0003736294668404488363, 0.0005604442002606732816, 0.0007472589336808976726, 0.0009340736671011220637, 0.001120888400521346563, 0.001494517867361795345, 0.001868147334202244127, 0.002241776801042693126, 0.002615406267883141692, 0.002802221001303365974, 0.002989035734723590691, 0.003736294668404488255, 0.004109924135244937687, 0.004296738868665161970, 0.004483553602085386253, 0.004857183068925834818, 0.005230812535766283383, 0.005978071469447181381 ),
 .UNSPECIFIED. ) ;
#7632 = ORIENTED_EDGE ( 'NONE', *, *, #7188, .F. ) ;
#7633 = CARTESIAN_POINT ( 'NONE',  ( 12.94697864744254190, 15.46701794690598497, -22.76839199854702755 ) ) ;
#7634 = CARTESIAN_POINT ( 'NONE',  ( 23.73188222302021799, -22.82182225824879751, -15.25357600088131527 ) ) ;
#7635 = CARTESIAN_POINT ( 'NONE',  ( 23.44999999999999929, -151.2816621467982827, 16.52077260404446690 ) ) ;
#7636 = CARTESIAN_POINT ( 'NONE',  ( 4.000000000000000000, -29.51440953603716366, -9.316413829083826315 ) ) ;
#7637 = PLANE ( 'NONE',  #2060 ) ;
#7638 =( BOUNDED_CURVE ( )  B_SPLINE_CURVE ( 3, ( #2462, #4734, #4681, #7660 ),
 .UNSPECIFIED., .F., .F. ) 
 B_SPLINE_CURVE_WITH_KNOTS ( ( 4, 4 ),
 ( 0.03342531065709173493, 0.1191359379764200810 ),
 .UNSPECIFIED. ) 
 CURVE ( )  GEOMETRIC_REPRESENTATION_ITEM ( )  RATIONAL_B_SPLINE_CURVE ( ( 1.000000000000000000, 0.9993879010529307383, 0.9993879010529307383, 1.000000000000000000 ) ) 
 REPRESENTATION_ITEM ( '' )  );
#7639 = CARTESIAN_POINT ( 'NONE',  ( 18.44999999999999929, 28.40124910728394880, -13.13131939852208596 ) ) ;
#7640 = ORIENTED_EDGE ( 'NONE', *, *, #7119, .F. ) ;
#7641 = ORIENTED_EDGE ( 'NONE', *, *, #3352, .T. ) ;
#7642 = VERTEX_POINT ( 'NONE', #8934 ) ;
#7643 = CARTESIAN_POINT ( 'NONE',  ( 17.71472896448796064, -23.56316551187001451, -43.49339949399869454 ) ) ;
#7644 = LINE ( 'NONE', #3947, #9026 ) ;
#7645 = CARTESIAN_POINT ( 'NONE',  ( 14.24999999999999822, 30.63728543497760270, -13.11942228818445599 ) ) ;
#7646 = VECTOR ( 'NONE', #9099, 1000.000000000000000 ) ;
#7647 = DIRECTION ( 'NONE',  ( -1.000000000000000000, 0.000000000000000000, 0.000000000000000000 ) ) ;
#7648 = LINE ( 'NONE', #3279, #1754 ) ;
#7649 = CARTESIAN_POINT ( 'NONE',  ( 17.66711148651645757, 22.26865879506880574, -45.29634816116376328 ) ) ;
#7650 = CARTESIAN_POINT ( 'NONE',  ( 12.17667657588172858, -14.69330615986568311, -43.45200903385010349 ) ) ;
#7651 = CARTESIAN_POINT ( 'NONE',  ( 22.04708589816583242, -49.85090208975070425, 12.90730793606388715 ) ) ;
#7652 = EDGE_CURVE ( 'NONE', #2120, #7621, #3175, .T. ) ;
#7653 = ORIENTED_EDGE ( 'NONE', *, *, #5891, .F. ) ;
#7654 = CARTESIAN_POINT ( 'NONE',  ( 11.77322291932980391, 17.10189431595319220, -45.24850096915488251 ) ) ;
#7655 = ORIENTED_EDGE ( 'NONE', *, *, #4339, .F. ) ;
#7656 = PLANE ( 'NONE',  #5945 ) ;
#7657 = ORIENTED_EDGE ( 'NONE', *, *, #4733, .F. ) ;
#7658 = CIRCLE ( 'NONE', #9353, 1.000000000000000888 ) ;
#7659 = CARTESIAN_POINT ( 'NONE',  ( 14.82067533948223925, 14.19709714250422117, -21.29634816116375617 ) ) ;
#7660 = CARTESIAN_POINT ( 'NONE',  ( 23.09025104644171833, -48.96409250283790016, -4.372075337606307066 ) ) ;
#7661 = CARTESIAN_POINT ( 'NONE',  ( 13.24874292574926216, -13.77062245805534424, -21.09793644076458818 ) ) ;
#7662 = CARTESIAN_POINT ( 'NONE',  ( 14.10104408196431258, -52.34882212678864732, -13.00640099160777119 ) ) ;
#7663 = CARTESIAN_POINT ( 'NONE',  ( 15.00000000000000000, -101.5568084891614546, 32.78592033068984080 ) ) ;
#7664 = VECTOR ( 'NONE', #193, 1000.000000000000114 ) ;
#7665 = CARTESIAN_POINT ( 'NONE',  ( 6.000000000000000000, -81.25785408221126715, 11.93452027621733080 ) ) ;
#7666 = EDGE_LOOP ( 'NONE', ( #8594, #2902 ) ) ;
#7667 = CARTESIAN_POINT ( 'NONE',  ( 14.70700594834913844, 24.53753649573819828, -45.29634816116374196 ) ) ;
#7668 = EDGE_LOOP ( 'NONE', ( #8308, #6266, #5749, #129 ) ) ;
#7669 = CARTESIAN_POINT ( 'NONE',  ( 9.516231763884833939, -131.6250266822815718, 30.54665369458404811 ) ) ;
#7670 = VERTEX_POINT ( 'NONE', #8345 ) ;
#7672 = VECTOR ( 'NONE', #1843, 1000.000000000000000 ) ;
#7671 = CARTESIAN_POINT ( 'NONE',  ( -3.000000000000000444, 31.36186134535934400, -16.49654972879051584 ) ) ;
#7673 = CYLINDRICAL_SURFACE ( 'NONE', #5062, 3.000000000000002665 ) ;
#7674 = CARTESIAN_POINT ( 'NONE',  ( 12.25492999015234119, 15.70548759118300630, -22.72815101775275437 ) ) ;
#7675 = ADVANCED_FACE ( 'NONE', ( #1613 ), #8888, .T. ) ;
#7676 = CARTESIAN_POINT ( 'NONE',  ( 12.76507206887702139, 15.61887170451126750, -43.86253773364913400 ) ) ;
#7677 = EDGE_CURVE ( 'NONE', #8174, #2876, #5194, .T. ) ;
#7678 = CARTESIAN_POINT ( 'NONE',  ( 7.399999999999999467, -71.59936963466060433, 10.70197393397544339 ) ) ;
#7679 = ORIENTED_EDGE ( 'NONE', *, *, #8966, .T. ) ;
#7680 = EDGE_LOOP ( 'NONE', ( #1812, #3908, #6401, #6598, #804 ) ) ;
#7681 = CARTESIAN_POINT ( 'NONE',  ( 12.19084177677407510, 15.75704021507349317, -23.16930724674310937 ) ) ;
#7682 = CARTESIAN_POINT ( 'NONE',  ( -6.000000000000000000, -78.95921289866504367, 14.80653258212103474 ) ) ;
#7683 = CARTESIAN_POINT ( 'NONE',  ( 22.00980253202574843, -13.70019007887383644, -19.15407695920615794 ) ) ;
#7684 = CARTESIAN_POINT ( 'NONE',  ( -3.077221619685174331E-15, -137.5776988991053145, 38.02082705477507574 ) ) ;
#7685 = CARTESIAN_POINT ( 'NONE',  ( 14.00000000000000000, 0.5375364957381987274, -19.19634816116375831 ) ) ;
#7686 = CARTESIAN_POINT ( 'NONE',  ( 4.000000000000000000, -31.50781046928428353, -8.964923461182939590 ) ) ;
#7687 = ORIENTED_EDGE ( 'NONE', *, *, #8321, .T. ) ;
#7688 = VECTOR ( 'NONE', #1147, 1000.000000000000000 ) ;
#7689 = ORIENTED_EDGE ( 'NONE', *, *, #5452, .F. ) ;
#7690 = VERTEX_POINT ( 'NONE', #6126 ) ;
#7691 = CARTESIAN_POINT ( 'NONE',  ( 12.39922494747288617, -14.60880496767662073, -43.29634816116374907 ) ) ;
#7692 = CARTESIAN_POINT ( 'NONE',  ( 7.399999999999995026, -46.25982028992389417, -5.338803418062273209 ) ) ;
#7693 = CARTESIAN_POINT ( 'NONE',  ( 4.114104039549714820, -57.41324060424099684, 21.89002048757596341 ) ) ;
#7694 = CARTESIAN_POINT ( 'NONE',  ( 0.9999999999999991118, -136.9394358138791858, 22.44088499817747362 ) ) ;
#7695 = LINE ( 'NONE', #4579, #8568 ) ;
#7696 = CARTESIAN_POINT ( 'NONE',  ( 7.399999999999999467, -51.37579633631954579, -6.267618961749018780 ) ) ;
#7697 = CARTESIAN_POINT ( 'NONE',  ( 14.00000000000000000, 0.5375364957381987274, -18.29634816116374552 ) ) ;
#7698 = CARTESIAN_POINT ( 'NONE',  ( 20.92256789524619265, -54.59278620632886714, 15.94415261060277622 ) ) ;
#7699 = VECTOR ( 'NONE', #7979, 1000.000000000000000 ) ;
#7700 = VERTEX_POINT ( 'NONE', #3013 ) ;
#7701 = DIRECTION ( 'NONE',  ( 0.000000000000000000, 0.000000000000000000, -1.000000000000000000 ) ) ;
#7702 = EDGE_LOOP ( 'NONE', ( #4589, #5547, #6835, #4532, #4836, #8142, #1573, #8287, #9285, #6238, #9093, #9457 ) ) ;
#7703 = CARTESIAN_POINT ( 'NONE',  ( 15.00000000000186517, -128.7878859253364396, 19.63277370312812309 ) ) ;
#7704 = VERTEX_POINT ( 'NONE', #5241 ) ;
#7705 = VECTOR ( 'NONE', #2875, 1000.000000000000000 ) ;
#7706 = CARTESIAN_POINT ( 'NONE',  ( 14.12184697636804565, 14.54519422453070909, -21.29634816116375262 ) ) ;
#7707 = CARTESIAN_POINT ( 'NONE',  ( 15.00000000000000000, -109.5900056632507642, 33.61752820973116940 ) ) ;
#7708 = CARTESIAN_POINT ( 'NONE',  ( 14.17129007996160439, -12.85753167294679322, -20.49786697894400689 ) ) ;
#7709 = ADVANCED_FACE ( 'NONE', ( #8202 ), #4563, .T. ) ;
#7710 = CARTESIAN_POINT ( 'NONE',  ( 14.51775248056916823, -43.82785068861416988, -18.51420933002506786 ) ) ;
#7711 = CARTESIAN_POINT ( 'NONE',  ( 14.28961315255799391, -57.62363714510546941, -8.596420321569596013 ) ) ;
#7712 = CARTESIAN_POINT ( 'NONE',  ( 16.85538811654022950, 26.05431198252051672, -43.40374897340051774 ) ) ;
#7713 = B_SPLINE_SURFACE_WITH_KNOTS ( 'NONE', 1, 3, ( 
 ( #9084, #7585, #1937, #6027, #3398, #9269, #395, #3888, #6322, #8537, #8347, #1709, #1178, #1888, #933, #3167, #4843, #6129, #2668, #7823, #4122, #4895, #6763, #8981, #2331, #5292, #2767, #2169, #5813, #4940, #8005, #488, #7276, #8639, #2907, #9362, #7184, #3630, #6409, #5718 ),
 ( #6456, #533, #3443, #6550, #7230, #4353, #6602, #4214, #5127, #9453, #9409, #7913, #7324, #2719, #9548, #579, #671, #7139, #1226, #5863, #8730, #8049, #8682, #3489, #7959, #4170, #9500, #2033, #1271, #1317, #1986, #2811, #8821, #8778, #4988, #5672, #4262, #3532, #6505, #2080 ) ),
 .UNSPECIFIED., .F., .F., .F.,
 ( 2, 2 ),
 ( 4, 2, 2, 2, 2, 2, 2, 2, 2, 2, 2, 2, 2, 2, 2, 2, 2, 2, 2, 4 ),
 ( 0.000000000000000000, 1.000000000000000000 ),
 ( 0.000000000000000000, 6.643313850618555764E-05, 0.0001328662770123711153, 0.0001992994155185566865, 0.0002657325540247422306, 0.0003321656925309278289, 0.0003985988310371133729, 0.0004650319695432989170, 0.0005314651080494844611, 0.0006643313850618556577, 0.0007307645235680412018, 0.0007971976620742267459, 0.0009300639390865978341, 0.001062930216098968922, 0.001195796493111340227, 0.001328662770123711315, 0.001461529047136082404, 0.001594395324148453492, 0.001860127878173195668, 0.002125860432197937844 ),
 .UNSPECIFIED. ) ;
#7714 = ADVANCED_FACE ( 'NONE', ( #1562 ), #104, .T. ) ;
#7715 = AXIS2_PLACEMENT_3D ( 'NONE', #8025, #6663, #9471 ) ;
#7716 = VERTEX_POINT ( 'NONE', #5290 ) ;
#7717 = DIRECTION ( 'NONE',  ( 1.000000000000000000, 0.000000000000000000, 0.000000000000000000 ) ) ;
#7718 = EDGE_CURVE ( 'NONE', #482, #9437, #4512, .T. ) ;
#7719 = VERTEX_POINT ( 'NONE', #3062 ) ;
#7720 = CARTESIAN_POINT ( 'NONE',  ( 5.999999999999998224, -50.75421148065240828, -11.74973828434730194 ) ) ;
#7721 = CARTESIAN_POINT ( 'NONE',  ( 11.88380307912676592, -15.87056790470844980, -45.20680880016994507 ) ) ;
#7722 = CARTESIAN_POINT ( 'NONE',  ( 14.44828625341549078, -13.49108242433166005, -21.58113564952959962 ) ) ;
#7723 = CARTESIAN_POINT ( 'NONE',  ( 7.817692494873306863, -76.54845348749307732, 33.65117450725626469 ) ) ;
#7724 = B_SPLINE_CURVE_WITH_KNOTS ( 'NONE', 3,
 ( #5198, #5341, #8302, #8158, #7436, #1710, #155, #6862, #8205, #790, #3169, #3743, #6715, #3017, #1663, #6130, #5293, #9086, #8937, #5244, #4516, #7487, #3791, #6766, #108, #3065, #7586, #6028 ),
 .UNSPECIFIED., .F., .F.,
 ( 4, 2, 2, 2, 2, 2, 2, 2, 2, 2, 2, 2, 2, 4 ),
 ( 0.007386540800869263734, 0.007848552226163442100, 0.008310563651457620465, 0.009234586502045975462, 0.009696597927340167705, 0.01015860935263435995, 0.01062062077792855219, 0.01108263220322274270, 0.01154464362851693668, 0.01200665505381112719, 0.01246866647910532117, 0.01293067790439951341, 0.01385470075498793086, 0.01477872360557635177 ),
 .UNSPECIFIED. ) ;
#7725 =( NAMED_UNIT ( * ) PLANE_ANGLE_UNIT ( ) SI_UNIT ( $, .RADIAN. ) );
#7726 = CARTESIAN_POINT ( 'NONE',  ( 11.45643923738952452, 17.53753649573836881, -45.29634816116374196 ) ) ;
#7727 = EDGE_CURVE ( 'NONE', #8199, #2173, #3635, .T. ) ;
#7728 = ORIENTED_EDGE ( 'NONE', *, *, #9270, .T. ) ;
#7729 = CARTESIAN_POINT ( 'NONE',  ( -21.44999999999999574, -38.54927497525915925, 5.680307991813230650 ) ) ;
#7730 = EDGE_LOOP ( 'NONE', ( #2911, #8332, #5933, #503 ) ) ;
#7731 = ORIENTED_EDGE ( 'NONE', *, *, #6405, .F. ) ;
#7732 = CARTESIAN_POINT ( 'NONE',  ( 13.10838449769036984, 15.37852637119696553, -22.51108648015655689 ) ) ;
#7733 = CARTESIAN_POINT ( 'NONE',  ( 13.59580353747815273, -57.74550208721139910, -8.494163493595056735 ) ) ;
#7734 = CARTESIAN_POINT ( 'NONE',  ( 2.999999999999999556, 33.11691005914468633, -15.18132959047137476 ) ) ;
#7735 = CARTESIAN_POINT ( 'NONE',  ( -10.55000000000000071, 10.71562816763628412, -12.65297644718270220 ) ) ;
#7736 = DIRECTION ( 'NONE',  ( -0.000000000000000000, -0.000000000000000000, 1.000000000000000000 ) ) ;
#7737 = DIRECTION ( 'NONE',  ( -0.000000000000000000, 0.6427876096865405842, 0.7660444431189770143 ) ) ;
#7738 = ORIENTED_EDGE ( 'NONE', *, *, #2860, .F. ) ;
#7739 = VERTEX_POINT ( 'NONE', #3111 ) ;
#7740 = ORIENTED_EDGE ( 'NONE', *, *, #9554, .T. ) ;
#7741 = CARTESIAN_POINT ( 'NONE',  ( 19.14706671760510304, -14.46051430941344584, -23.08956609020953010 ) ) ;
#7742 = CARTESIAN_POINT ( 'NONE',  ( 23.44999999999999929, -99.68960827893432963, 9.958714539438515700 ) ) ;
#7743 = DIRECTION ( 'NONE',  ( 0.9921354217690540045, 0.000000000000000000, -0.1251691050984284903 ) ) ;
#7744 = EDGE_CURVE ( 'NONE', #8384, #5605, #5338, .T. ) ;
#7745 = DIRECTION ( 'NONE',  ( 0.000000000000000000, -0.3420201433256638834, -0.9396926207859100932 ) ) ;
#7746 = CARTESIAN_POINT ( 'NONE',  ( 78.44999999999998863, -55.71891921922760105, 67.98024976246698259 ) ) ;
#7747 = CARTESIAN_POINT ( 'NONE',  ( 17.37165423963740452, 23.01046144813263084, -45.29634816116374907 ) ) ;
#7748 = CARTESIAN_POINT ( 'NONE',  ( 1.372320121878976673, -116.1835541371538341, 48.24551778231346333 ) ) ;
#7749 = CARTESIAN_POINT ( 'NONE',  ( 15.54218781164829011, -12.69162373538781097, -21.29634816116374552 ) ) ;
#7750 = ORIENTED_EDGE ( 'NONE', *, *, #6578, .F. ) ;
#7751 = CARTESIAN_POINT ( 'NONE',  ( 12.12582485618268713, 16.59593762177862075, -45.06089265238058772 ) ) ;
#7752 = ORIENTED_EDGE ( 'NONE', *, *, #9249, .T. ) ;
#7753 = CARTESIAN_POINT ( 'NONE',  ( 18.20423924199658572, -68.90973792064707482, 10.01412734951974137 ) ) ;
#7754 = VERTEX_POINT ( 'NONE', #1517 ) ;
#7755 = CARTESIAN_POINT ( 'NONE',  ( 14.75028243167426645, 14.23437899998944722, -21.29634816116375262 ) ) ;
#7756 = CARTESIAN_POINT ( 'NONE',  ( 15.00000000000000533, -110.8748787708387766, 33.77260429111971973 ) ) ;
#7757 = CARTESIAN_POINT ( 'NONE',  ( 14.65054239839509620, -13.35555277288606923, -21.50573235053251153 ) ) ;
#7758 = CARTESIAN_POINT ( 'NONE',  ( 21.28955169698174643, -40.19660542259499181, -20.19101164585843478 ) ) ;
#7759 = PLANE ( 'NONE',  #2493 ) ;
#7760 = CARTESIAN_POINT ( 'NONE',  ( 15.14990939094588818, 26.53753649573820184, -43.31848764052206491 ) ) ;
#7761 = AXIS2_PLACEMENT_3D ( 'NONE', #8029, #8112, #3696 ) ;
#7762 = ORIENTED_EDGE ( 'NONE', *, *, #4865, .F. ) ;
#7763 = CARTESIAN_POINT ( 'NONE',  ( 15.72739039502742209, -77.24642305143443366, 26.04948562518106669 ) ) ;
#7764 = ORIENTED_EDGE ( 'NONE', *, *, #3255, .T. ) ;
#7765 = DIRECTION ( 'NONE',  ( 0.1251691050984282405, -0.000000000000000000, 0.9921354217690540045 ) ) ;
#7766 = CARTESIAN_POINT ( 'NONE',  ( 6.917253086121395889, -76.56146890484546930, 2.181322332252688234 ) ) ;
#7767 = VECTOR ( 'NONE', #8577, 1000.000000000000000 ) ;
#7768 = CARTESIAN_POINT ( 'NONE',  ( 15.56374957807821247, -12.69240806025960033, -21.30524240836382077 ) ) ;
#7769 = VECTOR ( 'NONE', #9216, 999.9999999999998863 ) ;
#7770 = DIRECTION ( 'NONE',  ( 0.000000000000000000, -0.7660444431189811221, 0.6427876096865354771 ) ) ;
#7771 = EDGE_CURVE ( 'NONE', #6371, #1078, #931, .T. ) ;
#7772 = DIRECTION ( 'NONE',  ( -0.000000000000000000, 0.7660444431189822323, -0.6427876096865343669 ) ) ;
#7773 = CYLINDRICAL_SURFACE ( 'NONE', #5738, 60.00000000000000000 ) ;
#7774 = EDGE_CURVE ( 'NONE', #7910, #3271, #6665, .T. ) ;
#7775 = DIRECTION ( 'NONE',  ( -0.000000000000000000, 0.1736481776669232813, 0.9848077530122092416 ) ) ;
#7776 = VECTOR ( 'NONE', #8221, 1000.000000000000000 ) ;
#7777 = EDGE_CURVE ( 'NONE', #5921, #9171, #5492, .T. ) ;
#7778 = ORIENTED_EDGE ( 'NONE', *, *, #2665, .F. ) ;
#7779 = DIRECTION ( 'NONE',  ( -0.000000000000000000, -0.9143751889140099287, 0.4048678968484271112 ) ) ;
#7780 = VERTEX_POINT ( 'NONE', #9177 ) ;
#7781 = CARTESIAN_POINT ( 'NONE',  ( 15.00000000000014388, -91.80838968286869317, 41.16854074037116362 ) ) ;
#7782 = CARTESIAN_POINT ( 'NONE',  ( 0.9999999999999991118, -8.471048136853312371, -19.13146559835720950 ) ) ;
#7783 = CARTESIAN_POINT ( 'NONE',  ( 13.59093852268692437, -57.77203437410130960, -8.471900261451450476 ) ) ;
#7784 = LINE ( 'NONE', #5000, #6005 ) ;
#7785 = DIRECTION ( 'NONE',  ( -0.000000000000000000, -0.9396926207859083169, 0.3420201433256692680 ) ) ;
#7786 = LINE ( 'NONE', #8602, #393 ) ;
#7787 = CARTESIAN_POINT ( 'NONE',  ( 2.099999999999987210, -76.10435538319671878, 16.87016425251036722 ) ) ;
#7788 = ORIENTED_EDGE ( 'NONE', *, *, #6818, .F. ) ;
#7789 = ORIENTED_EDGE ( 'NONE', *, *, #1451, .F. ) ;
#7790 = VERTEX_POINT ( 'NONE', #5633 ) ;
#7791 = CARTESIAN_POINT ( 'NONE',  ( 23.44999999999999929, 27.99569300269999417, -15.09066213886442753 ) ) ;
#7792 = CARTESIAN_POINT ( 'NONE',  ( 3.328056191998925772, -57.67330351916736930, 22.07033537894123398 ) ) ;
#7793 = CARTESIAN_POINT ( 'NONE',  ( 19.76755949805727397, -12.41798322288965295, -21.29634816116374907 ) ) ;
#7794 = B_SPLINE_CURVE_WITH_KNOTS ( 'NONE', 1,
 ( #6292, #944 ),
 .UNSPECIFIED., .F., .F.,
 ( 2, 2 ),
 ( 0.000000000000000000, 1.000000000000000000 ),
 .UNSPECIFIED. ) ;
#7795 = CARTESIAN_POINT ( 'NONE',  ( 13.77268894321033521, -23.46246350426182303, -45.29634816116374907 ) ) ;
#7796 = B_SPLINE_SURFACE_WITH_KNOTS ( 'NONE', 1, 3, ( 
 ( #9569, #8111, #3599, #4471, #1564, #8754, #5926, #5979, #2236, #3695, #6573, #5059, #61, #3015, #8028, #743, #4327, #3650 ),
 ( #2925, #8070, #1473, #4421, #7435, #2830, #2146, #2282, #1379, #693, #5789, #6668, #8890, #5197, #9525, #2881, #8157, #1519 ) ),
 .UNSPECIFIED., .F., .F., .F.,
 ( 2, 2 ),
 ( 4, 2, 2, 2, 2, 2, 2, 2, 4 ),
 ( 0.000000000000000000, 1.000000000000000000 ),
 ( 6.108652381980160584, 6.305001922829522876, 6.501351463678885167, 6.697701004528246571, 6.894050545377608863, 7.090400086226971155, 7.286749627076332558, 7.483099167925694850, 7.679448708775057142 ),
 .UNSPECIFIED. ) ;
#7797 = DIRECTION ( 'NONE',  ( -1.000000000000000000, -0.000000000000000000, -0.000000000000000000 ) ) ;
#7798 = EDGE_CURVE ( 'NONE', #3823, #8516, #2534, .T. ) ;
#7799 = CARTESIAN_POINT ( 'NONE',  ( 14.52539880053218369, -13.27439801894546001, -21.29634816116375617 ) ) ;
#7800 = EDGE_CURVE ( 'NONE', #5844, #2737, #4758, .T. ) ;
#7801 = CARTESIAN_POINT ( 'NONE',  ( 15.18068807233614415, -35.83550205433781599, -22.06854331476408149 ) ) ;
#7802 = ORIENTED_EDGE ( 'NONE', *, *, #378, .T. ) ;
#7803 = DIRECTION ( 'NONE',  ( -0.000000000000000000, -0.000000000000000000, -1.000000000000000000 ) ) ;
#7804 = AXIS2_PLACEMENT_3D ( 'NONE', #4011, #6988, #2464 ) ;
#7805 = ORIENTED_EDGE ( 'NONE', *, *, #4744, .T. ) ;
#7806 = CARTESIAN_POINT ( 'NONE',  ( 15.00000000000000178, -124.4758996252384406, 18.76861490077982353 ) ) ;
#7807 = VERTEX_POINT ( 'NONE', #4083 ) ;
#7808 = CARTESIAN_POINT ( 'NONE',  ( 15.34238568892523347, 13.89789502690596201, -21.29634816116375262 ) ) ;
#7809 = CARTESIAN_POINT ( 'NONE',  ( 15.00000000000000178, -112.1326916535273028, 33.92906922758388788 ) ) ;
#7810 = CARTESIAN_POINT ( 'NONE',  ( 14.65768900444088096, -13.35808226991246705, -21.51468542958693320 ) ) ;
#7811 = PLANE ( 'NONE',  #2362 ) ;
#7812 = CARTESIAN_POINT ( 'NONE',  ( 17.04059858909640113, -65.98442968552882348, 29.15031040585420996 ) ) ;
#7813 = CARTESIAN_POINT ( 'NONE',  ( 16.04074771698225277, -78.21920934933591241, 17.90629866003332538 ) ) ;
#7814 = VECTOR ( 'NONE', #3116, 1000.000000000000000 ) ;
#7815 = VECTOR ( 'NONE', #760, 1000.000000000000000 ) ;
#7816 = AXIS2_PLACEMENT_3D ( 'NONE', #1327, #1494, #7414 ) ;
#7817 = ORIENTED_EDGE ( 'NONE', *, *, #9221, .T. ) ;
#7818 = EDGE_LOOP ( 'NONE', ( #7165, #6553, #2781, #2616 ) ) ;
#7819 = CARTESIAN_POINT ( 'NONE',  ( -3.000000000000000000, 31.91753551389348686, -13.34516491915146297 ) ) ;
#7820 = CARTESIAN_POINT ( 'NONE',  ( 7.254616937798880727, -75.42877083016564654, 1.909045817712832216 ) ) ;
#7821 = CARTESIAN_POINT ( 'NONE',  ( 15.20192273150595774, -12.96472166901020806, -21.36016178876311500 ) ) ;
#7822 = AXIS2_PLACEMENT_3D ( 'NONE', #8311, #8505, #5399 ) ;
#7823 = CARTESIAN_POINT ( 'NONE',  ( 11.95240981873248565, -14.86993453961997425, -43.89340312936347033 ) ) ;
#7824 = DIRECTION ( 'NONE',  ( 0.000000000000000000, 0.9848077530122095746, -0.1736481776669221433 ) ) ;
#7825 = ORIENTED_EDGE ( 'NONE', *, *, #2506, .F. ) ;
#7826 = CARTESIAN_POINT ( 'NONE',  ( 21.44999999999999574, -39.33069177476031086, 1.248673103258287842 ) ) ;
#7827 = ORIENTED_EDGE ( 'NONE', *, *, #1892, .F. ) ;
#7828 = CARTESIAN_POINT ( 'NONE',  ( 17.30169782667108436, -53.99210611976751295, -10.87488660618156366 ) ) ;
#7829 = DIRECTION ( 'NONE',  ( 0.02224014068614567005, 0.9997526574819696199, 1.337493373819828587E-16 ) ) ;
#7830 = CARTESIAN_POINT ( 'NONE',  ( 2.203515771477023488, -110.3057725823690021, 15.24457180771814180 ) ) ;
#7831 = CARTESIAN_POINT ( 'NONE',  ( 19.89040295157225557, 15.53753649573836881, -23.22326079794825660 ) ) ;
#7832 = EDGE_CURVE ( 'NONE', #5120, #6000, #3735, .T. ) ;
#7833 = AXIS2_PLACEMENT_3D ( 'NONE', #7697, #1726, #6197 ) ;
#7834 = PLANE ( 'NONE',  #1863 ) ;
#7835 = LINE ( 'NONE', #7245, #2227 ) ;
#7836 = LINE ( 'NONE', #1952, #8471 ) ;
#7837 = ORIENTED_EDGE ( 'NONE', *, *, #5294, .T. ) ;
#7838 = EDGE_LOOP ( 'NONE', ( #5311, #8710, #3620, #4943 ) ) ;
#7839 = ORIENTED_EDGE ( 'NONE', *, *, #9009, .T. ) ;
#7840 = CARTESIAN_POINT ( 'NONE',  ( 13.33931704644818517, -58.27927275139915508, 25.29604169917405088 ) ) ;
#7841 = CARTESIAN_POINT ( 'NONE',  ( 0.000000000000000000, -45.46246350426179106, -39.59913607114618372 ) ) ;
#7842 = LINE ( 'NONE', #7158, #6309 ) ;
#7843 = CARTESIAN_POINT ( 'NONE',  ( 22.45684689836271630, -57.37270583938571633, -8.806976687650132973 ) ) ;
#7844 = CARTESIAN_POINT ( 'NONE',  ( 14.96148351789102726, -38.50028961305760333, -20.85005250131177590 ) ) ;
#7845 = B_SPLINE_CURVE_WITH_KNOTS ( 'NONE', 3,
 ( #3389, #5885, #2659, #1380 ),
 .UNSPECIFIED., .F., .F.,
 ( 4, 4 ),
 ( 0.000000000000000000, 1.000000000000000000 ),
 .UNSPECIFIED. ) ;
#7846 = CARTESIAN_POINT ( 'NONE',  ( 14.08056396058030657, -13.48962382777014923, -21.29634816116375262 ) ) ;
#7847 = AXIS2_PLACEMENT_3D ( 'NONE', #7182, #8638, #1936 ) ;
#7848 = ADVANCED_FACE ( 'NONE', ( #3407 ), #7059, .F. ) ;
#7849 = CARTESIAN_POINT ( 'NONE',  ( 16.48250754687569852, -69.05024385258593611, 30.26534421331277258 ) ) ;
#7850 = ORIENTED_EDGE ( 'NONE', *, *, #2701, .F. ) ;
#7851 = DIRECTION ( 'NONE',  ( -0.000000000000000000, -0.000000000000000000, 1.000000000000000000 ) ) ;
#7852 = ORIENTED_EDGE ( 'NONE', *, *, #6045, .F. ) ;
#7853 = CARTESIAN_POINT ( 'NONE',  ( 15.00000000000000000, -127.6759711431652846, 33.80977257600451225 ) ) ;
#7854 = EDGE_CURVE ( 'NONE', #3772, #5630, #2341, .T. ) ;
#7855 = CARTESIAN_POINT ( 'NONE',  ( 14.45776910675729177, 14.55987179069802018, -21.57738138995889088 ) ) ;
#7856 = CARTESIAN_POINT ( 'NONE',  ( 3.047737560397610679, -100.9140770481621558, 10.70972094294997135 ) ) ;
#7857 = CARTESIAN_POINT ( 'NONE',  ( 21.93041569647104438, -14.81968641650648877, -19.58592820943323787 ) ) ;
#7858 = CARTESIAN_POINT ( 'NONE',  ( 14.41259434578332055, -13.52235537828557632, -21.60307158963392737 ) ) ;
#7859 = EDGE_CURVE ( 'NONE', #2543, #8140, #4854, .T. ) ;
#7860 = CARTESIAN_POINT ( 'NONE',  ( 22.14341640503459629, -38.66037961788325106, -13.69385040525246744 ) ) ;
#7861 = AXIS2_PLACEMENT_3D ( 'NONE', #5186, #194, #5282 ) ;
#7862 = EDGE_LOOP ( 'NONE', ( #2673, #8674, #8382, #3358 ) ) ;
#7863 = CARTESIAN_POINT ( 'NONE',  ( 1.406703337988063351, -122.2705011474578640, 18.42123019163082631 ) ) ;
#7864 = ORIENTED_EDGE ( 'NONE', *, *, #1422, .F. ) ;
#7865 = LINE ( 'NONE', #6215, #6592 ) ;
#7866 = CARTESIAN_POINT ( 'NONE',  ( 6.404781019853468926, -78.36531208614331945, 2.536140153667803432 ) ) ;
#7867 = CYLINDRICAL_SURFACE ( 'NONE', #5345, 19.50000000000007816 ) ;
#7868 = EDGE_CURVE ( 'NONE', #1208, #6688, #6913, .T. ) ;
#7869 = CARTESIAN_POINT ( 'NONE',  ( 0.000000000000000000, -90.65206458880942364, 1.945719703071485007 ) ) ;
#7870 = AXIS2_PLACEMENT_3D ( 'NONE', #1225, #2809, #3442 ) ;
#7871 = CARTESIAN_POINT ( 'NONE',  ( 12.81600561797617566, -14.46246350426197758, -23.29634816116374907 ) ) ;
#7872 = VECTOR ( 'NONE', #6561, 1000.000000000000000 ) ;
#7873 = ORIENTED_EDGE ( 'NONE', *, *, #4147, .F. ) ;
#7874 = LINE ( 'NONE', #3536, #8222 ) ;
#7875 = ORIENTED_EDGE ( 'NONE', *, *, #5225, .F. ) ;
#7876 = CARTESIAN_POINT ( 'NONE',  ( 17.17204057754857871, -54.01468460098285362, -10.91933504794899079 ) ) ;
#7877 = CARTESIAN_POINT ( 'NONE',  ( 15.39285803816468956, 13.89737477234909591, -21.32798935625200443 ) ) ;
#7878 = CARTESIAN_POINT ( 'NONE',  ( 2.148118955868399738, -111.0010541848781997, 15.50288548152376400 ) ) ;
#7879 = CYLINDRICAL_SURFACE ( 'NONE', #432, 1.700000000000001510 ) ;
#7880 = CARTESIAN_POINT ( 'NONE',  ( 41.21423633095623984, -42.11065726885905747, 1.738856025306405817 ) ) ;
#7881 = DIRECTION ( 'NONE',  ( 0.000000000000000000, 0.9143751889140099287, -0.4048678968484271112 ) ) ;
#7882 = CARTESIAN_POINT ( 'NONE',  ( 23.73188222302021799, -22.82182225824879751, -14.25357600088131171 ) ) ;
#7883 = ORIENTED_EDGE ( 'NONE', *, *, #8885, .F. ) ;
#7884 = EDGE_CURVE ( 'NONE', #3638, #7572, #1087, .T. ) ;
#7885 = ORIENTED_EDGE ( 'NONE', *, *, #3855, .F. ) ;
#7886 = CARTESIAN_POINT ( 'NONE',  ( 12.40936793547193950, -61.11357857061518928, 26.85527739490311916 ) ) ;
#7887 = CARTESIAN_POINT ( 'NONE',  ( 12.00000000000003020, -121.1330780353518861, 32.03547454657584126 ) ) ;
#7888 = PLANE ( 'NONE',  #3145 ) ;
#7889 = EDGE_CURVE ( 'NONE', #4549, #806, #3499, .T. ) ;
#7890 = CARTESIAN_POINT ( 'NONE',  ( 15.13046018627316869, -84.48891576048094976, 28.32947908771681611 ) ) ;
#7891 = CARTESIAN_POINT ( 'NONE',  ( 13.56809455122595232, -13.72489103068229532, -21.29634816116375262 ) ) ;
#7892 = ADVANCED_FACE ( 'NONE', ( #682, #1414 ), #4999, .T. ) ;
#7893 = CARTESIAN_POINT ( 'NONE',  ( 14.96148351789102726, -38.50028961305760333, -20.85005250131177590 ) ) ;
#7894 = ADVANCED_FACE ( 'NONE', ( #8742 ), #3453, .F. ) ;
#7895 = CARTESIAN_POINT ( 'NONE',  ( 15.07568522070490502, -37.31818412993879974, -21.33142416753797477 ) ) ;
#7896 = EDGE_LOOP ( 'NONE', ( #3222, #1358, #4618, #768 ) ) ;
#7897 = CARTESIAN_POINT ( 'NONE',  ( 11.49992531923778749, 16.28562089632662691, -44.19233663668328660 ) ) ;
#7898 = CARTESIAN_POINT ( 'NONE',  ( 14.37074777996657104, 14.61730179781988781, -21.61259972614546143 ) ) ;
#7899 = DIRECTION ( 'NONE',  ( -1.000000000000000000, 0.000000000000000000, 0.000000000000000000 ) ) ;
#7900 = PLANE ( 'NONE',  #3156 ) ;
#7901 = LINE ( 'NONE', #9488, #3666 ) ;
#7902 = CARTESIAN_POINT ( 'NONE',  ( 22.21174825247127416, -39.85404639880587752, -12.94175190505599815 ) ) ;
#7903 = EDGE_CURVE ( 'NONE', #3893, #3515, #6418, .T. ) ;
#7904 = CARTESIAN_POINT ( 'NONE',  ( 10.70205166274274333, -66.46367145505251983, -1.807991751991009588 ) ) ;
#7905 = EDGE_CURVE ( 'NONE', #6339, #3289, #8016, .T. ) ;
#7906 = ORIENTED_EDGE ( 'NONE', *, *, #1224, .F. ) ;
#7907 = CARTESIAN_POINT ( 'NONE',  ( 1.782717518560811953, -111.5548370318804814, 47.11080809560274218 ) ) ;
#7908 = ORIENTED_EDGE ( 'NONE', *, *, #1143, .T. ) ;
#7909 = DIRECTION ( 'NONE',  ( 0.000000000000000000, 0.000000000000000000, -1.000000000000000000 ) ) ;
#7910 = VERTEX_POINT ( 'NONE', #6514 ) ;
#7911 = CARTESIAN_POINT ( 'NONE',  ( 7.828117229124088361, -73.62873945661843322, 1.393998341593816415 ) ) ;
#7912 = DIRECTION ( 'NONE',  ( 1.000000000000000000, 4.116847478378710477E-15, 1.131094548618418962E-14 ) ) ;
#7913 = CARTESIAN_POINT ( 'NONE',  ( 12.73931962740383739, -14.58472097525701550, -43.98616618133959122 ) ) ;
#7914 = CARTESIAN_POINT ( 'NONE',  ( 15.65336015582761320, -25.09652890968391148, -43.39035755210731793 ) ) ;
#7915 = DIRECTION ( 'NONE',  ( 0.000000000000000000, -0.9463118589240387957, 0.3232551092554145633 ) ) ;
#7916 = EDGE_CURVE ( 'NONE', #6519, #6897, #3541, .T. ) ;
#7917 = ORIENTED_EDGE ( 'NONE', *, *, #6182, .T. ) ;
#7918 = CARTESIAN_POINT ( 'NONE',  ( 15.38717015118669096, -52.47418028630455922, 21.02326185008634596 ) ) ;
#7919 = ADVANCED_FACE ( 'NONE', ( #7970 ), #1995, .F. ) ;
#7920 = CIRCLE ( 'NONE', #9308, 6.000000000000000000 ) ;
#7921 = ORIENTED_EDGE ( 'NONE', *, *, #1364, .T. ) ;
#7923 = CIRCLE ( 'NONE', #7616, 2.349999999999999645 ) ;
#7922 = CARTESIAN_POINT ( 'NONE',  ( 5.558334649032890873, -87.14669522200128426, 38.87209178537236909 ) ) ;
#7924 = FACE_OUTER_BOUND ( 'NONE', #6383, .T. ) ;
#7925 = CARTESIAN_POINT ( 'NONE',  ( 14.98100861851864884, 14.19998939043530406, -21.40898411356889497 ) ) ;
#7926 = CARTESIAN_POINT ( 'NONE',  ( 1.765961224212763803, -116.2414880159093542, 17.15151728879840221 ) ) ;
#7927 = DIRECTION ( 'NONE',  ( 0.000000000000000000, 0.9848077530122093526, -0.1736481776669230037 ) ) ;
#7928 = CARTESIAN_POINT ( 'NONE',  ( 0.000000000000000000, 34.71447329368038481, -6.121098262759038455 ) ) ;
#7929 = DIRECTION ( 'NONE',  ( 1.000000000000000000, -0.000000000000000000, -0.000000000000000000 ) ) ;
#7930 = VECTOR ( 'NONE', #5419, 1000.000000000000114 ) ;
#7931 = DIRECTION ( 'NONE',  ( 0.000000000000000000, -0.9848077530122093526, 0.1736481776669231980 ) ) ;
#7932 = ORIENTED_EDGE ( 'NONE', *, *, #6755, .F. ) ;
#7933 = CARTESIAN_POINT ( 'NONE',  ( 5.999999999999998224, -6.012463504261799763, -11.42958778986839263 ) ) ;
#7934 = SHAPE_DEFINITION_REPRESENTATION ( #3211, #6381 ) ;
#7935 = CARTESIAN_POINT ( 'NONE',  ( 15.00000000000000000, -121.2753247452561425, 49.49857288437914349 ) ) ;
#7936 = CARTESIAN_POINT ( 'NONE',  ( 23.09883163392442995, -48.88557276380470995, -4.434952688729846493 ) ) ;
#7937 = CARTESIAN_POINT ( 'NONE',  ( 15.51937976572388322, -79.14683326193248547, 26.67263135380800421 ) ) ;
#7938 = CARTESIAN_POINT ( 'NONE',  ( 22.62359475913903495, -45.51663901994409400, -8.678840257118052293 ) ) ;
#7939 = FACE_OUTER_BOUND ( 'NONE', #9040, .T. ) ;
#7940 = CARTESIAN_POINT ( 'NONE',  ( 21.25571124827481384, -38.97054437680492356, -20.67543087641031718 ) ) ;
#7941 = ORIENTED_EDGE ( 'NONE', *, *, #6141, .T. ) ;
#7942 = CARTESIAN_POINT ( 'NONE',  ( 1.033664157649757387, -132.9772188151644912, 20.87278624234435398 ) ) ;
#7943 = CARTESIAN_POINT ( 'NONE',  ( 13.20472740288220770, 15.32469423097959016, -22.39834880592059463 ) ) ;
#7944 = CARTESIAN_POINT ( 'NONE',  ( 10.55000000000000071, 30.98458179031142024, -11.14980678216003263 ) ) ;
#7945 = CARTESIAN_POINT ( 'NONE',  ( 21.37536498706619881, -17.09070428359130034, -23.58501837703584769 ) ) ;
#7946 = CARTESIAN_POINT ( 'NONE',  ( 15.40036674940274963, -12.82710734920430795, -21.33783115027657473 ) ) ;
#7947 = CARTESIAN_POINT ( 'NONE',  ( 5.999999999999998224, -20.10861407777597520, -8.944056119628854162 ) ) ;
#7948 = ADVANCED_FACE ( 'NONE', ( #8695, #5727 ), #4316, .F. ) ;
#7949 = CARTESIAN_POINT ( 'NONE',  ( 23.44999999999999929, -130.9482816024203942, 19.78811616247799066 ) ) ;
#7950 = VECTOR ( 'NONE', #1642, 1000.000000000000000 ) ;
#7951 = VERTEX_POINT ( 'NONE', #7241 ) ;
#7952 = CARTESIAN_POINT ( 'NONE',  ( 26.38839466303431891, -17.09070428359138560, 16.15006088230980197 ) ) ;
#7953 = ORIENTED_EDGE ( 'NONE', *, *, #7137, .F. ) ;
#7954 = CARTESIAN_POINT ( 'NONE',  ( 23.44999999999999929, -67.51255360434782915, 29.70567073343264752 ) ) ;
#7955 = VERTEX_POINT ( 'NONE', #6560 ) ;
#7956 = DIRECTION ( 'NONE',  ( -0.000000000000000000, -0.1736481776669229204, -0.9848077530122093526 ) ) ;
#7957 = CARTESIAN_POINT ( 'NONE',  ( 15.61330511471666860, -75.13363841131543097, 32.95420677792557740 ) ) ;
#7958 = AXIS2_PLACEMENT_3D ( 'NONE', #7489, #7302, #1381 ) ;
#7959 = CARTESIAN_POINT ( 'NONE',  ( 12.43364696825075377, -15.06037558917756236, -44.72404717748123915 ) ) ;
#7960 = CARTESIAN_POINT ( 'NONE',  ( 23.44990021699235072, 28.02667518938602242, -15.09691605036605111 ) ) ;
#7961 = CYLINDRICAL_SURFACE ( 'NONE', #3168, 2.999999999999999112 ) ;
#7962 = ORIENTED_EDGE ( 'NONE', *, *, #4321, .T. ) ;
#7963 = CARTESIAN_POINT ( 'NONE',  ( 20.11140372676720744, -41.72623580925496611, 12.00466560348026235 ) ) ;
#7964 = VERTEX_POINT ( 'NONE', #590 ) ;
#7965 = CARTESIAN_POINT ( 'NONE',  ( 19.17906972770252949, -53.47937986367072227, -10.02140118912483047 ) ) ;
#7966 = AXIS2_PLACEMENT_3D ( 'NONE', #6687, #8956, #8325 ) ;
#7967 = CARTESIAN_POINT ( 'NONE',  ( 18.49577177231520864, -22.15605887579661371, -43.53244159541137748 ) ) ;
#7968 = CARTESIAN_POINT ( 'NONE',  ( 20.98914328182022615, -24.73666743227423837, -25.29816116055738817 ) ) ;
#7969 = EDGE_CURVE ( 'NONE', #8468, #1108, #9465, .T. ) ;
#7970 = FACE_OUTER_BOUND ( 'NONE', #5214, .T. ) ;
#7971 = CARTESIAN_POINT ( 'NONE',  ( 19.91018016267259227, 15.53353859047432728, -23.15401292211380735 ) ) ;
#7972 = PLANE ( 'NONE',  #1260 ) ;
#7973 = EDGE_CURVE ( 'NONE', #5120, #3935, #8787, .T. ) ;
#7974 = DIRECTION ( 'NONE',  ( 1.000000000000000000, 0.000000000000000000, -0.000000000000000000 ) ) ;
#7975 = VECTOR ( 'NONE', #9486, 1000.000000000000114 ) ;
#7976 = DIRECTION ( 'NONE',  ( -0.000000000000000000, 0.7660444431189812331, -0.6427876096865353661 ) ) ;
#7977 = ORIENTED_EDGE ( 'NONE', *, *, #5100, .T. ) ;
#7978 = CARTESIAN_POINT ( 'NONE',  ( 15.01084121015089856, -92.91523748974506702, 19.55028924043607219 ) ) ;
#7979 = DIRECTION ( 'NONE',  ( 1.000000000000000000, -0.000000000000000000, -0.000000000000000000 ) ) ;
#7980 = AXIS2_PLACEMENT_3D ( 'NONE', #1137, #457, #5544 ) ;
#7981 = DIRECTION ( 'NONE',  ( -1.000000000000000000, 0.000000000000000000, -0.000000000000000000 ) ) ;
#7982 = CARTESIAN_POINT ( 'NONE',  ( 22.90826108930929195, -54.53303526238052257, -11.18974322147946943 ) ) ;
#7983 = CARTESIAN_POINT ( 'NONE',  ( 17.79071665413547976, -62.61260877778929768, 27.65318186062660644 ) ) ;
#7984 = CARTESIAN_POINT ( 'NONE',  ( 14.70373236209595014, -41.59977865741780079, -19.57940732261377548 ) ) ;
#7985 = CARTESIAN_POINT ( 'NONE',  ( 22.38634014709197118, -42.51505407864853225, -11.08866619812264709 ) ) ;
#7986 = CARTESIAN_POINT ( 'NONE',  ( 15.36171676183278656, -29.67726835003505670, -27.27699238147765826 ) ) ;
#7987 = FACE_OUTER_BOUND ( 'NONE', #2153, .T. ) ;
#7988 = EDGE_LOOP ( 'NONE', ( #3391, #131, #6251, #716 ) ) ;
#7989 = CARTESIAN_POINT ( 'NONE',  ( 11.07292320803985497, 16.58877445195594902, -44.28877162961822478 ) ) ;
#7990 = CARTESIAN_POINT ( 'NONE',  ( 13.04968892056327334, 15.41086509935706239, -22.59563095181421488 ) ) ;
#7991 = LINE ( 'NONE', #7168, #2079 ) ;
#7992 = LINE ( 'NONE', #1349, #8579 ) ;
#7993 = CARTESIAN_POINT ( 'NONE',  ( 12.67335791100572351, -61.71939882608335637, -5.159668205671061436 ) ) ;
#7994 = CARTESIAN_POINT ( 'NONE',  ( 21.54662529324630071, -46.50249407273411606, -17.04145539942419774 ) ) ;
#7995 = CARTESIAN_POINT ( 'NONE',  ( 16.48778524898457931, -76.41159535586224649, 14.53533916992723007 ) ) ;
#7996 = ORIENTED_EDGE ( 'NONE', *, *, #383, .T. ) ;
#7997 = CARTESIAN_POINT ( 'NONE',  ( 0.000000000000000000, -76.10435538319671878, 15.87016425251036544 ) ) ;
#7998 = EDGE_LOOP ( 'NONE', ( #9053, #7632, #5287, #7418 ) ) ;
#7999 = CARTESIAN_POINT ( 'NONE',  ( 1.192034532370987110, -127.3003631666578599, 19.29674704769600879 ) ) ;
#8000 = ORIENTED_EDGE ( 'NONE', *, *, #8823, .F. ) ;
#8001 = CIRCLE ( 'NONE', #7371, 2.350000000000004974 ) ;
#8002 = EDGE_CURVE ( 'NONE', #5315, #2326, #1222, .T. ) ;
#8003 = CARTESIAN_POINT ( 'NONE',  ( 15.00000000000000000, -131.2712852580012282, 35.24213764297361706 ) ) ;
#8004 = CARTESIAN_POINT ( 'NONE',  ( 40.15447289092147543, -38.17919237181662595, -22.57369004243461319 ) ) ;
#8005 = CARTESIAN_POINT ( 'NONE',  ( 11.54555332180110661, -15.17716518192039743, -44.17439189115440001 ) ) ;
#8006 = LINE ( 'NONE', #9364, #2324 ) ;
#8007 = EDGE_CURVE ( 'NONE', #5326, #6031, #8611, .T. ) ;
#8008 = CARTESIAN_POINT ( 'NONE',  ( 15.00000000000212630, -110.3844618832063986, 46.82389576372777640 ) ) ;
#8009 =( BOUNDED_CURVE ( )  B_SPLINE_CURVE ( 3, ( #598, #8558, #6479, #5055 ),
 .UNSPECIFIED., .F., .F. ) 
 B_SPLINE_CURVE_WITH_KNOTS ( ( 4, 4 ),
 ( 1.570796326794896558, 3.141592653589793116 ),
 .UNSPECIFIED. ) 
 CURVE ( )  GEOMETRIC_REPRESENTATION_ITEM ( )  RATIONAL_B_SPLINE_CURVE ( ( 1.000000000000000000, 0.8047378541243649375, 0.8047378541243649375, 1.000000000000000000 ) ) 
 REPRESENTATION_ITEM ( '' )  );
#8010 = EDGE_CURVE ( 'NONE', #9506, #56, #3439, .T. ) ;
#8011 = EDGE_LOOP ( 'NONE', ( #2638, #7731, #3151, #7788 ) ) ;
#8012 = CARTESIAN_POINT ( 'NONE',  ( 15.60191512031148875, -51.83922982030171767, 20.49047514824752270 ) ) ;
#8013 = ORIENTED_EDGE ( 'NONE', *, *, #8846, .T. ) ;
#8014 = ORIENTED_EDGE ( 'NONE', *, *, #8197, .F. ) ;
#8015 = CARTESIAN_POINT ( 'NONE',  ( -12.75000000000000000, -116.1242084823501983, 39.94962174011556044 ) ) ;
#8016 = LINE ( 'NONE', #9374, #5482 ) ;
#8017 = AXIS2_PLACEMENT_3D ( 'NONE', #3320, #3503, #1467 ) ;
#8018 = DIRECTION ( 'NONE',  ( 0.000000000000000000, 0.000000000000000000, -1.000000000000000000 ) ) ;
#8019 = CARTESIAN_POINT ( 'NONE',  ( 3.000000000000000000, 40.26511950760994552, -14.81706920097373548 ) ) ;
#8020 = CARTESIAN_POINT ( 'NONE',  ( 11.45053486777561247, 16.32161026090666311, -44.21042519353503764 ) ) ;
#8021 = EDGE_CURVE ( 'NONE', #4302, #966, #6168, .T. ) ;
#8022 = ADVANCED_FACE ( 'NONE', ( #5574 ), #2619, .T. ) ;
#8023 = LINE ( 'NONE', #7201, #6937 ) ;
#8024 = ORIENTED_EDGE ( 'NONE', *, *, #8348, .F. ) ;
#8025 = CARTESIAN_POINT ( 'NONE',  ( 9.516231763884833939, -131.0435924386279396, 32.14413114992009213 ) ) ;
#8026 = LINE ( 'NONE', #4235, #6321 ) ;
#8027 = CARTESIAN_POINT ( 'NONE',  ( 15.00000000000000000, -122.1238203086651595, 49.72927226723100347 ) ) ;
#8028 = CARTESIAN_POINT ( 'NONE',  ( 22.30387827866600503, 17.91757756598603279, -22.39819215002520281 ) ) ;
#8029 = CARTESIAN_POINT ( 'NONE',  ( 25.00505927025263730, -8.012463504261800651, -21.29634816116374907 ) ) ;
#8030 = CARTESIAN_POINT ( 'NONE',  ( 14.71092467422482208, -41.52291249244095894, -19.61391021441016136 ) ) ;
#8031 = LINE ( 'NONE', #66, #3617 ) ;
#8032 = CARTESIAN_POINT ( 'NONE',  ( 21.21708408001999047, -37.52062438202401751, -21.23726374318463428 ) ) ;
#8033 = EDGE_CURVE ( 'NONE', #8931, #803, #8434, .T. ) ;
#8034 = ORIENTED_EDGE ( 'NONE', *, *, #2966, .F. ) ;
#8035 = CARTESIAN_POINT ( 'NONE',  ( 12.12188177985293613, 15.81206417238144368, -43.64257380770732198 ) ) ;
#8036 = CARTESIAN_POINT ( 'NONE',  ( 13.83532359548505042, 14.95572981508975907, -21.88597904976969488 ) ) ;
#8037 = CARTESIAN_POINT ( 'NONE',  ( 22.50704081177097393, -53.11609881598283067, -1.043069505909021588 ) ) ;
#8038 = PLANE ( 'NONE',  #5784 ) ;
#8039 = DIRECTION ( 'NONE',  ( 0.000000000000000000, -0.9848077530122093526, 0.1736481776669230592 ) ) ;
#8040 = CARTESIAN_POINT ( 'NONE',  ( 22.13301231538912361, -38.47424592615409011, -13.80913735994169578 ) ) ;
#8041 = LINE ( 'NONE', #1304, #6524 ) ;
#8042 = ORIENTED_EDGE ( 'NONE', *, *, #6733, .T. ) ;
#8043 = DIRECTION ( 'NONE',  ( 0.000000000000000000, 0.000000000000000000, -1.000000000000000000 ) ) ;
#8044 = ORIENTED_EDGE ( 'NONE', *, *, #6411, .T. ) ;
#8045 = CARTESIAN_POINT ( 'NONE',  ( 0.000000000000000000, -54.92150893388838284, -76.73387711758908836 ) ) ;
#8046 = VERTEX_POINT ( 'NONE', #5425 ) ;
#8047 = CARTESIAN_POINT ( 'NONE',  ( 0.000000000000000000, -34.27907187499138075, -20.17117335076154561 ) ) ;
#8048 = CARTESIAN_POINT ( 'NONE',  ( 14.99999999999999289, -92.09851064108380569, 41.31146043983113003 ) ) ;
#8049 = CARTESIAN_POINT ( 'NONE',  ( 12.52310746388339702, -14.92303051286099880, -44.57360453084076823 ) ) ;
#8050 = CARTESIAN_POINT ( 'NONE',  ( 18.25327562119452551, -22.69841064273953535, -43.52032730880782196 ) ) ;
#8051 = CARTESIAN_POINT ( 'NONE',  ( 15.00000000000000000, -123.7899015295617033, 35.82288474055282279 ) ) ;
#8052 = ORIENTED_EDGE ( 'NONE', *, *, #7603, .F. ) ;
#8053 = CARTESIAN_POINT ( 'NONE',  ( 17.92203708667263484, -46.07212814273533752, 15.65130225763978267 ) ) ;
#8054 = ORIENTED_EDGE ( 'NONE', *, *, #1272, .T. ) ;
#8055 = ORIENTED_EDGE ( 'NONE', *, *, #4704, .T. ) ;
#8056 = LINE ( 'NONE', #2088, #996 ) ;
#8057 = DIRECTION ( 'NONE',  ( 0.000000000000000000, 0.6427876096865382527, 0.7660444431189789016 ) ) ;
#8058 = FACE_OUTER_BOUND ( 'NONE', #2540, .T. ) ;
#8059 = ADVANCED_FACE ( 'NONE', ( #8383 ), #5525, .F. ) ;
#8060 = DIRECTION ( 'NONE',  ( -0.000000000000000000, 0.3232551092554108996, 0.9463118589240400169 ) ) ;
#8061 = CARTESIAN_POINT ( 'NONE',  ( 10.96856042333312153, 16.66043969196919505, -44.29634351899807854 ) ) ;
#8062 = EDGE_CURVE ( 'NONE', #1456, #3560, #8483, .T. ) ;
#8063 = VECTOR ( 'NONE', #3102, 999.9999999999998863 ) ;
#8064 = LINE ( 'NONE', #1374, #6778 ) ;
#8065 = ORIENTED_EDGE ( 'NONE', *, *, #295, .T. ) ;
#8066 = CARTESIAN_POINT ( 'NONE',  ( 3.000000000000000000, -22.82182225824879751, -16.60357600088130425 ) ) ;
#8067 = CARTESIAN_POINT ( 'NONE',  ( 17.84563141639565487, 31.47010291109261004, -21.12995397907485184 ) ) ;
#8068 = DIRECTION ( 'NONE',  ( 1.000000000000000000, 0.000000000000000000, 0.000000000000000000 ) ) ;
#8069 = VECTOR ( 'NONE', #8331, 1000.000000000000000 ) ;
#8070 = CARTESIAN_POINT ( 'NONE',  ( 20.35162379509359454, 13.66843692126033893, -21.29633934203438272 ) ) ;
#8071 = AXIS2_PLACEMENT_3D ( 'NONE', #3870, #3094, #769 ) ;
#8072 = CARTESIAN_POINT ( 'NONE',  ( 17.50974606627012875, -66.24491531063833349, 23.02065362722591146 ) ) ;
#8073 = CARTESIAN_POINT ( 'NONE',  ( 14.20607591963230831, -48.74107344052425361, -15.64015909169396501 ) ) ;
#8074 = DIRECTION ( 'NONE',  ( 0.000000000000000000, -0.9396926207859083169, 0.3420201433256687129 ) ) ;
#8075 = DIRECTION ( 'NONE',  ( 0.000000000000000000, 0.000000000000000000, 1.000000000000000000 ) ) ;
#8076 = VERTEX_POINT ( 'NONE', #9266 ) ;
#8077 = CARTESIAN_POINT ( 'NONE',  ( 11.03922626420975561, 16.61196636104331859, -44.29153469412926825 ) ) ;
#8078 = CARTESIAN_POINT ( 'NONE',  ( 15.09915573740786066, -90.32471162156038247, 17.74892954965821090 ) ) ;
#8079 = CARTESIAN_POINT ( 'NONE',  ( 22.83297439337285795, -51.04407686382820231, -2.706456872527918556 ) ) ;
#8080 = CARTESIAN_POINT ( 'NONE',  ( 0.000000000000000000, -40.09888980737421349, -18.18315442884076916 ) ) ;
#8081 = EDGE_CURVE ( 'NONE', #6638, #2061, #1885, .T. ) ;
#8082 = CARTESIAN_POINT ( 'NONE',  ( 3.841698121109098807, -96.64536932608545783, 43.12227588110900456 ) ) ;
#8083 = EDGE_CURVE ( 'NONE', #1057, #1264, #234, .T. ) ;
#8084 = EDGE_LOOP ( 'NONE', ( #9217, #6734, #7497, #361, #241 ) ) ;
#8085 = CARTESIAN_POINT ( 'NONE',  ( -14.09999999999999964, -57.10528308197181246, 21.64570027454408674 ) ) ;
#8086 = ORIENTED_EDGE ( 'NONE', *, *, #8293, .T. ) ;
#8087 = CARTESIAN_POINT ( 'NONE',  ( 23.44999999999999929, -108.5812047599589505, 97.86232593933300450 ) ) ;
#8088 = EDGE_LOOP ( 'NONE', ( #2220, #6275, #7053, #7352, #5710, #1685, #5522 ) ) ;
#8089 = CARTESIAN_POINT ( 'NONE',  ( 15.00000000000000355, -127.2455799356676494, 33.66819600018986591 ) ) ;
#8090 = DIRECTION ( 'NONE',  ( 1.000000000000000000, 0.000000000000000000, 0.000000000000000000 ) ) ;
#8091 = CARTESIAN_POINT ( 'NONE',  ( 7.239823494426007144, -75.46402210832656010, 1.922542352359466911 ) ) ;
#8092 = CARTESIAN_POINT ( 'NONE',  ( 19.37222732390412361, 23.35578546985144399, -43.52954928033059190 ) ) ;
#8093 = EDGE_LOOP ( 'NONE', ( #8968, #1059, #4152, #8212 ) ) ;
#8094 = CARTESIAN_POINT ( 'NONE',  ( 16.84975929617694845, -48.44966248626329985, 17.64629044840535954 ) ) ;
#8095 = ORIENTED_EDGE ( 'NONE', *, *, #249, .F. ) ;
#8096 = VERTEX_POINT ( 'NONE', #4693 ) ;
#8097 = CARTESIAN_POINT ( 'NONE',  ( 16.76818134467860588, -20.91532720753703245, -45.29634816116374907 ) ) ;
#8098 = VECTOR ( 'NONE', #3113, 1000.000000000000000 ) ;
#8099 = CARTESIAN_POINT ( 'NONE',  ( 13.17697862064032321, -14.26516770686462365, -22.43000822330907340 ) ) ;
#8100 = DIRECTION ( 'NONE',  ( 0.000000000000000000, -0.6427876096865405842, -0.7660444431189770143 ) ) ;
#8101 = FACE_OUTER_BOUND ( 'NONE', #8354, .T. ) ;
#8102 = DIRECTION ( 'NONE',  ( 0.000000000000000000, 0.000000000000000000, -1.000000000000000000 ) ) ;
#8103 = VECTOR ( 'NONE', #1793, 999.9999999999998863 ) ;
#8104 = DIRECTION ( 'NONE',  ( 1.000000000000000000, -0.000000000000000000, 0.000000000000000000 ) ) ;
#8105 = VECTOR ( 'NONE', #2885, 1000.000000000000227 ) ;
#8106 = ORIENTED_EDGE ( 'NONE', *, *, #5826, .F. ) ;
#8107 = FACE_OUTER_BOUND ( 'NONE', #5260, .T. ) ;
#8108 = CARTESIAN_POINT ( 'NONE',  ( 15.26520051939480815, -92.17906822924776122, 6.048610635819530401 ) ) ;
#8109 = EDGE_CURVE ( 'NONE', #3812, #3667, #7865, .T. ) ;
#8110 = CARTESIAN_POINT ( 'NONE',  ( 15.00000000000000000, -120.1554226140695363, 31.84896853206123524 ) ) ;
#8111 = CARTESIAN_POINT ( 'NONE',  ( 22.63972792551156488, 13.78622405329032397, -19.00765776121294692 ) ) ;
#8112 = DIRECTION ( 'NONE',  ( 0.000000000000000000, 1.000000000000000000, 2.118471673958353777E-16 ) ) ;
#8113 = CARTESIAN_POINT ( 'NONE',  ( 14.70150518063893053, -41.62355869014183440, -19.56870599475739070 ) ) ;
#8114 = EDGE_CURVE ( 'NONE', #3009, #759, #8509, .T. ) ;
#8115 = DIRECTION ( 'NONE',  ( 0.3312945782245626525, -0.9435273723846113736, 0.000000000000000000 ) ) ;
#8116 = CARTESIAN_POINT ( 'NONE',  ( 15.00000000000000000, -92.79996961649939635, 30.84682008480255533 ) ) ;
#8117 = CIRCLE ( 'NONE', #4710, 4.000000000000000000 ) ;
#8118 = ORIENTED_EDGE ( 'NONE', *, *, #8680, .T. ) ;
#8119 = DIRECTION ( 'NONE',  ( 0.000000000000000000, 0.9396926207859085389, -0.3420201433256683798 ) ) ;
#8120 = CYLINDRICAL_SURFACE ( 'NONE', #1594, 60.00000000000000000 ) ;
#8121 = DIRECTION ( 'NONE',  ( 0.000000000000000000, -0.9463118589240399059, 0.3232551092554114547 ) ) ;
#8122 = DIRECTION ( 'NONE',  ( 0.000000000000000000, -0.1736481776669229482, -0.9848077530122093526 ) ) ;
#8123 = CYLINDRICAL_SURFACE ( 'NONE', #3192, 50.00000000000000000 ) ;
#8124 = CARTESIAN_POINT ( 'NONE',  ( -12.75000000000000000, -116.1242084823501983, 39.94962174011556044 ) ) ;
#8125 = CARTESIAN_POINT ( 'NONE',  ( 23.05457162032858776, -42.95505173977034730, 9.547020991037287629 ) ) ;
#8126 = VECTOR ( 'NONE', #2435, 1000.000000000000114 ) ;
#8127 = EDGE_CURVE ( 'NONE', #8480, #9496, #290, .T. ) ;
#8128 = ADVANCED_FACE ( 'NONE', ( #4018 ), #6994, .F. ) ;
#8129 = EDGE_LOOP ( 'NONE', ( #1395, #5274, #1195, #7873 ) ) ;
#8130 = DIRECTION ( 'NONE',  ( -1.000000000000000000, -0.000000000000000000, -0.000000000000000000 ) ) ;
#8131 = VERTEX_POINT ( 'NONE', #4790 ) ;
#8132 = CARTESIAN_POINT ( 'NONE',  ( 16.15670288798538934, -79.39503660769476312, 13.39295360061315776 ) ) ;
#8133 = VERTEX_POINT ( 'NONE', #441 ) ;
#8134 = LINE ( 'NONE', #1449, #218 ) ;
#8135 = CARTESIAN_POINT ( 'NONE',  ( 12.40000000000000036, -49.46863626127934310, -10.21764939810934791 ) ) ;
#8136 = PLANE ( 'NONE',  #730 ) ;
#8137 = DIRECTION ( 'NONE',  ( -1.000000000000000000, 0.000000000000000000, 0.000000000000000000 ) ) ;
#8138 = CARTESIAN_POINT ( 'NONE',  ( 1.000000000000007772, -125.6822119262424025, 50.87769490003756090 ) ) ;
#8139 = AXIS2_PLACEMENT_3D ( 'NONE', #7635, #985, #3263 ) ;
#8140 = VERTEX_POINT ( 'NONE', #3394 ) ;
#8141 = CARTESIAN_POINT ( 'NONE',  ( 16.95537561911858049, 26.01762565713068298, -43.40873774572895627 ) ) ;
#8142 = ORIENTED_EDGE ( 'NONE', *, *, #1531, .T. ) ;
#8143 = ORIENTED_EDGE ( 'NONE', *, *, #718, .F. ) ;
#8144 = CARTESIAN_POINT ( 'NONE',  ( 12.40000000000000036, -54.59318299741923397, -3.567911001065598775 ) ) ;
#8145 = EDGE_CURVE ( 'NONE', #2418, #1504, #3284, .T. ) ;
#8146 = CARTESIAN_POINT ( 'NONE',  ( 12.81600561797617566, -14.46246350426197758, -23.29634816116374907 ) ) ;
#8147 = FACE_OUTER_BOUND ( 'NONE', #576, .T. ) ;
#8148 = CARTESIAN_POINT ( 'NONE',  ( 3.724503456249574462, -94.73569831923256856, 7.224747134103717272 ) ) ;
#8149 = LINE ( 'NONE', #1373, #4096 ) ;
#8150 = CARTESIAN_POINT ( 'NONE',  ( 14.99999999999999822, -104.4720218044247275, 45.37448702326444305 ) ) ;
#8151 = CIRCLE ( 'NONE', #2896, 6.000000000000000000 ) ;
#8152 = ORIENTED_EDGE ( 'NONE', *, *, #1420, .T. ) ;
#8153 = FACE_OUTER_BOUND ( 'NONE', #5581, .T. ) ;
#8154 = FACE_OUTER_BOUND ( 'NONE', #6013, .T. ) ;
#8155 = CARTESIAN_POINT ( 'NONE',  ( 9.516231763884833939, -130.4621581949742790, 33.74160860525613970 ) ) ;
#8156 = CARTESIAN_POINT ( 'NONE',  ( 25.00505927025263730, -12.01246350426180243, -16.46418557693210616 ) ) ;
#8157 = CARTESIAN_POINT ( 'NONE',  ( 19.90709618795391123, 15.53754531486773161, -23.16544773564175586 ) ) ;
#8158 = CARTESIAN_POINT ( 'NONE',  ( 16.61811994456057207, -75.49768797174196777, 14.59460292531441894 ) ) ;
#8159 = CARTESIAN_POINT ( 'NONE',  ( 14.64213368503857993, -42.28376897577629023, -19.26578220353093940 ) ) ;
#8160 = AXIS2_PLACEMENT_3D ( 'NONE', #4939, #7912, #1403 ) ;
#8161 = CIRCLE ( 'NONE', #639, 3.000000000000002665 ) ;
#8162 = EDGE_CURVE ( 'NONE', #8418, #3765, #6363, .T. ) ;
#8163 = PLANE ( 'NONE',  #1915 ) ;
#8164 = CARTESIAN_POINT ( 'NONE',  ( 15.00000000000000000, -94.22361619048319881, 31.26372337889589303 ) ) ;
#8165 = ORIENTED_EDGE ( 'NONE', *, *, #3547, .F. ) ;
#8166 = CARTESIAN_POINT ( 'NONE',  ( 14.10415852831881800, -53.53365052767556165, -12.02832658377499797 ) ) ;
#8167 = CARTESIAN_POINT ( 'NONE',  ( 12.81600561797623250, 15.53753649573836881, -23.29634816116374907 ) ) ;
#8168 = EDGE_CURVE ( 'NONE', #5377, #1401, #147, .T. ) ;
#8169 = CARTESIAN_POINT ( 'NONE',  ( 19.19860340506338048, -20.57279008854555613, -40.22482922281545115 ) ) ;
#8170 = DIRECTION ( 'NONE',  ( -0.000000000000000000, -0.000000000000000000, -1.000000000000000000 ) ) ;
#8171 = ADVANCED_FACE ( 'NONE', ( #4983 ), #7225, .F. ) ;
#8172 = CARTESIAN_POINT ( 'NONE',  ( 3.403799682995423570, -99.32380813574722822, 44.01491523616307688 ) ) ;
#8173 = CARTESIAN_POINT ( 'NONE',  ( 5.999999999999998224, -11.31787079359410875, -12.52495456488326830 ) ) ;
#8174 = VERTEX_POINT ( 'NONE', #1265 ) ;
#8175 = EDGE_CURVE ( 'NONE', #451, #860, #1446, .T. ) ;
#8176 = ORIENTED_EDGE ( 'NONE', *, *, #3092, .F. ) ;
#8177 = DIRECTION ( 'NONE',  ( 1.000000000000000000, 0.000000000000000000, 0.000000000000000000 ) ) ;
#8178 = ORIENTED_EDGE ( 'NONE', *, *, #9214, .T. ) ;
#8179 = CARTESIAN_POINT ( 'NONE',  ( 16.46321024552738521, -77.33220785427614885, 12.93252367272433467 ) ) ;
#8180 = ORIENTED_EDGE ( 'NONE', *, *, #2036, .F. ) ;
#8181 = CARTESIAN_POINT ( 'NONE',  ( 14.99999999999916511, -101.3407937816377711, 10.96161919024314457 ) ) ;
#8182 = DIRECTION ( 'NONE',  ( 0.7071067811865479058, 0.000000000000000000, -0.7071067811865472397 ) ) ;
#8183 = ADVANCED_FACE ( 'NONE', ( #3575 ), #2805, .F. ) ;
#8184 = CARTESIAN_POINT ( 'NONE',  ( 15.24846212968270898, -11.61706768044274263, -20.30457958141588648 ) ) ;
#8185 = CARTESIAN_POINT ( 'NONE',  ( 7.399999999999995026, -74.66354740713653371, 13.27312437272159151 ) ) ;
#8186 = CARTESIAN_POINT ( 'NONE',  ( 19.50318269174014318, 22.97890680167483879, -43.53610649714067904 ) ) ;
#8187 = ORIENTED_EDGE ( 'NONE', *, *, #196, .F. ) ;
#8188 = CARTESIAN_POINT ( 'NONE',  ( 0.000000000000000000, -142.3727122354948165, 24.84663618706120047 ) ) ;
#8189 = ORIENTED_EDGE ( 'NONE', *, *, #496, .F. ) ;
#8190 = ORIENTED_EDGE ( 'NONE', *, *, #8007, .T. ) ;
#8191 = PLANE ( 'NONE',  #6108 ) ;
#8192 = CARTESIAN_POINT ( 'NONE',  ( 13.59698912887184363, -14.02372603756100666, -22.04597983458123878 ) ) ;
#8193 = DIRECTION ( 'NONE',  ( 0.000000000000000000, -0.9848077530122093526, 0.1736481776669230592 ) ) ;
#8194 = ADVANCED_FACE ( 'NONE', ( #528 ), #5032, .F. ) ;
#8195 = CARTESIAN_POINT ( 'NONE',  ( 3.716835136542530282, -94.79879108921139164, 7.255112447997123404 ) ) ;
#8196 = CARTESIAN_POINT ( 'NONE',  ( 0.000000000000000000, 26.53753649573820539, -43.29634816116374196 ) ) ;
#8197 = EDGE_CURVE ( 'NONE', #540, #3009, #7455, .T. ) ;
#8198 = CARTESIAN_POINT ( 'NONE',  ( 12.76259707981113678, -1.958265214942934707, -7.371947257554367638 ) ) ;
#8199 = VERTEX_POINT ( 'NONE', #9544 ) ;
#8200 = CARTESIAN_POINT ( 'NONE',  ( -4.000000000000000000, -30.39113852184311071, -11.88299054380818021 ) ) ;
#8201 = CARTESIAN_POINT ( 'NONE',  ( 18.44999999999999929, 32.94301637382660175, -15.89135599806355792 ) ) ;
#8202 = FACE_OUTER_BOUND ( 'NONE', #3527, .T. ) ;
#8203 = CARTESIAN_POINT ( 'NONE',  ( 15.00000000000000000, -120.8850217654223229, 31.99989439269740288 ) ) ;
#8204 = FACE_OUTER_BOUND ( 'NONE', #7282, .T. ) ;
#8205 = CARTESIAN_POINT ( 'NONE',  ( 16.75109585194288542, -74.23539985312399381, 15.43718632938799651 ) ) ;
#8206 = CARTESIAN_POINT ( 'NONE',  ( 19.86064322576690699, -63.44107043591969131, 6.918362269181112190 ) ) ;
#8207 = VECTOR ( 'NONE', #7785, 999.9999999999998863 ) ;
#8208 = CARTESIAN_POINT ( 'NONE',  ( 22.64642523546173081, 14.08717071315100178, -19.00763748559111121 ) ) ;
#8209 = ORIENTED_EDGE ( 'NONE', *, *, #7868, .T. ) ;
#8210 = CARTESIAN_POINT ( 'NONE',  ( 0.000000000000000000, -21.09485488504712336, 26.02265642327425965 ) ) ;
#8211 = FACE_OUTER_BOUND ( 'NONE', #870, .T. ) ;
#8212 = ORIENTED_EDGE ( 'NONE', *, *, #9554, .F. ) ;
#8213 = PLANE ( 'NONE',  #1315 ) ;
#8214 = LINE ( 'NONE', #5111, #6090 ) ;
#8215 = AXIS2_PLACEMENT_3D ( 'NONE', #5474, #7717, #6316 ) ;
#8216 = CARTESIAN_POINT ( 'NONE',  ( 22.72161866254801055, -22.82182225824879751, -11.90357600088132095 ) ) ;
#8217 = CARTESIAN_POINT ( 'NONE',  ( 23.20512737964460470, -41.10981444642604288, 11.48742666526990419 ) ) ;
#8218 = PLANE ( 'NONE',  #708 ) ;
#8219 = CARTESIAN_POINT ( 'NONE',  ( 2.926504147419392687, -102.6166046680697406, 44.91963965419321170 ) ) ;
#8220 = CARTESIAN_POINT ( 'NONE',  ( 14.99999999999254818, -105.0153838095077816, 45.50768983443860805 ) ) ;
#8221 = DIRECTION ( 'NONE',  ( -1.000000000000000000, -0.000000000000000000, -0.000000000000000000 ) ) ;
#8222 = VECTOR ( 'NONE', #5817, 1000.000000000000000 ) ;
#8223 = ORIENTED_EDGE ( 'NONE', *, *, #8109, .T. ) ;
#8224 = CARTESIAN_POINT ( 'NONE',  ( 17.33971537430075216, 15.59700320558265751, -43.78042516929100003 ) ) ;
#8225 = ORIENTED_EDGE ( 'NONE', *, *, #1320, .T. ) ;
#8226 = LINE ( 'NONE', #83, #9361 ) ;
#8227 = ORIENTED_EDGE ( 'NONE', *, *, #3107, .F. ) ;
#8228 = CARTESIAN_POINT ( 'NONE',  ( 15.00000000000169109, -117.5760481090024143, 17.49673340792808318 ) ) ;
#8229 = CARTESIAN_POINT ( 'NONE',  ( 22.02567167066570875, -36.17823496505037895, -15.06480666215174757 ) ) ;
#8230 = CARTESIAN_POINT ( 'NONE',  ( 1.000000000000007772, -125.6822119262424025, 50.87769490003756090 ) ) ;
#8231 = EDGE_CURVE ( 'NONE', #4864, #7442, #2901, .T. ) ;
#8232 = CARTESIAN_POINT ( 'NONE',  ( 17.61817447802842906, -75.52279487660989332, 1.992966352848965617 ) ) ;
#8233 = CARTESIAN_POINT ( 'NONE',  ( 14.63561747335641883, -129.2171712478692029, 41.16547398517721490 ) ) ;
#8234 = EDGE_LOOP ( 'NONE', ( #9470, #3082, #9091, #2738, #4731 ) ) ;
#8235 = CYLINDRICAL_SURFACE ( 'NONE', #8071, 1.599999999999990097 ) ;
#8236 = ORIENTED_EDGE ( 'NONE', *, *, #8894, .F. ) ;
#8237 = ORIENTED_EDGE ( 'NONE', *, *, #5084, .F. ) ;
#8238 = CARTESIAN_POINT ( 'NONE',  ( -42.37127364850559985, -50.75421148065240118, -11.74973828434730372 ) ) ;
#8239 = CARTESIAN_POINT ( 'NONE',  ( 12.81821438550331571, -14.46128907884654069, -23.21716652841509898 ) ) ;
#8240 = CARTESIAN_POINT ( 'NONE',  ( 0.000000000000000000, -99.68960827893432963, 9.958714539438515700 ) ) ;
#8241 = CARTESIAN_POINT ( 'NONE',  ( 4.378344581164354210, -89.80377508881483095, 5.173040639282242559 ) ) ;
#8242 = CARTESIAN_POINT ( 'NONE',  ( 12.07295503730226649, 16.67335395738949799, -45.10090930989132829 ) ) ;
#8243 = CARTESIAN_POINT ( 'NONE',  ( 15.00000000000000000, -104.7348418386155942, 33.12806783778534481 ) ) ;
#8244 = AXIS2_PLACEMENT_3D ( 'NONE', #2160, #5996, #8998 ) ;
#8245 =( BOUNDED_CURVE ( )  B_SPLINE_CURVE ( 3, ( #3712, #859, #3813, #35 ),
 .UNSPECIFIED., .F., .F. ) 
 B_SPLINE_CURVE_WITH_KNOTS ( ( 4, 4 ),
 ( 0.1745329251994259256, 3.316125578789218764 ),
 .UNSPECIFIED. ) 
 CURVE ( )  GEOMETRIC_REPRESENTATION_ITEM ( )  RATIONAL_B_SPLINE_CURVE ( ( 1.000000000000000000, 0.3333333333333335369, 0.3333333333333335369, 1.000000000000000000 ) ) 
 REPRESENTATION_ITEM ( '' )  );
#8246 = EDGE_CURVE ( 'NONE', #8516, #8452, #7364, .T. ) ;
#8247 = ORIENTED_EDGE ( 'NONE', *, *, #1316, .T. ) ;
#8248 = CARTESIAN_POINT ( 'NONE',  ( 12.69799621922733479, 15.33679481722363569, -21.72577222148835929 ) ) ;
#8249 = CARTESIAN_POINT ( 'NONE',  ( 15.23549431368902951, -27.73043718295926396, -30.33388023458174132 ) ) ;
#8250 = CARTESIAN_POINT ( 'NONE',  ( 11.03926444900713300, -15.53702804182433184, -44.29251410253500154 ) ) ;
#8251 = EDGE_CURVE ( 'NONE', #8324, #9263, #2714, .T. ) ;
#8252 = PLANE ( 'NONE',  #8139 ) ;
#8253 = LINE ( 'NONE', #2439, #4526 ) ;
#8254 = CARTESIAN_POINT ( 'NONE',  ( 15.00000000000000000, -122.3442200681275409, 32.30174611396969908 ) ) ;
#8255 = AXIS2_PLACEMENT_3D ( 'NONE', #7696, #2451, #5406 ) ;
#8256 = DIRECTION ( 'NONE',  ( -0.000000000000000000, -0.7660444431189817882, 0.6427876096865348110 ) ) ;
#8257 = CARTESIAN_POINT ( 'NONE',  ( 22.49181371346805136, 17.14788669722222991, -20.77283091918895508 ) ) ;
#8258 = ORIENTED_EDGE ( 'NONE', *, *, #7905, .F. ) ;
#8259 = VERTEX_POINT ( 'NONE', #3528 ) ;
#8260 = CARTESIAN_POINT ( 'NONE',  ( 20.07716457044297087, -21.36545584719819502, -33.12126854625204686 ) ) ;
#8261 = VERTEX_POINT ( 'NONE', #6737 ) ;
#8262 = CARTESIAN_POINT ( 'NONE',  ( 19.65137614678898359, -64.06520621715297636, 7.305742657561224540 ) ) ;
#8263 = CARTESIAN_POINT ( 'NONE',  ( 0.000000000000000000, 0.000000000000000000, 0.000000000000000000 ) ) ;
#8264 = VECTOR ( 'NONE', #9586, 1000.000000000000114 ) ;
#8265 = DIRECTION ( 'NONE',  ( 0.000000000000000000, -0.3232551092554040162, -0.9463118589240424594 ) ) ;
#8266 = ADVANCED_FACE ( 'NONE', ( #7511 ), #2987, .F. ) ;
#8267 = FACE_OUTER_BOUND ( 'NONE', #1408, .T. ) ;
#8268 = CARTESIAN_POINT ( 'NONE',  ( 21.37536498706619881, -17.09070428359130034, -23.58501837703584769 ) ) ;
#8269 = DIRECTION ( 'NONE',  ( -0.000000000000000000, -0.9396926207859083169, 0.3420201433256687129 ) ) ;
#8270 = CARTESIAN_POINT ( 'NONE',  ( 2.355553012885716502, -106.6350427107998371, 45.90474210673626487 ) ) ;
#8271 = CARTESIAN_POINT ( 'NONE',  ( 5.999999999999998224, -120.2201213401917244, 40.11018988692321585 ) ) ;
#8272 = ORIENTED_EDGE ( 'NONE', *, *, #8283, .T. ) ;
#8273 = CARTESIAN_POINT ( 'NONE',  ( -2.499999999999999781E-05, -14.46246350426196869, -43.29634816116374907 ) ) ;
#8274 = EDGE_LOOP ( 'NONE', ( #7805, #8400, #2087, #8367 ) ) ;
#8275 = FACE_OUTER_BOUND ( 'NONE', #9119, .T. ) ;
#8276 = EDGE_LOOP ( 'NONE', ( #7068, #6932, #2723, #911, #525, #1443 ) ) ;
#8277 = CARTESIAN_POINT ( 'NONE',  ( 15.00000000000000000, -108.8134291148864179, 28.54255760778363893 ) ) ;
#8278 = CARTESIAN_POINT ( 'NONE',  ( 12.40000000000000036, -75.82056510457229592, 11.89424437510743537 ) ) ;
#8279 = CARTESIAN_POINT ( 'NONE',  ( 14.00000000000000000, 0.5375364957381987274, 53.36789795213029919 ) ) ;
#8280 = CIRCLE ( 'NONE', #5805, 33.83706265612283204 ) ;
#8281 = CARTESIAN_POINT ( 'NONE',  ( 7.049169585403706861, -76.10518947500681008, 2.081304397731950750 ) ) ;
#8282 = CARTESIAN_POINT ( 'NONE',  ( 8.050665725192590827, -126.2865582918685448, 49.21726690695018647 ) ) ;
#8283 = EDGE_CURVE ( 'NONE', #9354, #9506, #1537, .T. ) ;
#8284 = EDGE_LOOP ( 'NONE', ( #6909, #398, #8990, #2582, #6919, #2986 ) ) ;
#8285 = CARTESIAN_POINT ( 'NONE',  ( 19.08985805587047224, 23.97934899639863815, -43.51543443242022846 ) ) ;
#8286 = ORIENTED_EDGE ( 'NONE', *, *, #2022, .T. ) ;
#8287 = ORIENTED_EDGE ( 'NONE', *, *, #4757, .T. ) ;
#8288 = CARTESIAN_POINT ( 'NONE',  ( 21.97374787907518723, 28.79114226616569283, -26.93222746681909641 ) ) ;
#8289 = CARTESIAN_POINT ( 'NONE',  ( 13.49559094951751881, -14.08321090818720478, -22.12440141929423376 ) ) ;
#8290 = CARTESIAN_POINT ( 'NONE',  ( 17.53068050820106549, 25.70134166703709866, -21.64907750673015485 ) ) ;
#8291 = ADVANCED_FACE ( 'NONE', ( #8275 ), #6834, .T. ) ;
#8292 = CARTESIAN_POINT ( 'NONE',  ( 17.48745483127510525, -66.37478870372433448, 23.04947076083103497 ) ) ;
#8293 = EDGE_CURVE ( 'NONE', #8384, #8554, #2208, .T. ) ;
#8294 = CARTESIAN_POINT ( 'NONE',  ( 12.75726792199136028, 15.63128866980962783, -43.90293998383278762 ) ) ;
#8295 = CARTESIAN_POINT ( 'NONE',  ( 2.926504147419392687, -102.6166046680855430, 44.91963965419709126 ) ) ;
#8296 = EDGE_LOOP ( 'NONE', ( #6439, #2037, #2421, #3484 ) ) ;
#8297 = CARTESIAN_POINT ( 'NONE',  ( 12.82604529541116101, 15.53218429102754783, -23.12868292992026298 ) ) ;
#8298 = CARTESIAN_POINT ( 'NONE',  ( 0.000000000000000000, -38.85406476150464528, -13.76214029363365476 ) ) ;
#8299 = DIRECTION ( 'NONE',  ( 0.000000000000000000, 0.000000000000000000, -1.000000000000000000 ) ) ;
#8300 = EDGE_CURVE ( 'NONE', #5677, #5313, #5950, .T. ) ;
#8301 = LINE ( 'NONE', #3354, #4222 ) ;
#8302 = CARTESIAN_POINT ( 'NONE',  ( 16.57720150807443815, -75.79990065310701652, 14.53488439363327167 ) ) ;
#8303 = CARTESIAN_POINT ( 'NONE',  ( 18.25000000000000000, 26.94687000296135793, -10.43784925372564665 ) ) ;
#8304 = EDGE_CURVE ( 'NONE', #3132, #5053, #62, .T. ) ;
#8305 = VECTOR ( 'NONE', #5576, 1000.000000000000114 ) ;
#8306 = CARTESIAN_POINT ( 'NONE',  ( 5.999999999999998224, -46.00175890828305825, -11.66920211694405296 ) ) ;
#8307 = ORIENTED_EDGE ( 'NONE', *, *, #7652, .F. ) ;
#8308 = ORIENTED_EDGE ( 'NONE', *, *, #418, .F. ) ;
#8309 = CARTESIAN_POINT ( 'NONE',  ( 17.04262235317856522, -54.03590777359482900, -10.96226188563615267 ) ) ;
#8310 = ORIENTED_EDGE ( 'NONE', *, *, #7286, .F. ) ;
#8311 = CARTESIAN_POINT ( 'NONE',  ( -12.00000000000008704, -121.1330780353518861, 32.03547454657584836 ) ) ;
#8312 = CARTESIAN_POINT ( 'NONE',  ( 7.399999999999999467, -51.37579633631954579, -6.267618961749018780 ) ) ;
#8313 = CARTESIAN_POINT ( 'NONE',  ( 11.45643923738952097, 17.53753649573836881, -45.29634816116374196 ) ) ;
#8314 = CARTESIAN_POINT ( 'NONE',  ( -37.07224088444629473, -54.60113403017650313, -5.910972413209566234 ) ) ;
#8315 = CARTESIAN_POINT ( 'NONE',  ( 15.08548988013510872, 26.53753649573820894, -40.29634816116373486 ) ) ;
#8316 = FACE_OUTER_BOUND ( 'NONE', #215, .T. ) ;
#8317 = EDGE_CURVE ( 'NONE', #6391, #9313, #8245, .T. ) ;
#8318 = VECTOR ( 'NONE', #5091, 1000.000000000000000 ) ;
#8319 = CARTESIAN_POINT ( 'NONE',  ( 15.00000000000000178, -104.4720218044086977, 45.37448702326108929 ) ) ;
#8320 = CARTESIAN_POINT ( 'NONE',  ( 21.74318342464690801, -51.31065996149104791, 13.75998819919912819 ) ) ;
#8321 = EDGE_CURVE ( 'NONE', #6384, #1141, #807, .T. ) ;
#8322 = VERTEX_POINT ( 'NONE', #3764 ) ;
#8323 = DIRECTION ( 'NONE',  ( -0.000000000000000000, 0.5057367576863224246, 0.8626878531223943769 ) ) ;
#8324 = VERTEX_POINT ( 'NONE', #4632 ) ;
#8325 = DIRECTION ( 'NONE',  ( 0.000000000000000000, -9.251858538542973800E-15, -1.000000000000000000 ) ) ;
#8326 = ORIENTED_EDGE ( 'NONE', *, *, #4121, .F. ) ;
#8327 = CARTESIAN_POINT ( 'NONE',  ( 1.455538777911514314, -121.3880491092189402, 18.28223021147752902 ) ) ;
#8328 = CARTESIAN_POINT ( 'NONE',  ( 13.32331054463747932, -13.70121286585203180, -21.03235429999037720 ) ) ;
#8329 = CARTESIAN_POINT ( 'NONE',  ( 14.47944345475639061, -44.32619634389249086, -18.25629345966715178 ) ) ;
#8330 = LINE ( 'NONE', #2513, #7930 ) ;
#8331 = DIRECTION ( 'NONE',  ( 1.000000000000000000, -0.000000000000000000, 0.000000000000000000 ) ) ;
#8332 = ORIENTED_EDGE ( 'NONE', *, *, #233, .F. ) ;
#8333 = CARTESIAN_POINT ( 'NONE',  ( 19.71383824820377484, 21.42720991145441900, -43.54662542183135798 ) ) ;
#8334 = VERTEX_POINT ( 'NONE', #7559 ) ;
#8335 = ORIENTED_EDGE ( 'NONE', *, *, #8910, .F. ) ;
#8336 = CARTESIAN_POINT ( 'NONE',  ( 17.53068050820106905, 30.22642330811766342, -23.77596164592427286 ) ) ;
#8337 = CARTESIAN_POINT ( 'NONE',  ( 14.81706024815361289, -13.24103144317596659, -21.45241294253998632 ) ) ;
#8338 = DIRECTION ( 'NONE',  ( 0.000000000000000000, -7.146672203659338804E-16, -1.000000000000000000 ) ) ;
#8339 = DIRECTION ( 'NONE',  ( 0.000000000000000000, -0.9848077530122093526, 0.1736481776669229204 ) ) ;
#8340 = CARTESIAN_POINT ( 'NONE',  ( 12.17225912059763537, 15.77191049926356747, -43.47376802513870331 ) ) ;
#8341 = CARTESIAN_POINT ( 'NONE',  ( 3.047694877180502360, -101.7075048365694698, 44.69097266409707458 ) ) ;
#8342 = EDGE_LOOP ( 'NONE', ( #4642, #251, #6866, #8906 ) ) ;
#8343 = ORIENTED_EDGE ( 'NONE', *, *, #8892, .T. ) ;
#8344 = CARTESIAN_POINT ( 'NONE',  ( 14.71917030734973508, 13.32854348875693162, -20.32832602820854717 ) ) ;
#8345 = CARTESIAN_POINT ( 'NONE',  ( 2.999999999999999556, -135.9270157972180471, 29.54511202316014717 ) ) ;
#8346 = FACE_OUTER_BOUND ( 'NONE', #5829, .T. ) ;
#8347 = CARTESIAN_POINT ( 'NONE',  ( 12.13420490080192238, -14.72716720648485911, -43.60163055454967918 ) ) ;
#8348 = EDGE_CURVE ( 'NONE', #7951, #213, #8226, .T. ) ;
#8349 = FACE_OUTER_BOUND ( 'NONE', #8911, .T. ) ;
#8350 = CARTESIAN_POINT ( 'NONE',  ( -3.000000000000000000, 40.26511950760994552, -14.81706920097372659 ) ) ;
#8351 = LINE ( 'NONE', #7686, #2800 ) ;
#8352 = ORIENTED_EDGE ( 'NONE', *, *, #1309, .T. ) ;
#8353 = ORIENTED_EDGE ( 'NONE', *, *, #9273, .T. ) ;
#8354 = EDGE_LOOP ( 'NONE', ( #9583, #3093, #4254, #8095 ) ) ;
#8355 = CARTESIAN_POINT ( 'NONE',  ( 16.25027507957221928, -24.81968674166479616, -43.42019562282024481 ) ) ;
#8356 = B_SPLINE_CURVE_WITH_KNOTS ( 'NONE', 3,
 ( #8945, #8166, #2974, #70 ),
 .UNSPECIFIED., .F., .F.,
 ( 4, 4 ),
 ( 0.000000000000000000, 1.000000000000000000 ),
 .UNSPECIFIED. ) ;
#8357 = DIRECTION ( 'NONE',  ( -0.02224014068614567005, -0.9997526574819696199, -1.334072619310902117E-16 ) ) ;
#8358 = CARTESIAN_POINT ( 'NONE',  ( 4.500997858691025755, -57.26512467709812881, 21.77982329806138395 ) ) ;
#8359 = CARTESIAN_POINT ( 'NONE',  ( 17.58521687315919735, -46.77252683224593710, 16.23900653968515329 ) ) ;
#8360 = DIRECTION ( 'NONE',  ( 1.000000000000000000, -0.000000000000000000, 0.000000000000000000 ) ) ;
#8361 = FACE_OUTER_BOUND ( 'NONE', #3678, .T. ) ;
#8362 =( BOUNDED_SURFACE ( )  B_SPLINE_SURFACE ( 2, 3, ( 
 ( #6527, #9475, #8704, #18, #2101, #7301, #8072, #2147, #8525, #2968 ),
 ( #2054, #5060, #4328, #1427, #3600, #7983, #1879, #7812, #3651, #4422 ),
 ( #2926, #5148, #1339, #6575, #7391, #2882, #4373, #5835, #1167, #4112 ) ),
 .UNSPECIFIED., .F., .F., .F. ) 
 B_SPLINE_SURFACE_WITH_KNOTS ( ( 3, 3 ),
 ( 4, 2, 2, 2, 4 ),
 ( 0.000000000000000000, 1.000000000000000000 ),
 ( 0.2617948101735548816, 0.2978699954318194121, 0.3339451806900839426, 0.3700203659483484731, 0.4060955512066130035 ),
 .UNSPECIFIED. ) 
 GEOMETRIC_REPRESENTATION_ITEM ( )  RATIONAL_B_SPLINE_SURFACE ( (
 ( 1.000000000000000000, 1.000000000000000000, 1.000000000000000000, 1.000000000000000000, 1.000000000000000000, 1.000000000000000000, 1.000000000000000000, 1.000000000000000000, 1.000000000000000000, 1.000000000000000000),
 ( 0.6860556961355219752, 0.6889605390423458875, 0.6918702853483359450, 0.6972839850531852290, 0.6997229658644896766, 0.7041223496992838893, 0.7060738960471188985, 0.7094839383231956731, 0.7109453520593600473, 0.7123483128092779060),
 ( 1.000000000000000000, 1.000000000000000000, 1.000000000000000000, 1.000000000000000000, 1.000000000000000000, 1.000000000000000000, 1.000000000000000000, 1.000000000000000000, 1.000000000000000000, 1.000000000000000000) ) ) 
 REPRESENTATION_ITEM ( '' )  SURFACE ( )  );
#8363 = CARTESIAN_POINT ( 'NONE',  ( 1.288280705166634954, -117.4075832748394959, 48.54558315415607694 ) ) ;
#8364 = CARTESIAN_POINT ( 'NONE',  ( 20.23105298398809992, -56.84697157599856610, 17.72661140917833933 ) ) ;
#8365 = PRODUCT_RELATED_PRODUCT_CATEGORY ( 'part', '', ( #2346 ) ) ;
#8366 = AXIS2_PLACEMENT_3D ( 'NONE', #2679, #8549, #405 ) ;
#8367 = ORIENTED_EDGE ( 'NONE', *, *, #3401, .T. ) ;
#8368 = CARTESIAN_POINT ( 'NONE',  ( 11.92859943839511061, 16.88172411440722698, -45.18586237349729373 ) ) ;
#8369 = ORIENTED_EDGE ( 'NONE', *, *, #3107, .T. ) ;
#8370 = CARTESIAN_POINT ( 'NONE',  ( 17.25305438107737999, -72.98620780137915176, 11.68539672811303376 ) ) ;
#8371 = EDGE_CURVE ( 'NONE', #550, #7754, #5170, .T. ) ;
#8372 = CARTESIAN_POINT ( 'NONE',  ( 15.39699809376070050, 13.89386480279410208, -21.32834376302832524 ) ) ;
#8373 = PLANE ( 'NONE',  #4242 ) ;
#8374 = CARTESIAN_POINT ( 'NONE',  ( 23.44999999999999929, -25.46246350426179816, -43.29634816116374907 ) ) ;
#8375 = CARTESIAN_POINT ( 'NONE',  ( 13.48358945513041363, -14.09036303283908964, -22.13235975456258942 ) ) ;
#8376 = ADVANCED_FACE ( 'NONE', ( #8909 ), #2354, .F. ) ;
#8377 = CARTESIAN_POINT ( 'NONE',  ( 14.10361265830191435, -52.13068720367309794, -13.18008346223045812 ) ) ;
#8378 = AXIS2_PLACEMENT_3D ( 'NONE', #1534, #6735, #5168 ) ;
#8379 = CARTESIAN_POINT ( 'NONE',  ( 16.13075781320645419, -78.33073627394600180, 16.10237140845097414 ) ) ;
#8380 = ORIENTED_EDGE ( 'NONE', *, *, #1551, .T. ) ;
#8381 = CARTESIAN_POINT ( 'NONE',  ( 16.06453528117921081, 24.22558999257502066, -45.29634816116374196 ) ) ;
#8382 = ORIENTED_EDGE ( 'NONE', *, *, #9191, .T. ) ;
#8383 = FACE_OUTER_BOUND ( 'NONE', #1792, .T. ) ;
#8384 = VERTEX_POINT ( 'NONE', #5363 ) ;
#8385 = DIRECTION ( 'NONE',  ( 0.000000000000000000, 0.000000000000000000, -1.000000000000000000 ) ) ;
#8386 = CARTESIAN_POINT ( 'NONE',  ( 13.65638079047952047, -77.59885521316199686, 16.27262499649769367 ) ) ;
#8387 = CARTESIAN_POINT ( 'NONE',  ( 21.44999999999999929, 31.76599858981257896, -6.718171893605090261 ) ) ;
#8388 = FILL_AREA_STYLE_COLOUR ( '', #6211 ) ;
#8389 = CARTESIAN_POINT ( 'NONE',  ( 12.55321687852352852, 15.95160117605842132, -44.51698404721240365 ) ) ;
#8390 = FACE_OUTER_BOUND ( 'NONE', #7365, .T. ) ;
#8391 = ORIENTED_EDGE ( 'NONE', *, *, #7137, .T. ) ;
#8392 = ORIENTED_EDGE ( 'NONE', *, *, #7832, .F. ) ;
#8393 = CARTESIAN_POINT ( 'NONE',  ( 13.69875924012652568, 15.03843072280761284, -21.97275567917452932 ) ) ;
#8394 = CARTESIAN_POINT ( 'NONE',  ( 14.11446840999476393, -54.13248084427826967, -11.52584828597590061 ) ) ;
#8395 = CARTESIAN_POINT ( 'NONE',  ( 0.000000000000000000, 0.000000000000000000, 0.000000000000000000 ) ) ;
#8396 = CARTESIAN_POINT ( 'NONE',  ( 5.999999999999998224, -48.42838073599382653, -12.48934260663897966 ) ) ;
#8397 = CARTESIAN_POINT ( 'NONE',  ( 11.46379603209693698, -64.79892567709481455, -2.847914249785081786 ) ) ;
#8398 = AXIS2_PLACEMENT_3D ( 'NONE', #184, #6646, #4451 ) ;
#8399 = CARTESIAN_POINT ( 'NONE',  ( 20.05557017845278622, -53.09190656964396027, -9.447505494326581044 ) ) ;
#8400 = ORIENTED_EDGE ( 'NONE', *, *, #3431, .F. ) ;
#8401 = EDGE_LOOP ( 'NONE', ( #2339, #7875, #641, #5154 ) ) ;
#8402 = EDGE_CURVE ( 'NONE', #4055, #8580, #9532, .T. ) ;
#8403 = VERTEX_POINT ( 'NONE', #3957 ) ;
#8404 = CARTESIAN_POINT ( 'NONE',  ( 19.28603023590236276, -14.34859576281000670, -22.62792555103579772 ) ) ;
#8405 = DIRECTION ( 'NONE',  ( -1.000000000000000000, 0.000000000000000000, 0.000000000000000000 ) ) ;
#8406 = DIRECTION ( 'NONE',  ( 0.000000000000000000, -0.7660444431189816772, 0.6427876096865349220 ) ) ;
#8407 = VECTOR ( 'NONE', #4515, 1000.000000000000227 ) ;
#8408 = LINE ( 'NONE', #8314, #867 ) ;
#8409 = CARTESIAN_POINT ( 'NONE',  ( 0.000000000000000000, -76.10435538319671878, 17.87016425251036722 ) ) ;
#8410 = ADVANCED_FACE ( 'NONE', ( #3288 ), #7656, .F. ) ;
#8411 = CARTESIAN_POINT ( 'NONE',  ( 23.44999999999999929, -34.71447329368038481, 6.121098262759037567 ) ) ;
#8412 = CARTESIAN_POINT ( 'NONE',  ( 11.54683744232840148, -15.17618271865910096, -44.17349749382690050 ) ) ;
#8413 = CARTESIAN_POINT ( 'NONE',  ( 22.59773477930508179, -46.62072507232729635, 11.23654909657614631 ) ) ;
#8414 = EDGE_CURVE ( 'NONE', #4694, #2760, #3770, .T. ) ;
#8415 = AXIS2_PLACEMENT_3D ( 'NONE', #6025, #741, #3834 ) ;
#8416 = VERTEX_POINT ( 'NONE', #5513 ) ;
#8417 = CARTESIAN_POINT ( 'NONE',  ( 12.27851210655343905, 16.36981319087041342, -44.92106748280468764 ) ) ;
#8418 = VERTEX_POINT ( 'NONE', #6935 ) ;
#8419 = CARTESIAN_POINT ( 'NONE',  ( 18.49619547830019428, -67.82934005672331068, 9.479302720688190576 ) ) ;
#8420 = ORIENTED_EDGE ( 'NONE', *, *, #2591, .F. ) ;
#8421 = B_SPLINE_CURVE_WITH_KNOTS ( 'NONE', 3,
 ( #57, #783, #4417, #8886, #3595, #9520, #2231, #5192, #6520, #1515 ),
 .UNSPECIFIED., .F., .F.,
 ( 4, 2, 2, 2, 4 ),
 ( 0.000000000000000000, 0.0006486541358538605237, 0.001297308271707721047, 0.001945962407561581571, 0.002594616543415442095 ),
 .UNSPECIFIED. ) ;
#8422 = CARTESIAN_POINT ( 'NONE',  ( 0.000000000000000000, -61.71939882608335637, -5.159668205671062324 ) ) ;
#8423 = FACE_OUTER_BOUND ( 'NONE', #8543, .T. ) ;
#8424 = CARTESIAN_POINT ( 'NONE',  ( 13.21159737362351194, -13.80492403933242151, -21.13197385271872974 ) ) ;
#8425 = CARTESIAN_POINT ( 'NONE',  ( 14.70674478515483763, -41.56412907867603224, -19.59620401428198377 ) ) ;
#8426 = ADVANCED_FACE ( 'NONE', ( #278 ), #948, .T. ) ;
#8427 = CARTESIAN_POINT ( 'NONE',  ( 21.98892567792384867, -53.13002187755994754, -12.36701123521886991 ) ) ;
#8428 = AXIS2_PLACEMENT_3D ( 'NONE', #132, #1639, #5266 ) ;
#8429 = CARTESIAN_POINT ( 'NONE',  ( 15.77594757884336829, 26.42240477309747959, -43.34978209913977309 ) ) ;
#8430 = ADVANCED_FACE ( 'NONE', ( #2154 ), #4155, .F. ) ;
#8431 = ORIENTED_EDGE ( 'NONE', *, *, #4339, .T. ) ;
#8432 = CARTESIAN_POINT ( 'NONE',  ( 15.00000000000000000, -122.2705011474570824, 18.42123019163070552 ) ) ;
#8433 = ORIENTED_EDGE ( 'NONE', *, *, #8010, .T. ) ;
#8434 = LINE ( 'NONE', #391, #1176 ) ;
#8436 = VECTOR ( 'NONE', #6473, 1000.000000000000000 ) ;
#8435 = CARTESIAN_POINT ( 'NONE',  ( 11.53600440905273672, -16.35478249245298699, -45.29408757329099444 ) ) ;
#8437 = LINE ( 'NONE', #9167, #9256 ) ;
#8438 = CARTESIAN_POINT ( 'NONE',  ( 12.21409197172848415, 15.73839215189789087, -22.95021423632823243 ) ) ;
#8439 = DIRECTION ( 'NONE',  ( -1.000000000000000000, 0.000000000000000000, 0.000000000000000000 ) ) ;
#8440 = CARTESIAN_POINT ( 'NONE',  ( 12.73119576272541842, 15.67267669891501214, -44.02018537820464417 ) ) ;
#8441 = ORIENTED_EDGE ( 'NONE', *, *, #6694, .T. ) ;
#8442 = CARTESIAN_POINT ( 'NONE',  ( 21.44999999999999574, -39.33069177476031086, 1.248673103258287842 ) ) ;
#8443 = EDGE_CURVE ( 'NONE', #4743, #2938, #373, .T. ) ;
#8444 = ORIENTED_EDGE ( 'NONE', *, *, #3979, .T. ) ;
#8445 = EDGE_LOOP ( 'NONE', ( #6165, #7471, #4164, #5910 ) ) ;
#8446 = CARTESIAN_POINT ( 'NONE',  ( 13.88911518765531383, 14.92285071689897791, -21.85343195553388540 ) ) ;
#8447 = CARTESIAN_POINT ( 'NONE',  ( 13.92130645813290535, -55.74693998938299444, -10.17115621276775705 ) ) ;
#8448 = CARTESIAN_POINT ( 'NONE',  ( 21.64157902634170938, -16.62762766198262554, -21.55656289514940482 ) ) ;
#8449 = LINE ( 'NONE', #1041, #2946 ) ;
#8450 = CARTESIAN_POINT ( 'NONE',  ( 10.70205166274271313, -66.46367145505263352, -1.807991751990940088 ) ) ;
#8451 = CARTESIAN_POINT ( 'NONE',  ( 19.68327309005972836, 20.05322588356092695, -43.54662542183135798 ) ) ;
#8452 = VERTEX_POINT ( 'NONE', #4198 ) ;
#8453 = VECTOR ( 'NONE', #7647, 1000.000000000000000 ) ;
#8454 = ORIENTED_EDGE ( 'NONE', *, *, #8846, .F. ) ;
#8455 = ORIENTED_EDGE ( 'NONE', *, *, #4264, .T. ) ;
#8456 = CARTESIAN_POINT ( 'NONE',  ( 12.74897127389268370, -14.21759830284979209, -21.65584623819090382 ) ) ;
#8457 = CARTESIAN_POINT ( 'NONE',  ( 0.000000000000000000, -31.33745038076713740, -11.55973543455278296 ) ) ;
#8458 = CARTESIAN_POINT ( 'NONE',  ( 6.000000000000000000, -48.31161856384360931, -8.838769400495159800 ) ) ;
#8459 = CARTESIAN_POINT ( 'NONE',  ( 16.62356918122643989, -48.97335246964942002, 18.08571852031589344 ) ) ;
#8460 = CARTESIAN_POINT ( 'NONE',  ( 22.61826009352185096, -52.48106056900290639, -1.557064025103158000 ) ) ;
#8461 = CARTESIAN_POINT ( 'NONE',  ( 3.000000000000000000, -22.82182225824879751, -11.90357600088132095 ) ) ;
#8462 = CARTESIAN_POINT ( 'NONE',  ( 11.44850755529950526, -15.24800622595456723, -44.21110321906841278 ) ) ;
#8463 = CARTESIAN_POINT ( 'NONE',  ( 15.62942909364465827, -12.63097744066467065, -21.29634816116375973 ) ) ;
#8464 = AXIS2_PLACEMENT_3D ( 'NONE', #3597, #6571, #2689 ) ;
#8465 = ORIENTED_EDGE ( 'NONE', *, *, #5977, .F. ) ;
#8466 = CARTESIAN_POINT ( 'NONE',  ( 12.31267417588521873, 16.31851117276561070, -44.88191704249091885 ) ) ;
#8467 = EDGE_CURVE ( 'NONE', #5053, #1768, #4246, .T. ) ;
#8468 = VERTEX_POINT ( 'NONE', #7166 ) ;
#8469 = CARTESIAN_POINT ( 'NONE',  ( 15.00000000000000000, -131.2712852580012282, 35.24213764297363127 ) ) ;
#8470 = CARTESIAN_POINT ( 'NONE',  ( 15.02747325580259741, 14.16719712901429240, -21.39636926115406368 ) ) ;
#8471 = VECTOR ( 'NONE', #1139, 1000.000000000000114 ) ;
#8472 = CARTESIAN_POINT ( 'NONE',  ( 2.441816336293519907, -107.4206068717840594, 14.09617504728798920 ) ) ;
#8473 = EDGE_CURVE ( 'NONE', #1117, #8140, #6394, .T. ) ;
#8474 = DIRECTION ( 'NONE',  ( -1.000000000000000000, 0.000000000000000000, 0.000000000000000000 ) ) ;
#8475 = CARTESIAN_POINT ( 'NONE',  ( 14.71917030734972087, -12.25347049728054927, -20.32832602820850809 ) ) ;
#8476 = DIRECTION ( 'NONE',  ( -1.000000000000000000, -0.000000000000000000, -0.000000000000000000 ) ) ;
#8477 = DIRECTION ( 'NONE',  ( 0.000000000000000000, 0.6427876096865345890, 0.7660444431189820103 ) ) ;
#8478 = EDGE_CURVE ( 'NONE', #102, #842, #1388, .T. ) ;
#8479 = CARTESIAN_POINT ( 'NONE',  ( 15.69927235641276475, 26.43841128976487909, -43.34594872792506237 ) ) ;
#8480 = VERTEX_POINT ( 'NONE', #6583 ) ;
#8481 = CARTESIAN_POINT ( 'NONE',  ( 14.00000000000000000, 0.5375364957381987274, -18.29634816116374907 ) ) ;
#8482 = ORIENTED_EDGE ( 'NONE', *, *, #2919, .F. ) ;
#8483 = LINE ( 'NONE', #4890, #8601 ) ;
#8484 = CARTESIAN_POINT ( 'NONE',  ( 12.30176537524078739, -15.25981731508727179, -44.89438143002482207 ) ) ;
#8485 = CARTESIAN_POINT ( 'NONE',  ( 15.38394313918570333, -12.82868312437024549, -21.33016030101468630 ) ) ;
#8486 = CARTESIAN_POINT ( 'NONE',  ( 12.92908568020877880, 15.13594863421245940, -21.42042607112290398 ) ) ;
#8487 = CARTESIAN_POINT ( 'NONE',  ( 23.01068844095272681, -49.69387347628757823, -4.874037137159397126 ) ) ;
#8488 = LINE ( 'NONE', #4309, #686 ) ;
#8489 = EDGE_LOOP ( 'NONE', ( #699, #5762, #4245, #2579 ) ) ;
#8490 = CYLINDRICAL_SURFACE ( 'NONE', #7305, 2.000000000000001776 ) ;
#8491 = EDGE_LOOP ( 'NONE', ( #5512, #7850, #1345, #3495 ) ) ;
#8492 = CARTESIAN_POINT ( 'NONE',  ( 5.586750802989270070, -86.99209633547599196, 38.79593311508940445 ) ) ;
#8493 = FACE_OUTER_BOUND ( 'NONE', #8296, .T. ) ;
#8494 = EDGE_CURVE ( 'NONE', #6708, #4347, #1969, .T. ) ;
#8495 = CARTESIAN_POINT ( 'NONE',  ( 13.04949868459682527, -60.36555998867876127, -6.295673874810723269 ) ) ;
#8496 = CARTESIAN_POINT ( 'NONE',  ( 19.99904057889539644, 15.48551644486719248, -22.83784289832237846 ) ) ;
#8497 = CARTESIAN_POINT ( 'NONE',  ( 9.053357931703642336, -53.86295548736612915, 22.15448931360040064 ) ) ;
#8498 = EDGE_CURVE ( 'NONE', #4359, #2418, #2696, .T. ) ;
#8499 = CARTESIAN_POINT ( 'NONE',  ( 12.40000000000000036, 0.000000000000000000, 0.000000000000000000 ) ) ;
#8500 = B_SPLINE_CURVE_WITH_KNOTS ( 'NONE', 3,
 ( #6902, #243, #3203, #6167, #9120, #1794, #4893, #5479, #7047, #5670, #3250, #7911, #4792, #1267, #7820, #2573, #1934, #392, #7766, #1074, #7092, #4119, #4747, #2716, #6319, #6406, #6217, #4212, #8637, #1175, #7136, #7866, #3351, #9166, #485, #5619, #1119 ),
 .UNSPECIFIED., .F., .F.,
 ( 4, 2, 2, 1, 1, 2, 2, 2, 2, 1, 1, 1, 1, 2, 2, 1, 1, 1, 1, 1, 1, 1, 2, 2, 4 ),
 ( 0.000000000000000000, 0.2500000000003039791, 0.3750000000004560241, 0.4375000000005332401, 0.4687500000005730416, 0.4843750000005941359, 0.5000000000006152856, 0.6250000000007767120, 0.6875000000008563150, 0.7187500000008972822, 0.7343750000009177104, 0.7421875000009279244, 0.7460937500009319212, 0.7480468750009339196, 0.7500000000009358070, 0.8125000000009527934, 0.8437500000009613421, 0.8593750000009642287, 0.8671875000009655610, 0.8710937500009676704, 0.8730468750009674483, 0.8740234375009672263, 0.8745117187509657830, 0.8750000000009642287, 1.000000000000000000 ),
 .UNSPECIFIED. ) ;
#8501 = CYLINDRICAL_SURFACE ( 'NONE', #1500, 2.349999999999990763 ) ;
#8502 = EDGE_LOOP ( 'NONE', ( #1856, #7653, #9379, #631 ) ) ;
#8503 = ORIENTED_EDGE ( 'NONE', *, *, #7370, .F. ) ;
#8504 = ORIENTED_EDGE ( 'NONE', *, *, #1306, .F. ) ;
#8505 = DIRECTION ( 'NONE',  ( -2.716844749132464931E-16, -0.3420201433256693235, -0.9396926207859083169 ) ) ;
#8506 = LINE ( 'NONE', #6973, #6876 ) ;
#8507 = LINE ( 'NONE', #3228, #6460 ) ;
#8508 = DIRECTION ( 'NONE',  ( -0.02224014068614565617, -0.9997526574819696199, 0.000000000000000000 ) ) ;
#8509 =( BOUNDED_CURVE ( )  B_SPLINE_CURVE ( 2, ( #3971, #6949, #7091 ),
 .UNSPECIFIED., .F., .F. ) 
 B_SPLINE_CURVE_WITH_KNOTS ( ( 3, 3 ),
 ( 0.000000000000000000, 1.000000000000000000 ),
 .UNSPECIFIED. ) 
 CURVE ( )  GEOMETRIC_REPRESENTATION_ITEM ( )  RATIONAL_B_SPLINE_CURVE ( ( 1.000000000000000000, 0.6860556961355219752, 1.000000000000000000 ) ) 
 REPRESENTATION_ITEM ( '' )  );
#8510 = DIRECTION ( 'NONE',  ( 0.000000000000000000, 0.1736481776669252519, 0.9848077530122090195 ) ) ;
#8511 = LINE ( 'NONE', #2551, #6716 ) ;
#8512 = B_SPLINE_CURVE_WITH_KNOTS ( 'NONE', 3,
 ( #177, #5947, #3133, #6097 ),
 .UNSPECIFIED., .F., .F.,
 ( 4, 4 ),
 ( 0.000000000000000000, 1.000000000000000000 ),
 .UNSPECIFIED. ) ;
#8513 = CARTESIAN_POINT ( 'NONE',  ( 11.94088573058914626, -14.87886876000274405, -43.90584541715551126 ) ) ;
#8514 = CARTESIAN_POINT ( 'NONE',  ( 22.13920935992359773, -49.36233563470376851, 12.64109458799046770 ) ) ;
#8515 = B_SPLINE_CURVE_WITH_KNOTS ( 'NONE', 3,
 ( #6089, #2400, #5305, #8268 ),
 .UNSPECIFIED., .F., .F.,
 ( 4, 4 ),
 ( 0.000000000000000000, 1.000000000000000000 ),
 .UNSPECIFIED. ) ;
#8516 = VERTEX_POINT ( 'NONE', #6723 ) ;
#8517 = CARTESIAN_POINT ( 'NONE',  ( 12.51117254182992333, 16.01648511035499212, -44.59499571739564061 ) ) ;
#8518 = ORIENTED_EDGE ( 'NONE', *, *, #2301, .T. ) ;
#8519 = CARTESIAN_POINT ( 'NONE',  ( 15.00000000000000000, -126.7721474809101068, 19.18228595691885374 ) ) ;
#8520 = ORIENTED_EDGE ( 'NONE', *, *, #7070, .T. ) ;
#8521 = CARTESIAN_POINT ( 'NONE',  ( 13.04634899518697999, 15.03038914439874141, -21.29634816116374907 ) ) ;
#8522 = DIRECTION ( 'NONE',  ( 0.000000000000000000, 0.000000000000000000, 1.000000000000000000 ) ) ;
#8523 = CARTESIAN_POINT ( 'NONE',  ( 13.88911518765526942, -13.84777772542259022, -21.85343195553388540 ) ) ;
#8524 = DIRECTION ( 'NONE',  ( -2.592365900567902216E-17, 1.000000000000000000, 0.000000000000000000 ) ) ;
#8525 = CARTESIAN_POINT ( 'NONE',  ( 16.88074952739011891, -69.37793418644218946, 23.97091697899683282 ) ) ;
#8526 = CARTESIAN_POINT ( 'NONE',  ( 0.000000000000000000, -28.45925394260854091, -22.15919227268232206 ) ) ;
#8527 = AXIS2_PLACEMENT_3D ( 'NONE', #3838, #6813, #3115 ) ;
#8528 = ORIENTED_EDGE ( 'NONE', *, *, #6105, .F. ) ;
#8529 = CARTESIAN_POINT ( 'NONE',  ( 15.88511950485765745, -72.96470944189114505, 31.85646251832256581 ) ) ;
#8530 = ORIENTED_EDGE ( 'NONE', *, *, #3714, .F. ) ;
#8531 = CARTESIAN_POINT ( 'NONE',  ( 0.000000000000000000, -60.96200874009102222, 17.04943361583019623 ) ) ;
#8532 = EDGE_CURVE ( 'NONE', #1766, #3772, #8356, .T. ) ;
#8533 = CARTESIAN_POINT ( 'NONE',  ( 12.08700415053287180, -15.57767699062997480, -45.09000270654156850 ) ) ;
#8534 = VECTOR ( 'NONE', #6647, 1000.000000000000000 ) ;
#8535 = CARTESIAN_POINT ( 'NONE',  ( 15.38731309386091795, -12.82613225668169221, -21.32968550380060790 ) ) ;
#8536 = AXIS2_PLACEMENT_3D ( 'NONE', #9343, #2700, #5018 ) ;
#8537 = CARTESIAN_POINT ( 'NONE',  ( 12.14169325103823383, -14.72121049215024868, -43.58139259625534834 ) ) ;
#8538 = LINE ( 'NONE', #3305, #2648 ) ;
#8539 = LINE ( 'NONE', #1180, #4101 ) ;
#8540 = AXIS2_PLACEMENT_3D ( 'NONE', #6021, #928, #4559 ) ;
#8541 = VERTEX_POINT ( 'NONE', #847 ) ;
#8542 = DIRECTION ( 'NONE',  ( 0.000000000000000000, -0.6427876096865352551, -0.7660444431189813441 ) ) ;
#8543 = EDGE_LOOP ( 'NONE', ( #5489, #4862, #5087, #5350, #894, #4500 ) ) ;
#8544 = CARTESIAN_POINT ( 'NONE',  ( 5.643570862251523934, -86.68158438632700324, 38.64296838367599207 ) ) ;
#8545 = LINE ( 'NONE', #4903, #3216 ) ;
#8546 = CARTESIAN_POINT ( 'NONE',  ( 2.283056186115416608, -109.3299476736255116, 14.86537549475937681 ) ) ;
#8547 = B_SPLINE_CURVE_WITH_KNOTS ( 'NONE', 3,
 ( #9122, #973, #195, #3101 ),
 .UNSPECIFIED., .F., .F.,
 ( 4, 4 ),
 ( 0.000000000000000000, 1.000000000000000000 ),
 .UNSPECIFIED. ) ;
#8548 = CARTESIAN_POINT ( 'NONE',  ( 20.27046471668067440, 14.85652866751126666, -21.78691320819046950 ) ) ;
#8549 = DIRECTION ( 'NONE',  ( 0.000000000000000000, -0.6427876096865348110, -0.7660444431189817882 ) ) ;
#8550 = DIRECTION ( 'NONE',  ( -0.000000000000000000, 0.000000000000000000, -1.000000000000000000 ) ) ;
#8551 = ADVANCED_FACE ( 'NONE', ( #4380 ), #8213, .T. ) ;
#8552 = VECTOR ( 'NONE', #5699, 1000.000000000000000 ) ;
#8553 = DIRECTION ( 'NONE',  ( -4.511867237697539046E-16, -3.614007241618348771E-16, 1.000000000000000000 ) ) ;
#8554 = VERTEX_POINT ( 'NONE', #5934 ) ;
#8555 = EDGE_LOOP ( 'NONE', ( #6673, #8976, #4092, #5498 ) ) ;
#8556 = EDGE_CURVE ( 'NONE', #2951, #6922, #3932, .T. ) ;
#8557 = EDGE_LOOP ( 'NONE', ( #1399, #6317, #4103, #2176, #5124, #4850 ) ) ;
#8558 = CARTESIAN_POINT ( 'NONE',  ( 15.00000000000000000, -140.3847777707362638, 30.30844124034080522 ) ) ;
#8559 = CARTESIAN_POINT ( 'NONE',  ( 5.999999999999999112, -19.29246764274143544, -4.315459680471443349 ) ) ;
#8560 = CARTESIAN_POINT ( 'NONE',  ( 15.00000000000000000, -120.4859869534278403, 49.30024030737040164 ) ) ;
#8561 = CARTESIAN_POINT ( 'NONE',  ( 23.00618177331674019, -49.73987541422744840, -3.750840688693525937 ) ) ;
#8562 = CARTESIAN_POINT ( 'NONE',  ( 14.78793654443584771, -40.68427191555112188, -19.98011249473004725 ) ) ;
#8563 = CARTESIAN_POINT ( 'NONE',  ( 22.11497341799448435, -38.13291704240415925, -14.01230565107767134 ) ) ;
#8564 = CARTESIAN_POINT ( 'NONE',  ( 15.32018733766321006, -33.22204539486405395, -23.78224704989484906 ) ) ;
#8565 = ORIENTED_EDGE ( 'NONE', *, *, #5649, .T. ) ;
#8566 = CARTESIAN_POINT ( 'NONE',  ( 19.19599796431936767, -25.43748166966991420, -39.38770450647978549 ) ) ;
#8567 = ADVANCED_FACE ( 'NONE', ( #5251 ), #3751, .F. ) ;
#8568 = VECTOR ( 'NONE', #2450, 1000.000000000000000 ) ;
#8569 = ORIENTED_EDGE ( 'NONE', *, *, #7467, .F. ) ;
#8570 = DIRECTION ( 'NONE',  ( 0.000000000000000000, 0.000000000000000000, -1.000000000000000000 ) ) ;
#8571 = CARTESIAN_POINT ( 'NONE',  ( 14.69752972236906530, 14.39820272881249430, -21.49100459258545470 ) ) ;
#8572 = VECTOR ( 'NONE', #8405, 1000.000000000000000 ) ;
#8573 = CARTESIAN_POINT ( 'NONE',  ( 2.679646204749461358, -104.7798680589166196, 12.82968018065072613 ) ) ;
#8574 = CARTESIAN_POINT ( 'NONE',  ( 3.188798608406880231, -99.68960827893417331, 9.958714539438421554 ) ) ;
#8575 = DIRECTION ( 'NONE',  ( 1.000000000000000000, 0.000000000000000000, 0.000000000000000000 ) ) ;
#8576 = CARTESIAN_POINT ( 'NONE',  ( 22.44700257992001724, -43.33622927068630304, -10.46303855838675645 ) ) ;
#8577 = DIRECTION ( 'NONE',  ( 0.000000000000000000, 0.000000000000000000, 1.000000000000000000 ) ) ;
#8578 = AXIS2_PLACEMENT_3D ( 'NONE', #8298, #5390, #5924 ) ;
#8579 = VECTOR ( 'NONE', #2845, 1000.000000000000000 ) ;
#8580 = VERTEX_POINT ( 'NONE', #8262 ) ;
#8581 = FACE_OUTER_BOUND ( 'NONE', #2997, .T. ) ;
#8582 = ORIENTED_EDGE ( 'NONE', *, *, #1447, .F. ) ;
#8583 = DIRECTION ( 'NONE',  ( 0.000000000000000000, 0.000000000000000000, -1.000000000000000000 ) ) ;
#8584 = CARTESIAN_POINT ( 'NONE',  ( 12.25117369432057401, -15.33551556322187537, -44.94906767443251283 ) ) ;
#8585 = DIRECTION ( 'NONE',  ( 0.000000000000000000, 0.000000000000000000, -1.000000000000000000 ) ) ;
#8586 = VECTOR ( 'NONE', #3588, 1000.000000000000000 ) ;
#8587 = LINE ( 'NONE', #2385, #8720 ) ;
#8588 = DIRECTION ( 'NONE',  ( -1.000000000000000000, 0.000000000000000000, 0.000000000000000000 ) ) ;
#8589 = DIRECTION ( 'NONE',  ( -0.000000000000000000, -0.000000000000000000, -1.000000000000000000 ) ) ;
#8590 = ADVANCED_FACE ( 'NONE', ( #6035 ), #1626, .F. ) ;
#8591 = ORIENTED_EDGE ( 'NONE', *, *, #4440, .F. ) ;
#8592 = CARTESIAN_POINT ( 'NONE',  ( 0.000000000000000000, -31.33745038076713740, -11.55973543455278296 ) ) ;
#8593 = VECTOR ( 'NONE', #4265, 1000.000000000000000 ) ;
#8594 = ORIENTED_EDGE ( 'NONE', *, *, #4452, .F. ) ;
#8595 = FACE_OUTER_BOUND ( 'NONE', #7668, .T. ) ;
#8596 = EDGE_CURVE ( 'NONE', #7719, #2355, #7566, .T. ) ;
#8597 = FACE_OUTER_BOUND ( 'NONE', #4057, .T. ) ;
#8598 = CARTESIAN_POINT ( 'NONE',  ( 13.62957477202842149, -57.55892238708825914, -8.650722451153550097 ) ) ;
#8599 = CARTESIAN_POINT ( 'NONE',  ( 20.20240305316698581, 15.11749123883582691, -22.06844808931234070 ) ) ;
#8600 = EDGE_CURVE ( 'NONE', #7700, #3135, #5450, .T. ) ;
#8601 = VECTOR ( 'NONE', #4839, 1000.000000000000114 ) ;
#8602 = CARTESIAN_POINT ( 'NONE',  ( 15.00000000000000000, -131.2712852580012282, 35.24213764297361706 ) ) ;
#8603 = EDGE_CURVE ( 'NONE', #2118, #1610, #3159, .T. ) ;
#8604 = CARTESIAN_POINT ( 'NONE',  ( 0.000000000000000000, -136.9394358138791858, 22.44088499817747362 ) ) ;
#8605 = ORIENTED_EDGE ( 'NONE', *, *, #7800, .F. ) ;
#8606 = EDGE_LOOP ( 'NONE', ( #6189, #5712, #2503, #8335 ) ) ;
#8607 = EDGE_CURVE ( 'NONE', #9543, #4692, #9295, .T. ) ;
#8608 = CARTESIAN_POINT ( 'NONE',  ( 0.000000000000000000, -121.0492985462398252, 26.41804800079848192 ) ) ;
#8609 = LINE ( 'NONE', #9335, #3506 ) ;
#8610 = DIRECTION ( 'NONE',  ( 0.5958697513482541508, -0.5971223951134431163, 0.5370140451442169116 ) ) ;
#8611 = B_SPLINE_CURVE_WITH_KNOTS ( 'NONE', 3,
 ( #1118, #4167, #7046, #4745, #2572, #1072 ),
 .UNSPECIFIED., .F., .F.,
 ( 4, 2, 4 ),
 ( 3.469446951953614189E-18, 0.001530754814235674383, 0.003061509628471345296 ),
 .UNSPECIFIED. ) ;
#8612 = CARTESIAN_POINT ( 'NONE',  ( 21.05722200927702659, -59.58883044786103511, 4.304619656664079308 ) ) ;
#8613 = ADVANCED_FACE ( 'NONE', ( #2491 ), #9094, .F. ) ;
#8614 = CARTESIAN_POINT ( 'NONE',  ( 15.06447720393052592, -86.16479974150603027, 28.84012521239945670 ) ) ;
#8615 = CARTESIAN_POINT ( 'NONE',  ( 22.59462241037472197, -45.17700880979238320, -8.968371500825288223 ) ) ;
#8616 = AXIS2_PLACEMENT_3D ( 'NONE', #1518, #7434, #8935 ) ;
#8617 = CARTESIAN_POINT ( 'NONE',  ( 15.18030669268238952, -35.84131851503077826, -22.06534956606436282 ) ) ;
#8618 = ORIENTED_EDGE ( 'NONE', *, *, #910, .F. ) ;
#8619 = CARTESIAN_POINT ( 'NONE',  ( 20.80775042164469824, -31.14688455028827363, -25.60565209067689096 ) ) ;
#8620 = VERTEX_POINT ( 'NONE', #4947 ) ;
#8621 = CARTESIAN_POINT ( 'NONE',  ( 0.000000000000000000, -119.5755209204604625, 23.59365460226408118 ) ) ;
#8622 = CARTESIAN_POINT ( 'NONE',  ( 13.38528929980274107, 15.22213331974051442, -22.21817977971705105 ) ) ;
#8623 = CARTESIAN_POINT ( 'NONE',  ( 3.000000000000000000, -76.10435538319671878, 16.87016425251036722 ) ) ;
#8624 = CARTESIAN_POINT ( 'NONE',  ( 21.75052270786249409, -16.17451361646013908, -20.77293225776481123 ) ) ;
#8625 = CARTESIAN_POINT ( 'NONE',  ( 13.17026074835694338, -14.27125598881893609, -22.44695172519590542 ) ) ;
#8626 = ADVANCED_FACE ( 'NONE', ( #7924 ), #2515, .T. ) ;
#8627 = CARTESIAN_POINT ( 'NONE',  ( 22.11170623371415545, -38.07310371770983437, -14.04874923370377537 ) ) ;
#8628 = CARTESIAN_POINT ( 'NONE',  ( 23.73188222302021799, -22.82182225824879751, -13.25357600088130638 ) ) ;
#8629 = EDGE_CURVE ( 'NONE', #1768, #8416, #4409, .T. ) ;
#8630 =( BOUNDED_CURVE ( )  B_SPLINE_CURVE ( 3, ( #1217, #2660, #4252, #3390 ),
 .UNSPECIFIED., .F., .F. ) 
 B_SPLINE_CURVE_WITH_KNOTS ( ( 4, 4 ),
 ( 3.033396732621632452, 3.277863007973939258 ),
 .UNSPECIFIED. ) 
 CURVE ( )  GEOMETRIC_REPRESENTATION_ITEM ( )  RATIONAL_B_SPLINE_CURVE ( ( 1.000000000000000000, 0.9950258844773852696, 0.9950258844773852696, 1.000000000000000000 ) ) 
 REPRESENTATION_ITEM ( '' )  );
#8631 = AXIS2_PLACEMENT_3D ( 'NONE', #7246, #737, #6659 ) ;
#8632 = VERTEX_POINT ( 'NONE', #6699 ) ;
#8633 = DIRECTION ( 'NONE',  ( -0.000000000000000000, 0.6427876096865343669, 0.7660444431189822323 ) ) ;
#8634 = VERTEX_POINT ( 'NONE', #5820 ) ;
#8635 = DIRECTION ( 'NONE',  ( -0.7071067811865493491, 8.659560562354953812E-17, 0.7071067811865456854 ) ) ;
#8636 = ORIENTED_EDGE ( 'NONE', *, *, #660, .T. ) ;
#8637 = CARTESIAN_POINT ( 'NONE',  ( 6.419362145206826575, -78.31288623470857146, 2.527216857037640096 ) ) ;
#8638 = DIRECTION ( 'NONE',  ( 0.000000000000000000, 0.3232551092554114547, 0.9463118589240399059 ) ) ;
#8639 = CARTESIAN_POINT ( 'NONE',  ( 11.38037638894179082, -15.29719488646517611, -44.23228220533805199 ) ) ;
#8640 = CARTESIAN_POINT ( 'NONE',  ( 18.08475012223535927, -23.01015294788285104, -43.51192185972661974 ) ) ;
#8641 = CARTESIAN_POINT ( 'NONE',  ( 0.000000000000000000, -53.73861911023332993, -77.13794600415835134 ) ) ;
#8642 = VECTOR ( 'NONE', #1185, 1000.000000000000000 ) ;
#8643 = ORIENTED_EDGE ( 'NONE', *, *, #8414, .F. ) ;
#8644 = CARTESIAN_POINT ( 'NONE',  ( 16.07699075805216538, -50.41082448091070489, 19.29190075479288424 ) ) ;
#8645 = ORIENTED_EDGE ( 'NONE', *, *, #4277, .F. ) ;
#8646 = CARTESIAN_POINT ( 'NONE',  ( 5.075777783579304092, -89.68280700869017608, 40.12143391004246951 ) ) ;
#8647 = CARTESIAN_POINT ( 'NONE',  ( 14.78275756306299726, -54.23580781553185659, 22.43491794090314784 ) ) ;
#8648 = DIRECTION ( 'NONE',  ( 0.000000000000000000, 0.9848077530122093526, -0.1736481776669230870 ) ) ;
#8649 = CARTESIAN_POINT ( 'NONE',  ( 20.33098553336781578, 14.41963762939037252, -21.50022483816939456 ) ) ;
#8650 = LINE ( 'NONE', #2732, #6829 ) ;
#8651 = CARTESIAN_POINT ( 'NONE',  ( 15.00000000000000178, -104.4720218044086977, 45.37448702326108929 ) ) ;
#8652 = FACE_OUTER_BOUND ( 'NONE', #46, .T. ) ;
#8653 = ORIENTED_EDGE ( 'NONE', *, *, #3868, .F. ) ;
#8654 = ORIENTED_EDGE ( 'NONE', *, *, #8348, .T. ) ;
#8655 = CARTESIAN_POINT ( 'NONE',  ( 0.000000000000000000, -34.90548628911400897, 5.037809734445605869 ) ) ;
#8656 = APPLICATION_CONTEXT ( 'automotive_design' ) ;
#8657 = EDGE_CURVE ( 'NONE', #6510, #2527, #5871, .T. ) ;
#8658 = CARTESIAN_POINT ( 'NONE',  ( 15.00000000000000000, -123.9247955812247000, 50.26550289446539210 ) ) ;
#8659 = CYLINDRICAL_SURFACE ( 'NONE', #1593, 2.349999999999999645 ) ;
#8660 = CARTESIAN_POINT ( 'NONE',  ( 15.18780506341311920, -83.47987952566282388, 28.02260368458614792 ) ) ;
#8661 = B_SPLINE_CURVE_WITH_KNOTS ( 'NONE', 3,
 ( #7844, #555, #8756, #2102, #4285, #1961, #509, #3467, #9431, #9292, #8562, #3508, #6483, #2786, #4148, #5014, #5061, #3420, #5742, #8030, #8705, #7984, #2693, #7074, #8113, #19, #791, #8159, #6767, #5103, #2148, #1428, #2927, #5150, #3744, #6670, #695, #6029, #648, #4517, #6717, #1521, #2969, #5929, #8073, #4375, #64, #4473, #5295, #3018, #5981, #4329, #8983, #3792, #4423, #8843 ),
 .UNSPECIFIED., .F., .F.,
 ( 4, 2, 1, 1, 1, 1, 1, 1, 2, 2, 2, 2, 1, 1, 1, 1, 2, 2, 1, 1, 2, 2, 2, 1, 1, 1, 1, 2, 2, 2, 2, 1, 2, 2, 1, 2, 4 ),
 ( 0.000000000000000000, 0.06249999999977509657, 0.09374999999966253383, 0.1093749999996056210, 0.1171874999995764915, 0.1210937499995619199, 0.1230468749995539540, 0.1240234374995506372, 0.1245117187495494160, 0.1249999999995481809, 0.1562499999995632105, 0.1718749999995712041, 0.1796874999995748401, 0.1835937499995765609, 0.1855468749995773381, 0.1865234374995777267, 0.1870117187495780042, 0.1874999999995783095, 0.2187499999995943523, 0.2343749999996030953, 0.2421874999996073141, 0.2499999999996115330, 0.3749999999996779243, 0.4374999999997109534, 0.4687499999997269962, 0.4843749999997344347, 0.4921874999997382649, 0.4960937499997402078, 0.4999999999997422062, 0.6249999999998314681, 0.6874999999998755440, 0.6953124999998800959, 0.6992187499998817612, 0.7031249999998834266, 0.7187499999998894218, 0.7499999999999020783, 1.000000000000000000 ),
 .UNSPECIFIED. ) ;
#8662 = CARTESIAN_POINT ( 'NONE',  ( 14.55631902187237792, -13.25886598135764061, -21.29634816116374552 ) ) ;
#8663 = CARTESIAN_POINT ( 'NONE',  ( 15.34177933324601639, -32.60700732663196533, -24.27423036111365207 ) ) ;
#8664 = CARTESIAN_POINT ( 'NONE',  ( 15.23483103324572419, -34.97253510036847501, -22.56607999320911873 ) ) ;
#8665 = EDGE_LOOP ( 'NONE', ( #5595, #7397, #1005, #2594 ) ) ;
#8666 = DIRECTION ( 'NONE',  ( 1.000000000000000000, -0.000000000000000000, -0.000000000000000000 ) ) ;
#8667 = CARTESIAN_POINT ( 'NONE',  ( 13.52928940661548829, 15.13862694129626263, -22.09732219762604544 ) ) ;
#8668 = CARTESIAN_POINT ( 'NONE',  ( 22.76720947855446298, -51.50193255005518012, -2.339711409903871608 ) ) ;
#8669 = CARTESIAN_POINT ( 'NONE',  ( 12.40000000000000036, -49.46863626127934310, -10.21764939810934791 ) ) ;
#8670 = CARTESIAN_POINT ( 'NONE',  ( 12.90065609239828426, -14.41839922328073875, -22.88842477699474998 ) ) ;
#8671 = CARTESIAN_POINT ( 'NONE',  ( 22.19974543573562542, -39.64967620310434171, -13.07292653432055829 ) ) ;
#8672 = DIRECTION ( 'NONE',  ( -1.000000000000000000, -0.000000000000000000, -0.000000000000000000 ) ) ;
#8673 = EDGE_CURVE ( 'NONE', #4536, #4549, #8828, .T. ) ;
#8674 = ORIENTED_EDGE ( 'NONE', *, *, #7467, .T. ) ;
#8675 = CARTESIAN_POINT ( 'NONE',  ( 17.49800904063561191, 16.67712318200222299, -45.11557369995874467 ) ) ;
#8676 = VERTEX_POINT ( 'NONE', #8144 ) ;
#8677 = CARTESIAN_POINT ( 'NONE',  ( 1.175740474401014257, -127.7194462600625400, 19.38992973073693804 ) ) ;
#8678 = ORIENTED_EDGE ( 'NONE', *, *, #1396, .T. ) ;
#8679 = CARTESIAN_POINT ( 'NONE',  ( 12.74539952375539897, -14.57506637713368747, -43.96011877153276259 ) ) ;
#8680 = EDGE_CURVE ( 'NONE', #9459, #8818, #6512, .T. ) ;
#8681 = DIRECTION ( 'NONE',  ( 0.000000000000000000, 0.1736481776669233090, 0.9848077530122093526 ) ) ;
#8682 = CARTESIAN_POINT ( 'NONE',  ( 12.50851662568411271, -14.94552753249225496, -44.60022081100257907 ) ) ;
#8683 = VECTOR ( 'NONE', #7537, 1000.000000000000000 ) ;
#8684 = CARTESIAN_POINT ( 'NONE',  ( 14.96148351789102726, -38.50028961305760333, -20.85005250131177590 ) ) ;
#8685 = PLANE ( 'NONE',  #9052 ) ;
#8686 =( BOUNDED_SURFACE ( )  B_SPLINE_SURFACE ( 2, 3, ( 
 ( #5938, #73, #7356, #704, #3659, #8902, #7401, #6633, #3027, #5992, #8948, #2294, #9579, #2934 ),
 ( #8853, #752, #8217, #1577, #4527, #5304, #4578, #2198, #850, #6776, #119, #6088, #2449, #2399 ),
 ( #4669, #268, #4818, #5552, #3949, #8359, #9143, #8459, #998, #3229, #3329, #2495, #1051, #6824 ) ),
 .UNSPECIFIED., .F., .F., .F. ) 
 B_SPLINE_SURFACE_WITH_KNOTS ( ( 3, 3 ),
 ( 4, 2, 2, 2, 2, 2, 4 ),
 ( 0.000000000000000000, 1.000000000000000000 ),
 ( 0.000000000000000000, 0.1188940853859022928, 0.1486176067323778660, 0.1783411280788534392, 0.2080646494253290124, 0.2229264100985667851, 0.2377881707718045856 ),
 .UNSPECIFIED. ) 
 GEOMETRIC_REPRESENTATION_ITEM ( )  RATIONAL_B_SPLINE_SURFACE ( (
 ( 1.000000000000000000, 1.000000000000000000, 1.000000000000000000, 1.000000000000000000, 1.000000000000000000, 1.000000000000000000, 1.000000000000000000, 1.000000000000000000, 1.000000000000000000, 1.000000000000000000, 1.000000000000000000, 1.000000000000000000, 1.000000000000000000, 1.000000000000000000),
 ( 0.7071067811865475727, 0.7031031181182761935, 0.6990302662088709873, 0.6940561759267329656, 0.6930768974776130298, 0.6911240620490243236, 0.6900995477367928288, 0.6881798854396965481, 0.6872823703539976403, 0.6858290359182672713, 0.6853432602415893138, 0.6844628783117797655, 0.6840590490802108681, 0.6836549494005502714),
 ( 1.000000000000000000, 1.000000000000000000, 1.000000000000000000, 1.000000000000000000, 1.000000000000000000, 1.000000000000000000, 1.000000000000000000, 1.000000000000000000, 1.000000000000000000, 1.000000000000000000, 1.000000000000000000, 1.000000000000000000, 1.000000000000000000, 1.000000000000000000) ) ) 
 REPRESENTATION_ITEM ( '' )  SURFACE ( )  );
#8687 = ORIENTED_EDGE ( 'NONE', *, *, #8168, .T. ) ;
#8688 = CARTESIAN_POINT ( 'NONE',  ( 20.13994156132333302, -41.67050562596128316, 11.95790242723309049 ) ) ;
#8689 = VECTOR ( 'NONE', #5025, 1000.000000000000000 ) ;
#8690 = ORIENTED_EDGE ( 'NONE', *, *, #668, .T. ) ;
#8692 = VECTOR ( 'NONE', #8043, 1000.000000000000000 ) ;
#8691 = CARTESIAN_POINT ( 'NONE',  ( 18.40717573360951675, -53.73720454330116070, -10.42779301636452871 ) ) ;
#8693 = CARTESIAN_POINT ( 'NONE',  ( 16.68467080186182017, -21.29354272093128131, -45.29634816116374907 ) ) ;
#8694 = CYLINDRICAL_SURFACE ( 'NONE', #3099, 14.00000000000000000 ) ;
#8695 = FACE_BOUND ( 'NONE', #770, .T. ) ;
#8696 = CARTESIAN_POINT ( 'NONE',  ( 20.33580525559896302, 14.36346434076037504, -21.47367427552866559 ) ) ;
#8697 = DIRECTION ( 'NONE',  ( -1.000000000000000000, 0.000000000000000000, 0.000000000000000000 ) ) ;
#8698 = CARTESIAN_POINT ( 'NONE',  ( 5.999999999999998224, -18.94517128740758594, -2.345844174447023089 ) ) ;
#8699 = TOROIDAL_SURFACE ( 'NONE', #4501, 33.83706265612283204, 5.000000000000000000 ) ;
#8700 = DIRECTION ( 'NONE',  ( 4.859169400495257961E-17, 0.9848077530122092416, -0.1736481776669232813 ) ) ;
#8701 = ORIENTED_EDGE ( 'NONE', *, *, #1268, .T. ) ;
#8702 = CARTESIAN_POINT ( 'NONE',  ( 3.000000000000000000, -76.10435538319671878, 16.87016425251036722 ) ) ;
#8703 = CARTESIAN_POINT ( 'NONE',  ( 3.122713421197145678, -100.2410023438076365, 10.30198585262953870 ) ) ;
#8704 = CARTESIAN_POINT ( 'NONE',  ( 19.07373439495209411, -60.30780908359682968, 20.17558124092684224 ) ) ;
#8705 = CARTESIAN_POINT ( 'NONE',  ( 14.70615807145018294, -41.57386702649507271, -19.59105334790260500 ) ) ;
#8706 = CARTESIAN_POINT ( 'NONE',  ( 14.15190953881312552, -13.45592147524839888, -21.29634816116374552 ) ) ;
#8707 = EDGE_CURVE ( 'NONE', #1882, #3586, #9463, .T. ) ;
#8708 = CARTESIAN_POINT ( 'NONE',  ( 10.48447168601378898, -67.51255360434669228, 29.70567073343223541 ) ) ;
#8709 = CARTESIAN_POINT ( 'NONE',  ( 14.23913406603579546, -25.46246350426179461, -39.59913607114636847 ) ) ;
#8710 = ORIENTED_EDGE ( 'NONE', *, *, #8798, .T. ) ;
#8711 = CARTESIAN_POINT ( 'NONE',  ( 11.87136739410606978, 16.00753912408627500, -43.97284674900613055 ) ) ;
#8712 = CARTESIAN_POINT ( 'NONE',  ( 13.12080599492352917, 15.37158459204197491, -22.49726503177986814 ) ) ;
#8713 = DIRECTION ( 'NONE',  ( 0.9921354217690542265, 0.000000000000000000, -0.1251691050984271025 ) ) ;
#8714 = ADVANCED_FACE ( 'NONE', ( #633 ), #4458, .F. ) ;
#8715 = CARTESIAN_POINT ( 'NONE',  ( 10.55000000000000071, -20.10861407777597520, -8.944056119628848833 ) ) ;
#8716 = DIRECTION ( 'NONE',  ( -1.000000000000000000, 0.000000000000000000, 0.000000000000000000 ) ) ;
#8717 = EDGE_CURVE ( 'NONE', #8133, #3711, #2818, .T. ) ;
#8718 = CARTESIAN_POINT ( 'NONE',  ( 21.96536483574855936, -52.84824844704488811, -12.60344721684034042 ) ) ;
#8719 = CARTESIAN_POINT ( 'NONE',  ( 22.15740346661347004, 18.06397657989738903, -23.58501837703586190 ) ) ;
#8720 = VECTOR ( 'NONE', #887, 1000.000000000000000 ) ;
#8721 = VERTEX_POINT ( 'NONE', #8740 ) ;
#8722 = CARTESIAN_POINT ( 'NONE',  ( 1.660762682949804780, -112.7678206221077772, 47.40816569995577368 ) ) ;
#8723 = EDGE_LOOP ( 'NONE', ( #2618, #5870, #3473, #4312 ) ) ;
#8724 = CARTESIAN_POINT ( 'NONE',  ( 1.173669581333342427, -127.7725951359675349, 19.40197843596322258 ) ) ;
#8725 = ORIENTED_EDGE ( 'NONE', *, *, #3664, .T. ) ;
#8726 = CARTESIAN_POINT ( 'NONE',  ( 12.52526527429386149, -14.91978230417018025, -44.57128205639484264 ) ) ;
#8727 = EDGE_CURVE ( 'NONE', #8259, #2973, #8056, .T. ) ;
#8728 = CARTESIAN_POINT ( 'NONE',  ( 15.72739039502747005, -77.24642305143423471, 26.04948562518097788 ) ) ;
#8729 = VECTOR ( 'NONE', #5199, 1000.000000000000114 ) ;
#8730 = CARTESIAN_POINT ( 'NONE',  ( 12.55150489205134967, -14.87912871774864598, -44.51875604998687663 ) ) ;
#8731 = EDGE_CURVE ( 'NONE', #82, #5374, #5044, .T. ) ;
#8732 = CARTESIAN_POINT ( 'NONE',  ( 14.72951661802548529, -25.37035856515291954, -43.34417727216203531 ) ) ;
#8733 = CARTESIAN_POINT ( 'NONE',  ( 14.99999999999839950, -117.4090896302126765, 48.54595243056925113 ) ) ;
#8734 = AXIS2_PLACEMENT_3D ( 'NONE', #8764, #5753, #5800 ) ;
#8735 = ORIENTED_EDGE ( 'NONE', *, *, #7424, .T. ) ;
#8736 = CARTESIAN_POINT ( 'NONE',  ( 16.89131149424498446, -48.35238468286151203, 17.56466467944920140 ) ) ;
#8737 = ORIENTED_EDGE ( 'NONE', *, *, #7206, .F. ) ;
#8738 = EDGE_LOOP ( 'NONE', ( #5298, #1524, #6202, #922 ) ) ;
#8739 = AXIS2_PLACEMENT_3D ( 'NONE', #7321, #5034, #2807 ) ;
#8740 = CARTESIAN_POINT ( 'NONE',  ( 13.89999999999999858, -44.95136885212121314, 7.922755645719122164 ) ) ;
#8741 = CARTESIAN_POINT ( 'NONE',  ( 1.123582429141872785, -120.4859869534280250, 49.30024030737046559 ) ) ;
#8742 = FACE_OUTER_BOUND ( 'NONE', #6404, .T. ) ;
#8743 = CARTESIAN_POINT ( 'NONE',  ( 23.44999999999999929, -79.63623670357654305, 2.727723340683080089 ) ) ;
#8744 = FACE_OUTER_BOUND ( 'NONE', #3285, .T. ) ;
#8745 = CARTESIAN_POINT ( 'NONE',  ( 10.89758854288271372, 16.70826820305542171, -44.29634816116374196 ) ) ;
#8746 = VECTOR ( 'NONE', #9578, 1000.000000000000114 ) ;
#8747 = EDGE_CURVE ( 'NONE', #6062, #9530, #7330, .T. ) ;
#8748 = LINE ( 'NONE', #3593, #1656 ) ;
#8749 = EDGE_LOOP ( 'NONE', ( #2556, #2268, #5656, #7530 ) ) ;
#8750 = CARTESIAN_POINT ( 'NONE',  ( 78.44999999999998863, -90.38772566153639332, 40.46869169737222194 ) ) ;
#8751 = CARTESIAN_POINT ( 'NONE',  ( 18.44999999999999929, 32.94301637382660175, -15.89135599806355792 ) ) ;
#8752 = VECTOR ( 'NONE', #6422, 1000.000000000000114 ) ;
#8753 = CARTESIAN_POINT ( 'NONE',  ( 23.44999999999999929, -38.50028961305760333, -20.85005250131177590 ) ) ;
#8754 = CARTESIAN_POINT ( 'NONE',  ( 22.61976279644417787, 15.51509163005818337, -19.47075456690801332 ) ) ;
#8755 = FACE_BOUND ( 'NONE', #2637, .T. ) ;
#8756 = CARTESIAN_POINT ( 'NONE',  ( 14.90262232756946048, -39.29047218321107238, -20.55066759216983741 ) ) ;
#8757 = CARTESIAN_POINT ( 'NONE',  ( 22.60126884495001320, -45.25555969963915715, -8.901838824627324342 ) ) ;
#8758 = CARTESIAN_POINT ( 'NONE',  ( 15.23617504035029135, -34.94362238867424253, -22.58674872587130977 ) ) ;
#8759 = CARTESIAN_POINT ( 'NONE',  ( 15.19193434817933586, -35.66976929447410072, -22.15589275499229771 ) ) ;
#8760 = ORIENTED_EDGE ( 'NONE', *, *, #5982, .F. ) ;
#8761 = CARTESIAN_POINT ( 'NONE',  ( 11.85903735733269571, 16.01699213186553195, -43.98347261156774834 ) ) ;
#8762 = CARTESIAN_POINT ( 'NONE',  ( 13.16148739293472403, 15.34891901771275968, -22.44768108292619857 ) ) ;
#8763 = DIRECTION ( 'NONE',  ( 0.000000000000000000, 0.000000000000000000, 1.000000000000000000 ) ) ;
#8764 = CARTESIAN_POINT ( 'NONE',  ( 0.000000000000000000, -120.2201213401917244, 40.11018988692321585 ) ) ;
#8765 = CARTESIAN_POINT ( 'NONE',  ( 15.88198970576899072, -12.45145317601721757, -21.30218797329489178 ) ) ;
#8766 = CARTESIAN_POINT ( 'NONE',  ( 22.60936550526009725, -45.35478775904871895, -8.820165193902989031 ) ) ;
#8767 = DIRECTION ( 'NONE',  ( 0.000000000000000000, -0.9848077530122093526, 0.1736481776669230870 ) ) ;
#8768 = VERTEX_POINT ( 'NONE', #6557 ) ;
#8769 = CARTESIAN_POINT ( 'NONE',  ( 2.926504147419392687, -102.6166046680697406, 44.91963965419321170 ) ) ;
#8770 = ADVANCED_FACE ( 'NONE', ( #2133 ), #5089, .F. ) ;
#8771 = EDGE_LOOP ( 'NONE', ( #8237, #4356, #116, #1295, #3270, #8482 ) ) ;
#8772 = DIRECTION ( 'NONE',  ( 1.000000000000000000, 0.000000000000000000, 0.000000000000000000 ) ) ;
#8773 = ORIENTED_EDGE ( 'NONE', *, *, #9386, .T. ) ;
#8774 = VECTOR ( 'NONE', #5832, 999.9999999999998863 ) ;
#8775 = CARTESIAN_POINT ( 'NONE',  ( 12.48977861261946032, -14.97433492273276379, -44.63259532271254670 ) ) ;
#8776 = LINE ( 'NONE', #8004, #3368 ) ;
#8777 = EDGE_CURVE ( 'NONE', #1221, #2086, #2546, .T. ) ;
#8778 = CARTESIAN_POINT ( 'NONE',  ( 11.96398543452576391, -15.75600128223172902, -45.16821624951408154 ) ) ;
#8779 = CARTESIAN_POINT ( 'NONE',  ( 15.30894276769953777, -25.22208642907594722, -43.37314880063503608 ) ) ;
#8780 = CARTESIAN_POINT ( 'NONE',  ( 15.00000000000000000, -112.1247874693072504, 33.92783666529059161 ) ) ;
#8781 = ORIENTED_EDGE ( 'NONE', *, *, #7404, .F. ) ;
#8782 = CARTESIAN_POINT ( 'NONE',  ( 15.38717015118669096, -52.47418028630455922, 21.02326185008634596 ) ) ;
#8783 = ORIENTED_EDGE ( 'NONE', *, *, #6755, .T. ) ;
#8784 = ORIENTED_EDGE ( 'NONE', *, *, #4121, .T. ) ;
#8785 = DIRECTION ( 'NONE',  ( 1.000000000000000000, -0.000000000000000000, -0.000000000000000000 ) ) ;
#8786 = VECTOR ( 'NONE', #8357, 1000.000000000000000 ) ;
#8787 = LINE ( 'NONE', #483, #988 ) ;
#8788 = AXIS2_PLACEMENT_3D ( 'NONE', #7787, #6286, #2590 ) ;
#8789 = LINE ( 'NONE', #8830, #8318 ) ;
#8790 = VECTOR ( 'NONE', #2728, 1000.000000000000000 ) ;
#8791 = LINE ( 'NONE', #5729, #1712 ) ;
#8792 = DIRECTION ( 'NONE',  ( 0.000000000000000000, 0.000000000000000000, -1.000000000000000000 ) ) ;
#8793 = DIRECTION ( 'NONE',  ( 0.000000000000000000, -0.1736481776669232813, -0.9848077530122092416 ) ) ;
#8794 = EDGE_CURVE ( 'NONE', #8849, #6638, #3052, .T. ) ;
#8795 = ORIENTED_EDGE ( 'NONE', *, *, #9452, .F. ) ;
#8796 = CARTESIAN_POINT ( 'NONE',  ( 9.629413943613336357, -70.34237225663216009, 30.74210549658971559 ) ) ;
#8797 = LINE ( 'NONE', #1377, #5834 ) ;
#8798 = EDGE_CURVE ( 'NONE', #3626, #5033, #820, .T. ) ;
#8799 = LINE ( 'NONE', #3649, #5195 ) ;
#8800 = CARTESIAN_POINT ( 'NONE',  ( 0.000000000000000000, -117.8612591275757353, 25.25769654673742437 ) ) ;
#8801 = CARTESIAN_POINT ( 'NONE',  ( 0.000000000000000000, -108.5812047599589505, 97.86232593933300450 ) ) ;
#8802 = DIRECTION ( 'NONE',  ( 1.000000000000000000, -0.000000000000000000, 0.000000000000000000 ) ) ;
#8803 = LINE ( 'NONE', #114, #7042 ) ;
#8804 = CARTESIAN_POINT ( 'NONE',  ( 21.42371205798994893, -27.69062425431465968, -21.33275019067307454 ) ) ;
#8805 = ORIENTED_EDGE ( 'NONE', *, *, #5258, .T. ) ;
#8806 = CARTESIAN_POINT ( 'NONE',  ( 1.104829692298527899, -129.8274270347635309, 19.90241600830837854 ) ) ;
#8807 = DIRECTION ( 'NONE',  ( 0.000000000000000000, 0.000000000000000000, -1.000000000000000000 ) ) ;
#8808 = DIRECTION ( 'NONE',  ( 1.000000000000000000, 1.863953453626991948E-16, -3.286652846591490639E-17 ) ) ;
#8809 = CARTESIAN_POINT ( 'NONE',  ( 20.34495672306512759, 13.53753649573836704, -21.29634816116374907 ) ) ;
#8810 = CARTESIAN_POINT ( 'NONE',  ( 15.00000000000000000, 0.000000000000000000, 0.000000000000000000 ) ) ;
#8811 = CARTESIAN_POINT ( 'NONE',  ( 3.888101931715559623, -96.37199749298567042, 43.02336773159464656 ) ) ;
#8812 = CARTESIAN_POINT ( 'NONE',  ( 23.23482815404446100, -40.77364910666771181, 8.617525584453005649 ) ) ;
#8813 = EDGE_LOOP ( 'NONE', ( #9240, #9297 ) ) ;
#8814 = ORIENTED_EDGE ( 'NONE', *, *, #3607, .T. ) ;
#8815 = LINE ( 'NONE', #4346, #487 ) ;
#8816 = ORIENTED_EDGE ( 'NONE', *, *, #8607, .F. ) ;
#8817 = CARTESIAN_POINT ( 'NONE',  ( 23.73188222302021799, -76.10435538319671878, 16.87016425251036722 ) ) ;
#8818 = VERTEX_POINT ( 'NONE', #3152 ) ;
#8819 = DIRECTION ( 'NONE',  ( 0.000000000000000000, -1.209350080395259731E-13, -1.000000000000000000 ) ) ;
#8820 = CARTESIAN_POINT ( 'NONE',  ( 1.123582429141872785, -120.4859869534280250, 49.30024030737046559 ) ) ;
#8821 = CARTESIAN_POINT ( 'NONE',  ( 12.03395904988918552, -15.65497420333522527, -45.12690506005301927 ) ) ;
#8822 = CARTESIAN_POINT ( 'NONE',  ( 9.516231763884833939, -138.1206530543794315, 36.52907277336034042 ) ) ;
#8823 = EDGE_CURVE ( 'NONE', #9079, #6500, #1550, .T. ) ;
#8824 = VERTEX_POINT ( 'NONE', #6015 ) ;
#8825 = CARTESIAN_POINT ( 'NONE',  ( 15.68432485423939760, -51.58338986755433808, 20.27579993825679594 ) ) ;
#8826 = VERTEX_POINT ( 'NONE', #1747 ) ;
#8827 = ORIENTED_EDGE ( 'NONE', *, *, #8707, .F. ) ;
#8828 = LINE ( 'NONE', #5914, #6270 ) ;
#8829 = DIRECTION ( 'NONE',  ( 1.000000000000000000, 0.000000000000000000, 0.000000000000000000 ) ) ;
#8830 = CARTESIAN_POINT ( 'NONE',  ( 13.89999999999999858, -68.38198297356090904, 8.002265973292026047 ) ) ;
#8831 = FACE_OUTER_BOUND ( 'NONE', #2366, .T. ) ;
#8832 = CARTESIAN_POINT ( 'NONE',  ( 11.94086483566843349, 15.95398189247608123, -43.90666610418847426 ) ) ;
#8833 = AXIS2_PLACEMENT_3D ( 'NONE', #4284, #601, #6357 ) ;
#8834 = CARTESIAN_POINT ( 'NONE',  ( 13.77268894321033166, -25.46246350426179816, -43.29634816116374907 ) ) ;
#8835 = VERTEX_POINT ( 'NONE', #4551 ) ;
#8836 = LINE ( 'NONE', #8200, #4297 ) ;
#8837 = CARTESIAN_POINT ( 'NONE',  ( 3.522121827229524715, -96.44078063497687481, 8.074676201911916706 ) ) ;
#8838 = DIRECTION ( 'NONE',  ( -1.000000000000000000, 0.000000000000000000, 0.000000000000000000 ) ) ;
#8839 = EDGE_CURVE ( 'NONE', #7361, #5855, #5231, .T. ) ;
#8840 = CARTESIAN_POINT ( 'NONE',  ( 15.00000000000000000, -122.3442200681275409, 32.30174611396969908 ) ) ;
#8841 = AXIS2_PLACEMENT_3D ( 'NONE', #1293, #7851, #5795 ) ;
#8842 = DIRECTION ( 'NONE',  ( -1.000000000000000000, 0.000000000000000000, 0.000000000000000000 ) ) ;
#8843 = CARTESIAN_POINT ( 'NONE',  ( 14.09900358748084237, -53.23423536937384171, -12.27956573267485396 ) ) ;
#8844 = B_SPLINE_CURVE_WITH_KNOTS ( 'NONE', 1,
 ( #8901, #8313 ),
 .UNSPECIFIED., .F., .F.,
 ( 2, 2 ),
 ( 0.000000000000000000, 1.000000000000000000 ),
 .UNSPECIFIED. ) ;
#8845 = ADVANCED_FACE ( 'NONE', ( #6801 ), #8191, .F. ) ;
#8846 = EDGE_CURVE ( 'NONE', #7790, #6688, #5280, .T. ) ;
#8847 = LINE ( 'NONE', #746, #825 ) ;
#8848 = CARTESIAN_POINT ( 'NONE',  ( 5.999999999999998224, -8.012463504261802427, -16.46418557693210616 ) ) ;
#8849 = VERTEX_POINT ( 'NONE', #8923 ) ;
#8850 = CARTESIAN_POINT ( 'NONE',  ( 19.52912748646254570, -13.86578291902919702, -21.87124045118477511 ) ) ;
#8851 = CARTESIAN_POINT ( 'NONE',  ( 4.359362638491996123, 32.91416429372944208, -16.01781512737129631 ) ) ;
#8852 = CARTESIAN_POINT ( 'NONE',  ( 16.13301656481101887, -79.56730169770409589, 13.42871031883971078 ) ) ;
#8853 = CARTESIAN_POINT ( 'NONE',  ( 23.44999999999999929, -34.75827009701470871, 6.157848144283615710 ) ) ;
#8854 = CARTESIAN_POINT ( 'NONE',  ( 15.00000000000000355, -114.3602307860556522, 30.48183159880367299 ) ) ;
#8855 = CARTESIAN_POINT ( 'NONE',  ( 17.73005051259273657, 21.47134054516793000, -45.29634816116374196 ) ) ;
#8856 = CARTESIAN_POINT ( 'NONE',  ( 23.44999999999999929, -34.75827009701470871, 6.157848144283614822 ) ) ;
#8857 = EDGE_CURVE ( 'NONE', #4126, #8632, #7474, .T. ) ;
#8858 = B_SPLINE_CURVE_WITH_KNOTS ( 'NONE', 3,
 ( #3966, #4065, #285, #387, #3243, #1691, #1832, #2514, #1881, #4835, #7617, #5469, #7813, #964, #1168, #337, #4113, #1067, #7086, #436, #8379, #6109, #9064, #3916, #1789, #7221, #4299, #5663, #5804, #2070, #570, #7995, #1929, #7314 ),
 .UNSPECIFIED., .F., .F.,
 ( 4, 2, 2, 2, 2, 2, 2, 2, 2, 2, 2, 2, 2, 2, 2, 2, 4 ),
 ( 0.000000000000000000, 0.0004616588000543276281, 0.0009233176001086552563, 0.001384976400162982830, 0.001846635200217310513, 0.002308294000271638412, 0.002769952800325965660, 0.003231611600380293343, 0.003693270400434621025, 0.004154929200488948274, 0.004616588000543276823, 0.005078246800597603638, 0.005539905600651935658, 0.006001564400706267677, 0.006463223200760598829, 0.006924882000814931715, 0.007386540800869263734 ),
 .UNSPECIFIED. ) ;
#8859 = ORIENTED_EDGE ( 'NONE', *, *, #2783, .F. ) ;
#8860 = LINE ( 'NONE', #8085, #1270 ) ;
#8861 = ORIENTED_EDGE ( 'NONE', *, *, #1451, .T. ) ;
#8862 = CARTESIAN_POINT ( 'NONE',  ( 16.32984597620880862, -78.20014164323499983, 13.13024204716933419 ) ) ;
#8863 = ORIENTED_EDGE ( 'NONE', *, *, #8317, .T. ) ;
#8864 = CARTESIAN_POINT ( 'NONE',  ( 12.55445525699273013, -14.87460489098627292, -44.51449596679852050 ) ) ;
#8865 = DIRECTION ( 'NONE',  ( -1.000000000000000000, 0.000000000000000000, 0.000000000000000000 ) ) ;
#8866 = CYLINDRICAL_SURFACE ( 'NONE', #8398, 4.000000000000000000 ) ;
#8867 = CARTESIAN_POINT ( 'NONE',  ( 11.65000000000000036, 0.5375364957381987274, 53.36789795213029919 ) ) ;
#8868 = ORIENTED_EDGE ( 'NONE', *, *, #6162, .F. ) ;
#8869 = CARTESIAN_POINT ( 'NONE',  ( 14.70700594834913488, 26.53753649573820184, -43.29634816116374907 ) ) ;
#8870 = ORIENTED_EDGE ( 'NONE', *, *, #6612, .F. ) ;
#8871 = VERTEX_POINT ( 'NONE', #9071 ) ;
#8872 = CARTESIAN_POINT ( 'NONE',  ( 13.96781570782629522, -23.46247600650121612, -45.29634816116373486 ) ) ;
#8873 = VECTOR ( 'NONE', #3805, 1000.000000000000114 ) ;
#8874 = CARTESIAN_POINT ( 'NONE',  ( 13.80850117996208937, -13.89700444066413354, -21.90243324307957806 ) ) ;
#8875 = CIRCLE ( 'NONE', #4376, 1.700000000000005063 ) ;
#8876 = CYLINDRICAL_SURFACE ( 'NONE', #2903, 50.00000000000000000 ) ;
#8877 = EDGE_CURVE ( 'NONE', #4864, #94, #6749, .T. ) ;
#8878 = CARTESIAN_POINT ( 'NONE',  ( 4.134611754413798579, -91.54066671692005741, 5.816833234991546142 ) ) ;
#8879 = CARTESIAN_POINT ( 'NONE',  ( 11.17787077463586520, 16.51586486763838479, -44.27602667930935354 ) ) ;
#8880 = VECTOR ( 'NONE', #8635, 1000.000000000000000 ) ;
#8881 = CARTESIAN_POINT ( 'NONE',  ( 21.44999999999999574, -39.33069177476031086, 1.248673103258287842 ) ) ;
#8882 = ADVANCED_FACE ( 'NONE', ( #1027 ), #634, .T. ) ;
#8883 = VECTOR ( 'NONE', #316, 999.9999999999998863 ) ;
#8884 = VERTEX_POINT ( 'NONE', #971 ) ;
#8885 = EDGE_CURVE ( 'NONE', #3486, #7090, #8500, .T. ) ;
#8886 = CARTESIAN_POINT ( 'NONE',  ( 16.65989699118005518, -14.93058895767526728, -44.60045283763226109 ) ) ;
#8887 = CARTESIAN_POINT ( 'NONE',  ( 22.33050015842060887, 29.97398186782802298, -24.31304690875174401 ) ) ;
#8888 = PLANE ( 'NONE',  #1912 ) ;
#8889 = CARTESIAN_POINT ( 'NONE',  ( -14.09999999999999964, -46.97192716422416936, 5.310361325380401176 ) ) ;
#8890 = CARTESIAN_POINT ( 'NONE',  ( 20.11491050107657230, 15.33520213651449815, -22.41004507223209430 ) ) ;
#8891 = AXIS2_PLACEMENT_3D ( 'NONE', #3530, #6503, #4350 ) ;
#8892 = EDGE_CURVE ( 'NONE', #3893, #9543, #6654, .T. ) ;
#8893 = DIRECTION ( 'NONE',  ( 0.000000000000000000, 0.000000000000000000, -1.000000000000000000 ) ) ;
#8894 = EDGE_CURVE ( 'NONE', #6688, #451, #8134, .T. ) ;
#8895 = LINE ( 'NONE', #4425, #4537 ) ;
#8896 = CARTESIAN_POINT ( 'NONE',  ( 15.00000000000000000, -94.53155402072660252, 31.35238378366110723 ) ) ;
#8897 = AXIS2_PLACEMENT_3D ( 'NONE', #59, #2964, #6076 ) ;
#8898 = VERTEX_POINT ( 'NONE', #621 ) ;
#8899 = CARTESIAN_POINT ( 'NONE',  ( 0.000000000000000000, -50.09526626644275638, 16.41630139475327965 ) ) ;
#8900 = CARTESIAN_POINT ( 'NONE',  ( 15.02263770148776523, -92.38276642281381612, 19.15154495087849185 ) ) ;
#8901 = CARTESIAN_POINT ( 'NONE',  ( 10.89758854288271372, 16.70826820305542171, -44.29634816116374907 ) ) ;
#8902 = CARTESIAN_POINT ( 'NONE',  ( 21.95774428851574811, -50.32471312447372469, 13.16548708608230278 ) ) ;
#8903 = DIRECTION ( 'NONE',  ( 0.000000000000000000, 0.1736481776669229204, 0.9848077530122093526 ) ) ;
#8904 = CARTESIAN_POINT ( 'NONE',  ( 3.885257778355076130, -96.38871023413207695, 43.02945108248177775 ) ) ;
#8905 = CARTESIAN_POINT ( 'NONE',  ( 18.44999999999999929, -4.921752535625713243, -7.255575130684863261 ) ) ;
#8906 = ORIENTED_EDGE ( 'NONE', *, *, #233, .T. ) ;
#8907 = CARTESIAN_POINT ( 'NONE',  ( 12.81234444491162883, 15.54338499935657580, -43.47294846104827570 ) ) ;
#8908 = EDGE_LOOP ( 'NONE', ( #5129, #8863, #6980, #6178 ) ) ;
#8909 = FACE_OUTER_BOUND ( 'NONE', #6004, .T. ) ;
#8910 = EDGE_CURVE ( 'NONE', #1104, #1433, #4985, .T. ) ;
#8911 = EDGE_LOOP ( 'NONE', ( #8827, #4487, #5570, #504 ) ) ;
#8912 = CARTESIAN_POINT ( 'NONE',  ( 12.40000000000000036, -74.66354740713653371, 13.27312437272159151 ) ) ;
#8913 = CARTESIAN_POINT ( 'NONE',  ( 20.96918470235930343, -24.62834734525252856, -25.47545980575026192 ) ) ;
#8914 = DIRECTION ( 'NONE',  ( 0.000000000000000000, 0.1736481776669232813, 0.9848077530122092416 ) ) ;
#8915 = EDGE_CURVE ( 'NONE', #5132, #4536, #5906, .T. ) ;
#8916 = CARTESIAN_POINT ( 'NONE',  ( 6.034157695556128687, -79.63623670357362982, 2.727723340682705722 ) ) ;
#8917 = CARTESIAN_POINT ( 'NONE',  ( 18.61193008717060948, 32.94072101152944043, -15.90142032974124042 ) ) ;
#8918 = VECTOR ( 'NONE', #7981, 1000.000000000000000 ) ;
#8919 = ORIENTED_EDGE ( 'NONE', *, *, #8033, .F. ) ;
#8920 = LINE ( 'NONE', #5227, #9317 ) ;
#8921 = VERTEX_POINT ( 'NONE', #1493 ) ;
#8922 = ORIENTED_EDGE ( 'NONE', *, *, #299, .F. ) ;
#8923 = CARTESIAN_POINT ( 'NONE',  ( 0.000000000000000000, -50.75421148065240118, -11.74973828434730372 ) ) ;
#8924 = CARTESIAN_POINT ( 'NONE',  ( 14.20189811093139198, -13.65155625325899891, -21.68820578230407747 ) ) ;
#8925 = DIRECTION ( 'NONE',  ( -0.000000000000000000, 0.1736481776669230592, 0.9848077530122093526 ) ) ;
#8926 = DIRECTION ( 'NONE',  ( 1.000000000000000000, -0.000000000000000000, -0.000000000000000000 ) ) ;
#8927 = LINE ( 'NONE', #52, #3939 ) ;
#8928 = VECTOR ( 'NONE', #5056, 1000.000000000000114 ) ;
#8929 = CARTESIAN_POINT ( 'NONE',  ( 4.369475388148946315, -93.62523905058053231, 41.94750998472991199 ) ) ;
#8930 = AXIS2_PLACEMENT_3D ( 'NONE', #3793, #6768, #9038 ) ;
#8931 = VERTEX_POINT ( 'NONE', #7228 ) ;
#8932 = CARTESIAN_POINT ( 'NONE',  ( 2.099999999999987210, -22.82182225824879751, -14.25357600088131171 ) ) ;
#8933 = CARTESIAN_POINT ( 'NONE',  ( 15.00158874025036404, -98.22712352140290193, 9.065609534068084230 ) ) ;
#8934 = CARTESIAN_POINT ( 'NONE',  ( 21.37536498706619881, -17.09070428359130034, -23.58501837703584769 ) ) ;
#8935 = DIRECTION ( 'NONE',  ( 0.000000000000000000, 0.9848077530122093526, -0.1736481776669229482 ) ) ;
#8936 = CARTESIAN_POINT ( 'NONE',  ( 23.44999999999999929, -151.2816621467982827, 16.52077260404446690 ) ) ;
#8937 = CARTESIAN_POINT ( 'NONE',  ( 16.64724135915952630, -73.87765941129887892, 17.63695974811393441 ) ) ;
#8938 = LINE ( 'NONE', #3602, #9035 ) ;
#8939 = CONICAL_SURFACE ( 'NONE', #2170, 19.50000000000007816, 0.7853981633974569387 ) ;
#8940 = CARTESIAN_POINT ( 'NONE',  ( 0.000000000000000000, -40.26469468498790860, 10.77828698515736683 ) ) ;
#8941 = DIRECTION ( 'NONE',  ( 0.000000000000000000, 0.7660444431189817882, -0.6427876096865347000 ) ) ;
#8942 = EDGE_CURVE ( 'NONE', #6339, #9287, #2904, .T. ) ;
#8943 = CARTESIAN_POINT ( 'NONE',  ( 20.54053491643164620, -22.64876700402871990, -29.22214586360158961 ) ) ;
#8944 = VERTEX_POINT ( 'NONE', #5125 ) ;
#8945 = CARTESIAN_POINT ( 'NONE',  ( 14.09900358748084237, -53.23423536937384171, -12.27956573267485396 ) ) ;
#8946 = CARTESIAN_POINT ( 'NONE',  ( 4.283390418245801357, 33.28475849002307285, -14.22688176834891394 ) ) ;
#8947 = DIRECTION ( 'NONE',  ( 0.000000000000000000, -0.3420201433256687684, -0.9396926207859084279 ) ) ;
#8948 = CARTESIAN_POINT ( 'NONE',  ( 20.67867054853381603, -55.43311934778221683, 16.58429982411920633 ) ) ;
#8949 = CARTESIAN_POINT ( 'NONE',  ( 15.00000000000000355, -99.78682949934439250, 24.14324079977772541 ) ) ;
#8950 = CARTESIAN_POINT ( 'NONE',  ( 4.381964129676181763, -93.55804356021826607, 41.91761007411577111 ) ) ;
#8951 = CARTESIAN_POINT ( 'NONE',  ( 2.755659994800625512, -103.6940864390930130, 45.18377958217486423 ) ) ;
#8952 = DIRECTION ( 'NONE',  ( -0.000000000000000000, -0.9396926207859035429, -0.3420201433256819801 ) ) ;
#8953 = ORIENTED_EDGE ( 'NONE', *, *, #4569, .F. ) ;
#8954 = CARTESIAN_POINT ( 'NONE',  ( 12.71354879119429171, 15.70060337040850662, -44.08838780810525293 ) ) ;
#8955 = ORIENTED_EDGE ( 'NONE', *, *, #5143, .F. ) ;
#8956 = DIRECTION ( 'NONE',  ( -1.000000000000000000, -0.000000000000000000, -0.000000000000000000 ) ) ;
#8957 = ORIENTED_EDGE ( 'NONE', *, *, #1601, .T. ) ;
#8958 = FACE_OUTER_BOUND ( 'NONE', #8342, .T. ) ;
#8959 = CARTESIAN_POINT ( 'NONE',  ( 21.85950925930891486, -32.79394103420658979, -16.97861212866671465 ) ) ;
#8960 = CARTESIAN_POINT ( 'NONE',  ( 5.969771146047200716, -84.87245564408929965, 37.75175343073422596 ) ) ;
#8961 = CARTESIAN_POINT ( 'NONE',  ( 17.49990361160889663, -76.07065567200618261, 2.125663406208967654 ) ) ;
#8962 = CARTESIAN_POINT ( 'NONE',  ( 18.39147955780654442, 24.92449879337047136, -43.48052694488941228 ) ) ;
#8963 = EDGE_CURVE ( 'NONE', #9152, #5074, #2850, .T. ) ;
#8964 = ORIENTED_EDGE ( 'NONE', *, *, #4545, .T. ) ;
#8965 = CARTESIAN_POINT ( 'NONE',  ( 17.79852155145308146, 25.48511318261060410, -43.45088420513680205 ) ) ;
#8966 = EDGE_CURVE ( 'NONE', #3765, #3922, #2697, .T. ) ;
#8967 = ORIENTED_EDGE ( 'NONE', *, *, #4026, .T. ) ;
#8968 = ORIENTED_EDGE ( 'NONE', *, *, #6951, .F. ) ;
#8969 = CARTESIAN_POINT ( 'NONE',  ( 20.15686062146827595, 26.53753649573819828, -40.93615894040511449 ) ) ;
#8970 = CARTESIAN_POINT ( 'NONE',  ( 13.86174506864190548, -13.86459611787235779, -21.86954612379981810 ) ) ;
#8971 = CARTESIAN_POINT ( 'NONE',  ( 19.86929933619549971, 15.53753649573836881, -23.29634816116374907 ) ) ;
#8972 = CARTESIAN_POINT ( 'NONE',  ( 10.55000000000000071, -20.10861407777597520, -8.944056119628848833 ) ) ;
#8973 = CARTESIAN_POINT ( 'NONE',  ( 15.00000000000000000, -130.4704939328017872, 37.72199820903487932 ) ) ;
#8974 = B_SPLINE_CURVE_WITH_KNOTS ( 'NONE', 3,
 ( #7357, #6634, #8854, #3756, #754, #705, #8997, #4338, #1578, #6728, #74, #1484, #3028, #8949, #29, #3706, #2296, #5255, #5851, #9580, #4528, #5071, #7503, #4434, #2935 ),
 .UNSPECIFIED., .F., .F.,
 ( 4, 1, 2, 2, 1, 1, 1, 2, 2, 1, 1, 1, 1, 1, 2, 2, 4 ),
 ( 0.000000000000000000, 0.2500000000000077716, 0.3750000000000109912, 0.5000000000000142109, 0.6250000000000174305, 0.6875000000000197620, 0.7187500000000209832, 0.7343750000000216493, 0.7500000000000222045, 0.8125000000000230926, 0.8437500000000229816, 0.8593750000000228706, 0.8671875000000226485, 0.8710937500000232037, 0.8730468750000227596, 0.8750000000000224265, 1.000000000000000000 ),
 .UNSPECIFIED. ) ;
#8975 = CARTESIAN_POINT ( 'NONE',  ( 0.000000000000000000, 26.53753649573820539, -43.29634816116374196 ) ) ;
#8976 = ORIENTED_EDGE ( 'NONE', *, *, #3346, .F. ) ;
#8977 = CARTESIAN_POINT ( 'NONE',  ( 14.28985504348061397, 13.80604958047172381, -20.44999541172005308 ) ) ;
#8978 = DIRECTION ( 'NONE',  ( 1.000000000000000000, -2.130626907000494790E-16, -2.115721018819837813E-16 ) ) ;
#8979 = CARTESIAN_POINT ( 'NONE',  ( 38.93495131869238435, 40.66562635607259324, -22.97931126108426270 ) ) ;
#8980 = DIRECTION ( 'NONE',  ( 0.000000000000000000, 0.000000000000000000, 1.000000000000000000 ) ) ;
#8981 = CARTESIAN_POINT ( 'NONE',  ( 11.85612506036301461, -14.94418030569702438, -43.98662737592994887 ) ) ;
#8982 = DIRECTION ( 'NONE',  ( -0.000000000000000000, 0.3232551092554114547, 0.9463118589240397949 ) ) ;
#8983 = CARTESIAN_POINT ( 'NONE',  ( 14.16335995489723842, -49.78487501643326851, -14.92755500159593041 ) ) ;
#8984 = AXIS2_PLACEMENT_3D ( 'NONE', #8801, #694, #6623 ) ;
#8985 =( BOUNDED_SURFACE ( )  B_SPLINE_SURFACE ( 2, 3, ( 
 ( #5520, #4594, #1739, #7565, #3143, #3242, #6209, #6107, #5370, #4640, #7663, #3915, #1018, #3965, #6942, #9159, #6754, #8243, #3883, #2377 ),
 ( #3736, #9125, #3209, #7529, #6072, #7429, #7629, #6907, #2429, #3784, #1558, #6855, #3933, #1609, #6706, #5384, #55, #6176, #100, #8150 ),
 ( #200, #5286, #5335, #2276, #3830, #2325, #8929, #4507, #3057, #976, #830, #1655, #1513, #5237, #3007, #5190, #250, #8341, #6806, #8295 ) ),
 .UNSPECIFIED., .F., .F., .F. ) 
 B_SPLINE_SURFACE_WITH_KNOTS ( ( 3, 3 ),
 ( 4, 2, 2, 2, 2, 2, 2, 2, 2, 4 ),
 ( 0.000000000000000000, 1.000000000000000000 ),
 ( 0.6414404387829588661, 0.6537495471230588828, 0.6660586554631588996, 0.6783677638032588053, 0.7029859804834587278, 0.7276041971636586503, 0.7337587513337086031, 0.7399133055037585560, 0.7522224138438585728, 0.7645315221839585895 ),
 .UNSPECIFIED. ) 
 GEOMETRIC_REPRESENTATION_ITEM ( )  RATIONAL_B_SPLINE_SURFACE ( (
 ( 1.000000000000000000, 1.000000000000000000, 1.000000000000000000, 1.000000000000000000, 1.000000000000000000, 1.000000000000000000, 1.000000000000000000, 1.000000000000000000, 1.000000000000000000, 1.000000000000000000, 1.000000000000000000, 1.000000000000000000, 1.000000000000000000, 1.000000000000000000, 1.000000000000000000, 1.000000000000000000, 1.000000000000000000, 1.000000000000000000, 1.000000000000000000, 1.000000000000000000),
 ( 0.6947465906068658326, 0.6947465906068658326, 0.6947656844579622737, 0.6953054198019713583, 0.6958046505226397338, 0.6969320850574508563, 0.6975581864148863165, 0.6992818815135989352, 0.7001868175320929977, 0.7009661623181081547, 0.7008593356115997430, 0.7002655195681729561, 0.7001257184581605175, 0.6998197914055620528, 0.6996535856833755451, 0.6991522544184737287, 0.6988087527134854149, 0.6984314037821170995, 0.6984180809158440084, 0.6984180809158440084),
 ( 1.000000000000000000, 1.000000000000000000, 1.000000000000000000, 1.000000000000000000, 1.000000000000000000, 1.000000000000000000, 1.000000000000000000, 1.000000000000000000, 1.000000000000000000, 1.000000000000000000, 1.000000000000000000, 1.000000000000000000, 1.000000000000000000, 1.000000000000000000, 1.000000000000000000, 1.000000000000000000, 1.000000000000000000, 1.000000000000000000, 1.000000000000000000, 1.000000000000000000) ) ) 
 REPRESENTATION_ITEM ( '' )  SURFACE ( )  );
#8986 = FACE_OUTER_BOUND ( 'NONE', #6921, .T. ) ;
#8987 = ORIENTED_EDGE ( 'NONE', *, *, #1728, .T. ) ;
#8988 = LINE ( 'NONE', #7348, #6567 ) ;
#8989 = CARTESIAN_POINT ( 'NONE',  ( 14.99999999999985434, -86.21256734420433077, 38.41192070234413336 ) ) ;
#8990 = ORIENTED_EDGE ( 'NONE', *, *, #4513, .T. ) ;
#8991 = CARTESIAN_POINT ( 'NONE',  ( 19.42988690219390691, -14.11575104994411056, -22.17086415819559164 ) ) ;
#8992 = VECTOR ( 'NONE', #5432, 999.9999999999998863 ) ;
#8993 = DIRECTION ( 'NONE',  ( 0.000000000000000000, 0.1736481776669252519, 0.9848077530122090195 ) ) ;
#8994 = CONICAL_SURFACE ( 'NONE', #8841, 1.900000000000017897, 0.7853981633974508325 ) ;
#8995 = CARTESIAN_POINT ( 'NONE',  ( 1.371139230586963187, -123.0056339733844197, 18.53702509468044113 ) ) ;
#8996 = CARTESIAN_POINT ( 'NONE',  ( 6.550000000000000711, 13.81575967800217164, 4.928743025980118375 ) ) ;
#8997 = CARTESIAN_POINT ( 'NONE',  ( 15.00000000000000000, -105.5611916314915675, 27.12624570681177971 ) ) ;
#8998 = DIRECTION ( 'NONE',  ( 0.000000000000000000, 8.673617379884035472E-16, -1.000000000000000000 ) ) ;
#8999 = EDGE_CURVE ( 'NONE', #8884, #7594, #2071, .T. ) ;
#9000 = CARTESIAN_POINT ( 'NONE',  ( 23.27821315202017871, -40.13816638896715716, 8.353500596204884943 ) ) ;
#9001 = AXIS2_PLACEMENT_3D ( 'NONE', #6122, #148, #9078 ) ;
#9002 = EDGE_LOOP ( 'NONE', ( #748, #6448, #1387, #662 ) ) ;
#9003 = LINE ( 'NONE', #8273, #7152 ) ;
#9004 = ADVANCED_FACE ( 'NONE', ( #9450 ), #3318, .F. ) ;
#9005 = ORIENTED_EDGE ( 'NONE', *, *, #8246, .F. ) ;
#9006 = CARTESIAN_POINT ( 'NONE',  ( -21.44999999999999574, -39.33069177476031086, 1.248673103258287842 ) ) ;
#9007 = ORIENTED_EDGE ( 'NONE', *, *, #418, .T. ) ;
#9008 = CARTESIAN_POINT ( 'NONE',  ( 1.406703337988063351, -122.2705011474571961, 18.42123019163070907 ) ) ;
#9009 = EDGE_CURVE ( 'NONE', #6214, #2625, #5838, .T. ) ;
#9010 = DIRECTION ( 'NONE',  ( 0.7071067811865490160, 0.000000000000000000, -0.7071067811865460184 ) ) ;
#9011 = CARTESIAN_POINT ( 'NONE',  ( 14.24999999999999822, 30.63728543497760270, -13.11942228818445599 ) ) ;
#9012 = CARTESIAN_POINT ( 'NONE',  ( 6.332773597529163467, -78.61950266474676141, 2.579179861806585095 ) ) ;
#9013 = CARTESIAN_POINT ( 'NONE',  ( 20.94804653874007982, 32.26729974210297058, -15.90058788255647571 ) ) ;
#9014 = ORIENTED_EDGE ( 'NONE', *, *, #3201, .F. ) ;
#9015 = CARTESIAN_POINT ( 'NONE',  ( 21.25627102556890335, -39.46934974681433062, 10.11091334087722338 ) ) ;
#9017 = EDGE_CURVE ( 'NONE', #3132, #7143, #9110, .T. ) ;
#9016 = ORIENTED_EDGE ( 'NONE', *, *, #6405, .T. ) ;
#9018 = ORIENTED_EDGE ( 'NONE', *, *, #3803, .T. ) ;
#9019 = CARTESIAN_POINT ( 'NONE',  ( 21.68447591565696086, 23.18040418313003670, -28.23577675914007301 ) ) ;
#9020 = CARTESIAN_POINT ( 'NONE',  ( 12.88692559977149088, -14.42442740441251203, -22.90621911821226320 ) ) ;
#9021 = CARTESIAN_POINT ( 'NONE',  ( 12.69894445407298100, 15.33574855380966540, -21.72734780428737622 ) ) ;
#9022 = CARTESIAN_POINT ( 'NONE',  ( 3.472229813357412986, -96.81496328694632325, 8.228109989927101964 ) ) ;
#9023 = CARTESIAN_POINT ( 'NONE',  ( 12.08176384139895632, 15.84378220422059869, -43.71400888829118259 ) ) ;
#9024 = DIRECTION ( 'NONE',  ( 0.000000000000000000, 0.9396926207859086499, -0.3420201433256682133 ) ) ;
#9025 = AXIS2_PLACEMENT_3D ( 'NONE', #4437, #9536, #2980 ) ;
#9026 = VECTOR ( 'NONE', #1672, 1000.000000000000000 ) ;
#9027 = ORIENTED_EDGE ( 'NONE', *, *, #7744, .T. ) ;
#9028 = CARTESIAN_POINT ( 'NONE',  ( 15.09989269929279132, 12.87852598251560643, -20.29007652116045435 ) ) ;
#9029 = CARTESIAN_POINT ( 'NONE',  ( 14.55009176731069509, -25.46246350426176974, -37.62732585309292688 ) ) ;
#9030 = DIRECTION ( 'NONE',  ( 0.000000000000000000, -0.9351784010367419908, 0.3541770153953562872 ) ) ;
#9031 = PLANE ( 'NONE',  #5669 ) ;
#9032 = LINE ( 'NONE', #1123, #359 ) ;
#9033 = CARTESIAN_POINT ( 'NONE',  ( 15.72739039502742209, -77.24642305143443366, 26.04948562518106669 ) ) ;
#9034 = EDGE_CURVE ( 'NONE', #9239, #3174, #5959, .T. ) ;
#9035 = VECTOR ( 'NONE', #5886, 1000.000000000000000 ) ;
#9036 = VECTOR ( 'NONE', #4396, 1000.000000000000114 ) ;
#9037 = VECTOR ( 'NONE', #3477, 1000.000000000000114 ) ;
#9038 = DIRECTION ( 'NONE',  ( -1.000000000000000000, 0.000000000000000000, 0.000000000000000000 ) ) ;
#9039 = ORIENTED_EDGE ( 'NONE', *, *, #8007, .F. ) ;
#9040 = EDGE_LOOP ( 'NONE', ( #8701, #1458, #2790, #5449 ) ) ;
#9041 = CARTESIAN_POINT ( 'NONE',  ( 16.93250537407935141, -54.05231820071731619, -10.99698572739610114 ) ) ;
#9042 = ORIENTED_EDGE ( 'NONE', *, *, #2039, .F. ) ;
#9043 = CARTESIAN_POINT ( 'NONE',  ( 25.00505927025263730, -20.45591043310982471, -10.91367162565327220 ) ) ;
#9044 = CARTESIAN_POINT ( 'NONE',  ( 41.21423633095623984, -50.75421148065240828, -11.74973828434730194 ) ) ;
#9045 = AXIS2_PLACEMENT_3D ( 'NONE', #8899, #7353, #700 ) ;
#9046 = CARTESIAN_POINT ( 'NONE',  ( 16.35000000000000142, 0.5375364957381989495, -5.781171213874287673 ) ) ;
#9047 = DIRECTION ( 'NONE',  ( 0.000000000000000000, -0.3232551092554114547, -0.9463118589240397949 ) ) ;
#9048 = CARTESIAN_POINT ( 'NONE',  ( 15.00000000000000000, -94.34771466488518854, 20.65720517637857867 ) ) ;
#9049 = PLANE ( 'NONE',  #821 ) ;
#9050 = CYLINDRICAL_SURFACE ( 'NONE', #3481, 5.999999999999998224 ) ;
#9051 = CARTESIAN_POINT ( 'NONE',  ( 20.94195997675833709, -54.52408926110744147, 15.89312606387243854 ) ) ;
#9052 = AXIS2_PLACEMENT_3D ( 'NONE', #536, #4991, #1319 ) ;
#9053 = ORIENTED_EDGE ( 'NONE', *, *, #7008, .F. ) ;
#9054 = CARTESIAN_POINT ( 'NONE',  ( 12.81600050027183357, 15.53753649573836348, -43.38458958905484764 ) ) ;
#9055 = ORIENTED_EDGE ( 'NONE', *, *, #548, .T. ) ;
#9056 = CARTESIAN_POINT ( 'NONE',  ( 16.58330831289687168, -76.59371917654543438, 12.75314389200901033 ) ) ;
#9057 = ORIENTED_EDGE ( 'NONE', *, *, #1917, .T. ) ;
#9058 = CARTESIAN_POINT ( 'NONE',  ( 14.99999999999999467, -107.4206068717764992, 14.09617504730378990 ) ) ;
#9059 = CYLINDRICAL_SURFACE ( 'NONE', #7816, 7.000000000000000000 ) ;
#9060 = CARTESIAN_POINT ( 'NONE',  ( 13.54921296899220984, -13.48785508755927154, -20.84820957030796507 ) ) ;
#9061 = AXIS2_PLACEMENT_3D ( 'NONE', #3693, #7582, #9030 ) ;
#9062 = CARTESIAN_POINT ( 'NONE',  ( 16.62831831183511255, -80.66479089820653314, 2.877765266139029610 ) ) ;
#9063 = CARTESIAN_POINT ( 'NONE',  ( 22.33166936668621716, -57.22902921529500020, -8.927535689930746088 ) ) ;
#9064 = CARTESIAN_POINT ( 'NONE',  ( 16.18022973443352441, -78.13719062165931462, 15.68128660828407206 ) ) ;
#9065 = ADVANCED_FACE ( 'NONE', ( #8958 ), #3087, .F. ) ;
#9066 = ORIENTED_EDGE ( 'NONE', *, *, #1309, .F. ) ;
#9067 = CARTESIAN_POINT ( 'NONE',  ( 15.00000000000000000, -120.4859869534278403, 49.30024030737040874 ) ) ;
#9068 = EDGE_LOOP ( 'NONE', ( #7752, #5628 ) ) ;
#9069 = VERTEX_POINT ( 'NONE', #8912 ) ;
#9070 = ADVANCED_FACE ( 'NONE', ( #6689 ), #8373, .F. ) ;
#9071 = CARTESIAN_POINT ( 'NONE',  ( 12.40000000000000036, -68.38198297356090904, 8.002265973292026047 ) ) ;
#9072 = LINE ( 'NONE', #3974, #8305 ) ;
#9073 = DIRECTION ( 'NONE',  ( 0.000000000000000000, 0.000000000000000000, -1.000000000000000000 ) ) ;
#9074 = CARTESIAN_POINT ( 'NONE',  ( 4.375054474994111153, -89.82676619086224434, 5.181199039283778340 ) ) ;
#9075 = CARTESIAN_POINT ( 'NONE',  ( 2.099999999999987210, -76.10435538319671878, 16.87016425251036722 ) ) ;
#9076 = VECTOR ( 'NONE', #8865, 1000.000000000000000 ) ;
#9077 = VECTOR ( 'NONE', #2741, 1000.000000000000000 ) ;
#9078 = DIRECTION ( 'NONE',  ( 1.000000000000000000, 0.000000000000000000, 0.000000000000000000 ) ) ;
#9079 = VERTEX_POINT ( 'NONE', #6789 ) ;
#9080 = ORIENTED_EDGE ( 'NONE', *, *, #3728, .T. ) ;
#9081 = CARTESIAN_POINT ( 'NONE',  ( 12.89256779264292696, 15.16765008446191310, -21.46765821339138824 ) ) ;
#9082 = DIRECTION ( 'NONE',  ( 0.000000000000000000, 0.9848077530122093526, -0.1736481776669232258 ) ) ;
#9083 = CARTESIAN_POINT ( 'NONE',  ( 19.72169840160620424, -12.98102935915410328, -21.36031500658596016 ) ) ;
#9084 = CARTESIAN_POINT ( 'NONE',  ( 12.19083461222125031, -14.68197569938393521, -43.29634816116375617 ) ) ;
#9085 = AXIS2_PLACEMENT_3D ( 'NONE', #6293, #7022, #7743 ) ;
#9086 = CARTESIAN_POINT ( 'NONE',  ( 16.66485868102054368, -73.83181295857775694, 17.48787348311019230 ) ) ;
#9087 = CARTESIAN_POINT ( 'NONE',  ( 0.000000000000000000, -73.39533097835840181, 32.09787989477760561 ) ) ;
#9088 = ADVANCED_FACE ( 'NONE', ( #3138 ), #4909, .T. ) ;
#9089 = DIRECTION ( 'NONE',  ( 0.000000000000000000, 0.000000000000000000, -1.000000000000000000 ) ) ;
#9090 = EDGE_LOOP ( 'NONE', ( #6769, #858, #7619, #2050 ) ) ;
#9091 = ORIENTED_EDGE ( 'NONE', *, *, #1914, .T. ) ;
#9092 = EDGE_CURVE ( 'NONE', #1240, #6934, #5486, .T. ) ;
#9093 = ORIENTED_EDGE ( 'NONE', *, *, #3319, .T. ) ;
#9094 = PLANE ( 'NONE',  #7822 ) ;
#9095 = DIRECTION ( 'NONE',  ( 0.000000000000000000, -0.3420201433256722656, -0.9396926207859069846 ) ) ;
#9096 = CARTESIAN_POINT ( 'NONE',  ( 12.81600561797618987, -14.46246350426196869, -43.29634816116374907 ) ) ;
#9097 = AXIS2_PLACEMENT_3D ( 'NONE', #7113, #2827, #461 ) ;
#9098 = CARTESIAN_POINT ( 'NONE',  ( 41.21423633095623984, -38.85406476150464528, -7.762140293633654764 ) ) ;
#9099 = DIRECTION ( 'NONE',  ( 1.000000000000000000, -0.000000000000000000, -0.000000000000000000 ) ) ;
#9100 = CIRCLE ( 'NONE', #7847, 6.149999999999988809 ) ;
#9101 = CARTESIAN_POINT ( 'NONE',  ( 22.02567167066570875, -36.17823496505037895, -15.06480666215174757 ) ) ;
#9102 = VECTOR ( 'NONE', #6067, 1000.000000000000000 ) ;
#9103 = CARTESIAN_POINT ( 'NONE',  ( 1.123582429141872785, -120.4859869534278545, 49.30024030737042295 ) ) ;
#9104 = CARTESIAN_POINT ( 'NONE',  ( 22.16867340905702477, -49.20432687561630303, 12.55557404316247272 ) ) ;
#9105 = ORIENTED_EDGE ( 'NONE', *, *, #7550, .F. ) ;
#9106 = DIRECTION ( 'NONE',  ( -1.000000000000000000, 0.000000000000000000, 0.000000000000000000 ) ) ;
#9107 = EDGE_LOOP ( 'NONE', ( #1704, #9447, #6463, #5772, #203, #1597, #9066, #8236, #5019, #8859, #2663, #9127, #1781, #5546 ) ) ;
#9108 = CARTESIAN_POINT ( 'NONE',  ( 17.00137412279321936, -74.22803651162637095, 12.10319912714589385 ) ) ;
#9109 = VERTEX_POINT ( 'NONE', #8422 ) ;
#9110 = LINE ( 'NONE', #1539, #7200 ) ;
#9111 = CARTESIAN_POINT ( 'NONE',  ( 15.00000000000000178, -108.5185946706109092, 33.49285716240090949 ) ) ;
#9112 = CARTESIAN_POINT ( 'NONE',  ( 13.69875924012647239, -13.96335773133121982, -21.97275567917452932 ) ) ;
#9113 = FACE_OUTER_BOUND ( 'NONE', #9404, .T. ) ;
#9114 = CARTESIAN_POINT ( 'NONE',  ( 23.27520106189935234, -52.73727658701861287, -2.240780725800050277 ) ) ;
#9115 = CARTESIAN_POINT ( 'NONE',  ( 16.04495135903349734, 26.35659208659019015, -43.36323529104979713 ) ) ;
#9116 = EDGE_LOOP ( 'NONE', ( #1277, #5666, #8392, #4027 ) ) ;
#9117 = CARTESIAN_POINT ( 'NONE',  ( 1.406703337988063351, -122.2705011474570824, 18.42123019163070197 ) ) ;
#9118 = ORIENTED_EDGE ( 'NONE', *, *, #3170, .F. ) ;
#9119 = EDGE_LOOP ( 'NONE', ( #6959, #4655, #4041, #1954 ) ) ;
#9120 = CARTESIAN_POINT ( 'NONE',  ( 8.839431801777942965, -70.81563065773175936, 0.3671020303734018331 ) ) ;
#9121 = CARTESIAN_POINT ( 'NONE',  ( 14.61158495845892347, -13.38174101417052242, -21.52001340041542221 ) ) ;
#9122 = CARTESIAN_POINT ( 'NONE',  ( 16.67320205976355396, -70.60472394610748381, 24.25147689707181797 ) ) ;
#9123 = CARTESIAN_POINT ( 'NONE',  ( 12.78560622601699492, 15.58614471869439555, -43.73678952898141858 ) ) ;
#9124 = EDGE_CURVE ( 'NONE', #7329, #2988, #1233, .T. ) ;
#9125 = CARTESIAN_POINT ( 'NONE',  ( 15.00000000000259170, -92.53971142299040764, 41.51211883245767353 ) ) ;
#9126 = ORIENTED_EDGE ( 'NONE', *, *, #8727, .F. ) ;
#9127 = ORIENTED_EDGE ( 'NONE', *, *, #5569, .F. ) ;
#9128 = EDGE_CURVE ( 'NONE', #8818, #4042, #4108, .T. ) ;
#9129 = CARTESIAN_POINT ( 'NONE',  ( 14.25022771029946966, 13.84859733329229492, -20.46530208977121390 ) ) ;
#9130 = CARTESIAN_POINT ( 'NONE',  ( 2.712088354586691175, -104.4302896603364132, 12.64566556367740802 ) ) ;
#9131 = FACE_OUTER_BOUND ( 'NONE', #1321, .T. ) ;
#9132 = CARTESIAN_POINT ( 'NONE',  ( 4.070054149114638697, -56.82509074540376304, 24.28836823302462378 ) ) ;
#9133 = CARTESIAN_POINT ( 'NONE',  ( 0.000000000000000000, 34.52346029824676776, -7.204386791072463936 ) ) ;
#9134 =( BOUNDED_CURVE ( )  B_SPLINE_CURVE ( 2, ( #2823, #2137, #5236 ),
 .UNSPECIFIED., .F., .F. ) 
 B_SPLINE_CURVE_WITH_KNOTS ( ( 3, 3 ),
 ( 0.000000000000000000, 1.000000000000000000 ),
 .UNSPECIFIED. ) 
 CURVE ( )  GEOMETRIC_REPRESENTATION_ITEM ( )  RATIONAL_B_SPLINE_CURVE ( ( 1.000000000000000000, 0.7118475365548606604, 1.000000000000000000 ) ) 
 REPRESENTATION_ITEM ( '' )  );
#9135 = CARTESIAN_POINT ( 'NONE',  ( 12.40000000000000036, -74.66354740713653371, 13.27312437272159151 ) ) ;
#9136 = ORIENTED_EDGE ( 'NONE', *, *, #6185, .T. ) ;
#9137 = EDGE_LOOP ( 'NONE', ( #2379, #4154, #3108, #3119, #8272, #9265 ) ) ;
#9138 = ORIENTED_EDGE ( 'NONE', *, *, #2581, .T. ) ;
#9139 = CARTESIAN_POINT ( 'NONE',  ( 12.19083461222125031, -14.68197569938393343, -43.29634816116375617 ) ) ;
#9140 = EDGE_CURVE ( 'NONE', #2061, #2173, #2705, .T. ) ;
#9141 = DIRECTION ( 'NONE',  ( 0.000000000000000000, 0.5395342429146887664, 0.8419636576019617902 ) ) ;
#9142 = CARTESIAN_POINT ( 'NONE',  ( 1.219558128823834187, -35.35648757211998117, -22.33956628539479539 ) ) ;
#9143 = CARTESIAN_POINT ( 'NONE',  ( 17.24345300980237994, -47.53516363136523637, 16.87893479654837137 ) ) ;
#9144 = CARTESIAN_POINT ( 'NONE',  ( 21.58334415447093591, -57.47830971295942959, 2.547588195108581477 ) ) ;
#9145 = EDGE_CURVE ( 'NONE', #6867, #2209, #6274, .T. ) ;
#9146 = DIRECTION ( 'NONE',  ( 0.000000000000000000, 0.3420201433256667145, 0.9396926207859090940 ) ) ;
#9147 = CARTESIAN_POINT ( 'NONE',  ( 12.17226651677283655, -14.69683167959396108, -43.47392435554584722 ) ) ;
#9148 = CARTESIAN_POINT ( 'NONE',  ( 20.85922918154458117, -54.81641466354781045, 16.11085025012349803 ) ) ;
#9149 = VECTOR ( 'NONE', #4036, 1000.000000000000000 ) ;
#9150 = ORIENTED_EDGE ( 'NONE', *, *, #8777, .T. ) ;
#9151 = CARTESIAN_POINT ( 'NONE',  ( 11.82754021265387934, 17.02550909852105221, -45.23040263886641554 ) ) ;
#9152 = VERTEX_POINT ( 'NONE', #565 ) ;
#9153 = CARTESIAN_POINT ( 'NONE',  ( 15.00000000000000000, -123.2101929245627048, 32.49341676896711562 ) ) ;
#9154 = CARTESIAN_POINT ( 'NONE',  ( 15.53836087857204262, 13.78565369172864763, -21.31135692369151258 ) ) ;
#9155 = CARTESIAN_POINT ( 'NONE',  ( 15.64707258823112923, 13.69545122853430463, -21.29634816116375617 ) ) ;
#9156 = CARTESIAN_POINT ( 'NONE',  ( 11.49991862937086040, -64.78244897408509928, -2.797515571366063991 ) ) ;
#9157 = CARTESIAN_POINT ( 'NONE',  ( 15.09989269929278599, -11.80345299103921874, -20.29007652116041882 ) ) ;
#9158 = CARTESIAN_POINT ( 'NONE',  ( 14.91455520716882255, -39.14357979000045162, -20.61117692866330131 ) ) ;
#9159 = CARTESIAN_POINT ( 'NONE',  ( 15.00000000000000000, -103.6513834066038129, 33.02480903446467408 ) ) ;
#9160 = CIRCLE ( 'NONE', #9001, 1.900000000000014566 ) ;
#9161 = CARTESIAN_POINT ( 'NONE',  ( 15.91776028305308444, 26.38941180730496328, -43.35687418274075355 ) ) ;
#9162 = ADVANCED_FACE ( 'NONE', ( #3518 ), #518, .F. ) ;
#9163 = ORIENTED_EDGE ( 'NONE', *, *, #9571, .T. ) ;
#9164 = ORIENTED_EDGE ( 'NONE', *, *, #1964, .F. ) ;
#9165 = ORIENTED_EDGE ( 'NONE', *, *, #4224, .F. ) ;
#9166 = CARTESIAN_POINT ( 'NONE',  ( 6.402482817422082029, -78.37358015989481430, 2.537541141483181217 ) ) ;
#9167 = CARTESIAN_POINT ( 'NONE',  ( 12.40000000000000036, -49.46863626127934310, -10.21764939810934791 ) ) ;
#9168 = DIRECTION ( 'NONE',  ( 9.703016961187418774E-17, 0.000000000000000000, -1.000000000000000000 ) ) ;
#9169 = DIRECTION ( 'NONE',  ( 0.000000000000000000, -0.7660444431189823433, 0.6427876096865340338 ) ) ;
#9170 = CARTESIAN_POINT ( 'NONE',  ( 12.60681097638096304, 15.86829395095046991, -44.40032344059599012 ) ) ;
#9171 = VERTEX_POINT ( 'NONE', #6490 ) ;
#9172 = FACE_OUTER_BOUND ( 'NONE', #2219, .T. ) ;
#9173 = ORIENTED_EDGE ( 'NONE', *, *, #8371, .T. ) ;
#9174 = B_SPLINE_SURFACE_WITH_KNOTS ( 'NONE', 1, 3, ( 
 ( #8333, #1502, #817, #2365, #6012, #7519, #8285, #3148, #5182, #1646, #8965, #869, #8141, #2419, #7620, #3773, #4599, #8869 ),
 ( #7570, #920, #4455, #6746, #6846, #1694, #967, #6650, #2662, #340, #9264, #240, #8381, #2570, #6992, #5523, #1022, #7667 ) ),
 .UNSPECIFIED., .F., .F., .F.,
 ( 2, 2 ),
 ( 4, 2, 2, 2, 2, 2, 2, 2, 4 ),
 ( 0.000000000000000000, 1.000000000000000000 ),
 ( 3.119525545820294621, 3.318633475140842393, 3.517741404461390609, 3.716849333781938380, 3.915957263102486152, 4.115065192423033480, 4.314173121743581696, 4.513281051064129912, 4.712388980384677239 ),
 .UNSPECIFIED. ) ;
#9175 = VERTEX_POINT ( 'NONE', #1436 ) ;
#9176 = CARTESIAN_POINT ( 'NONE',  ( 14.24404440307437625, 14.70063145169549124, -21.66425576737555048 ) ) ;
#9177 = CARTESIAN_POINT ( 'NONE',  ( 15.00000000000000000, -136.8423555909551510, 40.04116618946477502 ) ) ;
#9178 = EDGE_CURVE ( 'NONE', #5247, #7670, #9440, .T. ) ;
#9179 = CARTESIAN_POINT ( 'NONE',  ( 19.12505681039101901, -14.46247232339133859, -23.16544773564177362 ) ) ;
#9180 = LINE ( 'NONE', #2536, #4484 ) ;
#9181 = CARTESIAN_POINT ( 'NONE',  ( 0.000000000000000000, 0.5375364957382012809, -24.79634816116400486 ) ) ;
#9182 = EDGE_CURVE ( 'NONE', #3493, #2671, #3776, .T. ) ;
#9183 = AXIS2_PLACEMENT_3D ( 'NONE', #3964, #1738, #4063 ) ;
#9184 = CARTESIAN_POINT ( 'NONE',  ( 12.75000000000000000, -119.6812179729371479, 30.17681848394211741 ) ) ;
#9185 = EDGE_CURVE ( 'NONE', #6897, #8884, #4248, .T. ) ;
#9186 = ORIENTED_EDGE ( 'NONE', *, *, #8963, .T. ) ;
#9187 = EDGE_LOOP ( 'NONE', ( #1490, #831, #6788, #2661 ) ) ;
#9188 = ORIENTED_EDGE ( 'NONE', *, *, #4318, .T. ) ;
#9189 = CARTESIAN_POINT ( 'NONE',  ( 19.24731585024706959, -14.38817420306244976, -22.75503489066702301 ) ) ;
#9190 = LINE ( 'NONE', #2492, #517 ) ;
#9191 = EDGE_CURVE ( 'NONE', #9496, #8541, #5022, .T. ) ;
#9192 = CARTESIAN_POINT ( 'NONE',  ( 1.250753887778000006, -35.21303321404944597, -22.42425581702423187 ) ) ;
#9193 = DIRECTION ( 'NONE',  ( -1.000000000000000000, 0.000000000000000000, 0.000000000000000000 ) ) ;
#9194 =( BOUNDED_CURVE ( )  B_SPLINE_CURVE ( 3, ( #9236, #4811, #7064, #407 ),
 .UNSPECIFIED., .F., .F. ) 
 B_SPLINE_CURVE_WITH_KNOTS ( ( 4, 4 ),
 ( 0.4899714172411175905, 0.6302371172656251463 ),
 .UNSPECIFIED. ) 
 CURVE ( )  GEOMETRIC_REPRESENTATION_ITEM ( )  RATIONAL_B_SPLINE_CURVE ( ( 1.000000000000000000, 0.9983611330281529916, 0.9983611330281529916, 1.000000000000000000 ) ) 
 REPRESENTATION_ITEM ( '' )  );
#9195 = CARTESIAN_POINT ( 'NONE',  ( 16.73041021601962797, 27.78718882288784897, -28.96558856729766873 ) ) ;
#9196 = CARTESIAN_POINT ( 'NONE',  ( -12.00000000000008704, -121.1330780353519003, 32.03547454657585547 ) ) ;
#9197 = CARTESIAN_POINT ( 'NONE',  ( 11.24635484001676566, -15.39266278755668615, -44.26420188916070941 ) ) ;
#9198 = CARTESIAN_POINT ( 'NONE',  ( 21.65256381635613181, -51.71388180389546818, 14.00743647272050474 ) ) ;
#9199 = EDGE_CURVE ( 'NONE', #6922, #6048, #7991, .T. ) ;
#9200 = AXIS2_PLACEMENT_3D ( 'NONE', #3338, #1011, #8570 ) ;
#9201 = EDGE_LOOP ( 'NONE', ( #1905, #7112, #8565, #2688, #2940, #3572, #390 ) ) ;
#9202 = CARTESIAN_POINT ( 'NONE',  ( 12.66233731310302169, 15.78131114775208843, -44.25331063250843044 ) ) ;
#9203 = ORIENTED_EDGE ( 'NONE', *, *, #3130, .T. ) ;
#9204 = CARTESIAN_POINT ( 'NONE',  ( 17.66627984254652972, -71.09091783325138181, 10.97708411186616750 ) ) ;
#9205 = CARTESIAN_POINT ( 'NONE',  ( 15.16031672637700467, 14.07026082473833917, -21.36860170821633886 ) ) ;
#9206 = CARTESIAN_POINT ( 'NONE',  ( 14.64875924305846588, 14.28726547239942235, -21.29634816116374196 ) ) ;
#9207 = CARTESIAN_POINT ( 'NONE',  ( 22.49014984722865407, 25.59101508275333714, -22.27477065839919845 ) ) ;
#9208 = CARTESIAN_POINT ( 'NONE',  ( 15.14707553785843430, -13.00523704254743329, -21.37038454170853541 ) ) ;
#9209 = CARTESIAN_POINT ( 'NONE',  ( 14.16796989913998317, -49.63935872243285985, -15.03266196037018432 ) ) ;
#9210 = CARTESIAN_POINT ( 'NONE',  ( 23.21665796280323590, -52.03713650964115800, -2.828268006515078259 ) ) ;
#9211 = AXIS2_PLACEMENT_3D ( 'NONE', #5848, #5752, #8713 ) ;
#9212 = B_SPLINE_CURVE_WITH_KNOTS ( 'NONE', 3,
 ( #8219, #5852, #4387, #8172, #5942, #1530, #9581, #852, #7552, #8082, #6779, #1485, #7403, #8904, #1579, #8811, #7358, #4482, #2249, #800, #2936, #903, #1439, #8950, #5306, #4529, #6729, #5899, #707, #3078, #6042 ),
 .UNSPECIFIED., .F., .F.,
 ( 4, 2, 2, 2, 1, 1, 1, 1, 1, 2, 2, 2, 2, 1, 1, 1, 1, 2, 2, 4 ),
 ( 0.000000000000000000, 0.2500000000000597300, 0.3750000000000913158, 0.4375000000001070810, 0.4687500000001164624, 0.4843750000001209033, 0.4921875000001231237, 0.4960937500001256217, 0.4980468750001257328, 0.4990234375001255662, 0.5000000000001253442, 0.6250000000001748601, 0.6875000000001993961, 0.7187500000002099432, 0.7343750000002139400, 0.7421875000002147171, 0.7460937500002151612, 0.7480468750002152722, 0.7500000000002153833, 1.000000000000000000 ),
 .UNSPECIFIED. ) ;
#9213 = CARTESIAN_POINT ( 'NONE',  ( 17.05399787964080360, 25.95532804720167164, -43.41369688807709082 ) ) ;
#9214 = EDGE_CURVE ( 'NONE', #8322, #9239, #3755, .T. ) ;
#9215 = ORIENTED_EDGE ( 'NONE', *, *, #3734, .F. ) ;
#9216 = DIRECTION ( 'NONE',  ( 0.000000000000000000, 0.9396926207859083169, -0.3420201433256692680 ) ) ;
#9217 = ORIENTED_EDGE ( 'NONE', *, *, #1797, .T. ) ;
#9218 = DIRECTION ( 'NONE',  ( 0.000000000000000000, 0.000000000000000000, -1.000000000000000000 ) ) ;
#9220 = CIRCLE ( 'NONE', #6903, 2.999999999999999112 ) ;
#9219 = CARTESIAN_POINT ( 'NONE',  ( 12.29071698771360133, -15.27638154373930135, -44.90670897068338263 ) ) ;
#9221 = EDGE_CURVE ( 'NONE', #9286, #3289, #4973, .T. ) ;
#9222 = CARTESIAN_POINT ( 'NONE',  ( 14.67502782293442287, -13.33853214486328298, -21.49843048213044483 ) ) ;
#9223 = FACE_OUTER_BOUND ( 'NONE', #8274, .T. ) ;
#9224 = LINE ( 'NONE', #6324, #8992 ) ;
#9225 = CARTESIAN_POINT ( 'NONE',  ( 5.999999999999998224, -20.45591043310982471, -10.91367162565327220 ) ) ;
#9226 = VERTEX_POINT ( 'NONE', #1299 ) ;
#9227 = CARTESIAN_POINT ( 'NONE',  ( 19.42708428922152564, -68.61108235353641760, -0.5440815568259785850 ) ) ;
#9228 = ORIENTED_EDGE ( 'NONE', *, *, #105, .T. ) ;
#9229 = CARTESIAN_POINT ( 'NONE',  ( 14.99999999999999822, -99.74410793552111443, 32.51341647695483061 ) ) ;
#9230 = CIRCLE ( 'NONE', #524, 50.00000000000000000 ) ;
#9231 = DIRECTION ( 'NONE',  ( 0.000000000000000000, 0.7660444431189789016, -0.6427876096865382527 ) ) ;
#9232 = CARTESIAN_POINT ( 'NONE',  ( 2.319828194619650397, -108.8875443912519074, 14.68661574303654582 ) ) ;
#9233 = CARTESIAN_POINT ( 'NONE',  ( 19.39012495312962514, -14.19812710893264018, -22.29404742141695905 ) ) ;
#9234 = DIRECTION ( 'NONE',  ( -1.000000000000000000, 0.000000000000000000, -0.000000000000000000 ) ) ;
#9235 = CARTESIAN_POINT ( 'NONE',  ( 12.12392796757225355, -63.22151772733955255, -3.951285981036608330 ) ) ;
#9236 = CARTESIAN_POINT ( 'NONE',  ( 17.65479638729886247, 18.08847022924864945, -45.29634816116374196 ) ) ;
#9237 = ORIENTED_EDGE ( 'NONE', *, *, #3224, .F. ) ;
#9238 = AXIS2_PLACEMENT_3D ( 'NONE', #404, #9327, #1236 ) ;
#9239 = VERTEX_POINT ( 'NONE', #2933 ) ;
#9240 = ORIENTED_EDGE ( 'NONE', *, *, #2234, .T. ) ;
#9241 = CARTESIAN_POINT ( 'NONE',  ( 12.28385086550010108, -14.60700276689989607, -22.61275807753933975 ) ) ;
#9242 = CARTESIAN_POINT ( 'NONE',  ( 0.000000000000000000, -22.82182225824879751, -14.25357600088131171 ) ) ;
#9243 = CARTESIAN_POINT ( 'NONE',  ( 0.000000000000000000, -55.88670924954958963, -7.443061299447535362 ) ) ;
#9244 = DIRECTION ( 'NONE',  ( 1.000000000000000000, -0.000000000000000000, -0.000000000000000000 ) ) ;
#9245 = CARTESIAN_POINT ( 'NONE',  ( 19.65137614678898359, -64.06520621715297636, 7.305742657561224540 ) ) ;
#9246 = CARTESIAN_POINT ( 'NONE',  ( 41.21423633095623984, -48.22832050784651869, -13.36834101309136891 ) ) ;
#9247 = CARTESIAN_POINT ( 'NONE',  ( 12.01593102254482126, -14.82046300850814191, -43.81721446372861806 ) ) ;
#9248 = CARTESIAN_POINT ( 'NONE',  ( 22.74631463548552901, -45.56422170310887054, 10.73188301150850421 ) ) ;
#9249 = EDGE_CURVE ( 'NONE', #583, #4397, #5203, .T. ) ;
#9250 = ORIENTED_EDGE ( 'NONE', *, *, #5876, .T. ) ;
#9251 = CARTESIAN_POINT ( 'NONE',  ( 11.69762573040811304, 17.20743808624941806, -45.26893069118499113 ) ) ;
#9252 =( BOUNDED_CURVE ( )  B_SPLINE_CURVE ( 3, ( #4049, #9195, #949, #8315 ),
 .UNSPECIFIED., .F., .F. ) 
 B_SPLINE_CURVE_WITH_KNOTS ( ( 4, 4 ),
 ( 4.447543683858131480, 4.886921905584115322 ),
 .UNSPECIFIED. ) 
 CURVE ( )  GEOMETRIC_REPRESENTATION_ITEM ( )  RATIONAL_B_SPLINE_CURVE ( ( 1.000000000000000000, 0.9839768315916366248, 0.9839768315916366248, 1.000000000000000000 ) ) 
 REPRESENTATION_ITEM ( '' )  );
#9253 = ORIENTED_EDGE ( 'NONE', *, *, #7421, .F. ) ;
#9254 = CARTESIAN_POINT ( 'NONE',  ( 15.00000000000000000, -136.9394358138792143, 22.44088499817751270 ) ) ;
#9255 = CARTESIAN_POINT ( 'NONE',  ( 15.23254041493884792, 14.01711917103250116, -21.35458774498959045 ) ) ;
#9256 = VECTOR ( 'NONE', #6320, 1000.000000000000114 ) ;
#9257 = CARTESIAN_POINT ( 'NONE',  ( 13.38141910368817555, 14.88288198192105583, -21.29634816116374907 ) ) ;
#9258 = CARTESIAN_POINT ( 'NONE',  ( 23.12512302394080521, 27.48561279896629728, -17.57581319251599794 ) ) ;
#9259 = CARTESIAN_POINT ( 'NONE',  ( 15.22938338087822352, -12.94471278779501056, -21.35435039140723035 ) ) ;
#9260 = CARTESIAN_POINT ( 'NONE',  ( 21.37334172397312670, -42.65219239410009777, -19.09387546828724780 ) ) ;
#9261 = LINE ( 'NONE', #4785, #1565 ) ;
#9262 = LINE ( 'NONE', #5521, #3104 ) ;
#9263 = VERTEX_POINT ( 'NONE', #1576 ) ;
#9264 = CARTESIAN_POINT ( 'NONE',  ( 16.57361319211509709, 23.90608250786267064, -45.29634816116374196 ) ) ;
#9265 = ORIENTED_EDGE ( 'NONE', *, *, #3321, .F. ) ;
#9266 = CARTESIAN_POINT ( 'NONE',  ( 20.34495672306512759, 13.53753649573836704, -21.29634816116374907 ) ) ;
#9267 = CARTESIAN_POINT ( 'NONE',  ( 11.75398897197819359, -16.05386126207991992, -45.25485289973208580 ) ) ;
#9268 = CARTESIAN_POINT ( 'NONE',  ( 3.025367420339236002, -43.11520150610495961, 9.906627984094292572 ) ) ;
#9269 = CARTESIAN_POINT ( 'NONE',  ( 12.17626736718826308, -14.69363334582544312, -43.45404443497120184 ) ) ;
#9270 = EDGE_CURVE ( 'NONE', #4634, #1287, #7447, .T. ) ;
#9271 = CARTESIAN_POINT ( 'NONE',  ( 5.999999999999998224, -49.46863626127934310, -10.21764939810934791 ) ) ;
#9272 = CARTESIAN_POINT ( 'NONE',  ( 12.09999999999998543, 0.5375364957381988384, -18.29634816116374907 ) ) ;
#9273 = EDGE_CURVE ( 'NONE', #4359, #5426, #8844, .T. ) ;
#9274 = ORIENTED_EDGE ( 'NONE', *, *, #703, .F. ) ;
#9275 = CARTESIAN_POINT ( 'NONE',  ( 0.000000000000000000, -11.31787079359411230, -12.52495456488326830 ) ) ;
#9276 = EDGE_LOOP ( 'NONE', ( #4166, #3548, #9163, #5818, #4404, #3884 ) ) ;
#9277 = CYLINDRICAL_SURFACE ( 'NONE', #5740, 1.700000000000000400 ) ;
#9278 = CARTESIAN_POINT ( 'NONE',  ( 19.85963318215450002, -57.97148322379582908, 18.58697367847707227 ) ) ;
#9279 = CARTESIAN_POINT ( 'NONE',  ( 13.77268894321033166, -25.46246350426179816, -43.29634816116374907 ) ) ;
#9280 = CARTESIAN_POINT ( 'NONE',  ( 20.28946728986313985, 14.75302241939425585, -21.70269553299869614 ) ) ;
#9281 = PLANE ( 'NONE',  #8366 ) ;
#9282 = DIRECTION ( 'NONE',  ( 1.000000000000000000, 0.000000000000000000, 0.000000000000000000 ) ) ;
#9283 = EDGE_CURVE ( 'NONE', #4055, #7090, #3244, .T. ) ;
#9284 = PLANE ( 'NONE',  #9550 ) ;
#9285 = ORIENTED_EDGE ( 'NONE', *, *, #1833, .F. ) ;
#9286 = VERTEX_POINT ( 'NONE', #3753 ) ;
#9287 = VERTEX_POINT ( 'NONE', #3800 ) ;
#9288 = CARTESIAN_POINT ( 'NONE',  ( 11.50828917558730602, -63.96917521447835497, 28.26474045786110878 ) ) ;
#9289 = CARTESIAN_POINT ( 'NONE',  ( 0.4067102387224797444, -34.05244383677101183, -23.17316418156978131 ) ) ;
#9290 = CARTESIAN_POINT ( 'NONE',  ( 15.00000000000000000, -130.4704939328017872, 37.72199820903487932 ) ) ;
#9291 = CARTESIAN_POINT ( 'NONE',  ( 14.00000000000000000, 0.5375364957381987274, 53.36789795213029919 ) ) ;
#9292 = CARTESIAN_POINT ( 'NONE',  ( 14.78860692351954853, -40.67660034350357989, -19.98337903846117314 ) ) ;
#9293 = CARTESIAN_POINT ( 'NONE',  ( 13.79069964332509279, -13.62350452906422404, -21.29634816116375262 ) ) ;
#9294 = B_SPLINE_CURVE_WITH_KNOTS ( 'NONE', 3,
 ( #3386, #6206, #9156, #6354 ),
 .UNSPECIFIED., .F., .F.,
 ( 4, 4 ),
 ( 0.000000000000000000, 1.000000000000000000 ),
 .UNSPECIFIED. ) ;
#9295 = B_SPLINE_CURVE_WITH_KNOTS ( 'NONE', 3,
 ( #1858, #1279, #7691, #9139 ),
 .UNSPECIFIED., .F., .F.,
 ( 4, 4 ),
 ( 0.000000000000000000, 1.000000000000000000 ),
 .UNSPECIFIED. ) ;
#9296 = CARTESIAN_POINT ( 'NONE',  ( 15.34979584643389039, -32.31550917363228592, -24.52521439121171909 ) ) ;
#9297 = ORIENTED_EDGE ( 'NONE', *, *, #1680, .T. ) ;
#9298 = CARTESIAN_POINT ( 'NONE',  ( 12.40000000000000213, -71.97364255504820107, 6.055478503969699666 ) ) ;
#9299 = CARTESIAN_POINT ( 'NONE',  ( 18.50805336794661926, -67.78656790398649434, 9.457463794435099658 ) ) ;
#9300 = FACE_OUTER_BOUND ( 'NONE', #9332, .T. ) ;
#9301 = CARTESIAN_POINT ( 'NONE',  ( 14.10784388602624873, 14.55179059261636354, -21.29634816116374907 ) ) ;
#9302 = CARTESIAN_POINT ( 'NONE',  ( 4.000000000000000000, -32.28376223969119962, -11.23648032529736263 ) ) ;
#9303 = CARTESIAN_POINT ( 'NONE',  ( 12.82226486367358831, -14.46026246737064724, -23.21207768793138015 ) ) ;
#9304 = ADVANCED_FACE ( 'NONE', ( #7597 ), #6775, .F. ) ;
#9305 = CARTESIAN_POINT ( 'NONE',  ( 14.77553954805393843, -40.82883424570744069, -19.91909788900603218 ) ) ;
#9306 = FACE_OUTER_BOUND ( 'NONE', #1459, .T. ) ;
#9307 = CARTESIAN_POINT ( 'NONE',  ( 0.000000000000000000, -76.37521062310625553, 25.48216967743977079 ) ) ;
#9308 = AXIS2_PLACEMENT_3D ( 'NONE', #2374, #876, #2321 ) ;
#9309 = EDGE_CURVE ( 'NONE', #2973, #8324, #9432, .T. ) ;
#9310 = ORIENTED_EDGE ( 'NONE', *, *, #1748, .T. ) ;
#9311 = DIRECTION ( 'NONE',  ( 0.000000000000000000, -1.000000000000000000, -1.334402673828313339E-16 ) ) ;
#9312 = ADVANCED_FACE ( 'NONE', ( #1628 ), #6087, .F. ) ;
#9313 = VERTEX_POINT ( 'NONE', #8216 ) ;
#9314 = CARTESIAN_POINT ( 'NONE',  ( 12.19083461222128761, 15.75704869086030513, -43.29634816116374196 ) ) ;
#9315 = CARTESIAN_POINT ( 'NONE',  ( 11.96756713978373377, -15.75084292602924663, -45.16626345080518234 ) ) ;
#9316 = CARTESIAN_POINT ( 'NONE',  ( 15.59936844847731585, -78.35241203225825757, 26.41712687293035344 ) ) ;
#9317 = VECTOR ( 'NONE', #2218, 1000.000000000000000 ) ;
#9318 = CYLINDRICAL_SURFACE ( 'NONE', #6559, 6.999999999999999112 ) ;
#9319 = CARTESIAN_POINT ( 'NONE',  ( 22.05467413601620663, -12.51336385184712086, -19.00767794529165400 ) ) ;
#9320 = DIRECTION ( 'NONE',  ( -0.000000000000000000, 0.3232551092554040162, 0.9463118589240424594 ) ) ;
#9321 = ADVANCED_FACE ( 'NONE', ( #1673 ), #2976, .F. ) ;
#9322 = VERTEX_POINT ( 'NONE', #4525 ) ;
#9323 = VERTEX_POINT ( 'NONE', #4431 ) ;
#9324 = CARTESIAN_POINT ( 'NONE',  ( 5.160759810733662079, -89.25001094657928036, 39.90822944696459018 ) ) ;
#9325 = CARTESIAN_POINT ( 'NONE',  ( 14.89802290457636680, 14.25886632336263560, -21.43069403968375042 ) ) ;
#9326 = CARTESIAN_POINT ( 'NONE',  ( 2.600704431766541980, -105.6563963420442036, 13.25006199411679653 ) ) ;
#9327 = DIRECTION ( 'NONE',  ( -1.000000000000000000, -0.000000000000000000, -0.000000000000000000 ) ) ;
#9328 = DIRECTION ( 'NONE',  ( -0.3312945782245160786, -0.9435273723846276939, 0.000000000000000000 ) ) ;
#9329 = DIRECTION ( 'NONE',  ( 0.000000000000000000, -0.7660444431189821213, 0.6427876096865343669 ) ) ;
#9330 = LINE ( 'NONE', #2685, #4750 ) ;
#9331 = EDGE_CURVE ( 'NONE', #9226, #3921, #5845, .T. ) ;
#9332 = EDGE_LOOP ( 'NONE', ( #1324, #9027, #1468, #5808, #2558 ) ) ;
#9333 = ORIENTED_EDGE ( 'NONE', *, *, #2203, .F. ) ;
#9334 = CARTESIAN_POINT ( 'NONE',  ( 14.78275756306299726, -54.23580781553184949, 22.43491794090315494 ) ) ;
#9335 = CARTESIAN_POINT ( 'NONE',  ( 5.999999999999998224, -77.10614032394536821, 10.36215548886946713 ) ) ;
#9336 = EDGE_CURVE ( 'NONE', #7572, #5377, #979, .T. ) ;
#9337 = CARTESIAN_POINT ( 'NONE',  ( 0.000000000000000000, -25.51763244838430111, -13.54775435647355941 ) ) ;
#9338 = CARTESIAN_POINT ( 'NONE',  ( 3.089670827592271518, -100.5187668141805517, 10.47024997053889273 ) ) ;
#9339 = CARTESIAN_POINT ( 'NONE',  ( 15.18132188984667685, -83.59293062828236032, 28.05700473573662634 ) ) ;
#9340 = CARTESIAN_POINT ( 'NONE',  ( 22.10838638905721609, -38.00551720103957365, -14.08698084491842373 ) ) ;
#9341 = CARTESIAN_POINT ( 'NONE',  ( 15.36309910415043589, -31.74328250569445586, -25.03733107772679745 ) ) ;
#9342 = ORIENTED_EDGE ( 'NONE', *, *, #7889, .T. ) ;
#9343 = CARTESIAN_POINT ( 'NONE',  ( 6.000000000000000000, -83.73709318997876494, 5.388271468960138755 ) ) ;
#9344 = VECTOR ( 'NONE', #1404, 1000.000000000000114 ) ;
#9345 = ORIENTED_EDGE ( 'NONE', *, *, #5105, .T. ) ;
#9346 = CARTESIAN_POINT ( 'NONE',  ( 0.000000000000000000, -48.80969104706964856, 17.94839028099127987 ) ) ;
#9347 = CARTESIAN_POINT ( 'NONE',  ( 13.73679255438527491, 15.01544656802719757, -21.94843191294815554 ) ) ;
#9348 = CARTESIAN_POINT ( 'NONE',  ( 14.03665619100608630, 14.58519319294550698, -21.29634816116374907 ) ) ;
#9349 = CARTESIAN_POINT ( 'NONE',  ( 14.99999999999998934, -100.5187668141803812, 10.47024997053879147 ) ) ;
#9350 = CARTESIAN_POINT ( 'NONE',  ( 15.48154784662274608, -12.76550385430303258, -21.32756014627797114 ) ) ;
#9351 = CARTESIAN_POINT ( 'NONE',  ( 21.39176382881348459, -43.12534261004361014, -18.86442607939045857 ) ) ;
#9352 = CARTESIAN_POINT ( 'NONE',  ( 23.44996677504635940, 28.01640255545222047, -15.09457714472556411 ) ) ;
#9353 = AXIS2_PLACEMENT_3D ( 'NONE', #5254, #1437, #798 ) ;
#9354 = VERTEX_POINT ( 'NONE', #2343 ) ;
#9355 = DIRECTION ( 'NONE',  ( 1.000000000000000000, -0.000000000000000000, -0.000000000000000000 ) ) ;
#9356 = ORIENTED_EDGE ( 'NONE', *, *, #3070, .T. ) ;
#9357 = CARTESIAN_POINT ( 'NONE',  ( 18.84104858129222038, -17.80697485524536106, -43.54662542183132246 ) ) ;
#9358 = ORIENTED_EDGE ( 'NONE', *, *, #6666, .T. ) ;
#9359 = CARTESIAN_POINT ( 'NONE',  ( 11.61820588882437733, -16.24221376068783584, -45.28443971506919752 ) ) ;
#9360 = CARTESIAN_POINT ( 'NONE',  ( 15.00000000000000000, -94.83578902281104206, 31.43931079701635412 ) ) ;
#9361 = VECTOR ( 'NONE', #6051, 1000.000000000000000 ) ;
#9362 = CARTESIAN_POINT ( 'NONE',  ( 11.24561826003059828, -15.39334343313243814, -44.26548931131579678 ) ) ;
#9363 = B_SPLINE_CURVE_WITH_KNOTS ( 'NONE', 3,
 ( #5757, #9352, #9490, #6359 ),
 .UNSPECIFIED., .F., .F.,
 ( 4, 4 ),
 ( 3.469446951953614189E-18, 3.160723425999997939E-05 ),
 .UNSPECIFIED. ) ;
#9364 = CARTESIAN_POINT ( 'NONE',  ( 10.55000000000000071, 8.203262318468331316, 13.41008217020920767 ) ) ;
#9365 = LINE ( 'NONE', #4797, #6742 ) ;
#9366 =( BOUNDED_CURVE ( )  B_SPLINE_CURVE ( 2, ( #5980, #6915, #839 ),
 .UNSPECIFIED., .F., .F. ) 
 B_SPLINE_CURVE_WITH_KNOTS ( ( 3, 3 ),
 ( 0.000000000000000000, 1.000000000000000000 ),
 .UNSPECIFIED. ) 
 CURVE ( )  GEOMETRIC_REPRESENTATION_ITEM ( )  RATIONAL_B_SPLINE_CURVE ( ( 1.000000000000000000, 0.7074824807718570474, 1.000000000000000000 ) ) 
 REPRESENTATION_ITEM ( '' )  );
#9367 = ADVANCED_FACE ( 'NONE', ( #751 ), #3704, .T. ) ;
#9368 = ORIENTED_EDGE ( 'NONE', *, *, #6493, .F. ) ;
#9369 = CARTESIAN_POINT ( 'NONE',  ( 20.01384610581714796, -41.91676537728300644, 12.16453889374096420 ) ) ;
#9370 = AXIS2_PLACEMENT_3D ( 'NONE', #6379, #4907, #4229 ) ;
#9371 = ORIENTED_EDGE ( 'NONE', *, *, #1073, .F. ) ;
#9372 = CARTESIAN_POINT ( 'NONE',  ( 4.962683248572650641, -90.24870506460183606, 40.40020722091550454 ) ) ;
#9373 = CARTESIAN_POINT ( 'NONE',  ( 20.37789781028472191, -54.09823571236540118, 22.36038769299463169 ) ) ;
#9374 = CARTESIAN_POINT ( 'NONE',  ( 10.55000000000000071, -1.319726150268616616, -7.484538922892792101 ) ) ;
#9375 = CARTESIAN_POINT ( 'NONE',  ( 20.07490937651598983, 15.39690066858758044, -22.55945782040254244 ) ) ;
#9376 = CARTESIAN_POINT ( 'NONE',  ( 18.39131309112974932, 21.45663033393008590, -44.71310724805294967 ) ) ;
#9377 = DIRECTION ( 'NONE',  ( 1.000000000000000000, -0.000000000000000000, -0.000000000000000000 ) ) ;
#9378 = DIRECTION ( 'NONE',  ( 0.000000000000000000, 0.000000000000000000, -1.000000000000000000 ) ) ;
#9379 = ORIENTED_EDGE ( 'NONE', *, *, #3875, .F. ) ;
#9380 = ORIENTED_EDGE ( 'NONE', *, *, #295, .F. ) ;
#9381 = CARTESIAN_POINT ( 'NONE',  ( 12.00000000000003020, -121.1330780353518861, 32.03547454657584126 ) ) ;
#9382 = DIRECTION ( 'NONE',  ( 1.000000000000000000, 0.000000000000000000, 0.000000000000000000 ) ) ;
#9383 = CARTESIAN_POINT ( 'NONE',  ( 15.00000000000000000, -125.9007248944059825, 36.30493034431389532 ) ) ;
#9384 = CARTESIAN_POINT ( 'NONE',  ( 14.14707854819928201, -53.83002006436035458, -11.77964301485060616 ) ) ;
#9385 = CARTESIAN_POINT ( 'NONE',  ( 15.19546662274650295, -83.34845539079455534, 27.98257060501995142 ) ) ;
#9386 = EDGE_CURVE ( 'NONE', #113, #4634, #849, .T. ) ;
#9387 = CARTESIAN_POINT ( 'NONE',  ( 22.72089297336743741, -46.61274852356072529, -7.714345878151072533 ) ) ;
#9388 = VECTOR ( 'NONE', #6874, 1000.000000000000000 ) ;
#9389 = ADVANCED_FACE ( 'NONE', ( #6823 ), #167, .T. ) ;
#9390 = CARTESIAN_POINT ( 'NONE',  ( 15.31717293520444301, -33.29952552777759678, -23.72263888012189526 ) ) ;
#9391 = CARTESIAN_POINT ( 'NONE',  ( 21.15707319316729951, -35.97120481874618036, -21.98613612600294331 ) ) ;
#9392 = ORIENTED_EDGE ( 'NONE', *, *, #3164, .T. ) ;
#9393 = CARTESIAN_POINT ( 'NONE',  ( 1.136425555546288990, -128.7878859253054316, 19.63277370326450466 ) ) ;
#9394 = CARTESIAN_POINT ( 'NONE',  ( 13.68241509899181629, 15.04808577556535631, -21.98484797585948058 ) ) ;
#9395 = CARTESIAN_POINT ( 'NONE',  ( 22.50778084637866172, -53.11185741107831859, -1.046500743194840100 ) ) ;
#9396 = CARTESIAN_POINT ( 'NONE',  ( 14.99200959049337634, -99.77604891709218293, 10.01301644943759683 ) ) ;
#9397 = CARTESIAN_POINT ( 'NONE',  ( 13.78035882360850373, -13.91845614629196781, -21.93031856948318747 ) ) ;
#9398 = DIRECTION ( 'NONE',  ( 1.000000000000000000, 0.000000000000000000, 0.000000000000000000 ) ) ;
#9399 = CIRCLE ( 'NONE', #872, 2.999999999999999112 ) ;
#9400 = DIRECTION ( 'NONE',  ( 0.000000000000000000, -0.9848077530122092416, 0.1736481776669232813 ) ) ;
#9401 = CIRCLE ( 'NONE', #8631, 4.000000000000000000 ) ;
#9402 = ORIENTED_EDGE ( 'NONE', *, *, #6704, .T. ) ;
#9403 = CARTESIAN_POINT ( 'NONE',  ( 5.999999999999998224, -6.012463504261799763, -11.42958778986839263 ) ) ;
#9404 = EDGE_LOOP ( 'NONE', ( #2076, #4509, #8919, #9598 ) ) ;
#9405 = CARTESIAN_POINT ( 'NONE',  ( 12.60761528272458420, 15.61070722744567973, -43.29634816116374196 ) ) ;
#9406 = ORIENTED_EDGE ( 'NONE', *, *, #5201, .F. ) ;
#9407 = CARTESIAN_POINT ( 'NONE',  ( 12.64349087121200377, -14.73580487637964787, -44.30566921005073766 ) ) ;
#9408 = CARTESIAN_POINT ( 'NONE',  ( 15.12130408122769154, -84.65021609391138213, 28.37852982225972553 ) ) ;
#9409 = CARTESIAN_POINT ( 'NONE',  ( 12.75647181878591141, -14.55748154484248325, -43.90691294796270228 ) ) ;
#9410 = CARTESIAN_POINT ( 'NONE',  ( 18.35170125655846007, -22.48740425352334071, -43.52524010806523336 ) ) ;
#9411 = LINE ( 'NONE', #5579, #3629 ) ;
#9412 = VECTOR ( 'NONE', #6271, 1000.000000000000000 ) ;
#9413 = EDGE_LOOP ( 'NONE', ( #2489, #3118, #5364, #5108, #9575, #2469, #289, #6369 ) ) ;
#9414 = CARTESIAN_POINT ( 'NONE',  ( 15.85335885098619180, -51.05618493778426625, 19.83342247613187581 ) ) ;
#9415 = ORIENTED_EDGE ( 'NONE', *, *, #1890, .T. ) ;
#9416 = CARTESIAN_POINT ( 'NONE',  ( 19.70587717807101313, -53.26017125042110223, -9.692708658641736363 ) ) ;
#9417 = CARTESIAN_POINT ( 'NONE',  ( 12.90344724439099089, -14.08299143896135952, -21.45415325660138350 ) ) ;
#9418 = CARTESIAN_POINT ( 'NONE',  ( 20.56914544263591793, -53.48274671821675952, 21.86954957112186193 ) ) ;
#9419 = CARTESIAN_POINT ( 'NONE',  ( 1.406703337988063351, -122.2705011474578640, 18.42123019163082631 ) ) ;
#9420 = CARTESIAN_POINT ( 'NONE',  ( 20.31250427573939987, 14.58945646947133667, -21.59407084787800102 ) ) ;
#9421 = EDGE_CURVE ( 'NONE', #1264, #7704, #5141, .T. ) ;
#9422 = CARTESIAN_POINT ( 'NONE',  ( 12.40000000000000036, -54.59318299741923397, -3.567911001065602328 ) ) ;
#9423 = DIRECTION ( 'NONE',  ( 0.000000000000000000, 0.000000000000000000, -1.000000000000000000 ) ) ;
#9424 = LINE ( 'NONE', #7338, #7705 ) ;
#9425 = ADVANCED_FACE ( 'NONE', ( #4668 ), #4047, .T. ) ;
#9426 = ORIENTED_EDGE ( 'NONE', *, *, #4278, .T. ) ;
#9427 = EDGE_CURVE ( 'NONE', #5605, #326, #2448, .T. ) ;
#9428 = CARTESIAN_POINT ( 'NONE',  ( 12.51740564846255310, -60.78199015118484283, 26.67643657872799778 ) ) ;
#9429 = CARTESIAN_POINT ( 'NONE',  ( 15.00000000000000000, -131.2712852580012282, 35.24213764297361706 ) ) ;
#9430 = CARTESIAN_POINT ( 'NONE',  ( 13.96923722205835894, -55.36107416088417210, -10.49493608714502990 ) ) ;
#9431 = CARTESIAN_POINT ( 'NONE',  ( 14.79017144655776761, -40.65867546304505709, -19.99100612921739994 ) ) ;
#9432 = B_SPLINE_CURVE_WITH_KNOTS ( 'NONE', 3,
 ( #2197, #5303, #7546, #3026 ),
 .UNSPECIFIED., .F., .F.,
 ( 4, 4 ),
 ( 0.000000000000000000, 1.000000000000000000 ),
 .UNSPECIFIED. ) ;
#9433 = CARTESIAN_POINT ( 'NONE',  ( 14.43859442842109431, -13.31766496379046139, -21.29634816116375262 ) ) ;
#9434 = EDGE_CURVE ( 'NONE', #3713, #6817, #1815, .T. ) ;
#9435 = CARTESIAN_POINT ( 'NONE',  ( -14.09999999999999964, -41.79580004548980554, 2.275940779262466851 ) ) ;
#9436 = CARTESIAN_POINT ( 'NONE',  ( 20.59516326873255210, -29.44399749048294268, -27.59095938750329324 ) ) ;
#9437 = VERTEX_POINT ( 'NONE', #5551 ) ;
#9438 = CARTESIAN_POINT ( 'NONE',  ( 11.83089227753898420, 16.03851394074840897, -44.00664671836045727 ) ) ;
#9439 = CARTESIAN_POINT ( 'NONE',  ( 14.00527691109849293, 14.85090308813566828, -21.78799302428050666 ) ) ;
#9440 = LINE ( 'NONE', #2110, #7975 ) ;
#9441 = DIRECTION ( 'NONE',  ( 0.000000000000000000, 0.3420201433256692680, 0.9396926207859083169 ) ) ;
#9442 = CARTESIAN_POINT ( 'NONE',  ( 13.93495986703311473, -13.82426844936565047, -21.83806838663144489 ) ) ;
#9443 = CARTESIAN_POINT ( 'NONE',  ( 21.44998560302131807, -44.51097948983787234, -18.15861415405512602 ) ) ;
#9444 = CARTESIAN_POINT ( 'NONE',  ( -18.44999999999999929, 29.59942153318571556, -6.336145902737852609 ) ) ;
#9445 = ORIENTED_EDGE ( 'NONE', *, *, #3963, .T. ) ;
#9446 = DIRECTION ( 'NONE',  ( 0.000000000000000000, -0.3420201433256638834, -0.9396926207859100932 ) ) ;
#9447 = ORIENTED_EDGE ( 'NONE', *, *, #2398, .T. ) ;
#9448 = DIRECTION ( 'NONE',  ( 0.000000000000000000, 0.000000000000000000, 1.000000000000000000 ) ) ;
#9449 = ORIENTED_EDGE ( 'NONE', *, *, #5891, .T. ) ;
#9450 = FACE_OUTER_BOUND ( 'NONE', #8749, .T. ) ;
#9451 = PLANE ( 'NONE',  #8160 ) ;
#9452 = EDGE_CURVE ( 'NONE', #8849, #2173, #8507, .T. ) ;
#9453 = CARTESIAN_POINT ( 'NONE',  ( 12.76434418698922890, -14.54495717110405373, -43.86643703134499361 ) ) ;
#9454 = VECTOR ( 'NONE', #637, 1000.000000000000114 ) ;
#9455 = CARTESIAN_POINT ( 'NONE',  ( 23.27571853493772025, 29.28424445235364715, -15.37238470648538602 ) ) ;
#9456 = CARTESIAN_POINT ( 'NONE',  ( -12.75000000000000000, -79.93222011369321933, 15.70936642126634375 ) ) ;
#9457 = ORIENTED_EDGE ( 'NONE', *, *, #2297, .T. ) ;
#9458 = CARTESIAN_POINT ( 'NONE',  ( 18.98720046810804263, -43.92627999506779446, 13.85072186836949726 ) ) ;
#9459 = VERTEX_POINT ( 'NONE', #8559 ) ;
#9460 = VECTOR ( 'NONE', #3433, 1000.000000000000000 ) ;
#9461 = ORIENTED_EDGE ( 'NONE', *, *, #2614, .T. ) ;
#9462 = VECTOR ( 'NONE', #3841, 1000.000000000000000 ) ;
#9463 = LINE ( 'NONE', #4360, #4543 ) ;
#9464 = LINE ( 'NONE', #38, #3928 ) ;
#9465 = LINE ( 'NONE', #2820, #7360 ) ;
#9466 = CARTESIAN_POINT ( 'NONE',  ( 14.09900358748084237, -53.23423536937384171, -12.27956573267485396 ) ) ;
#9467 = DIRECTION ( 'NONE',  ( 0.000000000000000000, 0.000000000000000000, 1.000000000000000000 ) ) ;
#9468 = AXIS2_PLACEMENT_3D ( 'NONE', #4175, #7102, #2580 ) ;
#9469 = CARTESIAN_POINT ( 'NONE',  ( -2.499999999999999781E-05, -14.46246350426197758, -23.29634816116374907 ) ) ;
#9470 = ORIENTED_EDGE ( 'NONE', *, *, #3264, .T. ) ;
#9471 = DIRECTION ( 'NONE',  ( 0.000000000000000000, -0.3420201433256729873, -0.9396926207859068736 ) ) ;
#9472 = CARTESIAN_POINT ( 'NONE',  ( 12.61363054235028081, -60.48818250822341014, 26.51563360350850473 ) ) ;
#9473 = CARTESIAN_POINT ( 'NONE',  ( 15.00000000000000000, -122.3442200681275409, 32.30174611396969908 ) ) ;
#9474 = CARTESIAN_POINT ( 'NONE',  ( 1.300011015784769519, -124.4758996252395917, 18.76861490077999761 ) ) ;
#9475 = CARTESIAN_POINT ( 'NONE',  ( 19.36752148022168640, -59.39620614809700783, 19.58958941567368939 ) ) ;
#9476 = EDGE_CURVE ( 'NONE', #8849, #4600, #1860, .T. ) ;
#9477 = CARTESIAN_POINT ( 'NONE',  ( 15.18078499854731689, -83.60236759272900997, 28.05987496164667405 ) ) ;
#9478 = CARTESIAN_POINT ( 'NONE',  ( 22.40693893348466403, -42.79951422050754672, -10.87523479808944593 ) ) ;
#9479 = EDGE_CURVE ( 'NONE', #7004, #8418, #5050, .T. ) ;
#9480 = CARTESIAN_POINT ( 'NONE',  ( 10.11934043446934162, -68.73457365230237315, 30.15044965656466047 ) ) ;
#9481 = ADVANCED_FACE ( 'NONE', ( #3948 ), #3277, .T. ) ;
#9482 = CARTESIAN_POINT ( 'NONE',  ( 15.16851115981162401, -36.02640488150435516, -21.96031132937099173 ) ) ;
#9483 = ORIENTED_EDGE ( 'NONE', *, *, #7973, .F. ) ;
#9484 = CARTESIAN_POINT ( 'NONE',  ( 1.276495562076102264, -125.0994693662033654, 18.86683687530353026 ) ) ;
#9485 = CARTESIAN_POINT ( 'NONE',  ( 13.80894242177035736, 14.97176657665719191, -21.90241772914626850 ) ) ;
#9486 = DIRECTION ( 'NONE',  ( -0.000000000000000000, -0.9396926207859072067, 0.3420201433256719326 ) ) ;
#9487 = DIRECTION ( 'NONE',  ( 0.000000000000000000, -0.9396926207859083169, 0.3420201433256692680 ) ) ;
#9488 = CARTESIAN_POINT ( 'NONE',  ( -21.44999999999999574, -39.33069177476031086, 1.248673103258287842 ) ) ;
#9489 = LINE ( 'NONE', #2848, #7030 ) ;
#9490 = CARTESIAN_POINT ( 'NONE',  ( 23.44999999999999929, 28.00606868581682107, -15.09249165174121643 ) ) ;
#9491 = AXIS2_PLACEMENT_3D ( 'NONE', #221, #1724, #4670 ) ;
#9492 = VERTEX_POINT ( 'NONE', #4817 ) ;
#9493 = LINE ( 'NONE', #3436, #5430 ) ;
#9494 = ORIENTED_EDGE ( 'NONE', *, *, #9182, .T. ) ;
#9495 = CARTESIAN_POINT ( 'NONE',  ( 1.156787622622386991, -128.2057319404362659, 19.50043882348488467 ) ) ;
#9496 = VERTEX_POINT ( 'NONE', #365 ) ;
#9497 = CARTESIAN_POINT ( 'NONE',  ( 12.42124526999635670, -15.07919720534171582, -44.74120944711072667 ) ) ;
#9498 = VECTOR ( 'NONE', #3852, 1000.000000000000000 ) ;
#9499 =( BOUNDED_SURFACE ( )  B_SPLINE_SURFACE ( 2, 3, ( 
 ( #4067, #7089, #3198, #4691 ),
 ( #7044, #389, #2517, #8432 ),
 ( #1931, #4888, #3920, #9117 ) ),
 .UNSPECIFIED., .F., .F., .F. ) 
 B_SPLINE_SURFACE_WITH_KNOTS ( ( 3, 3 ),
 ( 4, 4 ),
 ( 0.000000000000000000, 1.000000000000000000 ),
 ( 0.1536338434959553800, 0.1781624861937160520 ),
 .UNSPECIFIED. ) 
 GEOMETRIC_REPRESENTATION_ITEM ( )  RATIONAL_B_SPLINE_SURFACE ( (
 ( 1.000000000000000000, 1.000000000000000000, 1.000000000000000000, 1.000000000000000000),
 ( 0.7071067811865474617, 0.7071067811865474617, 0.7071067811865475727, 0.7071067811865475727),
 ( 1.000000000000000000, 1.000000000000000000, 1.000000000000000000, 1.000000000000000000) ) ) 
 REPRESENTATION_ITEM ( '' )  SURFACE ( )  );
#9500 = CARTESIAN_POINT ( 'NONE',  ( 12.33894388107201578, -15.20400515120358165, -44.85201048773352284 ) ) ;
#9501 = AXIS2_PLACEMENT_3D ( 'NONE', #2165, #8772, #4348 ) ;
#9502 = CARTESIAN_POINT ( 'NONE',  ( 17.08598001758565843, -24.21307569936098503, -43.46198311078345000 ) ) ;
#9503 = CARTESIAN_POINT ( 'NONE',  ( 6.000000000000000000, -81.25785408221126715, 11.93452027621733080 ) ) ;
#9504 = EDGE_CURVE ( 'NONE', #8944, #4600, #414, .T. ) ;
#9505 = VECTOR ( 'NONE', #2287, 1000.000000000000000 ) ;
#9506 = VERTEX_POINT ( 'NONE', #6925 ) ;
#9507 = CARTESIAN_POINT ( 'NONE',  ( 17.92762867050855036, -46.06048998540061490, 15.64153668411262110 ) ) ;
#9508 = EDGE_CURVE ( 'NONE', #3174, #908, #753, .T. ) ;
#9509 = VERTEX_POINT ( 'NONE', #415 ) ;
#9510 = ORIENTED_EDGE ( 'NONE', *, *, #2301, .F. ) ;
#9511 = VECTOR ( 'NONE', #3639, 1000.000000000000114 ) ;
#9512 = CARTESIAN_POINT ( 'NONE',  ( 16.79573350745395999, -20.52865945483208776, -45.29634816116374907 ) ) ;
#9513 = CARTESIAN_POINT ( 'NONE',  ( 0.000000000000000000, 29.59942153318571556, -6.336145902737852609 ) ) ;
#9514 = CARTESIAN_POINT ( 'NONE',  ( 0.000000000000000000, -1.840670683269387320, -10.43896218192943337 ) ) ;
#9515 = DIRECTION ( 'NONE',  ( 0.000000000000000000, 0.7046202942141588377, -0.7095845552022339575 ) ) ;
#9516 = DIRECTION ( 'NONE',  ( -0.000000000000000000, 0.9848077530122093526, -0.1736481776669230592 ) ) ;
#9517 = VECTOR ( 'NONE', #5532, 999.9999999999998863 ) ;
#9518 = DIRECTION ( 'NONE',  ( 0.000000000000000000, -0.9063077870366528233, -0.4226182617406932240 ) ) ;
#9519 = ORIENTED_EDGE ( 'NONE', *, *, #8673, .F. ) ;
#9520 = CARTESIAN_POINT ( 'NONE',  ( 16.71357448095990250, -15.42613839582857871, -45.02070182457612191 ) ) ;
#9521 = CARTESIAN_POINT ( 'NONE',  ( 6.550000000000000711, 4.342918429551589909, -8.483015944477600101 ) ) ;
#9522 = PRODUCT_CONTEXT ( 'NONE', #8656, 'mechanical' ) ;
#9523 = CIRCLE ( 'NONE', #3006, 6.000000000000001776 ) ;
#9524 = CARTESIAN_POINT ( 'NONE',  ( 0.000000000000000000, -133.7038235893525382, 48.66421199410356735 ) ) ;
#9525 = CARTESIAN_POINT ( 'NONE',  ( 20.01577414824416579, 15.47356965032319920, -22.77778230630703504 ) ) ;
#9526 = CARTESIAN_POINT ( 'NONE',  ( -12.75000000000000000, -76.37521062310625553, 25.48216967743977079 ) ) ;
#9527 = CARTESIAN_POINT ( 'NONE',  ( 20.07723803239859706, -66.61147657565314262, -1.638222650135845893 ) ) ;
#9528 = FACE_OUTER_BOUND ( 'NONE', #4116, .T. ) ;
#9529 = DIRECTION ( 'NONE',  ( 0.000000000000000000, -0.6801788427515240709, -0.7330462071883311337 ) ) ;
#9530 = VERTEX_POINT ( 'NONE', #8458 ) ;
#9531 = CARTESIAN_POINT ( 'NONE',  ( 0.000000000000000000, 26.53753649573820184, -45.29634816116374196 ) ) ;
#9532 = B_SPLINE_CURVE_WITH_KNOTS ( 'NONE', 3,
 ( #2257, #8132, #1637, #1585, #3136, #2941, #5217, #8862, #4535, #1491, #909, #130, #4444, #8179, #4588, #9056, #3860, #179, #2653, #4779, #4105, #4678, #5412, #5607, #9108, #8370, #6886, #1107, #1733, #1160, #9204, #4058, #329, #7753, #5560, #3383, #228, #8419, #9299, #2559, #2459, #7032 ),
 .UNSPECIFIED., .F., .F.,
 ( 4, 2, 2, 1, 1, 1, 2, 2, 2, 1, 1, 1, 1, 1, 2, 2, 1, 1, 1, 2, 2, 2, 1, 1, 1, 2, 2, 4 ),
 ( 0.000000000000000000, 0.06250000000011285417, 0.09375000000016772694, 0.1093750000001951633, 0.1171875000002075423, 0.1210937500002124828, 0.1230468750002137179, 0.1250000000002149392, 0.1875000000002384482, 0.2187500000002501332, 0.2343750000002559342, 0.2421875000002602363, 0.2460937500002611245, 0.2480468750002616241, 0.2490234375002618183, 0.2500000000002620126, 0.3750000000002031708, 0.4375000000001748601, 0.4687500000001606493, 0.4843750000001545986, 0.5000000000001484368, 0.6250000000001040279, 0.6875000000000827116, 0.7187500000000722755, 0.7343750000000659472, 0.7421875000000638378, 0.7500000000000617284, 1.000000000000000000 ),
 .UNSPECIFIED. ) ;
#9533 = CARTESIAN_POINT ( 'NONE',  ( 15.00455547365310593, -93.49724588894035548, 20.00814953026694454 ) ) ;
#9534 = CARTESIAN_POINT ( 'NONE',  ( 21.99412637291754891, -55.74427508611636028, 1.107958599410562961 ) ) ;
#9535 = DIRECTION ( 'NONE',  ( 0.000000000000000000, 0.9396926207859083169, -0.3420201433256687684 ) ) ;
#9536 = DIRECTION ( 'NONE',  ( 1.000000000000000000, -0.000000000000000000, 0.000000000000000000 ) ) ;
#9537 = AXIS2_PLACEMENT_3D ( 'NONE', #87, #2261, #2309 ) ;
#9538 = EDGE_CURVE ( 'NONE', #8418, #3349, #6497, .T. ) ;
#9539 = CARTESIAN_POINT ( 'NONE',  ( 23.24788440070073747, -40.58965194497847762, 8.540586710704555884 ) ) ;
#9540 = ORIENTED_EDGE ( 'NONE', *, *, #5119, .T. ) ;
#9541 = ORIENTED_EDGE ( 'NONE', *, *, #6970, .F. ) ;
#9542 = CARTESIAN_POINT ( 'NONE',  ( 17.53603792507632164, 17.09967101497104025, -45.26056975054994069 ) ) ;
#9543 = VERTEX_POINT ( 'NONE', #9096 ) ;
#9544 = CARTESIAN_POINT ( 'NONE',  ( 0.000000000000000000, -48.42838073599382653, -12.48934260663897966 ) ) ;
#9545 = ORIENTED_EDGE ( 'NONE', *, *, #8021, .F. ) ;
#9546 = DIRECTION ( 'NONE',  ( -1.000000000000000000, 9.292156304918831372E-17, 2.552998962580734451E-16 ) ) ;
#9547 = CARTESIAN_POINT ( 'NONE',  ( 5.785511251114844100, -85.89756278093665287, 38.25674281451664882 ) ) ;
#9548 = CARTESIAN_POINT ( 'NONE',  ( 12.69974704065237958, -14.64734304873423199, -44.13710770113250703 ) ) ;
#9549 = CARTESIAN_POINT ( 'NONE',  ( 21.44999999999999574, -38.54927497525915925, 5.680307991813230650 ) ) ;
#9550 = AXIS2_PLACEMENT_3D ( 'NONE', #1999, #4185, #2636 ) ;
#9551 = ORIENTED_EDGE ( 'NONE', *, *, #9199, .T. ) ;
#9552 = CARTESIAN_POINT ( 'NONE',  ( 19.08278158033597194, -43.73773774080759580, 13.69251613235846143 ) ) ;
#9554 = EDGE_CURVE ( 'NONE', #5844, #3711, #9399, .T. ) ;
#9553 = ORIENTED_EDGE ( 'NONE', *, *, #6879, .T. ) ;
#9555 = EDGE_LOOP ( 'NONE', ( #9415, #3682, #5758, #6050 ) ) ;
#9556 = CARTESIAN_POINT ( 'NONE',  ( 6.000000000000000000, -39.23241120174885310, 6.648580071770402888 ) ) ;
#9557 = ADVANCED_FACE ( 'NONE', ( #5736 ), #5643, .F. ) ;
#9558 = CARTESIAN_POINT ( 'NONE',  ( 2.145093975817636167, -111.0393593020983616, 15.51687493251834482 ) ) ;
#9559 = AXIS2_PLACEMENT_3D ( 'NONE', #5993, #6040, #799 ) ;
#9560 = CARTESIAN_POINT ( 'NONE',  ( 7.720265905286797015, -76.93082128496982364, 33.83953694420100788 ) ) ;
#9561 = AXIS2_PLACEMENT_3D ( 'NONE', #6420, #5635, #7927 ) ;
#9562 = DIRECTION ( 'NONE',  ( -0.000000000000000000, 0.7617614198329734077, 0.6478576535428539618 ) ) ;
#9563 = EDGE_CURVE ( 'NONE', #6225, #82, #2828, .T. ) ;
#9564 = DIRECTION ( 'NONE',  ( 1.000000000000000000, -0.000000000000000000, -0.000000000000000000 ) ) ;
#9565 = CARTESIAN_POINT ( 'NONE',  ( 0.000000000000000000, -122.9523421383642585, 24.82271701201960923 ) ) ;
#9566 = ORIENTED_EDGE ( 'NONE', *, *, #3038, .F. ) ;
#9567 = DIRECTION ( 'NONE',  ( 0.000000000000000000, 0.1736481776669232813, 0.9848077530122092416 ) ) ;
#9568 = CARTESIAN_POINT ( 'NONE',  ( 0.000000000000000000, 20.03753649573828710, -44.29634816116374907 ) ) ;
#9569 = CARTESIAN_POINT ( 'NONE',  ( 22.63306085348309082, 13.48663614815320777, -19.00767794529166110 ) ) ;
#9570 = LINE ( 'NONE', #2283, #4647 ) ;
#9571 = EDGE_CURVE ( 'NONE', #1681, #4359, #4427, .T. ) ;
#9572 = FACE_OUTER_BOUND ( 'NONE', #93, .T. ) ;
#9573 = LINE ( 'NONE', #3021, #370 ) ;
#9574 = CARTESIAN_POINT ( 'NONE',  ( 21.06168536980207406, -25.12287346862336790, -24.65506789210489558 ) ) ;
#9575 = ORIENTED_EDGE ( 'NONE', *, *, #7473, .F. ) ;
#9576 = CARTESIAN_POINT ( 'NONE',  ( 19.46983513285247369, -14.02567282460790743, -22.04837078100013059 ) ) ;
#9577 = CARTESIAN_POINT ( 'NONE',  ( 4.180432383163850574, 33.30658419671814130, -14.10563410239939941 ) ) ;
#9578 = DIRECTION ( 'NONE',  ( 0.000000000000000000, -0.1736481776669232813, -0.9848077530122092416 ) ) ;
#9579 = CARTESIAN_POINT ( 'NONE',  ( 20.34192880819632521, -56.50721602861135295, 17.45754806484924515 ) ) ;
#9580 = CARTESIAN_POINT ( 'NONE',  ( 15.00000000000000000, -97.32905345800139685, 22.65464214024241940 ) ) ;
#9581 = CARTESIAN_POINT ( 'NONE',  ( 3.681059739513669715, -97.60548503922161956, 43.45829305382520147 ) ) ;
#9582 = CARTESIAN_POINT ( 'NONE',  ( 23.24102373346937256, -40.68695366580060835, 8.581207371638260639 ) ) ;
#9583 = ORIENTED_EDGE ( 'NONE', *, *, #7777, .F. ) ;
#9584 = CARTESIAN_POINT ( 'NONE',  ( 17.43086874078286286, 15.98179683303996335, -44.57279587168127222 ) ) ;
#9585 = ORIENTED_EDGE ( 'NONE', *, *, #4086, .T. ) ;
#9586 = DIRECTION ( 'NONE',  ( 0.000000000000000000, -0.9878205908619593911, 0.1555971730756354199 ) ) ;
#9587 = ORIENTED_EDGE ( 'NONE', *, *, #5876, .F. ) ;
#9588 = EDGE_CURVE ( 'NONE', #242, #3435, #6386, .T. ) ;
#9589 = CARTESIAN_POINT ( 'NONE',  ( 12.64917018674672455, -14.72690238310443789, -44.29028306431042239 ) ) ;
#9590 = CARTESIAN_POINT ( 'NONE',  ( 6.826964507114936964, -80.63512390836481813, 35.66435449925663903 ) ) ;
#9591 = CARTESIAN_POINT ( 'NONE',  ( 9.757152374709427534, -68.45471254841437769, -0.6361167565398309076 ) ) ;
#9592 = CARTESIAN_POINT ( 'NONE',  ( 19.46597536661066741, 23.09870286093386937, -43.53424147534651212 ) ) ;
#9593 = EDGE_CURVE ( 'NONE', #7807, #6638, #8609, .T. ) ;
#9594 = EDGE_CURVE ( 'NONE', #3944, #3233, #6430, .T. ) ;
#9595 = EDGE_LOOP ( 'NONE', ( #5760, #7883, #438, #678 ) ) ;
#9596 = DIRECTION ( 'NONE',  ( -0.000000000000000000, -0.9396926207859083169, 0.3420201433256692680 ) ) ;
#9597 = VERTEX_POINT ( 'NONE', #5693 ) ;
#9598 = ORIENTED_EDGE ( 'NONE', *, *, #4315, .F. ) ;
ENDSEC;
END-ISO-10303-21;
