ISO-10303-21;
HEADER;
FILE_DESCRIPTION (( 'STEP AP214' ),
    '1' );
FILE_NAME ('ThermallerPSUCover.STEP',
    '2026-05-27T09:46:01',
    ( '' ),
    ( '' ),
    'SwSTEP 2.0',
    'SolidWorks 2025',
    '' );
FILE_SCHEMA (( 'AUTOMOTIVE_DESIGN' ));
ENDSEC;

DATA;
#1 = EDGE_CURVE ( 'NONE', #106, #2015, #1068, .T. ) ;
#2 = LINE ( 'NONE', #1265, #1366 ) ;
#3 = CIRCLE ( 'NONE', #2188, 0.7499999999999967804 ) ;
#4 = ORIENTED_EDGE ( 'NONE', *, *, #290, .F. ) ;
#5 = CARTESIAN_POINT ( 'NONE',  ( -13.00005291477619274, -140.1802800837029110, 38.17980501820310479 ) ) ;
#6 = EDGE_CURVE ( 'NONE', #613, #206, #627, .T. ) ;
#7 = AXIS2_PLACEMENT_3D ( 'NONE', #1089, #1804, #2148 ) ;
#8 = DIRECTION ( 'NONE',  ( -8.854317741964942360E-16, 0.3420201433256687684, 0.9396926207859083169 ) ) ;
#9 = DIRECTION ( 'NONE',  ( 1.000000000000000000, 4.116847478378710477E-15, 1.131094548618418962E-14 ) ) ;
#10 = EDGE_LOOP ( 'NONE', ( #981, #1172, #202, #1064, #715 ) ) ;
#11 = CYLINDRICAL_SURFACE ( 'NONE', #772, 0.7499999999999967804 ) ;
#12 = DIRECTION ( 'NONE',  ( 0.000000000000000000, -0.3420201433256649381, -0.9396926207859097602 ) ) ;
#13 = DIRECTION ( 'NONE',  ( 0.000000000000000000, 0.3420201433256705448, 0.9396926207859077618 ) ) ;
#14 = ORIENTED_EDGE ( 'NONE', *, *, #1614, .F. ) ;
#15 = VECTOR ( 'NONE', #964, 1000.000000000000114 ) ;
#17 = CARTESIAN_POINT ( 'NONE',  ( -14.33333333333334281, -138.6581150768836039, 38.46351313623917889 ) ) ;
#16 = DIRECTION ( 'NONE',  ( 0.000000000000000000, -0.3420201433256762624, -0.9396926207859057634 ) ) ;
#18 = CYLINDRICAL_SURFACE ( 'NONE', #2047, 0.9999999999999995559 ) ;
#19 = ORIENTED_EDGE ( 'NONE', *, *, #82, .F. ) ;
#20 = CARTESIAN_POINT ( 'NONE',  ( -3.900000000000001688, -141.1250362807415115, 32.07554341975423995 ) ) ;
#21 = ADVANCED_FACE ( 'NONE', ( #753 ), #1972, .F. ) ;
#22 = AXIS2_PLACEMENT_3D ( 'NONE', #1696, #1155, #968 ) ;
#23 = AXIS2_PLACEMENT_3D ( 'NONE', #1006, #1579, #2301 ) ;
#24 = CARTESIAN_POINT ( 'NONE',  ( 15.00000000000000000, -137.9852258486298524, 38.36305816321863915 ) ) ;
#25 = ORIENTED_EDGE ( 'NONE', *, *, #2257, .F. ) ;
#26 = EDGE_CURVE ( 'NONE', #1800, #286, #1462, .T. ) ;
#27 = CARTESIAN_POINT ( 'NONE',  ( -10.50000000000001066, -127.0980230657944361, 38.46324807659468092 ) ) ;
#28 = CIRCLE ( 'NONE', #1535, 0.7499999999999967804 ) ;
#29 = CYLINDRICAL_SURFACE ( 'NONE', #2076, 14.00000000000000355 ) ;
#30 = VECTOR ( 'NONE', #1767, 1000.000000000000000 ) ;
#31 = CARTESIAN_POINT ( 'NONE',  ( 8.649999999999879563, -138.1411693622329722, 39.39650908096520254 ) ) ;
#32 = ORIENTED_EDGE ( 'NONE', *, *, #1570, .F. ) ;
#33 = CARTESIAN_POINT ( 'NONE',  ( 7.800000000000002487, 41.11190327484445817, -28.71955374537346728 ) ) ;
#34 = DIRECTION ( 'NONE',  ( 0.000000000000000000, -0.3420201433256645496, -0.9396926207859098712 ) ) ;
#35 = EDGE_CURVE ( 'NONE', #1179, #1575, #213, .T. ) ;
#36 = CARTESIAN_POINT ( 'NONE',  ( -9.750000000000012434, -138.5588498777673863, 42.63464789623286322 ) ) ;
#37 = ORIENTED_EDGE ( 'NONE', *, *, #217, .T. ) ;
#38 = CARTESIAN_POINT ( 'NONE',  ( 5.100000000000001421, -141.1250362807415115, 32.07554341975423995 ) ) ;
#39 = AXIS2_PLACEMENT_3D ( 'NONE', #1863, #781, #2195 ) ;
#40 = FACE_OUTER_BOUND ( 'NONE', #1525, .T. ) ;
#41 = CARTESIAN_POINT ( 'NONE',  ( -7.800000000000002487, 41.11190327484445817, -28.71955374537346728 ) ) ;
#42 = AXIS2_PLACEMENT_3D ( 'NONE', #763, #1311, #607 ) ;
#43 = SURFACE_SIDE_STYLE ('',( #1084 ) ) ;
#44 = DIRECTION ( 'NONE',  ( -0.000000000000000000, -0.9396926207859082059, 0.3420201433256692125 ) ) ;
#45 = EDGE_CURVE ( 'NONE', #1998, #896, #1114, .T. ) ;
#46 = DIRECTION ( 'NONE',  ( -1.000000000000000000, 0.000000000000000000, 1.156482317317891841E-15 ) ) ;
#47 = ORIENTED_EDGE ( 'NONE', *, *, #1150, .T. ) ;
#48 = CYLINDRICAL_SURFACE ( 'NONE', #366, 14.00000000000000000 ) ;
#49 = DIRECTION ( 'NONE',  ( 1.000000000000000000, 0.000000000000000000, 0.000000000000000000 ) ) ;
#50 = DIRECTION ( 'NONE',  ( 0.000000000000000000, 0.000000000000000000, -1.000000000000000000 ) ) ;
#51 = FACE_OUTER_BOUND ( 'NONE', #93, .T. ) ;
#52 = VERTEX_POINT ( 'NONE', #38 ) ;
#53 = VERTEX_POINT ( 'NONE', #940 ) ;
#54 = CARTESIAN_POINT ( 'NONE',  ( -9.201010126776665743, -142.3727122354947880, 24.84663618706118271 ) ) ;
#55 = LINE ( 'NONE', #444, #1415 ) ;
#56 = ADVANCED_FACE ( 'NONE', ( #1825 ), #48, .T. ) ;
#57 = FACE_OUTER_BOUND ( 'NONE', #1897, .T. ) ;
#58 = AXIS2_PLACEMENT_3D ( 'NONE', #1976, #2199, #548 ) ;
#59 = FACE_BOUND ( 'NONE', #1915, .T. ) ;
#60 = AXIS2_PLACEMENT_3D ( 'NONE', #1372, #2087, #1664 ) ;
#61 = ORIENTED_EDGE ( 'NONE', *, *, #936, .F. ) ;
#62 = DIRECTION ( 'NONE',  ( 1.000000000000000000, 0.000000000000000000, 0.000000000000000000 ) ) ;
#63 = DIRECTION ( 'NONE',  ( 9.888506198066339927E-17, -0.9396926207859097602, 0.3420201433256649381 ) ) ;
#64 = EDGE_CURVE ( 'NONE', #101, #1534, #1471, .T. ) ;
#65 =( LENGTH_UNIT ( ) NAMED_UNIT ( * ) SI_UNIT ( .MILLI., .METRE. ) );
#66 = AXIS2_PLACEMENT_3D ( 'NONE', #27, #1123, #2162 ) ;
#67 = VERTEX_POINT ( 'NONE', #1077 ) ;
#68 = AXIS2_PLACEMENT_3D ( 'NONE', #1754, #312, #1008 ) ;
#69 = VERTEX_POINT ( 'NONE', #1646 ) ;
#70 = CARTESIAN_POINT ( 'NONE',  ( 14.75734335413566356, -138.9445409791860584, 35.80079128318514137 ) ) ;
#71 = CARTESIAN_POINT ( 'NONE',  ( 2.650000000000016787, -138.1411693622329722, 39.39650908096520254 ) ) ;
#72 = EDGE_CURVE ( 'NONE', #1153, #1050, #258, .T. ) ;
#73 = DIRECTION ( 'NONE',  ( -0.000000000000000000, -0.9396926207859082059, 0.3420201433256692125 ) ) ;
#74 = ORIENTED_EDGE ( 'NONE', *, *, #507, .T. ) ;
#75 = DIRECTION ( 'NONE',  ( 0.000000000000000000, -0.3420201433256762624, -0.9396926207859057634 ) ) ;
#76 = PLANE ( 'NONE',  #1118 ) ;
#77 = ORIENTED_EDGE ( 'NONE', *, *, #2120, .T. ) ;
#78 = DIRECTION ( 'NONE',  ( 0.000000000000000000, 0.3420201433256816470, 0.9396926207859037650 ) ) ;
#79 = LINE ( 'NONE', #1851, #1997 ) ;
#80 = CARTESIAN_POINT ( 'NONE',  ( -15.00000000000000000, -137.3122019013480326, 40.21217626112758836 ) ) ;
#81 = ORIENTED_EDGE ( 'NONE', *, *, #35, .F. ) ;
#82 = EDGE_CURVE ( 'NONE', #633, #160, #2250, .T. ) ;
#83 = ORIENTED_EDGE ( 'NONE', *, *, #2064, .F. ) ;
#84 = ORIENTED_EDGE ( 'NONE', *, *, #1405, .F. ) ;
#85 = DIRECTION ( 'NONE',  ( 0.000000000000000000, -0.3420201433256571111, -0.9396926207859126468 ) ) ;
#86 = DIRECTION ( 'NONE',  ( -1.000000000000000000, 0.000000000000000000, -0.000000000000000000 ) ) ;
#87 = VECTOR ( 'NONE', #807, 1000.000000000000227 ) ;
#88 = CARTESIAN_POINT ( 'NONE',  ( -2.400000000000011458, -138.5588498777673863, 42.63464789623286322 ) ) ;
#89 = ORIENTED_EDGE ( 'NONE', *, *, #64, .T. ) ;
#90 = FACE_BOUND ( 'NONE', #979, .T. ) ;
#91 = ORIENTED_EDGE ( 'NONE', *, *, #1500, .F. ) ;
#92 = DIRECTION ( 'NONE',  ( -0.000000000000000000, 0.3420201433256671586, 0.9396926207859089830 ) ) ;
#93 = EDGE_LOOP ( 'NONE', ( #4, #148, #1059, #1147 ) ) ;
#94 = EDGE_LOOP ( 'NONE', ( #1955, #1322, #1688, #319 ) ) ;
#95 = CARTESIAN_POINT ( 'NONE',  ( 14.99999999999999822, -138.2463359791026392, 37.66293045444131593 ) ) ;
#96 = CARTESIAN_POINT ( 'NONE',  ( -4.350000000000012079, -127.8846693954434954, 36.30195504878702195 ) ) ;
#97 = CARTESIAN_POINT ( 'NONE',  ( 3.900000000000001688, 38.92297435756017165, -34.73358651840329969 ) ) ;
#98 = ORIENTED_EDGE ( 'NONE', *, *, #749, .F. ) ;
#99 = CARTESIAN_POINT ( 'NONE',  ( -4.350000000000012079, -139.6020113149106976, 39.76858540283577526 ) ) ;
#100 =( BOUNDED_CURVE ( )  B_SPLINE_CURVE ( 3, ( #422, #255, #793, #270 ),
 .UNSPECIFIED., .F., .T. ) 
 B_SPLINE_CURVE_WITH_KNOTS ( ( 4, 4 ),
 ( 1.570796326794896558, 3.141592653589793116 ),
 .UNSPECIFIED. ) 
 CURVE ( )  GEOMETRIC_REPRESENTATION_ITEM ( )  RATIONAL_B_SPLINE_CURVE ( ( 1.000000000000000000, 0.8047378541243649375, 0.8047378541243649375, 1.000000000000000000 ) ) 
 REPRESENTATION_ITEM ( '' )  );
#101 = VERTEX_POINT ( 'NONE', #1103 ) ;
#102 = EDGE_CURVE ( 'NONE', #440, #805, #1806, .T. ) ;
#103 = VECTOR ( 'NONE', #2059, 999.9999999999998863 ) ;
#104 = DIRECTION ( 'NONE',  ( 0.000000000000000000, 0.3420201433256683798, 0.9396926207859085389 ) ) ;
#105 = EDGE_CURVE ( 'NONE', #831, #1792, #2284, .T. ) ;
#106 = VERTEX_POINT ( 'NONE', #1028 ) ;
#107 = ORIENTED_EDGE ( 'NONE', *, *, #755, .F. ) ;
#108 = CARTESIAN_POINT ( 'NONE',  ( 13.93722065508272756, -139.9132963776570193, 33.21706455752830323 ) ) ;
#109 = LINE ( 'NONE', #71, #1303 ) ;
#110 = CARTESIAN_POINT ( 'NONE',  ( -3.900000000000001688, -139.6885516787737060, 36.02225242705507924 ) ) ;
#111 = VECTOR ( 'NONE', #1732, 1000.000000000000000 ) ;
#112 = EDGE_CURVE ( 'NONE', #1779, #1945, #149, .T. ) ;
#113 = EDGE_LOOP ( 'NONE', ( #2096, #2261, #2128, #866 ) ) ;
#114 = PLANE ( 'NONE',  #1347 ) ;
#115 = ORIENTED_EDGE ( 'NONE', *, *, #1815, .F. ) ;
#116 = CARTESIAN_POINT ( 'NONE',  ( 7.013804438396556762, -143.4810246285633752, 29.11108391381118921 ) ) ;
#117 = EDGE_LOOP ( 'NONE', ( #1351, #1138, #2307, #349 ) ) ;
#118 = VERTEX_POINT ( 'NONE', #2067 ) ;
#119 = LINE ( 'NONE', #320, #1883 ) ;
#120 = CARTESIAN_POINT ( 'NONE',  ( 11.99999999999997158, -119.4571793330561178, 36.63996838842680148 ) ) ;
#121 = CARTESIAN_POINT ( 'NONE',  ( -10.25157088531359939, -141.7408943686151588, 28.34277024657368216 ) ) ;
#122 = AXIS2_PLACEMENT_3D ( 'NONE', #1341, #436, #1472 ) ;
#123 = CONICAL_SURFACE ( 'NONE', #7, 11.99999999999999112, 0.7853981633974473908 ) ;
#124 = CARTESIAN_POINT ( 'NONE',  ( -3.900000000000001688, -140.8161828237168152, 36.43267659904589095 ) ) ;
#125 = EDGE_CURVE ( 'NONE', #1906, #590, #609, .T. ) ;
#126 = DIRECTION ( 'NONE',  ( 0.000000000000000000, -0.3420201433256671586, -0.9396926207859089830 ) ) ;
#127 = ORIENTED_EDGE ( 'NONE', *, *, #112, .T. ) ;
#128 = FACE_BOUND ( 'NONE', #434, .T. ) ;
#129 = ORIENTED_EDGE ( 'NONE', *, *, #2182, .T. ) ;
#130 = CARTESIAN_POINT ( 'NONE',  ( 6.861710808791573690, -142.5029252965963167, 26.31042355061970994 ) ) ;
#131 = DIRECTION ( 'NONE',  ( -0.000000000000000000, -0.9143751889140099287, 0.4048678968484271112 ) ) ;
#132 = EDGE_CURVE ( 'NONE', #167, #1591, #28, .T. ) ;
#133 = CARTESIAN_POINT ( 'NONE',  ( -5.100000000000001421, -141.1250362807414547, 32.07554341975423284 ) ) ;
#134 = EDGE_CURVE ( 'NONE', #2015, #731, #817, .T. ) ;
#135 = ORIENTED_EDGE ( 'NONE', *, *, #1335, .T. ) ;
#136 = CARTESIAN_POINT ( 'NONE',  ( 11.41398162807676364, -141.9726129779763255, 33.25541086304122018 ) ) ;
#137 = EDGE_LOOP ( 'NONE', ( #943, #2142, #2049, #2203 ) ) ;
#138 = VECTOR ( 'NONE', #1822, 1000.000000000000114 ) ;
#139 = ORIENTED_EDGE ( 'NONE', *, *, #2010, .F. ) ;
#140 = CARTESIAN_POINT ( 'NONE',  ( 9.516231763884833939, -138.3600671547074228, 35.87128793881021238 ) ) ;
#141 = DIRECTION ( 'NONE',  ( 0.000000000000000000, -0.3420201433256660484, -0.9396926207859093161 ) ) ;
#142 = CIRCLE ( 'NONE', #23, 1.749999999999994449 ) ;
#143 = CARTESIAN_POINT ( 'NONE',  ( -11.54741898790971710, -141.2851797556022291, 29.55818367766474708 ) ) ;
#144 = AXIS2_PLACEMENT_3D ( 'NONE', #1983, #2194, #1091 ) ;
#145 = VECTOR ( 'NONE', #826, 1000.000000000000000 ) ;
#146 = ORIENTED_EDGE ( 'NONE', *, *, #821, .T. ) ;
#147 = CARTESIAN_POINT ( 'NONE',  ( 15.00000000000000000, -138.0316533296930004, 38.23549970735538750 ) ) ;
#148 = ORIENTED_EDGE ( 'NONE', *, *, #1748, .T. ) ;
#149 = LINE ( 'NONE', #2308, #2060 ) ;
#150 = UNCERTAINTY_MEASURE_WITH_UNIT (LENGTH_MEASURE( 1.000000000000000082E-05 ), #65, 'distance_accuracy_value', 'NONE');
#151 = CARTESIAN_POINT ( 'NONE',  ( 12.00000000000003197, -137.5776988991053145, 38.02082705477506863 ) ) ;
#152 = ADVANCED_FACE ( 'NONE', ( #1496, #1672, #239, #1838, #223, #2039 ), #1340, .F. ) ;
#153 = CARTESIAN_POINT ( 'NONE',  ( 15.00000000000000000, -136.8423555909551510, 40.04116618946477502 ) ) ;
#154 = ORIENTED_EDGE ( 'NONE', *, *, #659, .F. ) ;
#155 = CARTESIAN_POINT ( 'NONE',  ( 9.516231763884833939, -141.0513188499978128, 35.78664567633845905 ) ) ;
#156 = VERTEX_POINT ( 'NONE', #2258 ) ;
#157 = AXIS2_PLACEMENT_3D ( 'NONE', #918, #1441, #522 ) ;
#158 = EDGE_CURVE ( 'NONE', #1132, #1792, #1353, .T. ) ;
#159 = DIRECTION ( 'NONE',  ( -0.000000000000000000, 0.000000000000000000, 1.000000000000000000 ) ) ;
#160 = VERTEX_POINT ( 'NONE', #2217 ) ;
#161 = CARTESIAN_POINT ( 'NONE',  ( 4.642092037782449943, -142.8301894499201978, 25.43756533472241799 ) ) ;
#162 = DIRECTION ( 'NONE',  ( 0.000000000000000000, -0.9396926207859082059, 0.3420201433256692125 ) ) ;
#163 = EDGE_LOOP ( 'NONE', ( #1235, #1356, #1537, #953, #802, #2193, #1678, #1201 ) ) ;
#164 = LINE ( 'NONE', #506, #1086 ) ;
#165 = CARTESIAN_POINT ( 'NONE',  ( 8.649999999999879563, -137.5426341114130366, 41.04097116734052975 ) ) ;
#166 = ADVANCED_FACE ( 'NONE', ( #1148 ), #778, .F. ) ;
#167 = VERTEX_POINT ( 'NONE', #1313 ) ;
#168 = VECTOR ( 'NONE', #1498, 999.9999999999998863 ) ;
#169 = ORIENTED_EDGE ( 'NONE', *, *, #829, .T. ) ;
#170 = FACE_OUTER_BOUND ( 'NONE', #1866, .T. ) ;
#171 = ORIENTED_EDGE ( 'NONE', *, *, #488, .T. ) ;
#172 = EDGE_CURVE ( 'NONE', #2213, #503, #100, .T. ) ;
#173 = DIRECTION ( 'NONE',  ( 0.000000000000000000, 0.3420201433256671586, 0.9396926207859089830 ) ) ;
#174 = DIRECTION ( 'NONE',  ( 0.000000000000000000, -0.9396926207859082059, 0.3420201433256692125 ) ) ;
#175 = VECTOR ( 'NONE', #2013, 1000.000000000000000 ) ;
#176 = CARTESIAN_POINT ( 'NONE',  ( -3.600000000000012079, -127.0980230657944361, 38.46324807659468092 ) ) ;
#177 = AXIS2_PLACEMENT_3D ( 'NONE', #1753, #1019, #1941 ) ;
#178 = CARTESIAN_POINT ( 'NONE',  ( -1.650000000000011680, -138.5588498777673863, 42.63464789623286322 ) ) ;
#179 = EDGE_CURVE ( 'NONE', #904, #501, #1701, .T. ) ;
#180 = AXIS2_PLACEMENT_3D ( 'NONE', #1670, #1101, #740 ) ;
#181 = FACE_OUTER_BOUND ( 'NONE', #1166, .T. ) ;
#182 = ORIENTED_EDGE ( 'NONE', *, *, #2074, .F. ) ;
#183 = DIRECTION ( 'NONE',  ( 0.000000000000000000, 0.9396926207859083169, -0.3420201433256687684 ) ) ;
#184 = DIRECTION ( 'NONE',  ( 0.000000000000000000, 0.3420201433256705448, 0.9396926207859077618 ) ) ;
#185 = CARTESIAN_POINT ( 'NONE',  ( 11.99999999999997335, -135.9018001968095177, 42.62532089662601464 ) ) ;
#186 = DIRECTION ( 'NONE',  ( 1.000000000000000000, 0.000000000000000000, 0.000000000000000000 ) ) ;
#187 = DIRECTION ( 'NONE',  ( 0.000000000000000000, -0.3420201433256660484, -0.9396926207859093161 ) ) ;
#188 = CARTESIAN_POINT ( 'NONE',  ( -5.100000000000012079, -127.8846693954434954, 36.30195504878702195 ) ) ;
#189 = ADVANCED_FACE ( 'NONE', ( #2011 ), #517, .F. ) ;
#190 = DIRECTION ( 'NONE',  ( -1.000000000000000000, 0.000000000000000000, -0.000000000000000000 ) ) ;
#191 = AXIS2_PLACEMENT_3D ( 'NONE', #2285, #1025, #502 ) ;
#192 = EDGE_LOOP ( 'NONE', ( #2150, #2283, #1879, #2081, #1326 ) ) ;
#193 = CARTESIAN_POINT ( 'NONE',  ( -10.04064484677975244, -142.6294701333339674, 31.45071066088892664 ) ) ;
#194 = DIRECTION ( 'NONE',  ( 0.000000000000000000, -0.3420201433256571111, -0.9396926207859126468 ) ) ;
#195 = EDGE_CURVE ( 'NONE', #2055, #503, #1088, .T. ) ;
#196 = CARTESIAN_POINT ( 'NONE',  ( -15.00000000000000000, -137.3122019013480326, 40.21217626112758836 ) ) ;
#197 = CARTESIAN_POINT ( 'NONE',  ( -0.9999999999999904521, -144.0247228677753242, 27.61728527857909299 ) ) ;
#198 = CARTESIAN_POINT ( 'NONE',  ( -7.050000000000012257, -127.8846693954434954, 36.30195504878702195 ) ) ;
#199 = EDGE_CURVE ( 'NONE', #286, #1607, #722, .T. ) ;
#200 = CARTESIAN_POINT ( 'NONE',  ( 11.99999999999989519, -133.7038235893524813, 48.66421199410370946 ) ) ;
#201 = CARTESIAN_POINT ( 'NONE',  ( 1.785402553131883341, -144.0247410073322385, 27.61723544055585933 ) ) ;
#202 = ORIENTED_EDGE ( 'NONE', *, *, #2186, .T. ) ;
#203 = CARTESIAN_POINT ( 'NONE',  ( -12.92264780218782505, -140.4495104524741009, 37.44010065937290221 ) ) ;
#204 = CARTESIAN_POINT ( 'NONE',  ( -3.600000000000012079, -137.1493109465885141, 42.12161768124436634 ) ) ;
#205 = CARTESIAN_POINT ( 'NONE',  ( -4.350000000000012079, -127.0980230657944361, 38.46324807659468092 ) ) ;
#206 = VERTEX_POINT ( 'NONE', #1098 ) ;
#207 = DIRECTION ( 'NONE',  ( 0.000000000000000000, -0.3420201433256692125, -0.9396926207859083169 ) ) ;
#208 = FACE_OUTER_BOUND ( 'NONE', #1848, .T. ) ;
#209 = VECTOR ( 'NONE', #800, 1000.000000000000000 ) ;
#210 = VERTEX_POINT ( 'NONE', #1812 ) ;
#211 = CARTESIAN_POINT ( 'NONE',  ( -12.00000000000008704, -121.1330780353518861, 32.03547454657584836 ) ) ;
#212 = ORIENTED_EDGE ( 'NONE', *, *, #1405, .T. ) ;
#213 = LINE ( 'NONE', #553, #554 ) ;
#214 = CARTESIAN_POINT ( 'NONE',  ( 5.100000000000001421, 40.35945895952799845, -30.78687751110247106 ) ) ;
#215 = VECTOR ( 'NONE', #726, 1000.000000000000000 ) ;
#216 = DIRECTION ( 'NONE',  ( 0.000000000000000000, -0.3420201433256699897, -0.9396926207859078728 ) ) ;
#217 = EDGE_CURVE ( 'NONE', #808, #326, #219, .T. ) ;
#218 = CYLINDRICAL_SURFACE ( 'NONE', #1074, 0.7499999999999967804 ) ;
#219 = LINE ( 'NONE', #200, #1239 ) ;
#220 = CARTESIAN_POINT ( 'NONE',  ( -9.000000000000010658, -127.0980230657944361, 38.46324807659468092 ) ) ;
#221 = ORIENTED_EDGE ( 'NONE', *, *, #891, .F. ) ;
#222 = DIRECTION ( 'NONE',  ( -0.000000000000000000, -0.9396926207859082059, 0.3420201433256692125 ) ) ;
#223 = FACE_BOUND ( 'NONE', #1344, .T. ) ;
#224 = AXIS2_PLACEMENT_3D ( 'NONE', #1080, #1783, #194 ) ;
#225 = DIRECTION ( 'NONE',  ( -1.000000000000000000, 0.000000000000000000, 0.000000000000000000 ) ) ;
#226 = ADVANCED_FACE ( 'NONE', ( #1631 ), #1446, .F. ) ;
#227 = LINE ( 'NONE', #942, #15 ) ;
#228 = AXIS2_PLACEMENT_3D ( 'NONE', #1398, #317, #1367 ) ;
#229 = ORIENTED_EDGE ( 'NONE', *, *, #2335, .F. ) ;
#230 = VERTEX_POINT ( 'NONE', #914 ) ;
#231 = LINE ( 'NONE', #2247, #1839 ) ;
#232 = DIRECTION ( 'NONE',  ( -0.000000000000000000, -0.9396926207859083169, 0.3420201433256692680 ) ) ;
#233 = ADVANCED_FACE ( 'NONE', ( #235 ), #1308, .T. ) ;
#234 = CARTESIAN_POINT ( 'NONE',  ( -12.00000000000008704, -138.5173915198911629, 38.36284719810073085 ) ) ;
#235 = FACE_OUTER_BOUND ( 'NONE', #1740, .T. ) ;
#236 = EDGE_CURVE ( 'NONE', #442, #752, #1264, .T. ) ;
#237 = FACE_BOUND ( 'NONE', #1704, .T. ) ;
#238 = ORIENTED_EDGE ( 'NONE', *, *, #404, .T. ) ;
#239 = FACE_BOUND ( 'NONE', #192, .T. ) ;
#240 = CARTESIAN_POINT ( 'NONE',  ( -4.350000000000012079, -139.3454962074164598, 40.47335486842520424 ) ) ;
#241 = EDGE_CURVE ( 'NONE', #273, #2056, #2169, .T. ) ;
#242 = CARTESIAN_POINT ( 'NONE',  ( -5.100000000000001421, 40.35945895952799845, -30.78687751110247106 ) ) ;
#243 =( GEOMETRIC_REPRESENTATION_CONTEXT ( 3 ) GLOBAL_UNCERTAINTY_ASSIGNED_CONTEXT ( ( #150 ) ) GLOBAL_UNIT_ASSIGNED_CONTEXT ( ( #65, #1714, #1315 ) ) REPRESENTATION_CONTEXT ( 'NONE', 'WORKASPACE' ) );
#244 = EDGE_CURVE ( 'NONE', #52, #2318, #2001, .T. ) ;
#245 = ORIENTED_EDGE ( 'NONE', *, *, #836, .T. ) ;
#246 = CARTESIAN_POINT ( 'NONE',  ( 14.96067890110210641, -138.4341122323898503, 37.16228218189789345 ) ) ;
#247 = CARTESIAN_POINT ( 'NONE',  ( -3.900000000000001688, -142.2526674256846206, 32.48596759174505877 ) ) ;
#248 = CARTESIAN_POINT ( 'NONE',  ( -6.749269901708617958, 44.80348628639857367, -18.57701277908620341 ) ) ;
#249 = AXIS2_PLACEMENT_3D ( 'NONE', #416, #1868, #264 ) ;
#250 = ORIENTED_EDGE ( 'NONE', *, *, #1254, .T. ) ;
#251 = ADVANCED_FACE ( 'NONE', ( #1560 ), #448, .T. ) ;
#252 = DIRECTION ( 'NONE',  ( 0.000000000000000000, -0.3420201433256705448, -0.9396926207859077618 ) ) ;
#253 = AXIS2_PLACEMENT_3D ( 'NONE', #2101, #2141, #141 ) ;
#254 = VERTEX_POINT ( 'NONE', #959 ) ;
#255 = CARTESIAN_POINT ( 'NONE',  ( 15.00000000000000000, -140.3847777707362638, 30.30844124034080522 ) ) ;
#256 = FACE_OUTER_BOUND ( 'NONE', #1090, .T. ) ;
#257 = FACE_BOUND ( 'NONE', #1543, .T. ) ;
#258 = CIRCLE ( 'NONE', #438, 0.7499999999999967804 ) ;
#259 = ORIENTED_EDGE ( 'NONE', *, *, #1889, .F. ) ;
#260 = ORIENTED_EDGE ( 'NONE', *, *, #2010, .T. ) ;
#261 = VECTOR ( 'NONE', #2125, 1000.000000000000227 ) ;
#262 = ORIENTED_EDGE ( 'NONE', *, *, #372, .F. ) ;
#263 = CARTESIAN_POINT ( 'NONE',  ( 15.00000000000000000, -137.3122019013480326, 40.21217626112758836 ) ) ;
#264 = DIRECTION ( 'NONE',  ( 0.000000000000000000, -0.3420201433256660484, -0.9396926207859093161 ) ) ;
#265 = DIRECTION ( 'NONE',  ( 0.000000000000000000, -0.3420201433256671586, -0.9396926207859089830 ) ) ;
#266 = ORIENTED_EDGE ( 'NONE', *, *, #755, .T. ) ;
#267 = CARTESIAN_POINT ( 'NONE',  ( 23.44999999999999929, -144.6639094361305524, 25.86113461520439571 ) ) ;
#268 = VECTOR ( 'NONE', #967, 1000.000000000000000 ) ;
#269 = ORIENTED_EDGE ( 'NONE', *, *, #244, .F. ) ;
#270 = CARTESIAN_POINT ( 'NONE',  ( 0.9999999999999991118, -142.3727122354947880, 24.84663618706118982 ) ) ;
#271 = CARTESIAN_POINT ( 'NONE',  ( 15.00000000000000000, -137.3122019013480326, 40.21217626112758836 ) ) ;
#272 = CARTESIAN_POINT ( 'NONE',  ( -11.99999999999999645, -119.4571793330561178, 36.63996838842680859 ) ) ;
#273 = VERTEX_POINT ( 'NONE', #1686 ) ;
#274 = ORIENTED_EDGE ( 'NONE', *, *, #986, .T. ) ;
#275 = EDGE_CURVE ( 'NONE', #1575, #1715, #1163, .T. ) ;
#276 = ORIENTED_EDGE ( 'NONE', *, *, #365, .T. ) ;
#277 = CARTESIAN_POINT ( 'NONE',  ( 15.00000000000000000, -138.0316533296930288, 38.23549970735539461 ) ) ;
#278 = DIRECTION ( 'NONE',  ( 0.000000000000000000, -0.9396926207859082059, 0.3420201433256692125 ) ) ;
#279 = AXIS2_PLACEMENT_3D ( 'NONE', #350, #1421, #16 ) ;
#280 = DIRECTION ( 'NONE',  ( 0.000000000000000000, -0.4048678968484270557, -0.9143751889140100397 ) ) ;
#281 = EDGE_CURVE ( 'NONE', #1716, #1691, #1726, .T. ) ;
#282 = FACE_OUTER_BOUND ( 'NONE', #1544, .T. ) ;
#283 = ORIENTED_EDGE ( 'NONE', *, *, #1768, .T. ) ;
#284 = CARTESIAN_POINT ( 'NONE',  ( 11.78599384463471722, -141.7340241207265024, 33.91092836086863826 ) ) ;
#285 = LINE ( 'NONE', #272, #2314 ) ;
#286 = VERTEX_POINT ( 'NONE', #1396 ) ;
#287 = EDGE_LOOP ( 'NONE', ( #1244, #83, #1891, #785 ) ) ;
#288 = ORIENTED_EDGE ( 'NONE', *, *, #1924, .F. ) ;
#289 = CARTESIAN_POINT ( 'NONE',  ( 14.88216777787127398, -138.6742028165938905, 36.52193346097497084 ) ) ;
#290 = EDGE_CURVE ( 'NONE', #2066, #1304, #1622, .T. ) ;
#291 = DIRECTION ( 'NONE',  ( 1.000000000000000000, 0.000000000000000000, -1.156482317317897757E-15 ) ) ;
#292 = CYLINDRICAL_SURFACE ( 'NONE', #1275, 14.00000000000000000 ) ;
#293 = CARTESIAN_POINT ( 'NONE',  ( 10.54166414411935015, -142.4201307139368282, 32.02586598868431622 ) ) ;
#294 = ORIENTED_EDGE ( 'NONE', *, *, #2100, .F. ) ;
#295 = AXIS2_PLACEMENT_3D ( 'NONE', #459, #787, #1196 ) ;
#296 = CARTESIAN_POINT ( 'NONE',  ( 7.204121622594555241, -142.4569848953187261, 26.43292136488273059 ) ) ;
#297 = ORIENTED_EDGE ( 'NONE', *, *, #2113, .T. ) ;
#298 = ORIENTED_EDGE ( 'NONE', *, *, #1126, .T. ) ;
#299 = CARTESIAN_POINT ( 'NONE',  ( 13.10653764576800739, -140.5054252183749668, 31.63785075075430697 ) ) ;
#300 = DIRECTION ( 'NONE',  ( 0.000000000000000000, -0.3420201433256660484, -0.9396926207859093161 ) ) ;
#301 = VECTOR ( 'NONE', #1133, 1000.000000000000114 ) ;
#302 = EDGE_CURVE ( 'NONE', #53, #2036, #1010, .T. ) ;
#303 = DIRECTION ( 'NONE',  ( 0.000000000000000000, 0.9396926207859085389, -0.3420201433256683798 ) ) ;
#304 = AXIS2_PLACEMENT_3D ( 'NONE', #546, #934, #1249 ) ;
#305 = CARTESIAN_POINT ( 'NONE',  ( 2.650000000000016787, -138.1411693622329722, 39.39650908096520254 ) ) ;
#306 = EDGE_LOOP ( 'NONE', ( #1508, #1506, #1041, #2098 ) ) ;
#307 = PLANE ( 'NONE',  #1773 ) ;
#308 = ORIENTED_EDGE ( 'NONE', *, *, #702, .F. ) ;
#309 = ORIENTED_EDGE ( 'NONE', *, *, #1659, .T. ) ;
#310 = CARTESIAN_POINT ( 'NONE',  ( 6.408145868339861551, -142.5729023479374575, 26.12376406727516098 ) ) ;
#311 = CARTESIAN_POINT ( 'NONE',  ( -7.050000000000012257, -137.1493109465885141, 42.12161768124435923 ) ) ;
#312 = DIRECTION ( 'NONE',  ( -1.000000000000000000, 0.000000000000000000, -0.000000000000000000 ) ) ;
#313 = AXIS2_PLACEMENT_3D ( 'NONE', #1328, #63, #423 ) ;
#314 = AXIS2_PLACEMENT_3D ( 'NONE', #1624, #334, #13 ) ;
#315 = CARTESIAN_POINT ( 'NONE',  ( 12.99999999999999822, -139.1915871429198717, 40.89621654777891990 ) ) ;
#316 = ORIENTED_EDGE ( 'NONE', *, *, #244, .T. ) ;
#317 = DIRECTION ( 'NONE',  ( 0.000000000000000000, -0.9396926207859094271, 0.3420201433256663259 ) ) ;
#318 = VERTEX_POINT ( 'NONE', #500 ) ;
#319 = ORIENTED_EDGE ( 'NONE', *, *, #1483, .F. ) ;
#320 = CARTESIAN_POINT ( 'NONE',  ( -6.300000000000012257, -127.0980230657944361, 38.46324807659468092 ) ) ;
#321 = CARTESIAN_POINT ( 'NONE',  ( -3.600000000000012079, -138.5588498777673863, 42.63464789623286322 ) ) ;
#322 = LINE ( 'NONE', #1581, #2138 ) ;
#323 = ORIENTED_EDGE ( 'NONE', *, *, #64, .F. ) ;
#324 = EDGE_CURVE ( 'NONE', #1299, #1906, #1083, .T. ) ;
#325 = DIRECTION ( 'NONE',  ( 0.000000000000000000, -0.3420201433256692680, -0.9396926207859083169 ) ) ;
#326 = VERTEX_POINT ( 'NONE', #185 ) ;
#327 = AXIS2_PLACEMENT_3D ( 'NONE', #472, #86, #2223 ) ;
#328 = DIRECTION ( 'NONE',  ( -2.716844749132464931E-16, -0.3420201433256693235, -0.9396926207859083169 ) ) ;
#329 = DIRECTION ( 'NONE',  ( -0.000000000000000000, -0.9396926207859082059, 0.3420201433256692125 ) ) ;
#330 = CARTESIAN_POINT ( 'NONE',  ( -4.629960984125140122, -142.7976055939792559, 25.52446910059667573 ) ) ;
#331 = EDGE_LOOP ( 'NONE', ( #666, #911, #1909, #466, #1888 ) ) ;
#332 = ADVANCED_FACE ( 'NONE', ( #375 ), #1095, .F. ) ;
#333 = EDGE_LOOP ( 'NONE', ( #480, #816, #1729, #704 ) ) ;
#334 = DIRECTION ( 'NONE',  ( 0.000000000000000000, -0.9396926207859094271, 0.3420201433256663259 ) ) ;
#335 = ORIENTED_EDGE ( 'NONE', *, *, #2120, .F. ) ;
#336 = CARTESIAN_POINT ( 'NONE',  ( 6.458684686653525020, -142.5654182486169077, 26.14372554220024014 ) ) ;
#337 = DIRECTION ( 'NONE',  ( -0.000000000000000000, 0.3420201433256671586, 0.9396926207859089830 ) ) ;
#338 =( BOUNDED_CURVE ( )  B_SPLINE_CURVE ( 3, ( #1168, #54, #1317, #1853 ),
 .UNSPECIFIED., .F., .T. ) 
 B_SPLINE_CURVE_WITH_KNOTS ( ( 4, 4 ),
 ( 3.141592653589793116, 4.712388980384689674 ),
 .UNSPECIFIED. ) 
 CURVE ( )  GEOMETRIC_REPRESENTATION_ITEM ( )  RATIONAL_B_SPLINE_CURVE ( ( 1.000000000000000000, 0.8047378541243649375, 0.8047378541243649375, 1.000000000000000000 ) ) 
 REPRESENTATION_ITEM ( '' )  );
#339 = EDGE_CURVE ( 'NONE', #1572, #699, #1816, .T. ) ;
#340 = CARTESIAN_POINT ( 'NONE',  ( -11.41398162807676364, -141.9726129779763255, 33.25541086304122018 ) ) ;
#341 = EDGE_LOOP ( 'NONE', ( #154, #1390, #1861, #769 ) ) ;
#342 = AXIS2_PLACEMENT_3D ( 'NONE', #622, #1124, #1354 ) ;
#343 = EDGE_CURVE ( 'NONE', #2318, #2249, #1400, .T. ) ;
#344 = VERTEX_POINT ( 'NONE', #1757 ) ;
#345 = AXIS2_PLACEMENT_3D ( 'NONE', #267, #776, #1860 ) ;
#346 = EDGE_CURVE ( 'NONE', #1299, #206, #1222, .T. ) ;
#347 = CARTESIAN_POINT ( 'NONE',  ( 4.111395129252090719, -143.8931531640268133, 27.97877006871235750 ) ) ;
#348 = ORIENTED_EDGE ( 'NONE', *, *, #721, .F. ) ;
#349 = ORIENTED_EDGE ( 'NONE', *, *, #339, .F. ) ;
#350 = CARTESIAN_POINT ( 'NONE',  ( 8.649999999999879563, -138.9521730425919088, 41.55400138232903373 ) ) ;
#351 = FACE_OUTER_BOUND ( 'NONE', #851, .T. ) ;
#352 = EDGE_LOOP ( 'NONE', ( #571, #2003, #690, #1526 ) ) ;
#353 = EDGE_CURVE ( 'NONE', #156, #493, #1062, .T. ) ;
#354 = CARTESIAN_POINT ( 'NONE',  ( 9.516231763884833939, -138.7020872980330637, 34.93159531802429996 ) ) ;
#355 = CARTESIAN_POINT ( 'NONE',  ( 11.41360655114173994, -141.9728275149556680, 33.25482142753509152 ) ) ;
#356 = DIRECTION ( 'NONE',  ( 0.000000000000000000, -0.3420201433256816470, -0.9396926207859037650 ) ) ;
#357 = ORIENTED_EDGE ( 'NONE', *, *, #2237, .T. ) ;
#358 = DIRECTION ( 'NONE',  ( 0.000000000000000000, -0.9143751889140099287, 0.4048678968484271112 ) ) ;
#359 = DIRECTION ( 'NONE',  ( -0.000000000000000000, -0.9396926207859082059, 0.3420201433256692125 ) ) ;
#360 = DIRECTION ( 'NONE',  ( 0.000000000000000000, -0.3420201433256660484, -0.9396926207859093161 ) ) ;
#361 = CIRCLE ( 'NONE', #544, 0.7499999999999967804 ) ;
#362 = CARTESIAN_POINT ( 'NONE',  ( 9.516231763884833939, -141.7011571223165447, 34.00122969684532848 ) ) ;
#363 = AXIS2_PLACEMENT_3D ( 'NONE', #696, #162, #1411 ) ;
#364 = DIRECTION ( 'NONE',  ( -0.000000000000000000, -0.9396926207859082059, 0.3420201433256691570 ) ) ;
#365 = EDGE_CURVE ( 'NONE', #699, #1769, #586, .T. ) ;
#366 = AXIS2_PLACEMENT_3D ( 'NONE', #917, #358, #1440 ) ;
#367 = VECTOR ( 'NONE', #1287, 999.9999999999998863 ) ;
#368 = CARTESIAN_POINT ( 'NONE',  ( -1.745967692610276908E-15, -135.9018001968095177, 42.62532089662601464 ) ) ;
#369 = ORIENTED_EDGE ( 'NONE', *, *, #445, .T. ) ;
#370 = CARTESIAN_POINT ( 'NONE',  ( -1.650000000000011680, -139.3454962074164598, 40.47335486842520424 ) ) ;
#371 = DIRECTION ( 'NONE',  ( -0.000000000000000000, -0.9396926207859083169, 0.3420201433256692125 ) ) ;
#372 = EDGE_CURVE ( 'NONE', #440, #230, #1509, .T. ) ;
#373 = B_SPLINE_CURVE_WITH_KNOTS ( 'NONE', 3,
 ( #970, #2035, #593, #1547, #446, #812, #774, #1336, #2211, #1321, #1697, #958, #1666, #1856, #1532, #1142, #2048, #429 ),
 .UNSPECIFIED., .F., .F.,
 ( 4, 2, 2, 2, 2, 2, 2, 2, 4 ),
 ( 0.000000000000000000, 0.1250000000000001110, 0.2500000000000000555, 0.3750000000000000555, 0.5000000000000001110, 0.6250000000000002220, 0.7500000000000001110, 0.8749999999999998890, 1.000000000000000000 ),
 .UNSPECIFIED. ) ;
#374 = DIRECTION ( 'NONE',  ( -0.000000000000000000, -0.9396926207859083169, 0.3420201433256692680 ) ) ;
#375 = FACE_OUTER_BOUND ( 'NONE', #137, .T. ) ;
#376 = FACE_OUTER_BOUND ( 'NONE', #1562, .T. ) ;
#377 = DIRECTION ( 'NONE',  ( -0.000000000000000000, 0.4048678968484271112, 0.9143751889140099287 ) ) ;
#378 = VERTEX_POINT ( 'NONE', #1708 ) ;
#379 = DIRECTION ( 'NONE',  ( -0.000000000000000000, -0.9396926207859083169, 0.3420201433256692680 ) ) ;
#380 = ORIENTED_EDGE ( 'NONE', *, *, #1971, .T. ) ;
#381 = CARTESIAN_POINT ( 'NONE',  ( 15.00000000000000000, -138.0316533296930288, 38.23549970735539461 ) ) ;
#382 = CARTESIAN_POINT ( 'NONE',  ( -1.650000000000011680, -138.1924723837317970, 39.25555518784724285 ) ) ;
#383 = DIRECTION ( 'NONE',  ( -0.000000000000000000, -0.9396926207859082059, 0.3420201433256692125 ) ) ;
#384 = CARTESIAN_POINT ( 'NONE',  ( 5.100000000000001421, 39.33339852955097626, -33.60595537346021189 ) ) ;
#385 = AXIS2_PLACEMENT_3D ( 'NONE', #1937, #2286, #2095 ) ;
#386 = CARTESIAN_POINT ( 'NONE',  ( -0.9999999999999991118, -132.0540735843957805, 53.19686288046747080 ) ) ;
#387 = EDGE_LOOP ( 'NONE', ( #212, #584, #1723, #1450 ) ) ;
#388 = CARTESIAN_POINT ( 'NONE',  ( -6.317818533653904112, -143.6085530296743400, 28.76070251141955225 ) ) ;
#389 = EDGE_CURVE ( 'NONE', #1143, #1159, #632, .T. ) ;
#390 = DIRECTION ( 'NONE',  ( -1.203685677208396808E-14, 0.3420201433256649381, 0.9396926207859097602 ) ) ;
#391 = FACE_OUTER_BOUND ( 'NONE', #1604, .T. ) ;
#392 = CARTESIAN_POINT ( 'NONE',  ( 3.900000000000001688, -141.1250362807415115, 32.07554341975423995 ) ) ;
#393 = DIRECTION ( 'NONE',  ( 0.000000000000000000, 0.3420201433256687129, 0.9396926207859084279 ) ) ;
#394 = EDGE_CURVE ( 'NONE', #1758, #2066, #1683, .T. ) ;
#395 = EDGE_CURVE ( 'NONE', #1805, #1256, #1504, .T. ) ;
#396 = CARTESIAN_POINT ( 'NONE',  ( -0.9999999999999991118, -137.3122019013480326, 40.21217626112758126 ) ) ;
#397 = ORIENTED_EDGE ( 'NONE', *, *, #275, .T. ) ;
#398 = DIRECTION ( 'NONE',  ( -0.000000000000000000, -0.9063077870366502697, -0.4226182617406989417 ) ) ;
#399 = AXIS2_PLACEMENT_3D ( 'NONE', #761, #561, #536 ) ;
#400 = CARTESIAN_POINT ( 'NONE',  ( -3.900000000000001688, 39.33339852955097626, -33.60595537346021189 ) ) ;
#401 = LINE ( 'NONE', #576, #895 ) ;
#402 = CARTESIAN_POINT ( 'NONE',  ( -2.400000000000011458, 42.24056974781911578, -25.61856809678006996 ) ) ;
#403 = ADVANCED_FACE ( 'NONE', ( #57 ), #788, .F. ) ;
#404 = EDGE_CURVE ( 'NONE', #2264, #1420, #945, .T. ) ;
#405 = DIRECTION ( 'NONE',  ( 0.000000000000000000, 0.3420201433256692680, 0.9396926207859083169 ) ) ;
#406 = ORIENTED_EDGE ( 'NONE', *, *, #515, .T. ) ;
#407 = EDGE_CURVE ( 'NONE', #1758, #869, #418, .T. ) ;
#408 = B_SPLINE_CURVE_WITH_KNOTS ( 'NONE', 1,
 ( #2319, #1115 ),
 .UNSPECIFIED., .F., .F.,
 ( 2, 2 ),
 ( 0.000000000000000000, 1.000000000000000000 ),
 .UNSPECIFIED. ) ;
#409 = VECTOR ( 'NONE', #1741, 1000.000000000000000 ) ;
#410 = DIRECTION ( 'NONE',  ( -0.000000000000000000, 0.3420201433256649381, 0.9396926207859097602 ) ) ;
#411 = CONICAL_SURFACE ( 'NONE', #1020, 1.000000000000004219, 0.7853981633974519427 ) ;
#412 = PRODUCT ( 'ThermallerPSUCover', 'ThermallerPSUCover', '', ( #842 ) ) ;
#413 = ORIENTED_EDGE ( 'NONE', *, *, #1134, .F. ) ;
#414 = ORIENTED_EDGE ( 'NONE', *, *, #1136, .F. ) ;
#415 = LINE ( 'NONE', #1663, #549 ) ;
#416 = CARTESIAN_POINT ( 'NONE',  ( -7.050000000000012257, -139.3454962074164598, 40.47335486842520424 ) ) ;
#417 = EDGE_CURVE ( 'NONE', #1299, #1945, #373, .T. ) ;
#418 = LINE ( 'NONE', #97, #926 ) ;
#419 = CARTESIAN_POINT ( 'NONE',  ( -6.300000000000012257, -138.5588498777673863, 42.63464789623286322 ) ) ;
#420 = B_SPLINE_CURVE_WITH_KNOTS ( 'NONE', 3,
 ( #658, #867, #2312, #1956 ),
 .UNSPECIFIED., .F., .F.,
 ( 4, 4 ),
 ( 0.000000000000000000, 1.000000000000000000 ),
 .UNSPECIFIED. ) ;
#421 = ORIENTED_EDGE ( 'NONE', *, *, #105, .T. ) ;
#422 = CARTESIAN_POINT ( 'NONE',  ( 15.00000000000000000, -137.5734138895658702, 38.03260002172675058 ) ) ;
#423 = DIRECTION ( 'NONE',  ( 0.000000000000000000, -0.3420201433256660484, -0.9396926207859093161 ) ) ;
#424 = DIRECTION ( 'NONE',  ( 0.000000000000000000, -0.3420201433256660484, -0.9396926207859093161 ) ) ;
#425 = ORIENTED_EDGE ( 'NONE', *, *, #1640, .F. ) ;
#426 = EDGE_LOOP ( 'NONE', ( #974, #283, #798, #790 ) ) ;
#427 = LINE ( 'NONE', #1843, #621 ) ;
#428 = CARTESIAN_POINT ( 'NONE',  ( 0.9999999999999991118, -142.9550734199256397, 25.10449461411093708 ) ) ;
#429 = CARTESIAN_POINT ( 'NONE',  ( -0.9999999999999991118, -142.9550734199256397, 25.10449461411093708 ) ) ;
#430 = CIRCLE ( 'NONE', #1601, 0.7499999999999967804 ) ;
#431 = ORIENTED_EDGE ( 'NONE', *, *, #1451, .F. ) ;
#432 = CARTESIAN_POINT ( 'NONE',  ( -9.750000000000012434, -138.1924723837318254, 39.25555518784726416 ) ) ;
#433 = AXIS2_PLACEMENT_3D ( 'NONE', #1775, #1966, #1731 ) ;
#434 = EDGE_LOOP ( 'NONE', ( #797, #1428, #37, #612 ) ) ;
#435 = EDGE_CURVE ( 'NONE', #2056, #491, #1869, .T. ) ;
#436 = DIRECTION ( 'NONE',  ( 0.000000000000000000, 0.9396926207859090940, -0.3420201433256671586 ) ) ;
#437 = CARTESIAN_POINT ( 'NONE',  ( 5.100000000000001421, -142.2526674256846206, 32.48596759174505877 ) ) ;
#438 = AXIS2_PLACEMENT_3D ( 'NONE', #370, #1793, #1267 ) ;
#439 = ORIENTED_EDGE ( 'NONE', *, *, #829, .F. ) ;
#440 = VERTEX_POINT ( 'NONE', #1515 ) ;
#441 = STYLED_ITEM ( 'NONE', ( #1988 ), #649 ) ;
#442 = VERTEX_POINT ( 'NONE', #2251 ) ;
#443 = DIRECTION ( 'NONE',  ( 0.000000000000000000, -0.3420201433256692680, -0.9396926207859083169 ) ) ;
#444 = CARTESIAN_POINT ( 'NONE',  ( 2.650000000000016787, -138.1411693622329722, 39.39650908096520254 ) ) ;
#445 = EDGE_CURVE ( 'NONE', #442, #1051, #2075, .T. ) ;
#446 = CARTESIAN_POINT ( 'NONE',  ( -14.28496742490953864, -139.6180547108327232, 34.00448869589902046 ) ) ;
#447 = ORIENTED_EDGE ( 'NONE', *, *, #1796, .F. ) ;
#448 = PLANE ( 'NONE',  #1609 ) ;
#449 = DIRECTION ( 'NONE',  ( 0.000000000000000000, -0.3420201433256762624, -0.9396926207859057634 ) ) ;
#450 = ORIENTED_EDGE ( 'NONE', *, *, #2091, .T. ) ;
#451 = CARTESIAN_POINT ( 'NONE',  ( -7.800000000000000711, -141.8774805960579783, 30.00821965402526459 ) ) ;
#452 = CARTESIAN_POINT ( 'NONE',  ( -0.9999999999999991118, -132.5239198947886905, 53.36787295213029836 ) ) ;
#453 = PLANE ( 'NONE',  #806 ) ;
#454 = ORIENTED_EDGE ( 'NONE', *, *, #1134, .T. ) ;
#455 = PRODUCT_DEFINITION_CONTEXT ( 'detailed design', #1527, 'design' ) ;
#456 = AXIS2_PLACEMENT_3D ( 'NONE', #240, #1482, #1702 ) ;
#457 = ORIENTED_EDGE ( 'NONE', *, *, #172, .F. ) ;
#458 = CARTESIAN_POINT ( 'NONE',  ( 14.12586536368222490, -139.7445415512362672, 33.66716290661843658 ) ) ;
#459 = CARTESIAN_POINT ( 'NONE',  ( 23.44999999999999929, -142.9550734199003159, 25.10449461409973537 ) ) ;
#460 = VECTOR ( 'NONE', #1507, 1000.000000000000114 ) ;
#461 = CARTESIAN_POINT ( 'NONE',  ( -10.50000000000001066, -127.0980230657944361, 38.46324807659468092 ) ) ;
#462 = ORIENTED_EDGE ( 'NONE', *, *, #1002, .T. ) ;
#463 = ORIENTED_EDGE ( 'NONE', *, *, #2145, .F. ) ;
#464 = DIRECTION ( 'NONE',  ( 0.000000000000000000, -0.9396926207859082059, 0.3420201433256692125 ) ) ;
#465 = LINE ( 'NONE', #1070, #1633 ) ;
#466 = ORIENTED_EDGE ( 'NONE', *, *, #1053, .F. ) ;
#467 = DIRECTION ( 'NONE',  ( -0.000000000000000000, -0.9396926207859083169, 0.3420201433256692680 ) ) ;
#468 = EDGE_CURVE ( 'NONE', #648, #1554, #2238, .T. ) ;
#469 = ORIENTED_EDGE ( 'NONE', *, *, #908, .F. ) ;
#470 = ORIENTED_EDGE ( 'NONE', *, *, #574, .F. ) ;
#471 = CARTESIAN_POINT ( 'NONE',  ( 10.22317796107394727, -141.7508792613713240, 28.31613964460151678 ) ) ;
#472 = CARTESIAN_POINT ( 'NONE',  ( -2.400000000000011458, 43.02721607746817511, -23.45727506897241099 ) ) ;
#473 = CARTESIAN_POINT ( 'NONE',  ( -2.400000000000011458, -139.3454962074164598, 40.47335486842520424 ) ) ;
#474 = ORIENTED_EDGE ( 'NONE', *, *, #711, .T. ) ;
#475 = CARTESIAN_POINT ( 'NONE',  ( 4.110687619794878067, -143.8932139210964465, 27.97860314003564497 ) ) ;
#476 = ORIENTED_EDGE ( 'NONE', *, *, #1614, .T. ) ;
#477 = VECTOR ( 'NONE', #1174, 999.9999999999998863 ) ;
#478 = AXIS2_PLACEMENT_3D ( 'NONE', #1208, #1922, #2292 ) ;
#479 = CARTESIAN_POINT ( 'NONE',  ( 6.317818533653904112, -143.6085530296743400, 28.76070251141955225 ) ) ;
#480 = ORIENTED_EDGE ( 'NONE', *, *, #2245, .F. ) ;
#481 = CARTESIAN_POINT ( 'NONE',  ( 0.9999999999999991118, -142.9550734199256397, 25.10449461411093708 ) ) ;
#482 = PLANE ( 'NONE',  #1485 ) ;
#483 = AXIS2_PLACEMENT_3D ( 'NONE', #637, #62, #1364 ) ;
#484 = CARTESIAN_POINT ( 'NONE',  ( -0.9999999999999833467, -142.9550734199003159, 25.10449461409972471 ) ) ;
#485 = ADVANCED_FACE ( 'NONE', ( #1882 ), #292, .T. ) ;
#486 = CARTESIAN_POINT ( 'NONE',  ( 10.04015488454757232, -142.6296554635362668, 31.45020147034298930 ) ) ;
#487 = ORIENTED_EDGE ( 'NONE', *, *, #711, .F. ) ;
#488 = EDGE_CURVE ( 'NONE', #1242, #210, #984, .T. ) ;
#489 = CARTESIAN_POINT ( 'NONE',  ( 11.54741898790971710, -141.2851797556022291, 29.55818367766474708 ) ) ;
#490 = APPLICATION_PROTOCOL_DEFINITION ( 'draft international standard', 'automotive_design', 1998, #1220 ) ;
#491 = VERTEX_POINT ( 'NONE', #473 ) ;
#492 = ORIENTED_EDGE ( 'NONE', *, *, #924, .T. ) ;
#493 = VERTEX_POINT ( 'NONE', #2268 ) ;
#494 = LINE ( 'NONE', #1217, #1959 ) ;
#495 = LINE ( 'NONE', #2111, #1676 ) ;
#496 = ORIENTED_EDGE ( 'NONE', *, *, #158, .T. ) ;
#497 = DIRECTION ( 'NONE',  ( 0.000000000000000000, 0.3420201433256679358, 0.9396926207859086499 ) ) ;
#498 = VECTOR ( 'NONE', #1553, 999.9999999999998863 ) ;
#499 = EDGE_CURVE ( 'NONE', #510, #1554, #646, .T. ) ;
#500 = CARTESIAN_POINT ( 'NONE',  ( -2.400000000000011458, -137.9359572762375876, 39.96032465343668605 ) ) ;
#501 = VERTEX_POINT ( 'NONE', #234 ) ;
#502 = DIRECTION ( 'NONE',  ( 0.000000000000000000, -0.3420201433256692125, -0.9396926207859082059 ) ) ;
#503 = VERTEX_POINT ( 'NONE', #2280 ) ;
#504 = CARTESIAN_POINT ( 'NONE',  ( 7.162388786318252265, -142.4531678848707941, 26.44316217636757571 ) ) ;
#505 = FACE_OUTER_BOUND ( 'NONE', #1785, .T. ) ;
#506 = CARTESIAN_POINT ( 'NONE',  ( -4.350000000000012079, -128.1411845029377332, 35.59718558319759296 ) ) ;
#507 = EDGE_CURVE ( 'NONE', #160, #633, #1492, .T. ) ;
#508 = ORIENTED_EDGE ( 'NONE', *, *, #172, .T. ) ;
#509 = CARTESIAN_POINT ( 'NONE',  ( 0.9999999999999833467, -142.9550734199003159, 25.10449461409972471 ) ) ;
#510 = VERTEX_POINT ( 'NONE', #133 ) ;
#511 = AXIS2_PLACEMENT_3D ( 'NONE', #96, #1911, #300 ) ;
#512 = CARTESIAN_POINT ( 'NONE',  ( 10.93833538023443097, -141.4993275531867312, 28.98704104249301494 ) ) ;
#513 = CARTESIAN_POINT ( 'NONE',  ( 7.800000000000002487, 41.11190327484445817, -28.71955374537346728 ) ) ;
#514 = CARTESIAN_POINT ( 'NONE',  ( -3.077221619685174331E-15, -137.5776988991053145, 38.02082705477507574 ) ) ;
#515 = EDGE_CURVE ( 'NONE', #254, #1565, #164, .T. ) ;
#516 = VECTOR ( 'NONE', #49, 1000.000000000000000 ) ;
#517 = CONICAL_SURFACE ( 'NONE', #2330, 1.000000000000004219, 0.7853981633974519427 ) ;
#518 = EDGE_LOOP ( 'NONE', ( #61, #2304, #1162, #135 ) ) ;
#519 = DIRECTION ( 'NONE',  ( -1.000000000000000000, 0.000000000000000000, 0.000000000000000000 ) ) ;
#520 = ORIENTED_EDGE ( 'NONE', *, *, #1378, .T. ) ;
#521 = EDGE_CURVE ( 'NONE', #1981, #1113, #322, .T. ) ;
#522 = DIRECTION ( 'NONE',  ( 0.000000000000000000, -0.3420201433256660484, -0.9396926207859093161 ) ) ;
#523 = LINE ( 'NONE', #1954, #2202 ) ;
#524 = CARTESIAN_POINT ( 'NONE',  ( -7.013804438396556762, -143.4810246285633752, 29.11108391381118921 ) ) ;
#525 = CARTESIAN_POINT ( 'NONE',  ( 2.649999999999985700, -138.3536377917720017, 43.19846346870437515 ) ) ;
#526 = CIRCLE ( 'NONE', #1017, 1.899999999999804956 ) ;
#527 = CARTESIAN_POINT ( 'NONE',  ( -0.9000000000000121236, -137.9359572762375592, 39.96032465343667894 ) ) ;
#528 = ORIENTED_EDGE ( 'NONE', *, *, #488, .F. ) ;
#529 = CARTESIAN_POINT ( 'NONE',  ( 0.9999999999999991118, -139.1915871429198717, 40.89621654777892701 ) ) ;
#530 = ADVANCED_FACE ( 'NONE', ( #2302 ), #859, .F. ) ;
#531 = CARTESIAN_POINT ( 'NONE',  ( 5.100000000000001421, -140.0989758507644183, 34.89462128211214065 ) ) ;
#532 = ORIENTED_EDGE ( 'NONE', *, *, #2237, .F. ) ;
#533 = VERTEX_POINT ( 'NONE', #1033 ) ;
#534 = FILL_AREA_STYLE ('',( #1284 ) ) ;
#535 = CARTESIAN_POINT ( 'NONE',  ( -1.650000000000011680, 42.24056974781911578, -25.61856809678006996 ) ) ;
#536 = DIRECTION ( 'NONE',  ( 0.000000000000000000, 0.9396926207859082059, -0.3420201433256692125 ) ) ;
#537 = EDGE_CURVE ( 'NONE', #2055, #1945, #1942, .T. ) ;
#538 = DIRECTION ( 'NONE',  ( -0.000000000000000000, 0.9396926207859083169, -0.3420201433256687129 ) ) ;
#539 = EDGE_LOOP ( 'NONE', ( #1878, #1102, #1952, #1004 ) ) ;
#540 = ADVANCED_FACE ( 'NONE', ( #1056 ), #837, .F. ) ;
#541 = CARTESIAN_POINT ( 'NONE',  ( -8.929917901697379534, -143.0102351326420091, 30.40456742317147842 ) ) ;
#542 = CARTESIAN_POINT ( 'NONE',  ( -7.050000000000012257, -139.6020113149106976, 39.76858540283577526 ) ) ;
#543 = DIRECTION ( 'NONE',  ( -0.000000000000000000, -0.9396926207859082059, 0.3420201433256691570 ) ) ;
#544 = AXIS2_PLACEMENT_3D ( 'NONE', #1699, #1519, #1469 ) ;
#545 = CARTESIAN_POINT ( 'NONE',  ( -0.9999999999999904521, -144.0247228677753242, 27.61728527857909299 ) ) ;
#546 = CARTESIAN_POINT ( 'NONE',  ( 3.900000000000001688, 40.35945895952799845, -30.78687751110247106 ) ) ;
#547 = AXIS2_PLACEMENT_3D ( 'NONE', #2123, #1589, #1556 ) ;
#548 = DIRECTION ( 'NONE',  ( 0.000000000000000000, -0.3420201433256660484, -0.9396926207859093161 ) ) ;
#549 = VECTOR ( 'NONE', #1139, 1000.000000000000000 ) ;
#550 = AXIS2_PLACEMENT_3D ( 'NONE', #678, #2294, #874 ) ;
#551 = DIRECTION ( 'NONE',  ( 0.000000000000000000, -0.9396926207859082059, 0.3420201433256692125 ) ) ;
#552 = EDGE_LOOP ( 'NONE', ( #414, #520, #129, #1455 ) ) ;
#553 = CARTESIAN_POINT ( 'NONE',  ( 8.649999999999879563, -138.3536377917720017, 43.19846346870436804 ) ) ;
#554 = VECTOR ( 'NONE', #930, 1000.000000000000000 ) ;
#556 = CARTESIAN_POINT ( 'NONE',  ( -13.66666666666667140, -139.2845768240742075, 38.69152656512294897 ) ) ;
#555 = CYLINDRICAL_SURFACE ( 'NONE', #2224, 0.7499999999999967804 ) ;
#557 = DIRECTION ( 'NONE',  ( -0.000000000000000000, -0.9396926207859082059, 0.3420201433256692125 ) ) ;
#558 = FACE_OUTER_BOUND ( 'NONE', #1330, .T. ) ;
#559 = CYLINDRICAL_SURFACE ( 'NONE', #1156, 0.7500000000000001110 ) ;
#560 = EDGE_CURVE ( 'NONE', #1779, #939, #420, .T. ) ;
#561 = DIRECTION ( 'NONE',  ( 0.000000000000000000, -0.3420201433256692125, -0.9396926207859082059 ) ) ;
#562 = FACE_BOUND ( 'NONE', #331, .T. ) ;
#563 = CIRCLE ( 'NONE', #224, 0.9999999999999947820 ) ;
#564 = VERTEX_POINT ( 'NONE', #1912 ) ;
#565 = CARTESIAN_POINT ( 'NONE',  ( -5.100000000000012079, -134.6435162101386425, 49.00623213742876061 ) ) ;
#566 = DIRECTION ( 'NONE',  ( -5.421010862427525325E-15, -0.3420201433256694346, -0.9396926207859082059 ) ) ;
#567 = PLANE ( 'NONE',  #948 ) ;
#568 = DIRECTION ( 'NONE',  ( 0.000000000000000000, -0.9063077870366501587, -0.4226182617406989972 ) ) ;
#569 = AXIS2_PLACEMENT_3D ( 'NONE', #1877, #1511, #2243 ) ;
#570 = DIRECTION ( 'NONE',  ( 0.000000000000000000, -0.9396926207859082059, 0.3420201433256692125 ) ) ;
#571 = ORIENTED_EDGE ( 'NONE', *, *, #45, .F. ) ;
#572 = CARTESIAN_POINT ( 'NONE',  ( -12.99999999999999822, -139.9110385712648394, 38.91953999400674036 ) ) ;
#573 = DIRECTION ( 'NONE',  ( 0.000000000000000000, 0.3420201433256714330, 0.9396926207859074287 ) ) ;
#574 = EDGE_CURVE ( 'NONE', #344, #808, #1021, .T. ) ;
#575 = FACE_OUTER_BOUND ( 'NONE', #792, .T. ) ;
#576 = CARTESIAN_POINT ( 'NONE',  ( -9.750000000000012434, -128.1411845029377332, 35.59718558319759296 ) ) ;
#577 = LINE ( 'NONE', #402, #2014 ) ;
#578 = AXIS2_PLACEMENT_3D ( 'NONE', #987, #619, #1711 ) ;
#579 = ADVANCED_FACE ( 'NONE', ( #1209 ), #775, .F. ) ;
#580 = CIRCLE ( 'NONE', #2293, 0.7499999999999967804 ) ;
#581 = B_SPLINE_SURFACE_WITH_KNOTS ( 'NONE', 1, 3, ( 
 ( #147, #1583, #1014, #1388, #1192, #2118, #665, #1738, #489, #682, #2082, #1202, #296, #1936, #2127, #1212, #1001, #509 ),
 ( #1233, #1564, #1727, #1928, #1749, #284, #136, #990, #1713, #1376, #2094, #116, #479, #1438, #347, #1416, #201, #1791 ) ),
 .UNSPECIFIED., .F., .F., .F.,
 ( 2, 2 ),
 ( 4, 2, 2, 2, 2, 2, 2, 2, 4 ),
 ( 0.000000000000000000, 1.000000000000000000 ),
 ( 1.570796326794896114, 1.767145867644258406, 1.963495408493620475, 2.159844949342982545, 2.356194490192344837, 2.552544031041707129, 2.748893571891068976, 2.945243112740430824, 3.141592653589793116 ),
 .UNSPECIFIED. ) ;
#582 = EDGE_CURVE ( 'NONE', #808, #2256, #1787, .T. ) ;
#583 = CARTESIAN_POINT ( 'NONE',  ( -6.749269901708617958, -134.4333481168722528, 46.65985982780490815 ) ) ;
#584 = ORIENTED_EDGE ( 'NONE', *, *, #1739, .T. ) ;
#585 = DIRECTION ( 'NONE',  ( 0.000000000000000000, -0.9396926207859082059, 0.3420201433256692125 ) ) ;
#586 = CIRCLE ( 'NONE', #1643, 1.899999999999804956 ) ;
#587 = CARTESIAN_POINT ( 'NONE',  ( 9.516231763884833939, -140.5476156346162782, 34.53913492655949824 ) ) ;
#588 = MECHANICAL_DESIGN_GEOMETRIC_PRESENTATION_REPRESENTATION (  '', ( #441 ), #782 ) ;
#589 = ADVANCED_FACE ( 'NONE', ( #1435 ), #1819, .F. ) ;
#590 = VERTEX_POINT ( 'NONE', #2156 ) ;
#591 = CARTESIAN_POINT ( 'NONE',  ( 7.800000000000002487, -141.8774805960579783, 30.00821965402526459 ) ) ;
#592 = FACE_OUTER_BOUND ( 'NONE', #1645, .T. ) ;
#593 = CARTESIAN_POINT ( 'NONE',  ( -14.90975576921958989, -138.6761177773423128, 36.51668112404228594 ) ) ;
#594 = EDGE_LOOP ( 'NONE', ( #2274, #1444, #933, #1920, #1991 ) ) ;
#595 = CARTESIAN_POINT ( 'NONE',  ( -6.300000000000012257, -138.5588498777673863, 42.63464789623286322 ) ) ;
#596 = EDGE_LOOP ( 'NONE', ( #1225, #662, #1368, #182 ) ) ;
#597 = VECTOR ( 'NONE', #1887, 1000.000000000000114 ) ;
#598 = CARTESIAN_POINT ( 'NONE',  ( -9.000000000000010658, -127.0980230657944361, 38.46324807659468092 ) ) ;
#599 = DIRECTION ( 'NONE',  ( 0.000000000000000000, -0.3420201433256705448, -0.9396926207859077618 ) ) ;
#600 = VECTOR ( 'NONE', #538, 1000.000000000000227 ) ;
#601 = ORIENTED_EDGE ( 'NONE', *, *, #1830, .T. ) ;
#602 = ORIENTED_EDGE ( 'NONE', *, *, #275, .F. ) ;
#603 = CARTESIAN_POINT ( 'NONE',  ( 14.73286000115955119, -138.9888602356587626, 35.68258155681177612 ) ) ;
#604 = DIRECTION ( 'NONE',  ( -0.000000000000000000, -0.9396926207859083169, 0.3420201433256692680 ) ) ;
#605 = CARTESIAN_POINT ( 'NONE',  ( -7.800000000000011369, -134.6435162101386425, 49.00623213742876061 ) ) ;
#606 = CARTESIAN_POINT ( 'NONE',  ( -6.749269901708617958, -134.4333481168722528, 46.65985982780490815 ) ) ;
#607 = DIRECTION ( 'NONE',  ( 1.729909309651699477E-14, 0.000000000000000000, 1.000000000000000000 ) ) ;
#608 = EDGE_LOOP ( 'NONE', ( #413, #971, #1152, #2025 ) ) ;
#609 = LINE ( 'NONE', #975, #1043 ) ;
#610 = CARTESIAN_POINT ( 'NONE',  ( -6.749269901708617958, -136.7825796688369735, 47.51491018611906725 ) ) ;
#611 = DIRECTION ( 'NONE',  ( -0.000000000000000000, -0.9396926207859082059, 0.3420201433256692125 ) ) ;
#612 = ORIENTED_EDGE ( 'NONE', *, *, #1327, .T. ) ;
#613 = VERTEX_POINT ( 'NONE', #197 ) ;
#614 = CARTESIAN_POINT ( 'NONE',  ( 14.23659374169074354, -139.6370651624139043, 33.95382620775487226 ) ) ;
#615 = LINE ( 'NONE', #1334, #209 ) ;
#616 = CARTESIAN_POINT ( 'NONE',  ( -5.100000000000001421, -141.2266069957076127, 35.30504545410280315 ) ) ;
#617 = CIRCLE ( 'NONE', #1036, 1.000000000000004219 ) ;
#618 = ORIENTED_EDGE ( 'NONE', *, *, #353, .F. ) ;
#619 = DIRECTION ( 'NONE',  ( -1.086737899653015752E-15, -0.3420201433256691570, -0.9396926207859082059 ) ) ;
#620 = ORIENTED_EDGE ( 'NONE', *, *, #1171, .T. ) ;
#621 = VECTOR ( 'NONE', #1127, 1000.000000000000000 ) ;
#622 = CARTESIAN_POINT ( 'NONE',  ( 2.649999999999985700, -137.5426341114130366, 41.04097116734052975 ) ) ;
#623 = CARTESIAN_POINT ( 'NONE',  ( -7.800000000000002487, 41.11190327484445817, -28.71955374537346728 ) ) ;
#624 = VECTOR ( 'NONE', #1786, 1000.000000000000114 ) ;
#625 = ORIENTED_EDGE ( 'NONE', *, *, #2154, .T. ) ;
#626 = EDGE_LOOP ( 'NONE', ( #2303, #1926, #19, #1850 ) ) ;
#627 = B_SPLINE_CURVE_WITH_KNOTS ( 'NONE', 3,
 ( #545, #2272, #2227, #972, #803, #388, #1626, #742, #541, #193, #1635, #1656, #725, #1279, #2016, #203, #5, #572 ),
 .UNSPECIFIED., .F., .F.,
 ( 4, 2, 2, 2, 2, 2, 2, 2, 4 ),
 ( 0.000000000000000000, 0.1250000000000001110, 0.2499999999999999167, 0.3749999999999997780, 0.4999999999999998335, 0.6250000000000000000, 0.7499999999999998890, 0.8749999999999998890, 1.000000000000000000 ),
 .UNSPECIFIED. ) ;
#628 = VECTOR ( 'NONE', #1111, 999.9999999999998863 ) ;
#629 = ORIENTED_EDGE ( 'NONE', *, *, #395, .T. ) ;
#630 = CARTESIAN_POINT ( 'NONE',  ( 14.30779190734524065, -139.5627652811191126, 34.15199745704780554 ) ) ;
#631 = CARTESIAN_POINT ( 'NONE',  ( -15.00000000000000000, -137.5734138895658702, 38.03260002172675058 ) ) ;
#632 = LINE ( 'NONE', #2088, #1913 ) ;
#633 = VERTEX_POINT ( 'NONE', #362 ) ;
#634 = EDGE_CURVE ( 'NONE', #993, #564, #733, .T. ) ;
#635 = CARTESIAN_POINT ( 'NONE',  ( 7.014390456894810555, -143.4808756272983032, 29.11149329142250153 ) ) ;
#636 = ORIENTED_EDGE ( 'NONE', *, *, #927, .F. ) ;
#637 = CARTESIAN_POINT ( 'NONE',  ( -0.9000000000000121236, 43.02721607746817511, -23.45727506897241099 ) ) ;
#638 = CARTESIAN_POINT ( 'NONE',  ( 0.9999999999999991118, -132.0540735843957805, 53.19686288046747080 ) ) ;
#639 = CARTESIAN_POINT ( 'NONE',  ( -7.800000000000011369, -137.1493109465885141, 42.12161768124436634 ) ) ;
#640 = VECTOR ( 'NONE', #1940, 1000.000000000000114 ) ;
#641 = ORIENTED_EDGE ( 'NONE', *, *, #2335, .T. ) ;
#642 = CARTESIAN_POINT ( 'NONE',  ( 13.21841533157146209, -140.4365187969463022, 31.82163315017848859 ) ) ;
#643 = DIRECTION ( 'NONE',  ( -0.000000000000000000, -0.9396926207859082059, 0.3420201433256691570 ) ) ;
#644 = CONICAL_SURFACE ( 'NONE', #228, 0.9999999999998744338, 0.7853981633974276289 ) ;
#645 = ADVANCED_FACE ( 'NONE', ( #558 ), #1475, .F. ) ;
#646 = LINE ( 'NONE', #1373, #2022 ) ;
#647 = EDGE_CURVE ( 'NONE', #491, #1153, #738, .T. ) ;
#648 = VERTEX_POINT ( 'NONE', #1465 ) ;
#649 = MANIFOLD_SOLID_BREP ( 'Stock-Main-1', #1272 ) ;
#650 = DIRECTION ( 'NONE',  ( 0.000000000000000000, -0.9396926207859082059, 0.3420201433256692125 ) ) ;
#651 = ORIENTED_EDGE ( 'NONE', *, *, #1442, .T. ) ;
#652 = FACE_OUTER_BOUND ( 'NONE', #880, .T. ) ;
#653 = ORIENTED_EDGE ( 'NONE', *, *, #158, .F. ) ;
#654 = ADVANCED_FACE ( 'NONE', ( #1294 ), #1456, .F. ) ;
#655 = AXIS2_PLACEMENT_3D ( 'NONE', #2153, #1081, #1093 ) ;
#656 = CARTESIAN_POINT ( 'NONE',  ( 11.03512250446529386, -141.4647745688606619, 29.07919673804431326 ) ) ;
#657 = PLANE ( 'NONE',  #2171 ) ;
#658 = CARTESIAN_POINT ( 'NONE',  ( 0.9999999999999991118, -142.9550734199256397, 25.10449461411093708 ) ) ;
#659 = EDGE_CURVE ( 'NONE', #2206, #1153, #1999, .T. ) ;
#660 = ADVANCED_FACE ( 'NONE', ( #376 ), #1096, .F. ) ;
#661 = CARTESIAN_POINT ( 'NONE',  ( -5.100000000000001421, -142.2526674256846206, 32.48596759174505877 ) ) ;
#662 = ORIENTED_EDGE ( 'NONE', *, *, #179, .T. ) ;
#663 = AXIS2_PLACEMENT_3D ( 'NONE', #178, #650, #887 ) ;
#664 = CIRCLE ( 'NONE', #957, 1.199999999999999289 ) ;
#665 = CARTESIAN_POINT ( 'NONE',  ( 13.14964523275677699, -140.4990271289097734, 31.65489164814805179 ) ) ;
#666 = ORIENTED_EDGE ( 'NONE', *, *, #1384, .F. ) ;
#667 = LINE ( 'NONE', #1764, #902 ) ;
#668 = EDGE_CURVE ( 'NONE', #52, #1758, #1611, .T. ) ;
#669 = DIRECTION ( 'NONE',  ( 9.888506198066339927E-17, -0.9396926207859097602, 0.3420201433256649381 ) ) ;
#670 = VECTOR ( 'NONE', #2045, 1000.000000000000000 ) ;
#671 = CARTESIAN_POINT ( 'NONE',  ( -15.00000000000000000, -138.0316533296930004, 38.23549970735538750 ) ) ;
#672 = EDGE_LOOP ( 'NONE', ( #784, #1075, #2216, #2107 ) ) ;
#673 = CARTESIAN_POINT ( 'NONE',  ( 8.649999999999879563, -138.3536377917720017, 43.19846346870436804 ) ) ;
#674 = ORIENTED_EDGE ( 'NONE', *, *, #6, .T. ) ;
#675 = CARTESIAN_POINT ( 'NONE',  ( 11.65907613292865364, -141.2246589183839376, 29.71961543784017223 ) ) ;
#676 = CARTESIAN_POINT ( 'NONE',  ( -0.9999999999999991118, -142.9550734199256397, 25.10449461411093708 ) ) ;
#677 = ORIENTED_EDGE ( 'NONE', *, *, #2089, .F. ) ;
#678 = CARTESIAN_POINT ( 'NONE',  ( 9.516231763884833939, 40.53474710523774149, -30.30527728886681160 ) ) ;
#679 = AXIS2_PLACEMENT_3D ( 'NONE', #717, #359, #1269 ) ;
#680 = EDGE_CURVE ( 'NONE', #118, #831, #1205, .T. ) ;
#681 = ORIENTED_EDGE ( 'NONE', *, *, #1578, .F. ) ;
#682 = CARTESIAN_POINT ( 'NONE',  ( 10.25157088531359939, -141.7408943686151588, 28.34277024657368216 ) ) ;
#683 = ORIENTED_EDGE ( 'NONE', *, *, #125, .F. ) ;
#684 = DIRECTION ( 'NONE',  ( -0.000000000000000000, -0.9396926207859082059, 0.3420201433256691570 ) ) ;
#685 = CARTESIAN_POINT ( 'NONE',  ( -7.050000000000012257, -138.1924723837318254, 39.25555518784726416 ) ) ;
#686 = CARTESIAN_POINT ( 'NONE',  ( -7.800000000000000711, 38.58095421423449523, -35.67327913918920501 ) ) ;
#687 = AXIS2_PLACEMENT_3D ( 'NONE', #1660, #796, #1342 ) ;
#688 = CARTESIAN_POINT ( 'NONE',  ( -12.38711493563615917, -141.2365306743131441, 35.27778037121607468 ) ) ;
#689 = EDGE_CURVE ( 'NONE', #1792, #160, #231, .T. ) ;
#690 = ORIENTED_EDGE ( 'NONE', *, *, #1533, .T. ) ;
#691 = CARTESIAN_POINT ( 'NONE',  ( -12.99999999999999822, -139.9110385712648394, 38.91953999400674036 ) ) ;
#692 = CARTESIAN_POINT ( 'NONE',  ( 7.800000000000002487, 38.58095421423449523, -35.67327913918920501 ) ) ;
#693 = ORIENTED_EDGE ( 'NONE', *, *, #1310, .T. ) ;
#694 = VECTOR ( 'NONE', #126, 1000.000000000000000 ) ;
#695 = DIRECTION ( 'NONE',  ( -0.000000000000000000, -0.9396926207859085389, 0.3420201433256683798 ) ) ;
#696 = CARTESIAN_POINT ( 'NONE',  ( 8.649999999999879563, -137.5426341114130366, 41.04097116734052975 ) ) ;
#697 = CARTESIAN_POINT ( 'NONE',  ( -10.04064484677975244, -142.6294701333339674, 31.45071066088892664 ) ) ;
#698 = DIRECTION ( 'NONE',  ( -0.000000000000000000, 0.3420201433256692125, 0.9396926207859083169 ) ) ;
#699 = VERTEX_POINT ( 'NONE', #1358 ) ;
#700 = VECTOR ( 'NONE', #1288, 1000.000000000000114 ) ;
#701 = ORIENTED_EDGE ( 'NONE', *, *, #1150, .F. ) ;
#702 = EDGE_CURVE ( 'NONE', #2055, #1906, #338, .T. ) ;
#703 = PLANE ( 'NONE',  #751 ) ;
#704 = ORIENTED_EDGE ( 'NONE', *, *, #1349, .T. ) ;
#705 = CARTESIAN_POINT ( 'NONE',  ( -11.99999999999999645, -136.8414928175954230, 42.96734103995168397 ) ) ;
#706 = CYLINDRICAL_SURFACE ( 'NONE', #655, 0.7499999999999967804 ) ;
#707 = ORIENTED_EDGE ( 'NONE', *, *, #537, .T. ) ;
#708 = DIRECTION ( 'NONE',  ( 0.000000000000000000, -0.3420201433256660484, -0.9396926207859093161 ) ) ;
#709 = FACE_OUTER_BOUND ( 'NONE', #1030, .T. ) ;
#710 = AXIS2_PLACEMENT_3D ( 'NONE', #598, #1689, #1164 ) ;
#711 = EDGE_CURVE ( 'NONE', #1981, #2213, #982, .T. ) ;
#712 = DIRECTION ( 'NONE',  ( 0.000000000000000000, 0.000000000000000000, -1.000000000000000000 ) ) ;
#713 = AXIS2_PLACEMENT_3D ( 'NONE', #583, #570, #252 ) ;
#714 = CARTESIAN_POINT ( 'NONE',  ( -5.100000000000001421, 40.35945895952799845, -30.78687751110247106 ) ) ;
#715 = ORIENTED_EDGE ( 'NONE', *, *, #1105, .T. ) ;
#716 = CARTESIAN_POINT ( 'NONE',  ( -7.050000000000012257, -128.1411845029377332, 35.59718558319759296 ) ) ;
#717 = CARTESIAN_POINT ( 'NONE',  ( -6.749269901708617958, 44.80348628639857367, -18.57701277908620341 ) ) ;
#718 = CARTESIAN_POINT ( 'NONE',  ( -12.00000000000008704, -138.5173915198911629, 38.36284719810073085 ) ) ;
#719 = DIRECTION ( 'NONE',  ( -0.000000000000000000, -0.9396926207859082059, 0.3420201433256692125 ) ) ;
#720 = DIRECTION ( 'NONE',  ( -0.000000000000000000, -0.9396926207859083169, 0.3420201433256692680 ) ) ;
#721 = EDGE_CURVE ( 'NONE', #1113, #1534, #2044, .T. ) ;
#722 = LINE ( 'NONE', #188, #1423 ) ;
#723 = CARTESIAN_POINT ( 'NONE',  ( -11.99999999999999645, -135.9018001968095177, 42.62532089662602175 ) ) ;
#724 = ORIENTED_EDGE ( 'NONE', *, *, #353, .T. ) ;
#725 = CARTESIAN_POINT ( 'NONE',  ( -11.78599384463471722, -141.7340241207265024, 33.91092836086863826 ) ) ;
#726 = DIRECTION ( 'NONE',  ( 0.000000000000000000, -0.9063077870366575972, -0.4226182617406831210 ) ) ;
#727 = CARTESIAN_POINT ( 'NONE',  ( -4.350000000000012079, -127.8846693954434954, 36.30195504878702195 ) ) ;
#728 = DIRECTION ( 'NONE',  ( 1.131094548618418962E-14, 0.000000000000000000, -1.000000000000000000 ) ) ;
#729 = AXIS2_PLACEMENT_3D ( 'NONE', #2008, #1466, #393 ) ;
#730 = ORIENTED_EDGE ( 'NONE', *, *, #1160, .F. ) ;
#731 = VERTEX_POINT ( 'NONE', #591 ) ;
#732 = EDGE_CURVE ( 'NONE', #1439, #1591, #401, .T. ) ;
#733 = LINE ( 'NONE', #33, #1203 ) ;
#734 = CIRCLE ( 'NONE', #478, 0.7499999999999967804 ) ;
#735 = LINE ( 'NONE', #1274, #2289 ) ;
#736 = VECTOR ( 'NONE', #1387, 999.9999999999998863 ) ;
#737 = DIRECTION ( 'NONE',  ( 1.000000000000000000, 0.000000000000000000, 0.000000000000000000 ) ) ;
#738 = CIRCLE ( 'NONE', #2176, 0.7499999999999967804 ) ;
#739 = DIRECTION ( 'NONE',  ( 0.000000000000000000, -0.3420201433256683798, -0.9396926207859085389 ) ) ;
#740 = DIRECTION ( 'NONE',  ( 0.000000000000000000, 0.9396926207859084279, -0.3420201433256687684 ) ) ;
#741 = ORIENTED_EDGE ( 'NONE', *, *, #2313, .T. ) ;
#742 = CARTESIAN_POINT ( 'NONE',  ( -8.319881154073906160, -143.1818594882755633, 29.93303338143982728 ) ) ;
#743 = DIRECTION ( 'NONE',  ( -0.000000000000000000, -0.9396926207859082059, 0.3420201433256691570 ) ) ;
#744 = DIRECTION ( 'NONE',  ( 1.000000000000000000, 0.000000000000000000, -2.891205793294664521E-16 ) ) ;
#745 = ORIENTED_EDGE ( 'NONE', *, *, #507, .F. ) ;
#746 = CARTESIAN_POINT ( 'NONE',  ( -4.866583843108283070, -143.8146215623735600, 28.19453387096838171 ) ) ;
#747 = DIRECTION ( 'NONE',  ( 0.000000000000000000, -0.3420201433256694346, -0.9396926207859082059 ) ) ;
#748 = AXIS2_PLACEMENT_3D ( 'NONE', #2164, #2185, #566 ) ;
#749 = EDGE_CURVE ( 'NONE', #564, #950, #1487, .T. ) ;
#750 = FACE_OUTER_BOUND ( 'NONE', #1671, .T. ) ;
#751 = AXIS2_PLACEMENT_3D ( 'NONE', #1992, #1063, #519 ) ;
#752 = VERTEX_POINT ( 'NONE', #809 ) ;
#753 = FACE_OUTER_BOUND ( 'NONE', #1662, .T. ) ;
#754 = LINE ( 'NONE', #977, #87 ) ;
#755 = EDGE_CURVE ( 'NONE', #1715, #1259, #427, .T. ) ;
#756 = DIRECTION ( 'NONE',  ( -1.000000000000000000, -8.017707728162010337E-17, -2.202847093891190493E-16 ) ) ;
#757 = ORIENTED_EDGE ( 'NONE', *, *, #1768, .F. ) ;
#758 = EDGE_CURVE ( 'NONE', #1159, #1710, #415, .T. ) ;
#759 = ORIENTED_EDGE ( 'NONE', *, *, #836, .F. ) ;
#760 = CARTESIAN_POINT ( 'NONE',  ( 3.900000000000001688, -141.5354604527323374, 30.94791227481115570 ) ) ;
#761 = CARTESIAN_POINT ( 'NONE',  ( -7.800000000000000711, 38.58095421423449523, -35.67327913918920501 ) ) ;
#762 = ADVANCED_FACE ( 'NONE', ( #2058 ), #799, .F. ) ;
#763 = CARTESIAN_POINT ( 'NONE',  ( -11.99999999999999645, -119.4571793330561178, 36.63996838842680859 ) ) ;
#764 = ORIENTED_EDGE ( 'NONE', *, *, #821, .F. ) ;
#765 = CARTESIAN_POINT ( 'NONE',  ( -6.300000000000012257, -127.8846693954434954, 36.30195504878702195 ) ) ;
#766 = DIRECTION ( 'NONE',  ( 9.888506198066338695E-17, -0.9396926207859097602, 0.3420201433256649381 ) ) ;
#767 = DIRECTION ( 'NONE',  ( 0.000000000000000000, -0.3420201433256694346, -0.9396926207859082059 ) ) ;
#768 = DIRECTION ( 'NONE',  ( -0.000000000000000000, -0.9396926207859082059, 0.3420201433256691570 ) ) ;
#769 = ORIENTED_EDGE ( 'NONE', *, *, #647, .T. ) ;
#770 = CARTESIAN_POINT ( 'NONE',  ( -3.900000000000001688, 40.35945895952799845, -30.78687751110247106 ) ) ;
#771 = FACE_OUTER_BOUND ( 'NONE', #672, .T. ) ;
#772 = AXIS2_PLACEMENT_3D ( 'NONE', #1820, #720, #187 ) ;
#773 = CIRCLE ( 'NONE', #1199, 0.7499999999999967804 ) ;
#774 = CARTESIAN_POINT ( 'NONE',  ( -13.14964523275677699, -140.4990271289097734, 31.65489164814805179 ) ) ;
#775 = B_SPLINE_SURFACE_WITH_KNOTS ( 'NONE', 1, 3, ( 
 ( #671, #1395, #1744, #1923, #2124, #849, #1381, #1599, #143, #121, #1557, #2103, #1221, #1777, #330, #1590, #2114, #484 ),
 ( #2323, #1934, #1047, #1241, #688, #1568, #340, #1413, #697, #1425, #2143, #524, #1641, #746, #1069, #1801, #1262, #1107 ) ),
 .UNSPECIFIED., .F., .F., .F.,
 ( 2, 2 ),
 ( 4, 2, 2, 2, 2, 2, 2, 2, 4 ),
 ( 0.000000000000000000, 1.000000000000000000 ),
 ( 1.570796326794896114, 1.767145867644258406, 1.963495408493620475, 2.159844949342982545, 2.356194490192344837, 2.552544031041707129, 2.748893571891068976, 2.945243112740430824, 3.141592653589793116 ),
 .UNSPECIFIED. ) ;
#776 = DIRECTION ( 'NONE',  ( 0.000000000000000000, 0.9396926207859085389, -0.3420201433256683798 ) ) ;
#777 = ORIENTED_EDGE ( 'NONE', *, *, #1323, .F. ) ;
#778 = PLANE ( 'NONE',  #483 ) ;
#779 = VECTOR ( 'NONE', #2061, 1000.000000000000000 ) ;
#780 = EDGE_CURVE ( 'NONE', #966, #1779, #1238, .T. ) ;
#781 = DIRECTION ( 'NONE',  ( 0.000000000000000000, -0.9396926207859082059, 0.3420201433256692125 ) ) ;
#782 =( GEOMETRIC_REPRESENTATION_CONTEXT ( 3 ) GLOBAL_UNCERTAINTY_ASSIGNED_CONTEXT ( ( #1962 ) ) GLOBAL_UNIT_ASSIGNED_CONTEXT ( ( #1629, #2189, #2179 ) ) REPRESENTATION_CONTEXT ( 'NONE', 'WORKASPACE' ) );
#783 = CARTESIAN_POINT ( 'NONE',  ( -7.050000000000012257, -138.5588498777673863, 42.63464789623286322 ) ) ;
#784 = ORIENTED_EDGE ( 'NONE', *, *, #241, .T. ) ;
#785 = ORIENTED_EDGE ( 'NONE', *, *, #132, .T. ) ;
#786 = CARTESIAN_POINT ( 'NONE',  ( 14.74411091556897269, -138.9687214445593781, 35.73629478571633200 ) ) ;
#787 = DIRECTION ( 'NONE',  ( 0.000000000000000000, 0.9201049147318390853, 0.3916719876201450456 ) ) ;
#788 = CYLINDRICAL_SURFACE ( 'NONE', #2104, 0.9999999999998712141 ) ;
#789 = EDGE_CURVE ( 'NONE', #106, #378, #1018, .T. ) ;
#790 = ORIENTED_EDGE ( 'NONE', *, *, #1659, .F. ) ;
#791 = FACE_BOUND ( 'NONE', #1229, .T. ) ;
#792 = EDGE_LOOP ( 'NONE', ( #1391, #759, #1253, #2299 ) ) ;
#793 = CARTESIAN_POINT ( 'NONE',  ( 9.201010126776669296, -142.3727122354947880, 24.84663618706118271 ) ) ;
#794 = AXIS2_PLACEMENT_3D ( 'NONE', #529, #695, #8 ) ;
#795 = DIRECTION ( 'NONE',  ( 0.000000000000000000, 0.9396926207859085389, -0.3420201433256683798 ) ) ;
#796 = DIRECTION ( 'NONE',  ( 0.000000000000000000, -0.9396926207859079838, 0.3420201433256700452 ) ) ;
#797 = ORIENTED_EDGE ( 'NONE', *, *, #2074, .T. ) ;
#798 = ORIENTED_EDGE ( 'NONE', *, *, #1, .F. ) ;
#799 = CYLINDRICAL_SURFACE ( 'NONE', #832, 1.199999999999999289 ) ;
#800 = DIRECTION ( 'NONE',  ( 1.000000000000000000, 0.000000000000000000, 0.000000000000000000 ) ) ;
#801 = DIRECTION ( 'NONE',  ( 0.000000000000000000, -0.3420201433256671586, -0.9396926207859089830 ) ) ;
#802 = ORIENTED_EDGE ( 'NONE', *, *, #2313, .F. ) ;
#803 = CARTESIAN_POINT ( 'NONE',  ( -4.866583843108283070, -143.8146215623735600, 28.19453387096838171 ) ) ;
#804 = DIRECTION ( 'NONE',  ( 0.000000000000000000, 0.3420201433256671586, 0.9396926207859089830 ) ) ;
#805 = VERTEX_POINT ( 'NONE', #1774 ) ;
#806 = AXIS2_PLACEMENT_3D ( 'NONE', #1541, #2018, #1524 ) ;
#807 = DIRECTION ( 'NONE',  ( 0.000000000000000000, -0.9396926207859083169, 0.3420201433256687129 ) ) ;
#808 = VERTEX_POINT ( 'NONE', #151 ) ;
#809 = CARTESIAN_POINT ( 'NONE',  ( -10.50000000000001066, -137.9359572762375876, 39.96032465343670026 ) ) ;
#810 = LINE ( 'NONE', #983, #103 ) ;
#811 = EDGE_CURVE ( 'NONE', #2093, #533, #667, .T. ) ;
#812 = CARTESIAN_POINT ( 'NONE',  ( -13.58365948540648560, -140.2134745467448624, 32.41647451983066475 ) ) ;
#813 = AXIS2_PLACEMENT_3D ( 'NONE', #247, #278, #1503 ) ;
#814 = ORIENTED_EDGE ( 'NONE', *, *, #324, .T. ) ;
#815 = LINE ( 'NONE', #2255, #1862 ) ;
#816 = ORIENTED_EDGE ( 'NONE', *, *, #908, .T. ) ;
#817 = LINE ( 'NONE', #451, #516 ) ;
#818 = DIRECTION ( 'NONE',  ( 8.854317741964942360E-16, 0.3420201433256687684, 0.9396926207859083169 ) ) ;
#819 = LINE ( 'NONE', #623, #1517 ) ;
#820 = ORIENTED_EDGE ( 'NONE', *, *, #2145, .T. ) ;
#821 = EDGE_CURVE ( 'NONE', #2232, #1299, #1005, .T. ) ;
#822 = EDGE_CURVE ( 'NONE', #1316, #1852, #494, .T. ) ;
#823 = ORIENTED_EDGE ( 'NONE', *, *, #680, .T. ) ;
#824 = CARTESIAN_POINT ( 'NONE',  ( 14.51076313740779611, -139.3318694358891889, 34.76780977156031582 ) ) ;
#825 = DIRECTION ( 'NONE',  ( 0.000000000000000000, -0.3420201433256694346, -0.9396926207859082059 ) ) ;
#826 = DIRECTION ( 'NONE',  ( 1.000000000000000000, 0.000000000000000000, 0.000000000000000000 ) ) ;
#827 = CARTESIAN_POINT ( 'NONE',  ( 11.99999999999997158, -136.8414928175954230, 42.96734103995167686 ) ) ;
#828 = EDGE_LOOP ( 'NONE', ( #724, #1957, #84, #1418 ) ) ;
#829 = EDGE_CURVE ( 'NONE', #230, #1406, #119, .T. ) ;
#830 = FACE_BOUND ( 'NONE', #1493, .T. ) ;
#831 = VERTEX_POINT ( 'NONE', #140 ) ;
#832 = AXIS2_PLACEMENT_3D ( 'NONE', #770, #1706, #1867 ) ;
#833 = ADVANCED_FACE ( 'NONE', ( #1052 ), #856, .F. ) ;
#834 = CARTESIAN_POINT ( 'NONE',  ( 6.710957912090281141, -142.5271067056417280, 26.24591618123426784 ) ) ;
#835 = CARTESIAN_POINT ( 'NONE',  ( -0.9999999999999991118, -142.3727122354947880, 24.84663618706118982 ) ) ;
#836 = EDGE_CURVE ( 'NONE', #2109, #1575, #1588, .T. ) ;
#837 = PLANE ( 'NONE',  #68 ) ;
#838 = CARTESIAN_POINT ( 'NONE',  ( -0.9999999999999991118, -135.0873454230118398, 52.17252799720983347 ) ) ;
#839 = EDGE_LOOP ( 'NONE', ( #487, #1377, #2139, #921 ) ) ;
#840 = ADVANCED_FACE ( 'NONE', ( #2130 ), #872, .F. ) ;
#841 = CARTESIAN_POINT ( 'NONE',  ( -0.9000000000000121236, -138.5588498777673863, 42.63464789623286322 ) ) ;
#842 = PRODUCT_CONTEXT ( 'NONE', #1220, 'mechanical' ) ;
#843 = ORIENTED_EDGE ( 'NONE', *, *, #2166, .T. ) ;
#844 = ORIENTED_EDGE ( 'NONE', *, *, #1076, .F. ) ;
#845 = CONICAL_SURFACE ( 'NONE', #1029, 0.9999999999998744338, 0.7853981633974276289 ) ;
#846 = VERTEX_POINT ( 'NONE', #1245 ) ;
#847 = CARTESIAN_POINT ( 'NONE',  ( 8.345796635638533800, -142.2260605482781841, 27.04901407788373646 ) ) ;
#848 = CARTESIAN_POINT ( 'NONE',  ( -11.99999999999987921, -133.7038235893524529, 48.66421199410378051 ) ) ;
#849 = CARTESIAN_POINT ( 'NONE',  ( -13.58365948540648560, -140.2134745467448624, 32.41647451983066475 ) ) ;
#850 = DIRECTION ( 'NONE',  ( 0.000000000000000000, 0.9143751889140099287, -0.4048678968484271112 ) ) ;
#851 = EDGE_LOOP ( 'NONE', ( #294, #1480, #1719, #844 ) ) ;
#852 = VECTOR ( 'NONE', #405, 999.9999999999998863 ) ;
#853 = FACE_BOUND ( 'NONE', #988, .T. ) ;
#854 = ORIENTED_EDGE ( 'NONE', *, *, #749, .T. ) ;
#855 = ORIENTED_EDGE ( 'NONE', *, *, #134, .T. ) ;
#856 = PLANE ( 'NONE',  #1247 ) ;
#857 = CARTESIAN_POINT ( 'NONE',  ( 0.9999999999999991118, -144.6639094361305524, 25.86113461520439927 ) ) ;
#858 = ADVANCED_FACE ( 'NONE', ( #1065 ), #29, .T. ) ;
#859 = CYLINDRICAL_SURFACE ( 'NONE', #550, 0.9999999999999995559 ) ;
#860 = ORIENTED_EDGE ( 'NONE', *, *, #236, .F. ) ;
#861 = FACE_OUTER_BOUND ( 'NONE', #117, .T. ) ;
#862 = EDGE_LOOP ( 'NONE', ( #730, #1214, #871, #1970 ) ) ;
#863 = VERTEX_POINT ( 'NONE', #1453 ) ;
#864 = CARTESIAN_POINT ( 'NONE',  ( 12.93465033496544869, -140.6057597202199929, 31.37024291735127690 ) ) ;
#865 = FACE_OUTER_BOUND ( 'NONE', #2043, .T. ) ;
#866 = ORIENTED_EDGE ( 'NONE', *, *, #822, .F. ) ;
#867 = CARTESIAN_POINT ( 'NONE',  ( 1.000000000000000888, -143.3116232358586615, 25.94209150225952243 ) ) ;
#868 = AXIS2_PLACEMENT_3D ( 'NONE', #1135, #1674, #50 ) ;
#869 = VERTEX_POINT ( 'NONE', #1092 ) ;
#870 = LINE ( 'NONE', #1073, #600 ) ;
#871 = ORIENTED_EDGE ( 'NONE', *, *, #897, .T. ) ;
#872 = CYLINDRICAL_SURFACE ( 'NONE', #157, 0.7499999999999967804 ) ;
#873 = DIRECTION ( 'NONE',  ( 9.888506198066339927E-17, -0.9396926207859097602, 0.3420201433256649381 ) ) ;
#874 = DIRECTION ( 'NONE',  ( 0.000000000000000000, -0.3420201433256693790, -0.9396926207859082059 ) ) ;
#875 = LINE ( 'NONE', #827, #879 ) ;
#876 = EDGE_CURVE ( 'NONE', #533, #1175, #1973, .T. ) ;
#877 = ORIENTED_EDGE ( 'NONE', *, *, #680, .F. ) ;
#878 = LINE ( 'NONE', #692, #938 ) ;
#879 = VECTOR ( 'NONE', #2092, 1000.000000000000000 ) ;
#880 = EDGE_LOOP ( 'NONE', ( #641, #1015, #2012, #2038 ) ) ;
#881 = VECTOR ( 'NONE', #131, 1000.000000000000000 ) ;
#882 = DIRECTION ( 'NONE',  ( 0.000000000000000000, -0.3420201433256660484, -0.9396926207859093161 ) ) ;
#883 = EDGE_CURVE ( 'NONE', #831, #118, #563, .T. ) ;
#884 = CARTESIAN_POINT ( 'NONE',  ( 8.649999999999879563, -136.9440988605931295, 42.68543325371586405 ) ) ;
#885 = EDGE_CURVE ( 'NONE', #2112, #1179, #1817, .T. ) ;
#886 = DIRECTION ( 'NONE',  ( 0.000000000000000000, 0.000000000000000000, -1.000000000000000000 ) ) ;
#887 = DIRECTION ( 'NONE',  ( 0.000000000000000000, -0.3420201433256660484, -0.9396926207859093161 ) ) ;
#888 = AXIS2_PLACEMENT_3D ( 'NONE', #176, #186, #886 ) ;
#889 = AXIS2_PLACEMENT_3D ( 'NONE', #392, #1119, #1651 ) ;
#890 = DIRECTION ( 'NONE',  ( 0.000000000000000000, 0.000000000000000000, -1.000000000000000000 ) ) ;
#891 = EDGE_CURVE ( 'NONE', #510, #1045, #2175, .T. ) ;
#892 = ORIENTED_EDGE ( 'NONE', *, *, #395, .F. ) ;
#893 = CARTESIAN_POINT ( 'NONE',  ( 8.649999999999879563, -136.9440988605931295, 42.68543325371586405 ) ) ;
#894 = CARTESIAN_POINT ( 'NONE',  ( -4.350000000000012079, -139.3454962074164598, 40.47335486842520424 ) ) ;
#895 = VECTOR ( 'NONE', #2031, 1000.000000000000114 ) ;
#896 = VERTEX_POINT ( 'NONE', #542 ) ;
#897 = EDGE_CURVE ( 'NONE', #533, #1113, #2269, .T. ) ;
#898 = CARTESIAN_POINT ( 'NONE',  ( -15.00000000000000000, -131.2712852580012282, 35.24213764297361706 ) ) ;
#899 = DIRECTION ( 'NONE',  ( 0.000000000000000000, -0.9396926207859082059, 0.3420201433256692125 ) ) ;
#900 = LINE ( 'NONE', #1811, #1789 ) ;
#901 = ADVANCED_FACE ( 'NONE', ( #1608 ), #555, .F. ) ;
#902 = VECTOR ( 'NONE', #1910, 1000.000000000000000 ) ;
#903 = DIRECTION ( 'NONE',  ( -1.203685677208396808E-14, 0.3420201433256692680, 0.9396926207859083169 ) ) ;
#904 = VERTEX_POINT ( 'NONE', #705 ) ;
#905 = AXIS2_PLACEMENT_3D ( 'NONE', #1448, #551, #1813 ) ;
#906 = DIRECTION ( 'NONE',  ( -1.000000000000000000, 9.292156304918831372E-17, 2.552998962580734451E-16 ) ) ;
#907 = VERTEX_POINT ( 'NONE', #204 ) ;
#908 = EDGE_CURVE ( 'NONE', #210, #1694, #1055, .T. ) ;
#909 = LINE ( 'NONE', #214, #1845 ) ;
#910 = DIRECTION ( 'NONE',  ( 0.7071067811865440200, -0.6644630243886792131, 0.2418447626479731938 ) ) ;
#911 = ORIENTED_EDGE ( 'NONE', *, *, #1739, .F. ) ;
#912 = DIRECTION ( 'NONE',  ( 0.000000000000000000, -0.3420201433256660484, -0.9396926207859093161 ) ) ;
#913 = DIRECTION ( 'NONE',  ( 0.000000000000000000, -0.3420201433256645496, -0.9396926207859098712 ) ) ;
#914 = CARTESIAN_POINT ( 'NONE',  ( -6.300000000000012257, -137.1493109465885141, 42.12161768124436634 ) ) ;
#915 = PLANE ( 'NONE',  #1737 ) ;
#916 = ORIENTED_EDGE ( 'NONE', *, *, #290, .T. ) ;
#917 = CARTESIAN_POINT ( 'NONE',  ( 0.9999999999999991118, -8.471048136853312371, -19.13146559835720950 ) ) ;
#918 = CARTESIAN_POINT ( 'NONE',  ( -9.750000000000012434, -127.0980230657944361, 38.46324807659468092 ) ) ;
#919 = LINE ( 'NONE', #31, #1782 ) ;
#920 = AXIS2_PLACEMENT_3D ( 'NONE', #1108, #44, #913 ) ;
#921 = ORIENTED_EDGE ( 'NONE', *, *, #1570, .T. ) ;
#922 = DIRECTION ( 'NONE',  ( 0.000000000000000000, 0.9396926207859083169, -0.3420201433256692125 ) ) ;
#923 = CARTESIAN_POINT ( 'NONE',  ( 0.9999999999999991118, -135.0873454230118398, 52.17252799720983347 ) ) ;
#924 = EDGE_CURVE ( 'NONE', #1534, #1692, #1215, .T. ) ;
#925 = CARTESIAN_POINT ( 'NONE',  ( -10.50000000000001066, -134.6435162101386425, 49.00623213742876061 ) ) ;
#926 = VECTOR ( 'NONE', #2226, 999.9999999999998863 ) ;
#927 = EDGE_CURVE ( 'NONE', #1259, #1179, #1286, .T. ) ;
#928 = CARTESIAN_POINT ( 'NONE',  ( -6.300000000000012257, -127.0980230657944361, 38.46324807659468092 ) ) ;
#929 = EDGE_LOOP ( 'NONE', ( #335, #1961, #681, #2135 ) ) ;
#930 = DIRECTION ( 'NONE',  ( -1.000000000000000000, 0.000000000000000000, 1.156482317317891841E-15 ) ) ;
#931 = CARTESIAN_POINT ( 'NONE',  ( -1.650000000000011680, -139.6020113149106976, 39.76858540283576815 ) ) ;
#932 = PLANE ( 'NONE',  #1477 ) ;
#933 = ORIENTED_EDGE ( 'NONE', *, *, #26, .T. ) ;
#934 = DIRECTION ( 'NONE',  ( -0.000000000000000000, -0.9396926207859082059, 0.3420201433256691570 ) ) ;
#935 = PLANE ( 'NONE',  #2097 ) ;
#936 = EDGE_CURVE ( 'NONE', #1716, #1949, #1432, .T. ) ;
#937 = DIRECTION ( 'NONE',  ( -0.000000000000000000, -0.9396926207859082059, 0.3420201433256692125 ) ) ;
#938 = VECTOR ( 'NONE', #1969, 1000.000000000000114 ) ;
#939 = VERTEX_POINT ( 'NONE', #1257 ) ;
#940 = CARTESIAN_POINT ( 'NONE',  ( 3.900000000000000799, -140.8161828237167867, 36.43267659904588385 ) ) ;
#941 = DIRECTION ( 'NONE',  ( 9.888506198066339927E-17, -0.9396926207859097602, 0.3420201433256649381 ) ) ;
#942 = CARTESIAN_POINT ( 'NONE',  ( 7.800000000000002487, -141.8774805960579783, 30.00821965402526459 ) ) ;
#943 = ORIENTED_EDGE ( 'NONE', *, *, #876, .T. ) ;
#944 = DIRECTION ( 'NONE',  ( 2.344220913482164260E-16, -0.3420201433256699897, -0.9396926207859078728 ) ) ;
#945 = LINE ( 'NONE', #605, #1985 ) ;
#946 = ADVANCED_FACE ( 'NONE', ( #1794 ), #1995, .F. ) ;
#947 = EDGE_LOOP ( 'NONE', ( #1939, #297, #1639, #1679 ) ) ;
#948 = AXIS2_PLACEMENT_3D ( 'NONE', #41, #756, #1473 ) ;
#949 = DIRECTION ( 'NONE',  ( 0.000000000000000000, 0.3420201433256816470, 0.9396926207859037650 ) ) ;
#950 = VERTEX_POINT ( 'NONE', #1292 ) ;
#951 = CARTESIAN_POINT ( 'NONE',  ( -0.9000000000000121236, -138.5588498777673863, 42.63464789623286322 ) ) ;
#952 = DIRECTION ( 'NONE',  ( 9.888506198066339927E-17, -0.9396926207859097602, 0.3420201433256649381 ) ) ;
#953 = ORIENTED_EDGE ( 'NONE', *, *, #1126, .F. ) ;
#954 = CARTESIAN_POINT ( 'NONE',  ( 14.80712444427090801, -138.8467973244675022, 36.06152817568688107 ) ) ;
#955 = CARTESIAN_POINT ( 'NONE',  ( 11.99999999999997158, -119.4571793330561178, 36.63996838842680148 ) ) ;
#956 = CIRCLE ( 'NONE', #58, 0.7499999999999967804 ) ;
#957 = AXIS2_PLACEMENT_3D ( 'NONE', #1610, #1433, #1986 ) ;
#958 = CARTESIAN_POINT ( 'NONE',  ( -8.016105178130121800, -142.3043538602545368, 26.83999589073984993 ) ) ;
#959 = CARTESIAN_POINT ( 'NONE',  ( -4.350000000000012079, -138.1924723837318254, 39.25555518784726416 ) ) ;
#960 = CARTESIAN_POINT ( 'NONE',  ( 9.516231763884833939, -140.2055954912906088, 35.47882754734539645 ) ) ;
#961 = ORIENTED_EDGE ( 'NONE', *, *, #1603, .T. ) ;
#962 = VECTOR ( 'NONE', #801, 1000.000000000000000 ) ;
#963 = CARTESIAN_POINT ( 'NONE',  ( -5.100000000000001421, -140.0989758507645035, 34.89462128211198433 ) ) ;
#964 = DIRECTION ( 'NONE',  ( 0.000000000000000000, 0.3420201433256699897, 0.9396926207859078728 ) ) ;
#965 = ORIENTED_EDGE ( 'NONE', *, *, #1071, .F. ) ;
#966 = VERTEX_POINT ( 'NONE', #381 ) ;
#967 = DIRECTION ( 'NONE',  ( -1.000000000000000000, 0.000000000000000000, 0.000000000000000000 ) ) ;
#968 = DIRECTION ( 'NONE',  ( 0.000000000000000000, -0.3420201433256660484, -0.9396926207859093161 ) ) ;
#969 = VECTOR ( 'NONE', #443, 999.9999999999998863 ) ;
#970 = CARTESIAN_POINT ( 'NONE',  ( -15.00000000000000000, -138.0316533296930288, 38.23549970735539461 ) ) ;
#971 = ORIENTED_EDGE ( 'NONE', *, *, #45, .T. ) ;
#972 = CARTESIAN_POINT ( 'NONE',  ( -4.111395129252090719, -143.8931531640268133, 27.97877006871235750 ) ) ;
#973 = PLANE ( 'NONE',  #42 ) ;
#974 = ORIENTED_EDGE ( 'NONE', *, *, #2297, .T. ) ;
#975 = CARTESIAN_POINT ( 'NONE',  ( -15.00000000000000000, -133.7038235893524813, 48.66421199410369525 ) ) ;
#976 = VECTOR ( 'NONE', #684, 1000.000000000000114 ) ;
#977 = CARTESIAN_POINT ( 'NONE',  ( -15.00000000000000000, -139.1915871429198432, 40.89621654777891990 ) ) ;
#978 = DIRECTION ( 'NONE',  ( -0.000000000000000000, -0.9396926207859082059, 0.3420201433256692125 ) ) ;
#979 = EDGE_LOOP ( 'NONE', ( #1596, #431, #1625, #1898, #1616 ) ) ;
#980 = EDGE_CURVE ( 'NONE', #2256, #69, #2004, .T. ) ;
#981 = ORIENTED_EDGE ( 'NONE', *, *, #822, .T. ) ;
#982 = LINE ( 'NONE', #2072, #969 ) ;
#983 = CARTESIAN_POINT ( 'NONE',  ( -3.900000000000001688, 40.76988313151880305, -29.65924636615937970 ) ) ;
#984 = LINE ( 'NONE', #110, #145 ) ;
#985 = DIRECTION ( 'NONE',  ( 0.000000000000000000, -0.9396926207859082059, 0.3420201433256692125 ) ) ;
#986 = EDGE_CURVE ( 'NONE', #1945, #613, #408, .T. ) ;
#987 = CARTESIAN_POINT ( 'NONE',  ( 2.650000000000016787, -138.1411693622329722, 39.39650908096520254 ) ) ;
#988 = EDGE_LOOP ( 'NONE', ( #2271, #2241 ) ) ;
#989 = CARTESIAN_POINT ( 'NONE',  ( -9.750000000000012434, -139.3454962074164598, 40.47335486842520424 ) ) ;
#990 = CARTESIAN_POINT ( 'NONE',  ( 10.54128906718432646, -142.4203452509161423, 32.02527655317817334 ) ) ;
#991 = DIRECTION ( 'NONE',  ( -0.000000000000000000, -0.9396926207859083169, 0.3420201433256692125 ) ) ;
#992 = ORIENTED_EDGE ( 'NONE', *, *, #1352, .F. ) ;
#993 = VERTEX_POINT ( 'NONE', #1826 ) ;
#994 = CARTESIAN_POINT ( 'NONE',  ( 13.96842888947474393, -139.8865741101671176, 33.28833498627853515 ) ) ;
#995 = CARTESIAN_POINT ( 'NONE',  ( -7.050000000000012257, -127.8846693954434954, 36.30195504878702195 ) ) ;
#996 = CARTESIAN_POINT ( 'NONE',  ( -0.9999999999999991118, -8.471048136853312371, -19.13146559835720950 ) ) ;
#997 = EDGE_CURVE ( 'NONE', #1694, #2249, #909, .T. ) ;
#998 = CARTESIAN_POINT ( 'NONE',  ( 1.784903858754713912, -144.0247409958145397, 27.61723547220072561 ) ) ;
#999 = ORIENTED_EDGE ( 'NONE', *, *, #195, .T. ) ;
#1000 = ADVANCED_FACE ( 'NONE', ( #1597 ), #1840, .F. ) ;
#1001 = CARTESIAN_POINT ( 'NONE',  ( 1.916302978653872779, -142.9550951300396378, 25.10443671208341598 ) ) ;
#1002 = EDGE_CURVE ( 'NONE', #993, #1655, #1510, .T. ) ;
#1003 = ORIENTED_EDGE ( 'NONE', *, *, #1489, .F. ) ;
#1004 = ORIENTED_EDGE ( 'NONE', *, *, #112, .F. ) ;
#1005 = LINE ( 'NONE', #1226, #640 ) ;
#1006 = CARTESIAN_POINT ( 'NONE',  ( 2.649999999999985700, -137.5426341114130366, 41.04097116734052975 ) ) ;
#1007 = B_SPLINE_CURVE_WITH_KNOTS ( 'NONE', 3,
 ( #1788, #998, #1561, #475, #1884, #1374, #635, #2282, #2105, #486, #293, #355, #1385, #1724, #1733, #1536, #1190, #1361 ),
 .UNSPECIFIED., .F., .F.,
 ( 4, 2, 2, 2, 2, 2, 2, 2, 4 ),
 ( 0.000000000000000000, 0.1250000000000001665, 0.2500000000000003331, 0.3750000000000004996, 0.5000000000000006661, 0.6250000000000004441, 0.7500000000000003331, 0.8750000000000001110, 1.000000000000000000 ),
 .UNSPECIFIED. ) ;
#1008 = DIRECTION ( 'NONE',  ( -0.000000000000000000, 0.000000000000000000, 1.000000000000000000 ) ) ;
#1009 = EDGE_CURVE ( 'NONE', #590, #2232, #754, .T. ) ;
#1010 = LINE ( 'NONE', #124, #1684 ) ;
#1011 = LINE ( 'NONE', #1613, #477 ) ;
#1012 = EDGE_LOOP ( 'NONE', ( #1746, #1182, #1470, #288 ) ) ;
#1013 = DIRECTION ( 'NONE',  ( -0.000000000000000000, -0.9396926207859082059, 0.3420201433256692125 ) ) ;
#1014 = CARTESIAN_POINT ( 'NONE',  ( 14.90975576921958989, -138.6761177773423128, 36.51668112404228594 ) ) ;
#1015 = ORIENTED_EDGE ( 'NONE', *, *, #1516, .F. ) ;
#1016 = ORIENTED_EDGE ( 'NONE', *, *, #668, .T. ) ;
#1017 = AXIS2_PLACEMENT_3D ( 'NONE', #610, #795, #573 ) ;
#1018 = LINE ( 'NONE', #1194, #409 ) ;
#1019 = DIRECTION ( 'NONE',  ( -0.000000000000000000, -0.9396926207859082059, 0.3420201433256692125 ) ) ;
#1020 = AXIS2_PLACEMENT_3D ( 'NONE', #1615, #2137, #356 ) ;
#1021 = LINE ( 'NONE', #514, #111 ) ;
#1022 = FACE_OUTER_BOUND ( 'NONE', #2070, .T. ) ;
#1023 = ORIENTED_EDGE ( 'NONE', *, *, #659, .T. ) ;
#1024 = CARTESIAN_POINT ( 'NONE',  ( -6.300000000000012257, -134.6435162101386425, 49.00623213742876061 ) ) ;
#1025 = DIRECTION ( 'NONE',  ( -0.000000000000000000, 0.9396926207859082059, -0.3420201433256692125 ) ) ;
#1026 = SHAPE_DEFINITION_REPRESENTATION ( #1677, #1058 ) ;
#1027 = EDGE_LOOP ( 'NONE', ( #1399, #171, #2277, #1499 ) ) ;
#1028 = CARTESIAN_POINT ( 'NONE',  ( -7.800000000000000711, -140.6558801890363100, 29.56359346770188878 ) ) ;
#1029 = AXIS2_PLACEMENT_3D ( 'NONE', #1066, #1841, #599 ) ;
#1030 = EDGE_LOOP ( 'NONE', ( #269, #1016, #1072, #298 ) ) ;
#1031 = CARTESIAN_POINT ( 'NONE',  ( 7.361737689934224171, -142.4181363931009230, 26.53662073775797836 ) ) ;
#1032 = CARTESIAN_POINT ( 'NONE',  ( -2.400000000000013234, -138.5588498777673578, 42.63464789623286322 ) ) ;
#1033 = CARTESIAN_POINT ( 'NONE',  ( 0.9999999999999991118, -132.5239198947887189, 53.36787295213029836 ) ) ;
#1034 = EDGE_CURVE ( 'NONE', #2036, #648, #1129, .T. ) ;
#1035 = ORIENTED_EDGE ( 'NONE', *, *, #343, .T. ) ;
#1036 = AXIS2_PLACEMENT_3D ( 'NONE', #960, #2024, #949 ) ;
#1037 = AXIS2_PLACEMENT_3D ( 'NONE', #311, #669, #1393 ) ;
#1038 = CARTESIAN_POINT ( 'NONE',  ( -9.000000000000010658, -139.3454962074164598, 40.47335486842520424 ) ) ;
#1039 = EDGE_LOOP ( 'NONE', ( #1137, #1929, #238, #1206, #454 ) ) ;
#1040 = CARTESIAN_POINT ( 'NONE',  ( 5.100000000000001421, -141.2266069957076127, 35.30504545410280315 ) ) ;
#1041 = ORIENTED_EDGE ( 'NONE', *, *, #2267, .T. ) ;
#1042 = DIRECTION ( 'NONE',  ( 0.000000000000000000, 0.9396926207859083169, -0.3420201433256693235 ) ) ;
#1043 = VECTOR ( 'NONE', #2026, 999.9999999999998863 ) ;
#1044 = DIRECTION ( 'NONE',  ( 2.716844749132481694E-16, 0.3420201433256692125, 0.9396926207859082059 ) ) ;
#1045 = VERTEX_POINT ( 'NONE', #963 ) ;
#1046 = AXIS2_PLACEMENT_3D ( 'NONE', #606, #464, #1188 ) ;
#1047 = CARTESIAN_POINT ( 'NONE',  ( -12.92264780218782505, -140.4495104524741009, 37.44010065937290221 ) ) ;
#1048 = ORIENTED_EDGE ( 'NONE', *, *, #417, .T. ) ;
#1049 = FACE_OUTER_BOUND ( 'NONE', #552, .T. ) ;
#1050 = VERTEX_POINT ( 'NONE', #2027 ) ;
#1051 = VERTEX_POINT ( 'NONE', #2204 ) ;
#1052 = FACE_OUTER_BOUND ( 'NONE', #2147, .T. ) ;
#1053 = EDGE_CURVE ( 'NONE', #1565, #493, #2033, .T. ) ;
#1054 = CARTESIAN_POINT ( 'NONE',  ( -7.800000000000000711, -141.8774805960579783, 30.00821965402526459 ) ) ;
#1055 = CIRCLE ( 'NONE', #748, 1.199999999999999289 ) ;
#1056 = FACE_OUTER_BOUND ( 'NONE', #2063, .T. ) ;
#1057 = VECTOR ( 'NONE', #46, 1000.000000000000000 ) ;
#1058 = ADVANCED_BREP_SHAPE_REPRESENTATION ( 'ThermallerPSUCover', ( #649, #385 ), #243 ) ;
#1059 = ORIENTED_EDGE ( 'NONE', *, *, #499, .T. ) ;
#1060 = ORIENTED_EDGE ( 'NONE', *, *, #702, .T. ) ;
#1061 = EDGE_CURVE ( 'NONE', #156, #907, #79, .T. ) ;
#1062 = LINE ( 'NONE', #1145, #700 ) ;
#1063 = DIRECTION ( 'NONE',  ( 0.000000000000000000, 0.4226182617407009956, -0.9063077870366492705 ) ) ;
#1064 = ORIENTED_EDGE ( 'NONE', *, *, #2263, .T. ) ;
#1065 = FACE_OUTER_BOUND ( 'NONE', #862, .T. ) ;
#1066 = CARTESIAN_POINT ( 'NONE',  ( -6.749269901708617958, -135.9368563101296843, 47.20709205712597623 ) ) ;
#1067 = PRODUCT_RELATED_PRODUCT_CATEGORY ( 'part', '', ( #412 ) ) ;
#1068 = LINE ( 'NONE', #686, #624 ) ;
#1069 = CARTESIAN_POINT ( 'NONE',  ( -4.111395129252090719, -143.8931531640268133, 27.97877006871235750 ) ) ;
#1070 = CARTESIAN_POINT ( 'NONE',  ( 23.44999999999999929, -135.0873454230118398, 52.17252799720981216 ) ) ;
#1071 = EDGE_CURVE ( 'NONE', #1050, #1191, #1876, .T. ) ;
#1072 = ORIENTED_EDGE ( 'NONE', *, *, #407, .T. ) ;
#1073 = CARTESIAN_POINT ( 'NONE',  ( -0.9999999999999991118, -125.6822119262423740, 50.87769490003755379 ) ) ;
#1074 = AXIS2_PLACEMENT_3D ( 'NONE', #198, #1085, #1128 ) ;
#1075 = ORIENTED_EDGE ( 'NONE', *, *, #435, .T. ) ;
#1076 = EDGE_CURVE ( 'NONE', #1769, #699, #526, .T. ) ;
#1077 = CARTESIAN_POINT ( 'NONE',  ( 8.649999999999879563, -138.1411693622329722, 39.39650908096520254 ) ) ;
#1078 = VECTOR ( 'NONE', #1784, 1000.000000000000227 ) ;
#1079 = ADVANCED_FACE ( 'NONE', ( #256 ), #1401, .T. ) ;
#1080 = CARTESIAN_POINT ( 'NONE',  ( 9.516231763884833939, -138.7020872980330637, 34.93159531802429996 ) ) ;
#1081 = DIRECTION ( 'NONE',  ( -0.000000000000000000, -0.9396926207859083169, 0.3420201433256692680 ) ) ;
#1082 = ORIENTED_EDGE ( 'NONE', *, *, #634, .T. ) ;
#1083 = LINE ( 'NONE', #898, #1307 ) ;
#1084 = SURFACE_STYLE_FILL_AREA ( #534 ) ;
#1085 = DIRECTION ( 'NONE',  ( -0.000000000000000000, -0.9396926207859083169, 0.3420201433256692680 ) ) ;
#1086 = VECTOR ( 'NONE', #1404, 1000.000000000000114 ) ;
#1087 = ADVANCED_FACE ( 'NONE', ( #1301 ), #1648, .T. ) ;
#1088 = LINE ( 'NONE', #2023, #1389 ) ;
#1089 = CARTESIAN_POINT ( 'NONE',  ( -0.9999999999999991118, -139.1915871429198717, 40.89621654777892701 ) ) ;
#1090 = EDGE_LOOP ( 'NONE', ( #450, #1094, #348, #1520 ) ) ;
#1091 = DIRECTION ( 'NONE',  ( 0.000000000000000000, 0.3420201433256679358, 0.9396926207859086499 ) ) ;
#1092 = CARTESIAN_POINT ( 'NONE',  ( 3.900000000000001688, -142.6630915976754181, 31.35833644680197096 ) ) ;
#1093 = DIRECTION ( 'NONE',  ( 0.000000000000000000, -0.3420201433256660484, -0.9396926207859093161 ) ) ;
#1094 = ORIENTED_EDGE ( 'NONE', *, *, #924, .F. ) ;
#1095 = PLANE ( 'NONE',  #180 ) ;
#1096 = PLANE ( 'NONE',  #1916 ) ;
#1097 = DIRECTION ( 'NONE',  ( 0.000000000000000000, -0.9143751889140099287, 0.4048678968484271112 ) ) ;
#1098 = CARTESIAN_POINT ( 'NONE',  ( -12.99999999999999822, -139.9110385712648394, 38.91953999400674036 ) ) ;
#1099 = ORIENTED_EDGE ( 'NONE', *, *, #647, .F. ) ;
#1100 = CARTESIAN_POINT ( 'NONE',  ( -7.800000000000011369, -139.3454962074164598, 40.47335486842520424 ) ) ;
#1101 = DIRECTION ( 'NONE',  ( 0.000000000000000000, -0.3420201433256687684, -0.9396926207859084279 ) ) ;
#1102 = ORIENTED_EDGE ( 'NONE', *, *, #1830, .F. ) ;
#1103 = CARTESIAN_POINT ( 'NONE',  ( 12.99999999999999822, -139.9110385712648394, 38.91953999400674036 ) ) ;
#1104 = CARTESIAN_POINT ( 'NONE',  ( -5.100000000000001421, -140.0989758507644183, 34.89462128211214065 ) ) ;
#1105 = EDGE_CURVE ( 'NONE', #2206, #1316, #1363, .T. ) ;
#1106 = FACE_OUTER_BOUND ( 'NONE', #426, .T. ) ;
#1107 = CARTESIAN_POINT ( 'NONE',  ( -0.9999999999999904521, -144.0247228677753242, 27.61728527857909299 ) ) ;
#1108 = CARTESIAN_POINT ( 'NONE',  ( -1.650000000000011680, 42.24056974781911578, -25.61856809678006996 ) ) ;
#1109 = VECTOR ( 'NONE', #1675, 1000.000000000000000 ) ;
#1110 = EDGE_CURVE ( 'NONE', #286, #254, #3, .T. ) ;
#1111 = DIRECTION ( 'NONE',  ( -0.000000000000000000, -0.9396926207859083169, 0.3420201433256692125 ) ) ;
#1112 = CARTESIAN_POINT ( 'NONE',  ( -5.100000000000012079, -138.5588498777673863, 42.63464789623286322 ) ) ;
#1113 = VERTEX_POINT ( 'NONE', #271 ) ;
#1114 = LINE ( 'NONE', #716, #1874 ) ;
#1115 = CARTESIAN_POINT ( 'NONE',  ( -0.9999999999999904521, -144.0247228677753242, 27.61728527857909299 ) ) ;
#1116 = CYLINDRICAL_SURFACE ( 'NONE', #1409, 0.7499999999999967804 ) ;
#1117 = ADVANCED_FACE ( 'NONE', ( #40 ), #2017, .F. ) ;
#1118 = AXIS2_PLACEMENT_3D ( 'NONE', #928, #1130, #1161 ) ;
#1119 = DIRECTION ( 'NONE',  ( -0.000000000000000000, 0.9396926207859079838, -0.3420201433256699897 ) ) ;
#1120 = FACE_OUTER_BOUND ( 'NONE', #1987, .T. ) ;
#1121 = LINE ( 'NONE', #1338, #460 ) ;
#1122 = ORIENTED_EDGE ( 'NONE', *, *, #199, .F. ) ;
#1123 = DIRECTION ( 'NONE',  ( -1.000000000000000000, 0.000000000000000000, -0.000000000000000000 ) ) ;
#1124 = DIRECTION ( 'NONE',  ( -0.000000000000000000, -0.9396926207859083169, 0.3420201433256692125 ) ) ;
#1125 = DIRECTION ( 'NONE',  ( 0.000000000000000000, -0.9396926207859082059, 0.3420201433256692125 ) ) ;
#1126 = EDGE_CURVE ( 'NONE', #869, #2318, #1505, .T. ) ;
#1127 = DIRECTION ( 'NONE',  ( 1.000000000000000000, 0.000000000000000000, -1.156482317317897757E-15 ) ) ;
#1128 = DIRECTION ( 'NONE',  ( 0.000000000000000000, -0.3420201433256660484, -0.9396926207859093161 ) ) ;
#1129 = CIRCLE ( 'NONE', #39, 1.199999999999999289 ) ;
#1130 = DIRECTION ( 'NONE',  ( 1.000000000000000000, 0.000000000000000000, 0.000000000000000000 ) ) ;
#1131 = VECTOR ( 'NONE', #906, 1000.000000000000000 ) ;
#1132 = VERTEX_POINT ( 'NONE', #587 ) ;
#1133 = DIRECTION ( 'NONE',  ( -1.840931035730488994E-14, -0.3420201433256649381, -0.9396926207859097602 ) ) ;
#1134 = EDGE_CURVE ( 'NONE', #1998, #440, #1771, .T. ) ;
#1135 = CARTESIAN_POINT ( 'NONE',  ( 15.00000000000000000, 0.000000000000000000, 0.000000000000000000 ) ) ;
#1136 = EDGE_CURVE ( 'NONE', #2093, #1550, #1497, .T. ) ;
#1137 = ORIENTED_EDGE ( 'NONE', *, *, #372, .T. ) ;
#1138 = ORIENTED_EDGE ( 'NONE', *, *, #2100, .T. ) ;
#1139 = DIRECTION ( 'NONE',  ( -0.000000000000000000, 0.3420201433256671586, 0.9396926207859089830 ) ) ;
#1140 = CARTESIAN_POINT ( 'NONE',  ( -15.00000000000000000, -138.0316533296930288, 38.23549970735539461 ) ) ;
#1141 = PLANE ( 'NONE',  #327 ) ;
#1142 = CARTESIAN_POINT ( 'NONE',  ( -2.832568032326474583, -142.9233369728405307, 25.18913728938409946 ) ) ;
#1143 = VERTEX_POINT ( 'NONE', #2218 ) ;
#1144 = DIRECTION ( 'NONE',  ( -0.7071067811865472397, -0.6644630243886751053, 0.2418447626479751089 ) ) ;
#1145 = CARTESIAN_POINT ( 'NONE',  ( -3.600000000000012079, -127.8846693954434954, 36.30195504878702195 ) ) ;
#1146 = DIRECTION ( 'NONE',  ( -0.000000000000000000, 0.3420201433256671586, 0.9396926207859089830 ) ) ;
#1147 = ORIENTED_EDGE ( 'NONE', *, *, #1837, .T. ) ;
#1148 = FACE_OUTER_BOUND ( 'NONE', #113, .T. ) ;
#1149 = LINE ( 'NONE', #1178, #597 ) ;
#1150 = EDGE_CURVE ( 'NONE', #2264, #1805, #1149, .T. ) ;
#1151 = CARTESIAN_POINT ( 'NONE',  ( -1.650000000000011680, -137.9359572762375876, 39.96032465343669315 ) ) ;
#1152 = ORIENTED_EDGE ( 'NONE', *, *, #2288, .T. ) ;
#1153 = VERTEX_POINT ( 'NONE', #931 ) ;
#1154 = CARTESIAN_POINT ( 'NONE',  ( 14.73192651013361321, -138.9905150515704122, 35.67816804120648300 ) ) ;
#1155 = DIRECTION ( 'NONE',  ( 9.888506198066339927E-17, -0.9396926207859097602, 0.3420201433256649381 ) ) ;
#1156 = AXIS2_PLACEMENT_3D ( 'NONE', #535, #383, #34 ) ;
#1157 = CIRCLE ( 'NONE', #363, 1.749999999999994449 ) ;
#1158 = DIRECTION ( 'NONE',  ( -0.000000000000000000, -0.9396926207859082059, 0.3420201433256692125 ) ) ;
#1159 = VERTEX_POINT ( 'NONE', #1038 ) ;
#1160 = EDGE_CURVE ( 'NONE', #1175, #1981, #1927, .T. ) ;
#1161 = DIRECTION ( 'NONE',  ( 0.000000000000000000, 0.000000000000000000, -1.000000000000000000 ) ) ;
#1162 = ORIENTED_EDGE ( 'NONE', *, *, #1640, .T. ) ;
#1163 = CIRCLE ( 'NONE', #1948, 1.749999999999994449 ) ;
#1164 = DIRECTION ( 'NONE',  ( 0.000000000000000000, 0.000000000000000000, -1.000000000000000000 ) ) ;
#1165 = FACE_OUTER_BOUND ( 'NONE', #2129, .T. ) ;
#1166 = EDGE_LOOP ( 'NONE', ( #250, #357, #2173, #91 ) ) ;
#1167 = ORIENTED_EDGE ( 'NONE', *, *, #811, .F. ) ;
#1168 = CARTESIAN_POINT ( 'NONE',  ( -0.9999999999999991118, -142.3727122354947880, 24.84663618706118982 ) ) ;
#1169 = LINE ( 'NONE', #1707, #1198 ) ;
#1170 = DIRECTION ( 'NONE',  ( 0.000000000000000000, -0.3420201433256711554, -0.9396926207859075397 ) ) ;
#1171 = EDGE_CURVE ( 'NONE', #1852, #1191, #1224, .T. ) ;
#1172 = ORIENTED_EDGE ( 'NONE', *, *, #1661, .T. ) ;
#1173 = CARTESIAN_POINT ( 'NONE',  ( 2.649999999999985700, -138.9521730425919088, 41.55400138232903373 ) ) ;
#1174 = DIRECTION ( 'NONE',  ( -0.000000000000000000, -0.9396926207859083169, 0.3420201433256692680 ) ) ;
#1175 = VERTEX_POINT ( 'NONE', #638 ) ;
#1176 = DIRECTION ( 'NONE',  ( 0.000000000000000000, -0.3420201433256649381, -0.9396926207859097602 ) ) ;
#1177 = AXIS2_PLACEMENT_3D ( 'NONE', #1658, #2068, #767 ) ;
#1178 = CARTESIAN_POINT ( 'NONE',  ( -7.800000000000011369, -127.0980230657944361, 38.46324807659468092 ) ) ;
#1179 = VERTEX_POINT ( 'NONE', #673 ) ;
#1180 = EDGE_LOOP ( 'NONE', ( #823, #2161 ) ) ;
#1181 = EDGE_CURVE ( 'NONE', #1700, #1550, #1809, .T. ) ;
#1182 = ORIENTED_EDGE ( 'NONE', *, *, #1451, .T. ) ;
#1183 = CARTESIAN_POINT ( 'NONE',  ( 14.06951694478133064, -139.7972870483430654, 33.52647815646882634 ) ) ;
#1184 = CARTESIAN_POINT ( 'NONE',  ( -0.9000000000000121236, -137.1493109465885425, 42.12161768124436634 ) ) ;
#1185 = DIRECTION ( 'NONE',  ( 0.000000000000000000, -0.3420201433256649381, -0.9396926207859097602 ) ) ;
#1186 = ADVANCED_FACE ( 'NONE', ( #830, #128, #853, #1573, #2298 ), #307, .F. ) ;
#1187 = ORIENTED_EDGE ( 'NONE', *, *, #582, .T. ) ;
#1188 = DIRECTION ( 'NONE',  ( 0.000000000000000000, -0.3420201433256705448, -0.9396926207859077618 ) ) ;
#1189 = EDGE_CURVE ( 'NONE', #206, #1700, #1904, .T. ) ;
#1190 = CARTESIAN_POINT ( 'NONE',  ( 13.00005293029836473, -140.1803590637539969, 38.17958802229646409 ) ) ;
#1191 = VERTEX_POINT ( 'NONE', #841 ) ;
#1192 = CARTESIAN_POINT ( 'NONE',  ( 14.28496742490953864, -139.6180547108327232, 34.00448869589902046 ) ) ;
#1193 = ORIENTED_EDGE ( 'NONE', *, *, #1585, .T. ) ;
#1194 = CARTESIAN_POINT ( 'NONE',  ( 0.000000000000000000, -140.6558801890363384, 29.56359346770189589 ) ) ;
#1195 = EDGE_CURVE ( 'NONE', #1316, #1050, #1540, .T. ) ;
#1196 = DIRECTION ( 'NONE',  ( -1.000000000000000000, 0.000000000000000000, 0.000000000000000000 ) ) ;
#1197 = DIRECTION ( 'NONE',  ( -0.000000000000000000, -0.9396926207859083169, 0.3420201433256692125 ) ) ;
#1198 = VECTOR ( 'NONE', #2210, 1000.000000000000114 ) ;
#1199 = AXIS2_PLACEMENT_3D ( 'NONE', #1742, #873, #1765 ) ;
#1200 = FACE_OUTER_BOUND ( 'NONE', #1027, .T. ) ;
#1201 = ORIENTED_EDGE ( 'NONE', *, *, #1034, .F. ) ;
#1202 = CARTESIAN_POINT ( 'NONE',  ( 8.016105178130121800, -142.3043538602545368, 26.83999589073984993 ) ) ;
#1203 = VECTOR ( 'NONE', #1967, 1000.000000000000114 ) ;
#1204 = ORIENTED_EDGE ( 'NONE', *, *, #1649, .T. ) ;
#1205 = CIRCLE ( 'NONE', #1647, 0.9999999999999947820 ) ;
#1206 = ORIENTED_EDGE ( 'NONE', *, *, #1248, .T. ) ;
#1207 = CARTESIAN_POINT ( 'NONE',  ( 12.74463155107289225, -140.7115018668589528, 31.08821286601762779 ) ) ;
#1208 = CARTESIAN_POINT ( 'NONE',  ( -9.750000000000012434, -139.3454962074164598, 40.47335486842520424 ) ) ;
#1209 = FACE_OUTER_BOUND ( 'NONE', #1290, .T. ) ;
#1210 = LINE ( 'NONE', #2144, #1943 ) ;
#1211 = ORIENTED_EDGE ( 'NONE', *, *, #1254, .F. ) ;
#1212 = CARTESIAN_POINT ( 'NONE',  ( 2.832568032326474583, -142.9233369728405307, 25.18913728938409946 ) ) ;
#1213 = ORIENTED_EDGE ( 'NONE', *, *, #1965, .T. ) ;
#1214 = ORIENTED_EDGE ( 'NONE', *, *, #876, .F. ) ;
#1215 = CIRCLE ( 'NONE', #794, 12.00000000000001421 ) ;
#1216 = ADVANCED_FACE ( 'NONE', ( #861 ), #644, .F. ) ;
#1217 = CARTESIAN_POINT ( 'NONE',  ( -0.9000000000000121236, -134.6435162101386425, 49.00623213742876061 ) ) ;
#1218 = DIRECTION ( 'NONE',  ( 0.000000000000000000, -0.9063077870366502697, -0.4226182617406989417 ) ) ;
#1219 = CIRCLE ( 'NONE', #2151, 14.00000000000000355 ) ;
#1220 = APPLICATION_CONTEXT ( 'automotive_design' ) ;
#1221 = CARTESIAN_POINT ( 'NONE',  ( -7.204121622594555241, -142.4569848953187261, 26.43292136488273059 ) ) ;
#1222 = B_SPLINE_CURVE_WITH_KNOTS ( 'NONE', 3,
 ( #1140, #17, #556, #691 ),
 .UNSPECIFIED., .F., .F.,
 ( 4, 4 ),
 ( 0.000000000000000000, 1.000000000000000000 ),
 .UNSPECIFIED. ) ;
#1223 = ORIENTED_EDGE ( 'NONE', *, *, #936, .T. ) ;
#1224 = LINE ( 'NONE', #2306, #498 ) ;
#1225 = ORIENTED_EDGE ( 'NONE', *, *, #2326, .T. ) ;
#1226 = CARTESIAN_POINT ( 'NONE',  ( -15.00000000000000000, -137.9852258486298524, 38.36305816321863915 ) ) ;
#1227 = DIRECTION ( 'NONE',  ( 0.000000000000000000, -0.9396926207859082059, 0.3420201433256692125 ) ) ;
#1228 = DIRECTION ( 'NONE',  ( 0.000000000000000000, -0.9396926207859083169, 0.3420201433256687129 ) ) ;
#1229 = EDGE_LOOP ( 'NONE', ( #892, #25, #1873, #1386, #115 ) ) ;
#1230 = ORIENTED_EDGE ( 'NONE', *, *, #537, .F. ) ;
#1231 = CIRCLE ( 'NONE', #22, 0.7499999999999967804 ) ;
#1232 = ADVANCED_FACE ( 'NONE', ( #652 ), #581, .T. ) ;
#1233 = CARTESIAN_POINT ( 'NONE',  ( 12.99999999999999822, -139.9110385712648394, 38.91953999400674036 ) ) ;
#1234 = EDGE_LOOP ( 'NONE', ( #2071, #2327, #1122, #2315 ) ) ;
#1235 = ORIENTED_EDGE ( 'NONE', *, *, #302, .F. ) ;
#1236 = CARTESIAN_POINT ( 'NONE',  ( -12.00000000000008704, -121.1330780353518861, 32.03547454657584836 ) ) ;
#1237 = DIRECTION ( 'NONE',  ( 0.000000000000000000, 0.3420201433256692125, 0.9396926207859082059 ) ) ;
#1238 = B_SPLINE_CURVE_WITH_KNOTS ( 'NONE', 3,
 ( #277, #95, #246, #289, #1345, #954, #1695, #1680, #70, #786, #1502, #2222, #603, #1154, #2235, #1529, #824, #630, #614, #458, #1183, #1892, #994, #1717, #1545, #1305, #108, #2020, #2278, #642, #299, #864, #1577, #1207, #1371, #2291, #1402, #2122, #1921, #1953, #675, #1379, #1555, #1752, #656, #1730, #512, #2110, #2265, #471, #2086, #847, #1410, #1031, #504, #130, #834, #1931, #336, #310, #1566, #161, #2099, #481 ),
 .UNSPECIFIED., .F., .F.,
 ( 4, 2, 2, 2, 1, 1, 1, 1, 2, 2, 2, 2, 1, 1, 1, 1, 2, 2, 2, 2, 1, 1, 1, 2, 2, 2, 2, 1, 1, 1, 2, 2, 2, 2, 2, 1, 1, 2, 2, 4 ),
 ( 0.000000000000000000, 0.06249999999992481015, 0.09374999999988721522, 0.1093749999998683969, 0.1171874999998598482, 0.1210937499998546718, 0.1230468749998523820, 0.1240234374998518962, 0.1245117187498522848, 0.1249999999998526734, 0.1874999999999875933, 0.2187500000000546507, 0.2343750000000881795, 0.2421875000001054712, 0.2460937500001129374, 0.2480468750001167400, 0.2490234375001174894, 0.2500000000001182388, 0.3125000000001049161, 0.3437500000000978662, 0.3593750000000953126, 0.3671875000000934253, 0.3710937500000921485, 0.3730468750000914824, 0.3750000000000908718, 0.4375000000000897060, 0.4687500000000891509, 0.4843750000000888178, 0.4921875000000889844, 0.4960937500000886513, 0.4980468750000884293, 0.5000000000000882627, 0.6250000000000750511, 0.6875000000000680567, 0.7187500000000646150, 0.7343750000000629496, 0.7421875000000625056, 0.7460937500000618394, 0.7500000000000612843, 1.000000000000000000 ),
 .UNSPECIFIED. ) ;
#1239 = VECTOR ( 'NONE', #903, 999.9999999999998863 ) ;
#1240 = EDGE_LOOP ( 'NONE', ( #107, #602, #81, #636 ) ) ;
#1241 = CARTESIAN_POINT ( 'NONE',  ( -12.61619892748970528, -140.9776466782133753, 35.98905830475842293 ) ) ;
#1242 = VERTEX_POINT ( 'NONE', #2183 ) ;
#1243 = CARTESIAN_POINT ( 'NONE',  ( -7.050000000000012257, -137.9359572762375876, 39.96032465343670026 ) ) ;
#1244 = ORIENTED_EDGE ( 'NONE', *, *, #732, .F. ) ;
#1245 = CARTESIAN_POINT ( 'NONE',  ( -3.600000000000012079, -138.5588498777673863, 42.63464789623286322 ) ) ;
#1246 = LINE ( 'NONE', #857, #881 ) ;
#1247 = AXIS2_PLACEMENT_3D ( 'NONE', #1236, #328, #1042 ) ;
#1248 = EDGE_CURVE ( 'NONE', #1420, #1998, #1325, .T. ) ;
#1249 = DIRECTION ( 'NONE',  ( 0.000000000000000000, -0.3420201433256694346, -0.9396926207859082059 ) ) ;
#1250 = VECTOR ( 'NONE', #1687, 1000.000000000000000 ) ;
#1251 = CARTESIAN_POINT ( 'NONE',  ( -9.750000000000012434, -139.6020113149106976, 39.76858540283577526 ) ) ;
#1252 = ADVANCED_FACE ( 'NONE', ( #181 ), #2329, .F. ) ;
#1253 = ORIENTED_EDGE ( 'NONE', *, *, #1417, .F. ) ;
#1254 = EDGE_CURVE ( 'NONE', #378, #731, #878, .T. ) ;
#1255 = CARTESIAN_POINT ( 'NONE',  ( 7.800000000000002487, 38.58095421423449523, -35.67327913918920501 ) ) ;
#1256 = VERTEX_POINT ( 'NONE', #1100 ) ;
#1257 = CARTESIAN_POINT ( 'NONE',  ( 0.9999999999999904521, -144.0247228677753242, 27.61728527857909299 ) ) ;
#1258 = CARTESIAN_POINT ( 'NONE',  ( -0.9999999999999991118, -132.5239198947887189, 53.36787295213029836 ) ) ;
#1259 = VERTEX_POINT ( 'NONE', #1958 ) ;
#1260 = EDGE_CURVE ( 'NONE', #2093, #1408, #870, .T. ) ;
#1261 = DIRECTION ( 'NONE',  ( -0.000000000000000000, -0.9396926207859083169, 0.3420201433256692125 ) ) ;
#1262 = CARTESIAN_POINT ( 'NONE',  ( -1.785402553131883341, -144.0247410073322385, 27.61723544055585933 ) ) ;
#1263 = CARTESIAN_POINT ( 'NONE',  ( 3.900000000000001688, 39.33339852955097626, -33.60595537346021189 ) ) ;
#1264 = LINE ( 'NONE', #925, #2207 ) ;
#1265 = CARTESIAN_POINT ( 'NONE',  ( 23.44999999999999929, -132.0540735843957521, 53.19686288046747080 ) ) ;
#1266 = CIRCLE ( 'NONE', #249, 0.7499999999999967804 ) ;
#1267 = DIRECTION ( 'NONE',  ( 0.000000000000000000, -0.3420201433256660484, -0.9396926207859093161 ) ) ;
#1268 = VECTOR ( 'NONE', #744, 1000.000000000000000 ) ;
#1269 = DIRECTION ( 'NONE',  ( 0.000000000000000000, -0.3420201433256715995, -0.9396926207859073177 ) ) ;
#1270 = DIRECTION ( 'NONE',  ( 0.000000000000000000, -0.9396926207859082059, 0.3420201433256691570 ) ) ;
#1271 = ORIENTED_EDGE ( 'NONE', *, *, #1076, .T. ) ;
#1272 = CLOSED_SHELL ( 'NONE', ( #901, #1919, #645, #1736, #1216, #189, #403, #2191, #1186, #579, #251, #1300, #485, #1668, #233, #1917, #1232, #2322, #1079, #1283, #56, #858, #1087, #1365, #1693, #332, #530, #946, #1320, #2214, #1117, #2136, #1595, #1523, #833, #1424, #2019, #2158, #152, #1938, #166, #1743, #1821, #840, #1000, #2146, #21, #1698, #1447, #1721, #540, #2159, #589, #1834, #1900, #654, #1944, #1776, #660, #2320, #1281, #762, #1559, #2212, #1982, #1252, #226, #2275 ) ) ;
#1273 = CARTESIAN_POINT ( 'NONE',  ( -1.650000000000011680, 41.98405464032487089, -26.32333756236950251 ) ) ;
#1274 = CARTESIAN_POINT ( 'NONE',  ( -7.800000000000002487, -139.3465315354480083, 36.96194504784100587 ) ) ;
#1275 = AXIS2_PLACEMENT_3D ( 'NONE', #996, #1722, #280 ) ;
#1276 = ORIENTED_EDGE ( 'NONE', *, *, #72, .F. ) ;
#1277 = DIRECTION ( 'NONE',  ( 1.000000000000000000, -0.000000000000000000, 0.000000000000000000 ) ) ;
#1278 = ORIENTED_EDGE ( 'NONE', *, *, #1181, .F. ) ;
#1279 = CARTESIAN_POINT ( 'NONE',  ( -12.38711493563615917, -141.2365306743131441, 35.27778037121607468 ) ) ;
#1280 = CARTESIAN_POINT ( 'NONE',  ( -6.749269901708617958, 45.14550642972420036, -17.63732015830041533 ) ) ;
#1281 = ADVANCED_FACE ( 'NONE', ( #1606 ), #915, .F. ) ;
#1282 = DIRECTION ( 'NONE',  ( 0.000000000000000000, -0.3420201433256693790, -0.9396926207859082059 ) ) ;
#1283 = ADVANCED_FACE ( 'NONE', ( #170 ), #703, .F. ) ;
#1284 = FILL_AREA_STYLE_COLOUR ( '', #1458 ) ;
#1285 = FACE_OUTER_BOUND ( 'NONE', #1734, .T. ) ;
#1286 = CIRCLE ( 'NONE', #279, 1.749999999999994449 ) ;
#1287 = DIRECTION ( 'NONE',  ( -0.000000000000000000, -0.9396926207859083169, 0.3420201433256692680 ) ) ;
#1288 = DIRECTION ( 'NONE',  ( -0.000000000000000000, -0.9396926207859082059, 0.3420201433256692125 ) ) ;
#1289 = CARTESIAN_POINT ( 'NONE',  ( 7.800000000000002487, -133.7038235893525382, 48.66421199410356735 ) ) ;
#1290 = EDGE_LOOP ( 'NONE', ( #1602, #1048, #274, #674 ) ) ;
#1291 = DIRECTION ( 'NONE',  ( 0.000000000000000000, -0.3420201433256649381, -0.9396926207859097602 ) ) ;
#1292 = CARTESIAN_POINT ( 'NONE',  ( -7.800000000000002487, -139.3465315354480083, 36.96194504784100587 ) ) ;
#1293 = LINE ( 'NONE', #718, #1268 ) ;
#1294 = FACE_OUTER_BOUND ( 'NONE', #333, .T. ) ;
#1295 = CARTESIAN_POINT ( 'NONE',  ( -7.800000000000002487, -138.1249311284263399, 36.51731886151763007 ) ) ;
#1296 = VECTOR ( 'NONE', #910, 1000.000000000000000 ) ;
#1297 = ORIENTED_EDGE ( 'NONE', *, *, #1, .T. ) ;
#1298 = LINE ( 'NONE', #1479, #175 ) ;
#1299 = VERTEX_POINT ( 'NONE', #1429 ) ;
#1300 = ADVANCED_FACE ( 'NONE', ( #1049 ), #123, .T. ) ;
#1301 = FACE_OUTER_BOUND ( 'NONE', #839, .T. ) ;
#1302 = CARTESIAN_POINT ( 'NONE',  ( 15.00000000000000000, -137.5734138895658702, 38.03260002172675058 ) ) ;
#1303 = VECTOR ( 'NONE', #643, 1000.000000000000114 ) ;
#1304 = VERTEX_POINT ( 'NONE', #1947 ) ;
#1305 = CARTESIAN_POINT ( 'NONE',  ( 13.93919941029774812, -139.9116123777790222, 33.22155588475777677 ) ) ;
#1306 = CARTESIAN_POINT ( 'NONE',  ( -1.650000000000011680, -137.1493109465885141, 42.12161768124435213 ) ) ;
#1307 = VECTOR ( 'NONE', #850, 1000.000000000000000 ) ;
#1308 = PLANE ( 'NONE',  #2295 ) ;
#1309 = AXIS2_PLACEMENT_3D ( 'NONE', #2198, #1975, #708 ) ;
#1310 = EDGE_CURVE ( 'NONE', #118, #1132, #1770, .T. ) ;
#1311 = DIRECTION ( 'NONE',  ( -1.000000000000000000, 6.296354966932145715E-15, 1.729909309651699477E-14 ) ) ;
#1312 = ORIENTED_EDGE ( 'NONE', *, *, #1378, .F. ) ;
#1313 = CARTESIAN_POINT ( 'NONE',  ( -10.50000000000001066, -139.3454962074164598, 40.47335486842520424 ) ) ;
#1314 = CARTESIAN_POINT ( 'NONE',  ( 0.000000000000000000, -138.1249311284263683, 36.51731886151765138 ) ) ;
#1315 =( NAMED_UNIT ( * ) SI_UNIT ( $, .STERADIAN. ) SOLID_ANGLE_UNIT ( ) );
#1316 = VERTEX_POINT ( 'NONE', #527 ) ;
#1317 = CARTESIAN_POINT ( 'NONE',  ( -14.99999999999999822, -140.3847777707362638, 30.30844124034080522 ) ) ;
#1318 = CYLINDRICAL_SURFACE ( 'NONE', #177, 0.7500000000000001110 ) ;
#1319 = VECTOR ( 'NONE', #1513, 1000.000000000000000 ) ;
#1320 = ADVANCED_FACE ( 'NONE', ( #1592 ), #411, .F. ) ;
#1321 = CARTESIAN_POINT ( 'NONE',  ( -10.25157088531359939, -141.7408943686151588, 28.34277024657368216 ) ) ;
#1322 = ORIENTED_EDGE ( 'NONE', *, *, #758, .T. ) ;
#1323 = EDGE_CURVE ( 'NONE', #1175, #1408, #2, .T. ) ;
#1324 = LINE ( 'NONE', #2228, #1057 ) ;
#1325 = CIRCLE ( 'NONE', #2078, 0.7499999999999967804 ) ;
#1326 = ORIENTED_EDGE ( 'NONE', *, *, #1489, .T. ) ;
#1327 = EDGE_CURVE ( 'NONE', #326, #1339, #1980, .T. ) ;
#1328 = CARTESIAN_POINT ( 'NONE',  ( -7.050000000000012257, -137.9359572762375876, 39.96032465343670026 ) ) ;
#1329 = FACE_OUTER_BOUND ( 'NONE', #1531, .T. ) ;
#1330 = EDGE_LOOP ( 'NONE', ( #1003, #1712, #2287, #1528 ) ) ;
#1331 = EDGE_LOOP ( 'NONE', ( #1584, #74 ) ) ;
#1332 = EDGE_LOOP ( 'NONE', ( #1582, #1933, #1394, #2244 ) ) ;
#1333 = DIRECTION ( 'NONE',  ( 8.659560562354964906E-17, -0.4226182617406925024, 0.9063077870366531563 ) ) ;
#1334 = CARTESIAN_POINT ( 'NONE',  ( 23.44999999999999929, -144.0247228677753242, 27.61728527857910365 ) ) ;
#1335 = EDGE_CURVE ( 'NONE', #1572, #1949, #1653, .T. ) ;
#1336 = CARTESIAN_POINT ( 'NONE',  ( -12.13150391171450693, -141.0348908240159460, 30.22571664767944810 ) ) ;
#1337 = CIRCLE ( 'NONE', #569, 0.7499999999999967804 ) ;
#1338 = CARTESIAN_POINT ( 'NONE',  ( -3.600000000000012079, -127.0980230657944361, 38.46324807659468092 ) ) ;
#1339 = VERTEX_POINT ( 'NONE', #723 ) ;
#1340 = PLANE ( 'NONE',  #2252 ) ;
#1341 = CARTESIAN_POINT ( 'NONE',  ( 0.9999999999999991118, -139.1915871429198717, 40.89621654777892701 ) ) ;
#1342 = DIRECTION ( 'NONE',  ( 0.000000000000000000, -0.3420201433256699897, -0.9396926207859078728 ) ) ;
#1343 = ORIENTED_EDGE ( 'NONE', *, *, #324, .F. ) ;
#1344 = EDGE_LOOP ( 'NONE', ( #380, #1430, #1833, #2079 ) ) ;
#1345 = CARTESIAN_POINT ( 'NONE',  ( 14.85262725887554502, -138.7473414621946972, 36.32683666451200111 ) ) ;
#1346 = FACE_OUTER_BOUND ( 'NONE', #1332, .T. ) ;
#1347 = AXIS2_PLACEMENT_3D ( 'NONE', #2273, #698, #1914 ) ;
#1348 = CARTESIAN_POINT ( 'NONE',  ( -3.900000000000001688, -141.5354604527323374, 30.94791227481115570 ) ) ;
#1349 = EDGE_CURVE ( 'NONE', #2249, #53, #1620, .T. ) ;
#1350 = LINE ( 'NONE', #2190, #2168 ) ;
#1351 = ORIENTED_EDGE ( 'NONE', *, *, #2154, .F. ) ;
#1352 = EDGE_CURVE ( 'NONE', #1113, #966, #1632, .T. ) ;
#1353 = CIRCLE ( 'NONE', #2062, 1.000000000000004219 ) ;
#1354 = DIRECTION ( 'NONE',  ( 0.000000000000000000, -0.3420201433256762624, -0.9396926207859057634 ) ) ;
#1355 = LINE ( 'NONE', #2231, #1109 ) ;
#1356 = ORIENTED_EDGE ( 'NONE', *, *, #1349, .F. ) ;
#1357 = ORIENTED_EDGE ( 'NONE', *, *, #1516, .T. ) ;
#1358 = CARTESIAN_POINT ( 'NONE',  ( -6.749269901708617958, -137.4324179411556770, 45.72949420662602904 ) ) ;
#1359 = FACE_OUTER_BOUND ( 'NONE', #539, .T. ) ;
#1360 = CARTESIAN_POINT ( 'NONE',  ( -7.800000000000011369, -138.5588498777673863, 42.63464789623286322 ) ) ;
#1361 = CARTESIAN_POINT ( 'NONE',  ( 12.99999999999999822, -139.9110385712648394, 38.91953999400674036 ) ) ;
#1362 = ORIENTED_EDGE ( 'NONE', *, *, #346, .T. ) ;
#1363 = CIRCLE ( 'NONE', #1434, 0.7499999999999967804 ) ;
#1364 = DIRECTION ( 'NONE',  ( 0.000000000000000000, 0.000000000000000000, -1.000000000000000000 ) ) ;
#1365 = ADVANCED_FACE ( 'NONE', ( #1460, #562, #791, #90, #237, #2215, #2002, #59, #750 ), #1644, .F. ) ;
#1366 = VECTOR ( 'NONE', #1780, 1000.000000000000000 ) ;
#1367 = DIRECTION ( 'NONE',  ( 0.000000000000000000, -0.3420201433256705448, -0.9396926207859077618 ) ) ;
#1368 = ORIENTED_EDGE ( 'NONE', *, *, #1427, .F. ) ;
#1369 = ORIENTED_EDGE ( 'NONE', *, *, #1903, .F. ) ;
#1370 = ORIENTED_EDGE ( 'NONE', *, *, #435, .F. ) ;
#1371 = CARTESIAN_POINT ( 'NONE',  ( 12.69272494770542536, -140.7393394575383354, 31.01396727769702011 ) ) ;
#1372 = CARTESIAN_POINT ( 'NONE',  ( -9.750000000000012434, -137.1493109465885141, 42.12161768124435923 ) ) ;
#1373 = CARTESIAN_POINT ( 'NONE',  ( -5.100000000000001421, 39.33339852955097626, -33.60595537346021189 ) ) ;
#1374 = CARTESIAN_POINT ( 'NONE',  ( 6.317158979228744364, -143.6086599759830733, 28.76040867885136265 ) ) ;
#1375 = ORIENTED_EDGE ( 'NONE', *, *, #125, .T. ) ;
#1376 = CARTESIAN_POINT ( 'NONE',  ( 8.929917901697379534, -143.0102351326420091, 30.40456742317147842 ) ) ;
#1377 = ORIENTED_EDGE ( 'NONE', *, *, #521, .T. ) ;
#1378 = EDGE_CURVE ( 'NONE', #2093, #2232, #1219, .T. ) ;
#1379 = CARTESIAN_POINT ( 'NONE',  ( 11.51052059484884538, -141.2849529404408315, 29.55880454112282507 ) ) ;
#1380 = DIRECTION ( 'NONE',  ( -1.840931035730488994E-14, -0.3420201433256692680, -0.9396926207859083169 ) ) ;
#1381 = CARTESIAN_POINT ( 'NONE',  ( -13.14964523275677699, -140.4990271289097734, 31.65489164814805179 ) ) ;
#1382 = AXIS2_PLACEMENT_3D ( 'NONE', #20, #2167, #747 ) ;
#1383 = CIRCLE ( 'NONE', #253, 0.7499999999999967804 ) ;
#1384 = EDGE_CURVE ( 'NONE', #1993, #1607, #1835, .T. ) ;
#1385 = CARTESIAN_POINT ( 'NONE',  ( 11.78623962231000455, -141.7337886214865534, 33.91157538971283714 ) ) ;
#1386 = ORIENTED_EDGE ( 'NONE', *, *, #2288, .F. ) ;
#1387 = DIRECTION ( 'NONE',  ( -0.000000000000000000, -0.9396926207859083169, 0.3420201433256692680 ) ) ;
#1388 = CARTESIAN_POINT ( 'NONE',  ( 14.55223208207086749, -139.3082121036821377, 34.83085426659118866 ) ) ;
#1389 = VECTOR ( 'NONE', #737, 1000.000000000000000 ) ;
#1390 = ORIENTED_EDGE ( 'NONE', *, *, #2263, .F. ) ;
#1391 = ORIENTED_EDGE ( 'NONE', *, *, #35, .T. ) ;
#1392 = DIRECTION ( 'NONE',  ( -0.000000000000000000, 0.3420201433256649381, 0.9396926207859097602 ) ) ;
#1393 = DIRECTION ( 'NONE',  ( 0.000000000000000000, -0.3420201433256660484, -0.9396926207859093161 ) ) ;
#1394 = ORIENTED_EDGE ( 'NONE', *, *, #199, .T. ) ;
#1395 = CARTESIAN_POINT ( 'NONE',  ( -15.00006173390555908, -138.3538922221086978, 37.37607263023616611 ) ) ;
#1396 = CARTESIAN_POINT ( 'NONE',  ( -5.100000000000012079, -137.9359572762375876, 39.96032465343670026 ) ) ;
#1397 = ORIENTED_EDGE ( 'NONE', *, *, #1002, .F. ) ;
#1398 = CARTESIAN_POINT ( 'NONE',  ( -6.749269901708617958, -135.9368563101296843, 47.20709205712597623 ) ) ;
#1399 = ORIENTED_EDGE ( 'NONE', *, *, #1857, .F. ) ;
#1400 = LINE ( 'NONE', #1040, #261 ) ;
#1401 = CONICAL_SURFACE ( 'NONE', #122, 11.99999999999999112, 0.7853981633974473908 ) ;
#1402 = CARTESIAN_POINT ( 'NONE',  ( 12.65550042655793206, -140.7590910285806558, 30.96128839891535023 ) ) ;
#1403 = LINE ( 'NONE', #321, #1452 ) ;
#1404 = DIRECTION ( 'NONE',  ( -0.000000000000000000, -0.9396926207859082059, 0.3420201433256692125 ) ) ;
#1405 = EDGE_CURVE ( 'NONE', #907, #846, #1121, .T. ) ;
#1406 = VERTEX_POINT ( 'NONE', #595 ) ;
#1407 = CARTESIAN_POINT ( 'NONE',  ( -12.99999999999999822, -139.1915871429198717, 40.89621654777891990 ) ) ;
#1408 = VERTEX_POINT ( 'NONE', #386 ) ;
#1409 = AXIS2_PLACEMENT_3D ( 'NONE', #205, #374, #1443 ) ;
#1410 = CARTESIAN_POINT ( 'NONE',  ( 7.955552701800436388, -142.3074049798195233, 26.83202423260704350 ) ) ;
#1411 = DIRECTION ( 'NONE',  ( 0.000000000000000000, -0.3420201433256762624, -0.9396926207859057634 ) ) ;
#1412 = EDGE_CURVE ( 'NONE', #1691, #1716, #1847, .T. ) ;
#1413 = CARTESIAN_POINT ( 'NONE',  ( -10.54128906718432646, -142.4203452509161423, 32.02527655317817334 ) ) ;
#1414 = ORIENTED_EDGE ( 'NONE', *, *, #1105, .F. ) ;
#1415 = VECTOR ( 'NONE', #291, 1000.000000000000000 ) ;
#1416 = CARTESIAN_POINT ( 'NONE',  ( 2.570772599135003667, -143.9982059909896464, 27.69013979878226195 ) ) ;
#1417 = EDGE_CURVE ( 'NONE', #2112, #2109, #1324, .T. ) ;
#1418 = ORIENTED_EDGE ( 'NONE', *, *, #1061, .F. ) ;
#1419 = ORIENTED_EDGE ( 'NONE', *, *, #1310, .F. ) ;
#1420 = VERTEX_POINT ( 'NONE', #1654 ) ;
#1421 = DIRECTION ( 'NONE',  ( 0.000000000000000000, -0.9396926207859082059, 0.3420201433256692125 ) ) ;
#1422 = LINE ( 'NONE', #848, #1756 ) ;
#1423 = VECTOR ( 'NONE', #1803, 1000.000000000000114 ) ;
#1424 = ADVANCED_FACE ( 'NONE', ( #2037 ), #973, .F. ) ;
#1425 = CARTESIAN_POINT ( 'NONE',  ( -8.929917901697379534, -143.0102351326420091, 30.40456742317147842 ) ) ;
#1426 = LINE ( 'NONE', #1600, #694 ) ;
#1427 = EDGE_CURVE ( 'NONE', #344, #501, #2050, .T. ) ;
#1428 = ORIENTED_EDGE ( 'NONE', *, *, #574, .T. ) ;
#1429 = CARTESIAN_POINT ( 'NONE',  ( -15.00000000000000000, -138.0316533296930288, 38.23549970735539461 ) ) ;
#1430 = ORIENTED_EDGE ( 'NONE', *, *, #1889, .T. ) ;
#1431 = EDGE_CURVE ( 'NONE', #805, #1406, #1669, .T. ) ;
#1432 = LINE ( 'NONE', #1280, #2149 ) ;
#1433 = DIRECTION ( 'NONE',  ( -0.000000000000000000, 0.9396926207859079838, -0.3420201433256699897 ) ) ;
#1434 = AXIS2_PLACEMENT_3D ( 'NONE', #2242, #2040, #2230 ) ;
#1435 = FACE_OUTER_BOUND ( 'NONE', #828, .T. ) ;
#1436 = AXIS2_PLACEMENT_3D ( 'NONE', #1255, #1277, #890 ) ;
#1437 = CYLINDRICAL_SURFACE ( 'NONE', #2052, 1.199999999999999289 ) ;
#1438 = CARTESIAN_POINT ( 'NONE',  ( 4.866583843108283070, -143.8146215623735600, 28.19453387096838171 ) ) ;
#1439 = VERTEX_POINT ( 'NONE', #432 ) ;
#1440 = DIRECTION ( 'NONE',  ( 0.000000000000000000, -0.4048678968484270557, -0.9143751889140100397 ) ) ;
#1441 = DIRECTION ( 'NONE',  ( -0.000000000000000000, -0.9396926207859083169, 0.3420201433256692680 ) ) ;
#1442 = EDGE_CURVE ( 'NONE', #1792, #1132, #617, .T. ) ;
#1443 = DIRECTION ( 'NONE',  ( 0.000000000000000000, -0.3420201433256660484, -0.9396926207859093161 ) ) ;
#1444 = ORIENTED_EDGE ( 'NONE', *, *, #1951, .T. ) ;
#1445 = FACE_OUTER_BOUND ( 'NONE', #341, .T. ) ;
#1446 = PLANE ( 'NONE',  #399 ) ;
#1447 = ADVANCED_FACE ( 'NONE', ( #1494 ), #76, .F. ) ;
#1448 = CARTESIAN_POINT ( 'NONE',  ( 3.900000000000001688, -141.2266069957076127, 35.30504545410280315 ) ) ;
#1449 = CIRCLE ( 'NONE', #663, 0.7499999999999967804 ) ;
#1450 = ORIENTED_EDGE ( 'NONE', *, *, #1951, .F. ) ;
#1451 = EDGE_CURVE ( 'NONE', #1710, #1051, #1908, .T. ) ;
#1452 = VECTOR ( 'NONE', #337, 1000.000000000000000 ) ;
#1453 = CARTESIAN_POINT ( 'NONE',  ( -9.000000000000010658, -137.1493109465885141, 42.12161768124436634 ) ) ;
#1454 = CARTESIAN_POINT ( 'NONE',  ( 9.516231763884833939, 40.53474710523774149, -30.30527728886681160 ) ) ;
#1455 = ORIENTED_EDGE ( 'NONE', *, *, #1181, .T. ) ;
#1456 = CYLINDRICAL_SURFACE ( 'NONE', #304, 1.199999999999999289 ) ;
#1457 = FACE_OUTER_BOUND ( 'NONE', #352, .T. ) ;
#1458 = COLOUR_RGB ( '',0.7921568627450980005, 0.8196078431372548767, 0.9333333333333333481 ) ;
#1459 = CARTESIAN_POINT ( 'NONE',  ( -2.400000000000011458, 43.02721607746817511, -23.45727506897241099 ) ) ;
#1460 = FACE_BOUND ( 'NONE', #163, .T. ) ;
#1461 = ORIENTED_EDGE ( 'NONE', *, *, #1799, .F. ) ;
#1462 = LINE ( 'NONE', #565, #1580 ) ;
#1463 = DIRECTION ( 'NONE',  ( 0.000000000000000000, 0.3420201433256699897, 0.9396926207859078728 ) ) ;
#1464 = PLANE ( 'NONE',  #1571 ) ;
#1465 = CARTESIAN_POINT ( 'NONE',  ( -5.100000000000001421, -141.2266069957076127, 35.30504545410280315 ) ) ;
#1466 = DIRECTION ( 'NONE',  ( 0.000000000000000000, 0.9396926207859083169, -0.3420201433256687684 ) ) ;
#1467 = VECTOR ( 'NONE', #390, 1000.000000000000114 ) ;
#1468 = VECTOR ( 'NONE', #1637, 1000.000000000000227 ) ;
#1469 = DIRECTION ( 'NONE',  ( 0.000000000000000000, -0.3420201433256660484, -0.9396926207859093161 ) ) ;
#1470 = ORIENTED_EDGE ( 'NONE', *, *, #445, .F. ) ;
#1471 = LINE ( 'NONE', #1994, #1682 ) ;
#1472 = DIRECTION ( 'NONE',  ( 0.000000000000000000, 0.3420201433256671586, 0.9396926207859089830 ) ) ;
#1473 = DIRECTION ( 'NONE',  ( -2.202847093891190493E-16, 0.000000000000000000, 1.000000000000000000 ) ) ;
#1474 = ORIENTED_EDGE ( 'NONE', *, *, #281, .F. ) ;
#1475 = CYLINDRICAL_SURFACE ( 'NONE', #1309, 0.7499999999999967804 ) ;
#1476 = CYLINDRICAL_SURFACE ( 'NONE', #920, 0.7500000000000001110 ) ;
#1477 = AXIS2_PLACEMENT_3D ( 'NONE', #1618, #9, #728 ) ;
#1478 = PRODUCT_DEFINITION ( 'UNKNOWN', '', #2281, #455 ) ;
#1479 = CARTESIAN_POINT ( 'NONE',  ( -9.000000000000010658, -134.6435162101386425, 49.00623213742876061 ) ) ;
#1480 = ORIENTED_EDGE ( 'NONE', *, *, #1335, .F. ) ;
#1481 = VECTOR ( 'NONE', #937, 1000.000000000000114 ) ;
#1482 = DIRECTION ( 'NONE',  ( 0.000000000000000000, -0.9396926207859082059, 0.3420201433256692125 ) ) ;
#1483 = EDGE_CURVE ( 'NONE', #1143, #863, #1298, .T. ) ;
#1484 = LINE ( 'NONE', #242, #1709 ) ;
#1485 = AXIS2_PLACEMENT_3D ( 'NONE', #120, #1044, #1567 ) ;
#1486 = ORIENTED_EDGE ( 'NONE', *, *, #789, .F. ) ;
#1487 = LINE ( 'NONE', #1880, #268 ) ;
#1488 = CARTESIAN_POINT ( 'NONE',  ( -7.800000000000014921, -138.5588498777673578, 42.63464789623286322 ) ) ;
#1489 = EDGE_CURVE ( 'NONE', #1439, #1143, #361, .T. ) ;
#1490 = DIRECTION ( 'NONE',  ( 0.000000000000000000, -0.3420201433256715995, -0.9396926207859073177 ) ) ;
#1491 = EDGE_CURVE ( 'NONE', #863, #1710, #1849, .T. ) ;
#1492 = CIRCLE ( 'NONE', #1574, 1.899999999999905764 ) ;
#1493 = EDGE_LOOP ( 'NONE', ( #462, #309, #2121, #1842 ) ) ;
#1494 = FACE_OUTER_BOUND ( 'NONE', #1824, .T. ) ;
#1495 = ORIENTED_EDGE ( 'NONE', *, *, #1431, .T. ) ;
#1496 = FACE_BOUND ( 'NONE', #594, .T. ) ;
#1497 = LINE ( 'NONE', #452, #1619 ) ;
#1498 = DIRECTION ( 'NONE',  ( -0.000000000000000000, -0.9396926207859083169, 0.3420201433256692125 ) ) ;
#1499 = ORIENTED_EDGE ( 'NONE', *, *, #302, .T. ) ;
#1500 = EDGE_CURVE ( 'NONE', #378, #993, #2240, .T. ) ;
#1501 = EDGE_LOOP ( 'NONE', ( #1885, #421, #651, #1419 ) ) ;
#1502 = CARTESIAN_POINT ( 'NONE',  ( 14.73753660132936005, -138.9805352303375798, 35.70478525293306404 ) ) ;
#1503 = DIRECTION ( 'NONE',  ( 0.000000000000000000, -0.3420201433256694346, -0.9396926207859082059 ) ) ;
#1504 = LINE ( 'NONE', #1360, #1539 ) ;
#1505 = CIRCLE ( 'NONE', #1177, 1.199999999999999289 ) ;
#1506 = ORIENTED_EDGE ( 'NONE', *, *, #891, .T. ) ;
#1507 = DIRECTION ( 'NONE',  ( -0.000000000000000000, -0.9396926207859082059, 0.3420201433256692125 ) ) ;
#1508 = ORIENTED_EDGE ( 'NONE', *, *, #499, .F. ) ;
#1509 = LINE ( 'NONE', #1024, #670 ) ;
#1510 = LINE ( 'NONE', #1314, #1735 ) ;
#1511 = DIRECTION ( 'NONE',  ( 0.000000000000000000, -0.9396926207859082059, 0.3420201433256692125 ) ) ;
#1512 = ORIENTED_EDGE ( 'NONE', *, *, #980, .T. ) ;
#1513 = DIRECTION ( 'NONE',  ( -0.7071067811865440200, -0.6644630243886792131, 0.2418447626479731938 ) ) ;
#1514 = LINE ( 'NONE', #955, #2134 ) ;
#1515 = CARTESIAN_POINT ( 'NONE',  ( -6.300000000000012257, -137.9359572762375876, 39.96032465343669315 ) ) ;
#1516 = EDGE_CURVE ( 'NONE', #939, #101, #1007, .T. ) ;
#1517 = VECTOR ( 'NONE', #611, 1000.000000000000114 ) ;
#1518 = EDGE_LOOP ( 'NONE', ( #1576, #146, #1362, #2085 ) ) ;
#1519 = DIRECTION ( 'NONE',  ( 9.888506198066339927E-17, -0.9396926207859097602, 0.3420201433256649381 ) ) ;
#1520 = ORIENTED_EDGE ( 'NONE', *, *, #897, .F. ) ;
#1521 = CARTESIAN_POINT ( 'NONE',  ( -11.99999999999999645, -136.8414928175954230, 42.96734103995168397 ) ) ;
#1522 = CARTESIAN_POINT ( 'NONE',  ( -4.350000000000012079, -137.9359572762375876, 39.96032465343670026 ) ) ;
#1523 = ADVANCED_FACE ( 'NONE', ( #282 ), #2325, .F. ) ;
#1524 = DIRECTION ( 'NONE',  ( 0.000000000000000000, -0.3420201433256683798, -0.9396926207859085389 ) ) ;
#1525 = EDGE_LOOP ( 'NONE', ( #397, #1369, #1685, #245 ) ) ;
#1526 = ORIENTED_EDGE ( 'NONE', *, *, #1815, .T. ) ;
#1527 = APPLICATION_CONTEXT ( 'automotive_design' ) ;
#1528 = ORIENTED_EDGE ( 'NONE', *, *, #389, .F. ) ;
#1529 = CARTESIAN_POINT ( 'NONE',  ( 14.63196808604402754, -139.1672405144676077, 35.20683241543640918 ) ) ;
#1530 = DIRECTION ( 'NONE',  ( -1.000000000000000000, 0.000000000000000000, -0.000000000000000000 ) ) ;
#1531 = EDGE_LOOP ( 'NONE', ( #757, #98, #532, #2331 ) ) ;
#1532 = CARTESIAN_POINT ( 'NONE',  ( -4.629960984125140122, -142.7976055939792559, 25.52446910059667573 ) ) ;
#1533 = EDGE_CURVE ( 'NONE', #1420, #1256, #1210, .T. ) ;
#1534 = VERTEX_POINT ( 'NONE', #315 ) ;
#1535 = AXIS2_PLACEMENT_3D ( 'NONE', #989, #585, #1657 ) ;
#1536 = CARTESIAN_POINT ( 'NONE',  ( 12.92256689161533423, -140.4497128544970508, 37.43954456438535772 ) ) ;
#1537 = ORIENTED_EDGE ( 'NONE', *, *, #343, .F. ) ;
#1538 = CARTESIAN_POINT ( 'NONE',  ( 1.416871022632772133E-14, -134.6435162101386425, 49.00623213742876061 ) ) ;
#1539 = VECTOR ( 'NONE', #265, 1000.000000000000000 ) ;
#1540 = LINE ( 'NONE', #2259, #1963 ) ;
#1541 = CARTESIAN_POINT ( 'NONE',  ( 12.99999999999999822, -144.6639094361305524, 25.86113461520439571 ) ) ;
#1542 = ORIENTED_EDGE ( 'NONE', *, *, #102, .T. ) ;
#1543 = EDGE_LOOP ( 'NONE', ( #528, #2290, #221, #2051, #2030, #2262, #463, #469 ) ) ;
#1544 = EDGE_LOOP ( 'NONE', ( #266, #1763, #259, #2178 ) ) ;
#1545 = CARTESIAN_POINT ( 'NONE',  ( 13.94408013318303574, -139.9074524913305027, 33.23265056952578078 ) ) ;
#1546 = FACE_OUTER_BOUND ( 'NONE', #608, .T. ) ;
#1547 = CARTESIAN_POINT ( 'NONE',  ( -14.55223208207086749, -139.3082121036821377, 34.83085426659118866 ) ) ;
#1548 = ORIENTED_EDGE ( 'NONE', *, *, #1965, .F. ) ;
#1549 = CARTESIAN_POINT ( 'NONE',  ( -5.100000000000012079, -139.3454962074164598, 40.47335486842520424 ) ) ;
#1550 = VERTEX_POINT ( 'NONE', #838 ) ;
#1551 = AXIS2_PLACEMENT_3D ( 'NONE', #1807, #2332, #173 ) ;
#1552 = VECTOR ( 'NONE', #104, 1000.000000000000000 ) ;
#1553 = DIRECTION ( 'NONE',  ( -0.000000000000000000, -0.9396926207859083169, 0.3420201433256692680 ) ) ;
#1554 = VERTEX_POINT ( 'NONE', #661 ) ;
#1555 = CARTESIAN_POINT ( 'NONE',  ( 11.28399865164017513, -141.3725848049794536, 29.32507866047521006 ) ) ;
#1556 = DIRECTION ( 'NONE',  ( 0.000000000000000000, 0.000000000000000000, -1.000000000000000000 ) ) ;
#1557 = CARTESIAN_POINT ( 'NONE',  ( -9.539861346418748056, -141.9463011863459769, 27.79494009590688108 ) ) ;
#1558 = CARTESIAN_POINT ( 'NONE',  ( -6.749269901708617958, -136.7825796688369735, 47.51491018611906725 ) ) ;
#1559 = ADVANCED_FACE ( 'NONE', ( #1200 ), #114, .F. ) ;
#1560 = FACE_OUTER_BOUND ( 'NONE', #1518, .T. ) ;
#1561 = CARTESIAN_POINT ( 'NONE',  ( 2.571480108592218983, -143.9981452339200132, 27.69030672745898158 ) ) ;
#1562 = EDGE_LOOP ( 'NONE', ( #2309, #2220, #916, #741 ) ) ;
#1563 = CIRCLE ( 'NONE', #1855, 0.7499999999999967804 ) ;
#1564 = CARTESIAN_POINT ( 'NONE',  ( 13.00005291477619274, -140.1802800837029110, 38.17980501820310479 ) ) ;
#1565 = VERTEX_POINT ( 'NONE', #99 ) ;
#1566 = CARTESIAN_POINT ( 'NONE',  ( 6.384372365850783382, -142.5763958642884290, 26.11444641548368040 ) ) ;
#1567 = DIRECTION ( 'NONE',  ( 0.000000000000000000, -0.9396926207859082059, 0.3420201433256692125 ) ) ;
#1568 = CARTESIAN_POINT ( 'NONE',  ( -11.78599384463471722, -141.7340241207265024, 33.91092836086863826 ) ) ;
#1569 = AXIS2_PLACEMENT_3D ( 'NONE', #36, #2201, #1872 ) ;
#1570 = EDGE_CURVE ( 'NONE', #966, #2213, #815, .T. ) ;
#1571 = AXIS2_PLACEMENT_3D ( 'NONE', #1827, #2333, #1270 ) ;
#1572 = VERTEX_POINT ( 'NONE', #2080 ) ;
#1573 = FACE_BOUND ( 'NONE', #1180, .T. ) ;
#1574 = AXIS2_PLACEMENT_3D ( 'NONE', #155, #303, #497 ) ;
#1575 = VERTEX_POINT ( 'NONE', #525 ) ;
#1576 = ORIENTED_EDGE ( 'NONE', *, *, #2182, .F. ) ;
#1577 = CARTESIAN_POINT ( 'NONE',  ( 12.84768835458251957, -140.6551710837555902, 31.23845454957032786 ) ) ;
#1578 = EDGE_CURVE ( 'NONE', #69, #904, #875, .T. ) ;
#1579 = DIRECTION ( 'NONE',  ( 0.000000000000000000, -0.9396926207859082059, 0.3420201433256692125 ) ) ;
#1580 = VECTOR ( 'NONE', #1291, 1000.000000000000000 ) ;
#1581 = CARTESIAN_POINT ( 'NONE',  ( 15.00000000000000000, -139.1915871429198432, 40.89621654777891990 ) ) ;
#1582 = ORIENTED_EDGE ( 'NONE', *, *, #515, .F. ) ;
#1583 = CARTESIAN_POINT ( 'NONE',  ( 15.00006173390555908, -138.3538922221086978, 37.37607263023616611 ) ) ;
#1584 = ORIENTED_EDGE ( 'NONE', *, *, #82, .T. ) ;
#1585 = EDGE_CURVE ( 'NONE', #1051, #167, #1426, .T. ) ;
#1586 = ORIENTED_EDGE ( 'NONE', *, *, #1603, .F. ) ;
#1587 = VECTOR ( 'NONE', #92, 1000.000000000000000 ) ;
#1588 = LINE ( 'NONE', #2310, #976 ) ;
#1589 = DIRECTION ( 'NONE',  ( 1.000000000000000000, 0.000000000000000000, 0.000000000000000000 ) ) ;
#1590 = CARTESIAN_POINT ( 'NONE',  ( -2.832568032326474583, -142.9233369728405307, 25.18913728938409946 ) ) ;
#1591 = VERTEX_POINT ( 'NONE', #1251 ) ;
#1592 = FACE_OUTER_BOUND ( 'NONE', #1728, .T. ) ;
#1593 = EDGE_LOOP ( 'NONE', ( #308, #707, #1772, #814 ) ) ;
#1594 = AXIS2_PLACEMENT_3D ( 'NONE', #1974, #2005, #184 ) ;
#1595 = ADVANCED_FACE ( 'NONE', ( #1022 ), #1778, .F. ) ;
#1596 = ORIENTED_EDGE ( 'NONE', *, *, #1585, .F. ) ;
#1597 = FACE_OUTER_BOUND ( 'NONE', #94, .T. ) ;
#1598 = FACE_OUTER_BOUND ( 'NONE', #1890, .T. ) ;
#1599 = CARTESIAN_POINT ( 'NONE',  ( -12.13150391171450693, -141.0348908240159460, 30.22571664767944810 ) ) ;
#1600 = CARTESIAN_POINT ( 'NONE',  ( -10.50000000000001066, -138.5588498777673863, 42.63464789623286322 ) ) ;
#1601 = AXIS2_PLACEMENT_3D ( 'NONE', #1306, #1652, #1802 ) ;
#1602 = ORIENTED_EDGE ( 'NONE', *, *, #346, .F. ) ;
#1603 = EDGE_CURVE ( 'NONE', #1692, #1550, #465, .T. ) ;
#1604 = EDGE_LOOP ( 'NONE', ( #1187, #1512, #2239, #2221 ) ) ;
#1605 = CIRCLE ( 'NONE', #1037, 0.7499999999999967804 ) ;
#1606 = FACE_OUTER_BOUND ( 'NONE', #306, .T. ) ;
#1607 = VERTEX_POINT ( 'NONE', #1549 ) ;
#1608 = FACE_OUTER_BOUND ( 'NONE', #1814, .T. ) ;
#1609 = AXIS2_PLACEMENT_3D ( 'NONE', #1899, #1144, #1859 ) ;
#1610 = CARTESIAN_POINT ( 'NONE',  ( -3.900000000000001688, -140.0989758507645035, 34.89462128211198433 ) ) ;
#1611 = CIRCLE ( 'NONE', #889, 1.199999999999999289 ) ;
#1612 = CARTESIAN_POINT ( 'NONE',  ( 12.00000000000003020, -121.1330780353518861, 32.03547454657584126 ) ) ;
#1613 = CARTESIAN_POINT ( 'NONE',  ( -6.749269901708617958, 44.46146614307294698, -19.51670539987198794 ) ) ;
#1614 = EDGE_CURVE ( 'NONE', #1191, #2056, #1449, .T. ) ;
#1615 = CARTESIAN_POINT ( 'NONE',  ( 9.516231763884833939, -140.2055954912905804, 35.47882754734538224 ) ) ;
#1616 = ORIENTED_EDGE ( 'NONE', *, *, #132, .F. ) ;
#1617 = DIRECTION ( 'NONE',  ( -0.000000000000000000, -0.9396926207859083169, 0.3420201433256692680 ) ) ;
#1618 = CARTESIAN_POINT ( 'NONE',  ( 12.00000000000003020, -121.1330780353518861, 32.03547454657584126 ) ) ;
#1619 = VECTOR ( 'NONE', #398, 1000.000000000000114 ) ;
#1620 = CIRCLE ( 'NONE', #905, 1.199999999999999289 ) ;
#1621 = DIRECTION ( 'NONE',  ( 2.344220913482164753E-16, -0.3420201433256692680, -0.9396926207859083169 ) ) ;
#1622 = LINE ( 'NONE', #2155, #1795 ) ;
#1623 = CARTESIAN_POINT ( 'NONE',  ( -15.00000000000000000, 0.000000000000000000, 0.000000000000000000 ) ) ;
#1624 = CARTESIAN_POINT ( 'NONE',  ( -6.749269901708617958, -135.9368563101296559, 47.20709205712596201 ) ) ;
#1625 = ORIENTED_EDGE ( 'NONE', *, *, #758, .F. ) ;
#1626 = CARTESIAN_POINT ( 'NONE',  ( -7.013804438396556762, -143.4810246285633752, 29.11108391381118921 ) ) ;
#1627 = CARTESIAN_POINT ( 'NONE',  ( 0.9999999999999991118, -125.6822119262423740, 50.87769490003755379 ) ) ;
#1628 = CARTESIAN_POINT ( 'NONE',  ( 2.649999999999985700, -136.9440988605931295, 42.68543325371587116 ) ) ;
#1629 =( LENGTH_UNIT ( ) NAMED_UNIT ( * ) SI_UNIT ( .MILLI., .METRE. ) );
#1630 = CARTESIAN_POINT ( 'NONE',  ( -12.99999999999999822, -139.1915871429198717, 40.89621654777891990 ) ) ;
#1631 = FACE_OUTER_BOUND ( 'NONE', #1762, .T. ) ;
#1632 = LINE ( 'NONE', #24, #2225 ) ;
#1633 = VECTOR ( 'NONE', #1901, 1000.000000000000000 ) ;
#1634 = VERTEX_POINT ( 'NONE', #305 ) ;
#1635 = CARTESIAN_POINT ( 'NONE',  ( -10.54128906718432646, -142.4203452509161423, 32.02527655317817334 ) ) ;
#1636 = CARTESIAN_POINT ( 'NONE',  ( -6.749269901708617958, -136.2788764534553252, 46.26739943634018459 ) ) ;
#1637 = DIRECTION ( 'NONE',  ( -0.000000000000000000, 0.9396926207859083169, -0.3420201433256687129 ) ) ;
#1638 = CARTESIAN_POINT ( 'NONE',  ( -2.400000000000011458, -134.6435162101386425, 49.00623213742876061 ) ) ;
#1639 = ORIENTED_EDGE ( 'NONE', *, *, #1857, .T. ) ;
#1640 = EDGE_CURVE ( 'NONE', #1691, #1572, #1011, .T. ) ;
#1641 = CARTESIAN_POINT ( 'NONE',  ( -6.317818533653904112, -143.6085530296743400, 28.76070251141955225 ) ) ;
#1642 = CARTESIAN_POINT ( 'NONE',  ( 2.650000000000016787, -139.5507082934118159, 39.90953929595370653 ) ) ;
#1643 = AXIS2_PLACEMENT_3D ( 'NONE', #1558, #1895, #1871 ) ;
#1644 = PLANE ( 'NONE',  #345 ) ;
#1645 = EDGE_LOOP ( 'NONE', ( #620, #476, #2197, #2253 ) ) ;
#1646 = CARTESIAN_POINT ( 'NONE',  ( 11.99999999999997158, -136.8414928175954230, 42.96734103995167686 ) ) ;
#1647 = AXIS2_PLACEMENT_3D ( 'NONE', #354, #2209, #85 ) ;
#1648 = PLANE ( 'NONE',  #868 ) ;
#1649 = EDGE_CURVE ( 'NONE', #1132, #633, #1350, .T. ) ;
#1650 = LINE ( 'NONE', #1638, #1896 ) ;
#1651 = DIRECTION ( 'NONE',  ( 0.000000000000000000, -0.3420201433256694346, -0.9396926207859082059 ) ) ;
#1652 = DIRECTION ( 'NONE',  ( 9.888506198066339927E-17, -0.9396926207859097602, 0.3420201433256649381 ) ) ;
#1653 = CIRCLE ( 'NONE', #314, 0.9999999999998744338 ) ;
#1654 = CARTESIAN_POINT ( 'NONE',  ( -7.800000000000011369, -137.9359572762375876, 39.96032465343670026 ) ) ;
#1655 = VERTEX_POINT ( 'NONE', #1295 ) ;
#1656 = CARTESIAN_POINT ( 'NONE',  ( -11.41398162807676364, -141.9726129779763255, 33.25541086304122018 ) ) ;
#1657 = DIRECTION ( 'NONE',  ( 0.000000000000000000, -0.3420201433256660484, -0.9396926207859093161 ) ) ;
#1658 = CARTESIAN_POINT ( 'NONE',  ( 3.900000000000001688, -142.2526674256846206, 32.48596759174505877 ) ) ;
#1659 = EDGE_CURVE ( 'NONE', #1655, #106, #900, .T. ) ;
#1660 = CARTESIAN_POINT ( 'NONE',  ( 0.000000000000000000, -134.9254239963740929, 49.10883818042717053 ) ) ;
#1661 = EDGE_CURVE ( 'NONE', #1852, #273, #430, .T. ) ;
#1662 = EDGE_LOOP ( 'NONE', ( #369, #1193, #447, #860 ) ) ;
#1663 = CARTESIAN_POINT ( 'NONE',  ( -9.000000000000010658, -138.5588498777673863, 42.63464789623286322 ) ) ;
#1664 = DIRECTION ( 'NONE',  ( 0.000000000000000000, -0.3420201433256660484, -0.9396926207859093161 ) ) ;
#1665 = AXIS2_PLACEMENT_3D ( 'NONE', #783, #1125, #424 ) ;
#1666 = CARTESIAN_POINT ( 'NONE',  ( -7.204121622594555241, -142.4569848953187261, 26.43292136488273059 ) ) ;
#1667 = DIRECTION ( 'NONE',  ( -1.000000000000000000, 0.000000000000000000, 0.000000000000000000 ) ) ;
#1668 = ADVANCED_FACE ( 'NONE', ( #1285 ), #1989, .T. ) ;
#1669 = LINE ( 'NONE', #419, #1977 ) ;
#1670 = CARTESIAN_POINT ( 'NONE',  ( 23.44999999999999929, -59.22789547348781980, 26.69030177272813020 ) ) ;
#1671 = EDGE_LOOP ( 'NONE', ( #961, #1278, #1946, #1902, #601, #1357, #89, #492 ) ) ;
#1672 = FACE_BOUND ( 'NONE', #1039, .T. ) ;
#1673 = AXIS2_PLACEMENT_3D ( 'NONE', #165, #1968, #449 ) ;
#1674 = DIRECTION ( 'NONE',  ( 1.000000000000000000, 0.000000000000000000, 0.000000000000000000 ) ) ;
#1675 = DIRECTION ( 'NONE',  ( 1.000000000000000000, 0.000000000000000000, 0.000000000000000000 ) ) ;
#1676 = VECTOR ( 'NONE', #1218, 1000.000000000000114 ) ;
#1677 = PRODUCT_DEFINITION_SHAPE ( 'NONE', 'NONE',  #1478 ) ;
#1678 = ORIENTED_EDGE ( 'NONE', *, *, #468, .F. ) ;
#1679 = ORIENTED_EDGE ( 'NONE', *, *, #1034, .T. ) ;
#1680 = CARTESIAN_POINT ( 'NONE',  ( 14.76879532726525923, -138.9228650548908490, 35.85861123713377197 ) ) ;
#1681 = CARTESIAN_POINT ( 'NONE',  ( -5.100000000000012079, -127.0980230657944361, 38.46324807659468092 ) ) ;
#1682 = VECTOR ( 'NONE', #2174, 1000.000000000000000 ) ;
#1683 = LINE ( 'NONE', #1348, #779 ) ;
#1684 = VECTOR ( 'NONE', #1745, 1000.000000000000000 ) ;
#1685 = ORIENTED_EDGE ( 'NONE', *, *, #1971, .F. ) ;
#1686 = CARTESIAN_POINT ( 'NONE',  ( -2.400000000000011458, -137.1493109465885425, 42.12161768124436634 ) ) ;
#1687 = DIRECTION ( 'NONE',  ( 0.000000000000000000, -0.3420201433256671586, -0.9396926207859089830 ) ) ;
#1688 = ORIENTED_EDGE ( 'NONE', *, *, #1491, .F. ) ;
#1689 = DIRECTION ( 'NONE',  ( 1.000000000000000000, 0.000000000000000000, 0.000000000000000000 ) ) ;
#1690 = PLANE ( 'NONE',  #687 ) ;
#1691 = VERTEX_POINT ( 'NONE', #2000 ) ;
#1692 = VERTEX_POINT ( 'NONE', #923 ) ;
#1693 = ADVANCED_FACE ( 'NONE', ( #1120 ), #935, .F. ) ;
#1694 = VERTEX_POINT ( 'NONE', #2021 ) ;
#1695 = CARTESIAN_POINT ( 'NONE',  ( 14.79175060165698241, -138.8782417075550484, 35.97764561593820076 ) ) ;
#1696 = CARTESIAN_POINT ( 'NONE',  ( -4.350000000000012079, -137.9359572762375876, 39.96032465343670026 ) ) ;
#1697 = CARTESIAN_POINT ( 'NONE',  ( -9.539861346418748056, -141.9463011863459769, 27.79494009590688108 ) ) ;
#1698 = ADVANCED_FACE ( 'NONE', ( #1844 ), #11, .F. ) ;
#1699 = CARTESIAN_POINT ( 'NONE',  ( -9.750000000000012434, -137.9359572762375876, 39.96032465343670026 ) ) ;
#1700 = VERTEX_POINT ( 'NONE', #1630 ) ;
#1701 = LINE ( 'NONE', #1521, #301 ) ;
#1702 = DIRECTION ( 'NONE',  ( 0.000000000000000000, -0.3420201433256660484, -0.9396926207859093161 ) ) ;
#1703 = CARTESIAN_POINT ( 'NONE',  ( 15.00000000000000000, -138.0316533296930288, 38.23549970735539461 ) ) ;
#1704 = EDGE_LOOP ( 'NONE', ( #1370, #14, #965, #1276, #1099 ) ) ;
#1705 = ORIENTED_EDGE ( 'NONE', *, *, #1053, .T. ) ;
#1706 = DIRECTION ( 'NONE',  ( -0.000000000000000000, -0.9396926207859082059, 0.3420201433256691570 ) ) ;
#1707 = CARTESIAN_POINT ( 'NONE',  ( -10.50000000000001066, -127.8846693954434954, 36.30195504878702195 ) ) ;
#1708 = CARTESIAN_POINT ( 'NONE',  ( 7.800000000000002487, -140.6558801890363384, 29.56359346770189589 ) ) ;
#1709 = VECTOR ( 'NONE', #991, 999.9999999999998863 ) ;
#1710 = VERTEX_POINT ( 'NONE', #2180 ) ;
#1711 = DIRECTION ( 'NONE',  ( 0.000000000000000000, 0.9396926207859082059, -0.3420201433256691570 ) ) ;
#1712 = ORIENTED_EDGE ( 'NONE', *, *, #732, .T. ) ;
#1713 = CARTESIAN_POINT ( 'NONE',  ( 10.04064484677975244, -142.6294701333339674, 31.45071066088892664 ) ) ;
#1714 =( NAMED_UNIT ( * ) PLANE_ANGLE_UNIT ( ) SI_UNIT ( $, .RADIAN. ) );
#1715 = VERTEX_POINT ( 'NONE', #1642 ) ;
#1716 = VERTEX_POINT ( 'NONE', #2157 ) ;
#1717 = CARTESIAN_POINT ( 'NONE',  ( 13.95139596001604332, -139.9012050246362548, 33.24931300812716728 ) ) ;
#1718 = FACE_OUTER_BOUND ( 'NONE', #1234, .T. ) ;
#1719 = ORIENTED_EDGE ( 'NONE', *, *, #339, .T. ) ;
#1720 = CIRCLE ( 'NONE', #1382, 1.199999999999999289 ) ;
#1721 = ADVANCED_FACE ( 'NONE', ( #1457 ), #218, .F. ) ;
#1722 = DIRECTION ( 'NONE',  ( 0.000000000000000000, -0.9143751889140099287, 0.4048678968484271112 ) ) ;
#1723 = ORIENTED_EDGE ( 'NONE', *, *, #1990, .F. ) ;
#1724 = CARTESIAN_POINT ( 'NONE',  ( 12.38686915796087362, -141.2367661735530930, 35.27713334237189713 ) ) ;
#1725 = ORIENTED_EDGE ( 'NONE', *, *, #2297, .F. ) ;
#1726 = CIRCLE ( 'NONE', #1046, 0.9999999999998744338 ) ;
#1727 = CARTESIAN_POINT ( 'NONE',  ( 12.92264780218782505, -140.4495104524741009, 37.44010065937290221 ) ) ;
#1728 = EDGE_LOOP ( 'NONE', ( #2170, #653, #1204, #745 ) ) ;
#1729 = ORIENTED_EDGE ( 'NONE', *, *, #997, .T. ) ;
#1730 = CARTESIAN_POINT ( 'NONE',  ( 10.96742321851415447, -141.4890073643625215, 29.01456572220861574 ) ) ;
#1731 = DIRECTION ( 'NONE',  ( 0.000000000000000000, -0.3420201433256692125, -0.9396926207859082059 ) ) ;
#1732 = DIRECTION ( 'NONE',  ( 1.000000000000000000, -9.292156304918773440E-17, -2.552998962580719166E-16 ) ) ;
#1733 = CARTESIAN_POINT ( 'NONE',  ( 12.61627983806219611, -140.9774442761903970, 35.98961439974596033 ) ) ;
#1734 = EDGE_LOOP ( 'NONE', ( #139, #1978, #1312, #1836 ) ) ;
#1735 = VECTOR ( 'NONE', #225, 1000.000000000000000 ) ;
#1736 = ADVANCED_FACE ( 'NONE', ( #208 ), #1476, .F. ) ;
#1737 = AXIS2_PLACEMENT_3D ( 'NONE', #714, #190, #159 ) ;
#1738 = CARTESIAN_POINT ( 'NONE',  ( 12.13150391171450693, -141.0348908240159460, 30.22571664767944810 ) ) ;
#1739 = EDGE_CURVE ( 'NONE', #846, #1993, #956, .T. ) ;
#1740 = EDGE_LOOP ( 'NONE', ( #683, #1343, #764, #2090 ) ) ;
#1741 = DIRECTION ( 'NONE',  ( 1.000000000000000000, 0.000000000000000000, 0.000000000000000000 ) ) ;
#1742 = CARTESIAN_POINT ( 'NONE',  ( -9.750000000000012434, -137.9359572762375876, 39.96032465343670026 ) ) ;
#1743 = ADVANCED_FACE ( 'NONE', ( #1445 ), #559, .F. ) ;
#1744 = CARTESIAN_POINT ( 'NONE',  ( -14.90975576921958989, -138.6761177773423128, 36.51668112404228594 ) ) ;
#1745 = DIRECTION ( 'NONE',  ( -1.000000000000000000, -0.000000000000000000, -0.000000000000000000 ) ) ;
#1746 = ORIENTED_EDGE ( 'NONE', *, *, #1491, .T. ) ;
#1747 = CARTESIAN_POINT ( 'NONE',  ( 9.516231763884833939, 40.87676724856341082, -29.36558466808090273 ) ) ;
#1748 = EDGE_CURVE ( 'NONE', #2066, #510, #1720, .T. ) ;
#1749 = CARTESIAN_POINT ( 'NONE',  ( 12.38711493563615917, -141.2365306743131441, 35.27778037121607468 ) ) ;
#1750 = ORIENTED_EDGE ( 'NONE', *, *, #721, .T. ) ;
#1751 = ORIENTED_EDGE ( 'NONE', *, *, #2257, .T. ) ;
#1752 = CARTESIAN_POINT ( 'NONE',  ( 11.16981513938904769, -141.4156987187482457, 29.21008771826386052 ) ) ;
#1753 = CARTESIAN_POINT ( 'NONE',  ( -1.650000000000011680, 43.02721607746817511, -23.45727506897241099 ) ) ;
#1754 = CARTESIAN_POINT ( 'NONE',  ( -7.800000000000011369, -127.0980230657944361, 38.46324807659468092 ) ) ;
#1755 = ORIENTED_EDGE ( 'NONE', *, *, #72, .T. ) ;
#1756 = VECTOR ( 'NONE', #1380, 999.9999999999998863 ) ;
#1757 = CARTESIAN_POINT ( 'NONE',  ( -12.00000000000008704, -137.5776988991053145, 38.02082705477506863 ) ) ;
#1758 = VERTEX_POINT ( 'NONE', #760 ) ;
#1759 = VECTOR ( 'NONE', #1013, 1000.000000000000114 ) ;
#1760 = DIRECTION ( 'NONE',  ( 0.000000000000000000, 0.9396926207859085389, -0.3420201433256683798 ) ) ;
#1761 = PRESENTATION_LAYER_ASSIGNMENT (  '', '', ( #441 ) ) ;
#1762 = EDGE_LOOP ( 'NONE', ( #1297, #855, #1211, #1486 ) ) ;
#1763 = ORIENTED_EDGE ( 'NONE', *, *, #2166, .F. ) ;
#1764 = CARTESIAN_POINT ( 'NONE',  ( 23.44999999999999929, -132.5239198947886905, 53.36787295213029836 ) ) ;
#1765 = DIRECTION ( 'NONE',  ( 0.000000000000000000, -0.3420201433256660484, -0.9396926207859093161 ) ) ;
#1766 = EDGE_CURVE ( 'NONE', #318, #491, #577, .T. ) ;
#1767 = DIRECTION ( 'NONE',  ( -0.000000000000000000, -0.9143751889140099287, 0.4048678968484271112 ) ) ;
#1768 = EDGE_CURVE ( 'NONE', #950, #2015, #735, .T. ) ;
#1769 = VERTEX_POINT ( 'NONE', #2337 ) ;
#1770 = LINE ( 'NONE', #2172, #2270 ) ;
#1771 = CIRCLE ( 'NONE', #313, 0.7499999999999967804 ) ;
#1772 = ORIENTED_EDGE ( 'NONE', *, *, #417, .F. ) ;
#1773 = AXIS2_PLACEMENT_3D ( 'NONE', #1918, #2276, #325 ) ;
#1774 = CARTESIAN_POINT ( 'NONE',  ( -6.300000000000012257, -139.3454962074164598, 40.47335486842520424 ) ) ;
#1775 = CARTESIAN_POINT ( 'NONE',  ( -0.9999999999999991118, -136.8423555909551510, 40.04116618946476081 ) ) ;
#1776 = ADVANCED_FACE ( 'NONE', ( #709 ), #1437, .F. ) ;
#1777 = CARTESIAN_POINT ( 'NONE',  ( -5.511014483627988625, -142.7036158666622043, 25.77514435590735431 ) ) ;
#1778 = CYLINDRICAL_SURFACE ( 'NONE', #1673, 1.749999999999994449 ) ;
#1779 = VERTEX_POINT ( 'NONE', #428 ) ;
#1780 = DIRECTION ( 'NONE',  ( -1.000000000000000000, 0.000000000000000000, 0.000000000000000000 ) ) ;
#1781 = ORIENTED_EDGE ( 'NONE', *, *, #2091, .F. ) ;
#1782 = VECTOR ( 'NONE', #543, 1000.000000000000114 ) ;
#1783 = DIRECTION ( 'NONE',  ( 0.000000000000000000, -0.9396926207859082059, 0.3420201433256692125 ) ) ;
#1784 = DIRECTION ( 'NONE',  ( 8.659560562354752899E-17, -0.4226182617407204245, 0.9063077870366401667 ) ) ;
#1785 = EDGE_LOOP ( 'NONE', ( #2229, #1960, #2296, #2208 ) ) ;
#1786 = DIRECTION ( 'NONE',  ( -0.000000000000000000, -0.9396926207859082059, 0.3420201433256692125 ) ) ;
#1787 = LINE ( 'NONE', #1612, #1870 ) ;
#1788 = CARTESIAN_POINT ( 'NONE',  ( 0.9999999999999904521, -144.0247228677753242, 27.61728527857909299 ) ) ;
#1789 = VECTOR ( 'NONE', #1621, 999.9999999999998863 ) ;
#1790 = CIRCLE ( 'NONE', #433, 14.00000000000000000 ) ;
#1791 = CARTESIAN_POINT ( 'NONE',  ( 0.9999999999999904521, -144.0247228677753242, 27.61728527857909299 ) ) ;
#1792 = VERTEX_POINT ( 'NONE', #2046 ) ;
#1793 = DIRECTION ( 'NONE',  ( 0.000000000000000000, -0.9396926207859082059, 0.3420201433256692125 ) ) ;
#1794 = FACE_OUTER_BOUND ( 'NONE', #518, .T. ) ;
#1795 = VECTOR ( 'NONE', #1261, 999.9999999999998863 ) ;
#1796 = EDGE_CURVE ( 'NONE', #752, #167, #1169, .T. ) ;
#1797 = LINE ( 'NONE', #2177, #1078 ) ;
#1798 = VECTOR ( 'NONE', #2007, 999.9999999999998863 ) ;
#1799 = EDGE_CURVE ( 'NONE', #254, #156, #1231, .T. ) ;
#1800 = VERTEX_POINT ( 'NONE', #2032 ) ;
#1801 = CARTESIAN_POINT ( 'NONE',  ( -2.570772599135003667, -143.9982059909896464, 27.69013979878226195 ) ) ;
#1802 = DIRECTION ( 'NONE',  ( 0.000000000000000000, -0.3420201433256660484, -0.9396926207859093161 ) ) ;
#1803 = DIRECTION ( 'NONE',  ( -0.000000000000000000, -0.9396926207859082059, 0.3420201433256692125 ) ) ;
#1804 = DIRECTION ( 'NONE',  ( 0.000000000000000000, 0.9396926207859090940, -0.3420201433256671586 ) ) ;
#1805 = VERTEX_POINT ( 'NONE', #1488 ) ;
#1806 = LINE ( 'NONE', #765, #1759 ) ;
#1807 = CARTESIAN_POINT ( 'NONE',  ( 0.9999999999999991118, -137.3122019013480326, 40.21217626112758126 ) ) ;
#1808 = LINE ( 'NONE', #196, #1296 ) ;
#1809 = CIRCLE ( 'NONE', #2034, 12.00000000000001421 ) ;
#1810 = CARTESIAN_POINT ( 'NONE',  ( -3.900000000000001688, 38.92297435756017165, -34.73358651840329969 ) ) ;
#1811 = CARTESIAN_POINT ( 'NONE',  ( -7.800000000000006040, -133.7038235893525382, 48.66421199410356735 ) ) ;
#1812 = CARTESIAN_POINT ( 'NONE',  ( 3.900000000000001688, -139.6885516787737060, 36.02225242705507924 ) ) ;
#1813 = DIRECTION ( 'NONE',  ( 0.000000000000000000, 0.3420201433256694346, 0.9396926207859082059 ) ) ;
#1814 = EDGE_LOOP ( 'NONE', ( #1461, #406, #1705, #618 ) ) ;
#1815 = EDGE_CURVE ( 'NONE', #1256, #896, #1266, .T. ) ;
#1816 = LINE ( 'NONE', #1636, #215 ) ;
#1817 = LINE ( 'NONE', #893, #2305 ) ;
#1818 = FACE_OUTER_BOUND ( 'NONE', #287, .T. ) ;
#1819 = PLANE ( 'NONE',  #888 ) ;
#1820 = CARTESIAN_POINT ( 'NONE',  ( -7.050000000000012257, -127.0980230657944361, 38.46324807659468092 ) ) ;
#1821 = ADVANCED_FACE ( 'NONE', ( #771 ), #1141, .F. ) ;
#1822 = DIRECTION ( 'NONE',  ( -0.000000000000000000, -0.9396926207859082059, 0.3420201433256692125 ) ) ;
#1823 = CIRCLE ( 'NONE', #813, 1.199999999999999289 ) ;
#1824 = EDGE_LOOP ( 'NONE', ( #1542, #1495, #439, #262 ) ) ;
#1825 = FACE_OUTER_BOUND ( 'NONE', #2246, .T. ) ;
#1826 = CARTESIAN_POINT ( 'NONE',  ( 7.800000000000002487, -138.1249311284263968, 36.51731886151765849 ) ) ;
#1827 = CARTESIAN_POINT ( 'NONE',  ( 8.649999999999879563, -136.9440988605931295, 42.68543325371586405 ) ) ;
#1828 = SURFACE_STYLE_USAGE ( .BOTH. , #43 ) ;
#1829 = CARTESIAN_POINT ( 'NONE',  ( 23.44999999999999929, -90.65206458880942364, 1.945719703071485007 ) ) ;
#1830 = EDGE_CURVE ( 'NONE', #613, #939, #615, .T. ) ;
#1831 = VECTOR ( 'NONE', #1894, 1000.000000000000114 ) ;
#1832 = CARTESIAN_POINT ( 'NONE',  ( 9.516231763884833939, -140.2055954912905804, 35.47882754734538224 ) ) ;
#1833 = ORIENTED_EDGE ( 'NONE', *, *, #2029, .T. ) ;
#1834 = ADVANCED_FACE ( 'NONE', ( #1346 ), #1854, .F. ) ;
#1835 = LINE ( 'NONE', #1112, #1250 ) ;
#1836 = ORIENTED_EDGE ( 'NONE', *, *, #1260, .T. ) ;
#1837 = EDGE_CURVE ( 'NONE', #1554, #1304, #1823, .T. ) ;
#1838 = FACE_BOUND ( 'NONE', #10, .T. ) ;
#1839 = VECTOR ( 'NONE', #1333, 1000.000000000000227 ) ;
#1840 = PLANE ( 'NONE',  #710 ) ;
#1841 = DIRECTION ( 'NONE',  ( 0.000000000000000000, -0.9396926207859094271, 0.3420201433256663259 ) ) ;
#1842 = ORIENTED_EDGE ( 'NONE', *, *, #1500, .T. ) ;
#1843 = CARTESIAN_POINT ( 'NONE',  ( 2.650000000000016787, -139.5507082934118444, 39.90953929595370653 ) ) ;
#1844 = FACE_OUTER_BOUND ( 'NONE', #1907, .T. ) ;
#1845 = VECTOR ( 'NONE', #371, 999.9999999999998863 ) ;
#1846 = EDGE_CURVE ( 'NONE', #326, #69, #1514, .T. ) ;
#1847 = CIRCLE ( 'NONE', #713, 0.9999999999998744338 ) ;
#1848 = EDGE_LOOP ( 'NONE', ( #1414, #1023, #1755, #2254 ) ) ;
#1849 = LINE ( 'NONE', #220, #1481 ) ;
#1850 = ORIENTED_EDGE ( 'NONE', *, *, #1649, .F. ) ;
#1851 = CARTESIAN_POINT ( 'NONE',  ( -3.600000000000012079, -134.6435162101386425, 49.00623213742876061 ) ) ;
#1852 = VERTEX_POINT ( 'NONE', #1184 ) ;
#1853 = CARTESIAN_POINT ( 'NONE',  ( -15.00000000000000000, -137.5734138895658702, 38.03260002172675058 ) ) ;
#1854 = CYLINDRICAL_SURFACE ( 'NONE', #511, 0.7499999999999967804 ) ;
#1855 = AXIS2_PLACEMENT_3D ( 'NONE', #1151, #952, #2219 ) ;
#1856 = CARTESIAN_POINT ( 'NONE',  ( -5.511014483627988625, -142.7036158666622043, 25.77514435590735431 ) ) ;
#1857 = EDGE_CURVE ( 'NONE', #1242, #2036, #810, .T. ) ;
#1858 = ORIENTED_EDGE ( 'NONE', *, *, #404, .F. ) ;
#1859 = DIRECTION ( 'NONE',  ( -0.000000000000000000, -0.3420201433256683798, -0.9396926207859085389 ) ) ;
#1860 = DIRECTION ( 'NONE',  ( 0.000000000000000000, 0.3420201433256683798, 0.9396926207859085389 ) ) ;
#1861 = ORIENTED_EDGE ( 'NONE', *, *, #1766, .T. ) ;
#1862 = VECTOR ( 'NONE', #2065, 1000.000000000000000 ) ;
#1863 = CARTESIAN_POINT ( 'NONE',  ( -3.900000000000001688, -141.2266069957076127, 35.30504545410280315 ) ) ;
#1864 = CARTESIAN_POINT ( 'NONE',  ( 3.900000000000001688, 40.76988313151880305, -29.65924636615937970 ) ) ;
#1865 = VECTOR ( 'NONE', #216, 1000.000000000000114 ) ;
#1866 = EDGE_LOOP ( 'NONE', ( #1167, #2132, #1586, #1781 ) ) ;
#1867 = DIRECTION ( 'NONE',  ( 0.000000000000000000, -0.3420201433256694346, -0.9396926207859082059 ) ) ;
#1868 = DIRECTION ( 'NONE',  ( 0.000000000000000000, -0.9396926207859082059, 0.3420201433256692125 ) ) ;
#1869 = LINE ( 'NONE', #88, #962 ) ;
#1870 = VECTOR ( 'NONE', #719, 1000.000000000000114 ) ;
#1871 = DIRECTION ( 'NONE',  ( 0.000000000000000000, 0.3420201433256714330, 0.9396926207859074287 ) ) ;
#1872 = DIRECTION ( 'NONE',  ( 0.000000000000000000, -0.3420201433256660484, -0.9396926207859093161 ) ) ;
#1873 = ORIENTED_EDGE ( 'NONE', *, *, #1431, .F. ) ;
#1874 = VECTOR ( 'NONE', #222, 1000.000000000000114 ) ;
#1875 = DIRECTION ( 'NONE',  ( 0.000000000000000000, -0.9396926207859070956, 0.3420201433256725432 ) ) ;
#1876 = LINE ( 'NONE', #951, #1587 ) ;
#1877 = CARTESIAN_POINT ( 'NONE',  ( -7.050000000000012257, -139.3454962074164598, 40.47335486842520424 ) ) ;
#1878 = ORIENTED_EDGE ( 'NONE', *, *, #560, .T. ) ;
#1879 = ORIENTED_EDGE ( 'NONE', *, *, #236, .T. ) ;
#1880 = CARTESIAN_POINT ( 'NONE',  ( 7.800000000000002487, -139.3465315354480083, 36.96194504784100587 ) ) ;
#1881 = PLANE ( 'NONE',  #2324 ) ;
#1882 = FACE_OUTER_BOUND ( 'NONE', #1593, .T. ) ;
#1883 = VECTOR ( 'NONE', #2300, 1000.000000000000114 ) ;
#1884 = CARTESIAN_POINT ( 'NONE',  ( 4.867243397533445481, -143.8145146160649119, 28.19482770353658907 ) ) ;
#1885 = ORIENTED_EDGE ( 'NONE', *, *, #883, .F. ) ;
#1886 = CARTESIAN_POINT ( 'NONE',  ( 9.516231763884833939, -140.2055954912906088, 35.47882754734539645 ) ) ;
#1887 = DIRECTION ( 'NONE',  ( -0.000000000000000000, -0.9396926207859082059, 0.3420201433256692125 ) ) ;
#1888 = ORIENTED_EDGE ( 'NONE', *, *, #2115, .F. ) ;
#1889 = EDGE_CURVE ( 'NONE', #1634, #67, #55, .T. ) ;
#1890 = EDGE_LOOP ( 'NONE', ( #2116, #820, #316, #1035 ) ) ;
#1891 = ORIENTED_EDGE ( 'NONE', *, *, #1796, .T. ) ;
#1892 = CARTESIAN_POINT ( 'NONE',  ( 14.00234115337513252, -139.8570980537556636, 33.36695134593168177 ) ) ;
#1893 = CYLINDRICAL_SURFACE ( 'NONE', #1979, 0.7499999999999967804 ) ;
#1894 = DIRECTION ( 'NONE',  ( -0.000000000000000000, -0.9396926207859082059, 0.3420201433256692125 ) ) ;
#1895 = DIRECTION ( 'NONE',  ( 0.000000000000000000, 0.9396926207859085389, -0.3420201433256683798 ) ) ;
#1896 = VECTOR ( 'NONE', #1996, 1000.000000000000000 ) ;
#1897 = EDGE_LOOP ( 'NONE', ( #1474, #1223, #625, #425 ) ) ;
#1898 = ORIENTED_EDGE ( 'NONE', *, *, #2084, .F. ) ;
#1899 = CARTESIAN_POINT ( 'NONE',  ( -12.99999999999999822, -144.6639094361305524, 25.86113461520439571 ) ) ;
#1900 = ADVANCED_FACE ( 'NONE', ( #1718 ), #1881, .F. ) ;
#1901 = DIRECTION ( 'NONE',  ( -1.000000000000000000, 0.000000000000000000, 0.000000000000000000 ) ) ;
#1902 = ORIENTED_EDGE ( 'NONE', *, *, #6, .F. ) ;
#1903 = EDGE_CURVE ( 'NONE', #1634, #1715, #109, .T. ) ;
#1904 = LINE ( 'NONE', #1407, #1552 ) ;
#1905 = APPLICATION_PROTOCOL_DEFINITION ( 'draft international standard', 'automotive_design', 1998, #1527 ) ;
#1906 = VERTEX_POINT ( 'NONE', #631 ) ;
#1907 = EDGE_LOOP ( 'NONE', ( #169, #1751, #701, #677 ) ) ;
#1908 = CIRCLE ( 'NONE', #1569, 0.7499999999999967804 ) ;
#1909 = ORIENTED_EDGE ( 'NONE', *, *, #2009, .F. ) ;
#1910 = DIRECTION ( 'NONE',  ( 1.000000000000000000, 0.000000000000000000, 0.000000000000000000 ) ) ;
#1911 = DIRECTION ( 'NONE',  ( -0.000000000000000000, -0.9396926207859083169, 0.3420201433256692680 ) ) ;
#1912 = CARTESIAN_POINT ( 'NONE',  ( 7.800000000000002487, -139.3465315354480083, 36.96194504784100587 ) ) ;
#1913 = VECTOR ( 'NONE', #73, 1000.000000000000114 ) ;
#1914 = DIRECTION ( 'NONE',  ( 0.000000000000000000, -0.9396926207859083169, 0.3420201433256692125 ) ) ;
#1915 = EDGE_LOOP ( 'NONE', ( #276, #1271 ) ) ;
#1916 = AXIS2_PLACEMENT_3D ( 'NONE', #1810, #207, #922 ) ;
#1917 = ADVANCED_FACE ( 'NONE', ( #1359 ), #2073, .F. ) ;
#1918 = CARTESIAN_POINT ( 'NONE',  ( 0.000000000000000000, -133.7038235893525382, 48.66421199410356735 ) ) ;
#1919 = ADVANCED_FACE ( 'NONE', ( #1546 ), #1893, .F. ) ;
#1920 = ORIENTED_EDGE ( 'NONE', *, *, #1110, .T. ) ;
#1921 = CARTESIAN_POINT ( 'NONE',  ( 12.37589365696003085, -140.9062646300315294, 30.56876891794643214 ) ) ;
#1922 = DIRECTION ( 'NONE',  ( 0.000000000000000000, -0.9396926207859082059, 0.3420201433256692125 ) ) ;
#1923 = CARTESIAN_POINT ( 'NONE',  ( -14.55223208207086749, -139.3082121036821377, 34.83085426659118866 ) ) ;
#1924 = EDGE_CURVE ( 'NONE', #863, #442, #2102, .T. ) ;
#1925 = DIRECTION ( 'NONE',  ( -0.000000000000000000, -0.9396926207859082059, 0.3420201433256692125 ) ) ;
#1926 = ORIENTED_EDGE ( 'NONE', *, *, #689, .T. ) ;
#1927 = CIRCLE ( 'NONE', #191, 14.00000000000000000 ) ;
#1928 = CARTESIAN_POINT ( 'NONE',  ( 12.61619892748970528, -140.9776466782133753, 35.98905830475842293 ) ) ;
#1929 = ORIENTED_EDGE ( 'NONE', *, *, #2089, .T. ) ;
#1930 = EDGE_LOOP ( 'NONE', ( #1935, #877, #693, #496 ) ) ;
#1931 = CARTESIAN_POINT ( 'NONE',  ( 6.534453346933521090, -142.5541059787798872, 26.17389814591857800 ) ) ;
#1932 = CARTESIAN_POINT ( 'NONE',  ( -6.749269901708617958, -135.5948361668040150, 48.14678467791173944 ) ) ;
#1933 = ORIENTED_EDGE ( 'NONE', *, *, #1110, .F. ) ;
#1934 = CARTESIAN_POINT ( 'NONE',  ( -13.00005291477619274, -140.1802800837029110, 38.17980501820310479 ) ) ;
#1935 = ORIENTED_EDGE ( 'NONE', *, *, #105, .F. ) ;
#1936 = CARTESIAN_POINT ( 'NONE',  ( 5.511014483627988625, -142.7036158666622043, 25.77514435590735431 ) ) ;
#1937 = CARTESIAN_POINT ( 'NONE',  ( 0.000000000000000000, 0.000000000000000000, 0.000000000000000000 ) ) ;
#1938 = ADVANCED_FACE ( 'NONE', ( #592 ), #1318, .F. ) ;
#1939 = ORIENTED_EDGE ( 'NONE', *, *, #2267, .F. ) ;
#1940 = DIRECTION ( 'NONE',  ( -0.000000000000000000, -0.3420201433256683798, -0.9396926207859085389 ) ) ;
#1941 = DIRECTION ( 'NONE',  ( 0.000000000000000000, -0.3420201433256645496, -0.9396926207859098712 ) ) ;
#1942 = LINE ( 'NONE', #2133, #30 ) ;
#1943 = VECTOR ( 'NONE', #1925, 1000.000000000000114 ) ;
#1944 = ADVANCED_FACE ( 'NONE', ( #1598 ), #2321, .F. ) ;
#1945 = VERTEX_POINT ( 'NONE', #676 ) ;
#1946 = ORIENTED_EDGE ( 'NONE', *, *, #1189, .F. ) ;
#1947 = CARTESIAN_POINT ( 'NONE',  ( -3.900000000000001688, -142.6630915976754181, 31.35833644680197096 ) ) ;
#1948 = AXIS2_PLACEMENT_3D ( 'NONE', #1173, #985, #75 ) ;
#1949 = VERTEX_POINT ( 'NONE', #1932 ) ;
#1950 = DIRECTION ( 'NONE',  ( -1.000000000000000000, 0.000000000000000000, 0.000000000000000000 ) ) ;
#1951 = EDGE_CURVE ( 'NONE', #907, #1800, #1383, .T. ) ;
#1952 = ORIENTED_EDGE ( 'NONE', *, *, #986, .F. ) ;
#1953 = CARTESIAN_POINT ( 'NONE',  ( 12.09608475319287457, -141.0381398850859682, 30.21707113190751670 ) ) ;
#1954 = CARTESIAN_POINT ( 'NONE',  ( -5.100000000000012079, -127.0980230657944361, 38.46324807659468092 ) ) ;
#1955 = ORIENTED_EDGE ( 'NONE', *, *, #389, .T. ) ;
#1956 = CARTESIAN_POINT ( 'NONE',  ( 0.9999999999999904521, -144.0247228677753242, 27.61728527857909299 ) ) ;
#1957 = ORIENTED_EDGE ( 'NONE', *, *, #2009, .T. ) ;
#1958 = CARTESIAN_POINT ( 'NONE',  ( 8.649999999999879563, -139.5507082934118444, 39.90953929595370653 ) ) ;
#1959 = VECTOR ( 'NONE', #1392, 1000.000000000000000 ) ;
#1960 = ORIENTED_EDGE ( 'NONE', *, *, #1578, .T. ) ;
#1961 = ORIENTED_EDGE ( 'NONE', *, *, #179, .F. ) ;
#1962 = UNCERTAINTY_MEASURE_WITH_UNIT (LENGTH_MEASURE( 1.000000000000000082E-05 ), #1629, 'distance_accuracy_value', 'NONE');
#1963 = VECTOR ( 'NONE', #467, 999.9999999999998863 ) ;
#1964 = DIRECTION ( 'NONE',  ( 0.000000000000000000, 0.3420201433256687129, 0.9396926207859084279 ) ) ;
#1965 = EDGE_CURVE ( 'NONE', #503, #1779, #1246, .T. ) ;
#1966 = DIRECTION ( 'NONE',  ( -0.000000000000000000, 0.9396926207859082059, -0.3420201433256692125 ) ) ;
#1967 = DIRECTION ( 'NONE',  ( -0.000000000000000000, -0.9396926207859082059, 0.3420201433256692125 ) ) ;
#1968 = DIRECTION ( 'NONE',  ( -0.000000000000000000, -0.9396926207859083169, 0.3420201433256692125 ) ) ;
#1969 = DIRECTION ( 'NONE',  ( -0.000000000000000000, -0.9396926207859082059, 0.3420201433256692125 ) ) ;
#1970 = ORIENTED_EDGE ( 'NONE', *, *, #521, .F. ) ;
#1971 = EDGE_CURVE ( 'NONE', #2109, #1634, #142, .T. ) ;
#1972 = PLANE ( 'NONE',  #66 ) ;
#1973 = LINE ( 'NONE', #1627, #1468 ) ;
#1974 = CARTESIAN_POINT ( 'NONE',  ( -6.749269901708617958, -135.9368563101296559, 47.20709205712596201 ) ) ;
#1975 = DIRECTION ( 'NONE',  ( -0.000000000000000000, -0.9396926207859083169, 0.3420201433256692680 ) ) ;
#1976 = CARTESIAN_POINT ( 'NONE',  ( -4.350000000000012079, -138.5588498777673863, 42.63464789623286322 ) ) ;
#1977 = VECTOR ( 'NONE', #1146, 1000.000000000000000 ) ;
#1978 = ORIENTED_EDGE ( 'NONE', *, *, #1009, .T. ) ;
#1979 = AXIS2_PLACEMENT_3D ( 'NONE', #995, #604, #2266 ) ;
#1980 = LINE ( 'NONE', #368, #1131 ) ;
#1981 = VERTEX_POINT ( 'NONE', #153 ) ;
#1982 = ADVANCED_FACE ( 'NONE', ( #865 ), #657, .F. ) ;
#1983 = CARTESIAN_POINT ( 'NONE',  ( 9.516231763884833939, -141.0513188499978128, 35.78664567633845905 ) ) ;
#1984 = CARTESIAN_POINT ( 'NONE',  ( 12.00000000000003020, -138.5173915198911629, 38.36284719810072374 ) ) ;
#1985 = VECTOR ( 'NONE', #1185, 1000.000000000000000 ) ;
#1986 = DIRECTION ( 'NONE',  ( 0.000000000000000000, -0.3420201433256694346, -0.9396926207859082059 ) ) ;
#1987 = EDGE_LOOP ( 'NONE', ( #1230, #999, #1213, #127 ) ) ;
#1988 = PRESENTATION_STYLE_ASSIGNMENT (( #1828 ) ) ;
#1989 = CYLINDRICAL_SURFACE ( 'NONE', #729, 14.00000000000000355 ) ;
#1990 = EDGE_CURVE ( 'NONE', #1800, #1993, #523, .T. ) ;
#1991 = ORIENTED_EDGE ( 'NONE', *, *, #1799, .T. ) ;
#1992 = CARTESIAN_POINT ( 'NONE',  ( 23.44999999999999929, -135.0873454230118398, 52.17252799720981216 ) ) ;
#1993 = VERTEX_POINT ( 'NONE', #2311 ) ;
#1994 = CARTESIAN_POINT ( 'NONE',  ( 12.99999999999999822, -139.1915871429198717, 40.89621654777891990 ) ) ;
#1995 = CYLINDRICAL_SURFACE ( 'NONE', #679, 0.9999999999998712141 ) ;
#1996 = DIRECTION ( 'NONE',  ( 0.000000000000000000, -0.3420201433256649381, -0.9396926207859097602 ) ) ;
#1997 = VECTOR ( 'NONE', #410, 1000.000000000000000 ) ;
#1998 = VERTEX_POINT ( 'NONE', #685 ) ;
#1999 = LINE ( 'NONE', #1273, #1798 ) ;
#2000 = CARTESIAN_POINT ( 'NONE',  ( -6.749269901708617958, -134.7753682601978369, 45.72016720701910231 ) ) ;
#2001 = LINE ( 'NONE', #384, #628 ) ;
#2002 = FACE_BOUND ( 'NONE', #1331, .T. ) ;
#2003 = ORIENTED_EDGE ( 'NONE', *, *, #1248, .F. ) ;
#2004 = LINE ( 'NONE', #1984, #1467 ) ;
#2005 = DIRECTION ( 'NONE',  ( 0.000000000000000000, -0.9396926207859094271, 0.3420201433256663259 ) ) ;
#2006 = CIRCLE ( 'NONE', #1665, 0.7499999999999967804 ) ;
#2007 = DIRECTION ( 'NONE',  ( -0.000000000000000000, -0.9396926207859083169, 0.3420201433256692680 ) ) ;
#2008 = CARTESIAN_POINT ( 'NONE',  ( -0.9999999999999991118, -3.138532001602607480, -8.623045804638881151 ) ) ;
#2009 = EDGE_CURVE ( 'NONE', #493, #846, #1403, .T. ) ;
#2010 = EDGE_CURVE ( 'NONE', #590, #1408, #1790, .T. ) ;
#2011 = FACE_OUTER_BOUND ( 'NONE', #626, .T. ) ;
#2012 = ORIENTED_EDGE ( 'NONE', *, *, #560, .F. ) ;
#2013 = DIRECTION ( 'NONE',  ( -0.000000000000000000, 0.3420201433256649381, 0.9396926207859097602 ) ) ;
#2014 = VECTOR ( 'NONE', #232, 999.9999999999998863 ) ;
#2015 = VERTEX_POINT ( 'NONE', #1054 ) ;
#2016 = CARTESIAN_POINT ( 'NONE',  ( -12.61619892748970528, -140.9776466782133753, 35.98905830475842293 ) ) ;
#2017 = CYLINDRICAL_SURFACE ( 'NONE', #342, 1.749999999999994449 ) ;
#2018 = DIRECTION ( 'NONE',  ( 0.7071067811865472397, -0.6644630243886751053, 0.2418447626479751089 ) ) ;
#2019 = ADVANCED_FACE ( 'NONE', ( #505 ), #482, .F. ) ;
#2020 = CARTESIAN_POINT ( 'NONE',  ( 13.74825265997639789, -140.0737327012244577, 32.78917282940301448 ) ) ;
#2021 = CARTESIAN_POINT ( 'NONE',  ( 5.100000000000001421, -140.0989758507644751, 34.89462128211198433 ) ) ;
#2022 = VECTOR ( 'NONE', #1197, 999.9999999999998863 ) ;
#2023 = CARTESIAN_POINT ( 'NONE',  ( 23.44999999999999929, -142.3727122354948165, 24.84663618706120047 ) ) ;
#2024 = DIRECTION ( 'NONE',  ( 0.000000000000000000, -0.9396926207859070956, 0.3420201433256725432 ) ) ;
#2025 = ORIENTED_EDGE ( 'NONE', *, *, #102, .F. ) ;
#2026 = DIRECTION ( 'NONE',  ( 0.000000000000000000, 0.3420201433256692680, 0.9396926207859083169 ) ) ;
#2027 = CARTESIAN_POINT ( 'NONE',  ( -0.9000000000000121236, -139.3454962074164598, 40.47335486842520424 ) ) ;
#2028 = CYLINDRICAL_SURFACE ( 'NONE', #2163, 1.199999999999999289 ) ;
#2029 = EDGE_CURVE ( 'NONE', #67, #2112, #1157, .T. ) ;
#2030 = ORIENTED_EDGE ( 'NONE', *, *, #394, .F. ) ;
#2031 = DIRECTION ( 'NONE',  ( -0.000000000000000000, -0.9396926207859082059, 0.3420201433256692125 ) ) ;
#2032 = CARTESIAN_POINT ( 'NONE',  ( -5.100000000000012079, -137.1493109465885141, 42.12161768124436634 ) ) ;
#2033 = CIRCLE ( 'NONE', #456, 0.7499999999999967804 ) ;
#2034 = AXIS2_PLACEMENT_3D ( 'NONE', #2108, #1760, #818 ) ;
#2035 = CARTESIAN_POINT ( 'NONE',  ( -15.00006173390555908, -138.3538922221086978, 37.37607263023616611 ) ) ;
#2036 = VERTEX_POINT ( 'NONE', #2131 ) ;
#2037 = FACE_OUTER_BOUND ( 'NONE', #596, .T. ) ;
#2038 = ORIENTED_EDGE ( 'NONE', *, *, #780, .F. ) ;
#2039 = FACE_OUTER_BOUND ( 'NONE', #929, .T. ) ;
#2040 = DIRECTION ( 'NONE',  ( 9.888506198066339927E-17, -0.9396926207859097602, 0.3420201433256649381 ) ) ;
#2041 = LINE ( 'NONE', #1864, #168 ) ;
#2042 = ORIENTED_EDGE ( 'NONE', *, *, #1427, .T. ) ;
#2043 = EDGE_LOOP ( 'NONE', ( #1082, #854, #1725, #1397 ) ) ;
#2044 = LINE ( 'NONE', #263, #1319 ) ;
#2045 = DIRECTION ( 'NONE',  ( -0.000000000000000000, 0.3420201433256649381, 0.9396926207859097602 ) ) ;
#2046 = CARTESIAN_POINT ( 'NONE',  ( 9.516231763884833939, -139.8635753479649679, 36.41852016813129467 ) ) ;
#2047 = AXIS2_PLACEMENT_3D ( 'NONE', #1454, #557, #1282 ) ;
#2048 = CARTESIAN_POINT ( 'NONE',  ( -1.916302978653872779, -142.9550951300396378, 25.10443671208341598 ) ) ;
#2049 = ORIENTED_EDGE ( 'NONE', *, *, #1260, .F. ) ;
#2050 = LINE ( 'NONE', #211, #138 ) ;
#2051 = ORIENTED_EDGE ( 'NONE', *, *, #1748, .F. ) ;
#2052 = AXIS2_PLACEMENT_3D ( 'NONE', #1263, #364, #825 ) ;
#2053 = DIRECTION ( 'NONE',  ( 0.000000000000000000, -0.3420201433256660484, -0.9396926207859093161 ) ) ;
#2054 = CARTESIAN_POINT ( 'NONE',  ( 12.00000000000003020, -138.5173915198911629, 38.36284719810072374 ) ) ;
#2055 = VERTEX_POINT ( 'NONE', #835 ) ;
#2056 = VERTEX_POINT ( 'NONE', #1032 ) ;
#2057 = ORIENTED_EDGE ( 'NONE', *, *, #582, .F. ) ;
#2058 = FACE_OUTER_BOUND ( 'NONE', #947, .T. ) ;
#2059 = DIRECTION ( 'NONE',  ( -0.000000000000000000, -0.9396926207859083169, 0.3420201433256692125 ) ) ;
#2060 = VECTOR ( 'NONE', #1950, 1000.000000000000000 ) ;
#2061 = DIRECTION ( 'NONE',  ( -1.000000000000000000, 0.000000000000000000, 0.000000000000000000 ) ) ;
#2062 = AXIS2_PLACEMENT_3D ( 'NONE', #1886, #1875, #78 ) ;
#2063 = EDGE_LOOP ( 'NONE', ( #47, #629, #2234, #1858 ) ) ;
#2064 = EDGE_CURVE ( 'NONE', #752, #1439, #773, .T. ) ;
#2065 = DIRECTION ( 'NONE',  ( 0.000000000000000000, 0.9143751889140099287, -0.4048678968484271112 ) ) ;
#2066 = VERTEX_POINT ( 'NONE', #2279 ) ;
#2067 = CARTESIAN_POINT ( 'NONE',  ( 9.516231763884833939, -139.0441074413587330, 33.99190269723838043 ) ) ;
#2068 = DIRECTION ( 'NONE',  ( 0.000000000000000000, -0.9396926207859082059, 0.3420201433256692125 ) ) ;
#2069 = DIRECTION ( 'NONE',  ( 0.000000000000000000, -0.3420201433256694346, -0.9396926207859082059 ) ) ;
#2070 = EDGE_LOOP ( 'NONE', ( #2119, #2184, #2334, #843 ) ) ;
#2071 = ORIENTED_EDGE ( 'NONE', *, *, #1990, .T. ) ;
#2072 = CARTESIAN_POINT ( 'NONE',  ( 15.00000000000000000, -133.7038235893524813, 48.66421199410369525 ) ) ;
#2073 = PLANE ( 'NONE',  #295 ) ;
#2074 = EDGE_CURVE ( 'NONE', #1339, #344, #1422, .T. ) ;
#2075 = LINE ( 'NONE', #461, #1831 ) ;
#2076 = AXIS2_PLACEMENT_3D ( 'NONE', #2140, #183, #1964 ) ;
#2077 = EDGE_LOOP ( 'NONE', ( #2083, #474, #508, #2317, #1060, #1375, #260, #777 ) ) ;
#2078 = AXIS2_PLACEMENT_3D ( 'NONE', #1243, #2160, #2316 ) ;
#2079 = ORIENTED_EDGE ( 'NONE', *, *, #1417, .T. ) ;
#2080 = CARTESIAN_POINT ( 'NONE',  ( -6.749269901708617958, -136.2788764534552683, 46.26739943634015617 ) ) ;
#2081 = ORIENTED_EDGE ( 'NONE', *, *, #2064, .T. ) ;
#2082 = CARTESIAN_POINT ( 'NONE',  ( 9.539861346418748056, -141.9463011863459769, 27.79494009590688108 ) ) ;
#2083 = ORIENTED_EDGE ( 'NONE', *, *, #1160, .T. ) ;
#2084 = EDGE_CURVE ( 'NONE', #1591, #1159, #734, .T. ) ;
#2085 = ORIENTED_EDGE ( 'NONE', *, *, #1189, .T. ) ;
#2086 = CARTESIAN_POINT ( 'NONE',  ( 9.491882352536901379, -141.9592557163751678, 27.76060026525894031 ) ) ;
#2087 = DIRECTION ( 'NONE',  ( 9.888506198066339927E-17, -0.9396926207859097602, 0.3420201433256649381 ) ) ;
#2088 = CARTESIAN_POINT ( 'NONE',  ( -9.000000000000010658, -127.8846693954434954, 36.30195504878702195 ) ) ;
#2089 = EDGE_CURVE ( 'NONE', #230, #2264, #1605, .T. ) ;
#2090 = ORIENTED_EDGE ( 'NONE', *, *, #1009, .F. ) ;
#2091 = EDGE_CURVE ( 'NONE', #533, #1692, #495, .T. ) ;
#2092 = DIRECTION ( 'NONE',  ( -1.000000000000000000, 0.000000000000000000, 2.891205793294682764E-16 ) ) ;
#2093 = VERTEX_POINT ( 'NONE', #1258 ) ;
#2094 = CARTESIAN_POINT ( 'NONE',  ( 8.319881154073906160, -143.1818594882755633, 29.93303338143982728 ) ) ;
#2095 = DIRECTION ( 'NONE',  ( 1.000000000000000000, 0.000000000000000000, 0.000000000000000000 ) ) ;
#2096 = ORIENTED_EDGE ( 'NONE', *, *, #1195, .T. ) ;
#2097 = AXIS2_PLACEMENT_3D ( 'NONE', #1829, #377, #1097 ) ;
#2098 = ORIENTED_EDGE ( 'NONE', *, *, #468, .T. ) ;
#2099 = CARTESIAN_POINT ( 'NONE',  ( 2.808373570407536768, -142.9550669388723918, 25.10449174442415909 ) ) ;
#2100 = EDGE_CURVE ( 'NONE', #1949, #1769, #1797, .T. ) ;
#2101 = CARTESIAN_POINT ( 'NONE',  ( -4.350000000000012079, -137.1493109465885141, 42.12161768124435923 ) ) ;
#2102 = CIRCLE ( 'NONE', #60, 0.7499999999999967804 ) ;
#2103 = CARTESIAN_POINT ( 'NONE',  ( -8.016105178130121800, -142.3043538602545368, 26.83999589073984993 ) ) ;
#2104 = AXIS2_PLACEMENT_3D ( 'NONE', #248, #1158, #1490 ) ;
#2105 = CARTESIAN_POINT ( 'NONE',  ( 8.930407863929557877, -143.0100498024397950, 30.40507661371741222 ) ) ;
#2106 = B_SPLINE_CURVE_WITH_KNOTS ( 'NONE', 1,
 ( #1703, #2205 ),
 .UNSPECIFIED., .F., .F.,
 ( 2, 2 ),
 ( 0.000000000000000000, 1.000000000000000000 ),
 .UNSPECIFIED. ) ;
#2107 = ORIENTED_EDGE ( 'NONE', *, *, #2186, .F. ) ;
#2108 = CARTESIAN_POINT ( 'NONE',  ( -0.9999999999999991118, -139.1915871429198717, 40.89621654777892701 ) ) ;
#2109 = VERTEX_POINT ( 'NONE', #1628 ) ;
#2110 = CARTESIAN_POINT ( 'NONE',  ( 10.91892727164190013, -141.5061931795905252, 28.96872997162286012 ) ) ;
#2111 = CARTESIAN_POINT ( 'NONE',  ( 0.9999999999999991118, -132.5239198947886905, 53.36787295213029836 ) ) ;
#2112 = VERTEX_POINT ( 'NONE', #884 ) ;
#2113 = EDGE_CURVE ( 'NONE', #1045, #1242, #664, .T. ) ;
#2114 = CARTESIAN_POINT ( 'NONE',  ( -1.916302978653872779, -142.9550951300396378, 25.10443671208341598 ) ) ;
#2115 = EDGE_CURVE ( 'NONE', #1607, #1565, #580, .T. ) ;
#2116 = ORIENTED_EDGE ( 'NONE', *, *, #997, .F. ) ;
#2117 = VECTOR ( 'NONE', #1463, 1000.000000000000114 ) ;
#2118 = CARTESIAN_POINT ( 'NONE',  ( 13.58365948540648560, -140.2134745467448624, 32.41647451983066475 ) ) ;
#2119 = ORIENTED_EDGE ( 'NONE', *, *, #927, .T. ) ;
#2120 = EDGE_CURVE ( 'NONE', #501, #2256, #1293, .T. ) ;
#2121 = ORIENTED_EDGE ( 'NONE', *, *, #789, .T. ) ;
#2122 = CARTESIAN_POINT ( 'NONE',  ( 12.64884585083799351, -140.7626056747888583, 30.95191462385022874 ) ) ;
#2123 = CARTESIAN_POINT ( 'NONE',  ( 5.100000000000001421, 40.35945895952799845, -30.78687751110247106 ) ) ;
#2124 = CARTESIAN_POINT ( 'NONE',  ( -14.28496742490953864, -139.6180547108327232, 34.00448869589902046 ) ) ;
#2125 = DIRECTION ( 'NONE',  ( -0.000000000000000000, 0.3420201433256711554, 0.9396926207859075397 ) ) ;
#2126 = ORIENTED_EDGE ( 'NONE', *, *, #780, .T. ) ;
#2127 = CARTESIAN_POINT ( 'NONE',  ( 4.629960984125140122, -142.7976055939792559, 25.52446910059667573 ) ) ;
#2128 = ORIENTED_EDGE ( 'NONE', *, *, #1171, .F. ) ;
#2129 = EDGE_LOOP ( 'NONE', ( #1750, #323, #229, #992 ) ) ;
#2130 = FACE_OUTER_BOUND ( 'NONE', #1012, .T. ) ;
#2131 = CARTESIAN_POINT ( 'NONE',  ( -3.900000000000001688, -140.8161828237168152, 36.43267659904589095 ) ) ;
#2132 = ORIENTED_EDGE ( 'NONE', *, *, #1136, .T. ) ;
#2133 = CARTESIAN_POINT ( 'NONE',  ( -0.9999999999999991118, -144.6639094361305524, 25.86113461520439927 ) ) ;
#2134 = VECTOR ( 'NONE', #2236, 1000.000000000000114 ) ;
#2135 = ORIENTED_EDGE ( 'NONE', *, *, #980, .F. ) ;
#2136 = ADVANCED_FACE ( 'NONE', ( #575 ), #1464, .F. ) ;
#2137 = DIRECTION ( 'NONE',  ( 0.000000000000000000, -0.9396926207859070956, 0.3420201433256725432 ) ) ;
#2138 = VECTOR ( 'NONE', #1228, 1000.000000000000227 ) ;
#2139 = ORIENTED_EDGE ( 'NONE', *, *, #1352, .T. ) ;
#2140 = CARTESIAN_POINT ( 'NONE',  ( 0.9999999999999991118, -3.138532001602607480, -8.623045804638881151 ) ) ;
#2141 = DIRECTION ( 'NONE',  ( 9.888506198066339927E-17, -0.9396926207859097602, 0.3420201433256649381 ) ) ;
#2142 = ORIENTED_EDGE ( 'NONE', *, *, #1323, .T. ) ;
#2143 = CARTESIAN_POINT ( 'NONE',  ( -8.319881154073906160, -143.1818594882755633, 29.93303338143982728 ) ) ;
#2144 = CARTESIAN_POINT ( 'NONE',  ( -7.800000000000011369, -127.8846693954434954, 36.30195504878702195 ) ) ;
#2145 = EDGE_CURVE ( 'NONE', #1694, #52, #2196, .T. ) ;
#2146 = ADVANCED_FACE ( 'NONE', ( #1818 ), #706, .F. ) ;
#2147 = EDGE_LOOP ( 'NONE', ( #2042, #77, #2057, #470 ) ) ;
#2148 = DIRECTION ( 'NONE',  ( 0.000000000000000000, 0.3420201433256671586, 0.9396926207859089830 ) ) ;
#2149 = VECTOR ( 'NONE', #2152, 999.9999999999998863 ) ;
#2150 = ORIENTED_EDGE ( 'NONE', *, *, #1483, .T. ) ;
#2151 = AXIS2_PLACEMENT_3D ( 'NONE', #396, #2192, #804 ) ;
#2152 = DIRECTION ( 'NONE',  ( -0.000000000000000000, -0.9396926207859083169, 0.3420201433256692680 ) ) ;
#2153 = CARTESIAN_POINT ( 'NONE',  ( -9.750000000000012434, -127.8846693954434954, 36.30195504878702195 ) ) ;
#2154 = EDGE_CURVE ( 'NONE', #1949, #1572, #2233, .T. ) ;
#2155 = CARTESIAN_POINT ( 'NONE',  ( -3.900000000000001688, 38.92297435756017165, -34.73358651840329969 ) ) ;
#2156 = CARTESIAN_POINT ( 'NONE',  ( -15.00000000000000000, -136.8423555909551510, 40.04116618946477502 ) ) ;
#2157 = CARTESIAN_POINT ( 'NONE',  ( -6.749269901708617958, -134.0913279735466119, 47.59955244859069268 ) ) ;
#2158 = ADVANCED_FACE ( 'NONE', ( #391 ), #932, .F. ) ;
#2159 = ADVANCED_FACE ( 'NONE', ( #2165 ), #1116, .F. ) ;
#2160 = DIRECTION ( 'NONE',  ( 9.888506198066339927E-17, -0.9396926207859097602, 0.3420201433256649381 ) ) ;
#2161 = ORIENTED_EDGE ( 'NONE', *, *, #883, .T. ) ;
#2162 = DIRECTION ( 'NONE',  ( -0.000000000000000000, 0.000000000000000000, 1.000000000000000000 ) ) ;
#2163 = AXIS2_PLACEMENT_3D ( 'NONE', #400, #768, #2069 ) ;
#2164 = CARTESIAN_POINT ( 'NONE',  ( 3.900000000000001688, -140.0989758507645035, 34.89462128211198433 ) ) ;
#2165 = FACE_OUTER_BOUND ( 'NONE', #387, .T. ) ;
#2166 = EDGE_CURVE ( 'NONE', #67, #1259, #919, .T. ) ;
#2167 = DIRECTION ( 'NONE',  ( -0.000000000000000000, 0.9396926207859079838, -0.3420201433256699897 ) ) ;
#2168 = VECTOR ( 'NONE', #568, 1000.000000000000114 ) ;
#2169 = LINE ( 'NONE', #1459, #367 ) ;
#2170 = ORIENTED_EDGE ( 'NONE', *, *, #689, .F. ) ;
#2171 = AXIS2_PLACEMENT_3D ( 'NONE', #513, #1237, #1227 ) ;
#2172 = CARTESIAN_POINT ( 'NONE',  ( 9.516231763884833939, 40.19272696191207928, -31.24496990965271692 ) ) ;
#2173 = ORIENTED_EDGE ( 'NONE', *, *, #634, .F. ) ;
#2174 = DIRECTION ( 'NONE',  ( 0.000000000000000000, 0.3420201433256683798, 0.9396926207859085389 ) ) ;
#2175 = LINE ( 'NONE', #1104, #2117 ) ;
#2176 = AXIS2_PLACEMENT_3D ( 'NONE', #2336, #899, #912 ) ;
#2177 = CARTESIAN_POINT ( 'NONE',  ( -6.749269901708617958, -135.5948361668040718, 48.14678467791176786 ) ) ;
#2178 = ORIENTED_EDGE ( 'NONE', *, *, #1903, .T. ) ;
#2179 =( NAMED_UNIT ( * ) SI_UNIT ( $, .STERADIAN. ) SOLID_ANGLE_UNIT ( ) );
#2180 = CARTESIAN_POINT ( 'NONE',  ( -9.000000000000010658, -138.5588498777673863, 42.63464789623286322 ) ) ;
#2181 = DIRECTION ( 'NONE',  ( 0.000000000000000000, -0.3420201433256816470, -0.9396926207859037650 ) ) ;
#2182 = EDGE_CURVE ( 'NONE', #2232, #1700, #1808, .T. ) ;
#2183 = CARTESIAN_POINT ( 'NONE',  ( -3.900000000000001688, -139.6885516787737060, 36.02225242705507924 ) ) ;
#2184 = ORIENTED_EDGE ( 'NONE', *, *, #885, .F. ) ;
#2185 = DIRECTION ( 'NONE',  ( -0.000000000000000000, 0.9396926207859079838, -0.3420201433256699897 ) ) ;
#2186 = EDGE_CURVE ( 'NONE', #273, #318, #1650, .T. ) ;
#2187 = FACE_OUTER_BOUND ( 'NONE', #1501, .T. ) ;
#2188 = AXIS2_PLACEMENT_3D ( 'NONE', #1522, #941, #2053 ) ;
#2189 =( NAMED_UNIT ( * ) PLANE_ANGLE_UNIT ( ) SI_UNIT ( $, .RADIAN. ) );
#2190 = CARTESIAN_POINT ( 'NONE',  ( 9.516231763884833939, -140.5476156346162497, 34.53913492655947692 ) ) ;
#2191 = ADVANCED_FACE ( 'NONE', ( #2187 ), #18, .F. ) ;
#2192 = DIRECTION ( 'NONE',  ( -0.000000000000000000, -0.9396926207859090940, 0.3420201433256671586 ) ) ;
#2193 = ORIENTED_EDGE ( 'NONE', *, *, #1837, .F. ) ;
#2194 = DIRECTION ( 'NONE',  ( 0.000000000000000000, 0.9396926207859085389, -0.3420201433256683798 ) ) ;
#2195 = DIRECTION ( 'NONE',  ( 0.000000000000000000, 0.3420201433256694346, 0.9396926207859082059 ) ) ;
#2196 = LINE ( 'NONE', #531, #1865 ) ;
#2197 = ORIENTED_EDGE ( 'NONE', *, *, #241, .F. ) ;
#2198 = CARTESIAN_POINT ( 'NONE',  ( -9.750000000000012434, -127.8846693954434954, 36.30195504878702195 ) ) ;
#2199 = DIRECTION ( 'NONE',  ( 0.000000000000000000, -0.9396926207859082059, 0.3420201433256692125 ) ) ;
#2200 = DIRECTION ( 'NONE',  ( 0.000000000000000000, -0.9396926207859070956, 0.3420201433256725432 ) ) ;
#2201 = DIRECTION ( 'NONE',  ( 0.000000000000000000, -0.9396926207859082059, 0.3420201433256692125 ) ) ;
#2202 = VECTOR ( 'NONE', #329, 1000.000000000000114 ) ;
#2203 = ORIENTED_EDGE ( 'NONE', *, *, #811, .T. ) ;
#2204 = CARTESIAN_POINT ( 'NONE',  ( -10.50000000000000888, -138.5588498777673578, 42.63464789623286322 ) ) ;
#2205 = CARTESIAN_POINT ( 'NONE',  ( 12.99999999999999822, -139.9110385712648394, 38.91953999400674036 ) ) ;
#2206 = VERTEX_POINT ( 'NONE', #382 ) ;
#2207 = VECTOR ( 'NONE', #12, 1000.000000000000000 ) ;
#2208 = ORIENTED_EDGE ( 'NONE', *, *, #1327, .F. ) ;
#2209 = DIRECTION ( 'NONE',  ( 0.000000000000000000, -0.9396926207859082059, 0.3420201433256692125 ) ) ;
#2210 = DIRECTION ( 'NONE',  ( -0.000000000000000000, -0.9396926207859082059, 0.3420201433256692125 ) ) ;
#2211 = CARTESIAN_POINT ( 'NONE',  ( -11.54741898790971710, -141.2851797556022291, 29.55818367766474708 ) ) ;
#2212 = ADVANCED_FACE ( 'NONE', ( #1106 ), #567, .F. ) ;
#2213 = VERTEX_POINT ( 'NONE', #1302 ) ;
#2214 = ADVANCED_FACE ( 'NONE', ( #351 ), #845, .F. ) ;
#2215 = FACE_BOUND ( 'NONE', #1240, .T. ) ;
#2216 = ORIENTED_EDGE ( 'NONE', *, *, #1766, .F. ) ;
#2217 = CARTESIAN_POINT ( 'NONE',  ( 9.516231763884833939, -140.4014805776790524, 37.57206165583161805 ) ) ;
#2218 = CARTESIAN_POINT ( 'NONE',  ( -9.000000000000010658, -137.9359572762375876, 39.96032465343669315 ) ) ;
#2219 = DIRECTION ( 'NONE',  ( 0.000000000000000000, -0.3420201433256660484, -0.9396926207859093161 ) ) ;
#2220 = ORIENTED_EDGE ( 'NONE', *, *, #394, .T. ) ;
#2221 = ORIENTED_EDGE ( 'NONE', *, *, #217, .F. ) ;
#2222 = CARTESIAN_POINT ( 'NONE',  ( 14.73426113714388741, -138.9863730843826204, 35.68921500092628918 ) ) ;
#2223 = DIRECTION ( 'NONE',  ( -0.000000000000000000, 0.000000000000000000, 1.000000000000000000 ) ) ;
#2224 = AXIS2_PLACEMENT_3D ( 'NONE', #727, #1617, #882 ) ;
#2225 = VECTOR ( 'NONE', #739, 1000.000000000000114 ) ;
#2226 = DIRECTION ( 'NONE',  ( -0.000000000000000000, -0.9396926207859083169, 0.3420201433256692125 ) ) ;
#2227 = CARTESIAN_POINT ( 'NONE',  ( -2.570772599135003667, -143.9982059909896464, 27.69013979878226195 ) ) ;
#2228 = CARTESIAN_POINT ( 'NONE',  ( 8.649999999999879563, -136.9440988605931295, 42.68543325371586405 ) ) ;
#2229 = ORIENTED_EDGE ( 'NONE', *, *, #1846, .T. ) ;
#2230 = DIRECTION ( 'NONE',  ( 0.000000000000000000, -0.3420201433256660484, -0.9396926207859093161 ) ) ;
#2231 = CARTESIAN_POINT ( 'NONE',  ( -3.900000000000001688, -142.6630915976754181, 31.35833644680197096 ) ) ;
#2232 = VERTEX_POINT ( 'NONE', #80 ) ;
#2233 = CIRCLE ( 'NONE', #1594, 0.9999999999998744338 ) ;
#2234 = ORIENTED_EDGE ( 'NONE', *, *, #1533, .F. ) ;
#2235 = CARTESIAN_POINT ( 'NONE',  ( 14.73176756501711537, -138.9907971625907237, 35.67741562719078985 ) ) ;
#2236 = DIRECTION ( 'NONE',  ( -0.000000000000000000, -0.9396926207859082059, 0.3420201433256692125 ) ) ;
#2237 = EDGE_CURVE ( 'NONE', #731, #564, #227, .T. ) ;
#2238 = LINE ( 'NONE', #616, #2328 ) ;
#2239 = ORIENTED_EDGE ( 'NONE', *, *, #1846, .F. ) ;
#2240 = LINE ( 'NONE', #1289, #852 ) ;
#2241 = ORIENTED_EDGE ( 'NONE', *, *, #281, .T. ) ;
#2242 = CARTESIAN_POINT ( 'NONE',  ( -1.650000000000011680, -137.9359572762375876, 39.96032465343669315 ) ) ;
#2243 = DIRECTION ( 'NONE',  ( 0.000000000000000000, -0.3420201433256660484, -0.9396926207859093161 ) ) ;
#2244 = ORIENTED_EDGE ( 'NONE', *, *, #2115, .T. ) ;
#2245 = EDGE_CURVE ( 'NONE', #210, #53, #2041, .T. ) ;
#2246 = EDGE_LOOP ( 'NONE', ( #457, #32, #2126, #1548 ) ) ;
#2247 = CARTESIAN_POINT ( 'NONE',  ( 9.516231763884833939, -139.8635753479649111, 36.41852016813128756 ) ) ;
#2248 = DIRECTION ( 'NONE',  ( -0.000000000000000000, 0.000000000000000000, 1.000000000000000000 ) ) ;
#2249 = VERTEX_POINT ( 'NONE', #2260 ) ;
#2250 = CIRCLE ( 'NONE', #144, 1.899999999999905764 ) ;
#2251 = CARTESIAN_POINT ( 'NONE',  ( -10.50000000000001066, -137.1493109465885141, 42.12161768124436634 ) ) ;
#2252 = AXIS2_PLACEMENT_3D ( 'NONE', #1538, #766, #1176 ) ;
#2253 = ORIENTED_EDGE ( 'NONE', *, *, #1661, .F. ) ;
#2254 = ORIENTED_EDGE ( 'NONE', *, *, #1195, .F. ) ;
#2255 = CARTESIAN_POINT ( 'NONE',  ( 15.00000000000000000, -131.2712852580012282, 35.24213764297361706 ) ) ;
#2256 = VERTEX_POINT ( 'NONE', #2054 ) ;
#2257 = EDGE_CURVE ( 'NONE', #1406, #1805, #2006, .T. ) ;
#2258 = CARTESIAN_POINT ( 'NONE',  ( -3.600000000000012079, -137.9359572762375876, 39.96032465343669315 ) ) ;
#2259 = CARTESIAN_POINT ( 'NONE',  ( -0.9000000000000121236, 42.24056974781911578, -25.61856809678006996 ) ) ;
#2260 = CARTESIAN_POINT ( 'NONE',  ( 5.100000000000001421, -141.2266069957076127, 35.30504545410280315 ) ) ;
#2261 = ORIENTED_EDGE ( 'NONE', *, *, #1071, .T. ) ;
#2262 = ORIENTED_EDGE ( 'NONE', *, *, #668, .F. ) ;
#2263 = EDGE_CURVE ( 'NONE', #318, #2206, #1563, .T. ) ;
#2264 = VERTEX_POINT ( 'NONE', #639 ) ;
#2265 = CARTESIAN_POINT ( 'NONE',  ( 10.91006238935443839, -141.5093207777451880, 28.96038848270542587 ) ) ;
#2266 = DIRECTION ( 'NONE',  ( 0.000000000000000000, -0.3420201433256660484, -0.9396926207859093161 ) ) ;
#2267 = EDGE_CURVE ( 'NONE', #1045, #648, #1484, .T. ) ;
#2268 = CARTESIAN_POINT ( 'NONE',  ( -3.600000000000012079, -139.3454962074164598, 40.47335486842520424 ) ) ;
#2269 = CIRCLE ( 'NONE', #1551, 14.00000000000000355 ) ;
#2270 = VECTOR ( 'NONE', #379, 999.9999999999998863 ) ;
#2271 = ORIENTED_EDGE ( 'NONE', *, *, #1412, .T. ) ;
#2272 = CARTESIAN_POINT ( 'NONE',  ( -1.785402553131883341, -144.0247410073322385, 27.61723544055585933 ) ) ;
#2273 = CARTESIAN_POINT ( 'NONE',  ( -3.900000000000001688, 40.76988313151880305, -29.65924636615937970 ) ) ;
#2274 = ORIENTED_EDGE ( 'NONE', *, *, #1061, .T. ) ;
#2275 = ADVANCED_FACE ( 'NONE', ( #1329, #257 ), #1690, .F. ) ;
#2276 = DIRECTION ( 'NONE',  ( 0.000000000000000000, -0.9396926207859083169, 0.3420201433256692680 ) ) ;
#2277 = ORIENTED_EDGE ( 'NONE', *, *, #2245, .T. ) ;
#2278 = CARTESIAN_POINT ( 'NONE',  ( 13.54419029650764550, -140.2237215306367375, 32.38917453263275803 ) ) ;
#2279 = CARTESIAN_POINT ( 'NONE',  ( -3.900000000000001688, -141.5354604527323374, 30.94791227481115570 ) ) ;
#2280 = CARTESIAN_POINT ( 'NONE',  ( 0.9999999999999991118, -142.3727122354947880, 24.84663618706118982 ) ) ;
#2281 = PRODUCT_DEFINITION_FORMATION_WITH_SPECIFIED_SOURCE ( 'ANY', '', #412, .NOT_KNOWN. ) ;
#2282 = CARTESIAN_POINT ( 'NONE',  ( 8.319295135575652367, -143.1820084895406637, 29.93262400382853272 ) ) ;
#2283 = ORIENTED_EDGE ( 'NONE', *, *, #1924, .T. ) ;
#2284 = LINE ( 'NONE', #1747, #736 ) ;
#2285 = CARTESIAN_POINT ( 'NONE',  ( 0.9999999999999991118, -136.8423555909551510, 40.04116618946476081 ) ) ;
#2286 = DIRECTION ( 'NONE',  ( 0.000000000000000000, 0.000000000000000000, 1.000000000000000000 ) ) ;
#2287 = ORIENTED_EDGE ( 'NONE', *, *, #2084, .T. ) ;
#2288 = EDGE_CURVE ( 'NONE', #896, #805, #1337, .T. ) ;
#2289 = VECTOR ( 'NONE', #944, 1000.000000000000114 ) ;
#2290 = ORIENTED_EDGE ( 'NONE', *, *, #2113, .F. ) ;
#2291 = CARTESIAN_POINT ( 'NONE',  ( 12.67040057092530425, -140.7511997396423169, 30.98233500249490646 ) ) ;
#2292 = DIRECTION ( 'NONE',  ( 0.000000000000000000, -0.3420201433256660484, -0.9396926207859093161 ) ) ;
#2293 = AXIS2_PLACEMENT_3D ( 'NONE', #894, #174, #360 ) ;
#2294 = DIRECTION ( 'NONE',  ( -0.000000000000000000, -0.9396926207859082059, 0.3420201433256692125 ) ) ;
#2295 = AXIS2_PLACEMENT_3D ( 'NONE', #1623, #1667, #712 ) ;
#2296 = ORIENTED_EDGE ( 'NONE', *, *, #2326, .F. ) ;
#2297 = EDGE_CURVE ( 'NONE', #1655, #950, #819, .T. ) ;
#2298 = FACE_OUTER_BOUND ( 'NONE', #2077, .T. ) ;
#2299 = ORIENTED_EDGE ( 'NONE', *, *, #885, .T. ) ;
#2300 = DIRECTION ( 'NONE',  ( -0.000000000000000000, -0.9396926207859082059, 0.3420201433256692125 ) ) ;
#2301 = DIRECTION ( 'NONE',  ( 0.000000000000000000, -0.3420201433256762624, -0.9396926207859057634 ) ) ;
#2302 = FACE_OUTER_BOUND ( 'NONE', #1930, .T. ) ;
#2303 = ORIENTED_EDGE ( 'NONE', *, *, #1442, .F. ) ;
#2304 = ORIENTED_EDGE ( 'NONE', *, *, #1412, .F. ) ;
#2305 = VECTOR ( 'NONE', #743, 1000.000000000000114 ) ;
#2306 = CARTESIAN_POINT ( 'NONE',  ( -0.9000000000000121236, 43.02721607746817511, -23.45727506897241099 ) ) ;
#2307 = ORIENTED_EDGE ( 'NONE', *, *, #365, .F. ) ;
#2308 = CARTESIAN_POINT ( 'NONE',  ( 23.44999999999999929, -142.9550734199003159, 25.10449461409972827 ) ) ;
#2309 = ORIENTED_EDGE ( 'NONE', *, *, #407, .F. ) ;
#2310 = CARTESIAN_POINT ( 'NONE',  ( 2.649999999999985700, -136.9440988605931295, 42.68543325371587116 ) ) ;
#2311 = CARTESIAN_POINT ( 'NONE',  ( -5.100000000000011191, -138.5588498777673578, 42.63464789623286322 ) ) ;
#2312 = CARTESIAN_POINT ( 'NONE',  ( 1.000000000000000888, -143.6681730518169786, 26.77968839041930948 ) ) ;
#2313 = EDGE_CURVE ( 'NONE', #1304, #869, #1355, .T. ) ;
#2314 = VECTOR ( 'NONE', #978, 1000.000000000000114 ) ;
#2315 = ORIENTED_EDGE ( 'NONE', *, *, #26, .F. ) ;
#2316 = DIRECTION ( 'NONE',  ( 0.000000000000000000, -0.3420201433256660484, -0.9396926207859093161 ) ) ;
#2317 = ORIENTED_EDGE ( 'NONE', *, *, #195, .F. ) ;
#2318 = VERTEX_POINT ( 'NONE', #437 ) ;
#2319 = CARTESIAN_POINT ( 'NONE',  ( -0.9999999999999991118, -142.9550734199256397, 25.10449461411093708 ) ) ;
#2320 = ADVANCED_FACE ( 'NONE', ( #51 ), #2028, .F. ) ;
#2321 = PLANE ( 'NONE',  #547 ) ;
#2322 = ADVANCED_FACE ( 'NONE', ( #1165 ), #453, .T. ) ;
#2323 = CARTESIAN_POINT ( 'NONE',  ( -12.99999999999999822, -139.9110385712648394, 38.91953999400674036 ) ) ;
#2324 = AXIS2_PLACEMENT_3D ( 'NONE', #1681, #1530, #2248 ) ;
#2325 = PLANE ( 'NONE',  #578 ) ;
#2326 = EDGE_CURVE ( 'NONE', #1339, #904, #285, .T. ) ;
#2327 = ORIENTED_EDGE ( 'NONE', *, *, #1384, .T. ) ;
#2328 = VECTOR ( 'NONE', #1170, 1000.000000000000227 ) ;
#2329 = PLANE ( 'NONE',  #1436 ) ;
#2330 = AXIS2_PLACEMENT_3D ( 'NONE', #1832, #2200, #2181 ) ;
#2331 = ORIENTED_EDGE ( 'NONE', *, *, #134, .F. ) ;
#2332 = DIRECTION ( 'NONE',  ( 0.000000000000000000, 0.9396926207859090940, -0.3420201433256671586 ) ) ;
#2333 = DIRECTION ( 'NONE',  ( 1.086737899653010033E-15, 0.3420201433256691570, 0.9396926207859082059 ) ) ;
#2334 = ORIENTED_EDGE ( 'NONE', *, *, #2029, .F. ) ;
#2335 = EDGE_CURVE ( 'NONE', #966, #101, #2106, .T. ) ;
#2336 = CARTESIAN_POINT ( 'NONE',  ( -1.650000000000011680, -139.3454962074164598, 40.47335486842520424 ) ) ;
#2337 = CARTESIAN_POINT ( 'NONE',  ( -6.749269901708617958, -136.1327413965182700, 49.30032616561209835 ) ) ;
ENDSEC;
END-ISO-10303-21;
